Scheduler started.
[MEMCACHED] cores updated to: ['0', '1', '2']
[radix] started on cores: [3] with 1 threads.
[monitor] ['21%', '29%', '21%', '100%']  memcached=70.0%
[MEMCACHED] cores updated to: ['0']
[barnes] started on cores: [1, 2] with 2 threads.
[monitor] ['85%', '73%', '49%', '100%']  memcached=85.3%
[MEMCACHED] cores updated to: ['0', '3']
[radix] paused.
[monitor] ['35%', '82%', '34%', '39%']  memcached=73.9%
[MEMCACHED] cores updated to: ['0']
[radix] unpaused.
[monitor] ['74%', '100%', '6%', '100%']  memcached=74.2%
[monitor] ['73%', '100%', '6%', '100%']  memcached=73.3%
[monitor] ['78%', '100%', '74%', '100%']  memcached=78.1%
[monitor] ['92%', '100%', '100%', '100%']  memcached=91.7%
[MEMCACHED] cores updated to: ['0', '3']
[radix] paused.
[monitor] ['100%', '100%', '98%', '100%']  memcached=200.0%
[MEMCACHED] cores updated to: ['0', '1', '3']
[radix] unpaused.
[radix] cores updated to: [2]
[barnes] paused.
[monitor] ['71%', '78%', '100%', '90%']  memcached=238.1%
[monitor] ['55%', '66%', '100%', '76%']  memcached=197.3%
[monitor] ['67%', '73%', '100%', '79%']  memcached=218.8%
[monitor] ['58%', '65%', '100%', '77%']  memcached=199.7%
[monitor] ['71%', '74%', '100%', '84%']  memcached=228.3%
[monitor] ['60%', '74%', '100%', '76%']  memcached=210.8%
[monitor] ['70%', '74%', '100%', '81%']  memcached=224.8%
[monitor] ['79%', '77%', '100%', '89%']  memcached=246.0%
[monitor] ['73%', '83%', '100%', '92%']  memcached=247.9%
[monitor] ['70%', '77%', '100%', '84%']  memcached=231.1%
[monitor] ['45%', '53%', '100%', '59%']  memcached=157.7%
[MEMCACHED] cores updated to: ['0', '3']
[radix] paused.
[barnes] unpaused.
[monitor] ['60%', '100%', '100%', '65%']  memcached=124.5%
[monitor] ['74%', '100%', '100%', '76%']  memcached=150.8%
[monitor] ['61%', '78%', '100%', '66%']  memcached=126.9%
[monitor] ['48%', '100%', '100%', '55%']  memcached=103.3%
[monitor] ['52%', '100%', '100%', '52%']  memcached=103.4%
[monitor] ['54%', '100%', '100%', '55%']  memcached=108.4%
[monitor] ['54%', '100%', '100%', '55%']  memcached=108.7%
[monitor] ['52%', '100%', '100%', '48%']  memcached=100.0%
[monitor] ['46%', '100%', '100%', '48%']  memcached=94.3%
[monitor] ['46%', '100%', '100%', '44%']  memcached=90.9%
[monitor] ['50%', '100%', '100%', '43%']  memcached=92.9%
[monitor] ['31%', '100%', '100%', '24%']  memcached=54.8%
[MEMCACHED] cores updated to: ['0']
[radix] unpaused.
[radix] cores updated to: [3]
[monitor] ['56%', '100%', '100%', '100%']  memcached=55.6%
[monitor] ['44%', '100%', '100%', '100%']  memcached=44.0%
[monitor] ['58%', '100%', '100%', '100%']  memcached=57.7%
[monitor] ['52%', '100%', '100%', '100%']  memcached=52.0%
[monitor] ['56%', '100%', '100%', '100%']  memcached=55.6%
[monitor] ['52%', '100%', '100%', '100%']  memcached=52.0%
[monitor] ['54%', '100%', '100%', '100%']  memcached=53.8%
[monitor] ['54%', '100%', '100%', '100%']  memcached=53.8%
[monitor] ['54%', '100%', '100%', '100%']  memcached=53.8%
[monitor] ['56%', '100%', '100%', '100%']  memcached=55.6%
[monitor] ['50%', '100%', '100%', '100%']  memcached=50.0%
[monitor] ['63%', '100%', '100%', '100%']  memcached=63.0%
[monitor] ['83%', '100%', '100%', '100%']  memcached=83.3%
[monitor] ['89%', '100%', '100%', '100%']  memcached=88.9%
[MEMCACHED] cores updated to: ['0', '3']
[radix] paused.
[monitor] ['41%', '100%', '100%', '26%']  memcached=66.7%
[MEMCACHED] cores updated to: ['0']
[radix] unpaused.
[monitor] ['82%', '100%', '100%', '100%']  memcached=82.4%
[monitor] ['82%', '100%', '100%', '100%']  memcached=81.8%
[monitor] ['88%', '100%', '100%', '100%']  memcached=87.9%
[MEMCACHED] cores updated to: ['0', '3']
[radix] paused.
[monitor] ['48%', '100%', '100%', '37%']  memcached=85.3%
[monitor] ['32%', '100%', '100%', '34%']  memcached=66.5%
[MEMCACHED] cores updated to: ['0']
[radix] unpaused.
[monitor] ['81%', '100%', '100%', '100%']  memcached=81.2%
[monitor] ['79%', '100%', '100%', '100%']  memcached=78.8%
[monitor] ['83%', '100%', '100%', '100%']  memcached=82.9%
[monitor] ['66%', '100%', '100%', '100%']  memcached=65.5%
[monitor] ['54%', '100%', '100%', '100%']  memcached=53.8%
[monitor] ['54%', '100%', '100%', '100%']  memcached=53.8%
[monitor] ['64%', '100%', '100%', '100%']  memcached=64.3%
[monitor] ['56%', '100%', '100%', '100%']  memcached=55.6%
[monitor] ['50%', '100%', '100%', '100%']  memcached=50.0%
[monitor] ['44%', '100%', '100%', '100%']  memcached=44.0%
[monitor] ['56%', '100%', '100%', '100%']  memcached=56.0%
[monitor] ['56%', '100%', '100%', '100%']  memcached=55.6%
[monitor] ['54%', '100%', '100%', '100%']  memcached=53.8%
[monitor] ['61%', '100%', '100%', '100%']  memcached=60.7%
[monitor] ['42%', '100%', '100%', '100%']  memcached=41.7%
[monitor] ['69%', '100%', '100%', '100%']  memcached=69.0%
[monitor] ['100%', '100%', '100%', '100%']  memcached=100.0%
[MEMCACHED] cores updated to: ['0', '1', '2']
[barnes] paused.
[monitor] ['98%', '100%', '100%', '100%']  memcached=297.5%
[monitor] ['76%', '95%', '79%', '100%']  memcached=250.2%
[monitor] ['80%', '80%', '83%', '100%']  memcached=242.9%
[monitor] ['70%', '79%', '76%', '100%']  memcached=225.6%
[monitor] ['65%', '73%', '69%', '100%']  memcached=206.0%
[monitor] ['65%', '78%', '73%', '100%']  memcached=215.0%
[monitor] ['64%', '73%', '70%', '100%']  memcached=206.1%
[monitor] ['67%', '76%', '74%', '100%']  memcached=216.7%
[monitor] ['68%', '77%', '72%', '100%']  memcached=216.8%
[monitor] ['62%', '68%', '69%', '100%']  memcached=198.8%
[monitor] ['67%', '76%', '72%', '100%']  memcached=215.0%
[monitor] ['69%', '79%', '74%', '100%']  memcached=221.7%
[monitor] ['65%', '80%', '73%', '100%']  memcached=217.2%
[monitor] ['65%', '74%', '70%', '100%']  memcached=207.7%
[monitor] ['61%', '74%', '68%', '100%']  memcached=202.6%
[monitor] ['70%', '79%', '77%', '100%']  memcached=226.3%
[monitor] ['63%', '76%', '69%', '100%']  memcached=207.8%
[monitor] ['67%', '78%', '71%', '100%']  memcached=215.4%
[monitor] ['76%', '71%', '83%', '100%']  memcached=230.8%
[monitor] ['82%', '81%', '86%', '100%']  memcached=249.4%
[monitor] ['65%', '76%', '72%', '100%']  memcached=212.9%
[monitor] ['71%', '76%', '74%', '100%']  memcached=220.6%
[monitor] ['67%', '76%', '76%', '100%']  memcached=219.6%
[monitor] ['62%', '65%', '69%', '100%']  memcached=195.6%
[monitor] ['58%', '65%', '60%', '100%']  memcached=182.1%
[monitor] ['57%', '62%', '60%', '100%']  memcached=179.2%
[monitor] ['59%', '69%', '70%', '100%']  memcached=197.1%
[monitor] ['55%', '67%', '61%', '100%']  memcached=183.1%
[monitor] ['59%', '63%', '67%', '100%']  memcached=188.6%
[monitor] ['58%', '68%', '66%', '100%']  memcached=191.4%
[monitor] ['57%', '66%', '61%', '100%']  memcached=183.7%
[monitor] ['48%', '59%', '59%', '100%']  memcached=166.3%
[monitor] ['57%', '66%', '62%', '100%']  memcached=184.8%
[monitor] ['61%', '74%', '65%', '100%']  memcached=199.3%
[monitor] ['55%', '62%', '60%', '100%']  memcached=177.3%
[monitor] ['39%', '42%', '39%', '100%']  memcached=120.5%
[MEMCACHED] cores updated to: ['0', '2']
[radix] paused.
[barnes] unpaused.
[barnes] cores updated to: [1, 3]
[monitor] ['26%', '100%', '18%', '100%']  memcached=43.7%
[MEMCACHED] cores updated to: ['0']
[radix] unpaused.
[radix] cores updated to: [2]
[monitor] ['42%', '100%', '100%', '100%']  memcached=41.7%
[monitor] ['54%', '100%', '100%', '100%']  memcached=53.8%
[monitor] ['44%', '100%', '100%', '100%']  memcached=44.0%
[monitor] ['27%', '100%', '100%', '100%']  memcached=27.3%
[monitor] ['66%', '100%', '100%', '100%']  memcached=65.5%
[monitor] ['39%', '100%', '100%', '100%']  memcached=39.1%
[monitor] ['48%', '100%', '100%', '100%']  memcached=48.0%
[monitor] ['48%', '100%', '100%', '100%']  memcached=48.0%
[monitor] ['42%', '100%', '100%', '100%']  memcached=41.7%
[monitor] ['46%', '100%', '100%', '85%']  memcached=45.8%
[monitor] ['20%', '100%', '100%', '100%']  memcached=20.0%
[monitor] ['14%', '100%', '100%', '88%']  memcached=13.9%
[monitor] ['9%', '100%', '100%', '100%']  memcached=9.1%
[monitor] ['11%', '100%', '100%', '100%']  memcached=11.4%
[monitor] ['9%', '100%', '100%', '100%']  memcached=9.1%
[monitor] ['22%', '100%', '100%', '100%']  memcached=22.2%
[monitor] ['6%', '100%', '100%', '100%']  memcached=6.1%
[monitor] ['12%', '100%', '100%', '100%']  memcached=11.8%
[monitor] ['12%', '100%', '100%', '100%']  memcached=11.8%
[monitor] ['12%', '100%', '100%', '100%']  memcached=12.1%
[monitor] ['10%', '100%', '100%', '100%']  memcached=9.7%
[monitor] ['9%', '100%', '100%', '100%']  memcached=9.1%
[monitor] ['42%', '100%', '100%', '100%']  memcached=41.7%
[monitor] ['100%', '100%', '100%', '100%']  memcached=100.0%
[MEMCACHED] cores updated to: ['0', '1', '3']
[barnes] paused.
[monitor] ['73%', '61%', '100%', '76%']  memcached=210.5%
[monitor] ['46%', '38%', '100%', '45%']  memcached=129.2%
[MEMCACHED] cores updated to: ['0', '3']
[radix] paused.
[barnes] unpaused.
[barnes] cores updated to: [1, 2]
[monitor] ['67%', '100%', '100%', '57%']  memcached=123.3%
[monitor] ['59%', '100%', '100%', '59%']  memcached=118.0%
[monitor] ['67%', '100%', '100%', '55%']  memcached=121.8%
[monitor] ['57%', '100%', '100%', '59%']  memcached=115.8%
[monitor] ['54%', '100%', '100%', '65%']  memcached=118.1%
[monitor] ['62%', '100%', '100%', '58%']  memcached=120.1%
[monitor] ['60%', '100%', '100%', '73%']  memcached=132.7%
[monitor] ['66%', '100%', '100%', '60%']  memcached=125.6%
[monitor] ['42%', '100%', '100%', '44%']  memcached=86.5%
[monitor] ['14%', '100%', '100%', '3%']  memcached=16.5%
[MEMCACHED] cores updated to: ['0']
[radix] unpaused.
[radix] cores updated to: [3]
[monitor] ['7%', '100%', '100%', '100%']  memcached=6.7%
[monitor] ['3%', '100%', '100%', '100%']  memcached=3.4%
[monitor] ['10%', '100%', '100%', '100%']  memcached=10.0%
[monitor] ['21%', '100%', '100%', '100%']  memcached=21.2%
[monitor] ['13%', '100%', '100%', '100%']  memcached=12.9%
[monitor] ['7%', '100%', '100%', '100%']  memcached=6.9%
[monitor] ['31%', '100%', '100%', '95%']  memcached=31.2%
[radix] ended.
[blackscholes] started on cores: [3] with 3 threads.
[monitor] ['10%', '100%', '100%', '100%']  memcached=10.0%
[monitor] ['18%', '100%', '100%', '100%']  memcached=17.6%
[monitor] ['27%', '100%', '100%', '100%']  memcached=26.7%
[monitor] ['86%', '100%', '100%', '100%']  memcached=86.1%
[MEMCACHED] cores updated to: ['0', '3']
[blackscholes] paused.
[monitor] ['43%', '100%', '100%', '38%']  memcached=80.8%
[monitor] ['40%', '100%', '100%', '41%']  memcached=81.4%
[monitor] ['24%', '100%', '100%', '23%']  memcached=47.1%
[MEMCACHED] cores updated to: ['0']
[blackscholes] unpaused.
[monitor] ['59%', '100%', '100%', '100%']  memcached=59.3%
[monitor] ['68%', '100%', '100%', '100%']  memcached=67.9%
[monitor] ['74%', '100%', '100%', '100%']  memcached=74.2%
[monitor] ['70%', '100%', '100%', '100%']  memcached=70.0%
[monitor] ['79%', '100%', '100%', '100%']  memcached=79.4%
[monitor] ['59%', '100%', '100%', '100%']  memcached=59.3%
[monitor] ['68%', '100%', '100%', '100%']  memcached=67.9%
[monitor] ['71%', '100%', '100%', '100%']  memcached=71.4%
[monitor] ['8%', '100%', '100%', '100%']  memcached=7.7%
[monitor] ['4%', '100%', '100%', '100%']  memcached=4.0%
[monitor] ['11%', '100%', '100%', '100%']  memcached=11.1%
[monitor] ['11%', '100%', '100%', '100%']  memcached=11.1%
[monitor] ['8%', '100%', '38%', '100%']  memcached=7.7%
[monitor] ['7%', '100%', '3%', '100%']  memcached=7.1%
[monitor] ['7%', '100%', '0%', '100%']  memcached=7.1%
[monitor] ['4%', '100%', '5%', '100%']  memcached=3.7%
[monitor] ['4%', '100%', '0%', '100%']  memcached=3.8%
[monitor] ['4%', '97%', '36%', '100%']  memcached=3.8%
[monitor] ['8%', '100%', '100%', '100%']  memcached=7.7%
[monitor] ['4%', '100%', '66%', '100%']  memcached=3.8%
[monitor] ['92%', '100%', '100%', '100%']  memcached=92.3%
[MEMCACHED] cores updated to: ['0', '3']
[blackscholes] paused.
[monitor] ['100%', '100%', '100%', '100%']  memcached=200.0%
[MEMCACHED] cores updated to: ['0', '2', '3']
[barnes] paused.
[blackscholes] unpaused.
[blackscholes] cores updated to: [1]
[monitor] ['62%', '100%', '85%', '84%']  memcached=231.6%
[monitor] ['61%', '100%', '100%', '76%']  memcached=237.8%
[monitor] ['64%', '100%', '100%', '84%']  memcached=247.4%
[monitor] ['59%', '100%', '100%', '77%']  memcached=235.8%
[monitor] ['8%', '100%', '44%', '3%']  memcached=55.4%
[MEMCACHED] cores updated to: ['0']
[barnes] unpaused.
[barnes] cores updated to: [2, 3]
[monitor] ['9%', '100%', '100%', '100%']  memcached=9.1%
[monitor] ['6%', '100%', '100%', '100%']  memcached=6.2%
[monitor] ['9%', '100%', '100%', '100%']  memcached=9.1%
[monitor] ['12%', '100%', '100%', '100%']  memcached=12.5%
[monitor] ['12%', '100%', '100%', '100%']  memcached=11.8%
[monitor] ['6%', '100%', '100%', '100%']  memcached=6.5%
[monitor] ['9%', '100%', '100%', '100%']  memcached=9.1%
[monitor] ['9%', '100%', '100%', '100%']  memcached=9.1%
[monitor] ['6%', '100%', '100%', '100%']  memcached=6.2%
[monitor] ['6%', '100%', '100%', '100%']  memcached=6.2%
[monitor] ['11%', '100%', '100%', '100%']  memcached=10.7%
[monitor] ['7%', '100%', '100%', '100%']  memcached=6.9%
[monitor] ['10%', '100%', '100%', '100%']  memcached=10.0%
[monitor] ['7%', '100%', '100%', '100%']  memcached=7.1%
[monitor] ['7%', '100%', '100%', '100%']  memcached=7.1%
[monitor] ['10%', '100%', '100%', '100%']  memcached=10.3%
[monitor] ['0%', '100%', '100%', '100%']  memcached=0.0%
[monitor] ['7%', '100%', '100%', '100%']  memcached=7.1%
[monitor] ['14%', '100%', '100%', '100%']  memcached=13.8%
[monitor] ['47%', '100%', '100%', '100%']  memcached=46.7%
[monitor] ['10%', '100%', '100%', '100%']  memcached=10.3%
[monitor] ['7%', '100%', '100%', '100%']  memcached=7.4%
[monitor] ['14%', '100%', '100%', '100%']  memcached=13.8%
[monitor] ['58%', '100%', '100%', '100%']  memcached=57.6%
[monitor] ['100%', '100%', '100%', '100%']  memcached=100.0%
[MEMCACHED] cores updated to: ['0', '2', '3']
[barnes] paused.
[monitor] ['83%', '100%', '74%', '83%']  memcached=240.2%
[monitor] ['50%', '100%', '52%', '59%']  memcached=161.0%
[monitor] ['50%', '100%', '55%', '67%']  memcached=171.5%
[monitor] ['52%', '100%', '56%', '61%']  memcached=169.3%
[monitor] ['52%', '100%', '55%', '61%']  memcached=167.9%
[monitor] ['46%', '100%', '50%', '56%']  memcached=152.7%
[MEMCACHED] cores updated to: ['0', '3']
[barnes] unpaused.
[barnes] cores updated to: [1, 2]
[blackscholes] paused.
[monitor] ['76%', '100%', '100%', '81%']  memcached=157.0%
[monitor] ['80%', '100%', '100%', '83%']  memcached=162.9%
[monitor] ['86%', '100%', '100%', '84%']  memcached=170.3%
[MEMCACHED] cores updated to: ['0', '1', '3']
[barnes] paused.
[blackscholes] unpaused.
[blackscholes] cores updated to: [2]
[monitor] ['35%', '44%', '100%', '48%']  memcached=127.7%
[MEMCACHED] cores updated to: ['0', '3']
[barnes] unpaused.
[blackscholes] paused.
[monitor] ['5%', '100%', '100%', '0%']  memcached=5.3%
[MEMCACHED] cores updated to: ['0']
[blackscholes] unpaused.
[blackscholes] cores updated to: [3]
[monitor] ['15%', '100%', '100%', '100%']  memcached=15.4%
[monitor] ['13%', '100%', '100%', '100%']  memcached=12.8%
[monitor] ['11%', '100%', '100%', '100%']  memcached=10.8%
[monitor] ['6%', '100%', '100%', '100%']  memcached=5.7%
[monitor] ['6%', '100%', '100%', '100%']  memcached=5.7%
[monitor] ['8%', '100%', '100%', '100%']  memcached=8.1%
[monitor] ['3%', '100%', '100%', '100%']  memcached=2.9%
[monitor] ['11%', '100%', '100%', '100%']  memcached=10.8%
[monitor] ['6%', '100%', '100%', '100%']  memcached=5.7%
[monitor] ['17%', '100%', '21%', '100%']  memcached=17.1%
[monitor] ['22%', '100%', '0%', '100%']  memcached=22.5%
[monitor] ['79%', '100%', '3%', '100%']  memcached=78.8%
[monitor] ['77%', '100%', '3%', '100%']  memcached=77.4%
[monitor] ['74%', '100%', '6%', '100%']  memcached=74.2%
[monitor] ['82%', '100%', '3%', '100%']  memcached=82.4%
[monitor] ['82%', '100%', '9%', '100%']  memcached=81.8%
[monitor] ['78%', '100%', '3%', '100%']  memcached=78.1%
[monitor] ['78%', '100%', '6%', '100%']  memcached=78.1%
[monitor] ['77%', '100%', '6%', '100%']  memcached=76.7%
[monitor] ['76%', '100%', '3%', '100%']  memcached=75.8%
[monitor] ['81%', '100%', '53%', '100%']  memcached=80.6%
[monitor] ['92%', '100%', '100%', '100%']  memcached=91.7%
[MEMCACHED] cores updated to: ['0', '3']
[blackscholes] paused.
[monitor] ['54%', '100%', '76%', '52%']  memcached=105.3%
[monitor] ['20%', '100%', '100%', '9%']  memcached=29.4%
[MEMCACHED] cores updated to: ['0']
[blackscholes] unpaused.
[monitor] ['8%', '100%', '100%', '100%']  memcached=7.7%
[monitor] ['12%', '100%', '100%', '100%']  memcached=11.5%
[monitor] ['4%', '100%', '100%', '100%']  memcached=4.0%
[monitor] ['4%', '100%', '100%', '100%']  memcached=4.0%
[monitor] ['8%', '100%', '100%', '100%']  memcached=7.7%
[monitor] ['4%', '100%', '100%', '100%']  memcached=3.8%
[monitor] ['12%', '100%', '100%', '100%']  memcached=11.5%
[monitor] ['4%', '100%', '100%', '100%']  memcached=4.0%
[monitor] ['7%', '100%', '100%', '100%']  memcached=7.4%
[monitor] ['8%', '100%', '100%', '100%']  memcached=7.7%
[monitor] ['8%', '100%', '100%', '100%']  memcached=7.7%
[monitor] ['86%', '100%', '100%', '100%']  memcached=86.1%
[MEMCACHED] cores updated to: ['0', '3']
[blackscholes] paused.
[monitor] ['100%', '100%', '100%', '100%']  memcached=200.0%
[MEMCACHED] cores updated to: ['0', '1', '3']
[barnes] paused.
[blackscholes] unpaused.
[blackscholes] cores updated to: [2]
[monitor] ['61%', '73%', '100%', '95%']  memcached=228.6%
[monitor] ['55%', '62%', '100%', '71%']  memcached=188.3%
[monitor] ['63%', '81%', '100%', '89%']  memcached=233.9%
[monitor] ['66%', '89%', '100%', '95%']  memcached=250.0%
[monitor] ['61%', '76%', '100%', '81%']  memcached=218.3%
[monitor] ['67%', '95%', '100%', '100%']  memcached=261.5%
[monitor] ['59%', '68%', '100%', '78%']  memcached=204.8%
[monitor] ['55%', '67%', '100%', '76%']  memcached=197.3%
[monitor] ['53%', '66%', '100%', '72%']  memcached=190.8%
[monitor] ['55%', '66%', '100%', '75%']  memcached=195.8%
[monitor] ['18%', '10%', '100%', '4%']  memcached=31.2%
[MEMCACHED] cores updated to: ['0']
[barnes] unpaused.
[barnes] cores updated to: [1, 3]
[monitor] ['26%', '100%', '100%', '100%']  memcached=26.1%
[monitor] ['27%', '100%', '100%', '100%']  memcached=27.3%
[monitor] ['29%', '100%', '100%', '100%']  memcached=29.2%
[monitor] ['15%', '100%', '100%', '100%']  memcached=15.0%
[monitor] ['22%', '100%', '100%', '100%']  memcached=21.7%
[monitor] ['23%', '100%', '100%', '100%']  memcached=22.7%
[monitor] ['30%', '100%', '100%', '100%']  memcached=30.4%
[monitor] ['28%', '100%', '100%', '100%']  memcached=28.0%
[monitor] ['30%', '100%', '100%', '100%']  memcached=30.4%
[monitor] ['22%', '100%', '100%', '100%']  memcached=21.7%
[monitor] ['23%', '100%', '100%', '100%']  memcached=22.7%
[monitor] ['95%', '100%', '100%', '100%']  memcached=94.7%
[MEMCACHED] cores updated to: ['0', '2']
[blackscholes] paused.
[monitor] ['62%', '100%', '70%', '100%']  memcached=132.2%
[monitor] ['71%', '100%', '70%', '100%']  memcached=140.3%
[monitor] ['67%', '100%', '69%', '100%']  memcached=135.2%
[monitor] ['67%', '100%', '66%', '100%']  memcached=132.3%
[monitor] ['71%', '100%', '74%', '100%']  memcached=145.7%
[monitor] ['69%', '100%', '70%', '100%']  memcached=138.4%
[monitor] ['67%', '100%', '64%', '100%']  memcached=130.3%
[monitor] ['65%', '100%', '66%', '100%']  memcached=130.1%
[monitor] ['64%', '100%', '67%', '100%']  memcached=130.3%
[monitor] ['69%', '100%', '71%', '100%']  memcached=139.3%
[monitor] ['71%', '100%', '71%', '100%']  memcached=141.2%
[monitor] ['66%', '100%', '69%', '100%']  memcached=134.4%
[monitor] ['64%', '100%', '67%', '100%']  memcached=130.3%
[monitor] ['67%', '100%', '66%', '100%']  memcached=132.3%
[monitor] ['69%', '100%', '67%', '100%']  memcached=135.4%
[monitor] ['69%', '100%', '68%', '100%']  memcached=137.1%
[monitor] ['71%', '100%', '71%', '100%']  memcached=142.4%
[monitor] ['66%', '100%', '66%', '100%']  memcached=131.2%
[monitor] ['68%', '100%', '68%', '100%']  memcached=135.3%
[monitor] ['70%', '100%', '68%', '100%']  memcached=137.3%
[monitor] ['74%', '100%', '68%', '100%']  memcached=141.2%
[monitor] ['72%', '100%', '70%', '100%']  memcached=141.6%
[monitor] ['72%', '100%', '73%', '100%']  memcached=144.6%
[monitor] ['61%', '100%', '61%', '100%']  memcached=121.9%
[monitor] ['43%', '100%', '43%', '100%']  memcached=86.2%
[monitor] ['38%', '100%', '47%', '100%']  memcached=84.6%
[monitor] ['47%', '100%', '53%', '100%']  memcached=99.8%
[monitor] ['42%', '100%', '44%', '100%']  memcached=86.4%
[monitor] ['39%', '100%', '50%', '100%']  memcached=89.3%
[monitor] ['38%', '100%', '47%', '100%']  memcached=84.6%
[monitor] ['39%', '100%', '45%', '100%']  memcached=84.1%
[monitor] ['43%', '100%', '46%', '100%']  memcached=89.8%
[monitor] ['38%', '100%', '48%', '100%']  memcached=86.3%
[monitor] ['43%', '100%', '50%', '100%']  memcached=93.3%
[monitor] ['50%', '92%', '48%', '71%']  memcached=98.4%
[barnes] ended.
[MEMCACHED] cores updated to: ['0', '3']
[blackscholes] unpaused.
[blackscholes] cores updated to: [1, 2]
[monitor] ['41%', '100%', '100%', '46%']  memcached=86.9%
[monitor] ['48%', '100%', '100%', '61%']  memcached=109.0%
[monitor] ['47%', '100%', '100%', '52%']  memcached=98.4%
[monitor] ['59%', '100%', '100%', '58%']  memcached=117.4%
[monitor] ['50%', '100%', '100%', '55%']  memcached=104.8%
[monitor] ['50%', '100%', '100%', '59%']  memcached=109.4%
[monitor] ['47%', '100%', '100%', '61%']  memcached=108.0%
[monitor] ['48%', '100%', '100%', '55%']  memcached=103.1%
[monitor] ['52%', '100%', '100%', '58%']  memcached=109.3%
[monitor] ['52%', '100%', '100%', '60%']  memcached=111.7%
[monitor] ['48%', '100%', '100%', '56%']  memcached=104.5%
[monitor] ['50%', '100%', '100%', '52%']  memcached=101.7%
[monitor] ['41%', '100%', '100%', '48%']  memcached=89.8%
[monitor] ['24%', '100%', '100%', '15%']  memcached=39.1%
[MEMCACHED] cores updated to: ['0']
[blackscholes] cores updated to: [3, 1, 2]
[monitor] ['35%', '100%', '100%', '100%']  memcached=34.8%
[monitor] ['38%', '100%', '100%', '100%']  memcached=38.5%
[monitor] ['48%', '100%', '100%', '100%']  memcached=48.0%
[monitor] ['54%', '100%', '100%', '100%']  memcached=53.8%
[monitor] ['33%', '100%', '100%', '100%']  memcached=33.3%
[monitor] ['56%', '100%', '100%', '100%']  memcached=56.0%
[monitor] ['56%', '100%', '100%', '100%']  memcached=55.6%
[monitor] ['61%', '100%', '100%', '100%']  memcached=60.7%
[monitor] ['36%', '100%', '100%', '100%']  memcached=36.4%
[monitor] ['46%', '100%', '100%', '100%']  memcached=46.2%
[monitor] ['40%', '100%', '100%', '100%']  memcached=40.0%
[monitor] ['100%', '100%', '100%', '100%']  memcached=100.0%
[MEMCACHED] cores updated to: ['0', '1', '3']
[blackscholes] cores updated to: [2]
[monitor] ['58%', '66%', '100%', '71%']  memcached=194.3%
[monitor] ['47%', '58%', '100%', '66%']  memcached=170.4%
[monitor] ['53%', '64%', '100%', '68%']  memcached=184.4%
[monitor] ['50%', '61%', '100%', '67%']  memcached=177.3%
[monitor] ['48%', '67%', '100%', '76%']  memcached=190.7%
[monitor] ['53%', '65%', '100%', '67%']  memcached=184.5%
[monitor] ['52%', '55%', '100%', '71%']  memcached=178.2%
[monitor] ['48%', '66%', '100%', '74%']  memcached=187.4%
[monitor] ['50%', '58%', '100%', '71%']  memcached=178.7%
[monitor] ['48%', '64%', '100%', '73%']  memcached=184.6%
[monitor] ['50%', '55%', '100%', '67%']  memcached=171.5%
[monitor] ['22%', '18%', '100%', '24%']  memcached=63.9%
[MEMCACHED] cores updated to: ['0']
[blackscholes] cores updated to: [3, 1, 2]
[monitor] ['67%', '100%', '100%', '100%']  memcached=66.7%
[monitor] ['71%', '100%', '100%', '100%']  memcached=71.0%
[monitor] ['64%', '100%', '100%', '100%']  memcached=64.3%
[monitor] ['64%', '100%', '100%', '100%']  memcached=64.3%
[monitor] ['66%', '100%', '100%', '100%']  memcached=65.5%
[monitor] ['70%', '100%', '100%', '100%']  memcached=70.0%
[monitor] ['58%', '100%', '100%', '100%']  memcached=57.7%
[monitor] ['68%', '100%', '100%', '100%']  memcached=67.9%
[monitor] ['78%', '100%', '100%', '100%']  memcached=78.1%
[monitor] ['58%', '100%', '100%', '100%']  memcached=57.7%
[monitor] ['62%', '100%', '100%', '100%']  memcached=62.1%
[monitor] ['74%', '100%', '100%', '100%']  memcached=74.2%
[monitor] ['77%', '100%', '100%', '100%']  memcached=77.4%
[monitor] ['86%', '100%', '100%', '100%']  memcached=85.7%
[MEMCACHED] cores updated to: ['0', '2']
[blackscholes] cores updated to: [3, 1]
[monitor] ['38%', '100%', '43%', '100%']  memcached=81.8%
[monitor] ['45%', '100%', '41%', '100%']  memcached=86.2%
[monitor] ['42%', '100%', '43%', '100%']  memcached=85.2%
[monitor] ['37%', '100%', '44%', '100%']  memcached=81.5%
[monitor] ['37%', '100%', '46%', '100%']  memcached=83.5%
[monitor] ['45%', '100%', '48%', '100%']  memcached=93.1%
[monitor] ['45%', '100%', '50%', '100%']  memcached=94.8%
[monitor] ['39%', '100%', '46%', '100%']  memcached=85.1%
[monitor] ['41%', '100%', '48%', '100%']  memcached=89.7%
[monitor] ['33%', '100%', '31%', '100%']  memcached=64.1%
[MEMCACHED] cores updated to: ['0']
[blackscholes] cores updated to: [3, 1, 2]
[monitor] ['36%', '100%', '3%', '58%']  memcached=36.0%
[monitor] ['36%', '100%', '3%', '3%']  memcached=36.0%
[monitor] ['48%', '43%', '68%', '0%']  memcached=48.0%
[monitor] ['48%', '3%', '100%', '3%']  memcached=48.1%
[monitor] ['30%', '3%', '100%', '3%']  memcached=30.4%
[monitor] ['46%', '3%', '100%', '0%']  memcached=46.2%
[monitor] ['38%', '6%', '100%', '3%']  memcached=37.5%
[monitor] ['38%', '0%', '100%', '3%']  memcached=37.5%
[monitor] ['38%', '3%', '100%', '3%']  memcached=37.5%
[monitor] ['50%', '6%', '100%', '0%']  memcached=50.0%
[monitor] ['56%', '3%', '100%', '3%']  memcached=55.6%
[monitor] ['38%', '8%', '100%', '0%']  memcached=38.5%
[monitor] ['4%', '3%', '100%', '3%']  memcached=3.7%
[monitor] ['4%', '3%', '100%', '0%']  memcached=3.7%
[monitor] ['10%', '3%', '100%', '5%']  memcached=10.3%
[monitor] ['22%', '42%', '100%', '11%']  memcached=22.2%
[monitor] ['21%', '59%', '46%', '19%']  memcached=20.7%
[blackscholes] ended.
[canneal] started on cores: [1, 2, 3] with 3 threads.
[monitor] ['7%', '43%', '38%', '30%']  memcached=7.4%
[monitor] ['11%', '16%', '80%', '19%']  memcached=11.1%
[monitor] ['7%', '0%', '100%', '0%']  memcached=7.4%
[monitor] ['11%', '3%', '100%', '3%']  memcached=11.1%
[monitor] ['100%', '6%', '100%', '3%']  memcached=100.0%
[MEMCACHED] cores updated to: ['0', '1', '2']
[canneal] cores updated to: [3]
[monitor] ['59%', '65%', '58%', '100%']  memcached=182.0%
[monitor] ['50%', '57%', '58%', '100%']  memcached=164.7%
[monitor] ['47%', '55%', '48%', '100%']  memcached=149.9%
[MEMCACHED] cores updated to: ['0', '2']
[canneal] cores updated to: [1, 3]
[monitor] ['70%', '70%', '73%', '54%']  memcached=142.4%
[monitor] ['75%', '41%', '76%', '78%']  memcached=151.5%
[monitor] ['72%', '10%', '77%', '100%']  memcached=149.0%
[monitor] ['68%', '6%', '74%', '100%']  memcached=142.0%
[monitor] ['73%', '9%', '76%', '100%']  memcached=148.5%
[monitor] ['74%', '31%', '76%', '100%']  memcached=150.7%
[monitor] ['76%', '48%', '81%', '100%']  memcached=157.0%
[monitor] ['73%', '6%', '74%', '100%']  memcached=146.3%
[monitor] ['52%', '3%', '55%', '100%']  memcached=106.8%
[monitor] ['50%', '6%', '52%', '100%']  memcached=101.7%
[monitor] ['52%', '9%', '52%', '100%']  memcached=103.6%
[monitor] ['50%', '3%', '52%', '100%']  memcached=101.7%
[monitor] ['50%', '3%', '57%', '100%']  memcached=106.7%
[monitor] ['48%', '0%', '50%', '100%']  memcached=98.3%
[monitor] ['50%', '6%', '57%', '100%']  memcached=106.7%
[monitor] ['48%', '9%', '53%', '100%']  memcached=101.6%
[monitor] ['50%', '3%', '50%', '100%']  memcached=100.0%
[monitor] ['48%', '3%', '52%', '100%']  memcached=100.0%
[monitor] ['57%', '6%', '55%', '100%']  memcached=111.8%
[monitor] ['59%', '18%', '61%', '100%']  memcached=119.3%
[monitor] ['73%', '28%', '71%', '100%']  memcached=143.7%
[monitor] ['80%', '3%', '80%', '100%']  memcached=160.0%
[monitor] ['80%', '16%', '80%', '100%']  memcached=160.0%
[monitor] ['83%', '7%', '83%', '100%']  memcached=165.7%
[monitor] ['86%', '7%', '89%', '100%']  memcached=175.1%
[MEMCACHED] cores updated to: ['0', '2', '3']
[canneal] cores updated to: [1]
[monitor] ['63%', '100%', '62%', '84%']  memcached=209.6%
[monitor] ['55%', '100%', '67%', '84%']  memcached=205.6%
[monitor] ['56%', '100%', '60%', '77%']  memcached=193.4%
[monitor] ['53%', '100%', '55%', '71%']  memcached=179.6%
[monitor] ['61%', '100%', '62%', '79%']  memcached=202.5%
[monitor] ['57%', '100%', '59%', '74%']  memcached=190.3%
[monitor] ['55%', '100%', '58%', '76%']  memcached=189.4%
[monitor] ['73%', '100%', '74%', '92%']  memcached=237.9%
[monitor] ['73%', '100%', '81%', '92%']  memcached=246.1%
[monitor] ['75%', '100%', '83%', '98%']  memcached=255.4%
[monitor] ['71%', '100%', '79%', '92%']  memcached=242.7%
[monitor] ['74%', '100%', '76%', '92%']  memcached=243.1%
[monitor] ['76%', '100%', '75%', '97%']  memcached=248.8%
[monitor] ['76%', '100%', '76%', '95%']  memcached=247.9%
[monitor] ['83%', '100%', '89%', '97%']  memcached=269.2%
[monitor] ['73%', '100%', '76%', '92%']  memcached=241.3%
[monitor] ['73%', '100%', '77%', '95%']  memcached=244.7%
[monitor] ['79%', '100%', '83%', '97%']  memcached=259.1%
[monitor] ['74%', '100%', '77%', '92%']  memcached=243.7%
[monitor] ['72%', '100%', '72%', '90%']  memcached=233.5%
[monitor] ['48%', '100%', '52%', '67%']  memcached=166.6%
[monitor] ['50%', '100%', '55%', '70%']  memcached=174.9%
[monitor] ['53%', '100%', '56%', '66%']  memcached=174.8%
[monitor] ['52%', '100%', '57%', '76%']  memcached=184.9%
[monitor] ['52%', '100%', '52%', '67%']  memcached=169.9%
[monitor] ['53%', '100%', '52%', '66%']  memcached=170.6%
[monitor] ['48%', '100%', '52%', '66%']  memcached=165.7%
[monitor] ['53%', '100%', '50%', '67%']  memcached=169.8%
[monitor] ['52%', '100%', '53%', '65%']  memcached=169.3%
[monitor] ['48%', '100%', '52%', '62%']  memcached=162.1%
[monitor] ['52%', '100%', '52%', '67%']  memcached=169.9%
[monitor] ['50%', '100%', '55%', '68%']  memcached=172.5%
[monitor] ['20%', '100%', '20%', '21%']  memcached=60.7%
[MEMCACHED] cores updated to: ['0']
[canneal] cores updated to: [3, 1, 2]
[monitor] ['32%', '100%', '0%', '3%']  memcached=32.0%
[monitor] ['26%', '100%', '5%', '0%']  memcached=26.1%
[monitor] ['29%', '100%', '3%', '0%']  memcached=29.2%
[monitor] ['26%', '100%', '3%', '6%']  memcached=26.1%
[monitor] ['33%', '100%', '0%', '0%']  memcached=33.3%
[monitor] ['31%', '100%', '3%', '0%']  memcached=30.8%
[monitor] ['26%', '100%', '0%', '0%']  memcached=26.1%
[monitor] ['42%', '100%', '0%', '3%']  memcached=42.3%
[monitor] ['32%', '100%', '3%', '8%']  memcached=32.0%
[monitor] ['29%', '100%', '0%', '0%']  memcached=29.2%
[monitor] ['29%', '34%', '5%', '72%']  memcached=29.2%
[monitor] ['12%', '3%', '0%', '100%']  memcached=11.5%
[monitor] ['3%', '0%', '0%', '100%']  memcached=3.2%
[monitor] ['9%', '0%', '0%', '100%']  memcached=9.4%
[monitor] ['3%', '3%', '0%', '100%']  memcached=3.3%
[monitor] ['3%', '0%', '0%', '100%']  memcached=3.2%
[monitor] ['3%', '3%', '3%', '100%']  memcached=3.3%
[monitor] ['6%', '0%', '0%', '100%']  memcached=6.5%
[monitor] ['6%', '5%', '0%', '100%']  memcached=6.5%
[monitor] ['3%', '0%', '0%', '100%']  memcached=3.3%
[monitor] ['3%', '0%', '0%', '100%']  memcached=3.2%
[monitor] ['0%', '0%', '3%', '100%']  memcached=0.0%
[monitor] ['6%', '0%', '0%', '100%']  memcached=6.2%
[monitor] ['16%', '3%', '0%', '100%']  memcached=15.6%
[monitor] ['100%', '3%', '3%', '100%']  memcached=100.0%
[MEMCACHED] cores updated to: ['0', '1', '3']
[canneal] cores updated to: [2]
[monitor] ['42%', '43%', '100%', '52%']  memcached=136.4%
[MEMCACHED] cores updated to: ['0', '3']
[canneal] cores updated to: [1, 2]
[monitor] ['70%', '9%', '100%', '73%']  memcached=142.4%
[monitor] ['65%', '6%', '100%', '72%']  memcached=136.7%
[monitor] ['74%', '6%', '100%', '73%']  memcached=146.3%
[monitor] ['71%', '3%', '100%', '72%']  memcached=142.5%
[monitor] ['61%', '3%', '100%', '65%']  memcached=125.2%
[monitor] ['67%', '9%', '100%', '74%']  memcached=140.2%
[monitor] ['66%', '9%', '100%', '69%']  memcached=134.4%
[monitor] ['67%', '6%', '100%', '71%']  memcached=138.1%
[monitor] ['69%', '6%', '100%', '72%']  memcached=140.6%
[monitor] ['67%', '3%', '100%', '71%']  memcached=138.1%
[monitor] ['66%', '9%', '100%', '66%']  memcached=131.1%
[monitor] ['67%', '9%', '100%', '67%']  memcached=133.3%
[monitor] ['66%', '3%', '100%', '69%']  memcached=134.4%
[monitor] ['75%', '7%', '100%', '80%']  memcached=155.0%
[monitor] ['60%', '6%', '100%', '66%']  memcached=125.6%
[monitor] ['60%', '9%', '100%', '63%']  memcached=123.3%
[monitor] ['70%', '3%', '100%', '70%']  memcached=139.4%
[monitor] ['79%', '3%', '100%', '76%']  memcached=155.9%
[monitor] ['69%', '6%', '100%', '70%']  memcached=138.4%
[monitor] ['70%', '3%', '100%', '65%']  memcached=134.2%
[monitor] ['60%', '3%', '100%', '65%']  memcached=124.7%
[monitor] ['71%', '6%', '100%', '72%']  memcached=142.5%
[monitor] ['86%', '12%', '100%', '87%']  memcached=173.0%
[MEMCACHED] cores updated to: ['0', '2', '3']
[canneal] cores updated to: [1]
[monitor] ['52%', '100%', '59%', '72%']  memcached=183.0%
[monitor] ['50%', '100%', '58%', '71%']  memcached=178.7%
[monitor] ['52%', '100%', '58%', '78%']  memcached=187.6%
[monitor] ['58%', '100%', '62%', '86%']  memcached=206.3%
[monitor] ['62%', '100%', '61%', '78%']  memcached=202.2%
[monitor] ['48%', '100%', '56%', '71%']  memcached=175.4%
[monitor] ['55%', '100%', '57%', '76%']  memcached=188.0%
[monitor] ['53%', '100%', '59%', '76%']  memcached=189.2%
[monitor] ['59%', '100%', '58%', '74%']  memcached=191.7%
[monitor] ['56%', '100%', '57%', '71%']  memcached=184.3%
[monitor] ['55%', '100%', '58%', '74%']  memcached=186.4%
[monitor] ['40%', '100%', '47%', '55%']  memcached=141.5%
[MEMCACHED] cores updated to: ['0', '3']
[canneal] cores updated to: [2, 1]
[monitor] ['30%', '100%', '6%', '46%']  memcached=76.1%
[MEMCACHED] cores updated to: ['0']
[canneal] cores updated to: [2, 1, 3]
[monitor] ['70%', '100%', '3%', '3%']  memcached=70.0%
[monitor] ['69%', '100%', '0%', '3%']  memcached=69.0%
[monitor] ['71%', '100%', '3%', '3%']  memcached=71.0%
[monitor] ['70%', '100%', '3%', '6%']  memcached=70.0%
[monitor] ['71%', '3%', '0%', '100%']  memcached=71.0%
[monitor] ['67%', '3%', '3%', '100%']  memcached=66.7%
[monitor] ['64%', '8%', '0%', '100%']  memcached=64.3%
[monitor] ['64%', '0%', '6%', '100%']  memcached=64.3%
[monitor] ['66%', '85%', '0%', '21%']  memcached=65.5%
[monitor] ['66%', '17%', '3%', '90%']  memcached=65.5%
[monitor] ['48%', '0%', '6%', '100%']  memcached=48.1%
[monitor] ['4%', '0%', '0%', '100%']  memcached=4.0%
[monitor] ['4%', '5%', '0%', '100%']  memcached=4.0%
[monitor] ['11%', '3%', '0%', '100%']  memcached=11.1%
[monitor] ['4%', '0%', '0%', '100%']  memcached=4.0%
[monitor] ['8%', '5%', '0%', '100%']  memcached=7.7%
[monitor] ['4%', '0%', '0%', '100%']  memcached=4.0%
[monitor] ['4%', '0%', '0%', '100%']  memcached=4.0%
[monitor] ['7%', '22%', '3%', '85%']  memcached=7.4%
[monitor] ['4%', '100%', '5%', '0%']  memcached=4.2%
[monitor] ['8%', '100%', '3%', '0%']  memcached=7.7%
[monitor] ['8%', '100%', '6%', '8%']  memcached=7.7%
[monitor] ['12%', '97%', '95%', '100%']  memcached=12.5%
[monitor] ['92%', '92%', '92%', '98%']  memcached=92.3%
[MEMCACHED] cores updated to: ['0', '2']
[canneal] cores updated to: [1, 3]
[monitor] ['67%', '97%', '74%', '100%']  memcached=140.9%
[monitor] ['59%', '98%', '68%', '98%']  memcached=126.4%
[monitor] ['52%', '98%', '63%', '100%']  memcached=115.1%
[monitor] ['61%', '98%', '65%', '98%']  memcached=125.1%
[monitor] ['60%', '97%', '71%', '100%']  memcached=130.6%
[monitor] ['58%', '95%', '69%', '98%']  memcached=126.8%
[monitor] ['61%', '98%', '66%', '100%']  memcached=126.2%
[monitor] ['57%', '95%', '71%', '98%']  memcached=128.1%
[monitor] ['66%', '98%', '76%', '98%']  memcached=142.1%
[monitor] ['55%', '100%', '68%', '97%']  memcached=122.6%
[monitor] ['66%', '98%', '76%', '100%']  memcached=141.4%
[monitor] ['47%', '98%', '59%', '98%']  memcached=105.3%
[monitor] ['35%', '98%', '46%', '98%']  memcached=80.8%
[monitor] ['41%', '98%', '50%', '97%']  memcached=91.4%
[monitor] ['38%', '97%', '52%', '95%']  memcached=89.7%
[monitor] ['38%', '95%', '50%', '100%']  memcached=87.9%
[monitor] ['31%', '98%', '44%', '97%']  memcached=75.2%
[MEMCACHED] cores updated to: ['0']
[canneal] cores updated to: [2, 1, 3]
[monitor] ['89%', '95%', '95%', '100%']  memcached=89.5%
[MEMCACHED] cores updated to: ['0', '1']
[canneal] cores updated to: [2, 3]
[monitor] ['41%', '47%', '95%', '95%']  memcached=87.4%
[monitor] ['40%', '43%', '90%', '98%']  memcached=82.9%
[monitor] ['46%', '50%', '90%', '100%']  memcached=96.4%
[monitor] ['41%', '42%', '87%', '98%']  memcached=83.7%
[monitor] ['48%', '47%', '90%', '98%']  memcached=94.9%
[monitor] ['29%', '39%', '97%', '95%']  memcached=67.9%
[MEMCACHED] cores updated to: ['0']
[canneal] cores updated to: [2, 1, 3]
[monitor] ['64%', '97%', '97%', '100%']  memcached=64.3%
[monitor] ['59%', '97%', '97%', '100%']  memcached=59.3%
[monitor] ['75%', '95%', '100%', '98%']  memcached=75.0%
[monitor] ['70%', '95%', '98%', '100%']  memcached=70.0%
[monitor] ['71%', '95%', '90%', '98%']  memcached=71.0%
[monitor] ['64%', '98%', '95%', '100%']  memcached=64.3%
[monitor] ['67%', '97%', '95%', '100%']  memcached=66.7%
[monitor] ['64%', '95%', '95%', '100%']  memcached=64.3%
[monitor] ['67%', '97%', '92%', '98%']  memcached=66.7%
[monitor] ['67%', '95%', '95%', '100%']  memcached=66.7%
[monitor] ['71%', '95%', '95%', '97%']  memcached=71.0%
[monitor] ['70%', '95%', '92%', '100%']  memcached=70.0%
[monitor] ['73%', '98%', '95%', '100%']  memcached=73.3%
[monitor] ['72%', '95%', '95%', '100%']  memcached=71.9%
[monitor] ['72%', '95%', '93%', '98%']  memcached=72.4%
[monitor] ['74%', '97%', '95%', '100%']  memcached=74.2%
[monitor] ['82%', '95%', '95%', '100%']  memcached=82.4%
[monitor] ['82%', '95%', '92%', '98%']  memcached=82.4%
[monitor] ['74%', '95%', '95%', '100%']  memcached=74.2%
[monitor] ['83%', '97%', '95%', '100%']  memcached=83.3%
[monitor] ['77%', '95%', '95%', '98%']  memcached=76.7%
[monitor] ['74%', '95%', '95%', '100%']  memcached=74.2%
[monitor] ['74%', '95%', '95%', '98%']  memcached=74.2%
[monitor] ['76%', '97%', '95%', '100%']  memcached=75.9%
[monitor] ['23%', '98%', '95%', '100%']  memcached=22.7%
[monitor] ['40%', '95%', '95%', '98%']  memcached=40.0%
[monitor] ['52%', '92%', '95%', '95%']  memcached=51.9%
[monitor] ['35%', '95%', '98%', '97%']  memcached=34.8%
[monitor] ['33%', '98%', '95%', '98%']  memcached=33.3%
[monitor] ['40%', '97%', '97%', '100%']  memcached=40.0%
[monitor] ['33%', '98%', '98%', '100%']  memcached=33.3%
[monitor] ['36%', '95%', '95%', '98%']  memcached=36.4%
[monitor] ['33%', '98%', '98%', '100%']  memcached=33.3%
[monitor] ['57%', '90%', '85%', '92%']  memcached=57.1%
[monitor] ['30%', '97%', '95%', '98%']  memcached=30.4%
[monitor] ['33%', '97%', '95%', '100%']  memcached=33.3%
[monitor] ['82%', '92%', '79%', '100%']  memcached=82.4%
[monitor] ['100%', '95%', '78%', '98%']  memcached=100.0%
[MEMCACHED] cores updated to: ['0', '2', '3']
[canneal] cores updated to: [1]
[monitor] ['34%', '100%', '34%', '39%']  memcached=108.3%
[MEMCACHED] cores updated to: ['0', '3']
[canneal] cores updated to: [2, 1]
[monitor] ['48%', '90%', '95%', '63%']  memcached=111.5%
[monitor] ['56%', '95%', '95%', '65%']  memcached=120.8%
[monitor] ['65%', '95%', '97%', '62%']  memcached=127.0%
[monitor] ['52%', '98%', '93%', '61%']  memcached=113.0%
[monitor] ['53%', '97%', '95%', '67%']  memcached=120.0%
[monitor] ['58%', '95%', '92%', '59%']  memcached=116.7%
[monitor] ['60%', '98%', '92%', '66%']  memcached=125.6%
[monitor] ['55%', '97%', '92%', '56%']  memcached=111.4%
[monitor] ['50%', '98%', '90%', '59%']  memcached=108.6%
[monitor] ['80%', '93%', '95%', '83%']  memcached=163.3%
[monitor] ['92%', '89%', '98%', '89%']  memcached=181.0%
[MEMCACHED] cores updated to: ['0', '1', '3']
[canneal] cores updated to: [2]
[monitor] ['43%', '48%', '100%', '56%']  memcached=147.9%
[MEMCACHED] cores updated to: ['0', '3']
[canneal] cores updated to: [2, 1]
[monitor] ['74%', '98%', '95%', '74%']  memcached=148.6%
[monitor] ['60%', '95%', '95%', '78%']  memcached=137.8%
[monitor] ['75%', '98%', '98%', '79%']  memcached=153.8%
[monitor] ['75%', '93%', '95%', '81%']  memcached=156.1%
[monitor] ['69%', '97%', '95%', '78%']  memcached=146.3%
[monitor] ['61%', '92%', '92%', '69%']  memcached=130.0%
[monitor] ['71%', '97%', '95%', '76%']  memcached=147.1%
[monitor] ['72%', '95%', '95%', '74%']  memcached=145.4%
[monitor] ['62%', '92%', '95%', '74%']  memcached=136.0%
[monitor] ['44%', '95%', '95%', '52%']  memcached=96.1%
[monitor] ['37%', '92%', '97%', '46%']  memcached=83.5%
[monitor] ['37%', '93%', '95%', '46%']  memcached=83.5%
[monitor] ['37%', '95%', '95%', '47%']  memcached=83.7%
[monitor] ['43%', '98%', '95%', '41%']  memcached=83.6%
[monitor] ['43%', '95%', '90%', '60%']  memcached=103.3%
[monitor] ['44%', '100%', '92%', '50%']  memcached=94.0%
[monitor] ['45%', '95%', '97%', '52%']  memcached=96.4%
[monitor] ['44%', '95%', '95%', '48%']  memcached=92.7%
[monitor] ['50%', '95%', '97%', '61%']  memcached=111.3%
[monitor] ['52%', '95%', '85%', '70%']  memcached=121.4%
[monitor] ['46%', '98%', '95%', '52%']  memcached=98.2%
[monitor] ['36%', '98%', '87%', '57%']  memcached=92.7%
[monitor] ['48%', '97%', '95%', '50%']  memcached=98.3%
[monitor] ['35%', '95%', '98%', '48%']  memcached=82.9%
[monitor] ['31%', '95%', '98%', '35%']  memcached=65.4%
[MEMCACHED] cores updated to: ['0']
[canneal] cores updated to: [2, 1, 3]
[monitor] ['82%', '95%', '95%', '98%']  memcached=82.4%
[monitor] ['82%', '95%', '90%', '100%']  memcached=82.4%
[monitor] ['92%', '85%', '97%', '90%']  memcached=91.7%
[MEMCACHED] cores updated to: ['0', '3']
[canneal] cores updated to: [2, 1]
[monitor] ['43%', '92%', '95%', '52%']  memcached=94.5%
[monitor] ['37%', '92%', '98%', '44%']  memcached=81.1%
[monitor] ['33%', '97%', '92%', '43%']  memcached=76.7%
[MEMCACHED] cores updated to: ['0']
[canneal] cores updated to: [2, 1, 3]
[monitor] ['89%', '90%', '98%', '98%']  memcached=89.5%
[MEMCACHED] cores updated to: ['0', '2']
[canneal] cores updated to: [1, 3]
[monitor] ['33%', '97%', '46%', '97%']  memcached=79.8%
[MEMCACHED] cores updated to: ['0']
[canneal] cores updated to: [2, 1, 3]
[monitor] ['98%', '95%', '95%', '100%']  memcached=97.5%
[MEMCACHED] cores updated to: ['0', '1', '3']
[canneal] cores updated to: [2]
[monitor] ['82%', '86%', '100%', '92%']  memcached=260.8%
[monitor] ['67%', '71%', '100%', '81%']  memcached=218.2%
[monitor] ['65%', '73%', '100%', '83%']  memcached=220.6%
[monitor] ['66%', '74%', '100%', '78%']  memcached=216.9%
[monitor] ['60%', '68%', '100%', '76%']  memcached=203.4%
[monitor] ['95%', '74%', '100%', '83%']  memcached=251.1%
[monitor] ['62%', '74%', '100%', '84%']  memcached=220.2%
[monitor] ['70%', '75%', '100%', '81%']  memcached=225.3%
[monitor] ['60%', '74%', '100%', '81%']  memcached=214.6%
[monitor] ['69%', '70%', '100%', '80%']  memcached=218.4%
[monitor] ['65%', '71%', '100%', '79%']  memcached=213.9%
[monitor] ['26%', '31%', '100%', '33%']  memcached=90.5%
[MEMCACHED] cores updated to: ['0', '3']
[canneal] cores updated to: [2, 1]
[monitor] ['15%', '92%', '90%', '3%']  memcached=17.3%
[MEMCACHED] cores updated to: ['0']
[canneal] cores updated to: [2, 1, 3]
[monitor] ['11%', '100%', '92%', '100%']  memcached=10.8%
[monitor] ['11%', '100%', '92%', '100%']  memcached=10.5%
[monitor] ['15%', '100%', '95%', '100%']  memcached=15.4%
[monitor] ['18%', '98%', '93%', '98%']  memcached=17.9%
[monitor] ['16%', '100%', '95%', '100%']  memcached=15.8%
[monitor] ['20%', '98%', '92%', '98%']  memcached=19.5%
[monitor] ['15%', '95%', '98%', '97%']  memcached=15.0%
[monitor] ['20%', '100%', '95%', '98%']  memcached=19.5%
[monitor] ['22%', '98%', '92%', '100%']  memcached=22.0%
[monitor] ['18%', '100%', '90%', '100%']  memcached=17.5%
[monitor] ['18%', '98%', '95%', '100%']  memcached=17.9%
[monitor] ['15%', '98%', '92%', '98%']  memcached=15.2%
[monitor] ['18%', '100%', '95%', '100%']  memcached=18.2%
[monitor] ['10%', '95%', '95%', '97%']  memcached=10.3%
[monitor] ['7%', '98%', '98%', '100%']  memcached=6.9%
[monitor] ['12%', '100%', '95%', '98%']  memcached=12.5%
[monitor] ['22%', '98%', '93%', '100%']  memcached=22.2%
[monitor] ['28%', '100%', '95%', '100%']  memcached=28.2%
[monitor] ['27%', '98%', '95%', '100%']  memcached=27.0%
[monitor] ['25%', '100%', '95%', '98%']  memcached=25.0%
[monitor] ['21%', '98%', '90%', '100%']  memcached=20.6%
[monitor] ['15%', '98%', '92%', '100%']  memcached=15.2%
[monitor] ['7%', '100%', '95%', '98%']  memcached=6.9%
[monitor] ['16%', '98%', '95%', '100%']  memcached=15.8%
[monitor] ['9%', '98%', '92%', '100%']  memcached=8.6%
[monitor] ['14%', '95%', '100%', '92%']  memcached=13.9%
[monitor] ['14%', '95%', '97%', '98%']  memcached=13.5%
[monitor] ['11%', '100%', '93%', '100%']  memcached=11.1%
[monitor] ['14%', '100%', '95%', '98%']  memcached=13.9%
[monitor] ['14%', '95%', '98%', '98%']  memcached=13.9%
[monitor] ['16%', '98%', '92%', '100%']  memcached=15.8%
[monitor] ['14%', '100%', '95%', '100%']  memcached=13.5%
[monitor] ['11%', '98%', '95%', '98%']  memcached=11.1%
[monitor] ['14%', '100%', '95%', '100%']  memcached=13.5%
[monitor] ['18%', '100%', '93%', '98%']  memcached=17.9%
[monitor] ['49%', '95%', '95%', '100%']  memcached=48.6%
[monitor] ['68%', '97%', '95%', '100%']  memcached=67.9%
[monitor] ['73%', '95%', '92%', '100%']  memcached=73.3%
[monitor] ['73%', '97%', '93%', '100%']  memcached=73.3%
[monitor] ['74%', '95%', '92%', '100%']  memcached=74.2%
[monitor] ['78%', '95%', '77%', '100%']  memcached=78.1%
[monitor] ['73%', '97%', '95%', '100%']  memcached=73.3%
[monitor] ['73%', '92%', '98%', '98%']  memcached=73.3%
[monitor] ['81%', '97%', '95%', '98%']  memcached=81.1%
[monitor] ['76%', '92%', '98%', '95%']  memcached=75.9%
[monitor] ['71%', '98%', '95%', '100%']  memcached=71.0%
[monitor] ['72%', '97%', '95%', '100%']  memcached=71.9%
[monitor] ['66%', '95%', '95%', '100%']  memcached=65.6%
[monitor] ['13%', '97%', '98%', '98%']  memcached=13.3%
[monitor] ['11%', '95%', '98%', '98%']  memcached=10.7%
[monitor] ['13%', '100%', '92%', '100%']  memcached=12.9%
[monitor] ['10%', '98%', '95%', '98%']  memcached=10.3%
[monitor] ['7%', '98%', '95%', '100%']  memcached=6.7%
[monitor] ['14%', '98%', '95%', '100%']  memcached=13.8%
[monitor] ['13%', '100%', '92%', '98%']  memcached=13.3%
[monitor] ['10%', '98%', '95%', '100%']  memcached=10.0%
[monitor] ['7%', '97%', '97%', '98%']  memcached=7.1%
[monitor] ['4%', '98%', '93%', '100%']  memcached=3.6%
[monitor] ['13%', '100%', '95%', '100%']  memcached=12.9%
[monitor] ['18%', '82%', '95%', '82%']  memcached=17.9%
[monitor] ['87%', '95%', '92%', '100%']  memcached=87.2%
[MEMCACHED] cores updated to: ['0', '2']
[canneal] cores updated to: [1, 3]
[monitor] ['76%', '97%', '86%', '100%']  memcached=163.0%
[monitor] ['60%', '98%', '85%', '100%']  memcached=145.3%
[monitor] ['61%', '98%', '80%', '100%']  memcached=141.3%
[monitor] ['65%', '95%', '83%', '100%']  memcached=147.4%
[monitor] ['55%', '98%', '81%', '98%']  memcached=136.4%
[monitor] ['62%', '97%', '78%', '100%']  memcached=139.8%
[monitor] ['72%', '97%', '79%', '100%']  memcached=151.3%
[monitor] ['69%', '98%', '80%', '100%']  memcached=148.8%
[monitor] ['69%', '98%', '73%', '98%']  memcached=141.5%
[monitor] ['72%', '98%', '76%', '100%']  memcached=147.6%
[monitor] ['66%', '95%', '74%', '100%']  memcached=139.2%
[monitor] ['41%', '97%', '36%', '97%']  memcached=76.9%
[MEMCACHED] cores updated to: ['0']
[canneal] cores updated to: [2, 1, 3]
[monitor] ['7%', '98%', '92%', '98%']  memcached=7.1%
[monitor] ['7%', '98%', '97%', '100%']  memcached=7.4%
[monitor] ['7%', '98%', '95%', '100%']  memcached=7.4%
[monitor] ['10%', '100%', '95%', '98%']  memcached=10.3%
[monitor] ['4%', '98%', '95%', '100%']  memcached=4.0%
[monitor] ['21%', '98%', '95%', '100%']  memcached=20.7%
[monitor] ['7%', '98%', '95%', '98%']  memcached=7.4%
[monitor] ['41%', '55%', '98%', '55%']  memcached=40.7%
[monitor] ['21%', '80%', '97%', '82%']  memcached=21.4%
[monitor] ['30%', '76%', '97%', '77%']  memcached=29.6%
[monitor] ['30%', '54%', '100%', '54%']  memcached=29.6%
[monitor] ['68%', '64%', '97%', '68%']  memcached=67.7%
[monitor] ['100%', '92%', '82%', '100%']  memcached=100.0%
[MEMCACHED] cores updated to: ['0', '1', '3']
[canneal] cores updated to: [2]
[monitor] ['59%', '100%', '100%', '98%']  memcached=256.3%
[monitor] ['52%', '83%', '100%', '87%']  memcached=221.3%
[monitor] ['39%', '50%', '100%', '56%']  memcached=145.5%
[MEMCACHED] cores updated to: ['0', '3']
[canneal] cores updated to: [2, 1]
[monitor] ['71%', '95%', '95%', '77%']  memcached=147.7%
[monitor] ['82%', '87%', '92%', '87%']  memcached=169.2%
[monitor] ['76%', '95%', '95%', '86%']  memcached=162.2%
[monitor] ['68%', '97%', '92%', '81%']  memcached=148.2%
[monitor] ['71%', '95%', '97%', '76%']  memcached=146.3%
[monitor] ['70%', '95%', '95%', '78%']  memcached=147.5%
[monitor] ['74%', '95%', '92%', '83%']  memcached=156.9%
[monitor] ['53%', '97%', '95%', '62%']  memcached=115.8%
[monitor] ['23%', '95%', '98%', '24%']  memcached=47.1%
[MEMCACHED] cores updated to: ['0']
[canneal] cores updated to: [2, 1, 3]
[monitor] ['64%', '95%', '92%', '100%']  memcached=64.3%
[monitor] ['64%', '95%', '82%', '100%']  memcached=64.3%
[monitor] ['56%', '95%', '95%', '100%']  memcached=56.0%
[monitor] ['62%', '97%', '95%', '98%']  memcached=62.1%
[monitor] ['66%', '95%', '95%', '100%']  memcached=65.5%
[monitor] ['62%', '95%', '98%', '100%']  memcached=61.5%
[monitor] ['74%', '92%', '95%', '95%']  memcached=74.2%
[monitor] ['69%', '95%', '92%', '98%']  memcached=69.0%
[monitor] ['62%', '95%', '95%', '100%']  memcached=61.5%
[monitor] ['66%', '95%', '95%', '100%']  memcached=65.5%
[monitor] ['50%', '97%', '95%', '98%']  memcached=50.0%
[monitor] ['13%', '97%', '98%', '100%']  memcached=13.3%
[monitor] ['7%', '100%', '95%', '100%']  memcached=7.1%
[monitor] ['17%', '85%', '98%', '85%']  memcached=17.2%
[monitor] ['16%', '98%', '92%', '100%']  memcached=15.6%
[monitor] ['13%', '100%', '90%', '100%']  memcached=13.3%
[monitor] ['13%', '98%', '95%', '98%']  memcached=13.3%
[monitor] ['13%', '95%', '98%', '97%']  memcached=13.3%
[monitor] ['17%', '97%', '95%', '98%']  memcached=16.7%
[monitor] ['13%', '100%', '92%', '100%']  memcached=12.9%
[monitor] ['7%', '95%', '92%', '100%']  memcached=7.4%
[monitor] ['10%', '100%', '95%', '100%']  memcached=10.3%
[monitor] ['16%', '98%', '95%', '98%']  memcached=16.1%
[monitor] ['87%', '92%', '98%', '95%']  memcached=86.8%
[MEMCACHED] cores updated to: ['0', '2']
[canneal] cores updated to: [1, 3]
[monitor] ['100%', '95%', '100%', '98%']  memcached=200.0%
[MEMCACHED] cores updated to: ['0', '1', '2']
[canneal] cores updated to: [3]
[monitor] ['53%', '70%', '58%', '100%']  memcached=180.9%
[monitor] ['48%', '55%', '52%', '100%']  memcached=155.0%
[MEMCACHED] cores updated to: ['0', '2']
[canneal] cores updated to: [1, 3]
[monitor] ['74%', '98%', '87%', '100%']  memcached=160.4%
[monitor] ['74%', '95%', '86%', '100%']  memcached=160.0%
[monitor] ['72%', '97%', '81%', '100%']  memcached=153.0%
[monitor] ['77%', '95%', '83%', '100%']  memcached=160.5%
[monitor] ['83%', '97%', '89%', '98%']  memcached=172.2%
[MEMCACHED] cores updated to: ['0', '2', '3']
[canneal] cores updated to: [1]
[monitor] ['53%', '100%', '58%', '73%']  memcached=184.1%
[monitor] ['53%', '100%', '55%', '67%']  memcached=175.2%
[monitor] ['50%', '100%', '53%', '57%']  memcached=159.8%
[MEMCACHED] cores updated to: ['0', '3']
[canneal] cores updated to: [2, 1]
[monitor] ['37%', '95%', '97%', '50%']  memcached=87.0%
[monitor] ['41%', '95%', '93%', '46%']  memcached=87.2%
[monitor] ['43%', '95%', '97%', '52%']  memcached=94.9%
[monitor] ['39%', '98%', '92%', '52%']  memcached=91.0%
[monitor] ['44%', '95%', '92%', '48%']  memcached=92.8%
[monitor] ['50%', '95%', '95%', '50%']  memcached=100.0%
[monitor] ['43%', '95%', '97%', '52%']  memcached=94.6%
[monitor] ['50%', '95%', '93%', '55%']  memcached=104.8%
[monitor] ['46%', '98%', '95%', '55%']  memcached=101.6%
[monitor] ['44%', '95%', '95%', '44%']  memcached=88.9%
[monitor] ['46%', '97%', '92%', '38%']  memcached=84.9%
[monitor] ['53%', '95%', '95%', '57%']  memcached=109.8%
[monitor] ['92%', '82%', '98%', '100%']  memcached=191.9%
[MEMCACHED] cores updated to: ['0', '2', '3']
[canneal] cores updated to: [1]
[monitor] ['81%', '100%', '87%', '93%']  memcached=260.1%
[monitor] ['66%', '100%', '72%', '83%']  memcached=220.4%
[monitor] ['71%', '100%', '74%', '88%']  memcached=231.6%
[monitor] ['64%', '100%', '69%', '81%']  memcached=212.9%
[monitor] ['69%', '100%', '73%', '86%']  memcached=228.0%
[monitor] ['74%', '100%', '81%', '89%']  memcached=243.8%
[monitor] ['63%', '100%', '74%', '84%']  memcached=221.4%
[monitor] ['66%', '100%', '71%', '84%']  memcached=220.4%
[monitor] ['74%', '100%', '76%', '89%']  memcached=239.2%
[monitor] ['70%', '100%', '74%', '83%']  memcached=226.8%
[monitor] ['66%', '100%', '73%', '84%']  memcached=222.1%
[monitor] ['23%', '100%', '15%', '15%']  memcached=52.5%
[MEMCACHED] cores updated to: ['0']
[canneal] cores updated to: [2, 1, 3]
[monitor] ['4%', '100%', '3%', '0%']  memcached=3.7%
[monitor] ['4%', '100%', '0%', '0%']  memcached=3.8%
[monitor] ['7%', '100%', '3%', '0%']  memcached=7.1%
[monitor] ['4%', '100%', '0%', '0%']  memcached=3.7%
[monitor] ['4%', '100%', '3%', '0%']  memcached=3.8%
[monitor] ['11%', '100%', '3%', '0%']  memcached=10.7%
[monitor] ['4%', '100%', '3%', '3%']  memcached=3.8%
[monitor] ['0%', '100%', '3%', '0%']  memcached=0.0%
[monitor] ['4%', '100%', '0%', '0%']  memcached=3.8%
[monitor] ['4%', '100%', '3%', '0%']  memcached=3.8%
[monitor] ['11%', '100%', '3%', '0%']  memcached=10.7%
[monitor] ['71%', '100%', '3%', '11%']  memcached=70.6%
[monitor] ['100%', '100%', '3%', '3%']  memcached=100.0%
[MEMCACHED] cores updated to: ['0', '1', '3']
[canneal] cores updated to: [2]
[monitor] ['83%', '86%', '100%', '87%']  memcached=256.7%
[monitor] ['60%', '68%', '100%', '75%']  memcached=202.7%
[canneal] ended.
[MEMCACHED] cores updated to: ['0', '2', '3']
[freqmine] started on cores: [1] with 3 threads.
[monitor] ['62%', '100%', '71%', '83%']  memcached=215.9%
[monitor] ['50%', '100%', '59%', '79%']  memcached=188.8%
[monitor] ['58%', '100%', '61%', '81%']  memcached=200.4%
[monitor] ['55%', '100%', '59%', '74%']  memcached=187.7%
[monitor] ['65%', '100%', '69%', '72%']  memcached=205.1%
[monitor] ['52%', '100%', '60%', '71%']  memcached=183.2%
[monitor] ['60%', '100%', '68%', '74%']  memcached=201.2%
[monitor] ['57%', '100%', '59%', '66%']  memcached=181.7%
[monitor] ['48%', '100%', '52%', '61%']  memcached=161.3%
[monitor] ['48%', '100%', '52%', '67%']  memcached=166.7%
[monitor] ['53%', '100%', '55%', '70%']  memcached=178.2%
[monitor] ['45%', '100%', '50%', '61%']  memcached=156.1%
[MEMCACHED] cores updated to: ['0', '3']
[freqmine] cores updated to: [1, 2]
[monitor] ['75%', '79%', '100%', '95%']  memcached=169.7%
[monitor] ['80%', '76%', '100%', '90%']  memcached=169.7%
[monitor] ['92%', '100%', '100%', '100%']  memcached=192.3%
[MEMCACHED] cores updated to: ['0', '1', '3']
[freqmine] cores updated to: [2]
[monitor] ['53%', '52%', '100%', '66%']  memcached=170.8%
[monitor] ['53%', '61%', '100%', '67%']  memcached=180.4%
[monitor] ['50%', '55%', '100%', '61%']  memcached=166.1%
[monitor] ['47%', '52%', '100%', '62%']  memcached=160.9%
[monitor] ['63%', '71%', '100%', '76%']  memcached=210.4%
[monitor] ['62%', '69%', '100%', '78%']  memcached=209.0%
[monitor] ['67%', '74%', '100%', '83%']  memcached=223.1%
[monitor] ['66%', '76%', '100%', '84%']  memcached=225.9%
[monitor] ['70%', '70%', '100%', '79%']  memcached=218.2%
[monitor] ['69%', '73%', '100%', '81%']  memcached=222.0%
[monitor] ['64%', '73%', '100%', '78%']  memcached=215.0%
[monitor] ['70%', '76%', '100%', '83%']  memcached=228.3%
[monitor] ['66%', '71%', '100%', '82%']  memcached=218.6%
[monitor] ['76%', '90%', '100%', '86%']  memcached=251.8%
[monitor] ['62%', '74%', '100%', '97%']  memcached=233.9%
[monitor] ['61%', '71%', '100%', '97%']  memcached=229.8%
[monitor] ['42%', '48%', '100%', '60%']  memcached=150.4%
[MEMCACHED] cores updated to: ['0', '3']
[freqmine] cores updated to: [1, 2]
[monitor] ['11%', '100%', '100%', '4%']  memcached=14.7%
[MEMCACHED] cores updated to: ['0']
[freqmine] cores updated to: [1, 2, 3]
[monitor] ['14%', '100%', '100%', '100%']  memcached=13.6%
[monitor] ['26%', '100%', '100%', '100%']  memcached=26.1%
[monitor] ['25%', '100%', '100%', '100%']  memcached=25.0%
[monitor] ['14%', '100%', '100%', '100%']  memcached=13.6%
[monitor] ['22%', '100%', '100%', '100%']  memcached=21.7%
[monitor] ['19%', '95%', '100%', '100%']  memcached=19.0%
[monitor] ['17%', '5%', '100%', '14%']  memcached=17.4%
[monitor] ['28%', '97%', '100%', '98%']  memcached=28.0%
[monitor] ['14%', '100%', '100%', '100%']  memcached=14.3%
[monitor] ['18%', '100%', '100%', '100%']  memcached=18.2%
[monitor] ['17%', '100%', '100%', '100%']  memcached=16.7%
[monitor] ['10%', '98%', '100%', '100%']  memcached=10.3%
[monitor] ['10%', '100%', '100%', '100%']  memcached=10.0%
[monitor] ['4%', '100%', '100%', '100%']  memcached=3.8%
[monitor] ['4%', '100%', '100%', '100%']  memcached=3.7%
[monitor] ['7%', '100%', '100%', '100%']  memcached=6.9%
[monitor] ['7%', '100%', '100%', '100%']  memcached=7.4%
[monitor] ['17%', '100%', '100%', '100%']  memcached=16.7%
[monitor] ['7%', '100%', '100%', '100%']  memcached=7.4%
[monitor] ['10%', '100%', '100%', '100%']  memcached=10.3%
[monitor] ['7%', '100%', '100%', '100%']  memcached=7.4%
[monitor] ['11%', '100%', '100%', '100%']  memcached=10.7%
[monitor] ['7%', '100%', '100%', '100%']  memcached=7.1%
[monitor] ['89%', '100%', '100%', '100%']  memcached=89.5%
[MEMCACHED] cores updated to: ['0', '2']
[freqmine] cores updated to: [1, 3]
[monitor] ['57%', '100%', '56%', '100%']  memcached=112.7%
[monitor] ['54%', '100%', '57%', '100%']  memcached=110.7%
[monitor] ['54%', '100%', '59%', '100%']  memcached=112.2%
[monitor] ['50%', '100%', '56%', '100%']  memcached=105.6%
[monitor] ['59%', '100%', '60%', '100%']  memcached=118.6%
[monitor] ['54%', '100%', '57%', '100%']  memcached=111.0%
[monitor] ['59%', '100%', '63%', '100%']  memcached=122.0%
[monitor] ['55%', '100%', '57%', '100%']  memcached=111.8%
[monitor] ['61%', '100%', '65%', '100%']  memcached=125.8%
[monitor] ['62%', '100%', '65%', '100%']  memcached=126.6%
[monitor] ['60%', '100%', '65%', '100%']  memcached=124.5%
[monitor] ['43%', '100%', '45%', '100%']  memcached=87.7%
[monitor] ['38%', '100%', '37%', '100%']  memcached=75.0%
[MEMCACHED] cores updated to: ['0']
[freqmine] cores updated to: [1, 2, 3]
[monitor] ['82%', '100%', '100%', '100%']  memcached=81.8%
[monitor] ['83%', '100%', '100%', '100%']  memcached=82.9%
[monitor] ['77%', '100%', '100%', '100%']  memcached=76.7%
[monitor] ['79%', '100%', '100%', '100%']  memcached=78.8%
[monitor] ['77%', '100%', '100%', '100%']  memcached=77.4%
[monitor] ['77%', '100%', '100%', '100%']  memcached=77.4%
[monitor] ['85%', '100%', '100%', '100%']  memcached=85.3%
[MEMCACHED] cores updated to: ['0', '3']
[freqmine] cores updated to: [1, 2]
[monitor] ['33%', '100%', '100%', '41%']  memcached=74.7%
[MEMCACHED] cores updated to: ['0']
[freqmine] cores updated to: [1, 2, 3]
[monitor] ['86%', '100%', '100%', '100%']  memcached=85.7%
[MEMCACHED] cores updated to: ['0', '1']
[freqmine] cores updated to: [2, 3]
[monitor] ['33%', '36%', '100%', '100%']  memcached=69.0%
[MEMCACHED] cores updated to: ['0']
[freqmine] cores updated to: [1, 2, 3]
[monitor] ['100%', '100%', '100%', '100%']  memcached=100.0%
[MEMCACHED] cores updated to: ['0', '2', '3']
[freqmine] cores updated to: [1]
[monitor] ['76%', '100%', '77%', '82%']  memcached=236.0%
[monitor] ['55%', '100%', '55%', '63%']  memcached=173.0%
[monitor] ['52%', '100%', '59%', '65%']  memcached=175.8%
[monitor] ['53%', '100%', '58%', '62%']  memcached=173.2%
[monitor] ['58%', '100%', '58%', '68%']  memcached=183.3%
[monitor] ['53%', '100%', '59%', '66%']  memcached=177.8%
[monitor] ['53%', '100%', '58%', '61%']  memcached=172.7%
[monitor] ['55%', '100%', '61%', '68%']  memcached=183.1%
[monitor] ['48%', '100%', '55%', '61%']  memcached=164.4%
[monitor] ['53%', '100%', '59%', '62%']  memcached=175.0%
[monitor] ['45%', '100%', '54%', '56%']  memcached=155.7%
[MEMCACHED] cores updated to: ['0', '3']
[freqmine] cores updated to: [1, 2]
[monitor] ['22%', '100%', '100%', '3%']  memcached=24.8%
[MEMCACHED] cores updated to: ['0']
[freqmine] cores updated to: [3, 1, 2]
[monitor] ['7%', '100%', '100%', '100%']  memcached=7.4%
[monitor] ['3%', '100%', '100%', '100%']  memcached=3.4%
[monitor] ['7%', '100%', '100%', '100%']  memcached=7.1%
[monitor] ['13%', '100%', '100%', '100%']  memcached=13.3%
[monitor] ['10%', '100%', '100%', '100%']  memcached=10.3%
[monitor] ['11%', '100%', '100%', '100%']  memcached=10.7%
[monitor] ['11%', '100%', '100%', '100%']  memcached=10.7%
[monitor] ['4%', '100%', '100%', '100%']  memcached=3.6%
[monitor] ['0%', '100%', '100%', '100%']  memcached=0.0%
[monitor] ['11%', '100%', '100%', '100%']  memcached=10.7%
[monitor] ['0%', '100%', '100%', '100%']  memcached=0.0%
[monitor] ['20%', '100%', '100%', '100%']  memcached=20.0%
[monitor] ['13%', '100%', '100%', '100%']  memcached=13.0%
[monitor] ['17%', '100%', '100%', '100%']  memcached=17.4%
[monitor] ['25%', '100%', '100%', '100%']  memcached=25.0%
[monitor] ['13%', '100%', '100%', '100%']  memcached=13.0%
[monitor] ['14%', '100%', '100%', '100%']  memcached=13.6%
[monitor] ['17%', '100%', '100%', '100%']  memcached=16.7%
[monitor] ['21%', '100%', '100%', '100%']  memcached=20.8%
[monitor] ['5%', '100%', '100%', '100%']  memcached=4.8%
[monitor] ['13%', '100%', '100%', '100%']  memcached=13.0%
[monitor] ['25%', '100%', '100%', '100%']  memcached=25.0%
[monitor] ['13%', '100%', '100%', '100%']  memcached=13.0%
[monitor] ['72%', '100%', '100%', '100%']  memcached=71.9%
[monitor] ['100%', '100%', '100%', '100%']  memcached=100.0%
[MEMCACHED] cores updated to: ['0', '1', '3']
[freqmine] cores updated to: [2]
[monitor] ['88%', '100%', '100%', '100%']  memcached=287.5%
[monitor] ['100%', '100%', '100%', '100%']  memcached=300.0%
[monitor] ['74%', '81%', '100%', '100%']  memcached=255.4%
[monitor] ['79%', '92%', '100%', '100%']  memcached=271.1%
[monitor] ['68%', '83%', '100%', '92%']  memcached=243.0%
[monitor] ['70%', '78%', '100%', '89%']  memcached=236.7%
[monitor] ['72%', '83%', '100%', '92%']  memcached=247.5%
[monitor] ['66%', '78%', '100%', '89%']  memcached=232.9%
[monitor] ['69%', '81%', '100%', '89%']  memcached=238.5%
[monitor] ['71%', '83%', '100%', '90%']  memcached=244.0%
[monitor] ['54%', '61%', '100%', '67%']  memcached=182.1%
[monitor] ['30%', '12%', '100%', '3%']  memcached=46.2%
[MEMCACHED] cores updated to: ['0']
[freqmine] cores updated to: [3, 1, 2]
[monitor] ['20%', '100%', '100%', '100%']  memcached=20.0%
[monitor] ['13%', '100%', '100%', '100%']  memcached=13.0%
[monitor] ['12%', '100%', '100%', '100%']  memcached=12.5%
[monitor] ['17%', '100%', '100%', '100%']  memcached=16.7%
[monitor] ['9%', '100%', '100%', '100%']  memcached=8.7%
[monitor] ['16%', '100%', '100%', '100%']  memcached=16.0%
[monitor] ['17%', '100%', '100%', '100%']  memcached=16.7%
[monitor] ['19%', '100%', '100%', '100%']  memcached=19.2%
[monitor] ['9%', '100%', '100%', '100%']  memcached=8.7%
[monitor] ['20%', '100%', '100%', '100%']  memcached=20.0%
[monitor] ['13%', '100%', '100%', '100%']  memcached=13.0%
[monitor] ['71%', '100%', '100%', '100%']  memcached=71.0%
[monitor] ['76%', '100%', '100%', '100%']  memcached=75.8%
[monitor] ['82%', '100%', '100%', '100%']  memcached=81.8%
[monitor] ['75%', '100%', '100%', '100%']  memcached=75.0%
[monitor] ['79%', '100%', '100%', '100%']  memcached=78.8%
[monitor] ['77%', '100%', '100%', '100%']  memcached=77.4%
[monitor] ['77%', '100%', '100%', '100%']  memcached=76.7%
[monitor] ['71%', '100%', '100%', '100%']  memcached=71.0%
[monitor] ['73%', '100%', '100%', '100%']  memcached=73.3%
[monitor] ['76%', '100%', '100%', '100%']  memcached=75.8%
[monitor] ['77%', '100%', '100%', '100%']  memcached=77.4%
[monitor] ['70%', '100%', '100%', '100%']  memcached=70.0%
[monitor] ['29%', '100%', '100%', '100%']  memcached=29.4%
[monitor] ['14%', '100%', '100%', '100%']  memcached=13.5%
[monitor] ['14%', '100%', '100%', '100%']  memcached=13.9%
[monitor] ['3%', '100%', '100%', '100%']  memcached=3.1%
[monitor] ['12%', '100%', '100%', '100%']  memcached=11.8%
[monitor] ['3%', '100%', '100%', '100%']  memcached=3.0%
[monitor] ['9%', '100%', '100%', '100%']  memcached=8.6%
[monitor] ['9%', '100%', '100%', '100%']  memcached=8.8%
[monitor] ['9%', '100%', '100%', '100%']  memcached=9.1%
[monitor] ['14%', '100%', '100%', '100%']  memcached=13.9%
[monitor] ['6%', '100%', '100%', '100%']  memcached=5.9%
[monitor] ['16%', '100%', '100%', '100%']  memcached=16.2%
[monitor] ['13%', '100%', '100%', '100%']  memcached=12.9%
[monitor] ['28%', '100%', '100%', '100%']  memcached=28.0%
[monitor] ['24%', '100%', '100%', '100%']  memcached=23.8%
[monitor] ['36%', '100%', '100%', '100%']  memcached=36.0%
[monitor] ['30%', '100%', '100%', '100%']  memcached=30.4%
[monitor] ['24%', '100%', '100%', '100%']  memcached=23.8%
[monitor] ['32%', '100%', '100%', '100%']  memcached=32.0%
[monitor] ['46%', '100%', '100%', '100%']  memcached=46.2%
[monitor] ['30%', '100%', '100%', '100%']  memcached=30.4%
[monitor] ['29%', '100%', '100%', '100%']  memcached=29.2%
[monitor] ['23%', '100%', '100%', '100%']  memcached=22.7%
[monitor] ['28%', '100%', '100%', '100%']  memcached=28.0%
[monitor] ['26%', '100%', '100%', '100%']  memcached=26.1%
[monitor] ['71%', '100%', '100%', '100%']  memcached=71.4%
[monitor] ['76%', '100%', '100%', '100%']  memcached=75.8%
[monitor] ['82%', '100%', '100%', '100%']  memcached=81.8%
[monitor] ['73%', '100%', '100%', '100%']  memcached=73.3%
[monitor] ['77%', '100%', '100%', '100%']  memcached=77.4%
[monitor] ['74%', '100%', '100%', '100%']  memcached=74.2%
[monitor] ['73%', '100%', '100%', '100%']  memcached=73.3%
[monitor] ['74%', '100%', '100%', '100%']  memcached=74.2%
[monitor] ['81%', '100%', '100%', '100%']  memcached=81.2%
[monitor] ['76%', '100%', '100%', '100%']  memcached=75.8%
[monitor] ['74%', '100%', '100%', '100%']  memcached=74.2%
[monitor] ['74%', '100%', '100%', '100%']  memcached=74.2%
[monitor] ['42%', '100%', '100%', '100%']  memcached=41.9%
[monitor] ['10%', '100%', '100%', '100%']  memcached=9.7%
[monitor] ['12%', '100%', '100%', '100%']  memcached=12.5%
[monitor] ['6%', '100%', '100%', '100%']  memcached=6.5%
[monitor] ['4%', '100%', '100%', '100%']  memcached=3.6%
[monitor] ['7%', '100%', '100%', '100%']  memcached=7.4%
[monitor] ['3%', '100%', '100%', '100%']  memcached=3.4%
[monitor] ['13%', '100%', '100%', '100%']  memcached=13.3%
[monitor] ['10%', '100%', '100%', '100%']  memcached=9.7%
[monitor] ['23%', '100%', '100%', '100%']  memcached=22.6%
[monitor] ['10%', '100%', '100%', '100%']  memcached=10.0%
[monitor] ['7%', '100%', '100%', '100%']  memcached=6.7%
[monitor] ['26%', '100%', '100%', '100%']  memcached=25.8%
[monitor] ['100%', '100%', '100%', '100%']  memcached=100.0%
[MEMCACHED] cores updated to: ['0', '2', '3']
[freqmine] cores updated to: [1]
[monitor] ['69%', '100%', '76%', '77%']  memcached=222.2%
[monitor] ['47%', '100%', '50%', '61%']  memcached=157.3%
[MEMCACHED] cores updated to: ['0', '3']
[freqmine] cores updated to: [2, 1]
[monitor] ['74%', '100%', '100%', '86%']  memcached=159.6%
[monitor] ['73%', '100%', '100%', '89%']  memcached=162.2%
[monitor] ['70%', '100%', '100%', '92%']  memcached=161.8%
[monitor] ['76%', '100%', '100%', '84%']  memcached=160.3%
[monitor] ['71%', '100%', '100%', '92%']  memcached=163.3%
[monitor] ['67%', '100%', '100%', '81%']  memcached=147.2%
[monitor] ['75%', '100%', '100%', '92%']  memcached=166.9%
[monitor] ['70%', '100%', '100%', '89%']  memcached=158.9%
[monitor] ['76%', '100%', '100%', '89%']  memcached=165.9%
[monitor] ['72%', '100%', '100%', '82%']  memcached=153.5%
[monitor] ['65%', '100%', '100%', '79%']  memcached=143.9%
[monitor] ['69%', '100%', '100%', '86%']  memcached=155.2%
[monitor] ['76%', '100%', '100%', '84%']  memcached=160.7%
[monitor] ['74%', '100%', '100%', '92%']  memcached=165.2%
[monitor] ['68%', '100%', '100%', '92%']  memcached=159.8%
[monitor] ['74%', '100%', '100%', '86%']  memcached=160.0%
[monitor] ['69%', '100%', '100%', '83%']  memcached=152.1%
[monitor] ['71%', '100%', '100%', '86%']  memcached=156.7%
[monitor] ['65%', '100%', '100%', '78%']  memcached=142.3%
[monitor] ['66%', '100%', '100%', '83%']  memcached=148.5%
[monitor] ['72%', '100%', '100%', '81%']  memcached=152.8%
[monitor] ['77%', '100%', '100%', '89%']  memcached=166.6%
[monitor] ['74%', '100%', '100%', '95%']  memcached=169.1%
[monitor] ['74%', '100%', '100%', '92%']  memcached=166.6%
[monitor] ['80%', '100%', '100%', '92%']  memcached=172.3%
[MEMCACHED] cores updated to: ['0', '1', '3']
[freqmine] cores updated to: [2]
[monitor] ['62%', '72%', '100%', '81%']  memcached=215.3%
[monitor] ['58%', '68%', '100%', '78%']  memcached=204.1%
[monitor] ['58%', '67%', '100%', '74%']  memcached=199.0%
[monitor] ['58%', '72%', '100%', '76%']  memcached=206.8%
[monitor] ['61%', '66%', '100%', '80%']  memcached=206.9%
[monitor] ['55%', '68%', '100%', '71%']  memcached=194.2%
[monitor] ['58%', '68%', '100%', '77%']  memcached=202.9%
[monitor] ['55%', '68%', '100%', '79%']  memcached=201.8%
[monitor] ['34%', '43%', '100%', '44%']  memcached=121.0%
[MEMCACHED] cores updated to: ['0', '3']
[freqmine] cores updated to: [2, 1]
[monitor] ['21%', '100%', '100%', '15%']  memcached=36.1%
[MEMCACHED] cores updated to: ['0']
[freqmine] cores updated to: [2, 1, 3]
[monitor] ['44%', '100%', '100%', '100%']  memcached=44.0%
[monitor] ['50%', '100%', '100%', '100%']  memcached=50.0%
[monitor] ['40%', '100%', '100%', '100%']  memcached=40.0%
[monitor] ['52%', '100%', '100%', '100%']  memcached=52.0%
[monitor] ['44%', '100%', '100%', '100%']  memcached=44.4%
[monitor] ['44%', '100%', '100%', '100%']  memcached=44.0%
[monitor] ['44%', '100%', '100%', '100%']  memcached=44.0%
[monitor] ['42%', '100%', '100%', '100%']  memcached=41.7%
[monitor] ['46%', '100%', '100%', '100%']  memcached=46.2%
[monitor] ['39%', '100%', '100%', '100%']  memcached=39.1%
[monitor] ['26%', '100%', '100%', '100%']  memcached=25.9%
[monitor] ['0%', '100%', '100%', '100%']  memcached=0.0%
[monitor] ['10%', '100%', '100%', '100%']  memcached=10.3%
[monitor] ['11%', '100%', '100%', '100%']  memcached=10.7%
[monitor] ['10%', '100%', '100%', '100%']  memcached=10.3%
[monitor] ['4%', '100%', '100%', '100%']  memcached=3.7%
[monitor] ['7%', '100%', '100%', '100%']  memcached=7.1%
[monitor] ['13%', '100%', '100%', '100%']  memcached=12.9%
[monitor] ['7%', '100%', '100%', '100%']  memcached=7.4%
[monitor] ['4%', '100%', '100%', '100%']  memcached=3.8%
[monitor] ['7%', '100%', '100%', '100%']  memcached=7.1%
[monitor] ['7%', '100%', '100%', '100%']  memcached=7.1%
[monitor] ['18%', '100%', '100%', '100%']  memcached=17.9%
[monitor] ['98%', '100%', '100%', '100%']  memcached=97.6%
[MEMCACHED] cores updated to: ['0', '2', '3']
[freqmine] cores updated to: [1]
[monitor] ['41%', '100%', '50%', '48%']  memcached=139.8%
[MEMCACHED] cores updated to: ['0', '3']
[freqmine] cores updated to: [2, 1]
[monitor] ['74%', '100%', '100%', '59%']  memcached=133.6%
[monitor] ['71%', '100%', '100%', '82%']  memcached=152.2%
[monitor] ['64%', '100%', '100%', '69%']  memcached=133.0%
[monitor] ['75%', '100%', '100%', '58%']  memcached=133.1%
[monitor] ['61%', '100%', '100%', '79%']  memcached=140.7%
[monitor] ['57%', '100%', '100%', '71%']  memcached=128.1%
[monitor] ['62%', '100%', '100%', '73%']  memcached=134.8%
[monitor] ['57%', '100%', '100%', '68%']  memcached=124.3%
[monitor] ['54%', '100%', '100%', '69%']  memcached=122.1%
[monitor] ['59%', '100%', '100%', '67%']  memcached=126.0%
[monitor] ['17%', '100%', '100%', '3%']  memcached=20.0%
[MEMCACHED] cores updated to: ['0']
[freqmine] cores updated to: [2, 1, 3]
[monitor] ['7%', '100%', '100%', '100%']  memcached=7.4%
[monitor] ['4%', '100%', '100%', '100%']  memcached=4.0%
[monitor] ['15%', '100%', '100%', '100%']  memcached=15.4%
[monitor] ['4%', '100%', '100%', '100%']  memcached=4.0%
[monitor] ['11%', '100%', '100%', '100%']  memcached=11.1%
[monitor] ['0%', '100%', '100%', '100%']  memcached=0.0%
[monitor] ['12%', '100%', '100%', '100%']  memcached=11.5%
[monitor] ['11%', '100%', '100%', '100%']  memcached=11.1%
[monitor] ['12%', '100%', '100%', '100%']  memcached=11.5%
[monitor] ['8%', '100%', '100%', '100%']  memcached=7.7%
[monitor] ['4%', '100%', '100%', '100%']  memcached=4.2%
[monitor] ['87%', '100%', '100%', '100%']  memcached=86.8%
[MEMCACHED] cores updated to: ['0', '1']
[freqmine] cores updated to: [2, 3]
[monitor] ['100%', '90%', '100%', '100%']  memcached=189.7%
[MEMCACHED] cores updated to: ['0', '1', '3']
[freqmine] cores updated to: [2]
[monitor] ['69%', '83%', '100%', '100%']  memcached=252.1%
[monitor] ['56%', '71%', '100%', '76%']  memcached=203.4%
[monitor] ['62%', '67%', '100%', '77%']  memcached=206.3%
[monitor] ['59%', '68%', '100%', '81%']  memcached=207.4%
[monitor] ['59%', '67%', '100%', '79%']  memcached=205.0%
[monitor] ['53%', '67%', '100%', '74%']  memcached=193.5%
[monitor] ['56%', '69%', '100%', '75%']  memcached=200.7%
[monitor] ['58%', '68%', '100%', '75%']  memcached=200.7%
[monitor] ['63%', '77%', '100%', '86%']  memcached=227.0%
[monitor] ['58%', '66%', '100%', '76%']  memcached=199.4%
[monitor] ['31%', '29%', '100%', '30%']  memcached=89.6%
[MEMCACHED] cores updated to: ['0', '3']
[freqmine] cores updated to: [2, 1]
[monitor] ['21%', '100%', '100%', '25%']  memcached=46.4%
[MEMCACHED] cores updated to: ['0']
[freqmine] cores updated to: [2, 1, 3]
[monitor] ['52%', '100%', '100%', '100%']  memcached=52.0%
[monitor] ['44%', '100%', '100%', '100%']  memcached=44.0%
[monitor] ['44%', '100%', '100%', '100%']  memcached=44.0%
[monitor] ['46%', '100%', '100%', '100%']  memcached=46.2%
[monitor] ['54%', '100%', '100%', '100%']  memcached=53.8%
[monitor] ['52%', '100%', '100%', '100%']  memcached=51.9%
[monitor] ['46%', '100%', '100%', '100%']  memcached=46.2%
[monitor] ['52%', '100%', '100%', '100%']  memcached=52.0%
[monitor] ['50%', '100%', '100%', '100%']  memcached=50.0%
[monitor] ['48%', '100%', '100%', '100%']  memcached=48.0%
[monitor] ['54%', '100%', '100%', '100%']  memcached=53.8%
[monitor] ['54%', '100%', '100%', '100%']  memcached=53.6%
[monitor] ['54%', '100%', '100%', '100%']  memcached=53.8%
[monitor] ['46%', '100%', '100%', '100%']  memcached=46.2%
[monitor] ['62%', '100%', '100%', '100%']  memcached=62.1%
[monitor] ['52%', '100%', '100%', '100%']  memcached=51.9%
[monitor] ['67%', '100%', '100%', '100%']  memcached=66.7%
[monitor] ['52%', '100%', '100%', '100%']  memcached=52.0%
[monitor] ['50%', '100%', '100%', '100%']  memcached=50.0%
[monitor] ['42%', '100%', '100%', '100%']  memcached=41.7%
[monitor] ['54%', '100%', '100%', '100%']  memcached=53.8%
[monitor] ['56%', '100%', '100%', '100%']  memcached=55.6%
[monitor] ['73%', '100%', '100%', '100%']  memcached=73.3%
[monitor] ['92%', '100%', '100%', '100%']  memcached=92.1%
[MEMCACHED] cores updated to: ['0', '2']
[freqmine] cores updated to: [1, 3]
[monitor] ['50%', '100%', '61%', '100%']  memcached=111.3%
[monitor] ['47%', '100%', '55%', '100%']  memcached=101.8%
[monitor] ['47%', '100%', '61%', '100%']  memcached=108.0%
[monitor] ['45%', '100%', '54%', '100%']  memcached=98.7%
[monitor] ['45%', '100%', '57%', '100%']  memcached=101.5%
[monitor] ['50%', '100%', '60%', '100%']  memcached=110.0%
[monitor] ['52%', '100%', '66%', '100%']  memcached=117.2%
[monitor] ['53%', '100%', '63%', '100%']  memcached=116.7%
[monitor] ['48%', '100%', '57%', '100%']  memcached=104.9%
[monitor] ['47%', '100%', '57%', '100%']  memcached=103.8%
[monitor] ['43%', '100%', '48%', '100%']  memcached=91.7%
[monitor] ['30%', '100%', '9%', '100%']  memcached=38.4%
[MEMCACHED] cores updated to: ['0']
[freqmine] cores updated to: [2, 1, 3]
[monitor] ['7%', '100%', '100%', '100%']  memcached=6.7%
[monitor] ['7%', '100%', '100%', '100%']  memcached=6.9%
[monitor] ['10%', '100%', '100%', '100%']  memcached=10.0%
[monitor] ['0%', '100%', '100%', '100%']  memcached=0.0%
[monitor] ['7%', '100%', '100%', '100%']  memcached=6.9%
[monitor] ['20%', '100%', '100%', '100%']  memcached=20.0%
[monitor] ['7%', '100%', '100%', '100%']  memcached=6.7%
[monitor] ['10%', '100%', '100%', '100%']  memcached=10.0%
[monitor] ['7%', '100%', '100%', '100%']  memcached=6.9%
[monitor] ['7%', '100%', '100%', '100%']  memcached=6.7%
[monitor] ['7%', '100%', '100%', '100%']  memcached=6.7%
[monitor] ['92%', '100%', '100%', '100%']  memcached=92.3%
[MEMCACHED] cores updated to: ['0', '1']
[freqmine] cores updated to: [2, 3]
[monitor] ['100%', '74%', '100%', '100%']  memcached=173.7%
[MEMCACHED] cores updated to: ['0', '1', '3']
[freqmine] cores updated to: [2]
[monitor] ['83%', '100%', '100%', '100%']  memcached=283.3%
[monitor] ['74%', '92%', '100%', '100%']  memcached=265.8%
[monitor] ['72%', '83%', '100%', '100%']  memcached=255.6%
[monitor] ['69%', '84%', '100%', '100%']  memcached=253.0%
[monitor] ['68%', '84%', '100%', '95%']  memcached=246.3%
[monitor] ['73%', '81%', '100%', '90%']  memcached=243.6%
[monitor] ['79%', '84%', '100%', '92%']  memcached=255.3%
[monitor] ['76%', '86%', '100%', '89%']  memcached=251.6%
[monitor] ['73%', '84%', '100%', '92%']  memcached=249.2%
[monitor] ['67%', '83%', '100%', '90%']  memcached=240.2%
[monitor] ['28%', '13%', '100%', '11%']  memcached=52.3%
[MEMCACHED] cores updated to: ['0']
[freqmine] cores updated to: [2, 1, 3]
[monitor] ['33%', '100%', '100%', '100%']  memcached=33.3%
[monitor] ['23%', '100%', '100%', '100%']  memcached=22.7%
[monitor] ['26%', '100%', '100%', '100%']  memcached=26.1%
[monitor] ['26%', '100%', '100%', '100%']  memcached=26.1%
[monitor] ['22%', '100%', '100%', '100%']  memcached=21.7%
[monitor] ['29%', '100%', '100%', '100%']  memcached=29.2%
[monitor] ['40%', '100%', '100%', '100%']  memcached=40.0%
[monitor] ['23%', '100%', '100%', '100%']  memcached=22.7%
[monitor] ['26%', '100%', '100%', '100%']  memcached=26.1%
[monitor] ['22%', '100%', '100%', '100%']  memcached=21.7%
[monitor] ['28%', '100%', '100%', '100%']  memcached=28.0%
[monitor] ['79%', '100%', '100%', '100%']  memcached=79.4%
[monitor] ['94%', '100%', '100%', '100%']  memcached=94.4%
[MEMCACHED] cores updated to: ['0', '2']
[freqmine] cores updated to: [1, 3]
[monitor] ['45%', '100%', '44%', '100%']  memcached=89.3%
[monitor] ['50%', '100%', '48%', '100%']  memcached=98.1%
[monitor] ['45%', '100%', '46%', '100%']  memcached=91.3%
[monitor] ['41%', '100%', '46%', '100%']  memcached=87.2%
[monitor] ['45%', '100%', '44%', '100%']  memcached=89.3%
[monitor] ['47%', '100%', '44%', '100%']  memcached=91.1%
[monitor] ['45%', '100%', '46%', '100%']  memcached=91.3%
[monitor] ['48%', '100%', '54%', '100%']  memcached=101.8%
[monitor] ['44%', '100%', '46%', '100%']  memcached=90.9%
[monitor] ['43%', '100%', '50%', '100%']  memcached=92.9%
[monitor] ['32%', '100%', '32%', '100%']  memcached=64.5%
[MEMCACHED] cores updated to: ['0']
[freqmine] cores updated to: [2, 1, 3]
[monitor] ['12%', '100%', '100%', '100%']  memcached=12.0%
[monitor] ['8%', '100%', '100%', '100%']  memcached=8.0%
[monitor] ['8%', '100%', '100%', '100%']  memcached=8.0%
[monitor] ['12%', '100%', '100%', '100%']  memcached=11.5%
[monitor] ['12%', '100%', '100%', '100%']  memcached=12.0%
[monitor] ['8%', '100%', '100%', '100%']  memcached=8.3%
[monitor] ['23%', '100%', '100%', '100%']  memcached=23.1%
[monitor] ['8%', '100%', '100%', '100%']  memcached=8.3%
[monitor] ['12%', '100%', '100%', '100%']  memcached=12.0%
[monitor] ['8%', '100%', '100%', '100%']  memcached=8.3%
[monitor] ['4%', '100%', '100%', '100%']  memcached=4.2%
[monitor] ['28%', '100%', '100%', '100%']  memcached=28.0%
[monitor] ['83%', '100%', '100%', '100%']  memcached=82.9%
[monitor] ['82%', '100%', '100%', '100%']  memcached=81.8%
[monitor] ['78%', '100%', '100%', '100%']  memcached=78.1%
[monitor] ['85%', '100%', '100%', '100%']  memcached=84.8%
[monitor] ['86%', '100%', '100%', '100%']  memcached=85.7%
[MEMCACHED] cores updated to: ['0', '1']
[freqmine] cores updated to: [2, 3]
[monitor] ['44%', '48%', '100%', '100%']  memcached=92.7%
[monitor] ['41%', '45%', '100%', '100%']  memcached=86.2%
[monitor] ['43%', '37%', '100%', '100%']  memcached=79.9%
[MEMCACHED] cores updated to: ['0']
[freqmine] cores updated to: [2, 1, 3]
[monitor] ['86%', '100%', '100%', '100%']  memcached=85.7%
[MEMCACHED] cores updated to: ['0', '3']
[freqmine] cores updated to: [2, 1]
[monitor] ['36%', '100%', '100%', '39%']  memcached=75.0%
[MEMCACHED] cores updated to: ['0']
[freqmine] cores updated to: [2, 1, 3]
[monitor] ['78%', '100%', '100%', '100%']  memcached=78.1%
[monitor] ['89%', '100%', '100%', '100%']  memcached=88.6%
[MEMCACHED] cores updated to: ['0', '2']
[freqmine] cores updated to: [1, 3]
[monitor] ['44%', '100%', '48%', '100%']  memcached=92.6%
[monitor] ['46%', '100%', '48%', '100%']  memcached=94.6%
[monitor] ['67%', '100%', '67%', '100%']  memcached=133.3%
[monitor] ['36%', '100%', '54%', '100%']  memcached=89.3%
[monitor] ['40%', '100%', '57%', '100%']  memcached=96.7%
[monitor] ['41%', '100%', '59%', '100%']  memcached=100.0%
[monitor] ['43%', '100%', '58%', '100%']  memcached=101.0%
[monitor] ['41%', '100%', '55%', '100%']  memcached=96.6%
[monitor] ['39%', '100%', '61%', '100%']  memcached=100.6%
[monitor] ['38%', '100%', '54%', '100%']  memcached=91.5%
[monitor] ['43%', '100%', '53%', '100%']  memcached=96.7%
[monitor] ['48%', '100%', '63%', '100%']  memcached=111.6%
[monitor] ['53%', '100%', '75%', '100%']  memcached=128.1%
[monitor] ['55%', '100%', '77%', '100%']  memcached=132.0%
[monitor] ['56%', '100%', '79%', '100%']  memcached=135.0%
[monitor] ['71%', '100%', '86%', '100%']  memcached=156.7%
[monitor] ['61%', '100%', '80%', '100%']  memcached=140.6%
[monitor] ['59%', '100%', '78%', '100%']  memcached=137.5%
[monitor] ['48%', '100%', '77%', '100%']  memcached=125.4%
[monitor] ['53%', '100%', '79%', '100%']  memcached=131.9%
[monitor] ['58%', '100%', '79%', '100%']  memcached=136.9%
[monitor] ['57%', '100%', '77%', '100%']  memcached=133.8%
[monitor] ['48%', '100%', '76%', '100%']  memcached=124.0%
[monitor] ['48%', '100%', '76%', '100%']  memcached=124.1%
[monitor] ['43%', '100%', '55%', '100%']  memcached=98.5%
[monitor] ['40%', '100%', '48%', '100%']  memcached=88.1%
[monitor] ['42%', '100%', '50%', '100%']  memcached=91.9%
[monitor] ['40%', '100%', '50%', '100%']  memcached=90.0%
[monitor] ['41%', '100%', '57%', '100%']  memcached=98.0%
[monitor] ['39%', '100%', '52%', '100%']  memcached=91.1%
[monitor] ['45%', '100%', '48%', '100%']  memcached=93.3%
[monitor] ['47%', '100%', '52%', '100%']  memcached=98.6%
[monitor] ['36%', '100%', '57%', '100%']  memcached=92.4%
[monitor] ['45%', '100%', '54%', '100%']  memcached=98.7%
[monitor] ['40%', '100%', '50%', '100%']  memcached=90.0%
[monitor] ['40%', '100%', '52%', '100%']  memcached=91.7%
[monitor] ['38%', '100%', '27%', '100%']  memcached=64.4%
[MEMCACHED] cores updated to: ['0']
[freqmine] cores updated to: [2, 1, 3]
[monitor] ['30%', '100%', '100%', '100%']  memcached=30.4%
[monitor] ['30%', '100%', '100%', '100%']  memcached=30.4%
[monitor] ['46%', '100%', '100%', '100%']  memcached=46.2%
[monitor] ['42%', '100%', '100%', '100%']  memcached=42.3%
[monitor] ['40%', '100%', '100%', '100%']  memcached=40.0%
[monitor] ['36%', '100%', '100%', '100%']  memcached=36.0%
[monitor] ['42%', '100%', '100%', '100%']  memcached=41.7%
[monitor] ['48%', '100%', '100%', '100%']  memcached=48.1%
[monitor] ['40%', '100%', '100%', '100%']  memcached=40.0%
[monitor] ['40%', '100%', '100%', '100%']  memcached=40.0%
[monitor] ['33%', '100%', '100%', '100%']  memcached=33.3%
[monitor] ['61%', '100%', '100%', '100%']  memcached=60.7%
[monitor] ['100%', '100%', '100%', '100%']  memcached=100.0%
[MEMCACHED] cores updated to: ['0', '1', '3']
[freqmine] cores updated to: [2]
[monitor] ['98%', '100%', '100%', '100%']  memcached=297.5%
[monitor] ['74%', '92%', '100%', '100%']  memcached=266.4%
[monitor] ['74%', '89%', '100%', '100%']  memcached=262.7%
[monitor] ['73%', '81%', '100%', '88%']  memcached=240.8%
[monitor] ['74%', '79%', '100%', '89%']  memcached=243.2%
[monitor] ['70%', '81%', '100%', '86%']  memcached=236.7%
[monitor] ['73%', '81%', '100%', '89%']  memcached=242.8%
[monitor] ['74%', '89%', '100%', '92%']  memcached=254.6%
[monitor] ['74%', '89%', '100%', '95%']  memcached=258.3%
[monitor] ['69%', '76%', '100%', '87%']  memcached=232.4%
[monitor] ['62%', '71%', '100%', '78%']  memcached=211.7%
[monitor] ['21%', '17%', '100%', '14%']  memcached=52.2%
[MEMCACHED] cores updated to: ['0']
[freqmine] cores updated to: [2, 1, 3]
[monitor] ['48%', '100%', '100%', '100%']  memcached=48.0%
[monitor] ['42%', '100%', '100%', '100%']  memcached=41.7%
[monitor] ['46%', '100%', '100%', '100%']  memcached=46.2%
[monitor] ['39%', '100%', '100%', '100%']  memcached=39.1%
[monitor] ['42%', '100%', '100%', '100%']  memcached=41.7%
[monitor] ['46%', '100%', '100%', '100%']  memcached=46.2%
[monitor] ['39%', '100%', '100%', '100%']  memcached=39.1%
[monitor] ['33%', '100%', '100%', '100%']  memcached=33.3%
[monitor] ['38%', '100%', '100%', '100%']  memcached=37.5%
[monitor] ['40%', '100%', '100%', '100%']  memcached=40.0%
[monitor] ['27%', '100%', '100%', '100%']  memcached=27.3%
[monitor] ['97%', '100%', '100%', '100%']  memcached=97.4%
[MEMCACHED] cores updated to: ['0', '1', '2']
[freqmine] cores updated to: [3]
[monitor] ['62%', '59%', '61%', '100%']  memcached=182.5%
[monitor] ['52%', '53%', '56%', '100%']  memcached=161.2%
[monitor] ['48%', '52%', '50%', '100%']  memcached=150.1%
[MEMCACHED] cores updated to: ['0', '2']
[freqmine] cores updated to: [1, 3]
[monitor] ['68%', '100%', '84%', '100%']  memcached=151.5%
[monitor] ['71%', '100%', '86%', '100%']  memcached=157.1%
[monitor] ['66%', '100%', '86%', '100%']  memcached=151.3%
[monitor] ['74%', '100%', '91%', '100%']  memcached=165.0%
[monitor] ['70%', '100%', '89%', '100%']  memcached=159.2%
[monitor] ['70%', '100%', '89%', '100%']  memcached=158.3%
[monitor] ['67%', '100%', '86%', '100%']  memcached=152.4%
[monitor] ['64%', '100%', '83%', '100%']  memcached=147.0%
[monitor] ['50%', '100%', '59%', '100%']  memcached=108.6%
[monitor] ['43%', '100%', '48%', '100%']  memcached=91.1%
[monitor] ['41%', '100%', '50%', '100%']  memcached=90.7%
[monitor] ['41%', '100%', '48%', '100%']  memcached=88.9%
[monitor] ['41%', '100%', '46%', '100%']  memcached=87.8%
[monitor] ['45%', '100%', '44%', '100%']  memcached=89.3%
[monitor] ['41%', '100%', '48%', '100%']  memcached=89.7%
[monitor] ['47%', '100%', '46%', '100%']  memcached=93.1%
[monitor] ['41%', '100%', '46%', '100%']  memcached=87.2%
[monitor] ['41%', '100%', '43%', '100%']  memcached=83.6%
[monitor] ['47%', '100%', '45%', '100%']  memcached=91.5%
[monitor] ['45%', '100%', '43%', '100%']  memcached=88.2%
[monitor] ['67%', '100%', '61%', '100%']  memcached=127.3%
[monitor] ['83%', '100%', '75%', '100%']  memcached=158.3%
[monitor] ['81%', '100%', '81%', '100%']  memcached=161.1%
[monitor] ['86%', '100%', '83%', '100%']  memcached=169.0%
[monitor] ['82%', '100%', '82%', '100%']  memcached=164.2%
[monitor] ['80%', '100%', '79%', '100%']  memcached=159.4%
[monitor] ['81%', '100%', '80%', '100%']  memcached=160.6%
[monitor] ['83%', '100%', '82%', '100%']  memcached=164.4%
[monitor] ['83%', '100%', '82%', '100%']  memcached=165.7%
[monitor] ['83%', '100%', '80%', '100%']  memcached=162.9%
[monitor] ['82%', '100%', '81%', '100%']  memcached=163.4%
[monitor] ['77%', '100%', '78%', '100%']  memcached=154.9%
[monitor] ['81%', '100%', '76%', '100%']  memcached=156.3%
[monitor] ['27%', '100%', '20%', '100%']  memcached=47.3%
[MEMCACHED] cores updated to: ['0']
[freqmine] cores updated to: [2, 1, 3]
[monitor] ['17%', '100%', '100%', '100%']  memcached=17.4%
[monitor] ['27%', '100%', '100%', '100%']  memcached=27.3%
[monitor] ['29%', '100%', '100%', '100%']  memcached=29.2%
[monitor] ['19%', '100%', '100%', '100%']  memcached=19.0%
[monitor] ['22%', '100%', '100%', '100%']  memcached=21.7%
[monitor] ['23%', '100%', '100%', '100%']  memcached=22.7%
[monitor] ['38%', '100%', '100%', '100%']  memcached=38.5%
[monitor] ['30%', '100%', '100%', '100%']  memcached=30.4%
[monitor] ['33%', '100%', '100%', '100%']  memcached=33.3%
[monitor] ['46%', '100%', '100%', '100%']  memcached=46.2%
[monitor] ['42%', '100%', '100%', '100%']  memcached=41.7%
[monitor] ['86%', '100%', '100%', '100%']  memcached=86.5%
[MEMCACHED] cores updated to: ['0', '3']
[freqmine] cores updated to: [2, 1]
[monitor] ['67%', '100%', '100%', '52%']  memcached=118.4%
[monitor] ['65%', '100%', '100%', '46%']  memcached=110.9%
[monitor] ['61%', '100%', '100%', '53%']  memcached=114.0%
[monitor] ['59%', '100%', '100%', '55%']  memcached=113.5%
[monitor] ['60%', '100%', '100%', '55%']  memcached=114.5%
[monitor] ['65%', '100%', '100%', '58%']  memcached=122.6%
[monitor] ['59%', '100%', '100%', '48%']  memcached=106.9%
[monitor] ['62%', '100%', '100%', '58%']  memcached=120.6%
[monitor] ['66%', '100%', '100%', '55%']  memcached=120.5%
[monitor] ['66%', '100%', '100%', '52%']  memcached=117.1%
[monitor] ['55%', '100%', '100%', '50%']  memcached=104.8%
[monitor] ['70%', '100%', '100%', '47%']  memcached=116.7%
[monitor] ['68%', '100%', '100%', '53%']  memcached=121.1%
[monitor] ['73%', '100%', '100%', '55%']  memcached=127.6%
[monitor] ['79%', '100%', '100%', '58%']  memcached=136.9%
[monitor] ['69%', '100%', '100%', '61%']  memcached=129.4%
[monitor] ['72%', '100%', '100%', '55%']  memcached=126.7%
[monitor] ['82%', '100%', '100%', '67%']  memcached=148.5%
[monitor] ['73%', '100%', '100%', '65%']  memcached=137.4%
[monitor] ['71%', '100%', '100%', '58%']  memcached=129.0%
[monitor] ['63%', '100%', '100%', '65%']  memcached=128.0%
[monitor] ['68%', '100%', '100%', '66%']  memcached=133.3%
[monitor] ['67%', '100%', '100%', '54%']  memcached=120.2%
[monitor] ['76%', '100%', '100%', '66%']  memcached=141.4%
[monitor] ['89%', '100%', '100%', '90%']  memcached=178.9%
[MEMCACHED] cores updated to: ['0', '2', '3']
[freqmine] cores updated to: [1]
[monitor] ['69%', '100%', '68%', '84%']  memcached=220.4%
[monitor] ['67%', '100%', '71%', '79%']  memcached=216.7%
[monitor] ['62%', '100%', '69%', '81%']  memcached=211.6%
[monitor] ['71%', '100%', '74%', '81%']  memcached=224.7%
[monitor] ['67%', '100%', '71%', '86%']  memcached=223.8%
[monitor] ['67%', '100%', '72%', '81%']  memcached=219.4%
[monitor] ['67%', '100%', '72%', '82%']  memcached=220.1%
[monitor] ['67%', '100%', '74%', '83%']  memcached=223.5%
[monitor] ['74%', '100%', '74%', '83%']  memcached=231.1%
[monitor] ['71%', '100%', '74%', '83%']  memcached=229.0%
[monitor] ['66%', '100%', '70%', '83%']  memcached=218.2%
[monitor] ['76%', '100%', '80%', '92%']  memcached=247.9%
[monitor] ['76%', '100%', '79%', '89%']  memcached=245.4%
[monitor] ['74%', '100%', '81%', '92%']  memcached=246.4%
[monitor] ['74%', '100%', '78%', '87%']  memcached=238.9%
[monitor] ['74%', '100%', '77%', '86%']  memcached=237.9%
[monitor] ['77%', '100%', '81%', '92%']  memcached=250.0%
[monitor] ['81%', '100%', '86%', '92%']  memcached=258.4%
[monitor] ['76%', '100%', '81%', '92%']  memcached=249.1%
[monitor] ['74%', '100%', '82%', '87%']  memcached=243.1%
[monitor] ['81%', '100%', '80%', '92%']  memcached=253.4%
[monitor] ['76%', '100%', '81%', '92%']  memcached=249.1%
[monitor] ['76%', '100%', '83%', '90%']  memcached=249.3%
[monitor] ['68%', '100%', '71%', '83%']  memcached=221.6%
[monitor] ['66%', '100%', '67%', '80%']  memcached=212.3%
[monitor] ['62%', '100%', '67%', '76%']  memcached=205.6%
[monitor] ['61%', '100%', '69%', '78%']  memcached=208.4%
[monitor] ['63%', '100%', '67%', '80%']  memcached=210.0%
[monitor] ['66%', '100%', '71%', '81%']  memcached=217.6%
[monitor] ['62%', '100%', '70%', '80%']  memcached=212.2%
[monitor] ['64%', '100%', '66%', '78%']  memcached=207.1%
[monitor] ['69%', '100%', '76%', '79%']  memcached=223.9%
[monitor] ['84%', '100%', '89%', '83%']  memcached=255.8%
[monitor] ['68%', '100%', '73%', '80%']  memcached=220.5%
[monitor] ['59%', '100%', '65%', '76%']  memcached=199.8%
[monitor] ['45%', '100%', '47%', '55%']  memcached=146.6%
[MEMCACHED] cores updated to: ['0', '3']
[freqmine] cores updated to: [2, 1]
[monitor] ['28%', '100%', '100%', '23%']  memcached=50.7%
[MEMCACHED] cores updated to: ['0']
[freqmine] cores updated to: [2, 1, 3]
[monitor] ['63%', '100%', '100%', '100%']  memcached=63.0%
[monitor] ['92%', '100%', '100%', '100%']  memcached=92.1%
[MEMCACHED] cores updated to: ['0', '1']
[freqmine] cores updated to: [2, 3]
[monitor] ['25%', '17%', '100%', '100%']  memcached=41.7%
[MEMCACHED] cores updated to: ['0']
[freqmine] cores updated to: [2, 1, 3]
[monitor] ['54%', '100%', '100%', '100%']  memcached=53.8%
[monitor] ['59%', '100%', '100%', '100%']  memcached=59.3%
[monitor] ['62%', '100%', '100%', '100%']  memcached=61.5%
[monitor] ['64%', '98%', '100%', '100%']  memcached=64.3%
[monitor] ['67%', '100%', '100%', '100%']  memcached=66.7%
[monitor] ['64%', '100%', '100%', '100%']  memcached=64.3%
[monitor] ['56%', '100%', '100%', '100%']  memcached=56.0%
[monitor] ['85%', '100%', '100%', '100%']  memcached=84.8%
[monitor] ['100%', '100%', '100%', '100%']  memcached=100.0%
[MEMCACHED] cores updated to: ['0', '2', '3']
[freqmine] cores updated to: [1]
[monitor] ['100%', '100%', '100%', '98%']  memcached=297.5%
[monitor] ['97%', '100%', '95%', '100%']  memcached=292.4%
[monitor] ['79%', '100%', '76%', '86%']  memcached=241.4%
[monitor] ['69%', '100%', '71%', '82%']  memcached=221.6%
[monitor] ['67%', '100%', '71%', '83%']  memcached=220.1%
[monitor] ['72%', '100%', '77%', '86%']  memcached=235.1%
[monitor] ['68%', '100%', '74%', '81%']  memcached=221.7%
[monitor] ['80%', '100%', '83%', '80%']  memcached=242.9%
[monitor] ['67%', '100%', '73%', '86%']  memcached=225.9%
[monitor] ['67%', '100%', '71%', '77%']  memcached=214.4%
[monitor] ['43%', '100%', '39%', '49%']  memcached=131.2%
[MEMCACHED] cores updated to: ['0', '3']
[freqmine] cores updated to: [2, 1]
[monitor] ['11%', '100%', '100%', '3%']  memcached=13.4%
[MEMCACHED] cores updated to: ['0']
[freqmine] cores updated to: [2, 1, 3]
[monitor] ['9%', '100%', '100%', '100%']  memcached=8.6%
[monitor] ['6%', '100%', '100%', '100%']  memcached=6.1%
[monitor] ['9%', '100%', '100%', '100%']  memcached=8.6%
[monitor] ['6%', '100%', '100%', '100%']  memcached=5.9%
[monitor] ['16%', '100%', '100%', '100%']  memcached=15.8%
[monitor] ['14%', '100%', '100%', '100%']  memcached=13.5%
[monitor] ['21%', '100%', '100%', '100%']  memcached=20.5%
[monitor] ['16%', '100%', '100%', '100%']  memcached=15.8%
[monitor] ['22%', '100%', '100%', '100%']  memcached=22.5%
[monitor] ['16%', '100%', '100%', '100%']  memcached=15.8%
[monitor] ['27%', '100%', '100%', '100%']  memcached=27.3%
[monitor] ['95%', '100%', '100%', '100%']  memcached=95.0%
[MEMCACHED] cores updated to: ['0', '1']
[freqmine] cores updated to: [2, 3]
[monitor] ['44%', '41%', '100%', '100%']  memcached=85.2%
[monitor] ['44%', '36%', '100%', '100%']  memcached=80.2%
[monitor] ['38%', '37%', '100%', '100%']  memcached=75.5%
[MEMCACHED] cores updated to: ['0']
[freqmine] cores updated to: [2, 1, 3]
[monitor] ['89%', '100%', '100%', '100%']  memcached=89.2%
[MEMCACHED] cores updated to: ['0', '3']
[freqmine] cores updated to: [2, 1]
[monitor] ['35%', '100%', '100%', '41%']  memcached=75.4%
[MEMCACHED] cores updated to: ['0']
[freqmine] cores updated to: [2, 1, 3]
[monitor] ['86%', '100%', '100%', '100%']  memcached=86.1%
[MEMCACHED] cores updated to: ['0', '2']
[freqmine] cores updated to: [1, 3]
[monitor] ['37%', '100%', '32%', '100%']  memcached=69.0%
[MEMCACHED] cores updated to: ['0']
[freqmine] cores updated to: [2, 1, 3]
[monitor] ['86%', '100%', '100%', '100%']  memcached=86.5%
[MEMCACHED] cores updated to: ['0', '1']
[freqmine] cores updated to: [2, 3]
[monitor] ['36%', '44%', '100%', '100%']  memcached=80.4%
[monitor] ['46%', '41%', '100%', '100%']  memcached=87.8%
[monitor] ['5%', '0%', '100%', '100%']  memcached=5.4%
[MEMCACHED] cores updated to: ['0']
[freqmine] cores updated to: [2, 1, 3]
[monitor] ['14%', '100%', '100%', '100%']  memcached=13.5%
[monitor] ['6%', '100%', '100%', '100%']  memcached=6.1%
[monitor] ['11%', '100%', '100%', '100%']  memcached=11.1%
[monitor] ['3%', '100%', '100%', '100%']  memcached=3.0%
[monitor] ['11%', '100%', '100%', '100%']  memcached=11.1%
[monitor] ['9%', '100%', '100%', '100%']  memcached=8.6%
[monitor] ['11%', '100%', '100%', '100%']  memcached=11.1%
[monitor] ['0%', '100%', '100%', '100%']  memcached=0.0%
[monitor] ['11%', '100%', '100%', '100%']  memcached=11.1%
[monitor] ['11%', '100%', '100%', '100%']  memcached=11.1%
[monitor] ['6%', '100%', '100%', '100%']  memcached=5.9%
[monitor] ['66%', '74%', '90%', '79%']  memcached=65.7%
[freqmine] ended.
[streamcluster] started on cores: [1, 2, 3] with 3 threads.
[monitor] ['94%', '58%', '32%', '55%']  memcached=94.4%
[MEMCACHED] cores updated to: ['0', '1']
[streamcluster] cores updated to: [2, 3]
[monitor] ['44%', '44%', '39%', '79%']  memcached=88.9%
[monitor] ['42%', '45%', '31%', '100%']  memcached=87.1%
[monitor] ['44%', '52%', '95%', '92%']  memcached=96.2%
[monitor] ['48%', '52%', '95%', '95%']  memcached=99.9%
[monitor] ['54%', '48%', '98%', '98%']  memcached=102.1%
[monitor] ['58%', '53%', '95%', '97%']  memcached=111.4%
[monitor] ['42%', '43%', '95%', '100%']  memcached=85.2%
[monitor] ['52%', '44%', '97%', '95%']  memcached=96.3%
[monitor] ['52%', '48%', '95%', '100%']  memcached=100.0%
[monitor] ['53%', '45%', '93%', '95%']  memcached=98.2%
[monitor] ['32%', '41%', '92%', '98%']  memcached=72.9%
[MEMCACHED] cores updated to: ['0']
[streamcluster] cores updated to: [1, 2, 3]
[monitor] ['64%', '95%', '82%', '100%']  memcached=64.3%
[monitor] ['64%', '98%', '80%', '100%']  memcached=64.3%
[monitor] ['54%', '97%', '82%', '100%']  memcached=54.2%
[monitor] ['68%', '98%', '85%', '100%']  memcached=67.7%
[monitor] ['64%', '97%', '77%', '100%']  memcached=64.3%
[monitor] ['64%', '98%', '79%', '100%']  memcached=64.3%
[monitor] ['74%', '92%', '88%', '98%']  memcached=74.2%
[monitor] ['67%', '97%', '82%', '100%']  memcached=66.7%
[monitor] ['64%', '98%', '87%', '100%']  memcached=64.3%
[monitor] ['71%', '98%', '82%', '98%']  memcached=71.4%
[monitor] ['64%', '98%', '85%', '100%']  memcached=64.3%
[monitor] ['100%', '95%', '84%', '100%']  memcached=100.0%
[MEMCACHED] cores updated to: ['0', '2', '3']
[streamcluster] cores updated to: [1]
[monitor] ['34%', '100%', '42%', '45%']  memcached=121.2%
[MEMCACHED] cores updated to: ['0', '3']
[streamcluster] cores updated to: [1, 2]
[monitor] ['66%', '95%', '98%', '71%']  memcached=136.6%
[monitor] ['54%', '95%', '97%', '69%']  memcached=122.3%
[monitor] ['62%', '95%', '98%', '69%']  memcached=130.8%
[monitor] ['57%', '95%', '98%', '68%']  memcached=124.4%
[monitor] ['55%', '97%', '98%', '67%']  memcached=121.8%
[monitor] ['61%', '95%', '95%', '70%']  memcached=131.0%
[monitor] ['62%', '95%', '98%', '74%']  memcached=135.6%
[monitor] ['67%', '97%', '98%', '72%']  memcached=138.5%
[monitor] ['59%', '92%', '97%', '62%']  memcached=121.1%
[monitor] ['62%', '98%', '98%', '73%']  memcached=135.2%
[monitor] ['16%', '97%', '95%', '7%']  memcached=23.5%
[MEMCACHED] cores updated to: ['0']
[streamcluster] cores updated to: [3, 1, 2]
[monitor] ['9%', '98%', '77%', '100%']  memcached=8.7%
[monitor] ['23%', '98%', '82%', '100%']  memcached=23.1%
[monitor] ['5%', '100%', '80%', '100%']  memcached=4.5%
[monitor] ['12%', '98%', '79%', '100%']  memcached=12.5%
[monitor] ['9%', '100%', '80%', '98%']  memcached=8.7%
[monitor] ['12%', '98%', '79%', '100%']  memcached=12.5%
[monitor] ['13%', '100%', '82%', '100%']  memcached=13.0%
[monitor] ['5%', '98%', '79%', '100%']  memcached=4.5%
[monitor] ['13%', '100%', '79%', '100%']  memcached=13.0%
[monitor] ['17%', '100%', '82%', '100%']  memcached=16.7%
[monitor] ['9%', '98%', '80%', '100%']  memcached=9.1%
[monitor] ['83%', '95%', '82%', '100%']  memcached=83.3%
[monitor] ['100%', '92%', '85%', '100%']  memcached=100.0%
[MEMCACHED] cores updated to: ['0', '1', '3']
[streamcluster] cores updated to: [2]
[monitor] ['48%', '47%', '100%', '56%']  memcached=151.3%
[MEMCACHED] cores updated to: ['0', '3']
[streamcluster] cores updated to: [1, 2]
[monitor] ['85%', '95%', '95%', '64%']  memcached=148.9%
[monitor] ['86%', '97%', '97%', '62%']  memcached=148.2%
[monitor] ['79%', '95%', '92%', '61%']  memcached=140.0%
[monitor] ['68%', '95%', '95%', '61%']  memcached=128.3%
[monitor] ['73%', '92%', '98%', '61%']  memcached=133.3%
[monitor] ['69%', '95%', '95%', '77%']  memcached=145.9%
[monitor] ['68%', '95%', '95%', '79%']  memcached=147.2%
[monitor] ['59%', '95%', '97%', '73%']  memcached=131.3%
[monitor] ['74%', '95%', '98%', '74%']  memcached=147.1%
[monitor] ['74%', '84%', '98%', '95%']  memcached=168.4%
[monitor] ['100%', '95%', '82%', '98%']  memcached=197.6%
[MEMCACHED] cores updated to: ['0', '2', '3']
[streamcluster] cores updated to: [1]
[monitor] ['82%', '100%', '89%', '100%']  memcached=270.7%
[monitor] ['89%', '100%', '81%', '95%']  memcached=264.9%
[monitor] ['77%', '100%', '83%', '92%']  memcached=252.8%
[monitor] ['75%', '100%', '76%', '92%']  memcached=243.6%
[monitor] ['76%', '100%', '80%', '92%']  memcached=248.8%
[monitor] ['77%', '100%', '80%', '95%']  memcached=251.7%
[monitor] ['80%', '100%', '79%', '98%']  memcached=256.9%
[monitor] ['77%', '100%', '81%', '92%']  memcached=250.2%
[monitor] ['76%', '100%', '80%', '92%']  memcached=248.1%
[monitor] ['72%', '100%', '76%', '90%']  memcached=238.1%
[monitor] ['36%', '100%', '42%', '53%']  memcached=130.8%
[MEMCACHED] cores updated to: ['0', '3']
[streamcluster] cores updated to: [2, 1]
[monitor] ['11%', '92%', '95%', '3%']  memcached=14.2%
[MEMCACHED] cores updated to: ['0']
[streamcluster] cores updated to: [2, 1, 3]
[monitor] ['9%', '98%', '78%', '100%']  memcached=9.4%
[monitor] ['3%', '100%', '75%', '100%']  memcached=3.4%
[monitor] ['7%', '98%', '78%', '100%']  memcached=6.7%
[monitor] ['10%', '98%', '85%', '98%']  memcached=10.0%
[monitor] ['7%', '100%', '75%', '98%']  memcached=6.7%
[monitor] ['7%', '100%', '80%', '100%']  memcached=6.7%
[monitor] ['16%', '100%', '85%', '100%']  memcached=15.6%
[monitor] ['12%', '98%', '78%', '100%']  memcached=12.5%
[monitor] ['10%', '100%', '87%', '100%']  memcached=10.0%
[monitor] ['7%', '100%', '80%', '100%']  memcached=6.7%
[monitor] ['31%', '98%', '82%', '100%']  memcached=31.2%
[monitor] ['95%', '95%', '82%', '100%']  memcached=94.9%
[MEMCACHED] cores updated to: ['0', '2']
[streamcluster] cores updated to: [1, 3]
[monitor] ['42%', '97%', '46%', '98%']  memcached=88.7%
[monitor] ['40%', '100%', '48%', '97%']  memcached=88.3%
[monitor] ['45%', '97%', '42%', '100%']  memcached=87.1%
[monitor] ['38%', '98%', '42%', '100%']  memcached=80.8%
[monitor] ['38%', '98%', '30%', '100%']  memcached=68.9%
[MEMCACHED] cores updated to: ['0']
[streamcluster] cores updated to: [2, 1, 3]
[monitor] ['92%', '95%', '82%', '100%']  memcached=91.9%
[MEMCACHED] cores updated to: ['0', '1']
[streamcluster] cores updated to: [2, 3]
[monitor] ['50%', '59%', '90%', '97%']  memcached=108.6%
[monitor] ['58%', '52%', '95%', '97%']  memcached=109.8%
[monitor] ['52%', '57%', '98%', '98%']  memcached=108.4%
[monitor] ['60%', '63%', '100%', '92%']  memcached=123.3%
[monitor] ['73%', '76%', '95%', '95%']  memcached=148.5%
[monitor] ['81%', '89%', '95%', '100%']  memcached=169.7%
[monitor] ['86%', '86%', '95%', '98%']  memcached=172.6%
[MEMCACHED] cores updated to: ['0', '1', '3']
[streamcluster] cores updated to: [2]
[monitor] ['52%', '58%', '100%', '61%']  memcached=171.1%
[monitor] ['57%', '57%', '100%', '71%']  memcached=183.9%
[monitor] ['56%', '53%', '100%', '65%']  memcached=174.1%
[monitor] ['52%', '50%', '100%', '62%']  memcached=164.1%
[monitor] ['42%', '52%', '100%', '58%']  memcached=152.1%
[MEMCACHED] cores updated to: ['0', '3']
[streamcluster] cores updated to: [2, 1]
[monitor] ['82%', '97%', '92%', '84%']  memcached=165.6%
[monitor] ['83%', '87%', '98%', '89%']  memcached=172.2%
[MEMCACHED] cores updated to: ['0', '2', '3']
[streamcluster] cores updated to: [1]
[monitor] ['50%', '100%', '48%', '65%']  memcached=163.0%
[monitor] ['52%', '100%', '55%', '71%']  memcached=177.2%
[monitor] ['50%', '100%', '53%', '71%']  memcached=173.9%
[monitor] ['43%', '100%', '48%', '58%']  memcached=149.8%
[MEMCACHED] cores updated to: ['0', '3']
[streamcluster] cores updated to: [2, 1]
[monitor] ['75%', '98%', '98%', '89%']  memcached=164.2%
[monitor] ['89%', '98%', '90%', '87%']  memcached=175.7%
[MEMCACHED] cores updated to: ['0', '1', '3']
[streamcluster] cores updated to: [2]
[monitor] ['53%', '54%', '100%', '62%']  memcached=169.2%
[monitor] ['50%', '53%', '100%', '65%']  memcached=167.8%
[monitor] ['47%', '50%', '100%', '61%']  memcached=157.3%
[MEMCACHED] cores updated to: ['0', '3']
[streamcluster] cores updated to: [2, 1]
[monitor] ['77%', '100%', '98%', '89%']  memcached=166.0%
[monitor] ['81%', '95%', '95%', '90%']  memcached=170.3%
[MEMCACHED] cores updated to: ['0', '2', '3']
[streamcluster] cores updated to: [1]
[monitor] ['43%', '100%', '48%', '66%']  memcached=156.8%
[MEMCACHED] cores updated to: ['0', '3']
[streamcluster] cores updated to: [2, 1]
[monitor] ['73%', '95%', '98%', '89%']  memcached=161.9%
[monitor] ['74%', '98%', '90%', '89%']  memcached=163.8%
[monitor] ['24%', '97%', '95%', '7%']  memcached=30.7%
[MEMCACHED] cores updated to: ['0']
[streamcluster] cores updated to: [2, 1, 3]
[monitor] ['13%', '98%', '78%', '100%']  memcached=13.0%
[monitor] ['14%', '98%', '79%', '100%']  memcached=14.3%
[monitor] ['20%', '98%', '77%', '100%']  memcached=20.0%
[monitor] ['14%', '98%', '79%', '100%']  memcached=13.6%
[monitor] ['21%', '100%', '87%', '100%']  memcached=20.8%
[monitor] ['17%', '98%', '78%', '100%']  memcached=17.4%
[monitor] ['31%', '97%', '79%', '100%']  memcached=30.8%
[monitor] ['29%', '98%', '83%', '100%']  memcached=29.2%
[monitor] ['17%', '97%', '79%', '100%']  memcached=17.4%
[monitor] ['23%', '100%', '79%', '100%']  memcached=23.1%
[monitor] ['18%', '98%', '80%', '100%']  memcached=18.2%
[monitor] ['83%', '95%', '82%', '98%']  memcached=82.9%
[monitor] ['100%', '95%', '82%', '100%']  memcached=100.0%
[MEMCACHED] cores updated to: ['0', '1', '3']
[streamcluster] cores updated to: [2]
[monitor] ['100%', '100%', '100%', '100%']  memcached=300.0%
[monitor] ['79%', '98%', '100%', '97%']  memcached=274.3%
[monitor] ['73%', '78%', '100%', '86%']  memcached=236.6%
[monitor] ['65%', '68%', '100%', '79%']  memcached=211.0%
[monitor] ['67%', '72%', '100%', '81%']  memcached=219.1%
[monitor] ['65%', '68%', '100%', '80%']  memcached=212.3%
[monitor] ['66%', '72%', '100%', '83%']  memcached=220.8%
[monitor] ['69%', '73%', '100%', '81%']  memcached=222.0%
[monitor] ['63%', '71%', '100%', '77%']  memcached=211.9%
[monitor] ['59%', '68%', '100%', '78%']  memcached=204.8%
[monitor] ['65%', '74%', '100%', '83%']  memcached=222.1%
[monitor] ['77%', '83%', '100%', '88%']  memcached=248.0%
[monitor] ['80%', '83%', '100%', '92%']  memcached=255.8%
[monitor] ['86%', '83%', '100%', '92%']  memcached=261.5%
[monitor] ['81%', '83%', '100%', '87%']  memcached=251.1%
[monitor] ['83%', '86%', '100%', '89%']  memcached=258.6%
[monitor] ['74%', '77%', '100%', '85%']  memcached=235.3%
[monitor] ['76%', '82%', '100%', '89%']  memcached=247.7%
[monitor] ['77%', '86%', '100%', '92%']  memcached=255.4%
[monitor] ['73%', '81%', '100%', '86%']  memcached=240.3%
[monitor] ['74%', '76%', '100%', '84%']  memcached=233.5%
[monitor] ['71%', '75%', '100%', '83%']  memcached=228.9%
[monitor] ['69%', '76%', '100%', '84%']  memcached=228.3%
[monitor] ['76%', '83%', '100%', '90%']  memcached=249.3%
[monitor] ['77%', '84%', '100%', '92%']  memcached=252.8%
[monitor] ['82%', '82%', '100%', '92%']  memcached=256.3%
[monitor] ['69%', '76%', '100%', '86%']  memcached=231.7%
[monitor] ['74%', '78%', '100%', '87%']  memcached=238.1%
[monitor] ['79%', '80%', '100%', '92%']  memcached=250.9%
[monitor] ['70%', '74%', '100%', '86%']  memcached=229.7%
[monitor] ['68%', '74%', '100%', '84%']  memcached=226.2%
[monitor] ['76%', '78%', '100%', '92%']  memcached=247.2%
[monitor] ['78%', '86%', '100%', '92%']  memcached=256.2%
[monitor] ['74%', '76%', '100%', '86%']  memcached=236.5%
[monitor] ['86%', '83%', '100%', '90%']  memcached=259.3%
[monitor] ['73%', '81%', '100%', '92%']  memcached=245.9%
[monitor] ['77%', '80%', '100%', '86%']  memcached=243.6%
[monitor] ['65%', '69%', '100%', '77%']  memcached=210.2%
[monitor] ['60%', '70%', '100%', '78%']  memcached=207.5%
[monitor] ['65%', '67%', '100%', '79%']  memcached=210.3%
[monitor] ['72%', '83%', '100%', '92%']  memcached=246.9%
[monitor] ['69%', '74%', '100%', '84%']  memcached=226.1%
[monitor] ['68%', '69%', '100%', '82%']  memcached=218.8%
[monitor] ['70%', '74%', '100%', '81%']  memcached=225.1%
[monitor] ['66%', '71%', '100%', '80%']  memcached=216.2%
[monitor] ['63%', '69%', '100%', '79%']  memcached=211.5%
[monitor] ['63%', '66%', '100%', '75%']  memcached=204.0%
[monitor] ['61%', '67%', '100%', '78%']  memcached=205.7%
[monitor] ['52%', '59%', '100%', '71%']  memcached=181.7%
[monitor] ['61%', '61%', '100%', '71%']  memcached=194.0%
[monitor] ['59%', '61%', '100%', '75%']  memcached=195.7%
[monitor] ['61%', '65%', '100%', '70%']  memcached=195.0%
[monitor] ['58%', '59%', '100%', '71%']  memcached=188.0%
[monitor] ['57%', '57%', '100%', '68%']  memcached=181.0%
[monitor] ['46%', '57%', '100%', '68%']  memcached=170.7%
[monitor] ['59%', '62%', '100%', '70%']  memcached=191.6%
[monitor] ['60%', '60%', '100%', '71%']  memcached=191.4%
[monitor] ['59%', '66%', '100%', '74%']  memcached=198.5%
[monitor] ['67%', '67%', '100%', '76%']  memcached=209.1%
[monitor] ['50%', '52%', '100%', '56%']  memcached=158.0%
[MEMCACHED] cores updated to: ['0', '3']
[streamcluster] cores updated to: [2, 1]
[monitor] ['37%', '92%', '98%', '42%']  memcached=79.3%
[MEMCACHED] cores updated to: ['0']
[streamcluster] cores updated to: [2, 1, 3]
[monitor] ['82%', '95%', '77%', '100%']  memcached=82.4%
[monitor] ['77%', '97%', '84%', '100%']  memcached=76.7%
[monitor] ['79%', '95%', '76%', '100%']  memcached=78.8%
[monitor] ['80%', '98%', '82%', '100%']  memcached=80.0%
[monitor] ['82%', '98%', '88%', '98%']  memcached=82.4%
[monitor] ['86%', '97%', '87%', '100%']  memcached=85.7%
[MEMCACHED] cores updated to: ['0', '2']
[streamcluster] cores updated to: [1, 3]
[monitor] ['41%', '97%', '37%', '100%']  memcached=77.8%
[MEMCACHED] cores updated to: ['0']
[streamcluster] cores updated to: [2, 1, 3]
[monitor] ['85%', '95%', '82%', '100%']  memcached=84.8%
[monitor] ['79%', '97%', '85%', '100%']  memcached=79.4%
[monitor] ['77%', '95%', '82%', '100%']  memcached=77.4%
[monitor] ['61%', '98%', '82%', '100%']  memcached=61.3%
[monitor] ['8%', '98%', '74%', '100%']  memcached=7.7%
[monitor] ['8%', '100%', '78%', '100%']  memcached=8.0%
[monitor] ['12%', '98%', '82%', '100%']  memcached=12.0%
[monitor] ['8%', '37%', '32%', '100%']  memcached=7.7%
[monitor] ['8%', '92%', '79%', '100%']  memcached=8.0%
[monitor] ['12%', '95%', '78%', '100%']  memcached=11.5%
[monitor] ['8%', '100%', '79%', '100%']  memcached=8.0%
[monitor] ['12%', '98%', '82%', '100%']  memcached=12.5%
[monitor] ['19%', '100%', '82%', '100%']  memcached=19.2%
[monitor] ['8%', '98%', '79%', '100%']  memcached=8.0%
[monitor] ['8%', '100%', '77%', '100%']  memcached=8.0%
[monitor] ['8%', '100%', '83%', '100%']  memcached=8.0%
[monitor] ['89%', '90%', '89%', '98%']  memcached=88.9%
[MEMCACHED] cores updated to: ['0', '1']
[streamcluster] cores updated to: [2, 3]
[monitor] ['31%', '33%', '93%', '98%']  memcached=64.1%
[MEMCACHED] cores updated to: ['0']
[streamcluster] cores updated to: [2, 1, 3]
[monitor] ['77%', '95%', '85%', '100%']  memcached=77.4%
[monitor] ['78%', '97%', '79%', '100%']  memcached=78.1%
[monitor] ['85%', '95%', '77%', '100%']  memcached=85.3%
[MEMCACHED] cores updated to: ['0', '3']
[streamcluster] cores updated to: [2, 1]
[monitor] ['39%', '100%', '88%', '36%']  memcached=75.0%
[MEMCACHED] cores updated to: ['0']
[streamcluster] cores updated to: [2, 1, 3]
[monitor] ['79%', '95%', '85%', '98%']  memcached=78.8%
[monitor] ['82%', '95%', '85%', '100%']  memcached=81.8%
[monitor] ['77%', '95%', '78%', '100%']  memcached=76.7%
[monitor] ['79%', '98%', '78%', '100%']  memcached=78.8%
[monitor] ['75%', '97%', '63%', '100%']  memcached=75.0%
[monitor] ['89%', '95%', '82%', '100%']  memcached=88.6%
[MEMCACHED] cores updated to: ['0', '2']
[streamcluster] cores updated to: [1, 3]
[monitor] ['92%', '98%', '100%', '100%']  memcached=192.3%
[MEMCACHED] cores updated to: ['0', '1', '2']
[streamcluster] cores updated to: [3]
[monitor] ['57%', '66%', '57%', '100%']  memcached=179.4%
[monitor] ['60%', '68%', '65%', '100%']  memcached=192.4%
[monitor] ['53%', '70%', '67%', '100%']  memcached=190.3%
[monitor] ['60%', '78%', '66%', '100%']  memcached=204.0%
[monitor] ['60%', '73%', '66%', '100%']  memcached=198.4%
[monitor] ['56%', '66%', '62%', '100%']  memcached=184.4%
[monitor] ['65%', '72%', '68%', '100%']  memcached=204.6%
[monitor] ['64%', '70%', '69%', '100%']  memcached=202.1%
[monitor] ['55%', '67%', '61%', '100%']  memcached=183.1%
[monitor] ['60%', '68%', '67%', '100%']  memcached=194.4%
[monitor] ['48%', '64%', '53%', '100%']  memcached=165.2%
[monitor] ['33%', '38%', '34%', '100%']  memcached=105.7%
[MEMCACHED] cores updated to: ['0', '2']
[streamcluster] cores updated to: [1, 3]
[monitor] ['50%', '98%', '46%', '100%']  memcached=96.4%
[monitor] ['56%', '100%', '55%', '98%']  memcached=110.4%
[monitor] ['52%', '98%', '50%', '100%']  memcached=101.9%
[monitor] ['50%', '95%', '52%', '98%']  memcached=101.7%
[monitor] ['55%', '100%', '53%', '100%']  memcached=108.5%
[monitor] ['52%', '98%', '50%', '100%']  memcached=101.7%
[monitor] ['46%', '98%', '48%', '98%']  memcached=94.7%
[monitor] ['52%', '98%', '52%', '100%']  memcached=103.6%
[monitor] ['53%', '98%', '50%', '98%']  memcached=103.3%
[monitor] ['52%', '98%', '53%', '100%']  memcached=105.2%
[monitor] ['54%', '97%', '52%', '100%']  memcached=105.3%
[monitor] ['50%', '100%', '55%', '100%']  memcached=105.2%
[monitor] ['46%', '95%', '48%', '100%']  memcached=94.4%
[monitor] ['50%', '100%', '50%', '98%']  memcached=100.0%
[monitor] ['57%', '98%', '58%', '100%']  memcached=114.7%
[monitor] ['48%', '98%', '46%', '100%']  memcached=94.3%
[monitor] ['52%', '98%', '50%', '98%']  memcached=101.7%
[monitor] ['54%', '100%', '52%', '100%']  memcached=105.3%
[monitor] ['60%', '95%', '57%', '100%']  memcached=116.7%
[monitor] ['53%', '98%', '55%', '98%']  memcached=108.2%
[monitor] ['52%', '98%', '48%', '100%']  memcached=99.9%
[monitor] ['52%', '100%', '50%', '100%']  memcached=101.9%
[monitor] ['50%', '98%', '54%', '98%']  memcached=103.6%
[monitor] ['68%', '95%', '65%', '100%']  memcached=132.3%
[monitor] ['71%', '95%', '74%', '100%']  memcached=144.1%
[monitor] ['71%', '97%', '72%', '98%']  memcached=142.8%
[monitor] ['72%', '98%', '72%', '100%']  memcached=143.8%
[monitor] ['72%', '95%', '71%', '100%']  memcached=142.5%
[monitor] ['71%', '98%', '74%', '100%']  memcached=144.5%
[monitor] ['71%', '98%', '71%', '100%']  memcached=141.9%
[monitor] ['67%', '97%', '70%', '100%']  memcached=136.4%
[monitor] ['70%', '98%', '68%', '98%']  memcached=137.4%
[monitor] ['72%', '98%', '70%', '100%']  memcached=141.6%
[monitor] ['71%', '98%', '71%', '100%']  memcached=141.6%
[monitor] ['72%', '100%', '74%', '98%']  memcached=146.1%
[monitor] ['54%', '98%', '48%', '100%']  memcached=102.7%
[monitor] ['21%', '98%', '10%', '100%']  memcached=31.6%
[MEMCACHED] cores updated to: ['0']
[streamcluster] cores updated to: [2, 1, 3]
[monitor] ['18%', '97%', '80%', '100%']  memcached=18.2%
[monitor] ['21%', '98%', '79%', '100%']  memcached=20.8%
[monitor] ['23%', '97%', '75%', '100%']  memcached=22.7%
[monitor] ['25%', '98%', '77%', '100%']  memcached=25.0%
[monitor] ['23%', '98%', '79%', '100%']  memcached=22.7%
[monitor] ['17%', '97%', '82%', '100%']  memcached=17.4%
[monitor] ['32%', '98%', '82%', '98%']  memcached=32.0%
[monitor] ['19%', '98%', '79%', '100%']  memcached=19.0%
[monitor] ['25%', '98%', '84%', '100%']  memcached=25.0%
[monitor] ['23%', '97%', '78%', '100%']  memcached=22.7%
[monitor] ['25%', '98%', '82%', '100%']  memcached=25.0%
[monitor] ['98%', '95%', '82%', '100%']  memcached=97.5%
[MEMCACHED] cores updated to: ['0', '2', '3']
[streamcluster] cores updated to: [1]
[monitor] ['31%', '100%', '26%', '36%']  memcached=92.7%
[MEMCACHED] cores updated to: ['0', '3']
[streamcluster] cores updated to: [2, 1]
[monitor] ['52%', '95%', '95%', '61%']  memcached=113.0%
[monitor] ['58%', '92%', '95%', '70%']  memcached=127.8%
[monitor] ['55%', '95%', '95%', '64%']  memcached=118.8%
[monitor] ['63%', '95%', '95%', '69%']  memcached=132.1%
[monitor] ['57%', '100%', '97%', '71%']  memcached=127.3%
[monitor] ['61%', '95%', '95%', '63%']  memcached=124.0%
[monitor] ['57%', '95%', '98%', '66%']  memcached=122.3%
[monitor] ['54%', '98%', '95%', '64%']  memcached=117.2%
[monitor] ['55%', '95%', '92%', '62%']  memcached=117.7%
[monitor] ['63%', '97%', '97%', '65%']  memcached=127.8%
[monitor] ['12%', '95%', '95%', '7%']  memcached=19.0%
[MEMCACHED] cores updated to: ['0']
[streamcluster] cores updated to: [2, 1, 3]
[monitor] ['4%', '95%', '82%', '100%']  memcached=4.0%
[monitor] ['4%', '100%', '80%', '100%']  memcached=4.2%
[monitor] ['12%', '100%', '80%', '100%']  memcached=12.0%
[monitor] ['8%', '98%', '77%', '100%']  memcached=8.0%
[monitor] ['11%', '100%', '77%', '100%']  memcached=10.7%
[monitor] ['12%', '98%', '75%', '98%']  memcached=11.5%
[monitor] ['8%', '100%', '82%', '100%']  memcached=8.3%
[monitor] ['8%', '98%', '79%', '100%']  memcached=8.0%
[monitor] ['8%', '100%', '79%', '100%']  memcached=7.7%
[monitor] ['15%', '98%', '78%', '100%']  memcached=15.4%
[monitor] ['4%', '98%', '67%', '100%']  memcached=4.0%
[monitor] ['83%', '98%', '80%', '98%']  memcached=82.9%
[monitor] ['100%', '92%', '84%', '100%']  memcached=100.0%
[MEMCACHED] cores updated to: ['0', '1', '3']
[streamcluster] cores updated to: [2]
[monitor] ['85%', '95%', '100%', '95%']  memcached=274.3%
[monitor] ['58%', '57%', '100%', '68%']  memcached=181.9%
[monitor] ['50%', '55%', '100%', '62%']  memcached=167.3%
[monitor] ['50%', '55%', '100%', '66%']  memcached=170.8%
[monitor] ['53%', '58%', '100%', '67%']  memcached=178.1%
[monitor] ['53%', '58%', '100%', '65%']  memcached=175.9%
[monitor] ['55%', '57%', '100%', '69%']  memcached=180.1%
[monitor] ['48%', '52%', '100%', '60%']  memcached=159.9%
[MEMCACHED] cores updated to: ['0', '3']
[streamcluster] cores updated to: [2, 1]
[monitor] ['79%', '95%', '95%', '89%']  memcached=167.7%
[monitor] ['83%', '97%', '95%', '87%']  memcached=169.7%
[monitor] ['69%', '98%', '92%', '70%']  memcached=138.4%
[monitor] ['52%', '92%', '100%', '66%']  memcached=117.3%
[monitor] ['55%', '97%', '98%', '67%']  memcached=121.8%
[monitor] ['60%', '98%', '98%', '68%']  memcached=127.7%
[monitor] ['50%', '97%', '98%', '66%']  memcached=115.6%
[monitor] ['60%', '95%', '98%', '68%']  memcached=127.6%
[monitor] ['57%', '97%', '95%', '65%']  memcached=121.2%
[monitor] ['61%', '98%', '98%', '68%']  memcached=129.0%
[monitor] ['61%', '95%', '100%', '69%']  memcached=130.0%
[monitor] ['46%', '97%', '98%', '58%']  memcached=104.5%
[monitor] ['54%', '93%', '98%', '59%']  memcached=112.5%
[monitor] ['57%', '95%', '98%', '68%']  memcached=124.3%
[monitor] ['43%', '95%', '98%', '63%']  memcached=106.2%
[monitor] ['37%', '97%', '95%', '45%']  memcached=81.9%
[monitor] ['31%', '95%', '97%', '38%']  memcached=69.2%
[MEMCACHED] cores updated to: ['0']
[streamcluster] cores updated to: [2, 1, 3]
[monitor] ['77%', '95%', '82%', '100%']  memcached=76.7%
[monitor] ['79%', '95%', '79%', '100%']  memcached=78.8%
[monitor] ['84%', '97%', '84%', '100%']  memcached=84.4%
[monitor] ['83%', '95%', '82%', '100%']  memcached=82.9%
[monitor] ['81%', '97%', '74%', '100%']  memcached=80.6%
[monitor] ['86%', '95%', '77%', '100%']  memcached=85.7%
[MEMCACHED] cores updated to: ['0', '2']
[streamcluster] cores updated to: [1, 3]
[monitor] ['33%', '97%', '36%', '98%']  memcached=69.0%
[MEMCACHED] cores updated to: ['0']
[streamcluster] cores updated to: [2, 1, 3]
[monitor] ['78%', '97%', '80%', '100%']  memcached=78.1%
[monitor] ['81%', '95%', '79%', '100%']  memcached=81.2%
[monitor] ['89%', '95%', '79%', '100%']  memcached=88.9%
[MEMCACHED] cores updated to: ['0', '1']
[streamcluster] cores updated to: [2, 3]
[monitor] ['72%', '76%', '97%', '100%']  memcached=147.6%
[monitor] ['70%', '77%', '95%', '97%']  memcached=147.1%
[monitor] ['69%', '74%', '92%', '95%']  memcached=142.3%
[monitor] ['57%', '59%', '9%', '100%']  memcached=115.8%
[monitor] ['70%', '68%', '81%', '100%']  memcached=137.4%
[monitor] ['71%', '70%', '88%', '97%']  memcached=140.7%
[monitor] ['68%', '76%', '92%', '97%']  memcached=143.5%
[monitor] ['71%', '69%', '97%', '97%']  memcached=139.3%
[monitor] ['64%', '76%', '95%', '95%']  memcached=140.8%
[monitor] ['54%', '65%', '97%', '98%']  memcached=118.1%
[monitor] ['63%', '61%', '95%', '97%']  memcached=124.6%
[monitor] ['67%', '73%', '95%', '95%']  memcached=139.4%
[monitor] ['68%', '68%', '95%', '93%']  memcached=135.5%
[monitor] ['69%', '66%', '92%', '97%']  memcached=134.5%
[monitor] ['68%', '69%', '95%', '95%']  memcached=136.5%
[monitor] ['65%', '69%', '97%', '95%']  memcached=133.3%
[monitor] ['70%', '68%', '98%', '92%']  memcached=137.4%
[monitor] ['70%', '71%', '95%', '97%']  memcached=140.6%
[monitor] ['58%', '63%', '95%', '95%']  memcached=121.4%
[monitor] ['62%', '74%', '95%', '98%']  memcached=135.6%
[monitor] ['73%', '77%', '98%', '95%']  memcached=149.9%
[monitor] ['60%', '67%', '95%', '97%']  memcached=126.7%
[monitor] ['61%', '63%', '93%', '98%']  memcached=124.0%
[monitor] ['57%', '67%', '95%', '97%']  memcached=123.8%
[monitor] ['19%', '17%', '98%', '95%']  memcached=35.4%
[MEMCACHED] cores updated to: ['0']
[streamcluster] cores updated to: [2, 1, 3]
[monitor] ['0%', '98%', '77%', '100%']  memcached=0.0%
[monitor] ['8%', '98%', '78%', '100%']  memcached=7.7%
[monitor] ['4%', '100%', '79%', '100%']  memcached=4.0%
[monitor] ['4%', '98%', '78%', '100%']  memcached=3.8%
[monitor] ['7%', '98%', '78%', '100%']  memcached=7.4%
[monitor] ['7%', '100%', '85%', '100%']  memcached=7.4%
[monitor] ['11%', '98%', '80%', '100%']  memcached=11.1%
[monitor] ['11%', '98%', '82%', '100%']  memcached=11.1%
[monitor] ['4%', '100%', '78%', '100%']  memcached=4.0%
[monitor] ['14%', '100%', '79%', '100%']  memcached=14.3%
[monitor] ['4%', '98%', '79%', '100%']  memcached=3.8%
[monitor] ['8%', '100%', '79%', '100%']  memcached=8.0%
[monitor] ['9%', '98%', '77%', '100%']  memcached=8.7%
[monitor] ['4%', '100%', '79%', '100%']  memcached=4.3%
[monitor] ['12%', '98%', '75%', '100%']  memcached=12.5%
[monitor] ['12%', '100%', '79%', '100%']  memcached=12.5%
[monitor] ['20%', '98%', '79%', '98%']  memcached=20.0%
[monitor] ['5%', '98%', '80%', '100%']  memcached=4.5%
[monitor] ['5%', '100%', '80%', '100%']  memcached=4.5%
[monitor] ['12%', '98%', '77%', '100%']  memcached=12.5%
[monitor] ['17%', '98%', '85%', '100%']  memcached=16.7%
[monitor] ['16%', '98%', '80%', '100%']  memcached=16.0%
[monitor] ['17%', '100%', '82%', '100%']  memcached=16.7%
[monitor] ['28%', '98%', '78%', '100%']  memcached=28.0%
[monitor] ['100%', '95%', '79%', '100%']  memcached=100.0%
[MEMCACHED] cores updated to: ['0', '2', '3']
[streamcluster] cores updated to: [1]
[monitor] ['67%', '100%', '79%', '95%']  memcached=240.7%
[monitor] ['45%', '100%', '48%', '60%']  memcached=153.1%
[MEMCACHED] cores updated to: ['0', '3']
[streamcluster] cores updated to: [2, 1]
[monitor] ['81%', '95%', '98%', '90%']  memcached=170.3%
[MEMCACHED] cores updated to: ['0', '1', '3']
[streamcluster] cores updated to: [2]
[monitor] ['48%', '54%', '100%', '63%']  memcached=165.2%
[monitor] ['53%', '59%', '100%', '68%']  memcached=180.4%
[monitor] ['54%', '53%', '100%', '66%']  memcached=172.5%
[monitor] ['46%', '52%', '100%', '61%']  memcached=159.4%
[MEMCACHED] cores updated to: ['0', '3']
[streamcluster] cores updated to: [2, 1]
[monitor] ['79%', '92%', '95%', '84%']  memcached=163.2%
[monitor] ['79%', '92%', '97%', '89%']  memcached=168.9%
[monitor] ['76%', '100%', '87%', '83%']  memcached=159.8%
[monitor] ['48%', '82%', '100%', '61%']  memcached=109.0%
[monitor] ['10%', '95%', '92%', '7%']  memcached=16.9%
[MEMCACHED] cores updated to: ['0']
[streamcluster] cores updated to: [2, 1, 3]
[monitor] ['9%', '98%', '78%', '100%']  memcached=9.1%
[monitor] ['17%', '100%', '82%', '100%']  memcached=16.7%
[monitor] ['17%', '97%', '82%', '100%']  memcached=17.4%
[monitor] ['17%', '100%', '79%', '100%']  memcached=16.7%
[monitor] ['13%', '98%', '80%', '100%']  memcached=13.0%
[monitor] ['9%', '100%', '79%', '100%']  memcached=9.1%
[monitor] ['12%', '98%', '82%', '100%']  memcached=12.5%
[monitor] ['21%', '98%', '79%', '100%']  memcached=20.8%
[monitor] ['17%', '100%', '80%', '98%']  memcached=16.7%
[monitor] ['25%', '98%', '80%', '100%']  memcached=25.0%
[monitor] ['12%', '98%', '79%', '100%']  memcached=12.5%
[monitor] ['9%', '98%', '83%', '100%']  memcached=9.1%
[monitor] ['8%', '100%', '80%', '100%']  memcached=8.3%
[monitor] ['17%', '98%', '84%', '100%']  memcached=16.7%
[monitor] ['17%', '98%', '82%', '100%']  memcached=16.7%
[monitor] ['12%', '100%', '79%', '100%']  memcached=12.5%
[monitor] ['4%', '98%', '80%', '100%']  memcached=4.3%
[monitor] ['20%', '98%', '85%', '100%']  memcached=20.0%
[monitor] ['12%', '100%', '79%', '100%']  memcached=12.0%
[monitor] ['16%', '98%', '79%', '100%']  memcached=16.0%
[monitor] ['12%', '100%', '79%', '100%']  memcached=12.5%
[monitor] ['35%', '84%', '90%', '87%']  memcached=34.6%
[monitor] ['16%', '98%', '79%', '100%']  memcached=16.0%
[monitor] ['21%', '98%', '79%', '98%']  memcached=20.8%
[monitor] ['22%', '100%', '82%', '100%']  memcached=21.7%
[monitor] ['17%', '98%', '82%', '100%']  memcached=17.4%
[monitor] ['18%', '98%', '79%', '100%']  memcached=18.2%
[monitor] ['28%', '98%', '80%', '100%']  memcached=28.0%
[monitor] ['25%', '100%', '82%', '100%']  memcached=25.0%
[monitor] ['14%', '97%', '78%', '100%']  memcached=14.3%
[monitor] ['26%', '98%', '82%', '100%']  memcached=26.1%
[monitor] ['22%', '98%', '79%', '100%']  memcached=21.7%
[monitor] ['26%', '98%', '85%', '100%']  memcached=26.1%
[monitor] ['17%', '100%', '82%', '100%']  memcached=17.4%
[monitor] ['26%', '98%', '76%', '100%']  memcached=26.1%
[monitor] ['57%', '97%', '82%', '100%']  memcached=57.1%
[monitor] ['100%', '92%', '84%', '100%']  memcached=100.0%
[MEMCACHED] cores updated to: ['0', '2', '3']
[streamcluster] cores updated to: [1]
[monitor] ['98%', '100%', '100%', '100%']  memcached=297.5%
[monitor] ['85%', '100%', '89%', '100%']  memcached=273.7%
[monitor] ['65%', '100%', '69%', '89%']  memcached=222.2%
[monitor] ['66%', '100%', '71%', '84%']  memcached=220.0%
[monitor] ['70%', '100%', '79%', '95%']  memcached=244.1%
[monitor] ['65%', '100%', '70%', '83%']  memcached=217.1%
[monitor] ['68%', '100%', '75%', '89%']  memcached=231.8%
[monitor] ['73%', '100%', '75%', '95%']  memcached=243.3%
[monitor] ['70%', '100%', '76%', '95%']  memcached=240.5%
[monitor] ['72%', '100%', '78%', '93%']  memcached=242.3%
[monitor] ['65%', '100%', '68%', '80%']  memcached=212.4%
[monitor] ['31%', '100%', '32%', '41%']  memcached=103.9%
[MEMCACHED] cores updated to: ['0', '3']
[streamcluster] cores updated to: [2, 1]
[monitor] ['67%', '98%', '97%', '74%']  memcached=141.0%
[monitor] ['66%', '95%', '95%', '73%']  memcached=138.4%
[monitor] ['63%', '92%', '95%', '73%']  memcached=136.1%
[monitor] ['65%', '95%', '95%', '74%']  memcached=138.0%
[monitor] ['57%', '95%', '95%', '69%']  memcached=125.4%
[monitor] ['66%', '97%', '98%', '74%']  memcached=139.2%
[monitor] ['66%', '95%', '97%', '79%']  memcached=145.0%
[monitor] ['76%', '95%', '98%', '86%']  memcached=161.9%
[monitor] ['61%', '98%', '95%', '71%']  memcached=131.9%
[monitor] ['63%', '98%', '98%', '79%']  memcached=142.7%
[monitor] ['68%', '97%', '95%', '77%']  memcached=144.9%
[monitor] ['41%', '95%', '97%', '57%']  memcached=97.4%
[monitor] ['57%', '93%', '92%', '57%']  memcached=113.3%
[monitor] ['55%', '97%', '95%', '64%']  memcached=118.8%
[monitor] ['53%', '95%', '95%', '60%']  memcached=113.3%
[monitor] ['60%', '95%', '95%', '57%']  memcached=116.7%
[monitor] ['59%', '95%', '97%', '68%']  memcached=127.1%
[monitor] ['61%', '98%', '97%', '62%']  memcached=123.2%
[monitor] ['50%', '95%', '95%', '63%']  memcached=113.3%
[monitor] ['54%', '97%', '95%', '62%']  memcached=116.1%
[monitor] ['55%', '95%', '95%', '67%']  memcached=121.8%
[monitor] ['54%', '95%', '100%', '55%']  memcached=108.7%
[monitor] ['40%', '95%', '97%', '60%']  memcached=100.0%
[monitor] ['37%', '95%', '95%', '46%']  memcached=83.5%
[monitor] ['31%', '100%', '92%', '38%']  memcached=69.2%
[MEMCACHED] cores updated to: ['0']
[streamcluster] cores updated to: [2, 1, 3]
[monitor] ['77%', '95%', '82%', '100%']  memcached=77.4%
[monitor] ['77%', '95%', '80%', '100%']  memcached=77.4%
[monitor] ['89%', '95%', '85%', '100%']  memcached=88.6%
[MEMCACHED] cores updated to: ['0', '1']
[streamcluster] cores updated to: [2, 3]
[monitor] ['36%', '37%', '100%', '95%']  memcached=72.8%
[MEMCACHED] cores updated to: ['0']
[streamcluster] cores updated to: [2, 1, 3]
[monitor] ['72%', '98%', '82%', '98%']  memcached=71.9%
[monitor] ['85%', '95%', '80%', '100%']  memcached=84.8%
[monitor] ['77%', '98%', '82%', '100%']  memcached=76.7%
[monitor] ['74%', '95%', '84%', '100%']  memcached=74.2%
[monitor] ['75%', '95%', '80%', '100%']  memcached=75.0%
[monitor] ['70%', '95%', '77%', '100%']  memcached=70.4%
[monitor] ['29%', '98%', '82%', '100%']  memcached=28.6%
[monitor] ['0%', '100%', '77%', '100%']  memcached=0.0%
[monitor] ['8%', '98%', '82%', '100%']  memcached=8.0%
[monitor] ['8%', '100%', '74%', '100%']  memcached=8.0%
[monitor] ['12%', '100%', '82%', '100%']  memcached=11.5%
[monitor] ['11%', '98%', '82%', '100%']  memcached=11.1%
[monitor] ['8%', '98%', '80%', '100%']  memcached=7.7%
[monitor] ['11%', '100%', '85%', '100%']  memcached=11.1%
[monitor] ['8%', '98%', '79%', '98%']  memcached=7.7%
[monitor] ['7%', '71%', '56%', '100%']  memcached=7.4%
[monitor] ['4%', '76%', '55%', '95%']  memcached=3.8%
[monitor] ['11%', '100%', '78%', '98%']  memcached=11.1%
[monitor] ['4%', '100%', '77%', '100%']  memcached=3.7%
[monitor] ['6%', '98%', '78%', '98%']  memcached=6.1%
[monitor] ['9%', '100%', '78%', '100%']  memcached=9.4%
[monitor] ['0%', '98%', '80%', '100%']  memcached=0.0%
[monitor] ['9%', '100%', '75%', '100%']  memcached=9.1%
[monitor] ['6%', '98%', '80%', '100%']  memcached=6.2%
[monitor] ['10%', '98%', '82%', '100%']  memcached=9.7%
[monitor] ['6%', '100%', '79%', '100%']  memcached=6.2%
[monitor] ['10%', '80%', '90%', '82%']  memcached=10.3%
[monitor] ['15%', '98%', '82%', '100%']  memcached=15.2%
[monitor] ['3%', '97%', '77%', '100%']  memcached=3.4%
[monitor] ['6%', '100%', '59%', '98%']  memcached=6.2%
[monitor] ['0%', '90%', '75%', '95%']  memcached=0.0%
[monitor] ['95%', '92%', '88%', '95%']  memcached=95.1%
[MEMCACHED] cores updated to: ['0', '2', '3']
[streamcluster] cores updated to: [1]
[monitor] ['90%', '100%', '97%', '97%']  memcached=284.5%
[monitor] ['72%', '100%', '83%', '95%']  memcached=249.3%
[monitor] ['64%', '100%', '68%', '78%']  memcached=209.2%
[monitor] ['61%', '100%', '71%', '83%']  memcached=215.2%
[monitor] ['64%', '100%', '68%', '81%']  memcached=212.5%
[monitor] ['61%', '100%', '67%', '79%']  memcached=207.4%
[monitor] ['64%', '100%', '69%', '80%']  memcached=212.4%
[monitor] ['61%', '100%', '68%', '77%']  memcached=205.4%
[monitor] ['70%', '100%', '75%', '87%']  memcached=231.5%
[monitor] ['60%', '100%', '61%', '79%']  memcached=200.7%
[monitor] ['71%', '100%', '71%', '87%']  memcached=228.4%
[monitor] ['31%', '100%', '21%', '19%']  memcached=70.7%
[MEMCACHED] cores updated to: ['0']
[streamcluster] cores updated to: [2, 1, 3]
[monitor] ['17%', '98%', '85%', '100%']  memcached=16.7%
[monitor] ['8%', '98%', '79%', '100%']  memcached=8.3%
[monitor] ['16%', '100%', '85%', '100%']  memcached=16.0%
[monitor] ['20%', '98%', '82%', '100%']  memcached=20.0%
[monitor] ['17%', '93%', '90%', '95%']  memcached=17.4%
[monitor] ['37%', '90%', '90%', '92%']  memcached=37.0%
[monitor] ['32%', '98%', '82%', '100%']  memcached=32.0%
[monitor] ['19%', '95%', '69%', '100%']  memcached=19.2%
[monitor] ['32%', '97%', '87%', '97%']  memcached=32.0%
[monitor] ['29%', '95%', '92%', '95%']  memcached=29.2%
[monitor] ['24%', '97%', '82%', '100%']  memcached=24.0%
[monitor] ['69%', '95%', '85%', '100%']  memcached=68.8%
[monitor] ['100%', '85%', '85%', '92%']  memcached=100.0%
[MEMCACHED] cores updated to: ['0', '1', '3']
[streamcluster] cores updated to: [2]
[monitor] ['68%', '71%', '100%', '78%']  memcached=216.0%
[monitor] ['47%', '55%', '100%', '59%']  memcached=160.9%
[monitor] ['77%', '52%', '100%', '57%']  memcached=185.5%
[monitor] ['47%', '50%', '100%', '57%']  memcached=153.3%
[MEMCACHED] cores updated to: ['0', '3']
[streamcluster] cores updated to: [2, 1]
[monitor] ['74%', '95%', '92%', '80%']  memcached=153.5%
[monitor] ['74%', '97%', '90%', '78%']  memcached=151.9%
[monitor] ['86%', '97%', '89%', '92%']  memcached=178.6%
[MEMCACHED] cores updated to: ['0', '2', '3']
[streamcluster] cores updated to: [1]
[monitor] ['58%', '100%', '53%', '63%']  memcached=174.0%
[monitor] ['41%', '100%', '47%', '53%']  memcached=141.4%
[MEMCACHED] cores updated to: ['0', '3']
[streamcluster] cores updated to: [2, 1]
[monitor] ['73%', '97%', '92%', '83%']  memcached=156.1%
[monitor] ['83%', '92%', '97%', '92%']  memcached=175.2%
[MEMCACHED] cores updated to: ['0', '1', '3']
[streamcluster] cores updated to: [2]
[monitor] ['68%', '79%', '100%', '86%']  memcached=233.2%
[monitor] ['67%', '72%', '100%', '80%']  memcached=218.5%
[monitor] ['71%', '78%', '100%', '81%']  memcached=230.0%
[monitor] ['68%', '77%', '100%', '86%']  memcached=231.3%
[monitor] ['74%', '74%', '100%', '81%']  memcached=228.9%
[monitor] ['69%', '77%', '100%', '84%']  memcached=229.7%
[monitor] ['67%', '74%', '100%', '83%']  memcached=223.1%
[monitor] ['74%', '76%', '100%', '84%']  memcached=235.0%
[monitor] ['77%', '77%', '100%', '86%']  memcached=240.8%
[monitor] ['71%', '76%', '100%', '83%']  memcached=231.2%
[monitor] ['77%', '84%', '100%', '87%']  memcached=247.8%
[monitor] ['15%', '18%', '100%', '10%']  memcached=43.2%
[MEMCACHED] cores updated to: ['0']
[streamcluster] cores updated to: [2, 1, 3]
[monitor] ['12%', '98%', '85%', '100%']  memcached=12.0%
[monitor] ['12%', '97%', '87%', '97%']  memcached=12.5%
[monitor] ['12%', '98%', '88%', '100%']  memcached=12.0%
[monitor] ['19%', '100%', '87%', '100%']  memcached=19.2%
[monitor] ['16%', '100%', '82%', '100%']  memcached=16.0%
[monitor] ['8%', '98%', '87%', '100%']  memcached=8.0%
[monitor] ['27%', '98%', '77%', '98%']  memcached=26.9%
[monitor] ['19%', '100%', '88%', '100%']  memcached=19.2%
[monitor] ['20%', '98%', '85%', '100%']  memcached=20.0%
[monitor] ['22%', '98%', '85%', '100%']  memcached=22.2%
[monitor] ['17%', '98%', '90%', '98%']  memcached=16.7%
[monitor] ['54%', '97%', '88%', '100%']  memcached=53.6%
[monitor] ['69%', '95%', '88%', '100%']  memcached=69.0%
[monitor] ['72%', '95%', '87%', '100%']  memcached=71.9%
[monitor] ['69%', '98%', '90%', '100%']  memcached=69.0%
[monitor] ['79%', '92%', '90%', '95%']  memcached=78.8%
[monitor] ['70%', '95%', '83%', '100%']  memcached=70.0%
[monitor] ['73%', '97%', '87%', '100%']  memcached=73.3%
[monitor] ['72%', '95%', '88%', '98%']  memcached=71.9%
[monitor] ['59%', '98%', '84%', '100%']  memcached=59.3%
[monitor] ['62%', '98%', '83%', '100%']  memcached=62.1%
[monitor] ['58%', '98%', '82%', '100%']  memcached=57.7%
[monitor] ['68%', '95%', '87%', '100%']  memcached=67.7%
[monitor] ['81%', '95%', '85%', '100%']  memcached=81.2%
[monitor] ['100%', '92%', '85%', '100%']  memcached=100.0%
[MEMCACHED] cores updated to: ['0', '2', '3']
[streamcluster] cores updated to: [1]
[monitor] ['50%', '100%', '56%', '62%']  memcached=168.8%
[monitor] ['52%', '100%', '50%', '57%']  memcached=158.3%
[MEMCACHED] cores updated to: ['0', '3']
[streamcluster] cores updated to: [2, 1]
[monitor] ['66%', '97%', '98%', '84%']  memcached=149.8%
[monitor] ['76%', '95%', '98%', '81%']  memcached=156.8%
[monitor] ['71%', '95%', '97%', '87%']  memcached=157.8%
[monitor] ['69%', '92%', '92%', '83%']  memcached=152.8%
[monitor] ['71%', '92%', '98%', '87%']  memcached=157.4%
[monitor] ['76%', '100%', '95%', '89%']  memcached=165.7%
[monitor] ['66%', '90%', '98%', '86%']  memcached=152.1%
[monitor] ['70%', '87%', '100%', '87%']  memcached=156.5%
[monitor] ['71%', '95%', '95%', '84%']  memcached=154.4%
[monitor] ['73%', '87%', '97%', '84%']  memcached=156.5%
[monitor] ['72%', '87%', '95%', '86%']  memcached=158.0%
[monitor] ['74%', '92%', '92%', '97%']  memcached=171.0%
[MEMCACHED] cores updated to: ['0', '1', '3']
[streamcluster] cores updated to: [2]
[monitor] ['53%', '61%', '100%', '70%']  memcached=183.6%
[monitor] ['53%', '56%', '100%', '62%']  memcached=172.1%
[monitor] ['53%', '62%', '100%', '74%']  memcached=190.1%
[monitor] ['56%', '61%', '100%', '64%']  memcached=180.5%
[monitor] ['48%', '52%', '100%', '55%']  memcached=155.2%
[MEMCACHED] cores updated to: ['0', '3']
[streamcluster] cores updated to: [2, 1]
[monitor] ['71%', '92%', '98%', '95%']  memcached=166.4%
[monitor] ['67%', '87%', '98%', '97%']  memcached=164.0%
[monitor] ['73%', '88%', '95%', '92%']  memcached=165.0%
[monitor] ['57%', '87%', '98%', '73%']  memcached=129.4%
[monitor] ['33%', '92%', '100%', '31%']  memcached=64.1%
[MEMCACHED] cores updated to: ['0']
[streamcluster] cores updated to: [2, 1, 3]
[monitor] ['78%', '93%', '85%', '100%']  memcached=78.1%
[monitor] ['92%', '87%', '93%', '90%']  memcached=91.9%
[MEMCACHED] cores updated to: ['0', '3']
[streamcluster] cores updated to: [2, 1]
[monitor] ['36%', '100%', '92%', '43%']  memcached=79.0%
[MEMCACHED] cores updated to: ['0']
[streamcluster] cores updated to: [2, 1, 3]
[monitor] ['82%', '95%', '85%', '100%']  memcached=81.8%
[monitor] ['78%', '95%', '84%', '100%']  memcached=78.1%
[monitor] ['89%', '82%', '90%', '88%']  memcached=88.9%
[MEMCACHED] cores updated to: ['0', '2']
[streamcluster] cores updated to: [1, 3]
[monitor] ['34%', '97%', '37%', '100%']  memcached=71.5%
[MEMCACHED] cores updated to: ['0']
[streamcluster] cores updated to: [2, 1, 3]
[monitor] ['81%', '97%', '82%', '100%']  memcached=81.2%
[monitor] ['79%', '95%', '88%', '100%']  memcached=78.8%
[monitor] ['82%', '92%', '85%', '98%']  memcached=81.8%
[monitor] ['97%', '95%', '88%', '100%']  memcached=97.4%
[MEMCACHED] cores updated to: ['0', '1', '3']
[streamcluster] cores updated to: [2]
[monitor] ['83%', '100%', '100%', '100%']  memcached=282.9%
[monitor] ['62%', '74%', '100%', '81%']  memcached=217.3%
[monitor] ['64%', '69%', '100%', '75%']  memcached=207.4%
[monitor] ['71%', '74%', '100%', '80%']  memcached=224.1%
[monitor] ['60%', '70%', '100%', '76%']  memcached=205.4%
[monitor] ['65%', '69%', '100%', '77%']  memcached=210.4%
[monitor] ['59%', '70%', '100%', '75%']  memcached=204.1%
[monitor] ['65%', '69%', '100%', '76%']  memcached=209.6%
[monitor] ['66%', '73%', '100%', '79%']  memcached=217.1%
[monitor] ['60%', '67%', '100%', '74%']  memcached=200.2%
[monitor] ['61%', '65%', '100%', '73%']  memcached=198.5%
[monitor] ['41%', '43%', '100%', '53%']  memcached=137.1%
[MEMCACHED] cores updated to: ['0', '3']
[streamcluster] cores updated to: [2, 1]
[monitor] ['46%', '95%', '98%', '58%']  memcached=104.0%
[monitor] ['46%', '98%', '92%', '55%']  memcached=101.6%
[monitor] ['41%', '95%', '100%', '61%']  memcached=102.0%
[monitor] ['48%', '95%', '98%', '60%']  memcached=108.3%
[monitor] ['43%', '95%', '98%', '55%']  memcached=97.7%
[monitor] ['52%', '98%', '97%', '68%']  memcached=119.3%
[monitor] ['53%', '97%', '92%', '55%']  memcached=108.2%
[monitor] ['57%', '98%', '97%', '56%']  memcached=113.4%
[monitor] ['52%', '95%', '98%', '52%']  memcached=103.6%
[monitor] ['48%', '95%', '97%', '50%']  memcached=98.4%
[monitor] ['63%', '97%', '98%', '53%']  memcached=116.5%
[monitor] ['75%', '89%', '100%', '86%']  memcached=161.5%
[monitor] ['84%', '97%', '98%', '81%']  memcached=164.3%
[monitor] ['77%', '98%', '90%', '81%']  memcached=158.2%
[monitor] ['71%', '92%', '95%', '89%']  memcached=159.9%
[monitor] ['77%', '92%', '98%', '84%']  memcached=160.9%
[monitor] ['77%', '87%', '98%', '87%']  memcached=164.0%
[monitor] ['76%', '95%', '97%', '84%']  memcached=160.3%
[monitor] ['74%', '90%', '92%', '89%']  memcached=162.7%
[monitor] ['79%', '90%', '97%', '86%']  memcached=165.9%
[monitor] ['73%', '95%', '98%', '89%']  memcached=161.9%
[monitor] ['70%', '84%', '95%', '86%']  memcached=156.2%
[monitor] ['69%', '93%', '98%', '90%']  memcached=158.8%
[monitor] ['82%', '88%', '100%', '95%']  memcached=177.1%
[MEMCACHED] cores updated to: ['0', '2', '3']
[streamcluster] cores updated to: [1]
[monitor] ['45%', '100%', '48%', '61%']  memcached=154.5%
[MEMCACHED] cores updated to: ['0', '3']
[streamcluster] cores updated to: [2, 1]
[monitor] ['80%', '92%', '88%', '92%']  memcached=172.1%
[MEMCACHED] cores updated to: ['0', '1', '3']
[streamcluster] cores updated to: [2]
[monitor] ['41%', '52%', '100%', '58%']  memcached=150.6%
[MEMCACHED] cores updated to: ['0', '3']
[streamcluster] cores updated to: [2, 1]
[monitor] ['71%', '87%', '92%', '81%']  memcached=151.7%
[monitor] ['79%', '98%', '92%', '86%']  memcached=164.9%
[monitor] ['74%', '98%', '95%', '80%']  memcached=154.3%
[monitor] ['68%', '100%', '92%', '81%']  memcached=148.3%
[monitor] ['76%', '90%', '95%', '81%']  memcached=156.3%
[monitor] ['79%', '98%', '92%', '83%']  memcached=161.6%
[monitor] ['76%', '92%', '95%', '84%']  memcached=159.5%
[monitor] ['73%', '95%', '93%', '78%']  memcached=150.5%
[monitor] ['72%', '95%', '95%', '78%']  memcached=149.7%
[monitor] ['73%', '92%', '95%', '74%']  memcached=147.0%
[monitor] ['73%', '97%', '95%', '79%']  memcached=152.4%
[monitor] ['67%', '87%', '97%', '81%']  memcached=147.7%
[monitor] ['72%', '97%', '95%', '84%']  memcached=156.1%
[monitor] ['69%', '95%', '98%', '81%']  memcached=149.8%
[monitor] ['75%', '98%', '85%', '78%']  memcached=153.4%
[monitor] ['78%', '97%', '97%', '86%']  memcached=163.9%
[monitor] ['69%', '98%', '92%', '84%']  memcached=152.5%
[monitor] ['65%', '97%', '90%', '78%']  memcached=142.9%
[monitor] ['76%', '98%', '97%', '86%']  memcached=163.0%
[monitor] ['73%', '92%', '92%', '81%']  memcached=153.8%
[monitor] ['83%', '95%', '90%', '87%']  memcached=169.7%
[monitor] ['97%', '82%', '87%', '100%']  memcached=197.4%
[MEMCACHED] cores updated to: ['0', '2', '3']
[streamcluster] cores updated to: [1]
[monitor] ['89%', '100%', '97%', '100%']  memcached=286.6%
[monitor] ['86%', '100%', '89%', '100%']  memcached=275.3%
[monitor] ['76%', '100%', '76%', '90%']  memcached=242.2%
[monitor] ['71%', '100%', '74%', '92%']  memcached=237.6%
[monitor] ['79%', '100%', '83%', '100%']  memcached=262.7%
[monitor] ['81%', '100%', '83%', '92%']  memcached=256.7%
[monitor] ['79%', '100%', '83%', '92%']  memcached=254.6%
[monitor] ['73%', '100%', '74%', '89%']  memcached=236.5%
[monitor] ['79%', '100%', '86%', '95%']  memcached=260.5%
[monitor] ['79%', '100%', '81%', '95%']  memcached=255.5%
[monitor] ['71%', '100%', '76%', '89%']  memcached=236.5%
[monitor] ['79%', '100%', '80%', '92%']  memcached=251.1%
[monitor] ['64%', '100%', '66%', '81%']  memcached=210.3%
[monitor] ['66%', '100%', '66%', '77%']  memcached=208.4%
[monitor] ['62%', '100%', '65%', '77%']  memcached=204.2%
[monitor] ['60%', '100%', '64%', '77%']  memcached=200.8%
[monitor] ['59%', '100%', '59%', '76%']  memcached=195.2%
[monitor] ['53%', '100%', '58%', '72%']  memcached=183.3%
[monitor] ['66%', '100%', '68%', '78%']  memcached=211.1%
[monitor] ['71%', '100%', '71%', '77%']  memcached=218.3%
[monitor] ['64%', '100%', '62%', '75%']  memcached=201.1%
[monitor] ['65%', '100%', '65%', '77%']  memcached=206.2%
[monitor] ['61%', '100%', '65%', '76%']  memcached=201.6%
[monitor] ['31%', '100%', '21%', '23%']  memcached=74.2%
[MEMCACHED] cores updated to: ['0']
[streamcluster] cores updated to: [2, 1, 3]
[monitor] ['15%', '100%', '85%', '100%']  memcached=14.8%
[monitor] ['14%', '98%', '88%', '100%']  memcached=14.3%
[monitor] ['11%', '98%', '82%', '98%']  memcached=11.1%
[monitor] ['7%', '100%', '82%', '100%']  memcached=7.4%
[monitor] ['14%', '100%', '70%', '100%']  memcached=14.3%
[monitor] ['14%', '93%', '89%', '98%']  memcached=14.3%
[monitor] ['22%', '100%', '82%', '98%']  memcached=22.2%
[monitor] ['4%', '98%', '80%', '100%']  memcached=3.7%
[monitor] ['11%', '100%', '85%', '100%']  memcached=11.1%
[monitor] ['7%', '98%', '85%', '100%']  memcached=7.4%
[monitor] ['7%', '100%', '78%', '100%']  memcached=7.4%
[monitor] ['65%', '95%', '82%', '100%']  memcached=64.7%
[monitor] ['100%', '93%', '85%', '100%']  memcached=100.0%
[MEMCACHED] cores updated to: ['0', '1', '3']
[streamcluster] cores updated to: [2]
[monitor] ['83%', '83%', '100%', '89%']  memcached=255.4%
[monitor] ['55%', '58%', '100%', '64%']  memcached=176.5%
[monitor] ['56%', '62%', '100%', '70%']  memcached=188.4%
[monitor] ['59%', '68%', '100%', '74%']  memcached=201.3%
[monitor] ['53%', '61%', '100%', '71%']  memcached=184.5%
[monitor] ['65%', '83%', '100%', '87%']  memcached=234.2%
[monitor] ['58%', '62%', '100%', '71%']  memcached=192.0%
[monitor] ['56%', '64%', '100%', '69%']  memcached=188.6%
[monitor] ['60%', '74%', '100%', '81%']  memcached=214.1%
[monitor] ['52%', '55%', '100%', '66%']  memcached=172.3%
[monitor] ['50%', '52%', '100%', '62%']  memcached=164.4%
[monitor] ['41%', '45%', '100%', '53%']  memcached=139.9%
[MEMCACHED] cores updated to: ['0', '3']
[streamcluster] cores updated to: [2, 1]
[monitor] ['66%', '95%', '97%', '76%']  memcached=142.1%
[monitor] ['72%', '84%', '97%', '83%']  memcached=155.2%
[monitor] ['67%', '95%', '92%', '77%']  memcached=143.8%
[monitor] ['74%', '97%', '92%', '80%']  memcached=153.5%
[monitor] ['70%', '98%', '92%', '78%']  memcached=147.5%
[monitor] ['69%', '95%', '95%', '75%']  memcached=143.8%
[monitor] ['76%', '92%', '92%', '81%']  memcached=157.0%
[monitor] ['71%', '98%', '100%', '74%']  memcached=144.5%
[monitor] ['70%', '98%', '87%', '82%']  memcached=152.0%
[monitor] ['68%', '95%', '97%', '78%']  memcached=145.5%
[monitor] ['68%', '95%', '95%', '84%']  memcached=151.4%
[monitor] ['45%', '97%', '95%', '53%']  memcached=98.0%
[monitor] ['39%', '95%', '95%', '38%']  memcached=77.7%
[MEMCACHED] cores updated to: ['0']
[streamcluster] cores updated to: [2, 1, 3]
[monitor] ['82%', '95%', '85%', '100%']  memcached=82.4%
[monitor] ['86%', '97%', '85%', '100%']  memcached=86.5%
[MEMCACHED] cores updated to: ['0', '2']
[streamcluster] cores updated to: [1, 3]
[monitor] ['38%', '98%', '39%', '100%']  memcached=77.7%
[MEMCACHED] cores updated to: ['0']
[streamcluster] cores updated to: [2, 1, 3]
[monitor] ['85%', '98%', '87%', '97%']  memcached=84.8%
[monitor] ['85%', '95%', '87%', '100%']  memcached=84.8%
[monitor] ['82%', '95%', '85%', '100%']  memcached=82.4%
[monitor] ['83%', '95%', '87%', '98%']  memcached=82.9%
[monitor] ['84%', '97%', '88%', '100%']  memcached=84.4%
[monitor] ['82%', '98%', '85%', '100%']  memcached=81.8%
[monitor] ['88%', '92%', '82%', '100%']  memcached=87.9%
[MEMCACHED] cores updated to: ['0', '1']
[streamcluster] cores updated to: [2, 3]
[monitor] ['61%', '72%', '92%', '98%']  memcached=133.5%
[monitor] ['57%', '66%', '85%', '100%']  memcached=122.3%
[monitor] ['65%', '71%', '90%', '100%']  memcached=135.9%
[monitor] ['61%', '68%', '92%', '95%']  memcached=128.9%
[monitor] ['55%', '57%', '36%', '100%']  memcached=111.5%
[monitor] ['61%', '61%', '58%', '92%']  memcached=121.9%
[monitor] ['52%', '53%', '87%', '95%']  memcached=105.1%
[monitor] ['76%', '70%', '95%', '89%']  memcached=146.2%
[monitor] ['65%', '61%', '92%', '100%']  memcached=125.1%
[monitor] ['53%', '57%', '92%', '98%']  memcached=110.0%
[monitor] ['52%', '60%', '95%', '98%']  memcached=111.9%
[monitor] ['53%', '61%', '98%', '95%']  memcached=114.6%
[monitor] ['79%', '76%', '95%', '97%']  memcached=155.1%
[monitor] ['84%', '89%', '98%', '87%']  memcached=173.0%
[MEMCACHED] cores updated to: ['0', '1', '3']
[streamcluster] cores updated to: [2]
[monitor] ['55%', '64%', '100%', '70%']  memcached=188.2%
[monitor] ['53%', '61%', '100%', '66%']  memcached=179.4%
[monitor] ['50%', '58%', '100%', '65%']  memcached=172.8%
[monitor] ['55%', '56%', '100%', '68%']  memcached=178.7%
[monitor] ['53%', '65%', '100%', '70%']  memcached=187.7%
[monitor] ['53%', '59%', '100%', '68%']  memcached=180.1%
[monitor] ['58%', '59%', '100%', '68%']  memcached=185.1%
[monitor] ['46%', '52%', '100%', '64%']  memcached=161.7%
[monitor] ['48%', '52%', '100%', '62%']  memcached=162.5%
[monitor] ['48%', '52%', '100%', '58%']  memcached=158.0%
[MEMCACHED] cores updated to: ['0', '3']
[streamcluster] cores updated to: [2, 1]
[monitor] ['15%', '97%', '92%', '3%']  memcached=18.0%
[MEMCACHED] cores updated to: ['0']
[streamcluster] cores updated to: [2, 1, 3]
[monitor] ['8%', '97%', '82%', '98%']  memcached=7.7%
[monitor] ['17%', '95%', '88%', '95%']  memcached=17.2%
[monitor] ['4%', '98%', '82%', '100%']  memcached=4.0%
[monitor] ['4%', '100%', '82%', '98%']  memcached=3.7%
[monitor] ['15%', '95%', '87%', '98%']  memcached=14.8%
[monitor] ['16%', '73%', '98%', '74%']  memcached=16.0%
[monitor] ['14%', '100%', '85%', '100%']  memcached=14.3%
[monitor] ['8%', '98%', '87%', '100%']  memcached=7.7%
[monitor] ['14%', '100%', '85%', '98%']  memcached=14.3%
[monitor] ['4%', '98%', '72%', '100%']  memcached=3.8%
[monitor] ['11%', '98%', '88%', '98%']  memcached=11.1%
[monitor] ['89%', '95%', '90%', '98%']  memcached=88.9%
[MEMCACHED] cores updated to: ['0', '2']
[streamcluster] cores updated to: [1, 3]
[monitor] ['45%', '98%', '46%', '98%']  memcached=91.3%
[monitor] ['38%', '97%', '41%', '100%']  memcached=79.3%
[MEMCACHED] cores updated to: ['0']
[streamcluster] cores updated to: [2, 1, 3]
[monitor] ['92%', '92%', '88%', '98%']  memcached=92.1%
[MEMCACHED] cores updated to: ['0', '1']
[streamcluster] cores updated to: [2, 3]
[monitor] ['48%', '50%', '95%', '95%']  memcached=98.3%
[monitor] ['39%', '48%', '92%', '95%']  memcached=87.7%
[monitor] ['42%', '60%', '97%', '92%']  memcached=101.9%
[monitor] ['48%', '45%', '95%', '97%']  memcached=93.3%
[monitor] ['55%', '58%', '95%', '95%']  memcached=112.7%
[monitor] ['37%', '45%', '89%', '95%']  memcached=81.9%
[monitor] ['41%', '39%', '92%', '98%']  memcached=80.7%
[monitor] ['55%', '50%', '97%', '98%']  memcached=104.8%
[monitor] ['98%', '89%', '85%', '95%']  memcached=186.7%
[MEMCACHED] cores updated to: ['0', '1', '3']
[streamcluster] cores updated to: [2]
[monitor] ['86%', '95%', '100%', '97%']  memcached=278.7%
[monitor] ['71%', '82%', '100%', '86%']  memcached=239.1%
[monitor] ['78%', '83%', '100%', '90%']  memcached=250.9%
[monitor] ['67%', '78%', '100%', '87%']  memcached=231.3%
[monitor] ['70%', '77%', '100%', '82%']  memcached=228.4%
[monitor] ['71%', '78%', '100%', '86%']  memcached=235.7%
[monitor] ['79%', '92%', '100%', '98%']  memcached=268.4%
[monitor] ['75%', '82%', '100%', '85%']  memcached=241.2%
[monitor] ['74%', '78%', '100%', '87%']  memcached=239.8%
[monitor] ['81%', '86%', '100%', '92%']  memcached=258.6%
[monitor] ['76%', '79%', '100%', '87%']  memcached=241.8%
[monitor] ['9%', '15%', '100%', '15%']  memcached=39.2%
[MEMCACHED] cores updated to: ['0']
[streamcluster] cores updated to: [2, 1, 3]
[monitor] ['25%', '98%', '72%', '100%']  memcached=25.0%
[monitor] ['24%', '98%', '78%', '100%']  memcached=24.1%
[monitor] ['33%', '98%', '82%', '100%']  memcached=33.3%
[monitor] ['22%', '98%', '79%', '100%']  memcached=22.2%
[monitor] ['36%', '98%', '79%', '100%']  memcached=35.7%
[monitor] ['21%', '98%', '87%', '100%']  memcached=20.8%
[monitor] ['12%', '98%', '80%', '100%']  memcached=12.5%
[monitor] ['17%', '97%', '61%', '100%']  memcached=16.7%
[monitor] ['30%', '98%', '72%', '100%']  memcached=29.6%
[monitor] ['20%', '100%', '77%', '100%']  memcached=20.0%
[monitor] ['13%', '98%', '85%', '100%']  memcached=13.0%
[monitor] ['76%', '95%', '82%', '98%']  memcached=76.5%
[monitor] ['92%', '92%', '85%', '100%']  memcached=91.9%
[MEMCACHED] cores updated to: ['0', '2']
[streamcluster] cores updated to: [1, 3]
[monitor] ['52%', '98%', '58%', '100%']  memcached=109.8%
[monitor] ['43%', '100%', '46%', '98%']  memcached=89.8%
[monitor] ['39%', '98%', '47%', '98%']  memcached=86.0%
[monitor] ['47%', '100%', '48%', '100%']  memcached=94.8%
[monitor] ['37%', '97%', '46%', '100%']  memcached=83.5%
[monitor] ['37%', '98%', '43%', '95%']  memcached=79.9%
[MEMCACHED] cores updated to: ['0']
[streamcluster] cores updated to: [2, 1, 3]
[monitor] ['95%', '95%', '68%', '97%']  memcached=94.6%
[MEMCACHED] cores updated to: ['0', '1']
[streamcluster] cores updated to: [2, 3]
[monitor] ['55%', '52%', '90%', '97%']  memcached=106.5%
[monitor] ['45%', '53%', '100%', '95%']  memcached=98.2%
[monitor] ['41%', '43%', '95%', '97%']  memcached=83.6%
[monitor] ['89%', '92%', '88%', '95%']  memcached=181.8%
[MEMCACHED] cores updated to: ['0', '1', '3']
[streamcluster] cores updated to: [2]
[monitor] ['86%', '98%', '100%', '100%']  memcached=283.6%
[monitor] ['76%', '84%', '100%', '92%']  memcached=251.8%
[monitor] ['76%', '83%', '100%', '87%']  memcached=247.0%
[monitor] ['78%', '84%', '100%', '87%']  memcached=249.2%
[monitor] ['92%', '95%', '100%', '97%']  memcached=284.5%
[monitor] ['76%', '82%', '100%', '89%']  memcached=247.6%
[monitor] ['77%', '83%', '100%', '89%']  memcached=249.9%
[monitor] ['76%', '90%', '100%', '95%']  memcached=260.6%
[monitor] ['76%', '86%', '100%', '92%']  memcached=254.7%
[monitor] ['76%', '83%', '100%', '90%']  memcached=249.5%
[monitor] ['86%', '86%', '100%', '95%']  memcached=267.3%
[monitor] ['78%', '81%', '100%', '89%']  memcached=248.3%
[monitor] ['76%', '81%', '100%', '87%']  memcached=244.2%
[monitor] ['78%', '86%', '100%', '95%']  memcached=258.9%
[monitor] ['83%', '92%', '100%', '100%']  memcached=275.6%
[monitor] ['78%', '81%', '100%', '89%']  memcached=248.3%
[monitor] ['80%', '82%', '100%', '86%']  memcached=248.5%
[monitor] ['89%', '92%', '100%', '97%']  memcached=278.9%
[monitor] ['78%', '86%', '100%', '92%']  memcached=256.8%
[monitor] ['80%', '82%', '100%', '87%']  memcached=248.8%
[monitor] ['75%', '86%', '100%', '92%']  memcached=253.0%
[monitor] ['81%', '83%', '100%', '89%']  memcached=252.8%
[monitor] ['86%', '89%', '100%', '97%']  memcached=273.3%
[monitor] ['76%', '81%', '100%', '86%']  memcached=242.8%
[monitor] ['58%', '62%', '100%', '74%']  memcached=194.1%
[monitor] ['58%', '61%', '100%', '71%']  memcached=190.8%
[monitor] ['72%', '73%', '100%', '76%']  memcached=220.6%
[monitor] ['66%', '69%', '100%', '79%']  memcached=213.6%
[monitor] ['59%', '72%', '100%', '79%']  memcached=210.7%
[monitor] ['65%', '65%', '100%', '76%']  memcached=204.7%
[monitor] ['67%', '68%', '100%', '74%']  memcached=208.6%
[monitor] ['53%', '64%', '100%', '73%']  memcached=189.7%
[monitor] ['58%', '66%', '100%', '71%']  memcached=195.1%
[monitor] ['52%', '64%', '100%', '71%']  memcached=186.8%
[monitor] ['73%', '82%', '100%', '86%']  memcached=240.8%
[monitor] ['62%', '68%', '100%', '72%']  memcached=202.4%
[monitor] ['15%', '16%', '100%', '4%']  memcached=34.3%
[MEMCACHED] cores updated to: ['0']
[streamcluster] cores updated to: [2, 1, 3]
[monitor] ['38%', '100%', '78%', '100%']  memcached=37.5%
[monitor] ['22%', '98%', '79%', '100%']  memcached=21.7%
[monitor] ['30%', '98%', '77%', '100%']  memcached=30.4%
[monitor] ['36%', '100%', '85%', '100%']  memcached=36.0%
[monitor] ['41%', '98%', '77%', '100%']  memcached=40.7%
[monitor] ['35%', '97%', '88%', '98%']  memcached=34.6%
[monitor] ['40%', '98%', '89%', '100%']  memcached=40.0%
[monitor] ['36%', '95%', '79%', '97%']  memcached=36.0%
[monitor] ['32%', '98%', '80%', '98%']  memcached=32.0%
[monitor] ['40%', '97%', '85%', '98%']  memcached=40.0%
[monitor] ['26%', '98%', '74%', '100%']  memcached=26.1%
[monitor] ['98%', '92%', '79%', '100%']  memcached=97.5%
[MEMCACHED] cores updated to: ['0', '1', '2']
[streamcluster] cores updated to: [3]
[monitor] ['100%', '100%', '100%', '100%']  memcached=300.0%
[monitor] ['78%', '87%', '80%', '100%']  memcached=245.0%
[monitor] ['73%', '79%', '75%', '100%']  memcached=226.5%
[monitor] ['73%', '81%', '76%', '100%']  memcached=229.8%
[monitor] ['76%', '90%', '78%', '100%']  memcached=243.5%
[monitor] ['84%', '86%', '89%', '100%']  memcached=259.2%
[monitor] ['73%', '77%', '77%', '100%']  memcached=227.0%
[monitor] ['72%', '81%', '77%', '100%']  memcached=229.9%
[monitor] ['72%', '76%', '75%', '100%']  memcached=223.3%
[monitor] ['66%', '74%', '70%', '100%']  memcached=208.9%
[monitor] ['67%', '74%', '68%', '100%']  memcached=207.9%
[monitor] ['52%', '52%', '52%', '100%']  memcached=154.9%
[MEMCACHED] cores updated to: ['0', '2']
[streamcluster] cores updated to: [1, 3]
[monitor] ['68%', '98%', '74%', '100%']  memcached=142.0%
[monitor] ['72%', '98%', '77%', '100%']  memcached=149.0%
[monitor] ['69%', '97%', '73%', '100%']  memcached=141.5%
[monitor] ['72%', '95%', '81%', '100%']  memcached=153.0%
[monitor] ['70%', '97%', '75%', '100%']  memcached=144.7%
[monitor] ['60%', '100%', '63%', '100%']  memcached=123.3%
[monitor] ['61%', '98%', '67%', '98%']  memcached=128.0%
[monitor] ['66%', '98%', '75%', '100%']  memcached=140.5%
[monitor] ['72%', '98%', '75%', '100%']  memcached=146.9%
[monitor] ['69%', '100%', '71%', '100%']  memcached=139.7%
[monitor] ['73%', '97%', '79%', '98%']  memcached=151.5%
[monitor] ['79%', '97%', '81%', '100%']  memcached=160.5%
[monitor] ['74%', '98%', '75%', '98%']  memcached=148.5%
[monitor] ['74%', '98%', '74%', '100%']  memcached=147.8%
[monitor] ['75%', '97%', '81%', '100%']  memcached=155.6%
[monitor] ['69%', '95%', '72%', '100%']  memcached=140.6%
[monitor] ['72%', '98%', '72%', '98%']  memcached=144.3%
[monitor] ['74%', '97%', '75%', '100%']  memcached=149.3%
[monitor] ['76%', '98%', '76%', '100%']  memcached=151.5%
[monitor] ['72%', '98%', '73%', '100%']  memcached=144.6%
[monitor] ['66%', '98%', '70%', '98%']  memcached=135.3%
[monitor] ['76%', '97%', '73%', '100%']  memcached=149.2%
[monitor] ['72%', '95%', '71%', '100%']  memcached=142.8%
[monitor] ['76%', '95%', '76%', '100%']  memcached=152.2%
[monitor] ['94%', '98%', '95%', '100%']  memcached=189.0%
[MEMCACHED] cores updated to: ['0', '2', '3']
[streamcluster] cores updated to: [1]
[monitor] ['72%', '100%', '79%', '87%']  memcached=238.5%
[monitor] ['78%', '100%', '81%', '87%']  memcached=246.3%
[monitor] ['72%', '100%', '74%', '86%']  memcached=231.5%
[monitor] ['74%', '100%', '80%', '78%']  memcached=231.3%
[monitor] ['70%', '100%', '69%', '89%']  memcached=227.6%
[monitor] ['72%', '100%', '74%', '100%']  memcached=246.2%
[monitor] ['68%', '100%', '73%', '78%']  memcached=218.8%
[monitor] ['77%', '100%', '84%', '92%']  memcached=253.0%
[monitor] ['74%', '100%', '79%', '86%']  memcached=238.4%
[monitor] ['71%', '100%', '70%', '86%']  memcached=226.0%
[monitor] ['62%', '100%', '64%', '65%']  memcached=190.5%
[monitor] ['18%', '100%', '6%', '0%']  memcached=24.3%
[MEMCACHED] cores updated to: ['0']
[streamcluster] cores updated to: [2, 1, 3]
[monitor] ['10%', '98%', '80%', '100%']  memcached=10.3%
[monitor] ['4%', '100%', '85%', '100%']  memcached=3.8%
[monitor] ['11%', '98%', '85%', '100%']  memcached=11.1%
[monitor] ['11%', '98%', '85%', '100%']  memcached=11.1%
[monitor] ['19%', '95%', '90%', '95%']  memcached=18.5%
[monitor] ['14%', '98%', '77%', '100%']  memcached=14.3%
[monitor] ['11%', '98%', '82%', '100%']  memcached=11.1%
[monitor] ['18%', '100%', '74%', '100%']  memcached=17.9%
[monitor] ['11%', '98%', '77%', '98%']  memcached=11.1%
[monitor] ['11%', '98%', '85%', '100%']  memcached=11.1%
[monitor] ['17%', '100%', '77%', '100%']  memcached=17.2%
[monitor] ['24%', '98%', '85%', '100%']  memcached=24.0%
[monitor] ['23%', '95%', '87%', '98%']  memcached=22.7%
[monitor] ['36%', '97%', '80%', '100%']  memcached=36.0%
[monitor] ['18%', '100%', '85%', '100%']  memcached=18.2%
[monitor] ['32%', '98%', '85%', '100%']  memcached=32.0%
[monitor] ['40%', '90%', '89%', '92%']  memcached=40.0%
[monitor] ['35%', '98%', '79%', '100%']  memcached=34.6%
[monitor] ['14%', '97%', '79%', '100%']  memcached=13.6%
[monitor] ['25%', '100%', '82%', '100%']  memcached=25.0%
[monitor] ['25%', '98%', '83%', '100%']  memcached=25.0%
[monitor] ['42%', '98%', '85%', '100%']  memcached=42.3%
[monitor] ['36%', '98%', '85%', '100%']  memcached=36.0%
[monitor] ['71%', '98%', '88%', '98%']  memcached=71.0%
[monitor] ['89%', '95%', '90%', '98%']  memcached=88.9%
[MEMCACHED] cores updated to: ['0', '2']
[streamcluster] cores updated to: [1, 3]
[monitor] ['38%', '98%', '46%', '100%']  memcached=84.9%
[monitor] ['36%', '98%', '46%', '100%']  memcached=82.1%
[monitor] ['40%', '98%', '59%', '98%']  memcached=98.6%
[monitor] ['47%', '98%', '58%', '98%']  memcached=104.9%
[monitor] ['39%', '97%', '50%', '100%']  memcached=89.3%
[monitor] ['37%', '98%', '46%', '100%']  memcached=82.8%
[monitor] ['34%', '97%', '43%', '98%']  memcached=77.3%
[MEMCACHED] cores updated to: ['0']
[streamcluster] cores updated to: [2, 1, 3]
[monitor] ['89%', '97%', '90%', '100%']  memcached=89.2%
[MEMCACHED] cores updated to: ['0', '1']
[streamcluster] cores updated to: [2, 3]
[monitor] ['41%', '50%', '92%', '98%']  memcached=91.4%
[monitor] ['33%', '39%', '95%', '95%']  memcached=72.6%
[MEMCACHED] cores updated to: ['0']
[streamcluster] cores updated to: [2, 1, 3]
[monitor] ['35%', '98%', '85%', '100%']  memcached=34.8%
[monitor] ['38%', '98%', '90%', '97%']  memcached=37.5%
[monitor] ['48%', '97%', '85%', '100%']  memcached=48.1%
[monitor] ['40%', '98%', '90%', '100%']  memcached=40.0%
[monitor] ['33%', '98%', '79%', '100%']  memcached=33.3%
[monitor] ['30%', '98%', '88%', '100%']  memcached=30.4%
[monitor] ['30%', '98%', '77%', '100%']  memcached=30.4%
[monitor] ['40%', '95%', '82%', '98%']  memcached=40.0%
[monitor] ['33%', '95%', '88%', '98%']  memcached=33.3%
[monitor] ['48%', '98%', '90%', '100%']  memcached=48.0%
[monitor] ['52%', '97%', '56%', '100%']  memcached=51.7%
[monitor] ['38%', '92%', '90%', '98%']  memcached=37.5%
[monitor] ['58%', '97%', '90%', '98%']  memcached=57.7%
[monitor] ['75%', '95%', '66%', '98%']  memcached=75.0%
[monitor] ['67%', '98%', '87%', '100%']  memcached=66.7%
[monitor] ['67%', '97%', '85%', '100%']  memcached=66.7%
[monitor] ['62%', '98%', '65%', '100%']  memcached=61.5%
[monitor] ['73%', '95%', '90%', '95%']  memcached=73.3%
[monitor] ['67%', '95%', '90%', '100%']  memcached=66.7%
[monitor] ['66%', '98%', '82%', '100%']  memcached=65.5%
[monitor] ['76%', '90%', '90%', '92%']  memcached=75.8%
[monitor] ['73%', '95%', '88%', '100%']  memcached=73.3%
[monitor] ['74%', '90%', '93%', '93%']  memcached=74.2%
[monitor] ['73%', '97%', '87%', '100%']  memcached=73.3%
[monitor] ['81%', '95%', '92%', '98%']  memcached=81.2%
[monitor] ['100%', '92%', '84%', '100%']  memcached=100.0%
[MEMCACHED] cores updated to: ['0', '2', '3']
[streamcluster] cores updated to: [1]
[monitor] ['42%', '100%', '48%', '65%']  memcached=154.9%
[MEMCACHED] cores updated to: ['0', '3']
[streamcluster] cores updated to: [2, 1]
[monitor] ['70%', '92%', '93%', '70%']  memcached=139.4%
[monitor] ['62%', '90%', '98%', '75%']  memcached=137.5%
[monitor] ['66%', '89%', '100%', '76%']  memcached=142.1%
[monitor] ['66%', '89%', '68%', '73%']  memcached=138.4%
[monitor] ['62%', '86%', '90%', '76%']  memcached=139.0%
[monitor] ['69%', '90%', '84%', '71%']  memcached=140.2%
[streamcluster] ended.
[vips] started on cores: [1, 2] with 3 threads.
[monitor] ['65%', '65%', '56%', '70%']  memcached=134.2%
[monitor] ['63%', '62%', '64%', '70%']  memcached=133.0%
[monitor] ['79%', '9%', '100%', '83%']  memcached=162.3%
[monitor] ['100%', '13%', '100%', '100%']  memcached=200.0%
[MEMCACHED] cores updated to: ['0', '1', '3']
[vips] cores updated to: [2]
[monitor] ['76%', '81%', '100%', '83%']  memcached=239.9%
[monitor] ['74%', '76%', '100%', '82%']  memcached=231.6%
[monitor] ['78%', '74%', '100%', '84%']  memcached=235.4%
[monitor] ['80%', '79%', '100%', '82%']  memcached=241.0%
[monitor] ['79%', '80%', '100%', '86%']  memcached=244.9%
[monitor] ['79%', '87%', '100%', '90%']  memcached=256.0%
[monitor] ['73%', '87%', '100%', '95%']  memcached=254.3%
[monitor] ['72%', '77%', '100%', '82%']  memcached=230.6%
[monitor] ['68%', '73%', '100%', '80%']  memcached=220.5%
[monitor] ['68%', '76%', '100%', '83%']  memcached=227.1%
[monitor] ['58%', '76%', '100%', '82%']  memcached=215.4%
[monitor] ['23%', '50%', '100%', '31%']  memcached=104.1%
[MEMCACHED] cores updated to: ['0', '3']
[vips] cores updated to: [1, 2]
[monitor] ['26%', '100%', '100%', '31%']  memcached=56.7%
[MEMCACHED] cores updated to: ['0']
[vips] cores updated to: [1, 2, 3]
[monitor] ['89%', '100%', '100%', '100%']  memcached=88.9%
[MEMCACHED] cores updated to: ['0', '2']
[vips] cores updated to: [1, 3]
[monitor] ['32%', '100%', '33%', '100%']  memcached=65.5%
[MEMCACHED] cores updated to: ['0']
[vips] cores updated to: [1, 2, 3]
[monitor] ['84%', '100%', '100%', '100%']  memcached=83.9%
[monitor] ['89%', '100%', '100%', '100%']  memcached=88.9%
[MEMCACHED] cores updated to: ['0', '3']
[vips] cores updated to: [1, 2]
[monitor] ['32%', '100%', '100%', '38%']  memcached=70.1%
[MEMCACHED] cores updated to: ['0']
[vips] cores updated to: [1, 2, 3]
[monitor] ['71%', '100%', '100%', '100%']  memcached=71.4%
[monitor] ['64%', '100%', '100%', '100%']  memcached=64.3%
[monitor] ['70%', '100%', '100%', '100%']  memcached=70.0%
[monitor] ['72%', '100%', '100%', '100%']  memcached=72.4%
[monitor] ['97%', '100%', '100%', '100%']  memcached=97.4%
[MEMCACHED] cores updated to: ['0', '1', '2']
[vips] cores updated to: [3]
[monitor] ['34%', '40%', '67%', '100%']  memcached=141.1%
[MEMCACHED] cores updated to: ['0', '2']
[vips] cores updated to: [1, 3]
[monitor] ['52%', '100%', '57%', '100%']  memcached=108.9%
[monitor] ['57%', '100%', '75%', '100%']  memcached=131.7%
[monitor] ['59%', '100%', '93%', '100%']  memcached=152.0%
[monitor] ['100%', '100%', '60%', '100%']  memcached=160.0%
[monitor] ['100%', '100%', '66%', '100%']  memcached=165.5%
[monitor] ['100%', '100%', '60%', '100%']  memcached=160.0%
[monitor] ['69%', '100%', '84%', '100%']  memcached=152.8%
[monitor] ['100%', '100%', '65%', '100%']  memcached=164.5%
[monitor] ['100%', '100%', '94%', '100%']  memcached=194.4%
[MEMCACHED] cores updated to: ['0', '2', '3']
[vips] cores updated to: [1]
[monitor] ['82%', '100%', '97%', '87%']  memcached=265.8%
[monitor] ['71%', '100%', '100%', '87%']  memcached=258.3%
[monitor] ['78%', '100%', '100%', '86%']  memcached=264.3%
[monitor] ['74%', '100%', '100%', '92%']  memcached=266.6%
[monitor] ['74%', '100%', '97%', '83%']  memcached=254.7%
[monitor] ['100%', '100%', '74%', '86%']  memcached=260.0%
[monitor] ['100%', '100%', '83%', '89%']  memcached=272.0%
[monitor] ['100%', '100%', '79%', '90%']  memcached=269.2%
[monitor] ['91%', '100%', '89%', '89%']  memcached=269.0%
[monitor] ['72%', '100%', '100%', '44%']  memcached=216.0%
[monitor] ['24%', '100%', '100%', '10%']  memcached=133.5%
[MEMCACHED] cores updated to: ['0', '3']
[vips] cores updated to: [1, 2]
[monitor] ['17%', '100%', '100%', '100%']  memcached=117.2%
[monitor] ['23%', '100%', '100%', '100%']  memcached=123.3%
[monitor] ['23%', '100%', '100%', '100%']  memcached=123.3%
[monitor] ['18%', '100%', '100%', '50%']  memcached=67.9%
[MEMCACHED] cores updated to: ['0']
[vips] cores updated to: [3, 1, 2]
[monitor] ['24%', '100%', '100%', '100%']  memcached=23.8%
[monitor] ['42%', '100%', '100%', '100%']  memcached=42.3%
[monitor] ['40%', '100%', '100%', '100%']  memcached=40.0%
[monitor] ['52%', '100%', '100%', '100%']  memcached=51.9%
[monitor] ['52%', '100%', '100%', '100%']  memcached=52.0%
[monitor] ['81%', '100%', '100%', '100%']  memcached=81.2%
[monitor] ['81%', '100%', '100%', '100%']  memcached=80.6%
[monitor] ['88%', '100%', '100%', '100%']  memcached=88.2%
[MEMCACHED] cores updated to: ['0', '3']
[vips] cores updated to: [1, 2]
[monitor] ['43%', '100%', '100%', '33%']  memcached=76.7%
[MEMCACHED] cores updated to: ['0']
[vips] cores updated to: [3, 1, 2]
[monitor] ['77%', '100%', '100%', '100%']  memcached=77.4%
[monitor] ['79%', '100%', '100%', '100%']  memcached=78.8%
[monitor] ['81%', '100%', '100%', '100%']  memcached=81.2%
[monitor] ['83%', '100%', '100%', '100%']  memcached=82.9%
[monitor] ['86%', '100%', '100%', '100%']  memcached=85.7%
[MEMCACHED] cores updated to: ['0', '1']
[vips] cores updated to: [3, 2]
[monitor] ['38%', '23%', '100%', '100%']  memcached=61.5%
[MEMCACHED] cores updated to: ['0']
[vips] cores updated to: [3, 1, 2]
[monitor] ['86%', '100%', '100%', '100%']  memcached=85.7%
[MEMCACHED] cores updated to: ['0', '2']
[vips] cores updated to: [3, 1]
[monitor] ['34%', '100%', '23%', '100%']  memcached=57.6%
[MEMCACHED] cores updated to: ['0']
[vips] cores updated to: [3, 1, 2]
[monitor] ['16%', '100%', '100%', '100%']  memcached=16.0%
[monitor] ['13%', '100%', '100%', '100%']  memcached=13.0%
[monitor] ['12%', '100%', '100%', '100%']  memcached=12.0%
[monitor] ['17%', '100%', '100%', '100%']  memcached=16.7%
[monitor] ['28%', '100%', '100%', '100%']  memcached=28.0%
[monitor] ['20%', '100%', '100%', '100%']  memcached=20.0%
[monitor] ['12%', '100%', '100%', '100%']  memcached=12.5%
[monitor] ['12%', '100%', '100%', '100%']  memcached=12.5%
[monitor] ['16%', '100%', '100%', '100%']  memcached=16.0%
[monitor] ['24%', '100%', '100%', '100%']  memcached=24.0%
[monitor] ['28%', '100%', '100%', '100%']  memcached=28.0%
[monitor] ['68%', '100%', '100%', '100%']  memcached=67.7%
[monitor] ['100%', '100%', '100%', '100%']  memcached=100.0%
[MEMCACHED] cores updated to: ['0', '1', '3']
[vips] cores updated to: [2]
[monitor] ['76%', '77%', '100%', '81%']  memcached=234.7%
[monitor] ['53%', '57%', '100%', '61%']  memcached=171.1%
[monitor] ['48%', '55%', '100%', '61%']  memcached=164.4%
[monitor] ['50%', '55%', '100%', '62%']  memcached=167.3%
[monitor] ['41%', '53%', '100%', '64%']  memcached=157.5%
[MEMCACHED] cores updated to: ['0', '3']
[vips] cores updated to: [1, 2]
[monitor] ['68%', '100%', '100%', '80%']  memcached=147.6%
[monitor] ['70%', '100%', '100%', '78%']  memcached=148.1%
[monitor] ['71%', '100%', '100%', '86%']  memcached=156.3%
[monitor] ['67%', '100%', '100%', '80%']  memcached=146.7%
[monitor] ['83%', '100%', '100%', '83%']  memcached=165.7%
[monitor] ['80%', '100%', '100%', '89%']  memcached=169.5%
[monitor] ['83%', '100%', '100%', '100%']  memcached=182.9%
[MEMCACHED] cores updated to: ['0', '2', '3']
[vips] cores updated to: [1]
[monitor] ['67%', '100%', '75%', '77%']  memcached=218.8%
[monitor] ['62%', '100%', '69%', '75%']  memcached=206.1%
[monitor] ['66%', '100%', '71%', '83%']  memcached=220.4%
[monitor] ['67%', '100%', '73%', '95%']  memcached=234.5%
[monitor] ['66%', '100%', '70%', '86%']  memcached=221.5%
[monitor] ['66%', '100%', '68%', '83%']  memcached=216.1%
[monitor] ['67%', '100%', '63%', '81%']  memcached=210.6%
[monitor] ['87%', '100%', '74%', '92%']  memcached=252.3%
[monitor] ['100%', '100%', '89%', '89%']  memcached=278.4%
[monitor] ['84%', '100%', '85%', '81%']  memcached=249.3%
[monitor] ['72%', '100%', '71%', '53%']  memcached=196.0%
[monitor] ['100%', '100%', '14%', '7%']  memcached=121.2%
[MEMCACHED] cores updated to: ['0', '3']
[vips] cores updated to: [2, 1]
[monitor] ['100%', '100%', '100%', '27%']  memcached=126.9%
[monitor] ['77%', '100%', '100%', '56%']  memcached=132.2%
[monitor] ['82%', '100%', '100%', '52%']  memcached=133.9%
[monitor] ['100%', '100%', '100%', '33%']  memcached=133.3%
[monitor] ['69%', '100%', '100%', '31%']  memcached=99.7%
[monitor] ['21%', '100%', '100%', '23%']  memcached=44.5%
[MEMCACHED] cores updated to: ['0']
[vips] cores updated to: [2, 1, 3]
[monitor] ['52%', '100%', '100%', '100%']  memcached=52.0%
[monitor] ['62%', '100%', '100%', '100%']  memcached=62.1%
[monitor] ['52%', '100%', '100%', '100%']  memcached=52.0%
[monitor] ['92%', '100%', '100%', '100%']  memcached=92.1%
[MEMCACHED] cores updated to: ['0', '2']
[vips] cores updated to: [1, 3]
[monitor] ['97%', '100%', '98%', '100%']  memcached=195.0%
[MEMCACHED] cores updated to: ['0', '1', '2']
[vips] cores updated to: [3]
[monitor] ['67%', '61%', '60%', '100%']  memcached=188.0%
[monitor] ['58%', '61%', '61%', '100%']  memcached=180.2%
[monitor] ['69%', '66%', '67%', '100%']  memcached=201.0%
[monitor] ['65%', '69%', '68%', '100%']  memcached=200.9%
[monitor] ['59%', '66%', '62%', '100%']  memcached=186.8%
[monitor] ['55%', '65%', '59%', '100%']  memcached=179.1%
[monitor] ['59%', '65%', '64%', '100%']  memcached=187.5%
[monitor] ['53%', '61%', '57%', '100%']  memcached=170.6%
[monitor] ['53%', '58%', '55%', '100%']  memcached=166.1%
[monitor] ['54%', '64%', '58%', '100%']  memcached=175.3%
[monitor] ['56%', '61%', '59%', '100%']  memcached=176.9%
[monitor] ['53%', '55%', '52%', '100%']  memcached=159.9%
[MEMCACHED] cores updated to: ['0', '2']
[vips] cores updated to: [1, 3]
[monitor] ['83%', '100%', '80%', '100%']  memcached=162.9%
[monitor] ['80%', '100%', '76%', '100%']  memcached=155.8%
[monitor] ['83%', '100%', '81%', '100%']  memcached=163.4%
[monitor] ['79%', '100%', '77%', '100%']  memcached=155.9%
[monitor] ['86%', '100%', '82%', '100%']  memcached=168.5%
[monitor] ['83%', '100%', '79%', '100%']  memcached=162.3%
[monitor] ['83%', '100%', '81%', '100%']  memcached=163.4%
[monitor] ['85%', '100%', '83%', '100%']  memcached=168.2%
[monitor] ['76%', '100%', '74%', '100%']  memcached=150.8%
[monitor] ['83%', '100%', '82%', '100%']  memcached=165.2%
[monitor] ['40%', '100%', '29%', '100%']  memcached=69.4%
[MEMCACHED] cores updated to: ['0']
[vips] cores updated to: [2, 1, 3]
[monitor] ['7%', '100%', '100%', '100%']  memcached=7.1%
[monitor] ['4%', '100%', '100%', '100%']  memcached=3.7%
[monitor] ['10%', '100%', '100%', '100%']  memcached=10.3%
[monitor] ['4%', '100%', '100%', '100%']  memcached=3.7%
[monitor] ['11%', '100%', '100%', '100%']  memcached=10.7%
[monitor] ['11%', '100%', '100%', '100%']  memcached=11.1%
[monitor] ['7%', '100%', '100%', '100%']  memcached=7.1%
[monitor] ['7%', '100%', '100%', '100%']  memcached=7.1%
[monitor] ['7%', '100%', '100%', '100%']  memcached=7.4%
[monitor] ['13%', '100%', '100%', '100%']  memcached=13.3%
[monitor] ['4%', '100%', '100%', '100%']  memcached=3.7%
[monitor] ['55%', '100%', '100%', '100%']  memcached=54.8%
[monitor] ['86%', '57%', '63%', '61%']  memcached=85.7%
[vips] ended.
[MEMCACHED] cores updated to: ['0', '1', '2', '3']
