Scheduler started.
[MEMCACHED] cores updated to: ['0', '1', '2']
[radix] started on cores: [3] with 1 threads.
[monitor] ['27%', '32%', '30%', '100%']  memcached=88.9%
[MEMCACHED] cores updated to: ['0', '2']
[radix] paused.
[barnes] started on cores: [1, 3] with 2 threads.
[monitor] ['97%', '69%', '92%', '63%']  memcached=189.1%
[MEMCACHED] cores updated to: ['0', '1', '2']
[radix] unpaused.
[barnes] paused.
[monitor] ['73%', '79%', '79%', '100%']  memcached=231.4%
[monitor] ['75%', '76%', '80%', '100%']  memcached=230.7%
[monitor] ['75%', '72%', '77%', '100%']  memcached=224.1%
[monitor] ['74%', '78%', '82%', '100%']  memcached=234.0%
[monitor] ['71%', '71%', '79%', '100%']  memcached=221.5%
[monitor] ['74%', '72%', '80%', '100%']  memcached=226.5%
[monitor] ['76%', '76%', '82%', '100%']  memcached=233.4%
[monitor] ['72%', '78%', '80%', '100%']  memcached=230.5%
[monitor] ['70%', '67%', '76%', '100%']  memcached=212.7%
[monitor] ['74%', '76%', '84%', '100%']  memcached=233.4%
[monitor] ['72%', '75%', '79%', '100%']  memcached=226.7%
[monitor] ['42%', '42%', '44%', '100%']  memcached=128.6%
[MEMCACHED] cores updated to: ['0', '2']
[radix] paused.
[barnes] unpaused.
[monitor] ['55%', '82%', '55%', '31%']  memcached=109.4%
[monitor] ['62%', '100%', '60%', '9%']  memcached=122.5%
[monitor] ['59%', '100%', '59%', '23%']  memcached=117.6%
[monitor] ['58%', '100%', '58%', '100%']  memcached=115.6%
[monitor] ['62%', '100%', '60%', '100%']  memcached=121.8%
[monitor] ['59%', '100%', '58%', '100%']  memcached=117.0%
[monitor] ['62%', '85%', '59%', '100%']  memcached=121.1%
[monitor] ['61%', '100%', '58%', '100%']  memcached=118.2%
[monitor] ['61%', '100%', '58%', '100%']  memcached=118.2%
[monitor] ['59%', '100%', '58%', '100%']  memcached=117.0%
[monitor] ['62%', '100%', '61%', '100%']  memcached=123.1%
[monitor] ['44%', '100%', '39%', '100%']  memcached=82.8%
[monitor] ['30%', '100%', '28%', '100%']  memcached=57.6%
[MEMCACHED] cores updated to: ['0']
[radix] unpaused.
[radix] cores updated to: [2]
[monitor] ['66%', '100%', '100%', '100%']  memcached=65.6%
[monitor] ['69%', '100%', '100%', '100%']  memcached=68.6%
[monitor] ['67%', '100%', '100%', '100%']  memcached=66.7%
[monitor] ['61%', '100%', '100%', '100%']  memcached=61.3%
[monitor] ['58%', '100%', '100%', '100%']  memcached=58.1%
[monitor] ['64%', '100%', '100%', '100%']  memcached=63.6%
[monitor] ['60%', '100%', '100%', '100%']  memcached=60.0%
[monitor] ['58%', '100%', '100%', '100%']  memcached=58.1%
[monitor] ['60%', '100%', '100%', '100%']  memcached=60.0%
[monitor] ['59%', '100%', '100%', '100%']  memcached=59.4%
[monitor] ['76%', '100%', '100%', '100%']  memcached=75.8%
[monitor] ['85%', '100%', '100%', '100%']  memcached=84.6%
[monitor] ['85%', '100%', '100%', '100%']  memcached=84.6%
[monitor] ['89%', '100%', '100%', '100%']  memcached=89.2%
[MEMCACHED] cores updated to: ['0', '2']
[radix] paused.
[monitor] ['50%', '100%', '47%', '100%']  memcached=96.7%
[monitor] ['47%', '100%', '41%', '100%']  memcached=88.0%
[monitor] ['50%', '100%', '48%', '100%']  memcached=98.4%
[monitor] ['43%', '100%', '43%', '100%']  memcached=86.7%
[monitor] ['47%', '100%', '50%', '100%']  memcached=96.7%
[monitor] ['48%', '100%', '45%', '100%']  memcached=93.5%
[monitor] ['47%', '100%', '50%', '100%']  memcached=96.9%
[monitor] ['48%', '100%', '45%', '100%']  memcached=93.5%
[monitor] ['38%', '100%', '42%', '100%']  memcached=79.9%
[MEMCACHED] cores updated to: ['0']
[radix] unpaused.
[monitor] ['61%', '100%', '100%', '100%']  memcached=61.3%
[monitor] ['60%', '100%', '100%', '100%']  memcached=60.0%
[monitor] ['57%', '100%', '100%', '100%']  memcached=56.7%
[monitor] ['54%', '100%', '100%', '100%']  memcached=53.6%
[monitor] ['55%', '100%', '100%', '100%']  memcached=55.2%
[monitor] ['55%', '100%', '100%', '100%']  memcached=55.2%
[monitor] ['52%', '100%', '100%', '100%']  memcached=51.7%
[monitor] ['53%', '100%', '100%', '100%']  memcached=53.3%
[monitor] ['55%', '100%', '100%', '100%']  memcached=54.8%
[monitor] ['61%', '100%', '100%', '100%']  memcached=61.3%
[monitor] ['59%', '100%', '100%', '100%']  memcached=58.6%
[monitor] ['60%', '100%', '100%', '100%']  memcached=60.0%
[monitor] ['100%', '100%', '100%', '100%']  memcached=100.0%
[MEMCACHED] cores updated to: ['0', '1', '3']
[barnes] paused.
[monitor] ['100%', '97%', '100%', '100%']  memcached=297.4%
[monitor] ['75%', '78%', '100%', '79%']  memcached=232.3%
[monitor] ['79%', '76%', '100%', '82%']  memcached=237.9%
[monitor] ['76%', '74%', '100%', '79%']  memcached=229.4%
[monitor] ['76%', '74%', '100%', '79%']  memcached=229.4%
[monitor] ['75%', '77%', '100%', '82%']  memcached=233.7%
[monitor] ['77%', '78%', '100%', '82%']  memcached=237.1%
[monitor] ['73%', '74%', '100%', '76%']  memcached=223.0%
[monitor] ['73%', '75%', '100%', '81%']  memcached=229.1%
[monitor] ['75%', '76%', '100%', '78%']  memcached=228.2%
[monitor] ['78%', '78%', '100%', '82%']  memcached=238.2%
[monitor] ['78%', '78%', '100%', '82%']  memcached=237.7%
[monitor] ['74%', '78%', '100%', '79%']  memcached=231.1%
[monitor] ['73%', '74%', '100%', '80%']  memcached=227.1%
[monitor] ['72%', '75%', '100%', '76%']  memcached=223.5%
[monitor] ['73%', '73%', '100%', '79%']  memcached=224.9%
[monitor] ['76%', '77%', '100%', '79%']  memcached=232.7%
[monitor] ['82%', '80%', '100%', '85%']  memcached=246.2%
[monitor] ['78%', '79%', '100%', '82%']  memcached=239.8%
[monitor] ['81%', '79%', '100%', '85%']  memcached=245.0%
[monitor] ['79%', '78%', '100%', '84%']  memcached=242.0%
[monitor] ['75%', '78%', '100%', '82%']  memcached=235.3%
[monitor] ['81%', '78%', '100%', '82%']  memcached=240.4%
[monitor] ['72%', '72%', '100%', '79%']  memcached=223.4%
[monitor] ['71%', '70%', '100%', '73%']  memcached=214.1%
[monitor] ['69%', '69%', '100%', '74%']  memcached=213.2%
[monitor] ['74%', '70%', '100%', '76%']  memcached=220.2%
[monitor] ['66%', '69%', '100%', '70%']  memcached=204.6%
[monitor] ['69%', '70%', '100%', '72%']  memcached=211.1%
[monitor] ['65%', '66%', '100%', '69%']  memcached=199.9%
[monitor] ['69%', '69%', '100%', '73%']  memcached=211.0%
[monitor] ['68%', '69%', '100%', '74%']  memcached=210.8%
[monitor] ['66%', '69%', '100%', '70%']  memcached=204.6%
[monitor] ['66%', '66%', '100%', '72%']  memcached=203.7%
[monitor] ['72%', '69%', '100%', '72%']  memcached=213.0%
[monitor] ['54%', '54%', '100%', '59%']  memcached=168.0%
[monitor] ['26%', '17%', '100%', '16%']  memcached=58.5%
[MEMCACHED] cores updated to: ['0']
[barnes] unpaused.
[monitor] ['58%', '100%', '100%', '100%']  memcached=58.1%
[monitor] ['55%', '100%', '100%', '100%']  memcached=55.2%
[monitor] ['54%', '100%', '100%', '100%']  memcached=53.6%
[monitor] ['53%', '100%', '100%', '100%']  memcached=53.3%
[monitor] ['55%', '100%', '100%', '100%']  memcached=55.2%
[monitor] ['58%', '100%', '100%', '100%']  memcached=58.1%
[monitor] ['59%', '100%', '100%', '100%']  memcached=58.6%
[monitor] ['55%', '100%', '100%', '100%']  memcached=55.2%
[monitor] ['52%', '100%', '100%', '100%']  memcached=51.7%
[monitor] ['50%', '100%', '100%', '100%']  memcached=50.0%
[monitor] ['47%', '100%', '100%', '100%']  memcached=46.7%
[monitor] ['14%', '100%', '100%', '100%']  memcached=13.5%
[monitor] ['11%', '100%', '100%', '100%']  memcached=11.4%
[monitor] ['22%', '50%', '100%', '100%']  memcached=22.0%
[monitor] ['24%', '28%', '100%', '100%']  memcached=23.8%
[monitor] ['14%', '100%', '100%', '100%']  memcached=13.9%
[monitor] ['6%', '100%', '100%', '85%']  memcached=5.9%
[monitor] ['9%', '100%', '100%', '100%']  memcached=8.6%
[monitor] ['15%', '100%', '100%', '100%']  memcached=15.2%
[monitor] ['12%', '100%', '100%', '100%']  memcached=11.8%
[monitor] ['6%', '100%', '100%', '100%']  memcached=6.1%
[monitor] ['9%', '100%', '100%', '100%']  memcached=9.1%
[monitor] ['12%', '100%', '100%', '100%']  memcached=11.8%
[monitor] ['79%', '100%', '100%', '100%']  memcached=78.9%
[monitor] ['100%', '100%', '100%', '100%']  memcached=100.0%
[MEMCACHED] cores updated to: ['0', '1', '3']
[barnes] paused.
[monitor] ['72%', '67%', '100%', '77%']  memcached=216.0%
[monitor] ['53%', '45%', '100%', '48%']  memcached=147.1%
[MEMCACHED] cores updated to: ['0', '3']
[radix] paused.
[barnes] unpaused.
[barnes] cores updated to: [1, 2]
[monitor] ['66%', '100%', '100%', '61%']  memcached=126.2%
[monitor] ['69%', '100%', '100%', '66%']  memcached=134.3%
[monitor] ['68%', '100%', '100%', '61%']  memcached=128.3%
[monitor] ['66%', '100%', '100%', '65%']  memcached=130.3%
[monitor] ['75%', '100%', '100%', '75%']  memcached=150.0%
[monitor] ['71%', '100%', '100%', '74%']  memcached=145.0%
[monitor] ['65%', '100%', '100%', '67%']  memcached=131.4%
[monitor] ['68%', '100%', '100%', '65%']  memcached=132.4%
[monitor] ['21%', '100%', '100%', '12%']  memcached=32.8%
[MEMCACHED] cores updated to: ['0']
[radix] unpaused.
[radix] cores updated to: [3]
[monitor] ['6%', '100%', '100%', '100%']  memcached=6.5%
[monitor] ['3%', '100%', '100%', '100%']  memcached=3.4%
[monitor] ['10%', '100%', '100%', '100%']  memcached=10.0%
[monitor] ['9%', '100%', '100%', '100%']  memcached=9.4%
[monitor] ['12%', '100%', '100%', '100%']  memcached=12.5%
[monitor] ['6%', '100%', '100%', '100%']  memcached=6.5%
[monitor] ['3%', '100%', '100%', '100%']  memcached=3.3%
[monitor] ['10%', '100%', '100%', '100%']  memcached=9.7%
[monitor] ['6%', '100%', '100%', '100%']  memcached=6.5%
[monitor] ['28%', '100%', '100%', '90%']  memcached=28.1%
[radix] ended.
[blackscholes] started on cores: [3] with 3 threads.
[monitor] ['10%', '100%', '100%', '100%']  memcached=10.3%
[monitor] ['71%', '100%', '100%', '100%']  memcached=71.4%
[monitor] ['70%', '100%', '100%', '100%']  memcached=69.7%
[monitor] ['74%', '100%', '100%', '100%']  memcached=73.5%
[monitor] ['70%', '100%', '100%', '100%']  memcached=69.7%
[monitor] ['71%', '100%', '100%', '100%']  memcached=70.6%
[monitor] ['72%', '100%', '100%', '100%']  memcached=71.9%
[monitor] ['71%', '100%', '100%', '100%']  memcached=71.4%
[monitor] ['69%', '100%', '100%', '100%']  memcached=68.8%
[monitor] ['71%', '100%', '100%', '100%']  memcached=70.6%
[monitor] ['72%', '100%', '100%', '100%']  memcached=72.2%
[monitor] ['74%', '100%', '100%', '100%']  memcached=74.3%
[monitor] ['70%', '100%', '100%', '100%']  memcached=69.7%
[monitor] ['73%', '100%', '100%', '100%']  memcached=73.3%
[monitor] ['12%', '100%', '100%', '100%']  memcached=11.5%
[monitor] ['4%', '100%', '100%', '100%']  memcached=4.0%
[monitor] ['19%', '100%', '100%', '100%']  memcached=18.5%
[monitor] ['8%', '100%', '100%', '100%']  memcached=8.0%
[monitor] ['8%', '100%', '100%', '100%']  memcached=7.7%
[monitor] ['4%', '100%', '45%', '100%']  memcached=4.0%
[monitor] ['7%', '100%', '3%', '100%']  memcached=7.1%
[monitor] ['7%', '100%', '5%', '100%']  memcached=7.1%
[monitor] ['4%', '100%', '0%', '100%']  memcached=3.8%
[monitor] ['7%', '100%', '0%', '100%']  memcached=7.1%
[monitor] ['0%', '100%', '3%', '100%']  memcached=0.0%
[monitor] ['53%', '100%', '24%', '100%']  memcached=52.9%
[monitor] ['100%', '100%', '100%', '100%']  memcached=100.0%
[MEMCACHED] cores updated to: ['0', '1', '2']
[barnes] paused.
[monitor] ['95%', '97%', '100%', '100%']  memcached=292.3%
[monitor] ['95%', '82%', '82%', '100%']  memcached=257.8%
[monitor] ['86%', '86%', '76%', '100%']  memcached=249.3%
[monitor] ['81%', '91%', '78%', '100%']  memcached=250.1%
[monitor] ['100%', '71%', '75%', '100%']  memcached=245.6%
[monitor] ['81%', '89%', '79%', '100%']  memcached=248.1%
[monitor] ['68%', '100%', '78%', '100%']  memcached=246.0%
[monitor] ['72%', '100%', '77%', '100%']  memcached=249.1%
[monitor] ['69%', '100%', '75%', '100%']  memcached=243.6%
[monitor] ['68%', '100%', '73%', '100%']  memcached=240.6%
[monitor] ['54%', '71%', '89%', '100%']  memcached=214.0%
[monitor] ['6%', '6%', '100%', '100%']  memcached=111.1%
[MEMCACHED] cores updated to: ['0', '2']
[barnes] unpaused.
[barnes] cores updated to: [1, 3]
[blackscholes] paused.
[monitor] ['13%', '100%', '3%', '80%']  memcached=16.1%
[MEMCACHED] cores updated to: ['0']
[blackscholes] unpaused.
[blackscholes] cores updated to: [2]
[monitor] ['20%', '100%', '100%', '100%']  memcached=20.0%
[monitor] ['22%', '100%', '100%', '100%']  memcached=22.5%
[monitor] ['9%', '100%', '100%', '100%']  memcached=9.1%
[monitor] ['3%', '100%', '100%', '100%']  memcached=3.2%
[monitor] ['6%', '100%', '100%', '100%']  memcached=6.2%
[monitor] ['12%', '100%', '100%', '100%']  memcached=11.8%
[monitor] ['9%', '100%', '100%', '100%']  memcached=8.8%
[monitor] ['11%', '100%', '100%', '100%']  memcached=11.4%
[monitor] ['9%', '100%', '100%', '100%']  memcached=9.1%
[monitor] ['3%', '100%', '100%', '100%']  memcached=3.4%
[monitor] ['19%', '100%', '100%', '100%']  memcached=19.4%
[monitor] ['10%', '100%', '100%', '100%']  memcached=10.3%
[monitor] ['7%', '100%', '100%', '100%']  memcached=6.9%
[monitor] ['10%', '100%', '100%', '100%']  memcached=10.3%
[monitor] ['17%', '100%', '100%', '100%']  memcached=16.7%
[monitor] ['4%', '100%', '100%', '100%']  memcached=3.7%
[monitor] ['7%', '100%', '100%', '100%']  memcached=6.9%
[monitor] ['4%', '100%', '100%', '100%']  memcached=3.6%
[monitor] ['10%', '100%', '100%', '100%']  memcached=10.0%
[monitor] ['7%', '100%', '100%', '100%']  memcached=7.1%
[monitor] ['7%', '100%', '100%', '100%']  memcached=7.1%
[monitor] ['36%', '100%', '100%', '100%']  memcached=36.4%
[monitor] ['100%', '100%', '100%', '100%']  memcached=100.0%
[MEMCACHED] cores updated to: ['0', '1', '3']
[barnes] paused.
[monitor] ['76%', '72%', '100%', '64%']  memcached=211.8%
[monitor] ['59%', '61%', '100%', '61%']  memcached=180.0%
[monitor] ['60%', '58%', '100%', '67%']  memcached=184.2%
[monitor] ['56%', '59%', '100%', '61%']  memcached=175.3%
[monitor] ['56%', '57%', '100%', '61%']  memcached=174.1%
[monitor] ['53%', '59%', '100%', '61%']  memcached=173.1%
[monitor] ['56%', '58%', '100%', '62%']  memcached=175.6%
[monitor] ['59%', '62%', '100%', '63%']  memcached=183.4%
[monitor] ['55%', '56%', '100%', '60%']  memcached=170.4%
[monitor] ['56%', '60%', '100%', '63%']  memcached=178.7%
[monitor] ['57%', '53%', '100%', '59%']  memcached=169.1%
[monitor] ['16%', '8%', '100%', '3%']  memcached=26.9%
[MEMCACHED] cores updated to: ['0']
[barnes] unpaused.
[monitor] ['13%', '100%', '100%', '100%']  memcached=13.2%
[monitor] ['16%', '100%', '100%', '100%']  memcached=15.8%
[monitor] ['8%', '100%', '100%', '100%']  memcached=8.3%
[monitor] ['8%', '100%', '100%', '100%']  memcached=8.1%
[monitor] ['15%', '100%', '100%', '100%']  memcached=15.4%
[monitor] ['11%', '100%', '100%', '100%']  memcached=10.8%
[monitor] ['13%', '100%', '100%', '100%']  memcached=12.8%
[monitor] ['11%', '100%', '100%', '100%']  memcached=10.5%
[monitor] ['13%', '100%', '100%', '100%']  memcached=12.8%
[monitor] ['8%', '100%', '100%', '100%']  memcached=8.3%
[monitor] ['15%', '100%', '100%', '100%']  memcached=15.4%
[monitor] ['70%', '100%', '100%', '100%']  memcached=70.0%
[monitor] ['90%', '100%', '100%', '100%']  memcached=90.2%
[MEMCACHED] cores updated to: ['0', '2']
[blackscholes] paused.
[monitor] ['45%', '100%', '48%', '100%']  memcached=93.2%
[monitor] ['56%', '100%', '59%', '100%']  memcached=115.1%
[monitor] ['52%', '100%', '52%', '100%']  memcached=103.2%
[monitor] ['50%', '100%', '48%', '100%']  memcached=98.4%
[monitor] ['52%', '100%', '52%', '100%']  memcached=103.2%
[monitor] ['50%', '100%', '53%', '100%']  memcached=103.1%
[monitor] ['48%', '100%', '50%', '100%']  memcached=98.3%
[monitor] ['50%', '100%', '48%', '100%']  memcached=98.4%
[monitor] ['47%', '100%', '52%', '100%']  memcached=98.3%
[monitor] ['50%', '100%', '50%', '100%']  memcached=100.0%
[monitor] ['32%', '100%', '28%', '100%']  memcached=60.5%
[MEMCACHED] cores updated to: ['0']
[blackscholes] unpaused.
[monitor] ['12%', '100%', '100%', '100%']  memcached=11.5%
[monitor] ['15%', '100%', '100%', '100%']  memcached=14.8%
[monitor] ['8%', '100%', '100%', '100%']  memcached=8.0%
[monitor] ['15%', '85%', '100%', '100%']  memcached=14.8%
[monitor] ['12%', '77%', '100%', '100%']  memcached=11.5%
[monitor] ['11%', '100%', '100%', '85%']  memcached=11.1%
[monitor] ['8%', '100%', '100%', '100%']  memcached=8.0%
[monitor] ['4%', '100%', '100%', '100%']  memcached=4.2%
[monitor] ['8%', '100%', '100%', '100%']  memcached=7.7%
[monitor] ['12%', '100%', '100%', '100%']  memcached=11.5%
[monitor] ['8%', '100%', '100%', '100%']  memcached=8.0%
[monitor] ['48%', '100%', '100%', '100%']  memcached=48.4%
[monitor] ['100%', '100%', '100%', '100%']  memcached=100.0%
[MEMCACHED] cores updated to: ['0', '1', '3']
[barnes] paused.
[monitor] ['95%', '100%', '100%', '100%']  memcached=295.0%
[monitor] ['77%', '75%', '100%', '79%']  memcached=230.9%
[monitor] ['69%', '69%', '100%', '72%']  memcached=211.1%
[monitor] ['72%', '71%', '100%', '75%']  memcached=217.8%
[monitor] ['71%', '71%', '100%', '76%']  memcached=217.3%
[monitor] ['71%', '74%', '100%', '79%']  memcached=224.7%
[monitor] ['67%', '71%', '100%', '74%']  memcached=210.9%
[monitor] ['69%', '69%', '100%', '76%']  memcached=215.2%
[monitor] ['70%', '72%', '100%', '74%']  memcached=216.2%
[monitor] ['73%', '74%', '100%', '78%']  memcached=225.0%
[monitor] ['60%', '61%', '100%', '65%']  memcached=186.0%
[monitor] ['24%', '12%', '100%', '7%']  memcached=43.5%
[MEMCACHED] cores updated to: ['0']
[barnes] unpaused.
[monitor] ['44%', '100%', '100%', '100%']  memcached=44.4%
[monitor] ['29%', '100%', '100%', '100%']  memcached=29.2%
[monitor] ['32%', '100%', '100%', '100%']  memcached=32.0%
[monitor] ['35%', '100%', '100%', '100%']  memcached=34.6%
[monitor] ['38%', '100%', '100%', '100%']  memcached=38.5%
[monitor] ['37%', '100%', '100%', '100%']  memcached=37.0%
[monitor] ['38%', '100%', '100%', '100%']  memcached=38.5%
[monitor] ['35%', '100%', '100%', '100%']  memcached=34.6%
[monitor] ['43%', '100%', '100%', '100%']  memcached=42.9%
[monitor] ['33%', '100%', '100%', '100%']  memcached=33.3%
[monitor] ['32%', '100%', '100%', '100%']  memcached=32.0%
[monitor] ['95%', '100%', '100%', '100%']  memcached=94.9%
[MEMCACHED] cores updated to: ['0', '2']
[blackscholes] paused.
[monitor] ['74%', '100%', '82%', '100%']  memcached=155.1%
[monitor] ['69%', '100%', '81%', '100%']  memcached=150.5%
[monitor] ['69%', '100%', '80%', '100%']  memcached=148.6%
[monitor] ['68%', '100%', '78%', '100%']  memcached=145.4%
[monitor] ['69%', '100%', '81%', '100%']  memcached=149.7%
[monitor] ['68%', '100%', '79%', '100%']  memcached=146.6%
[monitor] ['71%', '100%', '81%', '100%']  memcached=151.1%
[monitor] ['68%', '100%', '78%', '100%']  memcached=146.0%
[monitor] ['70%', '100%', '79%', '100%']  memcached=149.8%
[monitor] ['67%', '100%', '79%', '100%']  memcached=145.6%
[monitor] ['70%', '100%', '76%', '100%']  memcached=146.6%
[monitor] ['69%', '100%', '82%', '100%']  memcached=151.0%
[monitor] ['69%', '100%', '80%', '100%']  memcached=148.8%
[monitor] ['71%', '100%', '82%', '100%']  memcached=153.0%
[monitor] ['72%', '100%', '83%', '100%']  memcached=155.6%
[monitor] ['73%', '100%', '80%', '100%']  memcached=153.5%
[monitor] ['69%', '100%', '78%', '100%']  memcached=147.2%
[monitor] ['67%', '100%', '82%', '100%']  memcached=148.2%
[monitor] ['69%', '100%', '79%', '100%']  memcached=148.1%
[monitor] ['71%', '100%', '82%', '100%']  memcached=153.9%
[monitor] ['70%', '100%', '79%', '100%']  memcached=148.6%
[monitor] ['69%', '100%', '78%', '100%']  memcached=147.8%
[monitor] ['69%', '100%', '79%', '100%']  memcached=148.4%
[monitor] ['61%', '100%', '66%', '100%']  memcached=126.3%
[monitor] ['39%', '100%', '43%', '100%']  memcached=82.6%
[monitor] ['42%', '100%', '48%', '100%']  memcached=90.3%
[monitor] ['45%', '100%', '45%', '100%']  memcached=90.0%
[monitor] ['45%', '100%', '47%', '100%']  memcached=91.5%
[monitor] ['45%', '100%', '40%', '100%']  memcached=85.2%
[monitor] ['42%', '100%', '43%', '100%']  memcached=85.3%
[monitor] ['35%', '100%', '41%', '100%']  memcached=76.0%
[MEMCACHED] cores updated to: ['0']
[blackscholes] unpaused.
[monitor] ['86%', '100%', '100%', '100%']  memcached=86.5%
[MEMCACHED] cores updated to: ['0', '2']
[blackscholes] paused.
[monitor] ['41%', '100%', '45%', '100%']  memcached=86.5%
[monitor] ['41%', '100%', '42%', '100%']  memcached=83.3%
[monitor] ['40%', '100%', '42%', '100%']  memcached=81.9%
[monitor] ['52%', '100%', '48%', '100%']  memcached=99.9%
[monitor] ['56%', '100%', '61%', '100%']  memcached=116.9%
[monitor] ['56%', '100%', '58%', '100%']  memcached=113.8%
[monitor] ['58%', '87%', '58%', '100%']  memcached=115.6%
[monitor] ['55%', '31%', '55%', '82%']  memcached=109.7%
[monitor] ['65%', '68%', '62%', '35%']  memcached=127.2%
[barnes] ended.
[MEMCACHED] cores updated to: ['0', '3']
[blackscholes] unpaused.
[blackscholes] cores updated to: [1, 2]
[monitor] ['53%', '100%', '100%', '50%']  memcached=103.1%
[monitor] ['50%', '100%', '100%', '50%']  memcached=100.0%
[monitor] ['45%', '100%', '100%', '52%']  memcached=96.8%
[monitor] ['55%', '100%', '100%', '55%']  memcached=109.4%
[monitor] ['56%', '100%', '100%', '58%']  memcached=114.3%
[monitor] ['56%', '100%', '100%', '55%']  memcached=111.1%
[monitor] ['52%', '100%', '100%', '56%']  memcached=107.9%
[monitor] ['23%', '100%', '100%', '15%']  memcached=37.4%
[MEMCACHED] cores updated to: ['0']
[blackscholes] cores updated to: [3, 1, 2]
[monitor] ['43%', '100%', '100%', '100%']  memcached=42.9%
[monitor] ['48%', '100%', '100%', '100%']  memcached=48.1%
[monitor] ['50%', '100%', '100%', '100%']  memcached=50.0%
[monitor] ['43%', '100%', '100%', '100%']  memcached=42.9%
[monitor] ['45%', '100%', '100%', '100%']  memcached=44.8%
[monitor] ['48%', '100%', '100%', '100%']  memcached=48.1%
[monitor] ['48%', '100%', '100%', '100%']  memcached=48.3%
[monitor] ['45%', '100%', '100%', '100%']  memcached=44.8%
[monitor] ['44%', '100%', '100%', '100%']  memcached=44.4%
[monitor] ['46%', '100%', '100%', '100%']  memcached=46.4%
[monitor] ['48%', '100%', '100%', '100%']  memcached=48.1%
[monitor] ['95%', '100%', '100%', '100%']  memcached=95.0%
[MEMCACHED] cores updated to: ['0', '3']
[blackscholes] cores updated to: [1, 2]
[monitor] ['90%', '100%', '100%', '70%']  memcached=159.7%
[monitor] ['89%', '100%', '100%', '59%']  memcached=148.6%
[monitor] ['87%', '100%', '100%', '66%']  memcached=152.5%
[monitor] ['90%', '100%', '100%', '71%']  memcached=160.3%
[monitor] ['90%', '100%', '100%', '68%']  memcached=157.5%
[monitor] ['71%', '100%', '100%', '69%']  memcached=140.0%
[monitor] ['68%', '100%', '100%', '74%']  memcached=141.9%
[monitor] ['75%', '100%', '100%', '72%']  memcached=147.2%
[monitor] ['69%', '100%', '100%', '73%']  memcached=141.5%
[monitor] ['72%', '100%', '100%', '76%']  memcached=147.9%
[monitor] ['68%', '100%', '100%', '78%']  memcached=145.4%
[monitor] ['44%', '100%', '100%', '47%']  memcached=90.6%
[monitor] ['30%', '100%', '100%', '25%']  memcached=55.0%
[MEMCACHED] cores updated to: ['0']
[blackscholes] cores updated to: [3, 1, 2]
[monitor] ['62%', '100%', '100%', '100%']  memcached=62.5%
[monitor] ['66%', '100%', '100%', '100%']  memcached=65.6%
[monitor] ['60%', '100%', '100%', '100%']  memcached=60.0%
[monitor] ['58%', '100%', '100%', '100%']  memcached=58.1%
[monitor] ['61%', '100%', '100%', '100%']  memcached=61.3%
[monitor] ['62%', '100%', '100%', '100%']  memcached=62.5%
[monitor] ['69%', '100%', '100%', '100%']  memcached=68.8%
[monitor] ['62%', '100%', '100%', '100%']  memcached=62.5%
[monitor] ['65%', '100%', '100%', '100%']  memcached=64.5%
[monitor] ['68%', '100%', '100%', '100%']  memcached=67.6%
[monitor] ['71%', '100%', '100%', '100%']  memcached=70.6%
[monitor] ['80%', '100%', '71%', '100%']  memcached=80.0%
[monitor] ['79%', '100%', '6%', '100%']  memcached=78.9%
[monitor] ['84%', '62%', '37%', '74%']  memcached=84.2%
[monitor] ['90%', '6%', '100%', '0%']  memcached=90.0%
[MEMCACHED] cores updated to: ['0', '1']
[blackscholes] cores updated to: [3, 2]
[monitor] ['42%', '45%', '100%', '0%']  memcached=87.1%
[monitor] ['47%', '41%', '100%', '3%']  memcached=88.3%
[monitor] ['47%', '45%', '100%', '6%']  memcached=92.0%
[monitor] ['43%', '44%', '100%', '6%']  memcached=87.1%
[monitor] ['45%', '41%', '100%', '3%']  memcached=86.8%
[monitor] ['44%', '42%', '100%', '0%']  memcached=85.7%
[monitor] ['47%', '43%', '100%', '3%']  memcached=89.5%
[monitor] ['45%', '44%', '100%', '6%']  memcached=88.9%
[monitor] ['27%', '21%', '100%', '3%']  memcached=47.4%
[MEMCACHED] cores updated to: ['0']
[blackscholes] cores updated to: [3, 1, 2]
[monitor] ['57%', '3%', '100%', '0%']  memcached=56.7%
[monitor] ['52%', '5%', '100%', '8%']  memcached=51.7%
[monitor] ['58%', '65%', '100%', '8%']  memcached=58.1%
[monitor] ['57%', '0%', '100%', '3%']  memcached=56.7%
[monitor] ['57%', '14%', '92%', '17%']  memcached=56.7%
[blackscholes] ended.
[canneal] started on cores: [1, 2, 3] with 3 threads.
[monitor] ['50%', '50%', '35%', '38%']  memcached=50.0%
[monitor] ['43%', '41%', '14%', '62%']  memcached=42.9%
[monitor] ['37%', '100%', '5%', '0%']  memcached=36.7%
[monitor] ['7%', '100%', '5%', '3%']  memcached=6.9%
[monitor] ['3%', '100%', '0%', '0%']  memcached=3.4%
[monitor] ['7%', '100%', '3%', '5%']  memcached=6.9%
[monitor] ['7%', '100%', '3%', '0%']  memcached=6.9%
[monitor] ['3%', '100%', '3%', '0%']  memcached=3.4%
[monitor] ['7%', '100%', '3%', '3%']  memcached=6.7%
[monitor] ['4%', '100%', '0%', '0%']  memcached=3.6%
[monitor] ['3%', '100%', '3%', '0%']  memcached=3.4%
[monitor] ['10%', '100%', '0%', '0%']  memcached=9.7%
[monitor] ['0%', '100%', '3%', '0%']  memcached=0.0%
[monitor] ['7%', '100%', '37%', '3%']  memcached=6.7%
[monitor] ['3%', '33%', '37%', '74%']  memcached=3.4%
[monitor] ['95%', '3%', '3%', '100%']  memcached=94.9%
[MEMCACHED] cores updated to: ['0', '1']
[canneal] cores updated to: [2, 3]
[monitor] ['87%', '89%', '13%', '100%']  memcached=176.1%
[MEMCACHED] cores updated to: ['0', '1', '2']
[canneal] cores updated to: [3]
[monitor] ['57%', '62%', '67%', '100%']  memcached=185.6%
[monitor] ['56%', '61%', '64%', '100%']  memcached=180.9%
[monitor] ['55%', '64%', '63%', '100%']  memcached=181.3%
[monitor] ['55%', '60%', '60%', '100%']  memcached=174.5%
[monitor] ['55%', '62%', '62%', '100%']  memcached=178.1%
[monitor] ['59%', '64%', '66%', '100%']  memcached=188.5%
[monitor] ['55%', '62%', '65%', '100%']  memcached=181.2%
[monitor] ['56%', '61%', '64%', '100%']  memcached=180.9%
[monitor] ['56%', '62%', '64%', '100%']  memcached=181.5%
[monitor] ['53%', '59%', '59%', '100%']  memcached=170.6%
[monitor] ['47%', '55%', '64%', '100%']  memcached=165.1%
[monitor] ['39%', '44%', '45%', '100%']  memcached=127.9%
[MEMCACHED] cores updated to: ['0', '2']
[canneal] cores updated to: [1, 3]
[monitor] ['55%', '3%', '56%', '100%']  memcached=111.1%
[monitor] ['59%', '6%', '59%', '100%']  memcached=118.2%
[monitor] ['58%', '9%', '58%', '100%']  memcached=115.6%
[monitor] ['56%', '3%', '62%', '100%']  memcached=118.0%
[monitor] ['58%', '6%', '61%', '100%']  memcached=118.7%
[monitor] ['55%', '0%', '61%', '100%']  memcached=115.4%
[monitor] ['59%', '0%', '61%', '100%']  memcached=120.0%
[monitor] ['56%', '76%', '58%', '37%']  memcached=114.3%
[monitor] ['59%', '64%', '62%', '53%']  memcached=121.1%
[monitor] ['59%', '70%', '56%', '42%']  memcached=115.1%
[monitor] ['71%', '100%', '78%', '3%']  memcached=149.8%
[monitor] ['84%', '100%', '93%', '7%']  memcached=176.9%
[MEMCACHED] cores updated to: ['0', '2', '3']
[canneal] cores updated to: [1]
[monitor] ['65%', '100%', '70%', '77%']  memcached=211.9%
[monitor] ['64%', '100%', '72%', '72%']  memcached=207.7%
[monitor] ['64%', '100%', '72%', '75%']  memcached=211.1%
[monitor] ['64%', '100%', '69%', '74%']  memcached=206.7%
[monitor] ['62%', '100%', '69%', '71%']  memcached=202.8%
[monitor] ['64%', '100%', '71%', '75%']  memcached=209.9%
[monitor] ['63%', '100%', '71%', '74%']  memcached=207.6%
[monitor] ['64%', '100%', '70%', '72%']  memcached=206.4%
[monitor] ['63%', '100%', '70%', '69%']  memcached=202.6%
[monitor] ['63%', '100%', '70%', '73%']  memcached=206.1%
[monitor] ['67%', '100%', '74%', '75%']  memcached=216.0%
[monitor] ['81%', '100%', '88%', '88%']  memcached=255.6%
[monitor] ['79%', '100%', '88%', '88%']  memcached=253.9%
[monitor] ['76%', '100%', '85%', '85%']  memcached=245.3%
[monitor] ['76%', '100%', '85%', '86%']  memcached=248.0%
[monitor] ['76%', '100%', '87%', '85%']  memcached=248.1%
[monitor] ['81%', '100%', '87%', '92%']  memcached=260.6%
[monitor] ['82%', '100%', '88%', '86%']  memcached=255.6%
[monitor] ['78%', '100%', '82%', '82%']  memcached=241.9%
[monitor] ['76%', '100%', '83%', '84%']  memcached=243.5%
[monitor] ['76%', '100%', '85%', '82%']  memcached=241.9%
[monitor] ['77%', '100%', '83%', '84%']  memcached=244.3%
[monitor] ['78%', '100%', '88%', '90%']  memcached=255.0%
[monitor] ['59%', '100%', '66%', '69%']  memcached=193.2%
[monitor] ['55%', '100%', '64%', '66%']  memcached=184.1%
[monitor] ['56%', '100%', '63%', '65%']  memcached=183.9%
[monitor] ['61%', '100%', '64%', '68%']  memcached=192.6%
[monitor] ['57%', '100%', '63%', '63%']  memcached=183.2%
[monitor] ['54%', '100%', '62%', '62%']  memcached=177.8%
[monitor] ['53%', '100%', '59%', '66%']  memcached=177.7%
[monitor] ['58%', '100%', '64%', '63%']  memcached=185.1%
[monitor] ['56%', '100%', '61%', '64%']  memcached=181.2%
[monitor] ['56%', '100%', '64%', '66%']  memcached=185.9%
[monitor] ['57%', '100%', '67%', '67%']  memcached=190.5%
[monitor] ['57%', '100%', '62%', '65%']  memcached=184.0%
[monitor] ['38%', '100%', '39%', '45%']  memcached=122.3%
[MEMCACHED] cores updated to: ['0', '3']
[canneal] cores updated to: [1, 2]
[monitor] ['21%', '100%', '0%', '21%']  memcached=42.9%
[MEMCACHED] cores updated to: ['0']
[canneal] cores updated to: [3, 1, 2]
[monitor] ['43%', '100%', '3%', '5%']  memcached=42.9%
[monitor] ['45%', '100%', '3%', '3%']  memcached=44.8%
[monitor] ['45%', '100%', '3%', '0%']  memcached=44.8%
[monitor] ['38%', '100%', '3%', '6%']  memcached=38.5%
[monitor] ['43%', '100%', '0%', '0%']  memcached=43.3%
[monitor] ['43%', '100%', '0%', '0%']  memcached=42.9%
[monitor] ['41%', '100%', '5%', '0%']  memcached=40.7%
[monitor] ['43%', '100%', '0%', '3%']  memcached=42.9%
[monitor] ['39%', '100%', '3%', '0%']  memcached=39.3%
[monitor] ['35%', '98%', '5%', '3%']  memcached=34.6%
[monitor] ['33%', '3%', '0%', '100%']  memcached=33.3%
[monitor] ['3%', '0%', '3%', '100%']  memcached=3.2%
[monitor] ['3%', '0%', '0%', '100%']  memcached=3.2%
[monitor] ['3%', '3%', '0%', '100%']  memcached=3.3%
[monitor] ['9%', '5%', '3%', '100%']  memcached=9.4%
[monitor] ['3%', '0%', '0%', '100%']  memcached=3.2%
[monitor] ['0%', '0%', '0%', '100%']  memcached=0.0%
[monitor] ['3%', '3%', '0%', '100%']  memcached=3.2%
[monitor] ['6%', '0%', '3%', '100%']  memcached=6.2%
[monitor] ['6%', '0%', '3%', '100%']  memcached=6.2%
[monitor] ['3%', '5%', '3%', '100%']  memcached=3.2%
[monitor] ['6%', '0%', '0%', '100%']  memcached=6.2%
[monitor] ['0%', '0%', '0%', '100%']  memcached=0.0%
[monitor] ['87%', '11%', '3%', '100%']  memcached=87.2%
[MEMCACHED] cores updated to: ['0', '3']
[canneal] cores updated to: [1, 2]
[monitor] ['78%', '3%', '100%', '76%']  memcached=153.5%
[monitor] ['76%', '9%', '100%', '69%']  memcached=145.1%
[monitor] ['71%', '6%', '100%', '68%']  memcached=139.0%
[monitor] ['71%', '6%', '100%', '69%']  memcached=140.0%
[monitor] ['78%', '6%', '100%', '69%']  memcached=146.9%
[monitor] ['73%', '71%', '98%', '71%']  memcached=144.4%
[monitor] ['65%', '90%', '98%', '74%']  memcached=138.4%
[monitor] ['71%', '90%', '100%', '71%']  memcached=142.0%
[monitor] ['69%', '95%', '98%', '72%']  memcached=140.8%
[monitor] ['77%', '95%', '92%', '72%']  memcached=149.4%
[monitor] ['69%', '88%', '98%', '71%']  memcached=140.0%
[monitor] ['68%', '95%', '100%', '77%']  memcached=144.6%
[monitor] ['67%', '90%', '95%', '76%']  memcached=142.3%
[monitor] ['64%', '92%', '98%', '69%']  memcached=133.3%
[monitor] ['64%', '87%', '100%', '78%']  memcached=141.4%
[monitor] ['69%', '90%', '97%', '76%']  memcached=144.9%
[monitor] ['64%', '90%', '98%', '76%']  memcached=139.3%
[monitor] ['61%', '87%', '100%', '73%']  memcached=133.6%
[monitor] ['71%', '95%', '95%', '77%']  memcached=148.6%
[monitor] ['71%', '92%', '100%', '76%']  memcached=147.1%
[monitor] ['67%', '90%', '95%', '72%']  memcached=138.9%
[monitor] ['69%', '95%', '98%', '69%']  memcached=137.1%
[monitor] ['65%', '92%', '100%', '76%']  memcached=141.0%
[monitor] ['75%', '92%', '95%', '72%']  memcached=147.2%
[monitor] ['83%', '82%', '95%', '87%']  memcached=169.7%
[monitor] ['90%', '84%', '97%', '86%']  memcached=176.2%
[MEMCACHED] cores updated to: ['0', '1', '3']
[canneal] cores updated to: [2]
[monitor] ['68%', '65%', '100%', '65%']  memcached=197.1%
[monitor] ['63%', '64%', '100%', '63%']  memcached=189.4%
[monitor] ['66%', '65%', '100%', '67%']  memcached=197.1%
[monitor] ['71%', '68%', '100%', '69%']  memcached=206.8%
[monitor] ['69%', '68%', '100%', '70%']  memcached=206.5%
[monitor] ['73%', '69%', '100%', '69%']  memcached=210.7%
[monitor] ['67%', '66%', '100%', '67%']  memcached=199.0%
[monitor] ['65%', '67%', '100%', '69%']  memcached=199.9%
[monitor] ['64%', '62%', '100%', '68%']  memcached=193.0%
[monitor] ['65%', '63%', '100%', '69%']  memcached=196.1%
[monitor] ['30%', '31%', '100%', '24%']  memcached=85.4%
[MEMCACHED] cores updated to: ['0', '3']
[canneal] cores updated to: [1, 2]
[monitor] ['50%', '90%', '98%', '53%']  memcached=103.1%
[monitor] ['41%', '95%', '95%', '43%']  memcached=84.7%
[monitor] ['47%', '95%', '95%', '50%']  memcached=96.7%
[monitor] ['47%', '95%', '97%', '45%']  memcached=91.7%
[monitor] ['45%', '95%', '98%', '45%']  memcached=90.3%
[monitor] ['43%', '92%', '95%', '45%']  memcached=88.5%
[monitor] ['47%', '98%', '97%', '48%']  memcached=95.2%
[monitor] ['47%', '98%', '95%', '47%']  memcached=93.5%
[monitor] ['45%', '97%', '95%', '47%']  memcached=91.7%
[monitor] ['50%', '95%', '97%', '55%']  memcached=104.5%
[monitor] ['47%', '95%', '95%', '48%']  memcached=95.1%
[monitor] ['25%', '95%', '92%', '20%']  memcached=45.0%
[MEMCACHED] cores updated to: ['0']
[canneal] cores updated to: [3, 1, 2]
[monitor] ['20%', '95%', '98%', '98%']  memcached=20.0%
[monitor] ['23%', '97%', '100%', '98%']  memcached=23.1%
[monitor] ['26%', '95%', '98%', '98%']  memcached=25.9%
[monitor] ['23%', '95%', '100%', '97%']  memcached=23.1%
[monitor] ['19%', '98%', '98%', '98%']  memcached=19.2%
[monitor] ['23%', '97%', '98%', '98%']  memcached=23.1%
[monitor] ['19%', '98%', '98%', '100%']  memcached=19.2%
[monitor] ['16%', '100%', '98%', '98%']  memcached=16.0%
[monitor] ['16%', '100%', '100%', '100%']  memcached=16.0%
[monitor] ['29%', '95%', '98%', '98%']  memcached=28.6%
[monitor] ['16%', '100%', '97%', '100%']  memcached=16.0%
[monitor] ['58%', '95%', '98%', '95%']  memcached=58.1%
[monitor] ['100%', '93%', '100%', '95%']  memcached=100.0%
[MEMCACHED] cores updated to: ['0', '2', '3']
[canneal] cores updated to: [1]
[monitor] ['62%', '100%', '66%', '69%']  memcached=196.1%
[monitor] ['48%', '100%', '56%', '53%']  memcached=157.2%
[MEMCACHED] cores updated to: ['0', '3']
[canneal] cores updated to: [2, 1]
[monitor] ['78%', '95%', '95%', '77%']  memcached=154.9%
[monitor] ['75%', '90%', '98%', '76%']  memcached=150.7%
[monitor] ['76%', '95%', '95%', '76%']  memcached=152.0%
[monitor] ['75%', '92%', '97%', '75%']  memcached=150.0%
[monitor] ['71%', '88%', '97%', '78%']  memcached=149.0%
[monitor] ['74%', '95%', '98%', '77%']  memcached=151.4%
[monitor] ['74%', '95%', '97%', '76%']  memcached=149.2%
[monitor] ['72%', '97%', '95%', '80%']  memcached=152.2%
[monitor] ['61%', '92%', '97%', '68%']  memcached=128.9%
[monitor] ['52%', '92%', '98%', '56%']  memcached=107.9%
[monitor] ['52%', '92%', '98%', '59%']  memcached=110.4%
[monitor] ['55%', '95%', '98%', '62%']  memcached=116.3%
[monitor] ['50%', '92%', '95%', '56%']  memcached=106.2%
[monitor] ['60%', '95%', '97%', '59%']  memcached=118.8%
[monitor] ['59%', '95%', '97%', '61%']  memcached=120.0%
[monitor] ['56%', '95%', '95%', '63%']  memcached=119.1%
[monitor] ['58%', '92%', '95%', '56%']  memcached=113.8%
[monitor] ['56%', '97%', '95%', '58%']  memcached=114.6%
[monitor] ['50%', '90%', '98%', '60%']  memcached=110.0%
[monitor] ['56%', '95%', '95%', '56%']  memcached=112.1%
[monitor] ['53%', '93%', '95%', '58%']  memcached=110.7%
[monitor] ['32%', '97%', '95%', '31%']  memcached=63.2%
[MEMCACHED] cores updated to: ['0']
[canneal] cores updated to: [2, 1, 3]
[monitor] ['81%', '92%', '100%', '95%']  memcached=81.1%
[monitor] ['82%', '92%', '100%', '98%']  memcached=81.6%
[monitor] ['78%', '97%', '98%', '98%']  memcached=77.8%
[monitor] ['81%', '93%', '100%', '95%']  memcached=80.6%
[monitor] ['76%', '98%', '98%', '98%']  memcached=76.5%
[monitor] ['74%', '95%', '100%', '98%']  memcached=74.3%
[monitor] ['79%', '95%', '100%', '98%']  memcached=78.9%
[monitor] ['76%', '97%', '98%', '98%']  memcached=76.5%
[monitor] ['79%', '95%', '100%', '98%']  memcached=78.9%
[monitor] ['79%', '95%', '100%', '98%']  memcached=78.9%
[monitor] ['77%', '95%', '100%', '97%']  memcached=77.1%
[monitor] ['83%', '95%', '98%', '97%']  memcached=82.9%
[monitor] ['85%', '98%', '100%', '98%']  memcached=85.0%
[monitor] ['85%', '95%', '100%', '95%']  memcached=84.6%
[monitor] ['90%', '93%', '98%', '95%']  memcached=89.7%
[MEMCACHED] cores updated to: ['0', '1']
[canneal] cores updated to: [2, 3]
[monitor] ['43%', '48%', '95%', '95%']  memcached=91.7%
[monitor] ['42%', '40%', '98%', '92%']  memcached=81.9%
[monitor] ['48%', '47%', '97%', '93%']  memcached=95.1%
[monitor] ['42%', '38%', '95%', '95%']  memcached=80.4%
[monitor] ['45%', '40%', '97%', '92%']  memcached=85.2%
[monitor] ['38%', '38%', '95%', '97%']  memcached=75.9%
[MEMCACHED] cores updated to: ['0']
[canneal] cores updated to: [2, 1, 3]
[monitor] ['90%', '95%', '98%', '95%']  memcached=89.7%
[MEMCACHED] cores updated to: ['0', '3']
[canneal] cores updated to: [2, 1]
[monitor] ['45%', '92%', '95%', '50%']  memcached=95.2%
[monitor] ['28%', '95%', '95%', '35%']  memcached=63.1%
[MEMCACHED] cores updated to: ['0']
[canneal] cores updated to: [2, 1, 3]
[monitor] ['53%', '93%', '100%', '93%']  memcached=53.3%
[monitor] ['52%', '98%', '92%', '100%']  memcached=51.9%
[monitor] ['53%', '95%', '100%', '97%']  memcached=53.3%
[monitor] ['50%', '97%', '97%', '98%']  memcached=50.0%
[monitor] ['48%', '95%', '98%', '98%']  memcached=48.3%
[monitor] ['52%', '95%', '100%', '98%']  memcached=51.7%
[monitor] ['46%', '98%', '98%', '100%']  memcached=46.4%
[monitor] ['52%', '97%', '98%', '98%']  memcached=51.7%
[monitor] ['48%', '95%', '97%', '95%']  memcached=48.3%
[monitor] ['52%', '95%', '100%', '98%']  memcached=51.7%
[monitor] ['53%', '97%', '98%', '100%']  memcached=53.3%
[monitor] ['66%', '98%', '100%', '98%']  memcached=65.6%
[monitor] ['100%', '95%', '98%', '98%']  memcached=100.0%
[MEMCACHED] cores updated to: ['0', '1', '2']
[canneal] cores updated to: [3]
[monitor] ['39%', '47%', '47%', '100%']  memcached=132.5%
[MEMCACHED] cores updated to: ['0', '2']
[canneal] cores updated to: [1, 3]
[monitor] ['65%', '97%', '67%', '97%']  memcached=131.4%
[monitor] ['62%', '95%', '69%', '98%']  memcached=131.1%
[monitor] ['67%', '95%', '69%', '98%']  memcached=136.1%
[monitor] ['65%', '97%', '69%', '100%']  memcached=133.3%
[monitor] ['65%', '97%', '69%', '98%']  memcached=133.3%
[monitor] ['66%', '98%', '67%', '98%']  memcached=132.3%
[monitor] ['67%', '98%', '69%', '100%']  memcached=135.2%
[monitor] ['65%', '95%', '67%', '98%']  memcached=131.4%
[monitor] ['66%', '100%', '67%', '97%']  memcached=132.3%
[monitor] ['66%', '95%', '66%', '98%']  memcached=131.3%
[monitor] ['76%', '95%', '78%', '100%']  memcached=154.1%
[monitor] ['74%', '97%', '78%', '98%']  memcached=152.1%
[monitor] ['76%', '98%', '78%', '98%']  memcached=154.1%
[monitor] ['76%', '95%', '75%', '97%']  memcached=150.7%
[monitor] ['73%', '97%', '75%', '100%']  memcached=148.0%
[monitor] ['73%', '95%', '76%', '98%']  memcached=149.0%
[monitor] ['72%', '100%', '75%', '97%']  memcached=147.2%
[monitor] ['71%', '95%', '74%', '98%']  memcached=145.7%
[monitor] ['72%', '97%', '78%', '100%']  memcached=150.6%
[monitor] ['71%', '95%', '76%', '98%']  memcached=146.3%
[monitor] ['69%', '98%', '75%', '100%']  memcached=143.6%
[monitor] ['75%', '95%', '76%', '98%']  memcached=150.7%
[monitor] ['55%', '98%', '58%', '97%']  memcached=112.4%
[monitor] ['47%', '97%', '52%', '98%']  memcached=98.3%
[monitor] ['47%', '95%', '50%', '98%']  memcached=96.7%
[monitor] ['52%', '98%', '53%', '98%']  memcached=104.7%
[monitor] ['43%', '98%', '53%', '97%']  memcached=96.0%
[monitor] ['43%', '97%', '48%', '98%']  memcached=91.2%
[monitor] ['47%', '98%', '48%', '100%']  memcached=95.1%
[monitor] ['47%', '95%', '52%', '97%']  memcached=98.2%
[monitor] ['48%', '98%', '50%', '98%']  memcached=98.3%
[monitor] ['50%', '97%', '48%', '98%']  memcached=98.4%
[monitor] ['52%', '98%', '55%', '100%']  memcached=106.2%
[monitor] ['53%', '95%', '56%', '98%']  memcached=109.4%
[monitor] ['47%', '97%', '43%', '98%']  memcached=90.0%
[monitor] ['45%', '98%', '45%', '98%']  memcached=89.7%
[monitor] ['48%', '95%', '47%', '98%']  memcached=95.1%
[monitor] ['47%', '97%', '47%', '98%']  memcached=93.3%
[monitor] ['52%', '97%', '52%', '100%']  memcached=103.2%
[monitor] ['45%', '98%', '47%', '98%']  memcached=91.7%
[monitor] ['43%', '95%', '41%', '95%']  memcached=84.7%
[monitor] ['43%', '98%', '48%', '97%']  memcached=91.7%
[monitor] ['41%', '97%', '43%', '98%']  memcached=84.7%
[monitor] ['45%', '97%', '45%', '100%']  memcached=90.3%
[monitor] ['47%', '98%', '45%', '97%']  memcached=91.8%
[monitor] ['41%', '95%', '43%', '97%']  memcached=84.2%
[monitor] ['43%', '97%', '48%', '98%']  memcached=91.2%
[monitor] ['95%', '98%', '95%', '97%']  memcached=189.7%
[MEMCACHED] cores updated to: ['0', '2', '3']
[canneal] cores updated to: [1]
[monitor] ['75%', '100%', '79%', '84%']  memcached=238.3%
[monitor] ['73%', '100%', '78%', '76%']  memcached=227.7%
[monitor] ['71%', '100%', '76%', '78%']  memcached=225.5%
[monitor] ['67%', '100%', '73%', '72%']  memcached=211.9%
[monitor] ['69%', '100%', '76%', '74%']  memcached=220.0%
[monitor] ['71%', '100%', '80%', '79%']  memcached=230.4%
[monitor] ['73%', '100%', '80%', '79%']  memcached=232.2%
[monitor] ['71%', '100%', '84%', '82%']  memcached=236.8%
[monitor] ['71%', '100%', '79%', '81%']  memcached=232.0%
[monitor] ['71%', '100%', '77%', '79%']  memcached=227.8%
[monitor] ['71%', '100%', '78%', '79%']  memcached=227.9%
[monitor] ['23%', '100%', '23%', '16%']  memcached=62.4%
[MEMCACHED] cores updated to: ['0']
[canneal] cores updated to: [2, 1, 3]
[monitor] ['20%', '98%', '92%', '100%']  memcached=19.5%
[monitor] ['19%', '100%', '92%', '98%']  memcached=19.0%
[monitor] ['13%', '98%', '98%', '100%']  memcached=13.2%
[monitor] ['24%', '100%', '92%', '98%']  memcached=24.4%
[monitor] ['11%', '100%', '95%', '100%']  memcached=10.8%
[monitor] ['15%', '98%', '95%', '100%']  memcached=15.4%
[monitor] ['11%', '97%', '98%', '98%']  memcached=10.8%
[monitor] ['13%', '98%', '98%', '98%']  memcached=13.2%
[monitor] ['11%', '98%', '98%', '98%']  memcached=10.8%
[monitor] ['21%', '97%', '95%', '95%']  memcached=21.4%
[monitor] ['21%', '98%', '95%', '98%']  memcached=21.4%
[monitor] ['21%', '100%', '95%', '100%']  memcached=20.5%
[monitor] ['21%', '98%', '100%', '98%']  memcached=21.2%
[monitor] ['26%', '97%', '95%', '98%']  memcached=25.7%
[monitor] ['26%', '98%', '95%', '100%']  memcached=26.5%
[monitor] ['25%', '98%', '98%', '98%']  memcached=25.0%
[monitor] ['21%', '98%', '97%', '97%']  memcached=20.6%
[monitor] ['13%', '98%', '98%', '98%']  memcached=12.9%
[monitor] ['7%', '100%', '95%', '100%']  memcached=6.9%
[monitor] ['13%', '98%', '95%', '100%']  memcached=12.9%
[monitor] ['7%', '98%', '98%', '98%']  memcached=6.9%
[monitor] ['7%', '98%', '98%', '98%']  memcached=6.9%
[monitor] ['18%', '100%', '95%', '100%']  memcached=18.2%
[monitor] ['13%', '100%', '98%', '100%']  memcached=12.9%
[monitor] ['16%', '98%', '93%', '98%']  memcached=15.8%
[monitor] ['20%', '100%', '95%', '100%']  memcached=20.0%
[monitor] ['22%', '100%', '92%', '100%']  memcached=22.0%
[monitor] ['21%', '98%', '98%', '98%']  memcached=20.5%
[monitor] ['23%', '98%', '95%', '98%']  memcached=23.1%
[monitor] ['18%', '100%', '97%', '100%']  memcached=18.4%
[monitor] ['14%', '97%', '97%', '98%']  memcached=13.5%
[monitor] ['18%', '98%', '95%', '98%']  memcached=17.9%
[monitor] ['22%', '100%', '92%', '100%']  memcached=22.0%
[monitor] ['20%', '100%', '97%', '98%']  memcached=20.0%
[monitor] ['20%', '98%', '95%', '98%']  memcached=20.0%
[monitor] ['16%', '98%', '95%', '100%']  memcached=16.2%
[monitor] ['56%', '98%', '97%', '98%']  memcached=56.4%
[monitor] ['86%', '95%', '100%', '95%']  memcached=86.5%
[MEMCACHED] cores updated to: ['0', '2']
[canneal] cores updated to: [1, 3]
[monitor] ['40%', '97%', '36%', '100%']  memcached=75.7%
[MEMCACHED] cores updated to: ['0']
[canneal] cores updated to: [2, 1, 3]
[monitor] ['87%', '95%', '100%', '100%']  memcached=87.2%
[MEMCACHED] cores updated to: ['0', '1']
[canneal] cores updated to: [2, 3]
[monitor] ['40%', '43%', '95%', '95%']  memcached=83.3%
[monitor] ['42%', '45%', '95%', '95%']  memcached=87.1%
[monitor] ['44%', '47%', '95%', '95%']  memcached=90.6%
[monitor] ['40%', '47%', '95%', '95%']  memcached=86.7%
[monitor] ['41%', '38%', '97%', '95%']  memcached=78.6%
[MEMCACHED] cores updated to: ['0']
[canneal] cores updated to: [2, 1, 3]
[monitor] ['82%', '95%', '98%', '95%']  memcached=82.1%
[monitor] ['84%', '97%', '100%', '98%']  memcached=83.8%
[monitor] ['82%', '95%', '98%', '98%']  memcached=81.6%
[monitor] ['32%', '98%', '100%', '97%']  memcached=32.3%
[monitor] ['4%', '98%', '97%', '98%']  memcached=3.7%
[monitor] ['7%', '98%', '95%', '100%']  memcached=7.1%
[monitor] ['7%', '98%', '98%', '98%']  memcached=7.4%
[monitor] ['14%', '98%', '97%', '98%']  memcached=13.8%
[monitor] ['10%', '95%', '95%', '98%']  memcached=10.3%
[monitor] ['10%', '98%', '100%', '98%']  memcached=10.3%
[monitor] ['4%', '52%', '98%', '50%']  memcached=3.7%
[monitor] ['4%', '0%', '100%', '3%']  memcached=3.7%
[monitor] ['4%', '0%', '100%', '0%']  memcached=3.7%
[monitor] ['7%', '0%', '100%', '0%']  memcached=7.1%
[monitor] ['0%', '3%', '100%', '0%']  memcached=0.0%
[monitor] ['44%', '3%', '100%', '0%']  memcached=43.8%
[monitor] ['100%', '71%', '40%', '0%']  memcached=100.0%
[MEMCACHED] cores updated to: ['0', '2', '3']
[canneal] cores updated to: [1]
[monitor] ['65%', '100%', '70%', '75%']  memcached=210.0%
[monitor] ['54%', '100%', '60%', '59%']  memcached=173.1%
[monitor] ['55%', '100%', '59%', '59%']  memcached=172.2%
[monitor] ['52%', '100%', '61%', '62%']  memcached=174.5%
[monitor] ['52%', '100%', '62%', '65%']  memcached=178.0%
[monitor] ['56%', '100%', '64%', '67%']  memcached=186.4%
[monitor] ['53%', '100%', '59%', '56%']  memcached=168.8%
[monitor] ['52%', '100%', '64%', '58%']  memcached=173.1%
[monitor] ['61%', '95%', '66%', '67%']  memcached=193.0%
[canneal] ended.
[freqmine] started on cores: [1] with 3 threads.
[monitor] ['55%', '100%', '64%', '69%']  memcached=187.9%
[monitor] ['9%', '100%', '6%', '6%']  memcached=21.4%
[MEMCACHED] cores updated to: ['0']
[freqmine] cores updated to: [1, 2, 3]
[monitor] ['4%', '100%', '3%', '3%']  memcached=3.6%
[monitor] ['4%', '100%', '3%', '3%']  memcached=3.6%
[monitor] ['7%', '10%', '3%', '95%']  memcached=7.1%
[monitor] ['14%', '63%', '62%', '100%']  memcached=14.3%
[monitor] ['11%', '88%', '85%', '100%']  memcached=11.1%
[monitor] ['4%', '100%', '100%', '100%']  memcached=3.8%
[monitor] ['14%', '100%', '100%', '100%']  memcached=14.3%
[monitor] ['15%', '100%', '100%', '100%']  memcached=14.8%
[monitor] ['11%', '100%', '100%', '100%']  memcached=11.1%
[monitor] ['4%', '100%', '100%', '100%']  memcached=3.8%
[monitor] ['11%', '100%', '100%', '100%']  memcached=11.1%
[monitor] ['72%', '100%', '100%', '100%']  memcached=72.2%
[monitor] ['100%', '100%', '100%', '100%']  memcached=100.0%
[MEMCACHED] cores updated to: ['0', '1', '2']
[freqmine] cores updated to: [3]
[monitor] ['71%', '53%', '71%', '100%']  memcached=195.3%
[monitor] ['52%', '48%', '58%', '100%']  memcached=157.6%
[MEMCACHED] cores updated to: ['0', '2']
[freqmine] cores updated to: [1, 3]
[monitor] ['78%', '100%', '81%', '100%']  memcached=159.5%
[monitor] ['78%', '100%', '81%', '100%']  memcached=158.9%
[monitor] ['78%', '100%', '78%', '82%']  memcached=155.6%
[monitor] ['78%', '100%', '79%', '27%']  memcached=157.3%
[monitor] ['78%', '100%', '82%', '100%']  memcached=160.4%
[monitor] ['78%', '100%', '78%', '100%']  memcached=155.6%
[monitor] ['78%', '100%', '79%', '100%']  memcached=156.7%
[monitor] ['78%', '100%', '79%', '100%']  memcached=157.3%
[monitor] ['59%', '100%', '59%', '100%']  memcached=118.2%
[monitor] ['31%', '100%', '29%', '100%']  memcached=59.6%
[MEMCACHED] cores updated to: ['0']
[freqmine] cores updated to: [1, 2, 3]
[monitor] ['81%', '100%', '98%', '100%']  memcached=81.1%
[monitor] ['100%', '100%', '100%', '100%']  memcached=100.0%
[MEMCACHED] cores updated to: ['0', '1', '3']
[freqmine] cores updated to: [2]
[monitor] ['29%', '24%', '100%', '17%']  memcached=70.1%
[MEMCACHED] cores updated to: ['0']
[freqmine] cores updated to: [1, 2, 3]
[monitor] ['67%', '100%', '100%', '100%']  memcached=66.7%
[monitor] ['70%', '100%', '100%', '100%']  memcached=69.7%
[monitor] ['73%', '100%', '100%', '100%']  memcached=72.7%
[monitor] ['70%', '100%', '100%', '100%']  memcached=69.7%
[monitor] ['70%', '100%', '100%', '100%']  memcached=69.7%
[monitor] ['58%', '100%', '100%', '100%']  memcached=57.6%
[monitor] ['10%', '100%', '100%', '100%']  memcached=10.3%
[monitor] ['7%', '100%', '100%', '100%']  memcached=6.9%
[monitor] ['10%', '100%', '100%', '100%']  memcached=10.3%
[monitor] ['16%', '100%', '100%', '100%']  memcached=16.1%
[monitor] ['7%', '100%', '100%', '100%']  memcached=7.1%
[monitor] ['10%', '100%', '100%', '100%']  memcached=10.0%
[monitor] ['4%', '100%', '100%', '100%']  memcached=3.6%
[monitor] ['13%', '100%', '100%', '100%']  memcached=12.9%
[monitor] ['7%', '100%', '100%', '100%']  memcached=6.9%
[monitor] ['7%', '100%', '100%', '100%']  memcached=6.9%
[monitor] ['10%', '100%', '100%', '100%']  memcached=10.3%
[monitor] ['10%', '100%', '100%', '100%']  memcached=10.0%
[monitor] ['86%', '100%', '100%', '100%']  memcached=86.1%
[MEMCACHED] cores updated to: ['0', '2']
[freqmine] cores updated to: [1, 3]
[monitor] ['95%', '100%', '98%', '100%']  memcached=192.5%
[MEMCACHED] cores updated to: ['0', '2', '3']
[freqmine] cores updated to: [1]
[monitor] ['65%', '100%', '72%', '63%']  memcached=200.1%
[monitor] ['60%', '100%', '68%', '61%']  memcached=188.2%
[monitor] ['64%', '100%', '70%', '62%']  memcached=196.4%
[monitor] ['59%', '100%', '69%', '62%']  memcached=190.0%
[monitor] ['67%', '100%', '73%', '66%']  memcached=205.4%
[monitor] ['61%', '100%', '70%', '67%']  memcached=197.5%
[monitor] ['61%', '100%', '69%', '63%']  memcached=193.4%
[monitor] ['63%', '100%', '70%', '63%']  memcached=195.7%
[monitor] ['67%', '100%', '69%', '67%']  memcached=202.8%
[monitor] ['64%', '100%', '70%', '66%']  memcached=199.9%
[monitor] ['42%', '100%', '47%', '44%']  memcached=133.2%
[MEMCACHED] cores updated to: ['0', '3']
[freqmine] cores updated to: [1, 2]
[monitor] ['55%', '100%', '100%', '56%']  memcached=110.8%
[monitor] ['52%', '100%', '100%', '59%']  memcached=110.9%
[monitor] ['58%', '100%', '100%', '56%']  memcached=113.8%
[monitor] ['47%', '100%', '100%', '52%']  memcached=98.4%
[monitor] ['48%', '100%', '100%', '52%']  memcached=100.0%
[monitor] ['39%', '100%', '100%', '58%']  memcached=96.8%
[monitor] ['43%', '100%', '100%', '50%']  memcached=93.3%
[monitor] ['48%', '100%', '100%', '47%']  memcached=95.1%
[monitor] ['45%', '100%', '100%', '43%']  memcached=88.2%
[monitor] ['50%', '100%', '100%', '47%']  memcached=96.7%
[monitor] ['48%', '100%', '100%', '48%']  memcached=96.8%
[monitor] ['62%', '100%', '100%', '69%']  memcached=131.1%
[monitor] ['89%', '100%', '100%', '100%']  memcached=188.6%
[MEMCACHED] cores updated to: ['0', '1', '3']
[freqmine] cores updated to: [2]
[monitor] ['81%', '83%', '100%', '87%']  memcached=251.1%
[monitor] ['76%', '78%', '100%', '82%']  memcached=236.1%
[monitor] ['71%', '73%', '100%', '76%']  memcached=220.7%
[monitor] ['78%', '82%', '100%', '87%']  memcached=247.3%
[monitor] ['71%', '75%', '100%', '79%']  memcached=225.9%
[monitor] ['76%', '79%', '100%', '79%']  memcached=234.1%
[monitor] ['73%', '76%', '100%', '82%']  memcached=230.9%
[monitor] ['75%', '78%', '100%', '80%']  memcached=233.4%
[monitor] ['75%', '78%', '100%', '82%']  memcached=235.4%
[monitor] ['71%', '76%', '100%', '78%']  memcached=225.5%
[monitor] ['62%', '61%', '100%', '65%']  memcached=188.1%
[monitor] ['21%', '6%', '100%', '9%']  memcached=35.7%
[MEMCACHED] cores updated to: ['0']
[freqmine] cores updated to: [3, 1, 2]
[monitor] ['4%', '100%', '100%', '100%']  memcached=4.2%
[monitor] ['15%', '100%', '100%', '100%']  memcached=14.8%
[monitor] ['15%', '100%', '100%', '100%']  memcached=14.8%
[monitor] ['8%', '100%', '100%', '100%']  memcached=7.7%
[monitor] ['15%', '100%', '100%', '100%']  memcached=14.8%
[monitor] ['4%', '100%', '100%', '100%']  memcached=4.0%
[monitor] ['15%', '100%', '100%', '100%']  memcached=14.8%
[monitor] ['14%', '100%', '100%', '100%']  memcached=14.3%
[monitor] ['8%', '100%', '100%', '100%']  memcached=8.0%
[monitor] ['11%', '100%', '100%', '100%']  memcached=11.1%
[monitor] ['12%', '100%', '100%', '100%']  memcached=11.5%
[monitor] ['98%', '100%', '100%', '100%']  memcached=97.5%
[MEMCACHED] cores updated to: ['0', '2', '3']
[freqmine] cores updated to: [1]
[monitor] ['90%', '100%', '92%', '64%']  memcached=245.5%
[monitor] ['65%', '100%', '74%', '66%']  memcached=204.8%
[monitor] ['62%', '100%', '71%', '66%']  memcached=198.5%
[monitor] ['69%', '100%', '77%', '69%']  memcached=215.8%
[monitor] ['65%', '100%', '73%', '68%']  memcached=205.3%
[monitor] ['65%', '100%', '70%', '67%']  memcached=201.6%
[monitor] ['66%', '100%', '73%', '69%']  memcached=208.1%
[monitor] ['63%', '100%', '70%', '67%']  memcached=199.8%
[monitor] ['64%', '100%', '74%', '67%']  memcached=204.7%
[monitor] ['64%', '100%', '72%', '67%']  memcached=202.8%
[monitor] ['64%', '100%', '72%', '70%']  memcached=206.1%
[monitor] ['63%', '100%', '69%', '63%']  memcached=195.2%
[monitor] ['62%', '100%', '66%', '63%']  memcached=190.3%
[monitor] ['59%', '100%', '71%', '63%']  memcached=193.3%
[monitor] ['60%', '100%', '68%', '65%']  memcached=192.3%
[monitor] ['59%', '100%', '68%', '65%']  memcached=192.7%
[monitor] ['61%', '100%', '69%', '62%']  memcached=190.9%
[monitor] ['60%', '100%', '71%', '64%']  memcached=194.9%
[monitor] ['58%', '100%', '66%', '64%']  memcached=186.9%
[monitor] ['65%', '100%', '68%', '65%']  memcached=197.0%
[monitor] ['60%', '100%', '70%', '63%']  memcached=193.1%
[monitor] ['59%', '100%', '69%', '68%']  memcached=196.2%
[monitor] ['59%', '100%', '64%', '60%']  memcached=182.7%
[monitor] ['65%', '100%', '73%', '68%']  memcached=205.2%
[monitor] ['75%', '100%', '82%', '78%']  memcached=235.0%
[monitor] ['73%', '100%', '82%', '78%']  memcached=233.3%
[monitor] ['74%', '100%', '82%', '76%']  memcached=231.7%
[monitor] ['73%', '100%', '81%', '76%']  memcached=229.7%
[monitor] ['71%', '100%', '76%', '72%']  memcached=220.0%
[monitor] ['73%', '100%', '81%', '76%']  memcached=229.8%
[monitor] ['73%', '100%', '83%', '76%']  memcached=232.6%
[monitor] ['75%', '100%', '83%', '78%']  memcached=235.7%
[monitor] ['76%', '100%', '82%', '78%']  memcached=236.1%
[monitor] ['76%', '100%', '82%', '74%']  memcached=232.0%
[monitor] ['75%', '100%', '82%', '77%']  memcached=234.2%
[monitor] ['70%', '100%', '79%', '73%']  memcached=222.7%
[monitor] ['21%', '100%', '13%', '13%']  memcached=47.4%
[MEMCACHED] cores updated to: ['0']
[freqmine] cores updated to: [2, 1, 3]
[monitor] ['33%', '100%', '100%', '98%']  memcached=33.3%
[monitor] ['37%', '100%', '100%', '100%']  memcached=37.0%
[monitor] ['37%', '100%', '100%', '100%']  memcached=37.0%
[monitor] ['32%', '100%', '100%', '100%']  memcached=32.0%
[monitor] ['31%', '100%', '100%', '100%']  memcached=30.8%
[monitor] ['28%', '100%', '100%', '100%']  memcached=28.0%
[monitor] ['32%', '100%', '100%', '100%']  memcached=32.0%
[monitor] ['28%', '100%', '100%', '100%']  memcached=28.0%
[monitor] ['35%', '100%', '100%', '100%']  memcached=34.6%
[monitor] ['38%', '100%', '100%', '100%']  memcached=38.5%
[monitor] ['43%', '100%', '100%', '100%']  memcached=42.9%
[monitor] ['15%', '100%', '100%', '100%']  memcached=14.8%
[monitor] ['7%', '100%', '100%', '100%']  memcached=7.4%
[monitor] ['7%', '100%', '100%', '100%']  memcached=7.1%
[monitor] ['10%', '100%', '100%', '100%']  memcached=10.3%
[monitor] ['7%', '100%', '100%', '100%']  memcached=7.4%
[monitor] ['14%', '100%', '100%', '100%']  memcached=14.3%
[monitor] ['11%', '100%', '100%', '100%']  memcached=10.7%
[monitor] ['0%', '100%', '100%', '100%']  memcached=0.0%
[monitor] ['13%', '100%', '100%', '100%']  memcached=13.3%
[monitor] ['4%', '100%', '100%', '100%']  memcached=3.8%
[monitor] ['7%', '100%', '100%', '100%']  memcached=7.1%
[monitor] ['4%', '100%', '100%', '100%']  memcached=3.8%
[monitor] ['33%', '100%', '100%', '100%']  memcached=33.3%
[monitor] ['100%', '100%', '100%', '100%']  memcached=100.0%
[MEMCACHED] cores updated to: ['0', '1', '3']
[freqmine] cores updated to: [2]
[monitor] ['42%', '45%', '100%', '48%']  memcached=135.5%
[MEMCACHED] cores updated to: ['0', '3']
[freqmine] cores updated to: [2, 1]
[monitor] ['76%', '100%', '100%', '48%']  memcached=124.1%
[monitor] ['76%', '100%', '100%', '58%']  memcached=133.3%
[monitor] ['78%', '100%', '100%', '52%']  memcached=129.4%
[monitor] ['72%', '100%', '100%', '52%']  memcached=123.7%
[monitor] ['66%', '100%', '100%', '74%']  memcached=140.0%
[monitor] ['71%', '100%', '100%', '62%']  memcached=133.2%
[monitor] ['69%', '100%', '100%', '67%']  memcached=135.2%
[monitor] ['69%', '100%', '100%', '66%']  memcached=134.3%
[monitor] ['73%', '100%', '100%', '53%']  memcached=126.3%
[monitor] ['55%', '100%', '100%', '61%']  memcached=115.4%
[monitor] ['42%', '100%', '100%', '37%']  memcached=78.6%
[MEMCACHED] cores updated to: ['0']
[freqmine] cores updated to: [2, 1, 3]
[monitor] ['85%', '100%', '100%', '100%']  memcached=85.0%
[monitor] ['86%', '100%', '100%', '100%']  memcached=86.5%
[MEMCACHED] cores updated to: ['0', '2']
[freqmine] cores updated to: [1, 3]
[monitor] ['45%', '100%', '48%', '100%']  memcached=93.5%
[monitor] ['47%', '100%', '47%', '100%']  memcached=93.5%
[monitor] ['41%', '100%', '45%', '100%']  memcached=86.2%
[monitor] ['47%', '100%', '41%', '100%']  memcached=88.0%
[monitor] ['41%', '100%', '50%', '100%']  memcached=91.4%
[monitor] ['39%', '100%', '47%', '100%']  memcached=86.0%
[monitor] ['43%', '100%', '43%', '100%']  memcached=86.7%
[monitor] ['45%', '100%', '43%', '100%']  memcached=88.5%
[monitor] ['47%', '100%', '45%', '100%']  memcached=91.5%
[monitor] ['84%', '100%', '87%', '100%']  memcached=171.4%
[MEMCACHED] cores updated to: ['0', '1', '2']
[freqmine] cores updated to: [3]
[monitor] ['61%', '63%', '69%', '100%']  memcached=192.9%
[monitor] ['63%', '56%', '62%', '100%']  memcached=180.9%
[monitor] ['56%', '58%', '67%', '100%']  memcached=180.1%
[monitor] ['59%', '61%', '68%', '100%']  memcached=188.4%
[monitor] ['59%', '59%', '66%', '100%']  memcached=183.4%
[monitor] ['62%', '60%', '68%', '100%']  memcached=189.3%
[monitor] ['62%', '62%', '66%', '100%']  memcached=189.2%
[monitor] ['61%', '61%', '68%', '100%']  memcached=189.8%
[monitor] ['59%', '58%', '68%', '100%']  memcached=184.0%
[monitor] ['63%', '63%', '68%', '100%']  memcached=194.1%
[monitor] ['62%', '63%', '67%', '100%']  memcached=191.3%
[monitor] ['23%', '12%', '15%', '100%']  memcached=49.5%
[MEMCACHED] cores updated to: ['0']
[freqmine] cores updated to: [2, 1, 3]
[monitor] ['7%', '100%', '100%', '100%']  memcached=7.4%
[monitor] ['4%', '100%', '100%', '100%']  memcached=3.7%
[monitor] ['10%', '100%', '100%', '100%']  memcached=10.3%
[monitor] ['7%', '100%', '100%', '100%']  memcached=7.4%
[monitor] ['17%', '100%', '100%', '100%']  memcached=16.7%
[monitor] ['8%', '100%', '100%', '100%']  memcached=7.7%
[monitor] ['7%', '100%', '100%', '100%']  memcached=7.1%
[monitor] ['7%', '100%', '100%', '100%']  memcached=7.4%
[monitor] ['10%', '100%', '100%', '100%']  memcached=10.3%
[monitor] ['11%', '100%', '100%', '100%']  memcached=10.7%
[monitor] ['4%', '100%', '100%', '100%']  memcached=3.8%
[monitor] ['18%', '100%', '100%', '100%']  memcached=17.9%
[monitor] ['24%', '100%', '100%', '100%']  memcached=24.0%
[monitor] ['28%', '100%', '100%', '100%']  memcached=28.0%
[monitor] ['28%', '100%', '100%', '100%']  memcached=28.0%
[monitor] ['20%', '100%', '100%', '100%']  memcached=20.0%
[monitor] ['21%', '100%', '100%', '100%']  memcached=20.8%
[monitor] ['27%', '100%', '100%', '100%']  memcached=26.9%
[monitor] ['24%', '100%', '100%', '100%']  memcached=24.0%
[monitor] ['14%', '100%', '100%', '100%']  memcached=13.6%
[monitor] ['27%', '100%', '100%', '100%']  memcached=26.9%
[monitor] ['28%', '100%', '100%', '100%']  memcached=28.0%
[monitor] ['24%', '100%', '100%', '100%']  memcached=24.0%
[monitor] ['39%', '100%', '100%', '100%']  memcached=39.3%
[monitor] ['100%', '100%', '100%', '100%']  memcached=100.0%
[MEMCACHED] cores updated to: ['0', '2', '3']
[freqmine] cores updated to: [1]
[monitor] ['100%', '100%', '100%', '67%']  memcached=266.7%
[monitor] ['98%', '100%', '100%', '90%']  memcached=287.5%
[monitor] ['83%', '100%', '88%', '79%']  memcached=250.6%
[monitor] ['79%', '100%', '87%', '82%']  memcached=247.7%
[monitor] ['82%', '100%', '89%', '83%']  memcached=254.4%
[monitor] ['78%', '100%', '88%', '82%']  memcached=247.8%
[monitor] ['81%', '100%', '92%', '86%']  memcached=260.1%
[monitor] ['81%', '100%', '88%', '85%']  memcached=253.2%
[monitor] ['81%', '100%', '85%', '82%']  memcached=248.6%
[monitor] ['84%', '100%', '90%', '85%']  memcached=259.6%
[monitor] ['79%', '100%', '90%', '85%']  memcached=253.3%
[monitor] ['25%', '100%', '19%', '13%']  memcached=56.7%
[MEMCACHED] cores updated to: ['0']
[freqmine] cores updated to: [2, 1, 3]
[monitor] ['23%', '100%', '100%', '100%']  memcached=23.1%
[monitor] ['17%', '100%', '100%', '100%']  memcached=17.4%
[monitor] ['24%', '100%', '100%', '100%']  memcached=24.0%
[monitor] ['17%', '100%', '100%', '100%']  memcached=16.7%
[monitor] ['20%', '100%', '100%', '100%']  memcached=20.0%
[monitor] ['17%', '100%', '100%', '100%']  memcached=16.7%
[monitor] ['19%', '100%', '100%', '100%']  memcached=19.2%
[monitor] ['19%', '100%', '100%', '100%']  memcached=19.2%
[monitor] ['16%', '100%', '100%', '100%']  memcached=16.0%
[monitor] ['13%', '100%', '100%', '100%']  memcached=13.0%
[monitor] ['19%', '100%', '100%', '100%']  memcached=19.2%
[monitor] ['59%', '100%', '100%', '100%']  memcached=59.4%
[monitor] ['81%', '100%', '100%', '100%']  memcached=80.6%
[monitor] ['79%', '100%', '100%', '100%']  memcached=79.5%
[monitor] ['76%', '100%', '100%', '100%']  memcached=76.5%
[monitor] ['81%', '100%', '100%', '100%']  memcached=80.6%
[monitor] ['81%', '100%', '100%', '100%']  memcached=81.1%
[monitor] ['78%', '100%', '100%', '100%']  memcached=78.4%
[monitor] ['81%', '100%', '100%', '100%']  memcached=80.6%
[monitor] ['84%', '100%', '100%', '100%']  memcached=84.2%
[monitor] ['78%', '100%', '100%', '100%']  memcached=77.8%
[monitor] ['78%', '100%', '100%', '100%']  memcached=78.4%
[monitor] ['81%', '100%', '100%', '100%']  memcached=80.6%
[monitor] ['60%', '100%', '100%', '100%']  memcached=60.0%
[monitor] ['21%', '100%', '100%', '100%']  memcached=20.5%
[monitor] ['21%', '100%', '100%', '100%']  memcached=20.5%
[monitor] ['9%', '100%', '100%', '100%']  memcached=8.8%
[monitor] ['16%', '100%', '100%', '100%']  memcached=15.8%
[monitor] ['14%', '100%', '100%', '100%']  memcached=14.3%
[monitor] ['11%', '100%', '100%', '100%']  memcached=11.4%
[monitor] ['11%', '100%', '100%', '100%']  memcached=11.4%
[monitor] ['14%', '100%', '100%', '100%']  memcached=13.9%
[monitor] ['14%', '100%', '100%', '100%']  memcached=13.9%
[monitor] ['6%', '100%', '100%', '100%']  memcached=6.1%
[monitor] ['16%', '100%', '100%', '100%']  memcached=16.2%
[monitor] ['11%', '100%', '100%', '100%']  memcached=11.4%
[monitor] ['30%', '100%', '100%', '100%']  memcached=29.6%
[monitor] ['46%', '100%', '100%', '100%']  memcached=46.4%
[monitor] ['41%', '100%', '100%', '100%']  memcached=40.7%
[monitor] ['43%', '100%', '100%', '100%']  memcached=42.9%
[monitor] ['42%', '100%', '100%', '100%']  memcached=42.3%
[monitor] ['41%', '100%', '100%', '100%']  memcached=40.7%
[monitor] ['32%', '100%', '100%', '100%']  memcached=32.0%
[monitor] ['36%', '100%', '100%', '100%']  memcached=36.0%
[monitor] ['33%', '100%', '100%', '100%']  memcached=33.3%
[monitor] ['35%', '100%', '100%', '100%']  memcached=34.6%
[monitor] ['41%', '100%', '100%', '100%']  memcached=40.7%
[monitor] ['40%', '100%', '100%', '100%']  memcached=40.0%
[monitor] ['64%', '100%', '100%', '100%']  memcached=63.6%
[monitor] ['84%', '100%', '100%', '100%']  memcached=84.2%
[monitor] ['82%', '100%', '100%', '100%']  memcached=81.6%
[monitor] ['87%', '100%', '100%', '100%']  memcached=86.8%
[MEMCACHED] cores updated to: ['0', '1']
[freqmine] cores updated to: [2, 3]
[monitor] ['45%', '39%', '100%', '100%']  memcached=83.9%
[monitor] ['42%', '37%', '100%', '100%']  memcached=78.6%
[MEMCACHED] cores updated to: ['0']
[freqmine] cores updated to: [2, 1, 3]
[monitor] ['85%', '100%', '100%', '100%']  memcached=84.6%
[monitor] ['82%', '100%', '100%', '100%']  memcached=81.6%
[monitor] ['83%', '100%', '100%', '100%']  memcached=83.3%
[monitor] ['81%', '100%', '100%', '100%']  memcached=81.1%
[monitor] ['85%', '100%', '100%', '100%']  memcached=84.6%
[monitor] ['84%', '100%', '100%', '100%']  memcached=83.8%
[monitor] ['62%', '100%', '100%', '100%']  memcached=61.8%
[monitor] ['15%', '100%', '100%', '100%']  memcached=15.2%
[monitor] ['12%', '100%', '100%', '100%']  memcached=12.5%
[monitor] ['10%', '100%', '100%', '100%']  memcached=10.0%
[monitor] ['7%', '100%', '100%', '100%']  memcached=6.9%
[monitor] ['13%', '100%', '100%', '100%']  memcached=12.9%
[monitor] ['7%', '100%', '100%', '100%']  memcached=6.7%
[monitor] ['10%', '100%', '100%', '100%']  memcached=9.7%
[monitor] ['7%', '100%', '100%', '100%']  memcached=7.1%
[monitor] ['7%', '100%', '100%', '100%']  memcached=6.7%
[monitor] ['7%', '100%', '100%', '100%']  memcached=6.7%
[monitor] ['7%', '100%', '100%', '100%']  memcached=6.7%
[monitor] ['4%', '100%', '100%', '100%']  memcached=3.6%
[monitor] ['95%', '100%', '100%', '100%']  memcached=94.9%
[MEMCACHED] cores updated to: ['0', '3']
[freqmine] cores updated to: [2, 1]
[monitor] ['95%', '100%', '100%', '98%']  memcached=192.5%
[MEMCACHED] cores updated to: ['0', '2', '3']
[freqmine] cores updated to: [1]
[monitor] ['59%', '100%', '59%', '55%']  memcached=172.2%
[monitor] ['56%', '100%', '60%', '53%']  memcached=169.0%
[monitor] ['55%', '100%', '63%', '55%']  memcached=172.2%
[monitor] ['56%', '100%', '62%', '55%']  memcached=172.2%
[monitor] ['55%', '100%', '58%', '56%']  memcached=168.8%
[monitor] ['55%', '100%', '64%', '58%']  memcached=176.0%
[monitor] ['56%', '100%', '61%', '55%']  memcached=171.5%
[monitor] ['56%', '100%', '59%', '50%']  memcached=164.4%
[monitor] ['55%', '100%', '59%', '57%']  memcached=170.5%
[monitor] ['58%', '100%', '68%', '59%']  memcached=184.0%
[monitor] ['53%', '100%', '56%', '54%']  memcached=163.1%
[monitor] ['53%', '100%', '58%', '50%']  memcached=161.3%
[monitor] ['48%', '100%', '57%', '56%']  memcached=161.4%
[monitor] ['55%', '100%', '59%', '55%']  memcached=168.5%
[monitor] ['47%', '100%', '58%', '48%']  memcached=153.4%
[MEMCACHED] cores updated to: ['0', '3']
[freqmine] cores updated to: [2, 1]
[monitor] ['71%', '100%', '100%', '78%']  memcached=149.8%
[monitor] ['71%', '100%', '100%', '76%']  memcached=146.9%
[monitor] ['71%', '100%', '100%', '78%']  memcached=148.4%
[monitor] ['69%', '100%', '100%', '76%']  memcached=144.2%
[monitor] ['76%', '100%', '100%', '78%']  memcached=154.1%
[monitor] ['71%', '100%', '100%', '82%']  memcached=153.0%
[monitor] ['71%', '100%', '100%', '75%']  memcached=146.4%
[monitor] ['75%', '100%', '100%', '90%']  memcached=164.7%
[monitor] ['81%', '100%', '100%', '95%']  memcached=175.2%
[MEMCACHED] cores updated to: ['0', '1', '3']
[freqmine] cores updated to: [2]
[monitor] ['69%', '69%', '100%', '74%']  memcached=211.7%
[monitor] ['68%', '71%', '100%', '71%']  memcached=209.7%
[monitor] ['64%', '67%', '100%', '66%']  memcached=196.0%
[monitor] ['64%', '67%', '100%', '70%']  memcached=200.8%
[monitor] ['66%', '66%', '100%', '70%']  memcached=201.7%
[monitor] ['63%', '64%', '100%', '65%']  memcached=191.6%
[monitor] ['63%', '66%', '100%', '70%']  memcached=198.8%
[monitor] ['67%', '68%', '100%', '73%']  memcached=207.3%
[monitor] ['63%', '65%', '100%', '68%']  memcached=195.3%
[monitor] ['65%', '67%', '100%', '72%']  memcached=203.3%
[monitor] ['50%', '47%', '100%', '51%']  memcached=148.4%
[MEMCACHED] cores updated to: ['0', '3']
[freqmine] cores updated to: [2, 1]
[monitor] ['32%', '100%', '100%', '30%']  memcached=62.7%
[MEMCACHED] cores updated to: ['0']
[freqmine] cores updated to: [2, 1, 3]
[monitor] ['58%', '100%', '100%', '100%']  memcached=57.6%
[monitor] ['55%', '100%', '100%', '100%']  memcached=55.2%
[monitor] ['55%', '100%', '100%', '100%']  memcached=55.2%
[monitor] ['55%', '100%', '100%', '100%']  memcached=54.8%
[monitor] ['50%', '100%', '100%', '100%']  memcached=50.0%
[monitor] ['55%', '100%', '100%', '100%']  memcached=55.2%
[monitor] ['53%', '100%', '100%', '100%']  memcached=53.3%
[monitor] ['53%', '100%', '100%', '100%']  memcached=53.3%
[monitor] ['55%', '100%', '100%', '100%']  memcached=55.2%
[monitor] ['53%', '100%', '100%', '100%']  memcached=53.3%
[monitor] ['46%', '100%', '100%', '100%']  memcached=46.4%
[monitor] ['11%', '100%', '100%', '100%']  memcached=10.7%
[monitor] ['11%', '100%', '100%', '100%']  memcached=10.7%
[monitor] ['4%', '100%', '100%', '100%']  memcached=3.7%
[monitor] ['11%', '100%', '100%', '100%']  memcached=10.7%
[monitor] ['7%', '100%', '100%', '100%']  memcached=7.4%
[monitor] ['10%', '100%', '100%', '100%']  memcached=10.3%
[monitor] ['4%', '100%', '100%', '100%']  memcached=3.8%
[monitor] ['4%', '100%', '100%', '100%']  memcached=3.7%
[monitor] ['7%', '100%', '100%', '100%']  memcached=7.4%
[monitor] ['4%', '100%', '100%', '100%']  memcached=3.7%
[monitor] ['8%', '100%', '100%', '100%']  memcached=7.7%
[monitor] ['7%', '100%', '100%', '100%']  memcached=7.4%
[monitor] ['87%', '100%', '100%', '100%']  memcached=86.8%
[MEMCACHED] cores updated to: ['0', '3']
[freqmine] cores updated to: [2, 1]
[monitor] ['86%', '100%', '100%', '64%']  memcached=149.7%
[monitor] ['82%', '100%', '100%', '62%']  memcached=143.3%
[monitor] ['69%', '100%', '100%', '61%']  memcached=129.2%
[monitor] ['77%', '100%', '100%', '50%']  memcached=127.1%
[monitor] ['78%', '100%', '100%', '53%']  memcached=130.7%
[monitor] ['71%', '100%', '100%', '61%']  memcached=132.0%
[monitor] ['77%', '100%', '100%', '52%']  memcached=128.8%
[monitor] ['70%', '100%', '100%', '59%']  memcached=129.1%
[monitor] ['69%', '100%', '100%', '65%']  memcached=133.3%
[monitor] ['75%', '100%', '100%', '56%']  memcached=131.2%
[monitor] ['69%', '100%', '100%', '66%']  memcached=134.2%
[monitor] ['42%', '100%', '100%', '23%']  memcached=65.0%
[MEMCACHED] cores updated to: ['0']
[freqmine] cores updated to: [2, 1, 3]
[monitor] ['15%', '100%', '100%', '100%']  memcached=15.4%
[monitor] ['15%', '100%', '100%', '100%']  memcached=15.4%
[monitor] ['12%', '100%', '100%', '100%']  memcached=12.0%
[monitor] ['15%', '100%', '100%', '100%']  memcached=15.4%
[monitor] ['15%', '100%', '100%', '100%']  memcached=14.8%
[monitor] ['15%', '100%', '100%', '100%']  memcached=14.8%
[monitor] ['8%', '100%', '100%', '100%']  memcached=8.3%
[monitor] ['15%', '100%', '100%', '100%']  memcached=14.8%
[monitor] ['4%', '100%', '100%', '100%']  memcached=4.2%
[monitor] ['12%', '100%', '100%', '100%']  memcached=11.5%
[monitor] ['18%', '100%', '100%', '100%']  memcached=17.9%
[monitor] ['52%', '100%', '100%', '100%']  memcached=51.6%
[monitor] ['100%', '100%', '100%', '100%']  memcached=100.0%
[MEMCACHED] cores updated to: ['0', '1', '2']
[freqmine] cores updated to: [3]
[monitor] ['95%', '79%', '98%', '100%']  memcached=271.8%
[monitor] ['64%', '63%', '76%', '100%']  memcached=202.2%
[monitor] ['64%', '62%', '70%', '100%']  memcached=195.9%
[monitor] ['59%', '59%', '69%', '100%']  memcached=188.2%
[monitor] ['67%', '63%', '74%', '100%']  memcached=203.2%
[monitor] ['64%', '63%', '72%', '100%']  memcached=198.5%
[monitor] ['64%', '59%', '69%', '100%']  memcached=192.5%
[monitor] ['62%', '63%', '69%', '100%']  memcached=193.2%
[monitor] ['61%', '63%', '68%', '100%']  memcached=191.0%
[monitor] ['63%', '63%', '69%', '100%']  memcached=195.2%
[monitor] ['56%', '56%', '64%', '100%']  memcached=176.0%
[monitor] ['26%', '10%', '16%', '100%']  memcached=51.8%
[MEMCACHED] cores updated to: ['0']
[freqmine] cores updated to: [2, 1, 3]
[monitor] ['59%', '100%', '100%', '100%']  memcached=58.6%
[monitor] ['57%', '100%', '100%', '100%']  memcached=56.7%
[monitor] ['57%', '100%', '100%', '100%']  memcached=56.7%
[monitor] ['62%', '100%', '100%', '100%']  memcached=62.5%
[monitor] ['59%', '100%', '100%', '100%']  memcached=58.6%
[monitor] ['50%', '100%', '100%', '100%']  memcached=50.0%
[monitor] ['54%', '100%', '100%', '100%']  memcached=53.6%
[monitor] ['57%', '100%', '100%', '100%']  memcached=57.1%
[monitor] ['61%', '100%', '100%', '100%']  memcached=61.3%
[monitor] ['57%', '100%', '100%', '100%']  memcached=56.7%
[monitor] ['54%', '100%', '100%', '100%']  memcached=53.6%
[monitor] ['61%', '100%', '100%', '100%']  memcached=60.6%
[monitor] ['61%', '100%', '100%', '100%']  memcached=61.3%
[monitor] ['60%', '100%', '100%', '100%']  memcached=60.0%
[monitor] ['61%', '100%', '100%', '100%']  memcached=61.3%
[monitor] ['59%', '100%', '100%', '100%']  memcached=59.4%
[monitor] ['70%', '100%', '100%', '100%']  memcached=69.7%
[monitor] ['61%', '100%', '100%', '100%']  memcached=61.3%
[monitor] ['57%', '100%', '100%', '100%']  memcached=56.7%
[monitor] ['61%', '100%', '100%', '100%']  memcached=61.3%
[monitor] ['57%', '100%', '100%', '100%']  memcached=56.7%
[monitor] ['57%', '100%', '100%', '100%']  memcached=57.1%
[monitor] ['58%', '100%', '100%', '100%']  memcached=58.1%
[monitor] ['77%', '100%', '100%', '100%']  memcached=77.1%
[monitor] ['98%', '100%', '100%', '100%']  memcached=97.5%
[MEMCACHED] cores updated to: ['0', '2', '3']
[freqmine] cores updated to: [1]
[monitor] ['38%', '100%', '39%', '34%']  memcached=112.0%
[MEMCACHED] cores updated to: ['0', '3']
[freqmine] cores updated to: [2, 1]
[monitor] ['59%', '100%', '100%', '58%']  memcached=117.0%
[monitor] ['69%', '100%', '100%', '43%']  memcached=111.9%
[monitor] ['68%', '100%', '100%', '44%']  memcached=111.4%
[monitor] ['65%', '100%', '100%', '52%']  memcached=116.3%
[monitor] ['56%', '100%', '100%', '58%']  memcached=114.3%
[monitor] ['60%', '100%', '100%', '58%']  memcached=117.6%
[monitor] ['64%', '100%', '100%', '56%']  memcached=119.9%
[monitor] ['55%', '100%', '100%', '62%']  memcached=116.3%
[monitor] ['66%', '100%', '100%', '59%']  memcached=124.5%
[monitor] ['38%', '100%', '100%', '39%']  memcached=77.6%
[MEMCACHED] cores updated to: ['0']
[freqmine] cores updated to: [2, 1, 3]
[monitor] ['3%', '100%', '100%', '100%']  memcached=3.4%
[monitor] ['7%', '100%', '100%', '100%']  memcached=6.9%
[monitor] ['10%', '100%', '100%', '100%']  memcached=10.3%
[monitor] ['7%', '100%', '100%', '100%']  memcached=6.7%
[monitor] ['4%', '100%', '100%', '100%']  memcached=3.7%
[monitor] ['25%', '100%', '100%', '100%']  memcached=25.0%
[monitor] ['13%', '100%', '100%', '100%']  memcached=12.9%
[monitor] ['7%', '100%', '100%', '100%']  memcached=6.9%
[monitor] ['7%', '100%', '100%', '100%']  memcached=6.7%
[monitor] ['13%', '100%', '100%', '100%']  memcached=12.9%
[monitor] ['0%', '100%', '100%', '100%']  memcached=0.0%
[monitor] ['13%', '100%', '100%', '100%']  memcached=13.3%
[monitor] ['100%', '100%', '100%', '100%']  memcached=100.0%
[MEMCACHED] cores updated to: ['0', '1', '3']
[freqmine] cores updated to: [2]
[monitor] ['100%', '100%', '100%', '100%']  memcached=300.0%
[monitor] ['92%', '92%', '100%', '100%']  memcached=285.0%
[monitor] ['78%', '84%', '100%', '85%']  memcached=246.6%
[monitor] ['77%', '82%', '100%', '84%']  memcached=243.0%
[monitor] ['76%', '79%', '100%', '82%']  memcached=236.7%
[monitor] ['78%', '78%', '100%', '82%']  memcached=238.2%
[monitor] ['79%', '80%', '100%', '84%']  memcached=242.7%
[monitor] ['77%', '79%', '100%', '84%']  memcached=240.8%
[monitor] ['75%', '80%', '100%', '82%']  memcached=237.5%
[monitor] ['79%', '80%', '100%', '87%']  memcached=246.1%
[monitor] ['75%', '78%', '100%', '81%']  memcached=234.5%
[monitor] ['30%', '25%', '100%', '24%']  memcached=79.0%
[MEMCACHED] cores updated to: ['0']
[freqmine] cores updated to: [2, 1, 3]
[monitor] ['38%', '100%', '100%', '100%']  memcached=38.5%
[monitor] ['35%', '100%', '100%', '100%']  memcached=34.6%
[monitor] ['42%', '100%', '100%', '100%']  memcached=42.3%
[monitor] ['35%', '100%', '100%', '100%']  memcached=34.6%
[monitor] ['41%', '100%', '100%', '100%']  memcached=40.7%
[monitor] ['29%', '100%', '100%', '100%']  memcached=29.2%
[monitor] ['31%', '100%', '100%', '100%']  memcached=30.8%
[monitor] ['33%', '100%', '100%', '100%']  memcached=33.3%
[monitor] ['31%', '100%', '100%', '100%']  memcached=30.8%
[monitor] ['41%', '100%', '100%', '100%']  memcached=40.7%
[monitor] ['39%', '100%', '100%', '100%']  memcached=39.3%
[monitor] ['73%', '100%', '100%', '100%']  memcached=72.7%
[monitor] ['92%', '100%', '100%', '100%']  memcached=92.1%
[MEMCACHED] cores updated to: ['0', '2']
[freqmine] cores updated to: [1, 3]
[monitor] ['55%', '100%', '53%', '100%']  memcached=107.9%
[monitor] ['59%', '100%', '55%', '100%']  memcached=114.2%
[monitor] ['55%', '100%', '58%', '100%']  memcached=112.1%
[monitor] ['53%', '100%', '55%', '100%']  memcached=107.7%
[monitor] ['52%', '100%', '58%', '100%']  memcached=109.2%
[monitor] ['53%', '100%', '57%', '100%']  memcached=110.3%
[monitor] ['56%', '100%', '53%', '100%']  memcached=109.6%
[monitor] ['55%', '100%', '55%', '100%']  memcached=109.1%
[monitor] ['58%', '100%', '55%', '100%']  memcached=112.4%
[monitor] ['55%', '100%', '56%', '100%']  memcached=111.1%
[monitor] ['44%', '100%', '44%', '100%']  memcached=87.9%
[monitor] ['25%', '100%', '7%', '100%']  memcached=31.9%
[MEMCACHED] cores updated to: ['0']
[freqmine] cores updated to: [2, 1, 3]
[monitor] ['12%', '100%', '100%', '100%']  memcached=11.5%
[monitor] ['12%', '100%', '100%', '100%']  memcached=12.0%
[monitor] ['15%', '100%', '100%', '100%']  memcached=14.8%
[monitor] ['12%', '100%', '100%', '100%']  memcached=12.0%
[monitor] ['17%', '100%', '100%', '100%']  memcached=16.7%
[monitor] ['12%', '100%', '100%', '100%']  memcached=11.5%
[monitor] ['15%', '100%', '100%', '100%']  memcached=15.4%
[monitor] ['12%', '100%', '100%', '100%']  memcached=12.0%
[monitor] ['12%', '100%', '100%', '100%']  memcached=12.0%
[monitor] ['12%', '100%', '100%', '100%']  memcached=11.5%
[monitor] ['12%', '100%', '100%', '100%']  memcached=12.0%
[monitor] ['87%', '100%', '100%', '100%']  memcached=87.2%
[MEMCACHED] cores updated to: ['0', '1']
[freqmine] cores updated to: [2, 3]
[monitor] ['41%', '38%', '100%', '100%']  memcached=79.3%
[MEMCACHED] cores updated to: ['0']
[freqmine] cores updated to: [2, 1, 3]
[monitor] ['88%', '100%', '100%', '100%']  memcached=87.5%
[MEMCACHED] cores updated to: ['0', '3']
[freqmine] cores updated to: [2, 1]
[monitor] ['45%', '100%', '100%', '42%']  memcached=87.1%
[monitor] ['48%', '100%', '100%', '42%']  memcached=90.3%
[monitor] ['47%', '100%', '100%', '44%']  memcached=90.4%
[monitor] ['42%', '100%', '100%', '41%']  memcached=83.3%
[monitor] ['45%', '100%', '100%', '47%']  memcached=91.8%
[monitor] ['40%', '100%', '100%', '45%']  memcached=85.2%
[monitor] ['43%', '100%', '100%', '41%']  memcached=84.7%
[monitor] ['43%', '100%', '100%', '45%']  memcached=88.2%
[monitor] ['45%', '100%', '100%', '48%']  memcached=93.3%
[monitor] ['56%', '100%', '100%', '52%']  memcached=107.4%
[monitor] ['53%', '100%', '100%', '48%']  memcached=101.5%
[monitor] ['56%', '100%', '100%', '64%']  memcached=119.9%
[monitor] ['53%', '100%', '100%', '58%']  memcached=110.7%
[monitor] ['58%', '100%', '100%', '59%']  memcached=117.0%
[monitor] ['52%', '100%', '100%', '58%']  memcached=109.3%
[monitor] ['53%', '100%', '100%', '53%']  memcached=106.2%
[monitor] ['46%', '100%', '100%', '56%']  memcached=102.3%
[monitor] ['53%', '100%', '100%', '58%']  memcached=110.7%
[monitor] ['50%', '100%', '100%', '55%']  memcached=104.5%
[monitor] ['50%', '100%', '100%', '52%']  memcached=101.7%
[monitor] ['52%', '100%', '100%', '59%']  memcached=110.4%
[monitor] ['64%', '100%', '100%', '67%']  memcached=130.6%
[monitor] ['68%', '100%', '100%', '76%']  memcached=144.1%
[monitor] ['70%', '100%', '100%', '78%']  memcached=147.5%
[monitor] ['69%', '100%', '100%', '76%']  memcached=145.8%
[monitor] ['66%', '100%', '100%', '71%']  memcached=136.2%
[monitor] ['69%', '100%', '100%', '73%']  memcached=141.5%
[monitor] ['68%', '100%', '100%', '69%']  memcached=136.2%
[monitor] ['65%', '100%', '100%', '71%']  memcached=135.3%
[monitor] ['62%', '100%', '100%', '72%']  memcached=134.0%
[monitor] ['62%', '100%', '100%', '74%']  memcached=136.0%
[monitor] ['65%', '100%', '100%', '69%']  memcached=133.3%
[monitor] ['65%', '100%', '100%', '71%']  memcached=136.1%
[monitor] ['69%', '100%', '100%', '69%']  memcached=137.1%
[monitor] ['50%', '100%', '100%', '53%']  memcached=103.1%
[monitor] ['52%', '100%', '100%', '50%']  memcached=101.5%
[monitor] ['43%', '100%', '100%', '50%']  memcached=93.3%
[monitor] ['43%', '100%', '100%', '53%']  memcached=96.5%
[monitor] ['47%', '100%', '100%', '55%']  memcached=101.2%
[monitor] ['48%', '100%', '100%', '58%']  memcached=106.1%
[monitor] ['50%', '100%', '100%', '58%']  memcached=107.6%
[monitor] ['59%', '100%', '100%', '59%']  memcached=118.8%
[monitor] ['50%', '100%', '100%', '55%']  memcached=104.5%
[monitor] ['52%', '100%', '100%', '50%']  memcached=101.6%
[monitor] ['52%', '100%', '100%', '53%']  memcached=104.9%
[monitor] ['52%', '100%', '100%', '56%']  memcached=108.0%
[monitor] ['27%', '100%', '100%', '30%']  memcached=56.7%
[MEMCACHED] cores updated to: ['0']
[freqmine] cores updated to: [2, 1, 3]
[monitor] ['53%', '100%', '100%', '100%']  memcached=53.3%
[monitor] ['44%', '100%', '100%', '100%']  memcached=44.4%
[monitor] ['50%', '100%', '100%', '100%']  memcached=50.0%
[monitor] ['42%', '100%', '100%', '100%']  memcached=42.3%
[monitor] ['50%', '100%', '100%', '100%']  memcached=50.0%
[monitor] ['41%', '100%', '100%', '100%']  memcached=40.7%
[monitor] ['52%', '100%', '100%', '100%']  memcached=51.7%
[monitor] ['40%', '100%', '100%', '100%']  memcached=40.0%
[monitor] ['43%', '100%', '100%', '100%']  memcached=42.9%
[monitor] ['42%', '100%', '100%', '100%']  memcached=42.3%
[monitor] ['41%', '100%', '100%', '100%']  memcached=40.7%
[monitor] ['79%', '100%', '100%', '100%']  memcached=78.8%
[monitor] ['100%', '100%', '100%', '100%']  memcached=100.0%
[MEMCACHED] cores updated to: ['0', '1', '2']
[freqmine] cores updated to: [3]
[monitor] ['100%', '62%', '100%', '100%']  memcached=262.5%
[monitor] ['95%', '86%', '100%', '100%']  memcached=281.2%
[monitor] ['95%', '84%', '95%', '100%']  memcached=273.3%
[monitor] ['78%', '79%', '85%', '100%']  memcached=242.7%
[monitor] ['81%', '81%', '87%', '100%']  memcached=248.8%
[monitor] ['75%', '75%', '85%', '100%']  memcached=235.4%
[monitor] ['75%', '73%', '82%', '100%']  memcached=230.0%
[monitor] ['73%', '68%', '82%', '100%']  memcached=222.2%
[monitor] ['74%', '70%', '80%', '100%']  memcached=224.0%
[monitor] ['75%', '74%', '82%', '100%']  memcached=231.8%
[monitor] ['57%', '54%', '63%', '100%']  memcached=174.3%
[monitor] ['26%', '10%', '16%', '100%']  memcached=51.8%
[MEMCACHED] cores updated to: ['0']
[freqmine] cores updated to: [2, 1, 3]
[monitor] ['58%', '100%', '98%', '100%']  memcached=58.1%
[monitor] ['55%', '100%', '100%', '100%']  memcached=55.2%
[monitor] ['53%', '100%', '100%', '100%']  memcached=53.3%
[monitor] ['55%', '100%', '100%', '100%']  memcached=55.2%
[monitor] ['55%', '100%', '100%', '100%']  memcached=54.8%
[monitor] ['58%', '100%', '100%', '100%']  memcached=58.1%
[monitor] ['57%', '100%', '100%', '100%']  memcached=56.7%
[monitor] ['52%', '100%', '100%', '100%']  memcached=51.9%
[monitor] ['57%', '100%', '100%', '100%']  memcached=56.7%
[monitor] ['57%', '100%', '100%', '100%']  memcached=56.7%
[monitor] ['59%', '100%', '100%', '100%']  memcached=59.4%
[monitor] ['100%', '100%', '100%', '100%']  memcached=100.0%
[MEMCACHED] cores updated to: ['0', '2', '3']
[freqmine] cores updated to: [1]
[monitor] ['78%', '100%', '81%', '60%']  memcached=219.5%
[monitor] ['59%', '100%', '66%', '66%']  memcached=190.3%
[monitor] ['58%', '100%', '66%', '58%']  memcached=180.9%
[monitor] ['60%', '100%', '67%', '62%']  memcached=188.4%
[monitor] ['61%', '100%', '64%', '62%']  memcached=186.3%
[monitor] ['55%', '100%', '61%', '57%']  memcached=172.8%
[monitor] ['61%', '100%', '66%', '64%']  memcached=190.2%
[monitor] ['60%', '100%', '66%', '59%']  memcached=184.5%
[monitor] ['63%', '100%', '68%', '65%']  memcached=195.1%
[monitor] ['62%', '100%', '68%', '65%']  memcached=194.9%
[monitor] ['61%', '100%', '66%', '61%']  memcached=187.5%
[monitor] ['39%', '100%', '40%', '34%']  memcached=113.8%
[MEMCACHED] cores updated to: ['0', '3']
[freqmine] cores updated to: [2, 1]
[monitor] ['41%', '100%', '100%', '47%']  memcached=87.4%
[monitor] ['50%', '100%', '100%', '45%']  memcached=95.2%
[monitor] ['56%', '100%', '100%', '45%']  memcached=101.4%
[monitor] ['50%', '100%', '100%', '53%']  memcached=103.1%
[monitor] ['55%', '100%', '100%', '47%']  memcached=101.4%
[monitor] ['56%', '100%', '100%', '50%']  memcached=105.9%
[monitor] ['53%', '100%', '100%', '45%']  memcached=98.3%
[monitor] ['58%', '100%', '100%', '45%']  memcached=102.9%
[monitor] ['53%', '100%', '100%', '52%']  memcached=104.6%
[monitor] ['55%', '100%', '100%', '40%']  memcached=94.5%
[monitor] ['50%', '100%', '100%', '43%']  memcached=93.3%
[monitor] ['78%', '100%', '100%', '53%']  memcached=131.5%
[monitor] ['87%', '100%', '100%', '81%']  memcached=168.3%
[monitor] ['81%', '100%', '100%', '84%']  memcached=164.8%
[monitor] ['81%', '100%', '100%', '84%']  memcached=164.9%
[monitor] ['79%', '100%', '100%', '84%']  memcached=163.0%
[monitor] ['81%', '100%', '100%', '84%']  memcached=164.3%
[monitor] ['84%', '100%', '100%', '92%']  memcached=176.1%
[MEMCACHED] cores updated to: ['0', '1', '3']
[freqmine] cores updated to: [2]
[monitor] ['61%', '58%', '100%', '64%']  memcached=182.6%
[monitor] ['56%', '55%', '100%', '62%']  memcached=172.6%
[monitor] ['56%', '59%', '100%', '62%']  memcached=176.5%
[monitor] ['58%', '62%', '100%', '66%']  memcached=185.1%
[monitor] ['61%', '60%', '100%', '66%']  memcached=186.8%
[monitor] ['44%', '49%', '100%', '50%']  memcached=142.3%
[MEMCACHED] cores updated to: ['0', '3']
[freqmine] cores updated to: [2, 1]
[monitor] ['20%', '100%', '100%', '17%']  memcached=36.7%
[MEMCACHED] cores updated to: ['0']
[freqmine] cores updated to: [2, 1, 3]
[monitor] ['38%', '100%', '100%', '100%']  memcached=38.5%
[monitor] ['46%', '100%', '100%', '100%']  memcached=46.4%
[monitor] ['39%', '100%', '100%', '100%']  memcached=39.3%
[monitor] ['37%', '100%', '100%', '100%']  memcached=37.0%
[monitor] ['38%', '100%', '100%', '100%']  memcached=38.5%
[monitor] ['35%', '100%', '100%', '100%']  memcached=34.6%
[monitor] ['36%', '100%', '100%', '100%']  memcached=36.0%
[monitor] ['37%', '100%', '100%', '100%']  memcached=37.0%
[monitor] ['43%', '100%', '100%', '100%']  memcached=42.9%
[monitor] ['41%', '85%', '100%', '85%']  memcached=40.7%
[monitor] ['50%', '19%', '23%', '24%']  memcached=50.0%
[freqmine] ended.
[streamcluster] started on cores: [1, 2, 3] with 3 threads.
[monitor] ['100%', '50%', '38%', '59%']  memcached=100.0%
[MEMCACHED] cores updated to: ['0', '1', '2']
[streamcluster] cores updated to: [3]
[monitor] ['41%', '47%', '42%', '100%']  memcached=129.4%
[MEMCACHED] cores updated to: ['0', '2']
[streamcluster] cores updated to: [1, 3]
[monitor] ['66%', '78%', '68%', '98%']  memcached=133.3%
[monitor] ['71%', '95%', '70%', '98%']  memcached=141.1%
[monitor] ['65%', '98%', '68%', '100%']  memcached=132.3%
[monitor] ['64%', '95%', '68%', '98%']  memcached=131.3%
[monitor] ['62%', '100%', '63%', '98%']  memcached=124.6%
[monitor] ['62%', '98%', '64%', '98%']  memcached=126.1%
[monitor] ['64%', '100%', '62%', '100%']  memcached=126.1%
[monitor] ['68%', '98%', '63%', '98%']  memcached=130.5%
[monitor] ['62%', '98%', '62%', '100%']  memcached=124.3%
[monitor] ['72%', '97%', '66%', '98%']  memcached=137.9%
[monitor] ['76%', '98%', '70%', '100%']  memcached=146.7%
[monitor] ['76%', '100%', '69%', '100%']  memcached=144.2%
[monitor] ['77%', '97%', '71%', '98%']  memcached=148.6%
[monitor] ['74%', '98%', '69%', '100%']  memcached=143.0%
[monitor] ['78%', '98%', '71%', '100%']  memcached=148.8%
[monitor] ['76%', '98%', '70%', '98%']  memcached=145.9%
[monitor] ['75%', '100%', '69%', '98%']  memcached=143.6%
[monitor] ['74%', '97%', '68%', '100%']  memcached=141.2%
[monitor] ['81%', '98%', '71%', '98%']  memcached=151.1%
[monitor] ['78%', '97%', '69%', '100%']  memcached=146.9%
[monitor] ['75%', '100%', '69%', '98%']  memcached=144.4%
[monitor] ['76%', '98%', '73%', '98%']  memcached=148.7%
[monitor] ['95%', '97%', '92%', '100%']  memcached=187.2%
[MEMCACHED] cores updated to: ['0', '2', '3']
[streamcluster] cores updated to: [1]
[monitor] ['70%', '100%', '78%', '78%']  memcached=226.5%
[monitor] ['76%', '100%', '82%', '82%']  memcached=239.3%
[monitor] ['73%', '100%', '79%', '82%']  memcached=233.5%
[monitor] ['70%', '100%', '76%', '75%']  memcached=221.0%
[monitor] ['72%', '100%', '76%', '78%']  memcached=226.9%
[monitor] ['71%', '100%', '78%', '78%']  memcached=227.3%
[monitor] ['69%', '100%', '76%', '76%']  memcached=220.6%
[monitor] ['71%', '100%', '77%', '76%']  memcached=224.0%
[monitor] ['73%', '100%', '78%', '85%']  memcached=236.0%
[monitor] ['77%', '100%', '80%', '81%']  memcached=238.2%
[monitor] ['73%', '100%', '79%', '79%']  memcached=230.9%
[monitor] ['83%', '100%', '87%', '89%']  memcached=259.7%
[monitor] ['78%', '100%', '84%', '87%']  memcached=249.2%
[monitor] ['81%', '100%', '88%', '87%']  memcached=255.8%
[monitor] ['81%', '100%', '84%', '85%']  memcached=249.4%
[monitor] ['76%', '100%', '85%', '84%']  memcached=244.9%
[monitor] ['80%', '100%', '85%', '84%']  memcached=249.2%
[monitor] ['78%', '100%', '87%', '89%']  memcached=254.1%
[monitor] ['78%', '100%', '82%', '85%']  memcached=245.9%
[monitor] ['76%', '100%', '82%', '84%']  memcached=243.2%
[monitor] ['79%', '100%', '84%', '87%']  memcached=250.9%
[monitor] ['83%', '100%', '90%', '90%']  memcached=263.1%
[monitor] ['78%', '100%', '85%', '84%']  memcached=247.2%
[monitor] ['74%', '100%', '79%', '81%']  memcached=233.8%
[monitor] ['65%', '100%', '76%', '76%']  memcached=216.7%
[monitor] ['67%', '100%', '74%', '76%']  memcached=216.0%
[monitor] ['69%', '100%', '73%', '73%']  memcached=214.5%
[monitor] ['66%', '100%', '74%', '74%']  memcached=214.4%
[monitor] ['67%', '100%', '74%', '71%']  memcached=211.8%
[monitor] ['67%', '100%', '74%', '74%']  memcached=214.0%
[monitor] ['62%', '100%', '73%', '72%']  memcached=207.0%
[monitor] ['68%', '100%', '73%', '74%']  memcached=214.3%
[monitor] ['65%', '100%', '70%', '74%']  memcached=209.3%
[monitor] ['66%', '100%', '75%', '71%']  memcached=212.1%
[monitor] ['68%', '100%', '69%', '71%']  memcached=207.7%
[monitor] ['58%', '100%', '66%', '66%']  memcached=189.0%
[monitor] ['24%', '100%', '17%', '17%']  memcached=58.2%
[MEMCACHED] cores updated to: ['0']
[streamcluster] cores updated to: [3, 1, 2]
[monitor] ['76%', '98%', '88%', '100%']  memcached=75.7%
[monitor] ['75%', '98%', '88%', '100%']  memcached=75.0%
[monitor] ['79%', '98%', '87%', '100%']  memcached=79.4%
[monitor] ['71%', '100%', '88%', '100%']  memcached=70.6%
[monitor] ['80%', '97%', '85%', '100%']  memcached=80.0%
[monitor] ['77%', '98%', '87%', '100%']  memcached=77.1%
[monitor] ['78%', '98%', '90%', '100%']  memcached=77.8%
[monitor] ['81%', '95%', '85%', '100%']  memcached=80.6%
[monitor] ['77%', '98%', '90%', '100%']  memcached=77.1%
[monitor] ['79%', '100%', '88%', '100%']  memcached=78.9%
[monitor] ['75%', '98%', '87%', '100%']  memcached=75.0%
[monitor] ['97%', '95%', '90%', '100%']  memcached=97.4%
[MEMCACHED] cores updated to: ['0', '1', '3']
[streamcluster] cores updated to: [2]
[monitor] ['92%', '92%', '100%', '98%']  memcached=281.9%
[monitor] ['79%', '76%', '100%', '79%']  memcached=233.6%
[monitor] ['79%', '78%', '100%', '82%']  memcached=238.3%
[monitor] ['75%', '68%', '100%', '74%']  memcached=216.3%
[monitor] ['73%', '73%', '100%', '76%']  memcached=221.6%
[monitor] ['76%', '71%', '100%', '76%']  memcached=223.4%
[monitor] ['76%', '73%', '100%', '76%']  memcached=225.6%
[monitor] ['74%', '72%', '100%', '76%']  memcached=221.4%
[monitor] ['75%', '71%', '100%', '76%']  memcached=222.1%
[monitor] ['78%', '77%', '100%', '78%']  memcached=233.3%
[monitor] ['74%', '72%', '100%', '75%']  memcached=221.5%
[monitor] ['35%', '32%', '100%', '33%']  memcached=100.8%
[MEMCACHED] cores updated to: ['0', '3']
[streamcluster] cores updated to: [1, 2]
[monitor] ['13%', '90%', '100%', '3%']  memcached=16.1%
[MEMCACHED] cores updated to: ['0']
[streamcluster] cores updated to: [3, 1, 2]
[monitor] ['16%', '100%', '78%', '100%']  memcached=16.2%
[monitor] ['21%', '98%', '80%', '100%']  memcached=21.1%
[monitor] ['9%', '100%', '79%', '100%']  memcached=8.8%
[monitor] ['11%', '100%', '79%', '100%']  memcached=11.4%
[monitor] ['12%', '100%', '79%', '98%']  memcached=11.8%
[monitor] ['16%', '100%', '80%', '100%']  memcached=16.2%
[monitor] ['14%', '100%', '80%', '100%']  memcached=13.9%
[monitor] ['11%', '100%', '78%', '100%']  memcached=11.4%
[monitor] ['21%', '98%', '79%', '100%']  memcached=21.1%
[monitor] ['16%', '100%', '80%', '98%']  memcached=16.2%
[monitor] ['49%', '100%', '82%', '100%']  memcached=48.6%
[monitor] ['100%', '97%', '92%', '100%']  memcached=100.0%
[MEMCACHED] cores updated to: ['0', '2', '3']
[streamcluster] cores updated to: [1]
[monitor] ['32%', '100%', '35%', '33%']  memcached=101.1%
[MEMCACHED] cores updated to: ['0', '3']
[streamcluster] cores updated to: [2, 1]
[monitor] ['56%', '95%', '92%', '56%']  memcached=112.1%
[monitor] ['68%', '97%', '98%', '59%']  memcached=127.0%
[monitor] ['69%', '95%', '97%', '55%']  memcached=123.1%
[monitor] ['58%', '97%', '98%', '59%']  memcached=117.4%
[monitor] ['63%', '95%', '95%', '56%']  memcached=119.1%
[monitor] ['61%', '95%', '100%', '55%']  memcached=115.2%
[monitor] ['56%', '95%', '97%', '56%']  memcached=112.5%
[monitor] ['62%', '95%', '92%', '50%']  memcached=112.5%
[monitor] ['61%', '98%', '95%', '59%']  memcached=120.0%
[monitor] ['44%', '95%', '98%', '39%']  memcached=83.5%
[monitor] ['11%', '95%', '92%', '8%']  memcached=18.9%
[MEMCACHED] cores updated to: ['0']
[streamcluster] cores updated to: [2, 1, 3]
[monitor] ['6%', '100%', '78%', '100%']  memcached=6.1%
[monitor] ['9%', '98%', '80%', '98%']  memcached=8.8%
[monitor] ['9%', '100%', '77%', '100%']  memcached=8.8%
[monitor] ['0%', '100%', '81%', '100%']  memcached=0.0%
[monitor] ['6%', '100%', '79%', '100%']  memcached=6.1%
[monitor] ['3%', '100%', '80%', '100%']  memcached=3.1%
[monitor] ['9%', '98%', '79%', '100%']  memcached=8.8%
[monitor] ['6%', '100%', '78%', '100%']  memcached=6.1%
[monitor] ['3%', '100%', '76%', '100%']  memcached=3.1%
[monitor] ['9%', '100%', '79%', '98%']  memcached=8.8%
[monitor] ['6%', '100%', '79%', '100%']  memcached=6.1%
[monitor] ['95%', '98%', '85%', '100%']  memcached=94.7%
[MEMCACHED] cores updated to: ['0', '1']
[streamcluster] cores updated to: [2, 3]
[monitor] ['55%', '61%', '98%', '95%']  memcached=115.4%
[monitor] ['55%', '59%', '98%', '95%']  memcached=113.9%
[monitor] ['62%', '56%', '100%', '93%']  memcached=118.0%
[monitor] ['55%', '58%', '90%', '100%']  memcached=112.1%
[monitor] ['50%', '62%', '95%', '95%']  memcached=111.8%
[monitor] ['55%', '67%', '98%', '95%']  memcached=121.2%
[monitor] ['55%', '58%', '95%', '95%']  memcached=112.1%
[monitor] ['55%', '67%', '97%', '97%']  memcached=121.2%
[monitor] ['59%', '61%', '90%', '95%']  memcached=119.4%
[monitor] ['60%', '52%', '92%', '95%']  memcached=111.6%
[monitor] ['53%', '55%', '95%', '95%']  memcached=107.8%
[monitor] ['39%', '38%', '95%', '95%']  memcached=76.6%
[MEMCACHED] cores updated to: ['0']
[streamcluster] cores updated to: [2, 1, 3]
[monitor] ['74%', '95%', '85%', '100%']  memcached=73.5%
[monitor] ['71%', '100%', '87%', '100%']  memcached=71.4%
[monitor] ['74%', '100%', '90%', '98%']  memcached=74.3%
[monitor] ['75%', '98%', '87%', '100%']  memcached=75.0%
[monitor] ['76%', '98%', '87%', '100%']  memcached=75.7%
[monitor] ['73%', '98%', '88%', '100%']  memcached=72.7%
[monitor] ['74%', '100%', '87%', '100%']  memcached=73.5%
[monitor] ['74%', '98%', '88%', '100%']  memcached=74.3%
[monitor] ['76%', '100%', '90%', '100%']  memcached=75.7%
[monitor] ['74%', '98%', '88%', '100%']  memcached=73.5%
[monitor] ['74%', '100%', '87%', '100%']  memcached=74.3%
[monitor] ['89%', '98%', '92%', '98%']  memcached=89.2%
[MEMCACHED] cores updated to: ['0', '3']
[streamcluster] cores updated to: [2, 1]
[monitor] ['66%', '95%', '97%', '70%']  memcached=135.4%
[monitor] ['73%', '90%', '92%', '65%']  memcached=137.7%
[monitor] ['73%', '98%', '92%', '59%']  memcached=132.3%
[monitor] ['68%', '92%', '95%', '68%']  memcached=135.3%
[monitor] ['69%', '90%', '92%', '59%']  memcached=127.9%
[monitor] ['61%', '92%', '97%', '71%']  memcached=132.0%
[monitor] ['72%', '98%', '92%', '56%']  memcached=128.5%
[monitor] ['66%', '90%', '95%', '65%']  memcached=130.4%
[monitor] ['65%', '90%', '98%', '65%']  memcached=129.4%
[monitor] ['72%', '97%', '95%', '59%']  memcached=131.0%
[monitor] ['71%', '92%', '98%', '75%']  memcached=146.4%
[monitor] ['68%', '95%', '98%', '56%']  memcached=123.4%
[monitor] ['13%', '98%', '43%', '13%']  memcached=26.2%
[MEMCACHED] cores updated to: ['0']
[streamcluster] cores updated to: [2, 1, 3]
[monitor] ['24%', '98%', '75%', '90%']  memcached=24.0%
[monitor] ['27%', '98%', '83%', '98%']  memcached=26.9%
[monitor] ['23%', '100%', '85%', '100%']  memcached=23.1%
[monitor] ['23%', '100%', '84%', '100%']  memcached=23.1%
[monitor] ['28%', '98%', '85%', '100%']  memcached=28.0%
[monitor] ['23%', '100%', '82%', '100%']  memcached=23.1%
[monitor] ['27%', '98%', '82%', '100%']  memcached=26.9%
[monitor] ['26%', '98%', '82%', '100%']  memcached=25.9%
[monitor] ['25%', '97%', '85%', '100%']  memcached=25.0%
[monitor] ['24%', '100%', '82%', '100%']  memcached=24.0%
[monitor] ['24%', '98%', '85%', '100%']  memcached=24.0%
[monitor] ['98%', '95%', '90%', '100%']  memcached=97.5%
[MEMCACHED] cores updated to: ['0', '1', '2']
[streamcluster] cores updated to: [3]
[monitor] ['50%', '53%', '62%', '100%']  memcached=164.9%
[monitor] ['45%', '47%', '52%', '100%']  memcached=143.8%
[MEMCACHED] cores updated to: ['0', '2']
[streamcluster] cores updated to: [1, 3]
[monitor] ['61%', '100%', '79%', '98%']  memcached=139.6%
[monitor] ['56%', '98%', '79%', '100%']  memcached=135.2%
[monitor] ['59%', '97%', '81%', '100%']  memcached=140.5%
[monitor] ['59%', '98%', '78%', '98%']  memcached=137.8%
[monitor] ['61%', '100%', '79%', '100%']  memcached=139.6%
[monitor] ['62%', '95%', '84%', '98%']  memcached=146.7%
[monitor] ['61%', '100%', '81%', '100%']  memcached=141.7%
[monitor] ['65%', '98%', '82%', '98%']  memcached=146.4%
[monitor] ['61%', '98%', '83%', '100%']  memcached=143.5%
[monitor] ['92%', '100%', '97%', '100%']  memcached=189.9%
[MEMCACHED] cores updated to: ['0', '2', '3']
[streamcluster] cores updated to: [1]
[monitor] ['95%', '100%', '100%', '70%']  memcached=265.0%
[monitor] ['81%', '100%', '92%', '87%']  memcached=260.4%
[monitor] ['78%', '100%', '88%', '88%']  memcached=253.7%
[monitor] ['85%', '100%', '89%', '71%']  memcached=245.1%
[monitor] ['78%', '100%', '87%', '86%']  memcached=252.0%
[monitor] ['78%', '100%', '87%', '84%']  memcached=249.3%
[monitor] ['78%', '100%', '85%', '85%']  memcached=247.4%
[monitor] ['81%', '100%', '92%', '87%']  memcached=259.5%
[monitor] ['84%', '100%', '90%', '93%']  memcached=266.7%
[monitor] ['81%', '100%', '92%', '92%']  memcached=265.3%
[monitor] ['79%', '100%', '85%', '85%']  memcached=248.9%
[monitor] ['32%', '100%', '33%', '29%']  memcached=94.3%
[MEMCACHED] cores updated to: ['0', '3']
[streamcluster] cores updated to: [2, 1]
[monitor] ['14%', '95%', '93%', '3%']  memcached=17.0%
[MEMCACHED] cores updated to: ['0']
[streamcluster] cores updated to: [2, 1, 3]
[monitor] ['4%', '100%', '79%', '100%']  memcached=3.6%
[monitor] ['10%', '100%', '79%', '100%']  memcached=10.0%
[monitor] ['7%', '98%', '78%', '100%']  memcached=6.9%
[monitor] ['0%', '100%', '79%', '100%']  memcached=0.0%
[monitor] ['13%', '100%', '82%', '100%']  memcached=12.9%
[monitor] ['4%', '100%', '79%', '98%']  memcached=3.6%
[monitor] ['10%', '98%', '80%', '100%']  memcached=10.0%
[monitor] ['7%', '100%', '82%', '100%']  memcached=6.9%
[monitor] ['7%', '100%', '77%', '100%']  memcached=6.9%
[monitor] ['4%', '100%', '79%', '100%']  memcached=3.6%
[monitor] ['60%', '98%', '85%', '100%']  memcached=60.0%
[monitor] ['98%', '97%', '92%', '100%']  memcached=97.6%
[MEMCACHED] cores updated to: ['0', '1', '2']
[streamcluster] cores updated to: [3]
[monitor] ['39%', '39%', '42%', '100%']  memcached=120.5%
[MEMCACHED] cores updated to: ['0', '2']
[streamcluster] cores updated to: [1, 3]
[monitor] ['56%', '100%', '68%', '98%']  memcached=123.9%
[monitor] ['53%', '98%', '65%', '100%']  memcached=117.8%
[monitor] ['55%', '100%', '65%', '98%']  memcached=119.3%
[monitor] ['52%', '98%', '64%', '100%']  memcached=115.2%
[monitor] ['55%', '98%', '61%', '98%']  memcached=115.8%
[monitor] ['55%', '100%', '67%', '100%']  memcached=121.5%
[monitor] ['52%', '100%', '66%', '100%']  memcached=117.3%
[monitor] ['58%', '98%', '68%', '98%']  memcached=125.2%
[monitor] ['55%', '98%', '66%', '100%']  memcached=120.3%
[monitor] ['67%', '98%', '78%', '100%']  memcached=144.4%
[monitor] ['79%', '100%', '90%', '100%']  memcached=169.5%
[monitor] ['79%', '98%', '92%', '98%']  memcached=171.7%
[MEMCACHED] cores updated to: ['0', '2', '3']
[streamcluster] cores updated to: [1]
[monitor] ['58%', '100%', '68%', '68%']  memcached=192.8%
[monitor] ['61%', '100%', '69%', '69%']  memcached=198.6%
[monitor] ['62%', '100%', '68%', '69%']  memcached=198.8%
[monitor] ['61%', '100%', '70%', '69%']  memcached=200.0%
[monitor] ['62%', '100%', '70%', '73%']  memcached=205.0%
[monitor] ['59%', '100%', '69%', '69%']  memcached=197.4%
[monitor] ['59%', '100%', '68%', '68%']  memcached=194.0%
[monitor] ['59%', '100%', '66%', '65%']  memcached=189.2%
[monitor] ['62%', '100%', '69%', '71%']  memcached=202.6%
[monitor] ['59%', '100%', '64%', '66%']  memcached=188.4%
[monitor] ['61%', '100%', '68%', '66%']  memcached=193.9%
[monitor] ['56%', '100%', '64%', '64%']  memcached=184.0%
[monitor] ['57%', '100%', '65%', '62%']  memcached=183.8%
[monitor] ['62%', '100%', '68%', '67%']  memcached=196.0%
[monitor] ['57%', '100%', '66%', '62%']  memcached=185.4%
[monitor] ['58%', '100%', '66%', '65%']  memcached=188.0%
[monitor] ['53%', '100%', '62%', '61%']  memcached=175.5%
[monitor] ['56%', '100%', '65%', '62%']  memcached=182.9%
[monitor] ['61%', '100%', '66%', '64%']  memcached=190.5%
[monitor] ['56%', '100%', '67%', '69%']  memcached=191.5%
[monitor] ['61%', '100%', '64%', '66%']  memcached=190.8%
[monitor] ['56%', '100%', '66%', '65%']  memcached=186.7%
[monitor] ['28%', '100%', '24%', '22%']  memcached=73.2%
[MEMCACHED] cores updated to: ['0']
[streamcluster] cores updated to: [2, 1, 3]
[monitor] ['24%', '100%', '82%', '100%']  memcached=24.0%
[monitor] ['25%', '98%', '82%', '100%']  memcached=25.0%
[monitor] ['36%', '100%', '85%', '98%']  memcached=35.7%
[monitor] ['28%', '100%', '83%', '100%']  memcached=28.0%
[monitor] ['24%', '98%', '87%', '100%']  memcached=24.0%
[monitor] ['41%', '100%', '85%', '100%']  memcached=40.7%
[monitor] ['33%', '98%', '85%', '100%']  memcached=33.3%
[monitor] ['37%', '100%', '85%', '100%']  memcached=37.0%
[monitor] ['30%', '100%', '85%', '100%']  memcached=29.6%
[monitor] ['32%', '98%', '82%', '100%']  memcached=32.0%
[monitor] ['28%', '100%', '82%', '100%']  memcached=28.0%
[monitor] ['76%', '100%', '84%', '100%']  memcached=76.5%
[monitor] ['100%', '95%', '88%', '100%']  memcached=100.0%
[MEMCACHED] cores updated to: ['0', '1', '2']
[streamcluster] cores updated to: [3]
[monitor] ['100%', '100%', '100%', '100%']  memcached=300.0%
[monitor] ['89%', '90%', '90%', '100%']  memcached=269.2%
[monitor] ['71%', '78%', '82%', '100%']  memcached=232.3%
[monitor] ['73%', '78%', '82%', '100%']  memcached=232.7%
[monitor] ['75%', '79%', '82%', '100%']  memcached=236.4%
[monitor] ['71%', '78%', '82%', '100%']  memcached=230.9%
[monitor] ['74%', '77%', '82%', '100%']  memcached=232.4%
[monitor] ['72%', '76%', '81%', '100%']  memcached=229.0%
[monitor] ['72%', '78%', '77%', '100%']  memcached=226.9%
[monitor] ['69%', '74%', '76%', '100%']  memcached=218.6%
[monitor] ['72%', '79%', '82%', '100%']  memcached=233.7%
[monitor] ['79%', '79%', '85%', '100%']  memcached=243.8%
[monitor] ['82%', '89%', '90%', '100%']  memcached=262.0%
[monitor] ['78%', '81%', '85%', '100%']  memcached=244.8%
[monitor] ['78%', '81%', '87%', '100%']  memcached=246.3%
[monitor] ['78%', '84%', '86%', '100%']  memcached=248.3%
[monitor] ['81%', '87%', '90%', '100%']  memcached=257.6%
[monitor] ['82%', '86%', '88%', '100%']  memcached=255.6%
[monitor] ['81%', '81%', '87%', '100%']  memcached=248.8%
[monitor] ['74%', '82%', '82%', '100%']  memcached=237.9%
[monitor] ['81%', '87%', '88%', '100%']  memcached=255.2%
[monitor] ['75%', '81%', '85%', '100%']  memcached=241.1%
[monitor] ['77%', '79%', '82%', '100%']  memcached=239.1%
[monitor] ['79%', '84%', '88%', '100%']  memcached=250.5%
[monitor] ['78%', '80%', '85%', '100%']  memcached=243.0%
[monitor] ['78%', '81%', '85%', '100%']  memcached=243.9%
[monitor] ['78%', '84%', '85%', '100%']  memcached=246.9%
[monitor] ['79%', '85%', '90%', '100%']  memcached=253.3%
[monitor] ['81%', '84%', '88%', '100%']  memcached=252.3%
[monitor] ['76%', '79%', '85%', '100%']  memcached=240.3%
[monitor] ['77%', '81%', '82%', '100%']  memcached=240.2%
[monitor] ['78%', '83%', '85%', '100%']  memcached=245.3%
[monitor] ['78%', '83%', '85%', '100%']  memcached=247.1%
[monitor] ['76%', '79%', '82%', '100%']  memcached=236.7%
[monitor] ['76%', '81%', '85%', '100%']  memcached=241.6%
[monitor] ['73%', '74%', '79%', '100%']  memcached=226.2%
[monitor] ['71%', '75%', '80%', '100%']  memcached=226.4%
[monitor] ['72%', '75%', '78%', '100%']  memcached=225.6%
[monitor] ['71%', '71%', '77%', '100%']  memcached=219.6%
[monitor] ['69%', '74%', '76%', '100%']  memcached=217.8%
[monitor] ['72%', '72%', '76%', '100%']  memcached=220.8%
[monitor] ['69%', '73%', '76%', '100%']  memcached=218.7%
[monitor] ['78%', '78%', '85%', '100%']  memcached=241.4%
[monitor] ['69%', '75%', '78%', '100%']  memcached=222.8%
[monitor] ['71%', '71%', '76%', '100%']  memcached=218.5%
[monitor] ['67%', '72%', '76%', '100%']  memcached=215.2%
[monitor] ['71%', '75%', '79%', '100%']  memcached=225.1%
[monitor] ['71%', '71%', '76%', '100%']  memcached=218.8%
[monitor] ['71%', '76%', '76%', '100%']  memcached=222.8%
[monitor] ['63%', '68%', '70%', '100%']  memcached=200.8%
[monitor] ['64%', '68%', '71%', '100%']  memcached=202.3%
[monitor] ['65%', '66%', '71%', '100%']  memcached=201.5%
[monitor] ['65%', '71%', '71%', '100%']  memcached=206.3%
[monitor] ['66%', '69%', '74%', '100%']  memcached=208.8%
[monitor] ['65%', '69%', '70%', '100%']  memcached=203.5%
[monitor] ['63%', '66%', '69%', '100%']  memcached=198.0%
[monitor] ['69%', '69%', '70%', '100%']  memcached=207.4%
[monitor] ['63%', '69%', '72%', '100%']  memcached=204.5%
[monitor] ['66%', '67%', '70%', '100%']  memcached=202.7%
[monitor] ['67%', '68%', '70%', '100%']  memcached=204.6%
[monitor] ['32%', '33%', '39%', '100%']  memcached=105.0%
[MEMCACHED] cores updated to: ['0', '2']
[streamcluster] cores updated to: [1, 3]
[monitor] ['42%', '100%', '40%', '79%']  memcached=81.9%
[monitor] ['39%', '95%', '39%', '59%']  memcached=78.6%
[MEMCACHED] cores updated to: ['0']
[streamcluster] cores updated to: [2, 1, 3]
[monitor] ['90%', '92%', '90%', '95%']  memcached=90.0%
[MEMCACHED] cores updated to: ['0', '3']
[streamcluster] cores updated to: [2, 1]
[monitor] ['48%', '92%', '97%', '45%']  memcached=93.4%
[monitor] ['43%', '98%', '95%', '50%']  memcached=93.3%
[monitor] ['45%', '95%', '95%', '52%']  memcached=96.7%
[monitor] ['45%', '92%', '100%', '45%']  memcached=90.3%
[monitor] ['50%', '95%', '95%', '50%']  memcached=100.0%
[monitor] ['48%', '92%', '100%', '50%']  memcached=98.4%
[monitor] ['41%', '95%', '95%', '50%']  memcached=91.4%
[monitor] ['47%', '95%', '95%', '52%']  memcached=98.4%
[monitor] ['27%', '97%', '95%', '17%']  memcached=43.9%
[MEMCACHED] cores updated to: ['0']
[streamcluster] cores updated to: [2, 1, 3]
[monitor] ['12%', '98%', '82%', '100%']  memcached=12.5%
[monitor] ['16%', '100%', '82%', '100%']  memcached=16.0%
[monitor] ['19%', '100%', '82%', '100%']  memcached=19.2%
[monitor] ['12%', '100%', '82%', '98%']  memcached=12.5%
[monitor] ['16%', '98%', '85%', '100%']  memcached=16.0%
[monitor] ['16%', '100%', '80%', '98%']  memcached=16.0%
[monitor] ['16%', '100%', '82%', '100%']  memcached=16.0%
[monitor] ['15%', '100%', '82%', '100%']  memcached=15.4%
[monitor] ['16%', '98%', '80%', '100%']  memcached=16.0%
[monitor] ['15%', '100%', '82%', '100%']  memcached=15.4%
[monitor] ['19%', '98%', '82%', '100%']  memcached=18.5%
[monitor] ['62%', '98%', '84%', '100%']  memcached=62.5%
[monitor] ['85%', '100%', '87%', '100%']  memcached=85.0%
[monitor] ['87%', '95%', '85%', '100%']  memcached=86.8%
[MEMCACHED] cores updated to: ['0', '2']
[streamcluster] cores updated to: [1, 3]
[monitor] ['45%', '98%', '47%', '100%']  memcached=91.7%
[monitor] ['40%', '100%', '41%', '98%']  memcached=81.4%
[monitor] ['38%', '98%', '38%', '97%']  memcached=75.9%
[MEMCACHED] cores updated to: ['0']
[streamcluster] cores updated to: [2, 1, 3]
[monitor] ['87%', '98%', '90%', '100%']  memcached=87.2%
[MEMCACHED] cores updated to: ['0', '1']
[streamcluster] cores updated to: [2, 3]
[monitor] ['45%', '41%', '97%', '95%']  memcached=86.5%
[monitor] ['40%', '48%', '98%', '97%']  memcached=88.4%
[monitor] ['45%', '45%', '95%', '98%']  memcached=90.3%
[monitor] ['40%', '50%', '95%', '97%']  memcached=90.0%
[monitor] ['40%', '43%', '97%', '95%']  memcached=83.3%
[monitor] ['74%', '69%', '95%', '97%']  memcached=142.1%
[monitor] ['95%', '89%', '86%', '93%']  memcached=183.6%
[MEMCACHED] cores updated to: ['0', '1', '3']
[streamcluster] cores updated to: [2]
[monitor] ['69%', '67%', '100%', '74%']  memcached=209.8%
[monitor] ['74%', '71%', '100%', '73%']  memcached=217.9%
[monitor] ['71%', '70%', '100%', '74%']  memcached=216.1%
[monitor] ['67%', '66%', '100%', '70%']  memcached=202.7%
[monitor] ['69%', '68%', '100%', '69%']  memcached=206.5%
[monitor] ['72%', '69%', '100%', '70%']  memcached=211.1%
[monitor] ['71%', '69%', '100%', '71%']  memcached=212.3%
[monitor] ['71%', '72%', '100%', '74%']  memcached=218.0%
[monitor] ['73%', '71%', '100%', '70%']  memcached=213.8%
[monitor] ['75%', '72%', '100%', '73%']  memcached=220.2%
[monitor] ['63%', '60%', '100%', '63%']  memcached=185.7%
[monitor] ['40%', '42%', '100%', '41%']  memcached=123.0%
[MEMCACHED] cores updated to: ['0', '3']
[streamcluster] cores updated to: [2, 1]
[monitor] ['65%', '92%', '98%', '71%']  memcached=135.9%
[monitor] ['62%', '95%', '97%', '66%']  memcached=127.5%
[monitor] ['65%', '98%', '95%', '69%']  memcached=134.2%
[monitor] ['67%', '95%', '97%', '69%']  memcached=135.2%
[monitor] ['61%', '89%', '98%', '69%']  memcached=129.2%
[monitor] ['68%', '95%', '95%', '71%']  memcached=139.1%
[monitor] ['59%', '98%', '98%', '65%']  memcached=124.1%
[monitor] ['65%', '88%', '100%', '63%']  memcached=127.6%
[monitor] ['62%', '97%', '95%', '67%']  memcached=128.4%
[monitor] ['62%', '92%', '98%', '64%']  memcached=126.1%
[monitor] ['64%', '95%', '97%', '71%']  memcached=135.1%
[monitor] ['69%', '92%', '98%', '72%']  memcached=141.7%
[monitor] ['71%', '95%', '97%', '71%']  memcached=141.2%
[monitor] ['67%', '95%', '98%', '70%']  memcached=136.9%
[monitor] ['71%', '97%', '95%', '68%']  memcached=139.1%
[monitor] ['62%', '92%', '98%', '69%']  memcached=130.3%
[monitor] ['71%', '92%', '98%', '66%']  memcached=136.3%
[monitor] ['64%', '95%', '100%', '75%']  memcached=138.6%
[monitor] ['66%', '92%', '97%', '63%']  memcached=128.6%
[monitor] ['61%', '92%', '98%', '72%']  memcached=132.8%
[monitor] ['64%', '92%', '97%', '67%']  memcached=130.3%
[monitor] ['64%', '95%', '95%', '71%']  memcached=135.3%
[monitor] ['56%', '97%', '97%', '70%']  memcached=126.5%
[monitor] ['70%', '95%', '95%', '73%']  memcached=142.7%
[monitor] ['81%', '95%', '100%', '81%']  memcached=161.6%
[monitor] ['75%', '95%', '98%', '81%']  memcached=156.1%
[monitor] ['80%', '87%', '97%', '81%']  memcached=161.1%
[monitor] ['74%', '92%', '98%', '79%']  memcached=153.7%
[monitor] ['78%', '95%', '98%', '82%']  memcached=159.4%
[monitor] ['78%', '98%', '98%', '80%']  memcached=158.4%
[monitor] ['86%', '98%', '98%', '85%']  memcached=170.3%
[MEMCACHED] cores updated to: ['0', '2', '3']
[streamcluster] cores updated to: [1]
[monitor] ['53%', '100%', '60%', '64%']  memcached=177.0%
[monitor] ['56%', '100%', '61%', '59%']  memcached=175.8%
[monitor] ['52%', '100%', '60%', '53%']  memcached=164.6%
[monitor] ['58%', '100%', '60%', '63%']  memcached=181.5%
[monitor] ['38%', '100%', '40%', '41%']  memcached=118.9%
[MEMCACHED] cores updated to: ['0', '3']
[streamcluster] cores updated to: [2, 1]
[monitor] ['23%', '97%', '95%', '17%']  memcached=39.8%
[MEMCACHED] cores updated to: ['0']
[streamcluster] cores updated to: [2, 1, 3]
[monitor] ['32%', '98%', '84%', '100%']  memcached=32.0%
[monitor] ['37%', '100%', '85%', '100%']  memcached=37.0%
[monitor] ['32%', '98%', '85%', '100%']  memcached=32.0%
[monitor] ['41%', '100%', '82%', '100%']  memcached=40.7%
[monitor] ['37%', '98%', '80%', '100%']  memcached=37.0%
[monitor] ['38%', '100%', '85%', '98%']  memcached=38.5%
[monitor] ['43%', '98%', '82%', '100%']  memcached=42.9%
[monitor] ['38%', '100%', '85%', '100%']  memcached=38.5%
[monitor] ['37%', '98%', '85%', '100%']  memcached=37.0%
[monitor] ['33%', '100%', '82%', '100%']  memcached=33.3%
[monitor] ['61%', '98%', '82%', '100%']  memcached=61.3%
[monitor] ['100%', '98%', '90%', '100%']  memcached=100.0%
[MEMCACHED] cores updated to: ['0', '1', '3']
[streamcluster] cores updated to: [2]
[monitor] ['41%', '44%', '100%', '45%']  memcached=129.9%
[MEMCACHED] cores updated to: ['0', '3']
[streamcluster] cores updated to: [2, 1]
[monitor] ['74%', '95%', '98%', '56%']  memcached=129.8%
[monitor] ['73%', '95%', '100%', '59%']  memcached=131.8%
[monitor] ['74%', '92%', '95%', '61%']  memcached=134.1%
[monitor] ['72%', '90%', '98%', '66%']  memcached=137.9%
[monitor] ['68%', '92%', '100%', '66%']  memcached=133.4%
[monitor] ['67%', '98%', '95%', '73%']  memcached=139.6%
[monitor] ['63%', '95%', '98%', '66%']  memcached=128.6%
[monitor] ['68%', '92%', '98%', '69%']  memcached=136.2%
[monitor] ['63%', '90%', '98%', '68%']  memcached=130.5%
[monitor] ['57%', '97%', '95%', '59%']  memcached=116.0%
[monitor] ['16%', '95%', '92%', '7%']  memcached=22.3%
[MEMCACHED] cores updated to: ['0']
[streamcluster] cores updated to: [2, 1, 3]
[monitor] ['12%', '100%', '82%', '100%']  memcached=11.5%
[monitor] ['12%', '98%', '82%', '100%']  memcached=12.0%
[monitor] ['19%', '100%', '85%', '98%']  memcached=18.5%
[monitor] ['12%', '100%', '78%', '100%']  memcached=12.0%
[monitor] ['12%', '100%', '79%', '100%']  memcached=12.0%
[monitor] ['15%', '98%', '82%', '100%']  memcached=14.8%
[monitor] ['12%', '100%', '82%', '100%']  memcached=11.5%
[monitor] ['15%', '98%', '83%', '100%']  memcached=15.4%
[monitor] ['15%', '100%', '80%', '100%']  memcached=14.8%
[monitor] ['19%', '100%', '85%', '100%']  memcached=19.2%
[monitor] ['16%', '100%', '84%', '100%']  memcached=16.0%
[monitor] ['92%', '95%', '90%', '100%']  memcached=92.1%
[MEMCACHED] cores updated to: ['0', '2']
[streamcluster] cores updated to: [1, 3]
[monitor] ['100%', '98%', '100%', '100%']  memcached=200.0%
[MEMCACHED] cores updated to: ['0', '1', '2']
[streamcluster] cores updated to: [3]
[monitor] ['65%', '65%', '69%', '100%']  memcached=198.9%
[monitor] ['61%', '66%', '70%', '100%']  memcached=196.6%
[monitor] ['62%', '69%', '68%', '100%']  memcached=199.5%
[monitor] ['63%', '65%', '69%', '100%']  memcached=197.2%
[monitor] ['66%', '68%', '70%', '100%']  memcached=203.6%
[monitor] ['63%', '66%', '71%', '100%']  memcached=199.1%
[monitor] ['66%', '69%', '68%', '100%']  memcached=201.9%
[monitor] ['56%', '61%', '68%', '100%']  memcached=184.4%
[monitor] ['59%', '66%', '65%', '100%']  memcached=189.2%
[monitor] ['62%', '63%', '67%', '100%']  memcached=191.3%
[monitor] ['37%', '42%', '42%', '100%']  memcached=120.5%
[MEMCACHED] cores updated to: ['0', '2']
[streamcluster] cores updated to: [1, 3]
[monitor] ['61%', '97%', '64%', '98%']  memcached=124.5%
[monitor] ['59%', '98%', '62%', '100%']  memcached=121.1%
[monitor] ['61%', '98%', '62%', '98%']  memcached=123.8%
[monitor] ['59%', '98%', '64%', '100%']  memcached=123.0%
[monitor] ['59%', '100%', '63%', '100%']  memcached=122.2%
[monitor] ['62%', '98%', '62%', '98%']  memcached=125.0%
[monitor] ['57%', '98%', '64%', '100%']  memcached=120.3%
[monitor] ['61%', '98%', '62%', '100%']  memcached=122.4%
[monitor] ['64%', '97%', '62%', '98%']  memcached=125.4%
[monitor] ['59%', '98%', '64%', '100%']  memcached=123.0%
[monitor] ['59%', '100%', '62%', '97%']  memcached=121.1%
[monitor] ['50%', '98%', '52%', '100%']  memcached=101.6%
[monitor] ['45%', '98%', '47%', '97%']  memcached=92.0%
[monitor] ['36%', '100%', '41%', '98%']  memcached=77.1%
[MEMCACHED] cores updated to: ['0']
[streamcluster] cores updated to: [2, 1, 3]
[monitor] ['87%', '98%', '88%', '100%']  memcached=87.2%
[MEMCACHED] cores updated to: ['0', '3']
[streamcluster] cores updated to: [2, 1]
[monitor] ['48%', '92%', '95%', '50%']  memcached=98.4%
[monitor] ['45%', '98%', '97%', '53%']  memcached=98.5%
[monitor] ['43%', '95%', '95%', '43%']  memcached=86.7%
[monitor] ['42%', '98%', '95%', '52%']  memcached=93.5%
[monitor] ['42%', '100%', '54%', '41%']  memcached=83.3%
[monitor] ['47%', '95%', '70%', '47%']  memcached=93.5%
[monitor] ['52%', '98%', '95%', '50%']  memcached=101.5%
[monitor] ['44%', '95%', '98%', '40%']  memcached=83.8%
[monitor] ['58%', '95%', '95%', '65%']  memcached=122.8%
[monitor] ['75%', '95%', '98%', '74%']  memcached=149.3%
[monitor] ['73%', '95%', '97%', '84%']  memcached=156.9%
[monitor] ['81%', '95%', '97%', '81%']  memcached=161.6%
[monitor] ['77%', '87%', '97%', '82%']  memcached=159.2%
[monitor] ['73%', '90%', '95%', '78%']  memcached=151.4%
[monitor] ['70%', '95%', '97%', '78%']  memcached=147.5%
[monitor] ['71%', '98%', '98%', '76%']  memcached=146.9%
[monitor] ['69%', '92%', '95%', '77%']  memcached=146.6%
[monitor] ['70%', '92%', '97%', '79%']  memcached=148.6%
[monitor] ['78%', '92%', '98%', '79%']  memcached=157.3%
[monitor] ['74%', '95%', '97%', '82%']  memcached=156.3%
[monitor] ['77%', '92%', '100%', '81%']  memcached=157.7%
[monitor] ['74%', '95%', '97%', '83%']  memcached=156.9%
[monitor] ['76%', '89%', '97%', '81%']  memcached=157.6%
[monitor] ['75%', '95%', '98%', '81%']  memcached=155.6%
[monitor] ['74%', '92%', '95%', '75%']  memcached=148.5%
[monitor] ['68%', '92%', '100%', '76%']  memcached=143.3%
[monitor] ['71%', '92%', '95%', '75%']  memcached=146.4%
[monitor] ['68%', '89%', '98%', '76%']  memcached=144.1%
[monitor] ['73%', '92%', '95%', '81%']  memcached=154.1%
[monitor] ['74%', '95%', '97%', '81%']  memcached=155.4%
[monitor] ['71%', '95%', '98%', '73%']  memcached=144.4%
[monitor] ['69%', '95%', '98%', '76%']  memcached=145.8%
[monitor] ['72%', '92%', '97%', '76%']  memcached=147.9%
[monitor] ['36%', '95%', '97%', '34%']  memcached=70.5%
[MEMCACHED] cores updated to: ['0']
[streamcluster] cores updated to: [2, 1, 3]
[monitor] ['12%', '100%', '82%', '100%']  memcached=11.5%
[monitor] ['12%', '98%', '85%', '98%']  memcached=11.5%
[monitor] ['19%', '100%', '82%', '100%']  memcached=18.5%
[monitor] ['15%', '100%', '83%', '100%']  memcached=14.8%
[monitor] ['12%', '100%', '84%', '100%']  memcached=11.5%
[monitor] ['12%', '100%', '80%', '100%']  memcached=11.5%
[monitor] ['12%', '100%', '80%', '98%']  memcached=11.5%
[monitor] ['12%', '98%', '82%', '100%']  memcached=11.5%
[monitor] ['15%', '100%', '82%', '100%']  memcached=14.8%
[monitor] ['15%', '100%', '82%', '100%']  memcached=15.4%
[monitor] ['11%', '100%', '82%', '98%']  memcached=11.1%
[monitor] ['12%', '100%', '85%', '100%']  memcached=12.5%
[monitor] ['23%', '100%', '82%', '100%']  memcached=23.1%
[monitor] ['26%', '100%', '85%', '98%']  memcached=25.9%
[monitor] ['24%', '98%', '85%', '100%']  memcached=24.0%
[monitor] ['20%', '100%', '82%', '100%']  memcached=20.0%
[monitor] ['20%', '100%', '82%', '100%']  memcached=20.0%
[monitor] ['23%', '100%', '84%', '100%']  memcached=23.1%
[monitor] ['27%', '98%', '82%', '100%']  memcached=26.9%
[monitor] ['30%', '100%', '82%', '100%']  memcached=29.6%
[monitor] ['17%', '100%', '82%', '100%']  memcached=16.7%
[monitor] ['20%', '100%', '82%', '100%']  memcached=20.0%
[monitor] ['23%', '98%', '85%', '100%']  memcached=23.1%
[monitor] ['21%', '100%', '82%', '97%']  memcached=20.8%
[monitor] ['100%', '98%', '90%', '100%']  memcached=100.0%
[MEMCACHED] cores updated to: ['0', '1', '2']
[streamcluster] cores updated to: [3]
[monitor] ['76%', '77%', '82%', '100%']  memcached=235.0%
[monitor] ['59%', '59%', '64%', '100%']  memcached=181.5%
[monitor] ['58%', '65%', '69%', '100%']  memcached=191.7%
[monitor] ['53%', '58%', '62%', '100%']  memcached=172.9%
[monitor] ['55%', '60%', '63%', '100%']  memcached=177.4%
[monitor] ['55%', '56%', '62%', '100%']  memcached=172.6%
[monitor] ['58%', '62%', '67%', '100%']  memcached=186.0%
[monitor] ['60%', '62%', '66%', '100%']  memcached=187.6%
[monitor] ['59%', '62%', '68%', '100%']  memcached=189.6%
[monitor] ['59%', '65%', '65%', '100%']  memcached=188.2%
[monitor] ['56%', '63%', '62%', '100%']  memcached=180.9%
[monitor] ['23%', '18%', '16%', '100%']  memcached=56.7%
[MEMCACHED] cores updated to: ['0']
[streamcluster] cores updated to: [2, 1, 3]
[monitor] ['31%', '100%', '82%', '100%']  memcached=30.8%
[monitor] ['31%', '98%', '82%', '100%']  memcached=30.8%
[monitor] ['27%', '100%', '82%', '100%']  memcached=26.9%
[monitor] ['31%', '98%', '80%', '100%']  memcached=30.8%
[monitor] ['27%', '100%', '84%', '100%']  memcached=26.9%
[monitor] ['31%', '98%', '84%', '100%']  memcached=30.8%
[monitor] ['31%', '100%', '82%', '100%']  memcached=30.8%
[monitor] ['36%', '98%', '84%', '100%']  memcached=35.7%
[monitor] ['28%', '100%', '82%', '100%']  memcached=28.0%
[monitor] ['27%', '98%', '85%', '98%']  memcached=26.9%
[monitor] ['30%', '100%', '82%', '100%']  memcached=29.6%
[monitor] ['20%', '98%', '85%', '100%']  memcached=20.0%
[monitor] ['33%', '100%', '82%', '100%']  memcached=33.3%
[monitor] ['32%', '98%', '82%', '100%']  memcached=32.1%
[monitor] ['23%', '100%', '85%', '100%']  memcached=23.1%
[monitor] ['24%', '98%', '82%', '100%']  memcached=24.0%
[monitor] ['17%', '100%', '85%', '100%']  memcached=16.7%
[monitor] ['24%', '98%', '82%', '100%']  memcached=24.0%
[monitor] ['24%', '100%', '82%', '100%']  memcached=24.0%
[monitor] ['20%', '98%', '82%', '100%']  memcached=20.0%
[monitor] ['27%', '100%', '82%', '100%']  memcached=26.9%
[monitor] ['24%', '100%', '82%', '100%']  memcached=24.0%
[monitor] ['21%', '98%', '82%', '100%']  memcached=20.8%
[monitor] ['27%', '100%', '82%', '100%']  memcached=26.9%
[monitor] ['38%', '97%', '82%', '100%']  memcached=38.5%
[monitor] ['35%', '100%', '84%', '100%']  memcached=34.6%
[monitor] ['35%', '98%', '85%', '98%']  memcached=34.6%
[monitor] ['41%', '100%', '85%', '100%']  memcached=40.7%
[monitor] ['37%', '100%', '85%', '100%']  memcached=37.0%
[monitor] ['39%', '98%', '85%', '100%']  memcached=39.3%
[monitor] ['37%', '100%', '82%', '100%']  memcached=37.0%
[monitor] ['43%', '98%', '82%', '100%']  memcached=42.9%
[monitor] ['29%', '100%', '85%', '100%']  memcached=29.2%
[monitor] ['32%', '100%', '85%', '100%']  memcached=32.0%
[monitor] ['35%', '98%', '85%', '100%']  memcached=34.6%
[monitor] ['41%', '98%', '82%', '100%']  memcached=40.7%
[monitor] ['89%', '98%', '87%', '100%']  memcached=89.5%
[MEMCACHED] cores updated to: ['0', '3']
[streamcluster] cores updated to: [2, 1]
[monitor] ['100%', '79%', '95%', '100%']  memcached=200.0%
[MEMCACHED] cores updated to: ['0', '2', '3']
[streamcluster] cores updated to: [1]
[monitor] ['98%', '100%', '100%', '97%']  memcached=294.9%
[monitor] ['89%', '100%', '100%', '92%']  memcached=282.0%
[monitor] ['76%', '100%', '85%', '87%']  memcached=247.1%
[monitor] ['74%', '100%', '82%', '79%']  memcached=234.7%
[monitor] ['71%', '100%', '82%', '82%']  memcached=234.6%
[monitor] ['78%', '100%', '87%', '85%']  memcached=249.6%
[monitor] ['78%', '100%', '85%', '84%']  memcached=247.0%
[monitor] ['75%', '100%', '82%', '81%']  memcached=238.1%
[monitor] ['74%', '100%', '87%', '88%']  memcached=248.6%
[monitor] ['74%', '100%', '82%', '81%']  memcached=237.4%
[monitor] ['53%', '100%', '60%', '62%']  memcached=174.7%
[monitor] ['42%', '100%', '48%', '52%']  memcached=141.9%
[MEMCACHED] cores updated to: ['0', '3']
[streamcluster] cores updated to: [2, 1]
[monitor] ['71%', '95%', '100%', '76%']  memcached=147.1%
[monitor] ['71%', '92%', '95%', '74%']  memcached=145.7%
[monitor] ['68%', '90%', '100%', '74%']  memcached=141.9%
[monitor] ['69%', '98%', '92%', '76%']  memcached=144.9%
[monitor] ['71%', '95%', '97%', '75%']  memcached=145.6%
[monitor] ['69%', '92%', '98%', '78%']  memcached=146.3%
[monitor] ['69%', '93%', '95%', '76%']  memcached=144.2%
[monitor] ['71%', '95%', '95%', '74%']  memcached=144.1%
[monitor] ['74%', '90%', '98%', '79%']  memcached=153.2%
[monitor] ['68%', '90%', '98%', '81%']  memcached=148.7%
[monitor] ['65%', '98%', '98%', '72%']  memcached=136.9%
[monitor] ['58%', '95%', '98%', '64%']  memcached=121.2%
[monitor] ['61%', '95%', '95%', '66%']  memcached=126.3%
[monitor] ['59%', '95%', '98%', '68%']  memcached=127.0%
[monitor] ['64%', '95%', '95%', '63%']  memcached=126.5%
[monitor] ['59%', '95%', '95%', '61%']  memcached=119.4%
[monitor] ['61%', '95%', '95%', '69%']  memcached=129.2%
[monitor] ['59%', '98%', '97%', '62%']  memcached=120.6%
[monitor] ['56%', '90%', '98%', '65%']  memcached=121.0%
[monitor] ['58%', '95%', '95%', '62%']  memcached=119.3%
[monitor] ['61%', '87%', '95%', '61%']  memcached=121.7%
[monitor] ['62%', '98%', '95%', '64%']  memcached=126.1%
[monitor] ['58%', '95%', '100%', '58%']  memcached=115.2%
[monitor] ['43%', '97%', '98%', '50%']  memcached=92.9%
[monitor] ['48%', '98%', '95%', '52%']  memcached=99.9%
[monitor] ['47%', '95%', '95%', '43%']  memcached=89.5%
[monitor] ['50%', '95%', '97%', '47%']  memcached=96.9%
[monitor] ['47%', '95%', '98%', '44%']  memcached=90.6%
[monitor] ['41%', '97%', '97%', '53%']  memcached=94.7%
[monitor] ['47%', '95%', '95%', '47%']  memcached=93.8%
[monitor] ['53%', '95%', '93%', '47%']  memcached=99.8%
[monitor] ['50%', '95%', '97%', '45%']  memcached=95.2%
[monitor] ['40%', '97%', '97%', '45%']  memcached=85.2%
[monitor] ['45%', '93%', '95%', '47%']  memcached=92.0%
[monitor] ['47%', '97%', '98%', '50%']  memcached=96.7%
[monitor] ['30%', '92%', '95%', '20%']  memcached=50.3%
[MEMCACHED] cores updated to: ['0']
[streamcluster] cores updated to: [2, 1, 3]
[monitor] ['15%', '98%', '79%', '100%']  memcached=15.4%
[monitor] ['15%', '100%', '80%', '98%']  memcached=14.8%
[monitor] ['4%', '35%', '95%', '32%']  memcached=4.0%
[monitor] ['12%', '98%', '74%', '90%']  memcached=11.5%
[monitor] ['8%', '100%', '80%', '97%']  memcached=8.0%
[monitor] ['11%', '100%', '80%', '100%']  memcached=11.1%
[monitor] ['12%', '98%', '82%', '100%']  memcached=12.0%
[monitor] ['11%', '98%', '82%', '100%']  memcached=11.1%
[monitor] ['12%', '100%', '82%', '100%']  memcached=11.5%
[monitor] ['8%', '98%', '82%', '100%']  memcached=8.0%
[monitor] ['8%', '98%', '80%', '100%']  memcached=7.7%
[monitor] ['4%', '100%', '79%', '100%']  memcached=3.7%
[monitor] ['6%', '98%', '77%', '100%']  memcached=6.5%
[monitor] ['6%', '100%', '80%', '100%']  memcached=6.5%
[monitor] ['6%', '98%', '78%', '100%']  memcached=6.2%
[monitor] ['6%', '100%', '80%', '100%']  memcached=6.2%
[monitor] ['0%', '98%', '78%', '98%']  memcached=0.0%
[monitor] ['3%', '100%', '80%', '100%']  memcached=3.2%
[monitor] ['9%', '98%', '80%', '100%']  memcached=9.1%
[monitor] ['16%', '100%', '82%', '100%']  memcached=15.6%
[monitor] ['6%', '98%', '77%', '100%']  memcached=6.2%
[monitor] ['9%', '100%', '79%', '100%']  memcached=9.1%
[monitor] ['0%', '98%', '80%', '100%']  memcached=0.0%
[monitor] ['6%', '100%', '78%', '100%']  memcached=6.2%
[monitor] ['100%', '95%', '90%', '100%']  memcached=100.0%
[MEMCACHED] cores updated to: ['0', '1', '3']
[streamcluster] cores updated to: [2]
[monitor] ['92%', '92%', '100%', '92%']  memcached=276.3%
[monitor] ['71%', '68%', '100%', '70%']  memcached=209.3%
[monitor] ['73%', '70%', '100%', '74%']  memcached=216.9%
[monitor] ['76%', '71%', '100%', '75%']  memcached=222.1%
[monitor] ['70%', '66%', '100%', '70%']  memcached=206.3%
[monitor] ['69%', '70%', '100%', '71%']  memcached=211.1%
[monitor] ['70%', '66%', '100%', '71%']  memcached=207.0%
[monitor] ['73%', '71%', '100%', '76%']  memcached=220.5%
[monitor] ['76%', '72%', '100%', '74%']  memcached=222.3%
[monitor] ['71%', '69%', '100%', '74%']  memcached=213.7%
[monitor] ['72%', '69%', '100%', '76%']  memcached=217.3%
[monitor] ['27%', '21%', '100%', '18%']  memcached=66.4%
[MEMCACHED] cores updated to: ['0']
[streamcluster] cores updated to: [2, 1, 3]
[monitor] ['17%', '98%', '79%', '98%']  memcached=16.7%
[monitor] ['20%', '100%', '82%', '100%']  memcached=20.0%
[monitor] ['26%', '100%', '82%', '100%']  memcached=25.9%
[monitor] ['23%', '100%', '82%', '100%']  memcached=23.1%
[monitor] ['23%', '98%', '85%', '100%']  memcached=23.1%
[monitor] ['20%', '100%', '82%', '100%']  memcached=20.0%
[monitor] ['27%', '100%', '82%', '98%']  memcached=26.9%
[monitor] ['20%', '100%', '82%', '100%']  memcached=20.0%
[monitor] ['20%', '98%', '82%', '100%']  memcached=20.0%
[monitor] ['23%', '100%', '85%', '100%']  memcached=23.1%
[monitor] ['20%', '100%', '82%', '98%']  memcached=20.0%
[monitor] ['70%', '97%', '85%', '100%']  memcached=69.7%
[monitor] ['100%', '95%', '92%', '100%']  memcached=100.0%
[MEMCACHED] cores updated to: ['0', '1', '2']
[streamcluster] cores updated to: [3]
[monitor] ['53%', '58%', '64%', '100%']  memcached=174.6%
[monitor] ['48%', '50%', '56%', '100%']  memcached=154.3%
[MEMCACHED] cores updated to: ['0', '2']
[streamcluster] cores updated to: [1, 3]
[monitor] ['67%', '100%', '81%', '98%']  memcached=147.7%
[monitor] ['64%', '98%', '78%', '100%']  memcached=141.4%
[monitor] ['68%', '98%', '79%', '100%']  memcached=147.1%
[monitor] ['64%', '97%', '82%', '100%']  memcached=145.7%
[monitor] ['64%', '98%', '78%', '98%']  memcached=142.0%
[monitor] ['68%', '97%', '81%', '100%']  memcached=148.7%
[monitor] ['66%', '100%', '79%', '100%']  memcached=145.2%
[monitor] ['69%', '98%', '81%', '100%']  memcached=150.5%
[monitor] ['75%', '98%', '83%', '98%']  memcached=158.3%
[monitor] ['89%', '98%', '95%', '100%']  memcached=184.2%
[MEMCACHED] cores updated to: ['0', '2', '3']
[streamcluster] cores updated to: [1]
[monitor] ['71%', '100%', '82%', '78%']  memcached=230.5%
[monitor] ['69%', '100%', '78%', '76%']  memcached=223.2%
[monitor] ['64%', '100%', '75%', '76%']  memcached=214.3%
[monitor] ['69%', '100%', '79%', '78%']  memcached=226.4%
[monitor] ['69%', '100%', '79%', '78%']  memcached=226.8%
[monitor] ['65%', '100%', '74%', '73%']  memcached=212.0%
[monitor] ['71%', '100%', '77%', '78%']  memcached=225.3%
[monitor] ['68%', '100%', '79%', '78%']  memcached=225.5%
[monitor] ['68%', '100%', '74%', '75%']  memcached=216.3%
[monitor] ['67%', '100%', '78%', '78%']  memcached=222.2%
[monitor] ['50%', '100%', '56%', '57%']  memcached=162.7%
[monitor] ['18%', '100%', '9%', '3%']  memcached=30.4%
[MEMCACHED] cores updated to: ['0']
[streamcluster] cores updated to: [2, 1, 3]
[monitor] ['18%', '100%', '85%', '100%']  memcached=17.9%
[monitor] ['8%', '98%', '82%', '100%']  memcached=8.0%
[monitor] ['15%', '100%', '80%', '100%']  memcached=15.4%
[monitor] ['15%', '100%', '82%', '98%']  memcached=14.8%
[monitor] ['21%', '100%', '82%', '100%']  memcached=21.4%
[monitor] ['12%', '100%', '82%', '100%']  memcached=12.0%
[monitor] ['8%', '100%', '85%', '98%']  memcached=8.0%
[monitor] ['12%', '100%', '82%', '100%']  memcached=11.5%
[monitor] ['19%', '98%', '82%', '100%']  memcached=18.5%
[monitor] ['15%', '100%', '85%', '100%']  memcached=14.8%
[monitor] ['12%', '100%', '79%', '98%']  memcached=11.5%
[monitor] ['78%', '98%', '85%', '100%']  memcached=77.8%
[monitor] ['74%', '100%', '88%', '100%']  memcached=74.3%
[monitor] ['76%', '98%', '85%', '100%']  memcached=75.8%
[monitor] ['75%', '98%', '87%', '100%']  memcached=75.0%
[monitor] ['74%', '98%', '84%', '100%']  memcached=74.3%
[monitor] ['78%', '98%', '85%', '100%']  memcached=77.8%
[monitor] ['72%', '100%', '90%', '100%']  memcached=72.2%
[monitor] ['77%', '98%', '85%', '100%']  memcached=77.1%
[monitor] ['75%', '98%', '82%', '100%']  memcached=75.0%
[monitor] ['78%', '98%', '85%', '100%']  memcached=77.8%
[monitor] ['75%', '100%', '85%', '100%']  memcached=75.0%
[monitor] ['74%', '98%', '85%', '100%']  memcached=74.3%
[monitor] ['92%', '98%', '88%', '100%']  memcached=92.3%
[MEMCACHED] cores updated to: ['0', '2']
[streamcluster] cores updated to: [1, 3]
[monitor] ['81%', '98%', '90%', '100%']  memcached=170.8%
[MEMCACHED] cores updated to: ['0', '1', '2']
[streamcluster] cores updated to: [3]
[monitor] ['50%', '53%', '53%', '100%']  memcached=156.2%
[MEMCACHED] cores updated to: ['0', '2']
[streamcluster] cores updated to: [1, 3]
[monitor] ['72%', '98%', '78%', '100%']  memcached=150.0%
[monitor] ['69%', '98%', '76%', '100%']  memcached=145.8%
[monitor] ['68%', '98%', '82%', '100%']  memcached=149.3%
[monitor] ['73%', '98%', '77%', '100%']  memcached=150.1%
[monitor] ['71%', '98%', '79%', '100%']  memcached=150.9%
[monitor] ['69%', '97%', '79%', '100%']  memcached=147.5%
[monitor] ['69%', '100%', '79%', '100%']  memcached=148.9%
[monitor] ['73%', '95%', '79%', '100%']  memcached=151.7%
[monitor] ['71%', '100%', '78%', '98%']  memcached=148.4%
[monitor] ['77%', '98%', '85%', '100%']  memcached=162.1%
[monitor] ['77%', '95%', '87%', '100%']  memcached=164.3%
[monitor] ['78%', '97%', '90%', '100%']  memcached=167.8%
[monitor] ['77%', '100%', '85%', '100%']  memcached=162.1%
[monitor] ['75%', '98%', '85%', '100%']  memcached=159.6%
[monitor] ['75%', '97%', '84%', '100%']  memcached=159.2%
[monitor] ['76%', '98%', '85%', '100%']  memcached=161.1%
[monitor] ['75%', '98%', '83%', '98%']  memcached=157.9%
[monitor] ['78%', '98%', '86%', '100%']  memcached=164.3%
[monitor] ['77%', '97%', '85%', '100%']  memcached=162.5%
[monitor] ['78%', '98%', '88%', '100%']  memcached=165.3%
[monitor] ['75%', '95%', '84%', '100%']  memcached=159.2%
[monitor] ['65%', '97%', '72%', '100%']  memcached=136.9%
[monitor] ['39%', '100%', '43%', '97%']  memcached=82.6%
[monitor] ['45%', '98%', '40%', '98%']  memcached=85.2%
[monitor] ['36%', '97%', '38%', '100%']  memcached=73.6%
[MEMCACHED] cores updated to: ['0']
[streamcluster] cores updated to: [2, 1, 3]
[monitor] ['86%', '98%', '87%', '98%']  memcached=86.5%
[MEMCACHED] cores updated to: ['0', '3']
[streamcluster] cores updated to: [2, 1]
[monitor] ['43%', '97%', '97%', '43%']  memcached=86.7%
[monitor] ['41%', '93%', '95%', '47%']  memcached=88.0%
[monitor] ['40%', '95%', '95%', '45%']  memcached=85.2%
[monitor] ['38%', '95%', '95%', '43%']  memcached=81.3%
[monitor] ['47%', '98%', '98%', '50%']  memcached=96.9%
[monitor] ['43%', '92%', '95%', '52%']  memcached=94.8%
[monitor] ['41%', '95%', '95%', '48%']  memcached=89.9%
[monitor] ['47%', '95%', '97%', '61%']  memcached=107.3%
[monitor] ['87%', '92%', '92%', '90%']  memcached=176.6%
[MEMCACHED] cores updated to: ['0', '2', '3']
[streamcluster] cores updated to: [1]
[monitor] ['64%', '100%', '77%', '75%']  memcached=215.6%
[monitor] ['65%', '100%', '70%', '68%']  memcached=202.6%
[monitor] ['62%', '100%', '69%', '74%']  memcached=204.9%
[monitor] ['69%', '100%', '77%', '77%']  memcached=223.5%
[monitor] ['70%', '100%', '76%', '79%']  memcached=226.1%
[monitor] ['69%', '100%', '73%', '78%']  memcached=220.8%
[monitor] ['72%', '100%', '76%', '78%']  memcached=226.2%
[monitor] ['67%', '100%', '75%', '76%']  memcached=217.3%
[monitor] ['68%', '100%', '74%', '78%']  memcached=219.7%
[monitor] ['65%', '100%', '71%', '75%']  memcached=210.8%
[monitor] ['69%', '100%', '78%', '76%']  memcached=222.6%
[monitor] ['33%', '100%', '39%', '42%']  memcached=114.5%
[MEMCACHED] cores updated to: ['0', '3']
[streamcluster] cores updated to: [2, 1]
[monitor] ['52%', '97%', '95%', '59%']  memcached=110.4%
[monitor] ['55%', '93%', '98%', '63%']  memcached=117.4%
[monitor] ['56%', '100%', '95%', '62%']  memcached=118.0%
[monitor] ['52%', '90%', '98%', '62%']  memcached=113.4%
[monitor] ['55%', '92%', '98%', '58%']  memcached=112.6%
[monitor] ['55%', '95%', '95%', '58%']  memcached=112.1%
[monitor] ['50%', '82%', '97%', '55%']  memcached=104.5%
[monitor] ['47%', '92%', '92%', '48%']  memcached=95.3%
[monitor] ['59%', '74%', '82%', '61%']  memcached=120.0%
[streamcluster] ended.
[vips] started on cores: [1, 2] with 3 threads.
[monitor] ['58%', '58%', '64%', '58%']  memcached=115.2%
[monitor] ['58%', '76%', '47%', '64%']  memcached=121.7%
[monitor] ['78%', '100%', '17%', '82%']  memcached=159.4%
[monitor] ['78%', '100%', '9%', '82%']  memcached=159.4%
[monitor] ['78%', '100%', '9%', '82%']  memcached=159.4%
[monitor] ['81%', '100%', '10%', '84%']  memcached=165.3%
[monitor] ['76%', '100%', '9%', '84%']  memcached=159.5%
[monitor] ['76%', '100%', '22%', '82%']  memcached=157.3%
[monitor] ['78%', '92%', '95%', '86%']  memcached=164.3%
[monitor] ['81%', '100%', '100%', '88%']  memcached=168.1%
[monitor] ['74%', '100%', '100%', '81%']  memcached=154.1%
[monitor] ['76%', '100%', '100%', '87%']  memcached=163.3%
[monitor] ['78%', '100%', '100%', '84%']  memcached=162.2%
[monitor] ['74%', '100%', '100%', '83%']  memcached=156.9%
[monitor] ['76%', '100%', '100%', '92%']  memcached=167.6%
[monitor] ['69%', '100%', '100%', '71%']  memcached=140.9%
[monitor] ['73%', '100%', '100%', '79%']  memcached=152.5%
[monitor] ['72%', '100%', '100%', '82%']  memcached=153.8%
[monitor] ['72%', '100%', '100%', '78%']  memcached=150.0%
[monitor] ['61%', '100%', '100%', '76%']  memcached=137.6%
[monitor] ['68%', '100%', '100%', '67%']  memcached=134.3%
[monitor] ['69%', '100%', '100%', '73%']  memcached=141.7%
[monitor] ['69%', '100%', '100%', '71%']  memcached=139.2%
[monitor] ['71%', '100%', '100%', '69%']  memcached=140.0%
[monitor] ['67%', '100%', '100%', '71%']  memcached=138.1%
[monitor] ['68%', '100%', '100%', '72%']  memcached=139.9%
[monitor] ['68%', '100%', '100%', '68%']  memcached=135.3%
[monitor] ['65%', '100%', '100%', '75%']  memcached=139.7%
[monitor] ['91%', '100%', '100%', '92%']  memcached=183.7%
[MEMCACHED] cores updated to: ['0', '1', '3']
[vips] cores updated to: [2]
[monitor] ['52%', '78%', '100%', '76%']  memcached=205.8%
[monitor] ['48%', '100%', '100%', '55%']  memcached=202.9%
[monitor] ['48%', '100%', '100%', '57%']  memcached=205.5%
[monitor] ['50%', '100%', '100%', '55%']  memcached=204.5%
[monitor] ['54%', '100%', '100%', '55%']  memcached=208.8%
[monitor] ['94%', '56%', '100%', '55%']  memcached=204.2%
[monitor] ['100%', '52%', '100%', '53%']  memcached=204.7%
[monitor] ['100%', '53%', '100%', '79%']  memcached=231.9%
[monitor] ['94%', '79%', '100%', '83%']  memcached=256.6%
[monitor] ['78%', '100%', '100%', '83%']  memcached=260.7%
[monitor] ['79%', '89%', '100%', '92%']  memcached=259.9%
[monitor] ['86%', '81%', '100%', '95%']  memcached=261.9%
[monitor] ['97%', '89%', '100%', '88%']  memcached=273.8%
[monitor] ['76%', '100%', '100%', '83%']  memcached=259.6%
[monitor] ['82%', '100%', '100%', '84%']  memcached=266.3%
[monitor] ['76%', '82%', '100%', '100%']  memcached=258.0%
[monitor] ['74%', '95%', '100%', '88%']  memcached=256.4%
[monitor] ['81%', '100%', '100%', '87%']  memcached=267.9%
[monitor] ['79%', '89%', '100%', '92%']  memcached=260.4%
[monitor] ['78%', '100%', '100%', '84%']  memcached=262.2%
[monitor] ['71%', '94%', '100%', '82%']  memcached=247.8%
[monitor] ['62%', '86%', '100%', '79%']  memcached=226.3%
[monitor] ['64%', '100%', '100%', '66%']  memcached=229.6%
[monitor] ['61%', '100%', '100%', '63%']  memcached=223.5%
[monitor] ['64%', '100%', '100%', '66%']  memcached=229.6%
[monitor] ['64%', '97%', '100%', '70%']  memcached=231.1%
[monitor] ['61%', '65%', '100%', '100%']  memcached=225.8%
[monitor] ['65%', '64%', '100%', '68%']  memcached=196.2%
[monitor] ['67%', '68%', '100%', '69%']  memcached=202.9%
[monitor] ['58%', '64%', '100%', '64%']  memcached=185.4%
[monitor] ['65%', '65%', '100%', '67%']  memcached=196.1%
[monitor] ['66%', '65%', '100%', '68%']  memcached=198.8%
[monitor] ['65%', '68%', '100%', '66%']  memcached=198.0%
[monitor] ['22%', '11%', '100%', '6%']  memcached=40.0%
[MEMCACHED] cores updated to: ['0']
[vips] cores updated to: [1, 2, 3]
[monitor] ['7%', '100%', '100%', '100%']  memcached=7.4%
[monitor] ['7%', '100%', '100%', '100%']  memcached=7.4%
[monitor] ['4%', '100%', '100%', '100%']  memcached=3.8%
[monitor] ['4%', '100%', '100%', '100%']  memcached=3.7%
[monitor] ['11%', '100%', '100%', '100%']  memcached=10.7%
[monitor] ['0%', '100%', '100%', '100%']  memcached=0.0%
[monitor] ['11%', '100%', '100%', '100%']  memcached=10.7%
[monitor] ['4%', '100%', '100%', '100%']  memcached=3.8%
[monitor] ['7%', '100%', '100%', '100%']  memcached=7.1%
[monitor] ['11%', '100%', '100%', '100%']  memcached=11.1%
[monitor] ['4%', '100%', '100%', '100%']  memcached=3.7%
[monitor] ['75%', '100%', '100%', '100%']  memcached=75.0%
[monitor] ['100%', '100%', '100%', '100%']  memcached=100.0%
[MEMCACHED] cores updated to: ['0', '2', '3']
[vips] cores updated to: [1]
[monitor] ['94%', '100%', '100%', '62%']  memcached=256.9%
[monitor] ['64%', '100%', '71%', '60%']  memcached=194.2%
[monitor] ['57%', '100%', '68%', '63%']  memcached=187.6%
[monitor] ['62%', '100%', '70%', '65%']  memcached=196.7%
[monitor] ['58%', '100%', '68%', '66%']  memcached=190.9%
[monitor] ['60%', '100%', '69%', '66%']  memcached=195.2%
[monitor] ['61%', '100%', '69%', '68%']  memcached=197.6%
[monitor] ['59%', '100%', '66%', '64%']  memcached=189.0%
[monitor] ['56%', '100%', '62%', '59%']  memcached=177.0%
[monitor] ['60%', '100%', '66%', '62%']  memcached=188.0%
[monitor] ['55%', '100%', '63%', '59%']  memcached=176.8%
[monitor] ['48%', '100%', '55%', '54%']  memcached=157.3%
[MEMCACHED] cores updated to: ['0', '3']
[vips] cores updated to: [1, 2]
[monitor] ['67%', '100%', '100%', '79%']  memcached=145.6%
[monitor] ['68%', '100%', '100%', '74%']  memcached=141.9%
[monitor] ['62%', '100%', '100%', '74%']  memcached=136.8%
[monitor] ['69%', '100%', '100%', '82%']  memcached=150.2%
[monitor] ['74%', '100%', '100%', '79%']  memcached=153.2%
[monitor] ['68%', '100%', '100%', '75%']  memcached=142.6%
[monitor] ['67%', '100%', '100%', '77%']  memcached=143.6%
[monitor] ['68%', '100%', '100%', '73%']  memcached=140.6%
[monitor] ['65%', '100%', '100%', '72%']  memcached=136.9%
[monitor] ['71%', '100%', '100%', '69%']  memcached=140.0%
[monitor] ['62%', '100%', '100%', '70%']  memcached=132.0%
[monitor] ['45%', '100%', '100%', '45%']  memcached=90.3%
[monitor] ['40%', '100%', '100%', '40%']  memcached=80.0%
[monitor] ['38%', '100%', '100%', '40%']  memcached=77.9%
[MEMCACHED] cores updated to: ['0']
[vips] cores updated to: [3, 1, 2]
[monitor] ['84%', '100%', '100%', '100%']  memcached=83.8%
[monitor] ['87%', '100%', '100%', '100%']  memcached=87.2%
[MEMCACHED] cores updated to: ['0', '3']
[vips] cores updated to: [1, 2]
[monitor] ['38%', '100%', '100%', '42%']  memcached=79.9%
[MEMCACHED] cores updated to: ['0']
[vips] cores updated to: [3, 1, 2]
[monitor] ['83%', '100%', '100%', '100%']  memcached=82.9%
[monitor] ['85%', '100%', '100%', '100%']  memcached=84.6%
[monitor] ['81%', '100%', '100%', '100%']  memcached=81.1%
[monitor] ['82%', '100%', '100%', '100%']  memcached=82.5%
[monitor] ['100%', '100%', '100%', '100%']  memcached=100.0%
[MEMCACHED] cores updated to: ['0', '1', '2']
[vips] cores updated to: [3]
[monitor] ['94%', '58%', '45%', '100%']  memcached=197.0%
[monitor] ['42%', '81%', '65%', '100%']  memcached=187.1%
[monitor] ['50%', '42%', '100%', '100%']  memcached=191.9%
[monitor] ['79%', '41%', '69%', '100%']  memcached=188.0%
[monitor] ['75%', '45%', '47%', '100%']  memcached=167.3%
[monitor] ['41%', '38%', '44%', '100%']  memcached=122.4%
[MEMCACHED] cores updated to: ['0', '2']
[vips] cores updated to: [3, 1]
[monitor] ['62%', '100%', '62%', '100%']  memcached=123.5%
[monitor] ['59%', '100%', '58%', '100%']  memcached=117.0%
[monitor] ['59%', '100%', '62%', '100%']  memcached=120.6%
[monitor] ['65%', '100%', '62%', '100%']  memcached=126.6%
[monitor] ['59%', '100%', '59%', '100%']  memcached=118.2%
[monitor] ['72%', '100%', '70%', '100%']  memcached=141.9%
[monitor] ['78%', '100%', '81%', '100%']  memcached=158.9%
[monitor] ['80%', '100%', '79%', '100%']  memcached=159.5%
[monitor] ['84%', '100%', '78%', '100%']  memcached=162.2%
[monitor] ['81%', '100%', '81%', '100%']  memcached=161.6%
[monitor] ['81%', '100%', '82%', '100%']  memcached=162.7%
[monitor] ['78%', '100%', '82%', '100%']  memcached=160.0%
[monitor] ['78%', '100%', '78%', '100%']  memcached=156.2%
[monitor] ['83%', '100%', '84%', '100%']  memcached=167.1%
[monitor] ['81%', '100%', '81%', '100%']  memcached=162.2%
[monitor] ['82%', '100%', '81%', '100%']  memcached=162.7%
[monitor] ['81%', '100%', '79%', '100%']  memcached=160.6%
[monitor] ['72%', '100%', '72%', '100%']  memcached=144.4%
[monitor] ['28%', '100%', '12%', '100%']  memcached=40.3%
[MEMCACHED] cores updated to: ['0']
[vips] cores updated to: [3, 1, 2]
[monitor] ['7%', '100%', '100%', '100%']  memcached=7.4%
[monitor] ['4%', '100%', '100%', '100%']  memcached=3.8%
[monitor] ['17%', '100%', '100%', '100%']  memcached=16.7%
[monitor] ['8%', '100%', '100%', '100%']  memcached=7.7%
[monitor] ['11%', '100%', '100%', '100%']  memcached=10.7%
[monitor] ['7%', '100%', '100%', '100%']  memcached=7.1%
[monitor] ['14%', '100%', '100%', '100%']  memcached=14.3%
[monitor] ['4%', '100%', '100%', '100%']  memcached=3.7%
[monitor] ['11%', '100%', '100%', '100%']  memcached=10.7%
[monitor] ['14%', '100%', '100%', '100%']  memcached=13.8%
[monitor] ['7%', '100%', '100%', '100%']  memcached=7.1%
[monitor] ['79%', '100%', '100%', '100%']  memcached=79.5%
[monitor] ['92%', '100%', '100%', '100%']  memcached=92.1%
[MEMCACHED] cores updated to: ['0', '3']
[vips] cores updated to: [1, 2]
[monitor] ['62%', '100%', '100%', '40%']  memcached=102.5%
[monitor] ['62%', '100%', '100%', '33%']  memcached=95.1%
[monitor] ['59%', '100%', '100%', '37%']  memcached=95.5%
[monitor] ['50%', '100%', '100%', '50%']  memcached=100.0%
[monitor] ['52%', '100%', '100%', '38%']  memcached=89.5%
[monitor] ['48%', '100%', '100%', '48%']  memcached=96.9%
[monitor] ['55%', '100%', '100%', '47%']  memcached=101.4%
[monitor] ['44%', '100%', '100%', '47%']  memcached=90.4%
[monitor] ['45%', '100%', '100%', '45%']  memcached=90.6%
[monitor] ['43%', '100%', '100%', '45%']  memcached=88.5%
[monitor] ['78%', '100%', '100%', '69%']  memcached=146.9%
[monitor] ['95%', '100%', '100%', '92%']  memcached=186.8%
[MEMCACHED] cores updated to: ['0', '1', '3']
[vips] cores updated to: [2]
[monitor] ['78%', '76%', '100%', '76%']  memcached=229.7%
[monitor] ['75%', '74%', '100%', '79%']  memcached=228.3%
[monitor] ['76%', '75%', '100%', '79%']  memcached=229.6%
[monitor] ['72%', '75%', '100%', '78%']  memcached=225.6%
[monitor] ['72%', '75%', '100%', '78%']  memcached=225.6%
[monitor] ['83%', '81%', '92%', '85%']  memcached=249.0%
[vips] ended.
[MEMCACHED] cores updated to: ['0', '1', '2', '3']
