Controller pinned to cores 1,2,3.
Scheduler started.
pulled barnes
pulled radix
pulled blackscholes
pulled canneal
pulled freqmine
pulled streamcluster
pulled vips
[MEMCACHED] cores updated to: ['0', '1', '2']
[radix] starting in background on cores: [3] with 1 threads.
[monitor] ['100%', '100%', '100%', '84%']  memcached=300.0%
[monitor] ['88%', '91%', '97%', '100%']  memcached=276.0%
[monitor] ['67%', '65%', '68%', '100%']  memcached=199.2%
[monitor] ['66%', '64%', '66%', '100%']  memcached=195.7%
[monitor] ['62%', '57%', '64%', '100%']  memcached=183.7%
[monitor] ['55%', '56%', '57%', '100%']  memcached=167.4%
[monitor] ['57%', '55%', '56%', '100%']  memcached=168.0%
[monitor] ['56%', '52%', '58%', '100%']  memcached=166.7%
[monitor] ['62%', '59%', '61%', '100%']  memcached=182.1%
[monitor] ['60%', '57%', '59%', '100%']  memcached=176.5%
[monitor] ['60%', '60%', '60%', '100%']  memcached=179.0%
[monitor] ['60%', '54%', '59%', '100%']  memcached=173.4%
[monitor] ['55%', '54%', '55%', '100%']  memcached=163.4%
[monitor] ['56%', '54%', '56%', '100%']  memcached=165.3%
[monitor] ['60%', '56%', '62%', '100%']  memcached=178.5%
[monitor] ['82%', '80%', '85%', '100%']  memcached=247.2%
[monitor] ['81%', '78%', '83%', '100%']  memcached=242.2%
[monitor] ['80%', '76%', '82%', '100%']  memcached=238.0%
[monitor] ['82%', '79%', '86%', '100%']  memcached=246.2%
[monitor] ['79%', '78%', '83%', '100%']  memcached=240.0%
[monitor] ['81%', '76%', '82%', '100%']  memcached=238.6%
[monitor] ['78%', '76%', '80%', '100%']  memcached=234.1%
[monitor] ['78%', '76%', '81%', '100%']  memcached=235.1%
[monitor] ['78%', '76%', '81%', '100%']  memcached=235.4%
[monitor] ['72%', '72%', '74%', '100%']  memcached=217.9%
[monitor] ['58%', '55%', '55%', '100%']  memcached=167.1%
[monitor] ['55%', '53%', '55%', '100%']  memcached=163.0%
[monitor] ['55%', '55%', '56%', '100%']  memcached=164.9%
[monitor] ['38%', '41%', '38%', '100%']  memcached=117.1%
[MEMCACHED] cores updated to: ['0', '2']
[radix] paused.
[barnes] starting in background on cores: [1, 3] with 2 threads.
[monitor] ['55%', '52%', '55%', '66%']  memcached=109.1%
[monitor] ['48%', '69%', '48%', '48%']  memcached=95.9%
[monitor] ['63%', '100%', '64%', '4%']  memcached=127.5%
[monitor] ['75%', '100%', '80%', '11%']  memcached=155.0%
[monitor] ['76%', '87%', '81%', '45%']  memcached=156.2%
[monitor] ['67%', '100%', '70%', '100%']  memcached=136.7%
[monitor] ['48%', '100%', '49%', '100%']  memcached=96.8%
[monitor] ['50%', '100%', '51%', '100%']  memcached=101.1%
[monitor] ['49%', '100%', '51%', '97%']  memcached=100.0%
[monitor] ['64%', '100%', '65%', '100%']  memcached=129.4%
[monitor] ['66%', '100%', '65%', '100%']  memcached=130.9%
[monitor] ['66%', '100%', '68%', '100%']  memcached=134.1%
[monitor] ['58%', '100%', '59%', '100%']  memcached=116.5%
[monitor] ['55%', '100%', '52%', '100%']  memcached=107.5%
[monitor] ['54%', '100%', '53%', '100%']  memcached=107.7%
[monitor] ['59%', '100%', '64%', '100%']  memcached=122.2%
[monitor] ['85%', '100%', '97%', '100%']  memcached=182.0%
[MEMCACHED] cores updated to: ['0', '1', '2']
[radix] unpaused.
[barnes] paused.
[monitor] ['78%', '76%', '81%', '100%']  memcached=235.2%
[monitor] ['78%', '76%', '80%', '100%']  memcached=233.5%
[monitor] ['42%', '34%', '40%', '100%']  memcached=115.9%
[MEMCACHED] cores updated to: ['0', '2']
[radix] paused.
[barnes] unpaused.
[monitor] ['48%', '100%', '47%', '100%']  memcached=94.6%
[monitor] ['48%', '100%', '48%', '100%']  memcached=95.7%
[monitor] ['49%', '100%', '51%', '100%']  memcached=100.0%
[monitor] ['54%', '100%', '51%', '100%']  memcached=105.2%
[monitor] ['52%', '100%', '51%', '100%']  memcached=103.3%
[monitor] ['57%', '100%', '63%', '100%']  memcached=119.9%
[monitor] ['83%', '100%', '91%', '100%']  memcached=174.0%
[MEMCACHED] cores updated to: ['0', '1', '2']
[radix] unpaused.
[barnes] paused.
[monitor] ['74%', '71%', '76%', '100%']  memcached=221.1%
[monitor] ['71%', '68%', '72%', '100%']  memcached=211.3%
[monitor] ['36%', '29%', '33%', '100%']  memcached=98.0%
[MEMCACHED] cores updated to: ['0', '2']
[radix] paused.
[barnes] unpaused.
[monitor] ['40%', '100%', '40%', '100%']  memcached=79.5%
[monitor] ['35%', '100%', '41%', '100%']  memcached=75.9%
[monitor] ['60%', '100%', '60%', '100%']  memcached=120.5%
[monitor] ['70%', '100%', '72%', '100%']  memcached=141.8%
[monitor] ['70%', '100%', '69%', '100%']  memcached=139.2%
[monitor] ['64%', '100%', '64%', '100%']  memcached=128.6%
[monitor] ['53%', '100%', '52%', '100%']  memcached=105.6%
[monitor] ['54%', '100%', '54%', '100%']  memcached=108.7%
[monitor] ['50%', '100%', '54%', '100%']  memcached=104.3%
[monitor] ['97%', '100%', '91%', '100%']  memcached=187.6%
[MEMCACHED] cores updated to: ['0', '1', '2']
[radix] unpaused.
[barnes] paused.
[monitor] ['81%', '76%', '80%', '100%']  memcached=236.8%
[monitor] ['80%', '76%', '78%', '100%']  memcached=234.1%
[monitor] ['57%', '57%', '60%', '100%']  memcached=174.8%
[monitor] ['52%', '49%', '53%', '100%']  memcached=154.6%
[monitor] ['54%', '51%', '52%', '100%']  memcached=157.7%
[monitor] ['61%', '60%', '61%', '100%']  memcached=181.5%
[monitor] ['69%', '68%', '71%', '100%']  memcached=207.5%
[monitor] ['68%', '67%', '68%', '100%']  memcached=202.6%
[monitor] ['69%', '65%', '70%', '100%']  memcached=204.2%
[monitor] ['70%', '68%', '68%', '100%']  memcached=205.1%
[monitor] ['69%', '68%', '70%', '100%']  memcached=206.7%
[monitor] ['70%', '67%', '72%', '100%']  memcached=208.5%
[monitor] ['63%', '61%', '62%', '100%']  memcached=186.9%
[monitor] ['60%', '56%', '62%', '100%']  memcached=178.3%
[monitor] ['62%', '61%', '61%', '100%']  memcached=184.2%
[monitor] ['62%', '60%', '61%', '100%']  memcached=182.9%
[monitor] ['66%', '60%', '65%', '100%']  memcached=190.9%
[monitor] ['63%', '64%', '63%', '100%']  memcached=191.1%
[monitor] ['62%', '59%', '62%', '100%']  memcached=182.3%
[monitor] ['51%', '55%', '56%', '100%']  memcached=161.6%
[monitor] ['55%', '50%', '53%', '100%']  memcached=158.0%
[monitor] ['56%', '50%', '53%', '100%']  memcached=159.0%
[monitor] ['68%', '68%', '70%', '100%']  memcached=205.8%
[monitor] ['71%', '69%', '71%', '100%']  memcached=211.3%
[monitor] ['71%', '68%', '72%', '100%']  memcached=211.1%
[monitor] ['64%', '63%', '65%', '100%']  memcached=192.5%
[monitor] ['57%', '52%', '58%', '100%']  memcached=167.5%
[monitor] ['58%', '56%', '57%', '100%']  memcached=170.8%
[monitor] ['57%', '55%', '56%', '100%']  memcached=168.0%
[monitor] ['65%', '59%', '65%', '100%']  memcached=189.1%
[monitor] ['62%', '61%', '62%', '100%']  memcached=184.8%
[monitor] ['60%', '56%', '61%', '100%']  memcached=176.9%
[monitor] ['57%', '55%', '55%', '100%']  memcached=166.1%
[monitor] ['57%', '51%', '56%', '100%']  memcached=163.9%
[monitor] ['56%', '51%', '55%', '100%']  memcached=161.5%
[monitor] ['51%', '46%', '48%', '100%']  memcached=145.1%
[monitor] ['47%', '44%', '47%', '100%']  memcached=137.4%
[MEMCACHED] cores updated to: ['0', '2']
[radix] paused.
[barnes] unpaused.
[monitor] ['52%', '100%', '53%', '100%']  memcached=105.4%
[monitor] ['60%', '100%', '57%', '100%']  memcached=116.8%
[monitor] ['88%', '100%', '78%', '100%']  memcached=166.6%
[MEMCACHED] cores updated to: ['0', '1', '2']
[radix] unpaused.
[barnes] paused.
[monitor] ['72%', '67%', '72%', '100%']  memcached=211.0%
[monitor] ['73%', '69%', '74%', '100%']  memcached=216.8%
[monitor] ['67%', '63%', '67%', '100%']  memcached=197.5%
[monitor] ['63%', '62%', '64%', '100%']  memcached=190.0%
[monitor] ['66%', '64%', '66%', '100%']  memcached=196.0%
[monitor] ['71%', '68%', '71%', '100%']  memcached=210.1%
[monitor] ['74%', '72%', '74%', '100%']  memcached=219.2%
[monitor] ['74%', '72%', '76%', '100%']  memcached=221.2%
[monitor] ['79%', '73%', '78%', '100%']  memcached=230.3%
[monitor] ['83%', '83%', '82%', '100%']  memcached=248.1%
[monitor] ['88%', '82%', '88%', '100%']  memcached=257.6%
[monitor] ['83%', '81%', '83%', '100%']  memcached=246.8%
[monitor] ['74%', '68%', '73%', '100%']  memcached=214.2%
[monitor] ['69%', '69%', '74%', '100%']  memcached=212.8%
[monitor] ['74%', '69%', '71%', '100%']  memcached=214.0%
[monitor] ['62%', '60%', '60%', '100%']  memcached=181.9%
[monitor] ['54%', '50%', '57%', '100%']  memcached=160.5%
[monitor] ['56%', '52%', '58%', '100%']  memcached=165.7%
[monitor] ['52%', '50%', '51%', '100%']  memcached=153.4%
[monitor] ['45%', '42%', '44%', '100%']  memcached=131.8%
[MEMCACHED] cores updated to: ['0', '2']
[radix] paused.
[barnes] unpaused.
[monitor] ['51%', '100%', '50%', '100%']  memcached=101.0%
[monitor] ['52%', '100%', '50%', '100%']  memcached=102.1%
[monitor] ['78%', '100%', '76%', '100%']  memcached=154.1%
[monitor] ['83%', '100%', '75%', '100%']  memcached=157.9%
[monitor] ['80%', '100%', '76%', '100%']  memcached=156.3%
[monitor] ['83%', '100%', '76%', '100%']  memcached=158.5%
[monitor] ['81%', '100%', '77%', '100%']  memcached=157.5%
[monitor] ['76%', '100%', '78%', '100%']  memcached=154.1%
[monitor] ['80%', '100%', '82%', '100%']  memcached=162.4%
[MEMCACHED] cores updated to: ['0', '1', '2']
[radix] unpaused.
[barnes] paused.
[monitor] ['76%', '72%', '78%', '100%']  memcached=225.2%
[monitor] ['76%', '76%', '77%', '100%']  memcached=228.9%
[monitor] ['78%', '76%', '77%', '100%']  memcached=231.8%
[monitor] ['60%', '57%', '63%', '100%']  memcached=180.4%
[monitor] ['62%', '60%', '63%', '100%']  memcached=184.2%
[monitor] ['60%', '60%', '64%', '100%']  memcached=182.7%
[monitor] ['56%', '52%', '55%', '100%']  memcached=162.4%
[monitor] ['48%', '47%', '50%', '100%']  memcached=144.2%
[monitor] ['50%', '48%', '51%', '100%']  memcached=148.8%
[monitor] ['56%', '51%', '56%', '100%']  memcached=162.8%
[monitor] ['68%', '67%', '69%', '100%']  memcached=204.2%
[monitor] ['69%', '68%', '69%', '100%']  memcached=206.0%
[monitor] ['69%', '68%', '71%', '100%']  memcached=207.8%
[monitor] ['65%', '61%', '65%', '100%']  memcached=190.8%
[monitor] ['63%', '60%', '65%', '100%']  memcached=188.4%
[monitor] ['64%', '61%', '64%', '100%']  memcached=189.5%
[monitor] ['61%', '56%', '60%', '100%']  memcached=177.3%
[monitor] ['58%', '56%', '60%', '100%']  memcached=174.2%
[monitor] ['58%', '52%', '60%', '100%']  memcached=170.2%
[monitor] ['61%', '56%', '60%', '100%']  memcached=176.1%
[monitor] ['60%', '62%', '63%', '100%']  memcached=185.8%
[monitor] ['60%', '57%', '60%', '100%']  memcached=177.2%
[monitor] ['59%', '59%', '60%', '100%']  memcached=177.5%
[monitor] ['53%', '51%', '53%', '100%']  memcached=158.3%
[monitor] ['53%', '50%', '53%', '100%']  memcached=157.0%
[monitor] ['55%', '52%', '56%', '100%']  memcached=162.9%
[monitor] ['63%', '63%', '64%', '100%']  memcached=191.1%
[monitor] ['66%', '68%', '66%', '100%']  memcached=199.2%
[monitor] ['64%', '68%', '67%', '100%']  memcached=198.3%
[monitor] ['64%', '71%', '68%', '100%']  memcached=202.7%
[monitor] ['72%', '72%', '72%', '100%']  memcached=216.5%
[monitor] ['70%', '74%', '72%', '100%']  memcached=215.5%
[monitor] ['69%', '74%', '70%', '100%']  memcached=212.8%
[monitor] ['63%', '65%', '63%', '100%']  memcached=191.1%
[monitor] ['65%', '66%', '67%', '100%']  memcached=198.3%
[monitor] ['64%', '68%', '65%', '100%']  memcached=196.9%
[monitor] ['61%', '65%', '63%', '100%']  memcached=188.6%
[monitor] ['64%', '65%', '63%', '100%']  memcached=192.1%
[monitor] ['61%', '65%', '64%', '100%']  memcached=190.1%
[monitor] ['70%', '72%', '68%', '100%']  memcached=210.6%
[monitor] ['81%', '82%', '81%', '100%']  memcached=243.5%
[monitor] ['78%', '80%', '81%', '100%']  memcached=239.5%
[monitor] ['73%', '74%', '75%', '100%']  memcached=222.3%
[monitor] ['31%', '32%', '37%', '100%']  memcached=99.7%
[MEMCACHED] cores updated to: ['0', '2']
[radix] paused.
[barnes] unpaused.
[monitor] ['40%', '100%', '41%', '100%']  memcached=80.9%
[monitor] ['41%', '100%', '41%', '100%']  memcached=81.8%
[monitor] ['51%', '100%', '48%', '100%']  memcached=98.8%
[monitor] ['48%', '100%', '51%', '100%']  memcached=98.8%
[monitor] ['51%', '100%', '54%', '100%']  memcached=105.1%
[monitor] ['49%', '100%', '49%', '100%']  memcached=98.0%
[monitor] ['47%', '100%', '48%', '100%']  memcached=94.7%
[monitor] ['46%', '100%', '43%', '100%']  memcached=89.3%
[monitor] ['45%', '100%', '49%', '100%']  memcached=94.4%
[monitor] ['68%', '100%', '67%', '100%']  memcached=135.0%
[monitor] ['66%', '100%', '68%', '100%']  memcached=134.1%
[monitor] ['67%', '100%', '66%', '100%']  memcached=132.5%
[monitor] ['53%', '100%', '52%', '100%']  memcached=105.6%
[monitor] ['53%', '100%', '52%', '100%']  memcached=105.4%
[monitor] ['52%', '100%', '52%', '100%']  memcached=104.2%
[monitor] ['62%', '100%', '64%', '100%']  memcached=125.6%
[monitor] ['81%', '100%', '83%', '100%']  memcached=163.9%
[MEMCACHED] cores updated to: ['0', '1', '2']
[radix] unpaused.
[barnes] paused.
[monitor] ['78%', '78%', '81%', '45%']  memcached=236.7%
[radix] ended.
[blackscholes] starting in background on cores: [3] with 3 threads.
[monitor] ['76%', '75%', '78%', '87%']  memcached=228.5%
[monitor] ['48%', '43%', '44%', '100%']  memcached=134.5%
[MEMCACHED] cores updated to: ['0', '2']
[barnes] unpaused.
[blackscholes] paused.
[monitor] ['54%', '100%', '53%', '100%']  memcached=107.4%
[monitor] ['54%', '100%', '55%', '100%']  memcached=109.3%
[monitor] ['74%', '100%', '81%', '100%']  memcached=154.9%
[monitor] ['80%', '100%', '82%', '100%']  memcached=162.4%
[MEMCACHED] cores updated to: ['0', '1', '2']
[barnes] paused.
[blackscholes] unpaused.
[monitor] ['74%', '74%', '76%', '100%']  memcached=223.6%
[monitor] ['66%', '64%', '66%', '100%']  memcached=195.8%
[monitor] ['58%', '56%', '58%', '100%']  memcached=172.4%
[monitor] ['58%', '59%', '58%', '100%']  memcached=174.8%
[monitor] ['58%', '55%', '58%', '100%']  memcached=170.1%
[monitor] ['44%', '44%', '45%', '100%']  memcached=133.9%
[MEMCACHED] cores updated to: ['0', '2']
[barnes] unpaused.
[blackscholes] paused.
[monitor] ['52%', '100%', '51%', '100%']  memcached=103.2%
[monitor] ['51%', '100%', '51%', '100%']  memcached=102.1%
[monitor] ['81%', '100%', '83%', '100%']  memcached=163.4%
[MEMCACHED] cores updated to: ['0', '1', '2']
[barnes] paused.
[blackscholes] unpaused.
[monitor] ['72%', '72%', '76%', '100%']  memcached=219.9%
[monitor] ['75%', '74%', '74%', '100%']  memcached=223.0%
[monitor] ['68%', '66%', '69%', '100%']  memcached=203.4%
[monitor] ['62%', '61%', '64%', '100%']  memcached=187.3%
[monitor] ['63%', '63%', '65%', '100%']  memcached=191.8%
[monitor] ['68%', '65%', '68%', '100%']  memcached=200.8%
[monitor] ['82%', '81%', '83%', '100%']  memcached=246.2%
[monitor] ['81%', '78%', '83%', '100%']  memcached=241.7%
[monitor] ['82%', '78%', '83%', '100%']  memcached=243.1%
[monitor] ['58%', '56%', '78%', '100%']  memcached=192.0%
[monitor] ['50%', '41%', '49%', '100%']  memcached=140.3%
[monitor] ['49%', '45%', '49%', '100%']  memcached=143.0%
[monitor] ['62%', '59%', '65%', '100%']  memcached=187.0%
[monitor] ['78%', '74%', '80%', '100%']  memcached=231.5%
[monitor] ['76%', '75%', '76%', '100%']  memcached=227.0%
[monitor] ['75%', '73%', '77%', '100%']  memcached=225.1%
[monitor] ['74%', '68%', '76%', '100%']  memcached=217.8%
[monitor] ['72%', '71%', '74%', '100%']  memcached=216.5%
[monitor] ['73%', '71%', '74%', '100%']  memcached=217.4%
[monitor] ['81%', '78%', '81%', '100%']  memcached=238.9%
[monitor] ['81%', '78%', '83%', '100%']  memcached=241.7%
[monitor] ['80%', '81%', '83%', '100%']  memcached=243.4%
[monitor] ['62%', '60%', '62%', '100%']  memcached=184.9%
[monitor] ['53%', '50%', '53%', '100%']  memcached=156.8%
[monitor] ['51%', '51%', '57%', '100%']  memcached=158.8%
[monitor] ['52%', '49%', '52%', '100%']  memcached=153.3%
[monitor] ['48%', '48%', '45%', '100%']  memcached=141.1%
[monitor] ['48%', '50%', '52%', '100%']  memcached=149.8%
[monitor] ['86%', '56%', '48%', '100%']  memcached=190.2%
[monitor] ['68%', '100%', '68%', '100%']  memcached=235.0%
[monitor] ['67%', '100%', '68%', '100%']  memcached=235.0%
[monitor] ['68%', '100%', '68%', '100%']  memcached=236.7%
[monitor] ['90%', '70%', '63%', '100%']  memcached=223.9%
[monitor] ['65%', '63%', '98%', '100%']  memcached=225.5%
[monitor] ['64%', '60%', '100%', '100%']  memcached=224.3%
[monitor] ['63%', '62%', '100%', '100%']  memcached=225.7%
[monitor] ['76%', '76%', '100%', '100%']  memcached=251.4%
[monitor] ['74%', '83%', '92%', '100%']  memcached=249.3%
[monitor] ['73%', '100%', '71%', '100%']  memcached=244.4%
[monitor] ['60%', '56%', '91%', '100%']  memcached=206.3%
[monitor] ['61%', '41%', '84%', '100%']  memcached=186.8%
[monitor] ['74%', '71%', '45%', '100%']  memcached=189.9%
[monitor] ['50%', '100%', '51%', '100%']  memcached=201.1%
[monitor] ['52%', '91%', '51%', '100%']  memcached=194.7%
[monitor] ['51%', '46%', '52%', '100%']  memcached=149.5%
[monitor] ['62%', '59%', '62%', '100%']  memcached=181.6%
[monitor] ['83%', '80%', '88%', '100%']  memcached=251.2%
[monitor] ['85%', '81%', '88%', '100%']  memcached=253.3%
[monitor] ['80%', '73%', '83%', '100%']  memcached=235.8%
[monitor] ['52%', '49%', '52%', '100%']  memcached=153.3%
[monitor] ['51%', '47%', '53%', '100%']  memcached=150.8%
[monitor] ['50%', '52%', '50%', '100%']  memcached=152.2%
[monitor] ['59%', '52%', '59%', '100%']  memcached=170.6%
[monitor] ['60%', '56%', '62%', '100%']  memcached=178.5%
[monitor] ['62%', '60%', '61%', '100%']  memcached=183.7%
[monitor] ['52%', '49%', '53%', '100%']  memcached=154.6%
[monitor] ['41%', '41%', '43%', '100%']  memcached=125.3%
[MEMCACHED] cores updated to: ['0', '2']
[barnes] unpaused.
[blackscholes] paused.
[monitor] ['48%', '100%', '50%', '100%']  memcached=97.9%
[monitor] ['49%', '100%', '48%', '100%']  memcached=96.6%
[monitor] ['60%', '100%', '62%', '100%']  memcached=122.2%
[monitor] ['61%', '100%', '61%', '100%']  memcached=122.7%
[monitor] ['60%', '100%', '60%', '100%']  memcached=119.0%
[monitor] ['66%', '100%', '67%', '100%']  memcached=132.5%
[monitor] ['70%', '100%', '71%', '100%']  memcached=141.1%
[monitor] ['70%', '100%', '68%', '100%']  memcached=138.3%
[monitor] ['59%', '100%', '61%', '100%']  memcached=120.5%
[monitor] ['50%', '100%', '52%', '100%']  memcached=102.1%
[monitor] ['51%', '32%', '48%', '100%']  memcached=98.9%
[monitor] ['53%', '90%', '53%', '100%']  memcached=106.7%
[monitor] ['83%', '100%', '88%', '100%']  memcached=170.7%
[MEMCACHED] cores updated to: ['0', '1', '2']
[barnes] paused.
[blackscholes] unpaused.
[monitor] ['74%', '71%', '76%', '100%']  memcached=221.1%
[monitor] ['74%', '68%', '75%', '100%']  memcached=217.1%
[monitor] ['72%', '71%', '74%', '100%']  memcached=216.9%
[monitor] ['72%', '70%', '72%', '100%']  memcached=215.0%
[monitor] ['71%', '68%', '74%', '100%']  memcached=213.8%
[monitor] ['74%', '70%', '76%', '100%']  memcached=219.4%
[monitor] ['78%', '74%', '78%', '100%']  memcached=230.4%
[monitor] ['77%', '74%', '78%', '100%']  memcached=228.6%
[monitor] ['74%', '70%', '76%', '100%']  memcached=220.3%
[monitor] ['56%', '53%', '58%', '100%']  memcached=167.1%
[monitor] ['58%', '52%', '57%', '100%']  memcached=167.0%
[monitor] ['56%', '52%', '57%', '100%']  memcached=164.9%
[monitor] ['49%', '47%', '52%', '100%']  memcached=147.6%
[monitor] ['48%', '44%', '49%', '100%']  memcached=140.8%
[monitor] ['50%', '44%', '48%', '100%']  memcached=142.0%
[monitor] ['57%', '51%', '58%', '100%']  memcached=166.2%
[monitor] ['72%', '68%', '71%', '100%']  memcached=210.3%
[monitor] ['69%', '68%', '72%', '100%']  memcached=208.5%
[monitor] ['67%', '64%', '68%', '100%']  memcached=198.5%
[monitor] ['49%', '48%', '50%', '100%']  memcached=146.6%
[monitor] ['49%', '48%', '51%', '100%']  memcached=147.7%
[monitor] ['50%', '47%', '49%', '100%']  memcached=145.6%
[monitor] ['74%', '70%', '74%', '100%']  memcached=217.6%
[monitor] ['78%', '76%', '81%', '100%']  memcached=235.2%
[monitor] ['78%', '71%', '78%', '100%']  memcached=227.2%
[monitor] ['66%', '64%', '68%', '100%']  memcached=197.5%
[monitor] ['56%', '53%', '59%', '100%']  memcached=168.4%
[monitor] ['59%', '54%', '56%', '100%']  memcached=168.6%
[monitor] ['56%', '51%', '57%', '100%']  memcached=163.9%
[monitor] ['59%', '57%', '60%', '100%']  memcached=175.5%
[monitor] ['58%', '56%', '56%', '100%']  memcached=170.1%
[monitor] ['57%', '55%', '58%', '100%']  memcached=169.5%
[monitor] ['65%', '65%', '63%', '100%']  memcached=193.5%
[monitor] ['66%', '62%', '68%', '100%']  memcached=195.9%
[monitor] ['66%', '63%', '67%', '100%']  memcached=195.9%
[monitor] ['55%', '51%', '53%', '100%']  memcached=159.2%
[monitor] ['46%', '40%', '45%', '100%']  memcached=131.6%
[MEMCACHED] cores updated to: ['0', '2']
[barnes] unpaused.
[blackscholes] paused.
[monitor] ['52%', '77%', '52%', '100%']  memcached=104.2%
[monitor] ['60%', '100%', '56%', '100%']  memcached=116.6%
[monitor] ['100%', '100%', '100%', '100%']  memcached=200.0%
[MEMCACHED] cores updated to: ['0', '1', '2']
[barnes] paused.
[blackscholes] unpaused.
[monitor] ['85%', '81%', '88%', '100%']  memcached=254.1%
[monitor] ['83%', '80%', '85%', '100%']  memcached=248.2%
[monitor] ['56%', '50%', '58%', '100%']  memcached=163.6%
[monitor] ['55%', '51%', '53%', '100%']  memcached=159.2%
[monitor] ['52%', '48%', '52%', '100%']  memcached=152.2%
[monitor] ['62%', '56%', '60%', '100%']  memcached=178.5%
[monitor] ['63%', '62%', '64%', '100%']  memcached=189.2%
[monitor] ['65%', '63%', '66%', '100%']  memcached=193.6%
[monitor] ['59%', '56%', '60%', '100%']  memcached=174.7%
[monitor] ['50%', '45%', '52%', '100%']  memcached=147.6%
[monitor] ['51%', '48%', '51%', '100%']  memcached=149.9%
[monitor] ['53%', '48%', '51%', '100%']  memcached=152.0%
[monitor] ['62%', '59%', '62%', '100%']  memcached=182.9%
[monitor] ['62%', '60%', '63%', '100%']  memcached=185.2%
[monitor] ['63%', '57%', '64%', '100%']  memcached=185.2%
[monitor] ['65%', '62%', '67%', '100%']  memcached=194.2%
[monitor] ['64%', '62%', '65%', '100%']  memcached=191.2%
[monitor] ['67%', '63%', '65%', '100%']  memcached=195.1%
[monitor] ['66%', '62%', '66%', '100%']  memcached=194.1%
[monitor] ['68%', '68%', '70%', '100%']  memcached=207.1%
[monitor] ['69%', '64%', '69%', '100%']  memcached=202.6%
[monitor] ['71%', '68%', '72%', '100%']  memcached=210.0%
[monitor] ['62%', '62%', '64%', '100%']  memcached=188.1%
[monitor] ['64%', '60%', '63%', '100%']  memcached=187.7%
[monitor] ['64%', '60%', '67%', '100%']  memcached=191.0%
[monitor] ['59%', '56%', '57%', '100%']  memcached=171.7%
[monitor] ['56%', '52%', '58%', '100%']  memcached=165.6%
[monitor] ['53%', '52%', '56%', '100%']  memcached=161.3%
[monitor] ['64%', '60%', '63%', '100%']  memcached=187.7%
[monitor] ['79%', '76%', '82%', '100%']  memcached=237.4%
[monitor] ['83%', '75%', '83%', '100%']  memcached=240.7%
[monitor] ['81%', '76%', '83%', '100%']  memcached=239.1%
[monitor] ['58%', '55%', '56%', '100%']  memcached=168.1%
[monitor] ['57%', '52%', '57%', '100%']  memcached=165.9%
[monitor] ['56%', '51%', '57%', '100%']  memcached=163.9%
[monitor] ['68%', '66%', '69%', '100%']  memcached=203.4%
[monitor] ['76%', '72%', '74%', '100%']  memcached=222.5%
[monitor] ['72%', '68%', '74%', '100%']  memcached=213.0%
[monitor] ['70%', '67%', '68%', '100%']  memcached=204.2%
[monitor] ['62%', '60%', '62%', '100%']  memcached=184.4%
[monitor] ['64%', '63%', '66%', '100%']  memcached=192.9%
[monitor] ['65%', '61%', '65%', '100%']  memcached=191.1%
[monitor] ['76%', '72%', '76%', '100%']  memcached=223.8%
[monitor] ['75%', '72%', '78%', '100%']  memcached=225.2%
[monitor] ['76%', '74%', '76%', '100%']  memcached=225.7%
[monitor] ['58%', '57%', '60%', '100%']  memcached=174.5%
[monitor] ['56%', '50%', '55%', '100%']  memcached=160.1%
[monitor] ['54%', '51%', '55%', '100%']  memcached=160.0%
[monitor] ['60%', '57%', '61%', '100%']  memcached=178.0%
[monitor] ['67%', '62%', '67%', '100%']  memcached=195.8%
[monitor] ['68%', '67%', '68%', '100%']  memcached=202.5%
[monitor] ['67%', '64%', '68%', '100%']  memcached=199.2%
[monitor] ['69%', '68%', '72%', '100%']  memcached=208.5%
[monitor] ['70%', '68%', '71%', '100%']  memcached=208.2%
[monitor] ['71%', '67%', '72%', '100%']  memcached=209.2%
[monitor] ['78%', '79%', '78%', '100%']  memcached=235.0%
[monitor] ['83%', '78%', '83%', '100%']  memcached=243.5%
[monitor] ['78%', '76%', '83%', '100%']  memcached=237.4%
[monitor] ['81%', '76%', '83%', '100%']  memcached=240.2%
[monitor] ['86%', '80%', '85%', '100%']  memcached=251.0%
[monitor] ['85%', '81%', '85%', '100%']  memcached=251.2%
[monitor] ['83%', '77%', '82%', '100%']  memcached=242.4%
[monitor] ['79%', '76%', '81%', '100%']  memcached=235.8%
[monitor] ['75%', '70%', '77%', '100%']  memcached=222.4%
[monitor] ['76%', '74%', '78%', '100%']  memcached=228.5%
[monitor] ['61%', '56%', '62%', '100%']  memcached=179.0%
[monitor] ['59%', '55%', '57%', '100%']  memcached=171.2%
[monitor] ['59%', '55%', '60%', '100%']  memcached=174.3%
[monitor] ['68%', '64%', '68%', '100%']  memcached=199.9%
[monitor] ['80%', '78%', '83%', '100%']  memcached=241.7%
[monitor] ['80%', '78%', '80%', '100%']  memcached=237.8%
[monitor] ['73%', '69%', '75%', '100%']  memcached=217.4%
[monitor] ['42%', '40%', '40%', '100%']  memcached=121.8%
[MEMCACHED] cores updated to: ['0', '2']
[barnes] unpaused.
[blackscholes] paused.
[monitor] ['47%', '100%', '46%', '100%']  memcached=92.5%
[monitor] ['49%', '100%', '47%', '100%']  memcached=95.8%
[monitor] ['67%', '100%', '67%', '100%']  memcached=134.1%
[monitor] ['73%', '100%', '74%', '100%']  memcached=146.7%
[monitor] ['71%', '100%', '73%', '100%']  memcached=144.0%
[monitor] ['60%', '100%', '60%', '100%']  memcached=120.0%
[monitor] ['49%', '100%', '45%', '100%']  memcached=93.7%
[monitor] ['48%', '100%', '48%', '100%']  memcached=95.8%
[monitor] ['53%', '100%', '53%', '100%']  memcached=106.7%
[monitor] ['72%', '100%', '74%', '100%']  memcached=146.9%
[monitor] ['74%', '100%', '74%', '100%']  memcached=148.0%
[monitor] ['73%', '100%', '75%', '100%']  memcached=148.0%
[monitor] ['67%', '100%', '66%', '100%']  memcached=132.5%
[monitor] ['66%', '100%', '65%', '100%']  memcached=130.9%
[monitor] ['65%', '100%', '65%', '100%']  memcached=130.1%
[monitor] ['70%', '100%', '71%', '100%']  memcached=140.7%
[monitor] ['75%', '100%', '76%', '100%']  memcached=150.7%
[monitor] ['76%', '100%', '78%', '100%']  memcached=154.1%
[monitor] ['71%', '100%', '74%', '100%']  memcached=145.4%
[monitor] ['57%', '100%', '56%', '100%']  memcached=112.1%
[monitor] ['57%', '100%', '57%', '100%']  memcached=113.0%
[monitor] ['57%', '100%', '57%', '100%']  memcached=114.0%
[monitor] ['76%', '100%', '76%', '100%']  memcached=151.4%
[monitor] ['79%', '100%', '81%', '100%']  memcached=159.5%
[monitor] ['78%', '100%', '78%', '100%']  memcached=155.6%
[monitor] ['91%', '100%', '91%', '100%']  memcached=181.5%
[MEMCACHED] cores updated to: ['0', '1', '2']
[barnes] paused.
[blackscholes] unpaused.
[monitor] ['88%', '79%', '91%', '100%']  memcached=257.9%
[monitor] ['86%', '82%', '90%', '100%']  memcached=257.5%
[monitor] ['76%', '68%', '74%', '100%']  memcached=217.8%
[monitor] ['46%', '39%', '44%', '100%']  memcached=129.1%
[MEMCACHED] cores updated to: ['0', '2']
[barnes] unpaused.
[blackscholes] paused.
[monitor] ['51%', '100%', '52%', '100%']  memcached=103.1%
[monitor] ['52%', '100%', '49%', '100%']  memcached=101.0%
[monitor] ['70%', '100%', '72%', '100%']  memcached=141.8%
[monitor] ['76%', '100%', '77%', '100%']  memcached=153.2%
[monitor] ['74%', '100%', '71%', '100%']  memcached=144.7%
[monitor] ['83%', '100%', '78%', '100%']  memcached=160.6%
[MEMCACHED] cores updated to: ['0', '1', '2']
[barnes] paused.
[blackscholes] unpaused.
[monitor] ['74%', '69%', '73%', '100%']  memcached=215.9%
[monitor] ['76%', '72%', '77%', '100%']  memcached=225.7%
[monitor] ['76%', '70%', '76%', '100%']  memcached=221.6%
[monitor] ['72%', '70%', '74%', '100%']  memcached=216.2%
[monitor] ['73%', '70%', '72%', '100%']  memcached=215.7%
[monitor] ['74%', '70%', '73%', '100%']  memcached=216.7%
[monitor] ['54%', '49%', '56%', '100%']  memcached=158.7%
[monitor] ['52%', '50%', '51%', '100%']  memcached=153.4%
[monitor] ['52%', '47%', '54%', '100%']  memcached=153.0%
[monitor] ['70%', '68%', '70%', '100%']  memcached=208.4%
[monitor] ['80%', '78%', '83%', '100%']  memcached=240.6%
[monitor] ['83%', '78%', '81%', '100%']  memcached=241.7%
[monitor] ['83%', '78%', '83%', '100%']  memcached=244.6%
[monitor] ['85%', '82%', '88%', '100%']  memcached=255.5%
[monitor] ['86%', '82%', '88%', '100%']  memcached=255.9%
[monitor] ['87%', '85%', '88%', '100%']  memcached=259.8%
[monitor] ['86%', '80%', '85%', '100%']  memcached=251.0%
[monitor] ['83%', '76%', '83%', '100%']  memcached=241.9%
[monitor] ['82%', '81%', '85%', '100%']  memcached=248.2%
[monitor] ['81%', '78%', '81%', '100%']  memcached=240.0%
[monitor] ['80%', '76%', '81%', '100%']  memcached=236.2%
[monitor] ['79%', '73%', '81%', '100%']  memcached=233.5%
[monitor] ['81%', '76%', '80%', '100%']  memcached=237.4%
[monitor] ['76%', '71%', '79%', '100%']  memcached=226.3%
[monitor] ['77%', '71%', '76%', '100%']  memcached=224.5%
[monitor] ['75%', '74%', '76%', '100%']  memcached=225.0%
[monitor] ['62%', '57%', '62%', '100%']  memcached=181.0%
[monitor] ['61%', '59%', '62%', '100%']  memcached=182.4%
[monitor] ['62%', '60%', '63%', '100%']  memcached=184.2%
[monitor] ['51%', '48%', '53%', '100%']  memcached=152.1%
[monitor] ['47%', '45%', '49%', '100%']  memcached=140.6%
[monitor] ['49%', '48%', '50%', '100%']  memcached=146.7%
[monitor] ['53%', '50%', '56%', '100%']  memcached=158.9%
[monitor] ['59%', '56%', '59%', '100%']  memcached=173.2%
[monitor] ['61%', '56%', '61%', '100%']  memcached=178.0%
[monitor] ['62%', '60%', '62%', '100%']  memcached=184.3%
[monitor] ['78%', '76%', '78%', '100%']  memcached=233.1%
[monitor] ['78%', '73%', '78%', '100%']  memcached=229.7%
[monitor] ['78%', '74%', '80%', '100%']  memcached=232.7%
[monitor] ['70%', '65%', '70%', '100%']  memcached=205.0%
[monitor] ['68%', '63%', '69%', '100%']  memcached=200.8%
[monitor] ['67%', '63%', '68%', '100%']  memcached=197.6%
[monitor] ['67%', '62%', '67%', '100%']  memcached=195.8%
[monitor] ['68%', '65%', '68%', '100%']  memcached=200.8%
[monitor] ['66%', '63%', '66%', '100%']  memcached=195.1%
[monitor] ['68%', '66%', '68%', '100%']  memcached=201.7%
[monitor] ['70%', '68%', '74%', '100%']  memcached=211.5%
[monitor] ['72%', '70%', '72%', '100%']  memcached=213.9%
[monitor] ['72%', '67%', '72%', '100%']  memcached=210.3%
[monitor] ['57%', '53%', '56%', '100%']  memcached=166.4%
[monitor] ['52%', '53%', '55%', '100%']  memcached=160.9%
[monitor] ['51%', '48%', '53%', '100%']  memcached=152.1%
[monitor] ['57%', '55%', '60%', '100%']  memcached=172.4%
[monitor] ['67%', '64%', '64%', '100%']  memcached=195.1%
[monitor] ['67%', '64%', '67%', '100%']  memcached=197.6%
[monitor] ['64%', '60%', '66%', '100%']  memcached=190.6%
[monitor] ['50%', '44%', '49%', '100%']  memcached=143.1%
[monitor] ['48%', '44%', '50%', '100%']  memcached=141.9%
[monitor] ['50%', '43%', '48%', '100%']  memcached=140.2%
[monitor] ['67%', '64%', '72%', '100%']  memcached=202.6%
[monitor] ['74%', '72%', '74%', '100%']  memcached=221.2%
[monitor] ['75%', '71%', '74%', '100%']  memcached=220.1%
[monitor] ['68%', '68%', '72%', '100%']  memcached=209.1%
[monitor] ['68%', '63%', '68%', '100%']  memcached=199.2%
[monitor] ['67%', '63%', '65%', '100%']  memcached=195.2%
[monitor] ['63%', '63%', '64%', '100%']  memcached=190.5%
[monitor] ['61%', '56%', '61%', '100%']  memcached=178.4%
[monitor] ['61%', '59%', '63%', '100%']  memcached=182.3%
[monitor] ['61%', '59%', '61%', '100%']  memcached=180.9%
[monitor] ['71%', '63%', '70%', '100%']  memcached=204.1%
[monitor] ['67%', '67%', '69%', '100%']  memcached=202.6%
[monitor] ['69%', '68%', '72%', '100%']  memcached=208.5%
[monitor] ['69%', '68%', '72%', '100%']  memcached=210.0%
[monitor] ['70%', '66%', '72%', '100%']  memcached=208.3%
[monitor] ['70%', '69%', '69%', '100%']  memcached=208.3%
[monitor] ['65%', '62%', '68%', '100%']  memcached=195.8%
[monitor] ['49%', '45%', '50%', '100%']  memcached=144.2%
[monitor] ['49%', '43%', '48%', '100%']  memcached=139.5%
[MEMCACHED] cores updated to: ['0', '2']
[barnes] unpaused.
[blackscholes] paused.
[monitor] ['54%', '100%', '54%', '100%']  memcached=108.3%
[monitor] ['55%', '100%', '54%', '100%']  memcached=109.7%
[monitor] ['57%', '100%', '57%', '100%']  memcached=113.0%
[monitor] ['55%', '100%', '56%', '100%']  memcached=110.1%
[monitor] ['68%', '100%', '73%', '100%']  memcached=140.5%
[monitor] ['81%', '100%', '88%', '100%']  memcached=168.8%
[MEMCACHED] cores updated to: ['0', '1', '2']
[barnes] paused.
[blackscholes] unpaused.
[monitor] ['74%', '71%', '77%', '100%']  memcached=221.9%
[monitor] ['67%', '64%', '67%', '100%']  memcached=197.4%
[monitor] ['51%', '45%', '51%', '100%']  memcached=147.5%
[monitor] ['50%', '46%', '50%', '100%']  memcached=146.3%
[monitor] ['52%', '49%', '52%', '100%']  memcached=153.4%
[monitor] ['51%', '45%', '51%', '100%']  memcached=147.5%
[monitor] ['49%', '43%', '51%', '100%']  memcached=142.5%
[monitor] ['51%', '47%', '50%', '100%']  memcached=147.6%
[monitor] ['52%', '46%', '50%', '100%']  memcached=148.6%
[monitor] ['54%', '51%', '54%', '100%']  memcached=159.8%
[monitor] ['53%', '50%', '53%', '100%']  memcached=156.7%
[monitor] ['58%', '55%', '59%', '100%']  memcached=171.4%
[monitor] ['85%', '81%', '88%', '100%']  memcached=253.3%
[monitor] ['82%', '82%', '85%', '100%']  memcached=249.0%
[monitor] ['85%', '80%', '86%', '100%']  memcached=251.0%
[monitor] ['70%', '65%', '70%', '100%']  memcached=205.0%
[monitor] ['68%', '66%', '69%', '100%']  memcached=203.4%
[monitor] ['68%', '65%', '72%', '100%']  memcached=205.2%
[monitor] ['68%', '66%', '68%', '100%']  memcached=201.6%
[monitor] ['67%', '62%', '66%', '100%']  memcached=194.4%
[monitor] ['63%', '63%', '67%', '100%']  memcached=193.5%
[monitor] ['63%', '60%', '67%', '100%']  memcached=190.1%
[monitor] ['62%', '60%', '60%', '100%']  memcached=182.8%
[monitor] ['63%', '58%', '64%', '100%']  memcached=184.6%
[monitor] ['61%', '60%', '61%', '100%']  memcached=181.9%
[monitor] ['49%', '45%', '50%', '100%']  memcached=144.3%
[monitor] ['50%', '45%', '49%', '100%']  memcached=144.3%
[monitor] ['50%', '45%', '50%', '100%']  memcached=145.5%
[monitor] ['43%', '38%', '40%', '100%']  memcached=121.8%
[MEMCACHED] cores updated to: ['0', '2']
[barnes] unpaused.
[blackscholes] paused.
[monitor] ['47%', '100%', '46%', '100%']  memcached=92.5%
[monitor] ['49%', '100%', '49%', '100%']  memcached=97.9%
[monitor] ['54%', '100%', '55%', '100%']  memcached=108.4%
[monitor] ['88%', '100%', '97%', '100%']  memcached=185.0%
[MEMCACHED] cores updated to: ['0', '1', '2']
[barnes] paused.
[blackscholes] unpaused.
[monitor] ['81%', '75%', '84%', '100%']  memcached=239.3%
[monitor] ['81%', '78%', '80%', '100%']  memcached=238.9%
[monitor] ['49%', '44%', '51%', '100%']  memcached=144.2%
[monitor] ['50%', '47%', '51%', '100%']  memcached=147.6%
[monitor] ['52%', '49%', '52%', '100%']  memcached=153.2%
[monitor] ['63%', '60%', '63%', '100%']  memcached=186.2%
[monitor] ['72%', '65%', '69%', '100%']  memcached=206.0%
[monitor] ['69%', '65%', '70%', '100%']  memcached=204.3%
[monitor] ['71%', '69%', '74%', '100%']  memcached=214.6%
[monitor] ['78%', '75%', '78%', '100%']  memcached=231.2%
[monitor] ['78%', '76%', '81%', '100%']  memcached=235.1%
[monitor] ['78%', '74%', '78%', '100%']  memcached=230.4%
[monitor] ['51%', '44%', '51%', '100%']  memcached=146.4%
[monitor] ['47%', '41%', '49%', '100%']  memcached=137.0%
[MEMCACHED] cores updated to: ['0', '2']
[barnes] unpaused.
[blackscholes] paused.
[monitor] ['53%', '100%', '53%', '100%']  memcached=106.5%
[monitor] ['61%', '100%', '61%', '100%']  memcached=122.7%
[monitor] ['64%', '100%', '64%', '100%']  memcached=128.6%
[monitor] ['63%', '100%', '63%', '100%']  memcached=126.2%
[monitor] ['70%', '100%', '71%', '100%']  memcached=141.4%
[monitor] ['76%', '100%', '83%', '100%']  memcached=159.2%
[monitor] ['76%', '100%', '82%', '100%']  memcached=158.7%
[monitor] ['77%', '100%', '85%', '100%']  memcached=162.0%
[MEMCACHED] cores updated to: ['0', '1', '2']
[barnes] paused.
[blackscholes] unpaused.
[monitor] ['74%', '69%', '76%', '100%']  memcached=218.6%
[monitor] ['72%', '74%', '76%', '100%']  memcached=221.1%
[monitor] ['74%', '72%', '76%', '100%']  memcached=221.8%
[monitor] ['62%', '62%', '65%', '100%']  memcached=189.5%
[monitor] ['62%', '58%', '61%', '100%']  memcached=181.0%
[monitor] ['61%', '61%', '61%', '100%']  memcached=183.3%
[monitor] ['67%', '62%', '67%', '100%']  memcached=195.8%
[monitor] ['77%', '73%', '80%', '100%']  memcached=230.1%
[monitor] ['75%', '75%', '78%', '100%']  memcached=228.4%
[monitor] ['76%', '73%', '78%', '100%']  memcached=227.0%
[monitor] ['65%', '63%', '66%', '100%']  memcached=194.4%
[monitor] ['63%', '62%', '64%', '100%']  memcached=189.6%
[monitor] ['64%', '62%', '64%', '100%']  memcached=190.1%
[monitor] ['70%', '67%', '69%', '100%']  memcached=205.9%
[monitor] ['72%', '70%', '72%', '100%']  memcached=214.3%
[monitor] ['72%', '72%', '73%', '100%']  memcached=216.6%
[monitor] ['70%', '68%', '72%', '100%']  memcached=209.3%
[monitor] ['68%', '69%', '68%', '100%']  memcached=205.8%
[monitor] ['68%', '65%', '70%', '100%']  memcached=202.5%
[monitor] ['71%', '68%', '70%', '100%']  memcached=209.0%
[monitor] ['69%', '68%', '72%', '100%']  memcached=209.1%
[monitor] ['82%', '78%', '81%', '84%']  memcached=241.0%
[blackscholes] ended.
[monitor] ['69%', '79%', '72%', '100%']  memcached=220.5%
[monitor] ['91%', '89%', '82%', '54%']  memcached=262.7%
[monitor] ['86%', '81%', '85%', '85%']  memcached=252.1%
[monitor] ['83%', '76%', '86%', '100%']  memcached=245.0%
[monitor] ['94%', '78%', '80%', '100%']  memcached=252.2%
[monitor] ['81%', '79%', '78%', '37%']  memcached=238.9%
[monitor] ['73%', '72%', '76%', '14%']  memcached=221.1%
[monitor] ['72%', '66%', '70%', '17%']  memcached=207.9%
[monitor] ['47%', '43%', '47%', '7%']  memcached=136.7%
[MEMCACHED] cores updated to: ['0', '2']
[barnes] unpaused.
[monitor] ['52%', '100%', '54%', '100%']  memcached=106.2%
[monitor] ['54%', '100%', '51%', '100%']  memcached=105.2%
[monitor] ['78%', '100%', '85%', '100%']  memcached=163.7%
[MEMCACHED] cores updated to: ['0', '1', '2']
[barnes] paused.
[monitor] ['76%', '72%', '76%', '14%']  memcached=223.8%
[monitor] ['76%', '71%', '76%', '14%']  memcached=222.4%
[monitor] ['70%', '68%', '72%', '11%']  memcached=210.0%
[monitor] ['68%', '66%', '69%', '10%']  memcached=203.5%
[monitor] ['70%', '67%', '70%', '7%']  memcached=206.7%
[monitor] ['65%', '62%', '66%', '7%']  memcached=192.3%
[monitor] ['60%', '55%', '60%', '7%']  memcached=174.8%
[monitor] ['58%', '55%', '57%', '10%']  memcached=170.6%
[monitor] ['59%', '55%', '60%', '7%']  memcached=173.8%
[monitor] ['66%', '63%', '67%', '10%']  memcached=195.3%
[monitor] ['65%', '61%', '66%', '10%']  memcached=191.9%
[monitor] ['65%', '60%', '65%', '10%']  memcached=190.0%
[monitor] ['68%', '66%', '71%', '11%']  memcached=205.7%
[monitor] ['72%', '67%', '74%', '14%']  memcached=212.9%
[monitor] ['72%', '70%', '74%', '11%']  memcached=216.9%
[monitor] ['66%', '66%', '68%', '7%']  memcached=200.0%
[monitor] ['47%', '40%', '44%', '3%']  memcached=130.6%
[MEMCACHED] cores updated to: ['0', '2']
[barnes] unpaused.
[monitor] ['51%', '100%', '53%', '100%']  memcached=104.3%
[monitor] ['54%', '100%', '51%', '100%']  memcached=105.2%
[monitor] ['64%', '100%', '68%', '100%']  memcached=131.6%
[monitor] ['70%', '100%', '71%', '100%']  memcached=140.7%
[monitor] ['73%', '100%', '72%', '100%']  memcached=145.7%
[monitor] ['80%', '100%', '85%', '100%']  memcached=165.3%
[MEMCACHED] cores updated to: ['0', '1', '2']
[barnes] paused.
[monitor] ['83%', '78%', '83%', '12%']  memcached=244.4%
[monitor] ['81%', '78%', '85%', '14%']  memcached=244.2%
[monitor] ['71%', '68%', '73%', '11%']  memcached=212.8%
[monitor] ['50%', '48%', '51%', '7%']  memcached=148.9%
[monitor] ['49%', '48%', '51%', '7%']  memcached=147.7%
[monitor] ['49%', '48%', '48%', '7%']  memcached=144.3%
[monitor] ['62%', '56%', '61%', '7%']  memcached=179.0%
[monitor] ['62%', '58%', '63%', '10%']  memcached=182.8%
[monitor] ['61%', '61%', '63%', '10%']  memcached=185.5%
[monitor] ['74%', '68%', '71%', '11%']  memcached=212.2%
[monitor] ['85%', '83%', '91%', '19%']  memcached=259.1%
[monitor] ['85%', '82%', '88%', '18%']  memcached=254.6%
[monitor] ['83%', '81%', '85%', '15%']  memcached=248.7%
[monitor] ['83%', '78%', '86%', '11%']  memcached=246.9%
[monitor] ['83%', '81%', '85%', '8%']  memcached=249.2%
[monitor] ['85%', '77%', '86%', '15%']  memcached=247.7%
[monitor] ['76%', '74%', '77%', '8%']  memcached=227.8%
[monitor] ['74%', '71%', '76%', '7%']  memcached=220.4%
[monitor] ['74%', '70%', '78%', '14%']  memcached=222.4%
[monitor] ['60%', '58%', '61%', '10%']  memcached=180.0%
[monitor] ['53%', '47%', '50%', '3%']  memcached=149.8%
[monitor] ['52%', '49%', '52%', '7%']  memcached=153.2%
[monitor] ['57%', '57%', '60%', '4%']  memcached=174.2%
[monitor] ['83%', '80%', '85%', '14%']  memcached=248.6%
[monitor] ['83%', '78%', '83%', '15%']  memcached=244.1%
[monitor] ['80%', '77%', '84%', '11%']  memcached=241.5%
[monitor] ['72%', '67%', '72%', '11%']  memcached=210.3%
[monitor] ['70%', '68%', '72%', '11%']  memcached=209.3%
[monitor] ['69%', '66%', '70%', '14%']  memcached=205.4%
[monitor] ['70%', '68%', '70%', '17%']  memcached=207.5%
[monitor] ['70%', '68%', '71%', '7%']  memcached=209.3%
[monitor] ['72%', '67%', '72%', '11%']  memcached=210.3%
[monitor] ['70%', '67%', '74%', '11%']  memcached=210.4%
[monitor] ['77%', '76%', '81%', '20%']  memcached=233.4%
[monitor] ['82%', '76%', '83%', '14%']  memcached=240.1%
[monitor] ['78%', '74%', '81%', '11%']  memcached=232.7%
[monitor] ['46%', '46%', '47%', '3%']  memcached=138.1%
[MEMCACHED] cores updated to: ['0', '2']
[barnes] unpaused.
[monitor] ['51%', '100%', '51%', '100%']  memcached=102.1%
[monitor] ['53%', '100%', '50%', '100%']  memcached=103.2%
[monitor] ['55%', '100%', '58%', '100%']  memcached=113.7%
[monitor] ['58%', '100%', '58%', '100%']  memcached=115.9%
[monitor] ['58%', '100%', '59%', '100%']  memcached=116.5%
[monitor] ['61%', '100%', '62%', '100%']  memcached=123.6%
[monitor] ['71%', '100%', '72%', '100%']  memcached=142.8%
[monitor] ['68%', '100%', '70%', '100%']  memcached=137.5%
[monitor] ['70%', '100%', '68%', '100%']  memcached=137.5%
[monitor] ['61%', '100%', '62%', '100%']  memcached=123.1%
[monitor] ['58%', '100%', '59%', '33%']  memcached=117.2%
[monitor] ['60%', '100%', '58%', '27%']  memcached=118.1%
[monitor] ['62%', '100%', '62%', '100%']  memcached=124.1%
[monitor] ['65%', '90%', '64%', '100%']  memcached=129.4%
[monitor] ['64%', '93%', '63%', '100%']  memcached=127.7%
[monitor] ['68%', '100%', '68%', '100%']  memcached=135.8%
[monitor] ['76%', '100%', '76%', '100%']  memcached=151.4%
[monitor] ['81%', '100%', '70%', '100%']  memcached=150.6%
[monitor] ['76%', '100%', '72%', '100%']  memcached=148.8%
[monitor] ['100%', '100%', '88%', '100%']  memcached=187.9%
[MEMCACHED] cores updated to: ['0', '1', '2']
[barnes] paused.
[monitor] ['80%', '76%', '81%', '14%']  memcached=236.2%
[monitor] ['83%', '78%', '82%', '18%']  memcached=243.0%
[monitor] ['65%', '62%', '65%', '10%']  memcached=192.0%
[monitor] ['59%', '58%', '60%', '7%']  memcached=177.7%
[monitor] ['57%', '55%', '58%', '13%']  memcached=170.0%
[monitor] ['62%', '56%', '61%', '7%']  memcached=179.0%
[monitor] ['64%', '60%', '65%', '7%']  memcached=189.3%
[monitor] ['67%', '63%', '67%', '10%']  memcached=196.1%
[monitor] ['66%', '63%', '67%', '4%']  memcached=195.3%
[monitor] ['80%', '78%', '82%', '17%']  memcached=240.7%
[monitor] ['81%', '75%', '81%', '14%']  memcached=236.1%
[monitor] ['81%', '78%', '83%', '15%']  memcached=241.7%
[monitor] ['57%', '56%', '56%', '7%']  memcached=169.1%
[monitor] ['53%', '48%', '51%', '3%']  memcached=152.0%
[monitor] ['55%', '51%', '55%', '10%']  memcached=160.2%
[monitor] ['57%', '53%', '57%', '10%']  memcached=167.1%
[monitor] ['59%', '56%', '60%', '16%']  memcached=174.4%
[monitor] ['60%', '59%', '60%', '16%']  memcached=180.0%
[monitor] ['59%', '54%', '60%', '7%']  memcached=172.3%
[monitor] ['49%', '50%', '52%', '7%']  memcached=151.1%
[monitor] ['49%', '45%', '48%', '3%']  memcached=141.9%
[monitor] ['49%', '48%', '49%', '7%']  memcached=145.6%
[monitor] ['67%', '65%', '67%', '11%']  memcached=198.3%
[monitor] ['71%', '69%', '74%', '7%']  memcached=214.0%
[monitor] ['72%', '68%', '72%', '11%']  memcached=213.3%
[monitor] ['74%', '71%', '76%', '17%']  memcached=220.4%
[monitor] ['76%', '72%', '76%', '7%']  memcached=223.8%
[monitor] ['76%', '74%', '78%', '17%']  memcached=228.4%
[monitor] ['76%', '72%', '74%', '11%']  memcached=222.2%
[monitor] ['56%', '52%', '55%', '10%']  memcached=162.8%
[monitor] ['55%', '52%', '56%', '4%']  memcached=162.6%
[monitor] ['56%', '52%', '57%', '7%']  memcached=165.0%
[monitor] ['72%', '67%', '71%', '7%']  memcached=210.2%
[monitor] ['74%', '70%', '76%', '7%']  memcached=220.0%
[monitor] ['74%', '72%', '76%', '14%']  memcached=221.8%
[monitor] ['74%', '69%', '77%', '7%']  memcached=220.5%
[monitor] ['71%', '69%', '73%', '11%']  memcached=213.3%
[monitor] ['76%', '73%', '77%', '11%']  memcached=226.2%
[monitor] ['68%', '67%', '69%', '10%']  memcached=204.2%
[monitor] ['43%', '40%', '44%', '3%']  memcached=126.8%
[MEMCACHED] cores updated to: ['0', '2']
[barnes] unpaused.
[monitor] ['52%', '100%', '51%', '100%']  memcached=103.1%
[monitor] ['53%', '100%', '53%', '100%']  memcached=106.1%
[monitor] ['69%', '100%', '67%', '100%']  memcached=135.7%
[monitor] ['74%', '100%', '69%', '100%']  memcached=143.6%
[monitor] ['72%', '100%', '70%', '100%']  memcached=142.5%
[monitor] ['82%', '100%', '78%', '100%']  memcached=160.7%
[MEMCACHED] cores updated to: ['0', '1', '2']
[barnes] paused.
[monitor] ['81%', '76%', '81%', '7%']  memcached=237.4%
[monitor] ['78%', '73%', '78%', '17%']  memcached=229.7%
[monitor] ['81%', '76%', '83%', '14%']  memcached=239.1%
[monitor] ['86%', '83%', '88%', '15%']  memcached=256.9%
[monitor] ['85%', '82%', '88%', '15%']  memcached=255.9%
[monitor] ['86%', '82%', '88%', '22%']  memcached=255.4%
[monitor] ['68%', '66%', '70%', '14%']  memcached=204.3%
[monitor] ['68%', '63%', '67%', '17%']  memcached=197.6%
[monitor] ['66%', '62%', '68%', '7%']  memcached=195.9%
[monitor] ['70%', '64%', '69%', '7%']  memcached=203.3%
[monitor] ['70%', '68%', '72%', '14%']  memcached=210.1%
[monitor] ['71%', '66%', '72%', '17%']  memcached=209.1%
[monitor] ['68%', '65%', '68%', '4%']  memcached=201.8%
[monitor] ['59%', '54%', '60%', '10%']  memcached=172.3%
[monitor] ['57%', '58%', '60%', '7%']  memcached=174.9%
[monitor] ['61%', '55%', '59%', '7%']  memcached=174.7%
[monitor] ['80%', '78%', '83%', '17%']  memcached=241.1%
[monitor] ['85%', '80%', '85%', '15%']  memcached=249.7%
[monitor] ['84%', '80%', '88%', '18%']  memcached=251.7%
[monitor] ['73%', '68%', '74%', '7%']  memcached=214.2%
[monitor] ['61%', '60%', '62%', '7%']  memcached=183.9%
[monitor] ['64%', '57%', '64%', '10%']  memcached=186.1%
[monitor] ['63%', '60%', '63%', '10%']  memcached=186.7%
[monitor] ['64%', '57%', '64%', '10%']  memcached=186.1%
[monitor] ['63%', '57%', '63%', '4%']  memcached=183.3%
[monitor] ['64%', '60%', '62%', '10%']  memcached=186.7%
[monitor] ['49%', '44%', '47%', '3%']  memcached=140.0%
[monitor] ['44%', '43%', '47%', '3%']  memcached=134.3%
[MEMCACHED] cores updated to: ['0', '2']
[barnes] unpaused.
[monitor] ['52%', '100%', '50%', '100%']  memcached=102.0%
[monitor] ['66%', '100%', '64%', '100%']  memcached=130.1%
[monitor] ['76%', '100%', '74%', '100%']  memcached=150.0%
[monitor] ['74%', '100%', '74%', '100%']  memcached=148.0%
[monitor] ['74%', '100%', '74%', '100%']  memcached=148.0%
[monitor] ['66%', '100%', '67%', '100%']  memcached=132.5%
[monitor] ['65%', '100%', '68%', '100%']  memcached=132.5%
[monitor] ['70%', '100%', '68%', '100%']  memcached=138.1%
[monitor] ['51%', '100%', '52%', '100%']  memcached=103.1%
[monitor] ['49%', '100%', '48%', '100%']  memcached=96.8%
[monitor] ['48%', '100%', '49%', '100%']  memcached=96.8%
[monitor] ['50%', '100%', '50%', '100%']  memcached=100.0%
[monitor] ['49%', '100%', '50%', '100%']  memcached=98.9%
[monitor] ['49%', '100%', '49%', '100%']  memcached=97.9%
[monitor] ['52%', '100%', '51%', '100%']  memcached=103.3%
[monitor] ['69%', '100%', '69%', '100%']  memcached=138.1%
[monitor] ['68%', '100%', '69%', '100%']  memcached=137.3%
[monitor] ['66%', '100%', '68%', '100%']  memcached=133.4%
[monitor] ['97%', '100%', '94%', '100%']  memcached=190.6%
[MEMCACHED] cores updated to: ['0', '1', '2']
[barnes] paused.
[monitor] ['85%', '78%', '88%', '14%']  memcached=251.0%
[monitor] ['83%', '79%', '85%', '15%']  memcached=247.6%
[monitor] ['67%', '63%', '66%', '11%']  memcached=195.9%
[monitor] ['57%', '52%', '60%', '10%']  memcached=169.2%
[monitor] ['61%', '55%', '60%', '10%']  memcached=176.6%
[monitor] ['63%', '60%', '67%', '7%']  memcached=190.1%
[monitor] ['81%', '78%', '82%', '18%']  memcached=240.7%
[monitor] ['82%', '76%', '82%', '11%']  memcached=241.0%
[monitor] ['81%', '77%', '81%', '18%']  memcached=239.3%
[monitor] ['47%', '43%', '44%', '3%']  memcached=134.0%
[MEMCACHED] cores updated to: ['0', '2']
[barnes] unpaused.
[monitor] ['55%', '100%', '52%', '100%']  memcached=107.3%
[monitor] ['50%', '100%', '52%', '100%']  memcached=102.1%
[monitor] ['54%', '100%', '54%', '100%']  memcached=108.5%
[monitor] ['55%', '100%', '51%', '100%']  memcached=106.4%
[monitor] ['54%', '100%', '53%', '100%']  memcached=107.5%
[monitor] ['57%', '100%', '58%', '100%']  memcached=115.2%
[monitor] ['66%', '100%', '64%', '100%']  memcached=130.1%
[monitor] ['65%', '100%', '66%', '100%']  memcached=131.0%
[monitor] ['65%', '100%', '66%', '100%']  memcached=131.0%
[monitor] ['76%', '100%', '76%', '100%']  memcached=152.6%
[monitor] ['77%', '100%', '78%', '100%']  memcached=155.5%
[monitor] ['76%', '100%', '76%', '100%']  memcached=151.4%
[monitor] ['65%', '100%', '65%', '100%']  memcached=130.0%
[monitor] ['62%', '100%', '60%', '100%']  memcached=121.7%
[monitor] ['62%', '100%', '63%', '100%']  memcached=124.7%
[monitor] ['57%', '100%', '56%', '100%']  memcached=112.1%
[monitor] ['44%', '100%', '45%', '100%']  memcached=89.1%
[monitor] ['43%', '100%', '43%', '100%']  memcached=86.7%
[monitor] ['48%', '100%', '48%', '100%']  memcached=95.7%
[monitor] ['97%', '100%', '97%', '100%']  memcached=193.4%
[MEMCACHED] cores updated to: ['0', '1', '2']
[barnes] paused.
[monitor] ['83%', '75%', '83%', '11%']  memcached=241.2%
[monitor] ['80%', '80%', '85%', '12%']  memcached=244.8%
[monitor] ['58%', '55%', '55%', '7%']  memcached=167.9%
[monitor] ['50%', '48%', '52%', '3%']  memcached=149.8%
[monitor] ['53%', '47%', '53%', '7%']  memcached=153.0%
[monitor] ['55%', '51%', '56%', '7%']  memcached=161.3%
[monitor] ['63%', '59%', '63%', '13%']  memcached=184.7%
[monitor] ['63%', '61%', '63%', '10%']  memcached=188.2%
[monitor] ['62%', '58%', '62%', '7%']  memcached=181.9%
[monitor] ['57%', '55%', '57%', '7%']  memcached=168.5%
[monitor] ['57%', '51%', '57%', '7%']  memcached=164.9%
[monitor] ['56%', '52%', '53%', '7%']  memcached=161.3%
[monitor] ['58%', '56%', '60%', '7%']  memcached=174.4%
[monitor] ['58%', '53%', '60%', '7%']  memcached=171.6%
[monitor] ['56%', '56%', '58%', '7%']  memcached=170.1%
[monitor] ['52%', '46%', '52%', '7%']  memcached=150.9%
[monitor] ['45%', '41%', '44%', '7%']  memcached=130.4%
[MEMCACHED] cores updated to: ['0', '2']
[barnes] unpaused.
[monitor] ['50%', '100%', '50%', '100%']  memcached=100.0%
[monitor] ['53%', '100%', '52%', '100%']  memcached=105.1%
[monitor] ['72%', '100%', '74%', '100%']  memcached=146.2%
[monitor] ['74%', '100%', '74%', '100%']  memcached=147.4%
[monitor] ['72%', '100%', '74%', '100%']  memcached=145.5%
[monitor] ['78%', '100%', '76%', '100%']  memcached=153.5%
[monitor] ['74%', '100%', '77%', '100%']  memcached=151.4%
[monitor] ['76%', '100%', '78%', '100%']  memcached=153.5%
[monitor] ['76%', '100%', '76%', '100%']  memcached=152.6%
[monitor] ['72%', '100%', '71%', '100%']  memcached=142.5%
[monitor] ['71%', '100%', '72%', '100%']  memcached=142.5%
[monitor] ['70%', '100%', '70%', '100%']  memcached=140.0%
[monitor] ['77%', '100%', '77%', '100%']  memcached=154.3%
[monitor] ['74%', '100%', '76%', '100%']  memcached=150.0%
[monitor] ['76%', '100%', '76%', '100%']  memcached=151.4%
[monitor] ['70%', '100%', '72%', '100%']  memcached=141.8%
[monitor] ['70%', '100%', '69%', '100%']  memcached=139.2%
[monitor] ['68%', '100%', '70%', '100%']  memcached=137.5%
[monitor] ['80%', '100%', '81%', '100%']  memcached=160.6%
[MEMCACHED] cores updated to: ['0', '1', '2']
[barnes] paused.
[monitor] ['86%', '81%', '85%', '23%']  memcached=251.6%
[monitor] ['78%', '75%', '80%', '11%']  memcached=233.4%
[monitor] ['76%', '73%', '78%', '8%']  memcached=227.7%
[monitor] ['57%', '52%', '57%', '7%']  memcached=166.0%
[monitor] ['56%', '51%', '55%', '7%']  memcached=161.8%
[monitor] ['55%', '52%', '58%', '10%']  memcached=164.8%
[monitor] ['58%', '56%', '56%', '10%']  memcached=169.7%
[monitor] ['60%', '54%', '60%', '7%']  memcached=174.6%
[monitor] ['60%', '52%', '58%', '7%']  memcached=170.0%
[monitor] ['60%', '54%', '60%', '10%']  memcached=174.1%
[monitor] ['60%', '57%', '59%', '7%']  memcached=176.1%
[monitor] ['60%', '55%', '61%', '7%']  memcached=176.6%
[monitor] ['59%', '54%', '57%', '7%']  memcached=170.2%
[monitor] ['53%', '52%', '55%', '7%']  memcached=160.3%
[monitor] ['55%', '53%', '58%', '13%']  memcached=165.8%
[monitor] ['54%', '51%', '56%', '7%']  memcached=160.6%
[monitor] ['70%', '68%', '71%', '11%']  memcached=208.6%
[monitor] ['71%', '67%', '74%', '11%']  memcached=211.4%
[monitor] ['72%', '68%', '74%', '11%']  memcached=213.8%
[monitor] ['71%', '68%', '72%', '14%']  memcached=211.1%
[monitor] ['71%', '67%', '71%', '4%']  memcached=208.8%
[monitor] ['70%', '67%', '72%', '10%']  memcached=208.5%
[monitor] ['70%', '65%', '72%', '11%']  memcached=206.8%
[monitor] ['69%', '63%', '67%', '11%']  memcached=199.1%
[monitor] ['64%', '62%', '68%', '10%']  memcached=194.1%
[monitor] ['68%', '62%', '66%', '10%']  memcached=194.9%
[monitor] ['58%', '55%', '57%', '7%']  memcached=169.5%
[monitor] ['56%', '54%', '56%', '13%']  memcached=165.3%
[monitor] ['57%', '52%', '57%', '3%']  memcached=165.9%
[monitor] ['59%', '56%', '60%', '4%']  memcached=174.8%
[monitor] ['63%', '59%', '62%', '7%']  memcached=183.8%
[monitor] ['60%', '56%', '59%', '13%']  memcached=175.1%
[monitor] ['66%', '63%', '68%', '11%']  memcached=196.8%
[monitor] ['75%', '73%', '76%', '11%']  memcached=223.6%
[monitor] ['74%', '70%', '75%', '11%']  memcached=218.7%
[monitor] ['76%', '72%', '76%', '14%']  memcached=223.6%
[monitor] ['47%', '42%', '45%', '3%']  memcached=134.0%
[MEMCACHED] cores updated to: ['0', '2']
[barnes] unpaused.
[monitor] ['48%', '100%', '51%', '100%']  memcached=98.9%
[monitor] ['50%', '100%', '49%', '100%']  memcached=98.9%
[monitor] ['69%', '100%', '70%', '21%']  memcached=139.5%
[monitor] ['88%', '100%', '91%', '8%']  memcached=178.8%
[MEMCACHED] cores updated to: ['0', '1', '2']
[barnes] paused.
[monitor] ['76%', '71%', '76%', '14%']  memcached=223.7%
[monitor] ['76%', '74%', '78%', '17%']  memcached=227.8%
[monitor] ['78%', '74%', '81%', '17%']  memcached=233.1%
[monitor] ['76%', '73%', '78%', '8%']  memcached=227.7%
[monitor] ['76%', '71%', '75%', '7%']  memcached=221.7%
[monitor] ['86%', '82%', '88%', '12%']  memcached=255.8%
[monitor] ['82%', '78%', '83%', '8%']  memcached=243.6%
[monitor] ['83%', '80%', '88%', '17%']  memcached=250.7%
[monitor] ['63%', '58%', '60%', '7%']  memcached=180.9%
[monitor] ['51%', '49%', '49%', '3%']  memcached=148.8%
[monitor] ['50%', '47%', '51%', '10%']  memcached=147.6%
[monitor] ['53%', '47%', '52%', '3%']  memcached=152.1%
[monitor] ['55%', '48%', '56%', '7%']  memcached=157.9%
[monitor] ['56%', '53%', '53%', '10%']  memcached=162.5%
[monitor] ['56%', '53%', '58%', '7%']  memcached=166.9%
[monitor] ['48%', '42%', '48%', '6%']  memcached=137.4%
[MEMCACHED] cores updated to: ['0', '2']
[barnes] unpaused.
[monitor] ['55%', '100%', '55%', '93%']  memcached=110.6%
[monitor] ['54%', '100%', '52%', '100%']  memcached=106.3%
[monitor] ['51%', '83%', '48%', '100%']  memcached=98.9%
[monitor] ['47%', '100%', '50%', '100%']  memcached=96.7%
[monitor] ['49%', '100%', '48%', '100%']  memcached=96.8%
[monitor] ['60%', '100%', '60%', '100%']  memcached=119.0%
[monitor] ['81%', '100%', '88%', '100%']  memcached=168.1%
[MEMCACHED] cores updated to: ['0', '1', '2']
[barnes] paused.
[monitor] ['73%', '69%', '76%', '11%']  memcached=217.9%
[monitor] ['73%', '72%', '76%', '11%']  memcached=220.4%
[monitor] ['50%', '43%', '45%', '7%']  memcached=138.3%
[MEMCACHED] cores updated to: ['0', '2']
[barnes] unpaused.
[monitor] ['52%', '100%', '54%', '100%']  memcached=106.5%
[monitor] ['55%', '100%', '53%', '100%']  memcached=107.9%
[monitor] ['72%', '100%', '72%', '100%']  memcached=144.3%
[monitor] ['81%', '100%', '85%', '100%']  memcached=165.8%
[MEMCACHED] cores updated to: ['0', '1', '2']
[barnes] paused.
[monitor] ['70%', '68%', '71%', '7%']  memcached=208.6%
[monitor] ['69%', '65%', '70%', '11%']  memcached=204.2%
[monitor] ['70%', '67%', '71%', '11%']  memcached=207.7%
[monitor] ['70%', '68%', '72%', '10%']  memcached=209.6%
[monitor] ['72%', '67%', '72%', '17%']  memcached=210.3%
[monitor] ['78%', '76%', '83%', '18%']  memcached=237.0%
[monitor] ['81%', '76%', '79%', '11%']  memcached=235.6%
[monitor] ['81%', '75%', '81%', '14%']  memcached=236.1%
[monitor] ['68%', '65%', '69%', '7%']  memcached=201.7%
[monitor] ['64%', '60%', '66%', '7%']  memcached=190.4%
[monitor] ['66%', '61%', '66%', '4%']  memcached=192.7%
[monitor] ['68%', '64%', '68%', '11%']  memcached=199.9%
[monitor] ['78%', '74%', '81%', '17%']  memcached=233.3%
[monitor] ['77%', '72%', '78%', '11%']  memcached=226.5%
[monitor] ['76%', '75%', '77%', '11%']  memcached=227.8%
[monitor] ['74%', '70%', '73%', '7%']  memcached=216.9%
[monitor] ['71%', '68%', '71%', '7%']  memcached=210.1%
[monitor] ['72%', '67%', '74%', '14%']  memcached=212.8%
[monitor] ['59%', '57%', '59%', '13%']  memcached=175.3%
[monitor] ['56%', '49%', '55%', '10%']  memcached=159.4%
[monitor] ['56%', '51%', '53%', '12%']  memcached=160.2%
[monitor] ['55%', '52%', '56%', '10%']  memcached=162.4%
[monitor] ['52%', '51%', '53%', '10%']  memcached=156.9%
[monitor] ['53%', '49%', '52%', '10%']  memcached=154.5%
[monitor] ['57%', '55%', '56%', '7%']  memcached=167.2%
[monitor] ['85%', '80%', '84%', '18%']  memcached=249.7%
[monitor] ['86%', '82%', '88%', '14%']  memcached=255.9%
[monitor] ['86%', '78%', '85%', '15%']  memcached=248.8%
[monitor] ['72%', '70%', '75%', '11%']  memcached=216.8%
[monitor] ['70%', '63%', '68%', '7%']  memcached=201.6%
[monitor] ['69%', '69%', '70%', '17%']  memcached=208.3%
[monitor] ['63%', '60%', '66%', '7%']  memcached=188.8%
[monitor] ['59%', '53%', '59%', '10%']  memcached=171.7%
[monitor] ['55%', '56%', '57%', '10%']  memcached=167.7%
[monitor] ['60%', '57%', '57%', '7%']  memcached=174.8%
[monitor] ['74%', '69%', '76%', '11%']  memcached=219.5%
[monitor] ['78%', '72%', '76%', '11%']  memcached=225.9%
[monitor] ['76%', '72%', '78%', '14%']  memcached=225.7%
[monitor] ['64%', '62%', '66%', '7%']  memcached=192.0%
[monitor] ['63%', '60%', '63%', '4%']  memcached=187.3%
[monitor] ['62%', '60%', '63%', '10%']  memcached=184.7%
[monitor] ['71%', '67%', '72%', '10%']  memcached=209.9%
[monitor] ['81%', '74%', '80%', '8%']  memcached=234.2%
[monitor] ['81%', '76%', '83%', '11%']  memcached=240.3%
[monitor] ['78%', '75%', '78%', '11%']  memcached=231.2%
[monitor] ['71%', '69%', '72%', '14%']  memcached=212.1%
[monitor] ['72%', '68%', '73%', '7%']  memcached=213.8%
[monitor] ['74%', '69%', '74%', '17%']  memcached=216.6%
[monitor] ['50%', '44%', '47%', '7%']  memcached=140.7%
[monitor] ['42%', '43%', '45%', '3%']  memcached=130.4%
[MEMCACHED] cores updated to: ['0', '2']
[barnes] unpaused.
[monitor] ['48%', '100%', '50%', '100%']  memcached=97.9%
[monitor] ['68%', '100%', '66%', '100%']  memcached=134.1%
[monitor] ['90%', '100%', '85%', '100%']  memcached=175.6%
[MEMCACHED] cores updated to: ['0', '1', '2']
[barnes] paused.
[monitor] ['77%', '74%', '78%', '20%']  memcached=229.0%
[monitor] ['71%', '70%', '73%', '14%']  memcached=214.0%
[monitor] ['56%', '52%', '58%', '10%']  memcached=165.9%
[monitor] ['58%', '57%', '58%', '13%']  memcached=172.7%
[monitor] ['57%', '51%', '58%', '7%']  memcached=165.8%
[monitor] ['63%', '57%', '62%', '10%']  memcached=182.4%
[monitor] ['62%', '60%', '63%', '7%']  memcached=185.4%
[monitor] ['63%', '61%', '66%', '7%']  memcached=190.2%
[monitor] ['63%', '60%', '62%', '13%']  memcached=184.2%
[monitor] ['58%', '52%', '58%', '7%']  memcached=168.7%
[monitor] ['60%', '57%', '60%', '7%']  memcached=175.9%
[monitor] ['59%', '52%', '57%', '7%']  memcached=167.9%
[monitor] ['47%', '47%', '48%', '10%']  memcached=141.2%
[monitor] ['47%', '44%', '47%', '6%']  memcached=137.8%
[MEMCACHED] cores updated to: ['0', '2']
[barnes] unpaused.
[monitor] ['56%', '100%', '56%', '100%']  memcached=112.5%
[monitor] ['85%', '100%', '76%', '100%']  memcached=161.0%
[MEMCACHED] cores updated to: ['0', '1', '2']
[barnes] paused.
[monitor] ['74%', '72%', '74%', '14%']  memcached=219.9%
[monitor] ['74%', '68%', '74%', '14%']  memcached=216.5%
[monitor] ['69%', '67%', '72%', '17%']  memcached=208.4%
[monitor] ['72%', '67%', '71%', '17%']  memcached=209.5%
[monitor] ['72%', '68%', '74%', '17%']  memcached=213.0%
[monitor] ['71%', '68%', '72%', '11%']  memcached=211.1%
[monitor] ['70%', '66%', '72%', '11%']  memcached=207.6%
[monitor] ['71%', '65%', '70%', '7%']  memcached=205.8%
[monitor] ['68%', '64%', '69%', '7%']  memcached=200.8%
[monitor] ['44%', '38%', '43%', '3%']  memcached=125.1%
[MEMCACHED] cores updated to: ['0', '2']
[barnes] unpaused.
[monitor] ['46%', '100%', '47%', '100%']  memcached=92.5%
[monitor] ['46%', '100%', '47%', '100%']  memcached=92.8%
[monitor] ['56%', '100%', '59%', '100%']  memcached=114.9%
[monitor] ['67%', '100%', '66%', '100%']  memcached=132.6%
[monitor] ['66%', '100%', '66%', '100%']  memcached=131.7%
[monitor] ['70%', '100%', '68%', '100%']  memcached=137.3%
[monitor] ['64%', '100%', '64%', '100%']  memcached=127.9%
[monitor] ['67%', '100%', '67%', '100%']  memcached=134.1%
[monitor] ['64%', '100%', '64%', '100%']  memcached=128.6%
[monitor] ['94%', '100%', '83%', '100%']  memcached=176.6%
[MEMCACHED] cores updated to: ['0', '1', '2']
[barnes] paused.
[monitor] ['78%', '73%', '80%', '17%']  memcached=230.8%
[monitor] ['81%', '74%', '78%', '14%']  memcached=232.0%
[monitor] ['62%', '57%', '63%', '10%']  memcached=182.8%
[monitor] ['56%', '52%', '57%', '4%']  memcached=165.3%
[monitor] ['57%', '51%', '53%', '10%']  memcached=161.5%
[monitor] ['58%', '54%', '59%', '7%']  memcached=170.3%
[monitor] ['64%', '60%', '65%', '10%']  memcached=189.9%
[monitor] ['63%', '60%', '65%', '13%']  memcached=188.4%
[monitor] ['64%', '62%', '66%', '7%']  memcached=192.0%
[monitor] ['45%', '42%', '47%', '10%']  memcached=134.0%
[MEMCACHED] cores updated to: ['0', '2']
[barnes] unpaused.
[monitor] ['52%', '100%', '50%', '100%']  memcached=102.1%
[monitor] ['53%', '100%', '52%', '100%']  memcached=105.1%
[monitor] ['63%', '100%', '60%', '100%']  memcached=122.3%
[monitor] ['67%', '100%', '67%', '100%']  memcached=133.3%
[monitor] ['67%', '100%', '65%', '100%']  memcached=132.4%
[monitor] ['63%', '100%', '64%', '100%']  memcached=126.4%
[monitor] ['58%', '100%', '60%', '100%']  memcached=117.8%
[monitor] ['57%', '100%', '56%', '100%']  memcached=112.6%
[monitor] ['60%', '100%', '59%', '100%']  memcached=118.3%
[monitor] ['91%', '100%', '83%', '100%']  memcached=173.5%
[MEMCACHED] cores updated to: ['0', '1', '2']
[barnes] paused.
[monitor] ['75%', '72%', '74%', '19%']  memcached=221.2%
[monitor] ['74%', '72%', '76%', '8%']  memcached=221.2%
[monitor] ['81%', '75%', '81%', '14%']  memcached=236.1%
[monitor] ['80%', '76%', '82%', '14%']  memcached=238.0%
[monitor] ['83%', '80%', '83%', '15%']  memcached=246.2%
[monitor] ['81%', '76%', '83%', '14%']  memcached=240.2%
[monitor] ['78%', '76%', '80%', '8%']  memcached=234.1%
[monitor] ['78%', '73%', '79%', '14%']  memcached=229.7%
[monitor] ['78%', '74%', '78%', '11%']  memcached=229.2%
[monitor] ['46%', '43%', '42%', '3%']  memcached=130.7%
[MEMCACHED] cores updated to: ['0', '2']
[barnes] unpaused.
[monitor] ['49%', '100%', '49%', '100%']  memcached=97.9%
[monitor] ['48%', '100%', '48%', '100%']  memcached=95.7%
[monitor] ['64%', '100%', '64%', '100%']  memcached=128.6%
[monitor] ['76%', '100%', '74%', '100%']  memcached=149.4%
[monitor] ['72%', '100%', '71%', '100%']  memcached=142.8%
[monitor] ['71%', '100%', '70%', '100%']  memcached=141.1%
[monitor] ['68%', '100%', '69%', '100%']  memcached=136.7%
[monitor] ['69%', '100%', '69%', '100%']  memcached=138.3%
[monitor] ['67%', '100%', '68%', '100%']  memcached=134.2%
[monitor] ['53%', '100%', '52%', '100%']  memcached=105.6%
[monitor] ['55%', '100%', '51%', '100%']  memcached=106.5%
[monitor] ['54%', '100%', '54%', '100%']  memcached=108.7%
[monitor] ['52%', '100%', '50%', '100%']  memcached=102.2%
[monitor] ['52%', '100%', '50%', '100%']  memcached=102.1%
[monitor] ['49%', '100%', '51%', '100%']  memcached=100.0%
[monitor] ['52%', '100%', '50%', '100%']  memcached=102.3%
[monitor] ['58%', '100%', '57%', '100%']  memcached=114.6%
[monitor] ['57%', '100%', '58%', '100%']  memcached=114.6%
[monitor] ['56%', '100%', '57%', '100%']  memcached=112.4%
[monitor] ['51%', '100%', '53%', '100%']  memcached=104.1%
[monitor] ['53%', '100%', '51%', '100%']  memcached=104.3%
[monitor] ['51%', '100%', '52%', '100%']  memcached=103.1%
[monitor] ['74%', '100%', '78%', '100%']  memcached=152.1%
[monitor] ['86%', '100%', '85%', '100%']  memcached=171.0%
[MEMCACHED] cores updated to: ['0', '1', '2']
[barnes] paused.
[monitor] ['74%', '71%', '78%', '14%']  memcached=223.2%
[monitor] ['81%', '74%', '81%', '11%']  memcached=235.5%
[monitor] ['83%', '80%', '85%', '15%']  memcached=248.6%
[monitor] ['83%', '81%', '86%', '17%']  memcached=249.1%
[monitor] ['78%', '73%', '77%', '8%']  memcached=227.9%
[monitor] ['42%', '37%', '43%', '3%']  memcached=122.9%
[MEMCACHED] cores updated to: ['0', '2']
[barnes] unpaused.
[monitor] ['47%', '100%', '44%', '100%']  memcached=91.3%
[monitor] ['46%', '100%', '49%', '100%']  memcached=94.8%
[monitor] ['60%', '100%', '61%', '100%']  memcached=121.8%
[monitor] ['64%', '100%', '64%', '100%']  memcached=128.6%
[monitor] ['67%', '100%', '65%', '100%']  memcached=132.6%
[monitor] ['67%', '100%', '68%', '100%']  memcached=134.2%
[monitor] ['70%', '100%', '71%', '100%']  memcached=140.7%
[monitor] ['69%', '100%', '72%', '100%']  memcached=141.0%
[monitor] ['71%', '100%', '70%', '100%']  memcached=140.7%
[monitor] ['81%', '100%', '83%', '100%']  memcached=163.9%
[MEMCACHED] cores updated to: ['0', '1', '2']
[barnes] paused.
[monitor] ['71%', '68%', '71%', '7%']  memcached=210.5%
[monitor] ['72%', '66%', '71%', '14%']  memcached=208.7%
[monitor] ['52%', '48%', '52%', '7%']  memcached=152.1%
[monitor] ['47%', '43%', '48%', '3%']  memcached=137.7%
[MEMCACHED] cores updated to: ['0', '2']
[barnes] unpaused.
[monitor] ['56%', '100%', '51%', '100%']  memcached=107.4%
[monitor] ['69%', '100%', '72%', '100%']  memcached=141.0%
[monitor] ['97%', '100%', '97%', '100%']  memcached=193.5%
[MEMCACHED] cores updated to: ['0', '1', '2']
[barnes] paused.
[monitor] ['83%', '80%', '83%', '14%']  memcached=246.2%
[monitor] ['76%', '72%', '78%', '14%']  memcached=226.6%
[monitor] ['55%', '49%', '55%', '13%']  memcached=158.2%
[monitor] ['55%', '50%', '57%', '10%']  memcached=161.4%
[monitor] ['57%', '52%', '56%', '7%']  memcached=165.0%
[monitor] ['79%', '74%', '79%', '15%']  memcached=233.1%
[monitor] ['85%', '83%', '88%', '11%']  memcached=255.9%
[monitor] ['88%', '82%', '90%', '18%']  memcached=260.0%
[monitor] ['64%', '62%', '64%', '7%']  memcached=189.7%
[monitor] ['49%', '44%', '47%', '7%']  memcached=139.3%
[MEMCACHED] cores updated to: ['0', '2']
[barnes] unpaused.
[monitor] ['53%', '100%', '55%', '77%']  memcached=107.9%
[monitor] ['57%', '74%', '58%', '41%']  memcached=115.3%
[barnes] ended.
[MEMCACHED] cores updated to: ['0', '3']
[canneal] starting in background on cores: [1, 2] with 3 threads.
[monitor] ['94%', '91%', '75%', '90%']  memcached=184.1%
[MEMCACHED] cores updated to: ['0', '1', '3']
[canneal] cores updated to: [2]
[monitor] ['74%', '68%', '100%', '66%']  memcached=208.0%
[monitor] ['72%', '65%', '100%', '66%']  memcached=202.4%
[monitor] ['88%', '78%', '100%', '74%']  memcached=239.6%
[monitor] ['83%', '79%', '100%', '75%']  memcached=237.7%
[monitor] ['85%', '82%', '100%', '79%']  memcached=246.0%
[monitor] ['88%', '85%', '100%', '78%']  memcached=251.9%
[monitor] ['90%', '85%', '100%', '79%']  memcached=254.0%
[monitor] ['94%', '83%', '100%', '79%']  memcached=255.8%
[monitor] ['81%', '76%', '100%', '74%']  memcached=231.3%
[monitor] ['62%', '60%', '100%', '57%']  memcached=179.2%
[monitor] ['62%', '61%', '100%', '59%']  memcached=182.0%
[monitor] ['63%', '59%', '100%', '55%']  memcached=177.2%
[monitor] ['81%', '78%', '100%', '72%']  memcached=231.2%
[monitor] ['86%', '79%', '100%', '76%']  memcached=241.0%
[monitor] ['85%', '81%', '100%', '79%']  memcached=245.3%
[monitor] ['74%', '69%', '100%', '65%']  memcached=207.1%
[monitor] ['65%', '59%', '100%', '62%']  memcached=185.4%
[monitor] ['63%', '62%', '100%', '59%']  memcached=183.7%
[monitor] ['57%', '56%', '100%', '55%']  memcached=168.9%
[monitor] ['48%', '38%', '100%', '45%']  memcached=130.8%
[MEMCACHED] cores updated to: ['0', '3']
[canneal] cores updated to: [1, 2]
[monitor] ['59%', '45%', '100%', '42%']  memcached=101.0%
[monitor] ['44%', '3%', '100%', '44%']  memcached=88.9%
[monitor] ['68%', '11%', '100%', '64%']  memcached=131.6%
[monitor] ['71%', '10%', '100%', '67%']  memcached=137.7%
[monitor] ['67%', '7%', '100%', '64%']  memcached=130.8%
[monitor] ['64%', '10%', '100%', '64%']  memcached=128.4%
[monitor] ['63%', '4%', '100%', '58%']  memcached=120.7%
[monitor] ['63%', '13%', '100%', '60%']  memcached=122.9%
[monitor] ['68%', '14%', '100%', '67%']  memcached=134.2%
[monitor] ['88%', '12%', '100%', '82%']  memcached=170.2%
[MEMCACHED] cores updated to: ['0', '2', '3']
[canneal] cores updated to: [1]
[monitor] ['74%', '100%', '76%', '72%']  memcached=221.8%
[monitor] ['74%', '100%', '76%', '69%']  memcached=218.8%
[monitor] ['50%', '100%', '49%', '42%']  memcached=140.9%
[monitor] ['49%', '100%', '49%', '44%']  memcached=141.6%
[monitor] ['47%', '100%', '48%', '41%']  memcached=135.3%
[MEMCACHED] cores updated to: ['0', '3']
[canneal] cores updated to: [1, 2]
[monitor] ['69%', '100%', '18%', '67%']  memcached=135.9%
[monitor] ['76%', '100%', '15%', '74%']  memcached=150.6%
[monitor] ['76%', '100%', '15%', '72%']  memcached=147.9%
[monitor] ['68%', '100%', '60%', '68%']  memcached=135.9%
[monitor] ['57%', '100%', '24%', '46%']  memcached=102.7%
[monitor] ['55%', '100%', '13%', '44%']  memcached=99.0%
[monitor] ['56%', '100%', '16%', '51%']  memcached=106.8%
[monitor] ['69%', '100%', '14%', '68%']  memcached=136.5%
[monitor] ['69%', '100%', '18%', '68%']  memcached=136.8%
[monitor] ['67%', '100%', '11%', '65%']  memcached=131.7%
[monitor] ['66%', '100%', '11%', '62%']  memcached=128.4%
[monitor] ['62%', '100%', '11%', '60%']  memcached=122.4%
[monitor] ['64%', '100%', '11%', '61%']  memcached=124.6%
[monitor] ['70%', '100%', '15%', '66%']  memcached=135.8%
[monitor] ['78%', '100%', '12%', '81%']  memcached=158.9%
[monitor] ['80%', '100%', '33%', '77%']  memcached=157.1%
[monitor] ['78%', '100%', '25%', '76%']  memcached=153.5%
[monitor] ['49%', '100%', '7%', '40%']  memcached=88.9%
[monitor] ['47%', '100%', '7%', '39%']  memcached=85.7%
[monitor] ['50%', '100%', '7%', '43%']  memcached=92.9%
[monitor] ['68%', '100%', '12%', '67%']  memcached=135.1%
[monitor] ['85%', '100%', '12%', '82%']  memcached=167.1%
[MEMCACHED] cores updated to: ['0', '2', '3']
[canneal] cores updated to: [1]
[monitor] ['74%', '100%', '77%', '70%']  memcached=220.9%
[monitor] ['73%', '100%', '74%', '72%']  memcached=218.6%
[monitor] ['71%', '100%', '72%', '68%']  memcached=210.3%
[monitor] ['70%', '100%', '73%', '69%']  memcached=212.2%
[monitor] ['74%', '100%', '74%', '71%']  memcached=219.8%
[monitor] ['78%', '100%', '83%', '77%']  memcached=238.4%
[monitor] ['77%', '100%', '81%', '76%']  memcached=233.4%
[monitor] ['79%', '100%', '81%', '76%']  memcached=235.2%
[monitor] ['60%', '100%', '60%', '60%']  memcached=178.6%
[monitor] ['58%', '100%', '56%', '53%']  memcached=167.1%
[monitor] ['53%', '100%', '57%', '53%']  memcached=163.8%
[monitor] ['55%', '100%', '53%', '49%']  memcached=156.8%
[monitor] ['52%', '100%', '50%', '49%']  memcached=151.1%
[monitor] ['51%', '100%', '50%', '49%']  memcached=149.9%
[monitor] ['54%', '100%', '52%', '49%']  memcached=155.4%
[monitor] ['58%', '100%', '57%', '56%']  memcached=170.7%
[monitor] ['57%', '100%', '57%', '55%']  memcached=168.4%
[monitor] ['57%', '100%', '59%', '55%']  memcached=170.7%
[monitor] ['69%', '100%', '68%', '65%']  memcached=202.5%
[monitor] ['69%', '100%', '74%', '68%']  memcached=211.3%
[monitor] ['72%', '100%', '71%', '68%']  memcached=211.3%
[monitor] ['62%', '100%', '65%', '63%']  memcached=190.9%
[monitor] ['60%', '100%', '60%', '55%']  memcached=175.0%
[monitor] ['59%', '100%', '59%', '58%']  memcached=176.3%
[monitor] ['58%', '100%', '59%', '50%']  memcached=167.2%
[monitor] ['52%', '100%', '53%', '48%']  memcached=153.3%
[monitor] ['53%', '100%', '51%', '48%']  memcached=152.0%
[monitor] ['54%', '100%', '54%', '51%']  memcached=159.9%
[monitor] ['55%', '100%', '55%', '52%']  memcached=161.5%
[monitor] ['54%', '100%', '56%', '52%']  memcached=162.0%
[monitor] ['55%', '100%', '57%', '50%']  memcached=161.6%
[monitor] ['68%', '100%', '68%', '63%']  memcached=199.1%
[monitor] ['85%', '100%', '88%', '80%']  memcached=253.5%
[monitor] ['82%', '100%', '88%', '83%']  memcached=253.1%
[monitor] ['83%', '100%', '85%', '79%']  memcached=248.0%
[monitor] ['65%', '100%', '68%', '63%']  memcached=195.7%
[monitor] ['65%', '100%', '67%', '62%']  memcached=193.2%
[monitor] ['67%', '100%', '66%', '64%']  memcached=196.8%
[monitor] ['47%', '100%', '49%', '44%']  memcached=139.5%
[MEMCACHED] cores updated to: ['0', '3']
[canneal] cores updated to: [1, 2]
[monitor] ['49%', '100%', '3%', '40%']  memcached=89.4%
[monitor] ['50%', '100%', '7%', '43%']  memcached=93.2%
[monitor] ['47%', '100%', '7%', '43%']  memcached=90.0%
[monitor] ['47%', '100%', '7%', '38%']  memcached=84.9%
[monitor] ['46%', '100%', '6%', '39%']  memcached=84.9%
[monitor] ['49%', '100%', '4%', '47%']  memcached=95.6%
[monitor] ['89%', '100%', '22%', '88%']  memcached=176.5%
[MEMCACHED] cores updated to: ['0', '1', '3']
[canneal] cores updated to: [2]
[monitor] ['75%', '72%', '100%', '72%']  memcached=218.6%
[monitor] ['78%', '73%', '100%', '69%']  memcached=220.2%
[monitor] ['74%', '70%', '100%', '69%']  memcached=212.9%
[monitor] ['71%', '72%', '100%', '69%']  memcached=212.5%
[monitor] ['76%', '68%', '100%', '70%']  memcached=214.4%
[monitor] ['68%', '62%', '100%', '61%']  memcached=190.0%
[monitor] ['58%', '55%', '100%', '55%']  memcached=167.7%
[monitor] ['59%', '57%', '100%', '56%']  memcached=171.5%
[monitor] ['59%', '55%', '100%', '51%']  memcached=165.1%
[monitor] ['51%', '51%', '100%', '48%']  memcached=149.9%
[monitor] ['50%', '47%', '100%', '46%']  memcached=142.9%
[monitor] ['52%', '46%', '100%', '47%']  memcached=145.0%
[monitor] ['77%', '71%', '100%', '69%']  memcached=217.6%
[monitor] ['83%', '77%', '100%', '73%']  memcached=233.4%
[monitor] ['82%', '76%', '100%', '77%']  memcached=234.6%
[monitor] ['72%', '70%', '100%', '68%']  memcached=210.9%
[monitor] ['69%', '68%', '100%', '63%']  memcached=199.9%
[monitor] ['70%', '64%', '100%', '64%']  memcached=198.2%
[monitor] ['65%', '60%', '100%', '59%']  memcached=184.0%
[monitor] ['45%', '44%', '100%', '43%']  memcached=132.5%
[MEMCACHED] cores updated to: ['0', '3']
[canneal] cores updated to: [1, 2]
[monitor] ['52%', '3%', '100%', '49%']  memcached=101.0%
[monitor] ['50%', '7%', '100%', '50%']  memcached=100.0%
[monitor] ['68%', '11%', '100%', '63%']  memcached=130.7%
[monitor] ['70%', '14%', '100%', '69%']  memcached=139.5%
[monitor] ['70%', '11%', '100%', '66%']  memcached=135.8%
[monitor] ['79%', '15%', '100%', '77%']  memcached=156.6%
[monitor] ['89%', '21%', '100%', '83%']  memcached=171.9%
[MEMCACHED] cores updated to: ['0', '2', '3']
[canneal] cores updated to: [1]
[monitor] ['71%', '100%', '74%', '69%']  memcached=214.0%
[monitor] ['66%', '100%', '68%', '63%']  memcached=196.8%
[monitor] ['42%', '100%', '43%', '39%']  memcached=124.1%
[MEMCACHED] cores updated to: ['0', '3']
[canneal] cores updated to: [1, 2]
[monitor] ['52%', '100%', '7%', '44%']  memcached=96.1%
[monitor] ['52%', '100%', '7%', '48%']  memcached=99.8%
[monitor] ['81%', '100%', '22%', '80%']  memcached=160.6%
[MEMCACHED] cores updated to: ['0', '1', '3']
[canneal] cores updated to: [2]
[monitor] ['80%', '75%', '100%', '69%']  memcached=224.4%
[monitor] ['80%', '71%', '100%', '72%']  memcached=223.3%
[monitor] ['83%', '80%', '100%', '79%']  memcached=241.8%
[monitor] ['83%', '78%', '100%', '77%']  memcached=237.8%
[monitor] ['84%', '82%', '100%', '79%']  memcached=246.1%
[monitor] ['83%', '78%', '100%', '76%']  memcached=236.9%
[monitor] ['78%', '74%', '100%', '71%']  memcached=222.5%
[monitor] ['79%', '77%', '100%', '75%']  memcached=231.6%
[monitor] ['76%', '75%', '100%', '71%']  memcached=222.5%
[monitor] ['82%', '75%', '100%', '75%']  memcached=232.4%
[monitor] ['82%', '77%', '100%', '74%']  memcached=233.8%
[monitor] ['81%', '78%', '100%', '76%']  memcached=234.0%
[monitor] ['83%', '78%', '100%', '77%']  memcached=237.8%
[monitor] ['85%', '80%', '100%', '78%']  memcached=242.6%
[monitor] ['85%', '77%', '100%', '78%']  memcached=240.2%
[monitor] ['82%', '77%', '100%', '73%']  memcached=232.5%
[monitor] ['76%', '71%', '100%', '70%']  memcached=217.0%
[monitor] ['75%', '73%', '100%', '70%']  memcached=218.2%
[monitor] ['76%', '73%', '100%', '72%']  memcached=221.1%
[monitor] ['77%', '73%', '100%', '72%']  memcached=222.3%
[monitor] ['76%', '73%', '100%', '71%']  memcached=219.7%
[monitor] ['76%', '70%', '100%', '70%']  memcached=216.2%
[monitor] ['55%', '57%', '100%', '52%']  memcached=164.2%
[monitor] ['50%', '45%', '100%', '47%']  memcached=141.7%
[monitor] ['49%', '44%', '100%', '44%']  memcached=137.6%
[MEMCACHED] cores updated to: ['0', '3']
[canneal] cores updated to: [1, 2]
[monitor] ['59%', '93%', '90%', '56%']  memcached=114.3%
[monitor] ['68%', '97%', '87%', '61%']  memcached=128.5%
[monitor] ['62%', '87%', '94%', '62%']  memcached=124.0%
[monitor] ['67%', '87%', '93%', '65%']  memcached=131.7%
[monitor] ['68%', '87%', '100%', '69%']  memcached=136.7%
[monitor] ['72%', '87%', '93%', '64%']  memcached=136.6%
[monitor] ['68%', '93%', '90%', '70%']  memcached=137.5%
[monitor] ['78%', '73%', '100%', '86%']  memcached=163.5%
[MEMCACHED] cores updated to: ['0', '2', '3']
[canneal] cores updated to: [1]
[monitor] ['77%', '100%', '77%', '76%']  memcached=230.0%
[monitor] ['76%', '100%', '78%', '74%']  memcached=228.4%
[monitor] ['71%', '100%', '73%', '68%']  memcached=211.6%
[monitor] ['60%', '100%', '61%', '56%']  memcached=177.0%
[monitor] ['60%', '100%', '60%', '59%']  memcached=178.5%
[monitor] ['60%', '100%', '63%', '55%']  memcached=177.6%
[monitor] ['86%', '100%', '88%', '80%']  memcached=253.9%
[monitor] ['85%', '100%', '88%', '80%']  memcached=253.2%
[monitor] ['83%', '100%', '86%', '78%']  memcached=246.8%
[monitor] ['63%', '100%', '67%', '61%']  memcached=191.1%
[monitor] ['60%', '100%', '60%', '56%']  memcached=177.0%
[monitor] ['60%', '100%', '60%', '57%']  memcached=177.1%
[monitor] ['59%', '100%', '58%', '57%']  memcached=174.4%
[monitor] ['59%', '100%', '60%', '54%']  memcached=171.9%
[monitor] ['59%', '100%', '62%', '56%']  memcached=176.9%
[monitor] ['59%', '100%', '59%', '56%']  memcached=173.2%
[monitor] ['61%', '100%', '61%', '57%']  memcached=179.5%
[monitor] ['60%', '100%', '60%', '56%']  memcached=177.3%
[monitor] ['60%', '100%', '60%', '56%']  memcached=176.6%
[monitor] ['53%', '100%', '56%', '52%']  memcached=161.4%
[monitor] ['52%', '100%', '55%', '49%']  memcached=156.4%
[monitor] ['53%', '100%', '52%', '46%']  memcached=151.9%
[monitor] ['50%', '100%', '51%', '48%']  memcached=148.7%
[monitor] ['41%', '100%', '45%', '43%']  memcached=129.6%
[MEMCACHED] cores updated to: ['0', '3']
[canneal] cores updated to: [1, 2]
[monitor] ['54%', '87%', '90%', '49%']  memcached=103.1%
[monitor] ['55%', '90%', '81%', '52%']  memcached=107.5%
[monitor] ['94%', '86%', '93%', '100%']  memcached=193.5%
[MEMCACHED] cores updated to: ['0', '1', '3']
[canneal] cores updated to: [2]
[monitor] ['88%', '82%', '100%', '80%']  memcached=250.6%
[monitor] ['85%', '80%', '100%', '78%']  memcached=242.6%
[monitor] ['66%', '62%', '100%', '63%']  memcached=191.4%
[monitor] ['61%', '60%', '100%', '57%']  memcached=178.1%
[monitor] ['60%', '59%', '100%', '57%']  memcached=176.7%
[monitor] ['69%', '64%', '100%', '64%']  memcached=197.4%
[monitor] ['81%', '78%', '100%', '78%']  memcached=236.1%
[monitor] ['82%', '78%', '100%', '74%']  memcached=234.4%
[monitor] ['78%', '74%', '100%', '73%']  memcached=225.0%
[monitor] ['57%', '52%', '100%', '54%']  memcached=162.9%
[monitor] ['58%', '55%', '100%', '52%']  memcached=165.3%
[monitor] ['59%', '54%', '100%', '54%']  memcached=166.4%
[monitor] ['73%', '70%', '100%', '70%']  memcached=213.2%
[monitor] ['80%', '75%', '100%', '73%']  memcached=228.0%
[monitor] ['79%', '78%', '100%', '77%']  memcached=234.3%
[monitor] ['81%', '75%', '100%', '73%']  memcached=228.5%
[monitor] ['76%', '74%', '100%', '74%']  memcached=223.0%
[monitor] ['77%', '73%', '100%', '71%']  memcached=221.2%
[monitor] ['78%', '72%', '100%', '71%']  memcached=221.2%
[monitor] ['76%', '72%', '100%', '69%']  memcached=217.4%
[monitor] ['74%', '72%', '100%', '71%']  memcached=216.5%
[monitor] ['76%', '71%', '100%', '71%']  memcached=217.8%
[monitor] ['82%', '80%', '100%', '76%']  memcached=238.8%
[monitor] ['85%', '80%', '100%', '74%']  memcached=239.6%
[monitor] ['85%', '79%', '100%', '78%']  memcached=242.6%
[monitor] ['62%', '60%', '100%', '59%']  memcached=181.5%
[monitor] ['47%', '44%', '100%', '42%']  memcached=133.0%
[MEMCACHED] cores updated to: ['0', '3']
[canneal] cores updated to: [1, 2]
[monitor] ['55%', '97%', '73%', '49%']  memcached=104.0%
[monitor] ['57%', '87%', '84%', '53%']  memcached=110.0%
[monitor] ['82%', '90%', '83%', '77%']  memcached=159.5%
[monitor] ['79%', '93%', '90%', '76%']  memcached=155.1%
[monitor] ['78%', '93%', '90%', '83%']  memcached=161.2%
[MEMCACHED] cores updated to: ['0', '2', '3']
[canneal] cores updated to: [1]
[monitor] ['84%', '100%', '85%', '80%']  memcached=249.2%
[monitor] ['81%', '100%', '88%', '76%']  memcached=245.8%
[monitor] ['85%', '100%', '86%', '80%']  memcached=250.6%
[monitor] ['72%', '100%', '73%', '69%']  memcached=214.0%
[monitor] ['64%', '100%', '64%', '59%']  memcached=187.5%
[monitor] ['62%', '100%', '64%', '60%']  memcached=187.3%
[monitor] ['61%', '100%', '63%', '60%']  memcached=183.7%
[monitor] ['59%', '100%', '59%', '55%']  memcached=173.2%
[monitor] ['58%', '100%', '58%', '52%']  memcached=168.3%
[monitor] ['59%', '100%', '59%', '56%']  memcached=174.0%
[monitor] ['52%', '100%', '51%', '47%']  memcached=149.8%
[monitor] ['49%', '100%', '49%', '45%']  memcached=143.0%
[monitor] ['49%', '100%', '51%', '44%']  memcached=143.9%
[monitor] ['53%', '100%', '52%', '49%']  memcached=154.3%
[monitor] ['53%', '100%', '56%', '49%']  memcached=157.8%
[monitor] ['55%', '100%', '56%', '50%']  memcached=160.4%
[monitor] ['55%', '100%', '55%', '53%']  memcached=162.6%
[monitor] ['59%', '100%', '60%', '56%']  memcached=175.4%
[monitor] ['57%', '100%', '57%', '54%']  memcached=167.9%
[monitor] ['59%', '100%', '58%', '55%']  memcached=172.0%
[monitor] ['49%', '100%', '50%', '43%']  memcached=141.7%
[monitor] ['48%', '100%', '44%', '44%']  memcached=136.2%
[MEMCACHED] cores updated to: ['0', '3']
[canneal] cores updated to: [1, 2]
[monitor] ['52%', '71%', '97%', '51%']  memcached=103.1%
[monitor] ['70%', '87%', '97%', '72%']  memcached=142.2%
[monitor] ['85%', '83%', '97%', '100%']  memcached=185.3%
[MEMCACHED] cores updated to: ['0', '1', '3']
[canneal] cores updated to: [2]
[monitor] ['85%', '80%', '100%', '78%']  memcached=242.6%
[monitor] ['76%', '73%', '100%', '72%']  memcached=221.2%
[monitor] ['57%', '53%', '100%', '54%']  memcached=164.3%
[monitor] ['56%', '55%', '100%', '52%']  memcached=163.0%
[monitor] ['57%', '54%', '100%', '56%']  memcached=166.6%
[monitor] ['82%', '81%', '100%', '77%']  memcached=240.1%
[monitor] ['85%', '79%', '100%', '78%']  memcached=241.9%
[monitor] ['86%', '80%', '100%', '78%']  memcached=243.5%
[monitor] ['66%', '63%', '100%', '63%']  memcached=192.1%
[monitor] ['60%', '57%', '100%', '56%']  memcached=172.8%
[monitor] ['60%', '59%', '100%', '55%']  memcached=173.1%
[monitor] ['64%', '59%', '100%', '59%']  memcached=181.8%
[monitor] ['68%', '65%', '100%', '67%']  memcached=200.1%
[monitor] ['74%', '70%', '100%', '67%']  memcached=210.6%
[monitor] ['71%', '69%', '100%', '65%']  memcached=205.1%
[monitor] ['61%', '59%', '100%', '60%']  memcached=179.0%
[monitor] ['60%', '56%', '100%', '53%']  memcached=169.0%
[monitor] ['63%', '60%', '100%', '60%']  memcached=183.4%
[monitor] ['62%', '59%', '100%', '60%']  memcached=180.5%
[monitor] ['65%', '61%', '100%', '60%']  memcached=186.0%
[monitor] ['64%', '63%', '100%', '61%']  memcached=188.7%
[monitor] ['66%', '63%', '100%', '61%']  memcached=189.5%
[monitor] ['70%', '68%', '100%', '68%']  memcached=205.0%
[monitor] ['71%', '72%', '100%', '66%']  memcached=208.6%
[monitor] ['71%', '67%', '100%', '68%']  memcached=205.2%
[monitor] ['72%', '68%', '100%', '64%']  memcached=204.2%
[monitor] ['70%', '66%', '100%', '68%']  memcached=203.6%
[monitor] ['69%', '70%', '100%', '65%']  memcached=204.2%
[monitor] ['78%', '73%', '100%', '69%']  memcached=220.2%
[monitor] ['82%', '78%', '100%', '76%']  memcached=237.0%
[monitor] ['78%', '75%', '100%', '71%']  memcached=224.2%
[monitor] ['68%', '68%', '100%', '64%']  memcached=199.8%
[monitor] ['53%', '49%', '100%', '49%']  memcached=151.0%
[monitor] ['52%', '48%', '100%', '51%']  memcached=151.0%
[monitor] ['53%', '52%', '100%', '51%']  memcached=156.8%
[monitor] ['65%', '62%', '100%', '62%']  memcached=188.4%
[monitor] ['66%', '60%', '100%', '62%']  memcached=188.4%
[monitor] ['62%', '64%', '100%', '60%']  memcached=186.8%
[monitor] ['70%', '64%', '100%', '64%']  memcached=198.2%
[monitor] ['73%', '70%', '100%', '68%']  memcached=210.7%
[monitor] ['74%', '67%', '100%', '67%']  memcached=207.0%
[monitor] ['66%', '64%', '100%', '62%']  memcached=191.5%
[monitor] ['63%', '60%', '100%', '59%']  memcached=181.5%
[monitor] ['61%', '60%', '100%', '59%']  memcached=179.0%
[monitor] ['61%', '56%', '100%', '55%']  memcached=172.4%
[monitor] ['44%', '41%', '100%', '38%']  memcached=123.4%
[MEMCACHED] cores updated to: ['0', '3']
[canneal] cores updated to: [1, 2]
[monitor] ['47%', '83%', '91%', '48%']  memcached=94.7%
[monitor] ['49%', '80%', '83%', '47%']  memcached=95.8%
[monitor] ['59%', '87%', '83%', '58%']  memcached=117.2%
[monitor] ['67%', '97%', '90%', '62%']  memcached=129.2%
[monitor] ['65%', '75%', '97%', '65%']  memcached=130.2%
[monitor] ['59%', '84%', '93%', '58%']  memcached=116.9%
[monitor] ['43%', '77%', '90%', '41%']  memcached=84.4%
[monitor] ['47%', '90%', '90%', '47%']  memcached=93.6%
[monitor] ['47%', '83%', '87%', '43%']  memcached=90.0%
[monitor] ['71%', '83%', '97%', '70%']  memcached=141.3%
[monitor] ['71%', '81%', '100%', '69%']  memcached=140.3%
[monitor] ['74%', '90%', '97%', '73%']  memcached=146.7%
[monitor] ['76%', '90%', '94%', '74%']  memcached=150.0%
[monitor] ['76%', '90%', '97%', '69%']  memcached=145.8%
[monitor] ['70%', '93%', '97%', '71%']  memcached=141.3%
[monitor] ['83%', '88%', '100%', '82%']  memcached=165.2%
[MEMCACHED] cores updated to: ['0', '2', '3']
[canneal] cores updated to: [1]
[monitor] ['88%', '100%', '90%', '83%']  memcached=261.1%
[monitor] ['88%', '100%', '91%', '81%']  memcached=259.8%
[monitor] ['79%', '100%', '86%', '77%']  memcached=242.7%
[monitor] ['55%', '100%', '53%', '52%']  memcached=160.4%
[monitor] ['55%', '100%', '55%', '49%']  memcached=157.9%
[monitor] ['51%', '100%', '51%', '46%']  memcached=148.7%
[monitor] ['73%', '100%', '75%', '69%']  memcached=217.4%
[monitor] ['79%', '100%', '80%', '74%']  memcached=232.6%
[monitor] ['78%', '100%', '81%', '76%']  memcached=235.4%
[monitor] ['69%', '100%', '68%', '63%']  memcached=200.0%
[monitor] ['58%', '100%', '59%', '54%']  memcached=170.5%
[monitor] ['56%', '100%', '58%', '54%']  memcached=167.5%
[monitor] ['58%', '100%', '57%', '52%']  memcached=167.8%
[monitor] ['67%', '100%', '69%', '65%']  memcached=200.9%
[monitor] ['68%', '100%', '69%', '65%']  memcached=201.7%
[monitor] ['68%', '100%', '68%', '63%']  memcached=199.7%
[monitor] ['74%', '100%', '75%', '72%']  memcached=221.9%
[monitor] ['76%', '100%', '79%', '71%']  memcached=225.7%
[monitor] ['74%', '100%', '78%', '73%']  memcached=225.7%
[monitor] ['67%', '100%', '63%', '59%']  memcached=189.1%
[monitor] ['52%', '100%', '52%', '51%']  memcached=155.7%
[monitor] ['52%', '100%', '50%', '48%']  memcached=149.9%
[monitor] ['57%', '100%', '58%', '52%']  memcached=167.5%
[monitor] ['81%', '100%', '82%', '76%']  memcached=238.6%
[monitor] ['81%', '100%', '83%', '76%']  memcached=240.2%
[monitor] ['83%', '100%', '85%', '78%']  memcached=245.5%
[monitor] ['78%', '100%', '82%', '75%']  memcached=235.7%
[monitor] ['81%', '100%', '81%', '74%']  memcached=235.8%
[monitor] ['82%', '100%', '88%', '76%']  memcached=246.7%
[monitor] ['76%', '100%', '76%', '71%']  memcached=223.0%
[monitor] ['72%', '100%', '74%', '69%']  memcached=216.1%
[monitor] ['75%', '100%', '78%', '70%']  memcached=223.6%
[monitor] ['76%', '100%', '76%', '74%']  memcached=225.7%
[monitor] ['78%', '100%', '80%', '76%']  memcached=234.1%
[monitor] ['78%', '100%', '82%', '74%']  memcached=233.7%
[monitor] ['78%', '100%', '81%', '76%']  memcached=234.6%
[monitor] ['61%', '100%', '60%', '56%']  memcached=177.8%
[monitor] ['57%', '100%', '56%', '52%']  memcached=165.5%
[monitor] ['56%', '100%', '58%', '51%']  memcached=165.5%
[monitor] ['57%', '100%', '58%', '50%']  memcached=165.2%
[monitor] ['51%', '100%', '51%', '51%']  memcached=153.4%
[monitor] ['51%', '100%', '53%', '45%']  memcached=149.7%
[monitor] ['53%', '100%', '52%', '45%']  memcached=150.4%
[monitor] ['47%', '100%', '48%', '43%']  memcached=137.3%
[MEMCACHED] cores updated to: ['0', '3']
[canneal] cores updated to: [1, 2]
[monitor] ['53%', '90%', '87%', '50%']  memcached=103.2%
[monitor] ['51%', '90%', '84%', '49%']  memcached=99.9%
[monitor] ['81%', '90%', '100%', '85%']  memcached=165.8%
[MEMCACHED] cores updated to: ['0', '1', '3']
[canneal] cores updated to: [2]
[monitor] ['79%', '76%', '100%', '74%']  memcached=228.9%
[monitor] ['81%', '76%', '100%', '74%']  memcached=232.0%
[monitor] ['55%', '54%', '100%', '51%']  memcached=159.9%
[monitor] ['41%', '40%', '100%', '38%']  memcached=118.5%
[MEMCACHED] cores updated to: ['0', '3']
[canneal] cores updated to: [1, 2]
[monitor] ['50%', '84%', '90%', '46%']  memcached=95.7%
[monitor] ['54%', '86%', '83%', '51%']  memcached=105.3%
[monitor] ['76%', '94%', '94%', '74%']  memcached=149.4%
[monitor] ['76%', '97%', '89%', '71%']  memcached=147.4%
[monitor] ['72%', '90%', '97%', '72%']  memcached=144.3%
[monitor] ['72%', '87%', '94%', '69%']  memcached=141.7%
[monitor] ['72%', '90%', '93%', '69%']  memcached=141.0%
[monitor] ['72%', '90%', '94%', '68%']  memcached=140.2%
[monitor] ['64%', '91%', '90%', '64%']  memcached=128.6%
[monitor] ['59%', '80%', '93%', '59%']  memcached=118.2%
[monitor] ['64%', '87%', '94%', '62%']  memcached=125.5%
[monitor] ['63%', '83%', '97%', '61%']  memcached=123.9%
[monitor] ['76%', '90%', '94%', '71%']  memcached=147.4%
[monitor] ['72%', '97%', '100%', '70%']  memcached=142.1%
[monitor] ['72%', '81%', '97%', '70%']  memcached=141.8%
[monitor] ['72%', '90%', '90%', '69%']  memcached=141.0%
[monitor] ['74%', '93%', '97%', '73%']  memcached=146.7%
[monitor] ['74%', '90%', '100%', '71%']  memcached=145.4%
[monitor] ['78%', '86%', '100%', '85%']  memcached=163.7%
[MEMCACHED] cores updated to: ['0', '2', '3']
[canneal] cores updated to: [1]
[monitor] ['78%', '100%', '82%', '76%']  memcached=235.8%
[monitor] ['81%', '100%', '83%', '75%']  memcached=238.9%
[monitor] ['67%', '100%', '69%', '65%']  memcached=200.8%
[monitor] ['50%', '100%', '48%', '45%']  memcached=143.3%
[monitor] ['48%', '100%', '45%', '42%']  memcached=135.1%
[MEMCACHED] cores updated to: ['0', '3']
[canneal] cores updated to: [1, 2]
[monitor] ['52%', '71%', '97%', '52%']  memcached=104.3%
[monitor] ['85%', '87%', '97%', '91%']  memcached=175.9%
[MEMCACHED] cores updated to: ['0', '1', '3']
[canneal] cores updated to: [2]
[monitor] ['81%', '76%', '100%', '74%']  memcached=230.5%
[monitor] ['77%', '75%', '100%', '70%']  memcached=222.4%
[monitor] ['62%', '60%', '100%', '59%']  memcached=180.0%
[monitor] ['55%', '55%', '100%', '53%']  memcached=162.8%
[monitor] ['57%', '55%', '100%', '53%']  memcached=165.4%
[monitor] ['59%', '55%', '100%', '55%']  memcached=168.6%
[monitor] ['63%', '59%', '100%', '60%']  memcached=182.4%
[monitor] ['63%', '60%', '100%', '59%']  memcached=181.5%
[monitor] ['61%', '62%', '100%', '60%']  memcached=182.4%
[monitor] ['51%', '48%', '100%', '44%']  memcached=142.7%
[monitor] ['51%', '51%', '100%', '45%']  memcached=147.5%
[monitor] ['50%', '49%', '100%', '49%']  memcached=147.8%
[monitor] ['74%', '69%', '100%', '68%']  memcached=210.5%
[monitor] ['91%', '82%', '100%', '81%']  memcached=254.5%
[monitor] ['88%', '84%', '100%', '82%']  memcached=254.6%
[monitor] ['76%', '72%', '100%', '69%']  memcached=217.1%
[monitor] ['58%', '56%', '100%', '56%']  memcached=169.8%
[monitor] ['57%', '57%', '100%', '55%']  memcached=168.5%
[monitor] ['60%', '54%', '100%', '58%']  memcached=172.0%
[monitor] ['70%', '67%', '100%', '66%']  memcached=202.7%
[monitor] ['68%', '66%', '100%', '67%']  memcached=200.9%
[monitor] ['70%', '68%', '100%', '66%']  memcached=203.4%
[monitor] ['61%', '57%', '100%', '55%']  memcached=173.1%
[monitor] ['60%', '58%', '100%', '58%']  memcached=175.8%
[monitor] ['60%', '55%', '100%', '57%']  memcached=172.6%
[monitor] ['67%', '62%', '100%', '59%']  memcached=187.2%
[monitor] ['81%', '75%', '100%', '74%']  memcached=229.8%
[monitor] ['80%', '76%', '100%', '74%']  memcached=229.4%
[monitor] ['76%', '71%', '100%', '69%']  memcached=216.8%
[monitor] ['44%', '44%', '100%', '43%']  memcached=132.1%
[MEMCACHED] cores updated to: ['0', '3']
[canneal] cores updated to: [1, 2]
[monitor] ['51%', '87%', '90%', '49%']  memcached=100.0%
[monitor] ['49%', '81%', '90%', '49%']  memcached=98.0%
[monitor] ['69%', '97%', '94%', '68%']  memcached=137.7%
[monitor] ['77%', '90%', '97%', '75%']  memcached=152.1%
[monitor] ['78%', '93%', '97%', '76%']  memcached=154.8%
[monitor] ['72%', '91%', '100%', '76%']  memcached=148.2%
[monitor] ['79%', '90%', '100%', '77%']  memcached=155.9%
[monitor] ['78%', '94%', '93%', '72%']  memcached=150.0%
[monitor] ['76%', '94%', '97%', '73%']  memcached=148.8%
[monitor] ['72%', '86%', '94%', '74%']  memcached=146.2%
[monitor] ['77%', '87%', '100%', '72%']  memcached=149.4%
[monitor] ['74%', '90%', '93%', '71%']  memcached=145.4%
[monitor] ['74%', '93%', '100%', '79%']  memcached=153.3%
[monitor] ['81%', '88%', '94%', '72%']  memcached=152.8%
[monitor] ['83%', '97%', '93%', '76%']  memcached=158.5%
[monitor] ['73%', '90%', '97%', '74%']  memcached=147.3%
[monitor] ['68%', '84%', '94%', '68%']  memcached=135.8%
[monitor] ['70%', '93%', '97%', '66%']  memcached=135.9%
[monitor] ['69%', '97%', '90%', '66%']  memcached=135.0%
[monitor] ['76%', '93%', '94%', '73%']  memcached=149.3%
[monitor] ['76%', '84%', '97%', '74%']  memcached=149.4%
[monitor] ['81%', '90%', '97%', '75%']  memcached=155.6%
[monitor] ['56%', '84%', '87%', '58%']  memcached=114.0%
[monitor] ['56%', '93%', '80%', '55%']  memcached=110.9%
[monitor] ['54%', '73%', '93%', '53%']  memcached=107.7%
[monitor] ['64%', '90%', '90%', '67%']  memcached=131.1%
[monitor] ['74%', '90%', '93%', '78%']  memcached=151.5%
[monitor] ['72%', '90%', '100%', '79%']  memcached=150.6%
[monitor] ['72%', '97%', '93%', '74%']  memcached=145.5%
[monitor] ['67%', '90%', '87%', '62%']  memcached=129.2%
[monitor] ['63%', '90%', '93%', '62%']  memcached=125.3%
[monitor] ['64%', '76%', '93%', '64%']  memcached=128.6%
[monitor] ['65%', '90%', '90%', '66%']  memcached=131.0%
[monitor] ['64%', '74%', '97%', '67%']  memcached=131.0%
[monitor] ['68%', '79%', '97%', '68%']  memcached=136.7%
[monitor] ['70%', '81%', '97%', '72%']  memcached=142.2%
[monitor] ['74%', '87%', '97%', '76%']  memcached=150.0%
[monitor] ['73%', '90%', '100%', '76%']  memcached=148.6%
[monitor] ['72%', '83%', '100%', '78%']  memcached=149.6%
[monitor] ['73%', '90%', '97%', '82%']  memcached=155.3%
[monitor] ['75%', '90%', '97%', '85%']  memcached=160.3%
[MEMCACHED] cores updated to: ['0', '2', '3']
[canneal] cores updated to: [1]
[monitor] ['72%', '100%', '72%', '68%']  memcached=211.2%
[monitor] ['57%', '100%', '57%', '50%']  memcached=163.6%
[monitor] ['51%', '100%', '54%', '50%']  memcached=155.5%
[monitor] ['54%', '100%', '55%', '49%']  memcached=157.7%
[monitor] ['62%', '100%', '63%', '59%']  memcached=183.2%
[monitor] ['71%', '100%', '72%', '66%']  memcached=208.3%
[monitor] ['71%', '100%', '72%', '67%']  memcached=209.5%
[monitor] ['68%', '100%', '70%', '65%']  memcached=202.5%
[monitor] ['64%', '100%', '64%', '62%']  memcached=190.5%
[monitor] ['64%', '100%', '66%', '62%']  memcached=192.6%
[monitor] ['63%', '100%', '66%', '60%']  memcached=189.3%
[monitor] ['76%', '100%', '78%', '74%']  memcached=227.1%
[monitor] ['78%', '100%', '79%', '75%']  memcached=231.7%
[monitor] ['78%', '100%', '79%', '73%']  memcached=230.8%
[monitor] ['71%', '100%', '72%', '67%']  memcached=209.9%
[monitor] ['63%', '100%', '64%', '60%']  memcached=187.7%
[monitor] ['64%', '100%', '64%', '61%']  memcached=189.5%
[monitor] ['68%', '100%', '68%', '63%']  memcached=198.2%
[monitor] ['88%', '100%', '91%', '83%']  memcached=261.9%
[monitor] ['85%', '100%', '88%', '77%']  memcached=249.5%
[monitor] ['83%', '100%', '88%', '82%']  memcached=253.9%
[monitor] ['50%', '100%', '50%', '44%']  memcached=143.9%
[monitor] ['44%', '100%', '44%', '38%']  memcached=126.4%
[MEMCACHED] cores updated to: ['0', '3']
[canneal] cores updated to: [1, 2]
[monitor] ['51%', '83%', '94%', '49%']  memcached=100.0%
[monitor] ['68%', '87%', '90%', '72%']  memcached=140.0%
[monitor] ['91%', '80%', '97%', '91%']  memcached=181.2%
[MEMCACHED] cores updated to: ['0', '1', '3']
[canneal] cores updated to: [2]
[monitor] ['84%', '81%', '100%', '76%']  memcached=240.0%
[monitor] ['85%', '78%', '100%', '79%']  memcached=242.0%
[monitor] ['88%', '83%', '100%', '78%']  memcached=248.1%
[monitor] ['86%', '79%', '100%', '79%']  memcached=244.5%
[monitor] ['88%', '80%', '100%', '77%']  memcached=244.6%
[monitor] ['68%', '64%', '100%', '60%']  memcached=191.8%
[monitor] ['63%', '62%', '100%', '60%']  memcached=185.9%
[monitor] ['63%', '61%', '100%', '61%']  memcached=185.4%
[monitor] ['65%', '61%', '100%', '61%']  memcached=187.0%
[monitor] ['63%', '63%', '100%', '61%']  memcached=187.8%
[monitor] ['64%', '60%', '100%', '61%']  memcached=185.6%
[monitor] ['64%', '62%', '100%', '60%']  memcached=186.2%
[monitor] ['61%', '60%', '100%', '57%']  memcached=178.6%
[monitor] ['60%', '57%', '100%', '56%']  memcached=173.6%
[monitor] ['62%', '57%', '100%', '59%']  memcached=177.9%
[monitor] ['37%', '31%', '100%', '31%']  memcached=98.7%
[MEMCACHED] cores updated to: ['0', '3']
[canneal] cores updated to: [1, 2]
[monitor] ['43%', '81%', '90%', '41%']  memcached=84.4%
[monitor] ['41%', '86%', '90%', '38%']  memcached=79.0%
[monitor] ['55%', '93%', '88%', '52%']  memcached=106.9%
[monitor] ['64%', '93%', '93%', '60%']  memcached=124.3%
[monitor] ['62%', '90%', '87%', '60%']  memcached=122.4%
[monitor] ['66%', '90%', '94%', '62%']  memcached=128.4%
[monitor] ['61%', '73%', '97%', '61%']  memcached=122.3%
[monitor] ['61%', '70%', '100%', '59%']  memcached=119.9%
[monitor] ['61%', '76%', '93%', '60%']  memcached=121.8%
[monitor] ['78%', '93%', '93%', '72%']  memcached=150.9%
[monitor] ['82%', '90%', '94%', '77%']  memcached=159.5%
[monitor] ['81%', '94%', '97%', '76%']  memcached=156.8%
[monitor] ['71%', '83%', '97%', '69%']  memcached=140.5%
[monitor] ['66%', '83%', '97%', '66%']  memcached=131.7%
[monitor] ['67%', '80%', '90%', '63%']  memcached=130.1%
[monitor] ['68%', '83%', '97%', '70%']  memcached=137.5%
[monitor] ['77%', '81%', '97%', '78%']  memcached=154.7%
[monitor] ['79%', '90%', '93%', '74%']  memcached=153.1%
[monitor] ['81%', '93%', '90%', '73%']  memcached=154.1%
[monitor] ['66%', '97%', '90%', '68%']  memcached=134.1%
[monitor] ['69%', '90%', '93%', '63%']  memcached=132.5%
[monitor] ['68%', '87%', '97%', '64%']  memcached=131.6%
[monitor] ['85%', '83%', '86%', '83%']  memcached=168.2%
[MEMCACHED] cores updated to: ['0', '2', '3']
[canneal] cores updated to: [1]
[monitor] ['88%', '100%', '90%', '84%']  memcached=262.2%
[monitor] ['88%', '100%', '91%', '83%']  memcached=261.6%
[monitor] ['80%', '100%', '83%', '78%']  memcached=240.6%
[monitor] ['68%', '100%', '70%', '66%']  memcached=204.1%
[monitor] ['70%', '100%', '68%', '67%']  memcached=204.2%
[monitor] ['68%', '100%', '69%', '65%']  memcached=202.5%
[monitor] ['66%', '100%', '65%', '60%']  memcached=190.9%
[monitor] ['64%', '100%', '65%', '60%']  memcached=189.4%
[monitor] ['63%', '100%', '66%', '61%']  memcached=190.2%
[monitor] ['69%', '100%', '69%', '67%']  memcached=204.9%
[monitor] ['68%', '100%', '69%', '64%']  memcached=201.8%
[monitor] ['68%', '100%', '68%', '65%']  memcached=201.8%
[monitor] ['62%', '100%', '63%', '58%']  memcached=183.2%
[monitor] ['55%', '100%', '55%', '49%']  memcached=157.8%
[monitor] ['56%', '100%', '58%', '50%']  memcached=163.6%
[monitor] ['56%', '100%', '57%', '55%']  memcached=167.4%
[monitor] ['72%', '100%', '74%', '69%']  memcached=215.4%
[monitor] ['73%', '100%', '71%', '70%']  memcached=214.2%
[monitor] ['72%', '100%', '73%', '67%']  memcached=211.4%
[monitor] ['76%', '100%', '74%', '73%']  memcached=223.0%
[monitor] ['77%', '100%', '78%', '73%']  memcached=228.3%
[monitor] ['76%', '100%', '77%', '73%']  memcached=225.8%
[monitor] ['68%', '100%', '67%', '62%']  memcached=195.7%
[monitor] ['53%', '100%', '57%', '54%']  memcached=164.0%
[monitor] ['58%', '100%', '56%', '49%']  memcached=162.1%
[monitor] ['56%', '100%', '57%', '53%']  memcached=165.9%
[monitor] ['60%', '100%', '60%', '52%']  memcached=172.5%
[monitor] ['60%', '100%', '59%', '57%']  memcached=175.6%
[monitor] ['59%', '100%', '60%', '55%']  memcached=174.3%
[monitor] ['78%', '100%', '76%', '73%']  memcached=227.7%
[monitor] ['83%', '100%', '86%', '76%']  memcached=244.2%
[monitor] ['83%', '100%', '85%', '78%']  memcached=245.9%
[monitor] ['62%', '100%', '62%', '56%']  memcached=179.5%
[monitor] ['48%', '100%', '43%', '39%']  memcached=129.7%
[MEMCACHED] cores updated to: ['0', '3']
[canneal] cores updated to: [1, 2]
[monitor] ['50%', '80%', '91%', '48%']  memcached=97.7%
[monitor] ['51%', '90%', '90%', '48%']  memcached=98.9%
[monitor] ['53%', '74%', '91%', '52%']  memcached=105.5%
[monitor] ['55%', '74%', '100%', '53%']  memcached=108.5%
[monitor] ['53%', '71%', '93%', '52%']  memcached=105.6%
[monitor] ['43%', '71%', '90%', '43%']  memcached=86.4%
[monitor] ['40%', '81%', '90%', '40%']  memcached=79.5%
[monitor] ['46%', '93%', '86%', '40%']  memcached=85.8%
[monitor] ['52%', '84%', '87%', '49%']  memcached=101.1%
[monitor] ['64%', '77%', '100%', '63%']  memcached=126.4%
[monitor] ['65%', '79%', '94%', '61%']  memcached=126.1%
[monitor] ['61%', '87%', '90%', '60%']  memcached=120.9%
[monitor] ['52%', '93%', '70%', '50%']  memcached=102.1%
[monitor] ['52%', '83%', '93%', '49%']  memcached=101.0%
[monitor] ['54%', '87%', '87%', '52%']  memcached=106.3%
[monitor] ['85%', '90%', '94%', '85%']  memcached=169.7%
[MEMCACHED] cores updated to: ['0', '1', '3']
[canneal] cores updated to: [2]
[monitor] ['85%', '81%', '100%', '78%']  memcached=244.3%
[monitor] ['85%', '80%', '100%', '76%']  memcached=241.3%
[monitor] ['75%', '74%', '100%', '72%']  memcached=221.2%
[monitor] ['71%', '67%', '100%', '63%']  memcached=200.9%
[monitor] ['71%', '68%', '100%', '66%']  memcached=205.3%
[monitor] ['69%', '68%', '100%', '67%']  memcached=203.4%
[monitor] ['74%', '72%', '100%', '69%']  memcached=215.4%
[monitor] ['76%', '70%', '100%', '69%']  memcached=216.0%
[monitor] ['75%', '70%', '100%', '69%']  memcached=214.5%
[monitor] ['60%', '59%', '100%', '56%']  memcached=174.2%
[monitor] ['59%', '54%', '100%', '54%']  memcached=165.9%
[monitor] ['59%', '57%', '100%', '55%']  memcached=170.7%
[monitor] ['74%', '69%', '100%', '68%']  memcached=211.3%
[monitor] ['83%', '81%', '100%', '78%']  memcached=241.7%
[monitor] ['85%', '79%', '100%', '78%']  memcached=242.5%
[monitor] ['83%', '79%', '100%', '71%']  memcached=233.2%
[monitor] ['74%', '72%', '100%', '70%']  memcached=216.9%
[monitor] ['75%', '72%', '100%', '70%']  memcached=217.5%
[monitor] ['78%', '74%', '100%', '73%']  memcached=224.4%
[monitor] ['62%', '57%', '100%', '57%']  memcached=176.9%
[monitor] ['60%', '57%', '100%', '57%']  memcached=173.8%
[monitor] ['60%', '56%', '100%', '58%']  memcached=173.8%
[monitor] ['57%', '55%', '100%', '53%']  memcached=165.1%
[monitor] ['58%', '56%', '100%', '53%']  memcached=167.1%
[monitor] ['57%', '52%', '100%', '55%']  memcached=164.1%
[monitor] ['57%', '56%', '100%', '53%']  memcached=166.4%
[monitor] ['58%', '57%', '100%', '54%']  memcached=168.6%
[monitor] ['60%', '59%', '100%', '58%']  memcached=177.1%
[monitor] ['60%', '57%', '100%', '57%']  memcached=173.8%
[monitor] ['47%', '38%', '100%', '42%']  memcached=126.0%
[MEMCACHED] cores updated to: ['0', '3']
[canneal] cores updated to: [1, 2]
[monitor] ['49%', '97%', '83%', '48%']  memcached=96.8%
[monitor] ['52%', '90%', '93%', '50%']  memcached=102.2%
[monitor] ['71%', '88%', '97%', '72%']  memcached=143.3%
[monitor] ['97%', '93%', '93%', '91%']  memcached=187.7%
[MEMCACHED] cores updated to: ['0', '2', '3']
[canneal] cores updated to: [1]
[monitor] ['81%', '100%', '82%', '77%']  memcached=240.1%
[monitor] ['76%', '100%', '81%', '71%']  memcached=227.8%
[monitor] ['76%', '100%', '75%', '71%']  memcached=221.7%
[monitor] ['76%', '100%', '76%', '71%']  memcached=223.4%
[monitor] ['76%', '100%', '76%', '70%']  memcached=222.6%
[monitor] ['61%', '100%', '65%', '60%']  memcached=186.1%
[monitor] ['65%', '100%', '67%', '62%']  memcached=193.3%
[monitor] ['62%', '100%', '63%', '59%']  memcached=184.9%
[monitor] ['74%', '100%', '74%', '70%']  memcached=218.0%
[monitor] ['80%', '100%', '83%', '77%']  memcached=240.0%
[monitor] ['83%', '100%', '85%', '78%']  memcached=247.0%
[monitor] ['78%', '100%', '81%', '72%']  memcached=230.6%
[monitor] ['68%', '100%', '70%', '68%']  memcached=205.0%
[monitor] ['70%', '100%', '69%', '64%']  memcached=203.3%
[monitor] ['69%', '100%', '72%', '67%']  memcached=207.7%
[monitor] ['62%', '100%', '60%', '57%']  memcached=178.7%
[monitor] ['61%', '100%', '63%', '59%']  memcached=182.9%
[monitor] ['61%', '100%', '63%', '59%']  memcached=182.7%
[monitor] ['57%', '100%', '56%', '52%']  memcached=164.4%
[monitor] ['52%', '100%', '53%', '49%']  memcached=154.4%
[monitor] ['52%', '100%', '50%', '48%']  memcached=149.8%
[monitor] ['52%', '100%', '52%', '49%']  memcached=153.4%
[monitor] ['52%', '100%', '52%', '50%']  memcached=154.5%
[monitor] ['52%', '100%', '53%', '49%']  memcached=154.6%
[monitor] ['56%', '100%', '56%', '50%']  memcached=161.1%
[monitor] ['56%', '100%', '59%', '52%']  memcached=167.3%
[monitor] ['56%', '100%', '58%', '52%']  memcached=166.1%
[monitor] ['59%', '100%', '58%', '52%']  memcached=169.6%
[monitor] ['60%', '100%', '60%', '59%']  memcached=179.5%
[monitor] ['62%', '100%', '62%', '60%']  memcached=183.9%
[monitor] ['64%', '100%', '65%', '61%']  memcached=190.4%
[monitor] ['69%', '100%', '71%', '68%']  memcached=207.5%
[monitor] ['80%', '100%', '79%', '76%']  memcached=235.1%
[monitor] ['79%', '100%', '79%', '74%']  memcached=232.1%
[monitor] ['78%', '100%', '80%', '75%']  memcached=232.8%
[monitor] ['68%', '100%', '68%', '64%']  memcached=200.7%
[monitor] ['69%', '100%', '72%', '68%']  memcached=209.3%
[monitor] ['70%', '100%', '72%', '66%']  memcached=207.6%
[monitor] ['71%', '100%', '71%', '68%']  memcached=209.6%
[monitor] ['72%', '100%', '73%', '70%']  memcached=215.0%
[monitor] ['72%', '100%', '76%', '71%']  memcached=219.2%
[monitor] ['78%', '100%', '78%', '73%']  memcached=229.7%
[monitor] ['82%', '100%', '88%', '79%']  memcached=249.6%
[monitor] ['83%', '100%', '86%', '78%']  memcached=246.8%
[monitor] ['79%', '100%', '85%', '81%']  memcached=245.8%
[monitor] ['65%', '100%', '68%', '61%']  memcached=193.0%
[monitor] ['64%', '100%', '65%', '59%']  memcached=188.3%
[monitor] ['65%', '100%', '66%', '62%']  memcached=193.4%
[monitor] ['74%', '100%', '74%', '70%']  memcached=218.2%
[monitor] ['80%', '100%', '83%', '80%']  memcached=243.3%
[monitor] ['78%', '100%', '80%', '74%']  memcached=231.5%
[monitor] ['72%', '100%', '76%', '68%']  memcached=215.9%
[monitor] ['67%', '100%', '70%', '64%']  memcached=201.5%
[monitor] ['66%', '100%', '68%', '63%']  memcached=197.6%
[monitor] ['65%', '100%', '67%', '61%']  memcached=193.0%
[monitor] ['71%', '100%', '71%', '70%']  memcached=211.8%
[monitor] ['68%', '100%', '72%', '65%']  memcached=204.2%
[monitor] ['72%', '100%', '72%', '68%']  memcached=211.2%
[monitor] ['68%', '100%', '72%', '67%']  memcached=206.8%
[monitor] ['66%', '100%', '67%', '62%']  memcached=195.0%
[monitor] ['66%', '100%', '66%', '62%']  memcached=193.2%
[monitor] ['72%', '100%', '74%', '70%']  memcached=216.2%
[monitor] ['81%', '100%', '80%', '75%']  memcached=235.6%
[monitor] ['81%', '100%', '85%', '74%']  memcached=239.7%
[monitor] ['81%', '100%', '83%', '78%']  memcached=242.3%
[monitor] ['80%', '100%', '83%', '78%']  memcached=240.6%
[monitor] ['81%', '100%', '86%', '77%']  memcached=243.9%
[monitor] ['81%', '100%', '85%', '78%']  memcached=243.6%
[monitor] ['62%', '100%', '63%', '59%']  memcached=184.5%
[monitor] ['60%', '100%', '61%', '56%']  memcached=177.9%
[monitor] ['62%', '100%', '62%', '57%']  memcached=181.9%
[monitor] ['56%', '100%', '57%', '54%']  memcached=166.9%
[monitor] ['55%', '100%', '55%', '49%']  memcached=157.8%
[monitor] ['52%', '100%', '53%', '48%']  memcached=153.3%
[monitor] ['55%', '100%', '56%', '51%']  memcached=161.3%
[monitor] ['60%', '100%', '62%', '55%']  memcached=177.4%
[monitor] ['60%', '100%', '60%', '55%']  memcached=174.5%
[monitor] ['59%', '100%', '60%', '56%']  memcached=175.7%
[monitor] ['43%', '100%', '43%', '36%']  memcached=121.9%
[MEMCACHED] cores updated to: ['0', '3']
[canneal] cores updated to: [1, 2]
[monitor] ['45%', '90%', '87%', '43%']  memcached=87.9%
[monitor] ['47%', '84%', '87%', '45%']  memcached=91.5%
[monitor] ['60%', '87%', '90%', '59%']  memcached=118.5%
[monitor] ['81%', '83%', '93%', '78%']  memcached=159.5%
[monitor] ['80%', '81%', '100%', '80%']  memcached=160.0%
[monitor] ['78%', '83%', '97%', '80%']  memcached=157.8%
[monitor] ['68%', '77%', '100%', '72%']  memcached=140.0%
[monitor] ['71%', '84%', '94%', '67%']  memcached=137.4%
[monitor] ['72%', '90%', '97%', '70%']  memcached=142.1%
[monitor] ['61%', '90%', '93%', '60%']  memcached=120.9%
[monitor] ['60%', '90%', '87%', '57%']  memcached=117.6%
[monitor] ['59%', '90%', '93%', '60%']  memcached=118.6%
[monitor] ['55%', '90%', '65%', '50%']  memcached=105.3%
[monitor] ['44%', '100%', '3%', '40%']  memcached=84.9%
[monitor] ['48%', '100%', '12%', '40%']  memcached=87.5%
[monitor] ['50%', '100%', '3%', '44%']  memcached=94.2%
[monitor] ['64%', '100%', '14%', '59%']  memcached=122.6%
[monitor] ['64%', '100%', '11%', '61%']  memcached=125.3%
[monitor] ['65%', '100%', '26%', '64%']  memcached=129.4%
[monitor] ['61%', '100%', '13%', '55%']  memcached=115.9%
[monitor] ['59%', '100%', '14%', '55%']  memcached=114.1%
[monitor] ['62%', '100%', '10%', '57%']  memcached=119.0%
[monitor] ['67%', '100%', '8%', '65%']  memcached=131.7%
[monitor] ['71%', '100%', '12%', '69%']  memcached=140.5%
[monitor] ['74%', '100%', '26%', '72%']  memcached=146.6%
[monitor] ['72%', '100%', '8%', '72%']  memcached=144.4%
[monitor] ['74%', '100%', '24%', '75%']  memcached=149.4%
[monitor] ['73%', '100%', '21%', '69%']  memcached=142.4%
[monitor] ['74%', '100%', '15%', '71%']  memcached=145.4%
[monitor] ['56%', '87%', '26%', '52%']  memcached=108.1%
[canneal] ended.
[freqmine] starting in background on cores: [1, 2] with 3 threads.
[monitor] ['61%', '61%', '74%', '60%']  memcached=120.9%
[monitor] ['52%', '66%', '61%', '45%']  memcached=97.5%
[monitor] ['68%', '100%', '36%', '72%']  memcached=140.2%
[monitor] ['85%', '100%', '32%', '84%']  memcached=169.7%
[MEMCACHED] cores updated to: ['0', '1', '3']
[freqmine] cores updated to: [2]
[monitor] ['78%', '73%', '100%', '72%']  memcached=223.6%
[monitor] ['66%', '66%', '100%', '62%']  memcached=194.1%
[monitor] ['37%', '37%', '100%', '34%']  memcached=108.6%
[MEMCACHED] cores updated to: ['0', '3']
[freqmine] cores updated to: [1, 2]
[monitor] ['44%', '6%', '100%', '41%']  memcached=85.4%
[monitor] ['40%', '21%', '100%', '38%']  memcached=78.1%
[monitor] ['63%', '100%', '97%', '62%']  memcached=125.3%
[monitor] ['67%', '81%', '93%', '66%']  memcached=132.5%
[monitor] ['63%', '100%', '100%', '63%']  memcached=126.3%
[monitor] ['50%', '100%', '100%', '61%']  memcached=111.4%
[monitor] ['54%', '100%', '100%', '52%']  memcached=106.2%
[monitor] ['53%', '100%', '100%', '54%']  memcached=107.4%
[monitor] ['55%', '100%', '100%', '53%']  memcached=108.3%
[monitor] ['54%', '100%', '100%', '55%']  memcached=109.3%
[monitor] ['52%', '100%', '100%', '51%']  memcached=103.2%
[monitor] ['58%', '100%', '100%', '68%']  memcached=126.5%
[monitor] ['74%', '100%', '100%', '56%']  memcached=130.7%
[monitor] ['51%', '100%', '100%', '48%']  memcached=98.8%
[monitor] ['53%', '100%', '100%', '51%']  memcached=104.0%
[monitor] ['55%', '100%', '100%', '53%']  memcached=108.4%
[monitor] ['53%', '100%', '100%', '52%']  memcached=105.5%
[monitor] ['53%', '100%', '100%', '49%']  memcached=102.2%
[monitor] ['53%', '100%', '100%', '51%']  memcached=104.2%
[monitor] ['57%', '100%', '100%', '53%']  memcached=110.3%
[monitor] ['54%', '57%', '100%', '51%']  memcached=105.2%
[monitor] ['53%', '43%', '100%', '52%']  memcached=105.4%
[monitor] ['94%', '100%', '100%', '94%']  memcached=187.3%
[MEMCACHED] cores updated to: ['0', '2', '3']
[freqmine] cores updated to: [1]
[monitor] ['83%', '100%', '85%', '75%']  memcached=243.6%
[monitor] ['83%', '100%', '82%', '76%']  memcached=241.5%
[monitor] ['79%', '100%', '81%', '74%']  memcached=233.7%
[monitor] ['76%', '100%', '78%', '71%']  memcached=225.7%
[monitor] ['78%', '100%', '78%', '74%']  memcached=229.8%
[monitor] ['78%', '100%', '78%', '73%']  memcached=229.7%
[monitor] ['78%', '100%', '78%', '73%']  memcached=229.3%
[monitor] ['94%', '100%', '81%', '73%']  memcached=248.3%
[monitor] ['92%', '100%', '83%', '76%']  memcached=250.9%
[monitor] ['71%', '100%', '100%', '64%']  memcached=234.8%
[monitor] ['68%', '100%', '100%', '63%']  memcached=231.6%
[monitor] ['66%', '100%', '71%', '65%']  memcached=201.5%
[monitor] ['72%', '100%', '70%', '66%']  memcached=207.9%
[monitor] ['74%', '100%', '76%', '69%']  memcached=219.7%
[monitor] ['74%', '100%', '74%', '71%']  memcached=218.8%
[monitor] ['70%', '100%', '70%', '65%']  memcached=205.0%
[monitor] ['63%', '100%', '65%', '60%']  memcached=188.4%
[monitor] ['66%', '100%', '66%', '59%']  memcached=190.2%
[monitor] ['62%', '100%', '63%', '59%']  memcached=183.9%
[monitor] ['50%', '100%', '49%', '45%']  memcached=144.1%
[monitor] ['51%', '100%', '49%', '45%']  memcached=145.4%
[monitor] ['50%', '100%', '50%', '49%']  memcached=148.9%
[monitor] ['57%', '100%', '55%', '54%']  memcached=165.2%
[monitor] ['62%', '100%', '61%', '57%']  memcached=180.0%
[monitor] ['61%', '100%', '64%', '57%']  memcached=182.1%
[monitor] ['69%', '100%', '67%', '63%']  memcached=198.9%
[monitor] ['75%', '100%', '77%', '70%']  memcached=221.9%
[monitor] ['74%', '100%', '74%', '69%']  memcached=217.5%
[monitor] ['74%', '100%', '76%', '72%']  memcached=221.2%
[monitor] ['81%', '100%', '79%', '74%']  memcached=234.3%
[monitor] ['78%', '100%', '79%', '71%']  memcached=228.4%
[monitor] ['76%', '100%', '78%', '73%']  memcached=226.4%
[monitor] ['62%', '100%', '65%', '59%']  memcached=186.0%
[monitor] ['58%', '100%', '59%', '56%']  memcached=173.0%
[monitor] ['60%', '100%', '63%', '56%']  memcached=178.4%
[monitor] ['56%', '100%', '56%', '52%']  memcached=164.0%
[monitor] ['52%', '100%', '55%', '50%']  memcached=156.7%
[monitor] ['53%', '100%', '53%', '48%']  memcached=154.4%
[monitor] ['56%', '100%', '56%', '51%']  memcached=162.3%
[monitor] ['68%', '100%', '67%', '63%']  memcached=197.3%
[monitor] ['67%', '100%', '69%', '62%']  memcached=198.4%
[monitor] ['68%', '100%', '68%', '62%']  memcached=196.5%
[monitor] ['71%', '100%', '70%', '68%']  memcached=209.0%
[monitor] ['68%', '100%', '68%', '63%']  memcached=199.2%
[monitor] ['70%', '100%', '68%', '62%']  memcached=200.8%
[monitor] ['63%', '100%', '63%', '59%']  memcached=184.7%
[monitor] ['55%', '100%', '57%', '51%']  memcached=162.6%
[monitor] ['55%', '100%', '55%', '49%']  memcached=158.1%
[monitor] ['57%', '100%', '58%', '55%']  memcached=169.8%
[monitor] ['74%', '100%', '76%', '70%']  memcached=220.9%
[monitor] ['73%', '100%', '74%', '69%']  memcached=215.9%
[monitor] ['74%', '100%', '74%', '66%']  memcached=213.2%
[monitor] ['81%', '100%', '83%', '79%']  memcached=243.4%
[monitor] ['83%', '100%', '83%', '76%']  memcached=242.3%
[monitor] ['82%', '100%', '82%', '74%']  memcached=238.5%
[monitor] ['63%', '100%', '64%', '58%']  memcached=185.2%
[monitor] ['47%', '100%', '48%', '44%']  memcached=138.3%
[MEMCACHED] cores updated to: ['0', '3']
[freqmine] cores updated to: [1, 2]
[monitor] ['56%', '100%', '100%', '52%']  memcached=108.1%
[monitor] ['55%', '100%', '100%', '55%']  memcached=110.4%
[monitor] ['50%', '100%', '100%', '51%']  memcached=101.0%
[monitor] ['50%', '100%', '100%', '45%']  memcached=95.5%
[monitor] ['51%', '100%', '100%', '47%']  memcached=97.9%
[monitor] ['52%', '100%', '100%', '50%']  memcached=102.0%
[monitor] ['54%', '100%', '100%', '51%']  memcached=105.1%
[monitor] ['51%', '100%', '100%', '53%']  memcached=104.1%
[monitor] ['54%', '100%', '100%', '52%']  memcached=106.2%
[monitor] ['54%', '100%', '100%', '55%']  memcached=109.5%
[monitor] ['57%', '100%', '100%', '53%']  memcached=109.9%
[monitor] ['56%', '100%', '100%', '61%']  memcached=116.4%
[monitor] ['70%', '100%', '100%', '74%']  memcached=143.7%
[monitor] ['72%', '100%', '100%', '71%']  memcached=142.8%
[monitor] ['74%', '100%', '100%', '72%']  memcached=146.2%
[monitor] ['51%', '100%', '100%', '52%']  memcached=103.2%
[monitor] ['49%', '100%', '100%', '47%']  memcached=95.9%
[monitor] ['47%', '100%', '100%', '51%']  memcached=98.0%
[monitor] ['62%', '100%', '100%', '64%']  memcached=126.5%
[monitor] ['76%', '100%', '100%', '78%']  memcached=154.1%
[monitor] ['72%', '100%', '100%', '85%']  memcached=157.8%
[monitor] ['64%', '100%', '100%', '73%']  memcached=137.3%
[monitor] ['51%', '100%', '100%', '51%']  memcached=102.0%
[monitor] ['49%', '100%', '100%', '51%']  memcached=100.0%
[monitor] ['51%', '100%', '100%', '51%']  memcached=102.0%
[monitor] ['51%', '100%', '100%', '52%']  memcached=103.1%
[monitor] ['52%', '100%', '100%', '53%']  memcached=105.1%
[monitor] ['50%', '100%', '100%', '48%']  memcached=97.8%
[monitor] ['58%', '100%', '100%', '55%']  memcached=112.3%
[monitor] ['53%', '100%', '100%', '66%']  memcached=119.3%
[monitor] ['64%', '100%', '100%', '59%']  memcached=123.4%
[monitor] ['63%', '100%', '100%', '62%']  memcached=125.3%
[monitor] ['59%', '100%', '100%', '60%']  memcached=119.6%
[monitor] ['59%', '100%', '100%', '62%']  memcached=121.0%
[monitor] ['57%', '100%', '100%', '62%']  memcached=118.7%
[monitor] ['60%', '100%', '100%', '60%']  memcached=120.5%
[monitor] ['61%', '100%', '100%', '57%']  memcached=117.7%
[monitor] ['60%', '100%', '100%', '60%']  memcached=119.6%
[monitor] ['62%', '100%', '100%', '63%']  memcached=125.0%
[monitor] ['66%', '100%', '100%', '67%']  memcached=132.5%
[monitor] ['72%', '100%', '100%', '63%']  memcached=135.2%
[monitor] ['64%', '100%', '100%', '65%']  memcached=129.4%
[monitor] ['62%', '100%', '100%', '60%']  memcached=121.4%
[monitor] ['60%', '100%', '100%', '61%']  memcached=120.5%
[monitor] ['64%', '100%', '100%', '61%']  memcached=125.0%
[monitor] ['46%', '100%', '100%', '51%']  memcached=96.7%
[monitor] ['52%', '100%', '100%', '48%']  memcached=99.9%
[monitor] ['50%', '100%', '100%', '47%']  memcached=96.8%
[monitor] ['60%', '100%', '100%', '62%']  memcached=123.0%
[monitor] ['69%', '100%', '100%', '81%']  memcached=150.3%
[monitor] ['76%', '100%', '100%', '69%']  memcached=145.1%
[monitor] ['72%', '100%', '100%', '83%']  memcached=155.4%
[monitor] ['80%', '100%', '100%', '94%']  memcached=173.8%
[MEMCACHED] cores updated to: ['0', '1', '3']
[freqmine] cores updated to: [2]
[monitor] ['81%', '81%', '100%', '77%']  memcached=238.8%
[monitor] ['78%', '78%', '100%', '75%']  memcached=230.6%
[monitor] ['76%', '78%', '100%', '74%']  memcached=227.8%
[monitor] ['76%', '72%', '100%', '72%']  memcached=219.9%
[monitor] ['75%', '76%', '100%', '71%']  memcached=222.1%
[monitor] ['58%', '55%', '100%', '55%']  memcached=167.3%
[monitor] ['48%', '44%', '100%', '43%']  memcached=134.5%
[MEMCACHED] cores updated to: ['0', '3']
[freqmine] cores updated to: [1, 2]
[monitor] ['52%', '100%', '100%', '52%']  memcached=104.4%
[monitor] ['61%', '100%', '100%', '59%']  memcached=120.0%
[monitor] ['68%', '100%', '100%', '76%']  memcached=143.2%
[monitor] ['68%', '100%', '100%', '76%']  memcached=144.6%
[monitor] ['71%', '100%', '100%', '77%']  memcached=148.4%
[monitor] ['64%', '100%', '100%', '73%']  memcached=137.3%
[monitor] ['69%', '100%', '100%', '72%']  memcached=140.8%
[monitor] ['65%', '100%', '100%', '71%']  memcached=136.1%
[monitor] ['70%', '100%', '100%', '69%']  memcached=139.2%
[monitor] ['67%', '100%', '100%', '72%']  memcached=139.2%
[monitor] ['69%', '100%', '100%', '69%']  memcached=138.5%
[monitor] ['67%', '100%', '100%', '70%']  memcached=136.7%
[monitor] ['66%', '100%', '100%', '74%']  memcached=139.5%
[monitor] ['66%', '100%', '100%', '72%']  memcached=137.6%
[monitor] ['68%', '100%', '100%', '68%']  memcached=135.1%
[monitor] ['81%', '100%', '100%', '94%']  memcached=174.1%
[MEMCACHED] cores updated to: ['0', '2', '3']
[freqmine] cores updated to: [1]
[monitor] ['81%', '100%', '78%', '74%']  memcached=233.2%
[monitor] ['77%', '100%', '81%', '74%']  memcached=231.4%
[monitor] ['69%', '100%', '68%', '62%']  memcached=198.9%
[monitor] ['62%', '100%', '64%', '60%']  memcached=186.7%
[monitor] ['62%', '100%', '64%', '59%']  memcached=185.3%
[monitor] ['60%', '100%', '63%', '58%']  memcached=181.4%
[monitor] ['55%', '100%', '54%', '51%']  memcached=159.6%
[monitor] ['58%', '100%', '58%', '47%']  memcached=163.6%
[monitor] ['58%', '100%', '57%', '52%']  memcached=166.7%
[monitor] ['45%', '100%', '48%', '43%']  memcached=136.0%
[MEMCACHED] cores updated to: ['0', '3']
[freqmine] cores updated to: [1, 2]
[monitor] ['51%', '100%', '100%', '51%']  memcached=102.1%
[monitor] ['51%', '100%', '100%', '52%']  memcached=103.1%
[monitor] ['62%', '100%', '100%', '68%']  memcached=129.7%
[monitor] ['63%', '100%', '100%', '72%']  memcached=135.6%
[monitor] ['76%', '100%', '100%', '66%']  memcached=142.2%
[monitor] ['70%', '100%', '100%', '76%']  memcached=146.5%
[monitor] ['74%', '100%', '100%', '88%']  memcached=162.6%
[MEMCACHED] cores updated to: ['0', '1', '3']
[freqmine] cores updated to: [2]
[monitor] ['74%', '73%', '100%', '68%']  memcached=215.8%
[monitor] ['76%', '76%', '100%', '72%']  memcached=224.2%
[monitor] ['74%', '73%', '100%', '69%']  memcached=215.9%
[monitor] ['76%', '74%', '100%', '72%']  memcached=222.2%
[monitor] ['76%', '76%', '100%', '70%']  memcached=221.6%
[monitor] ['76%', '75%', '100%', '74%']  memcached=225.0%
[monitor] ['73%', '71%', '100%', '68%']  memcached=211.6%
[monitor] ['74%', '73%', '100%', '73%']  memcached=219.6%
[monitor] ['79%', '78%', '100%', '76%']  memcached=233.5%
[monitor] ['81%', '77%', '100%', '75%']  memcached=233.2%
[monitor] ['79%', '77%', '100%', '74%']  memcached=230.1%
[monitor] ['76%', '72%', '100%', '72%']  memcached=219.3%
[monitor] ['46%', '44%', '100%', '42%']  memcached=131.7%
[MEMCACHED] cores updated to: ['0', '3']
[freqmine] cores updated to: [1, 2]
[monitor] ['53%', '100%', '100%', '49%']  memcached=102.1%
[monitor] ['50%', '100%', '100%', '48%']  memcached=97.7%
[monitor] ['72%', '100%', '100%', '75%']  memcached=146.8%
[monitor] ['76%', '100%', '100%', '88%']  memcached=163.8%
[MEMCACHED] cores updated to: ['0', '2', '3']
[freqmine] cores updated to: [1]
[monitor] ['74%', '100%', '74%', '68%']  memcached=215.8%
[monitor] ['70%', '100%', '72%', '67%']  memcached=208.5%
[monitor] ['71%', '100%', '72%', '66%']  memcached=208.6%
[monitor] ['72%', '100%', '73%', '67%']  memcached=212.1%
[monitor] ['70%', '100%', '74%', '68%']  memcached=211.5%
[monitor] ['78%', '100%', '76%', '73%']  memcached=227.7%
[monitor] ['76%', '100%', '77%', '70%']  memcached=223.7%
[monitor] ['73%', '100%', '76%', '69%']  memcached=218.5%
[monitor] ['69%', '100%', '72%', '64%']  memcached=205.1%
[monitor] ['70%', '100%', '68%', '66%']  memcached=204.3%
[monitor] ['72%', '100%', '72%', '67%']  memcached=211.7%
[monitor] ['74%', '100%', '76%', '68%']  memcached=217.8%
[monitor] ['81%', '100%', '82%', '73%']  memcached=235.9%
[monitor] ['80%', '100%', '80%', '74%']  memcached=234.4%
[monitor] ['81%', '100%', '85%', '76%']  memcached=242.3%
[monitor] ['80%', '100%', '78%', '71%']  memcached=229.4%
[monitor] ['77%', '100%', '79%', '71%']  memcached=228.0%
[monitor] ['79%', '100%', '80%', '71%']  memcached=230.0%
[monitor] ['74%', '100%', '72%', '68%']  memcached=213.0%
[monitor] ['68%', '100%', '70%', '66%']  memcached=203.4%
[monitor] ['71%', '100%', '71%', '65%']  memcached=206.8%
[monitor] ['62%', '100%', '64%', '57%']  memcached=182.7%
[monitor] ['52%', '100%', '52%', '52%']  memcached=156.8%
[monitor] ['55%', '100%', '56%', '51%']  memcached=161.2%
[monitor] ['57%', '100%', '58%', '52%']  memcached=166.7%
[monitor] ['66%', '100%', '65%', '61%']  memcached=191.8%
[monitor] ['62%', '100%', '66%', '59%']  memcached=187.3%
[monitor] ['64%', '100%', '64%', '60%']  memcached=188.9%
[monitor] ['62%', '100%', '63%', '57%']  memcached=181.8%
[monitor] ['64%', '100%', '62%', '56%']  memcached=183.2%
[monitor] ['62%', '100%', '64%', '60%']  memcached=185.1%
[monitor] ['65%', '100%', '67%', '61%']  memcached=192.2%
[monitor] ['69%', '100%', '72%', '67%']  memcached=207.7%
[monitor] ['72%', '100%', '72%', '65%']  memcached=209.3%
[monitor] ['74%', '100%', '74%', '69%']  memcached=216.6%
[monitor] ['83%', '100%', '86%', '73%']  memcached=241.5%
[monitor] ['86%', '100%', '85%', '77%']  memcached=247.7%
[monitor] ['88%', '100%', '88%', '79%']  memcached=254.4%
[monitor] ['64%', '100%', '68%', '60%']  memcached=192.4%
[monitor] ['61%', '100%', '62%', '59%']  memcached=182.0%
[monitor] ['65%', '100%', '65%', '60%']  memcached=190.2%
[monitor] ['66%', '100%', '68%', '62%']  memcached=195.3%
[monitor] ['69%', '100%', '70%', '66%']  memcached=205.1%
[monitor] ['71%', '100%', '71%', '65%']  memcached=206.8%
[monitor] ['66%', '100%', '67%', '62%']  memcached=194.4%
[monitor] ['61%', '100%', '60%', '56%']  memcached=177.6%
[monitor] ['61%', '100%', '60%', '56%']  memcached=177.0%
[monitor] ['59%', '100%', '61%', '55%']  memcached=175.2%
[monitor] ['57%', '100%', '58%', '53%']  memcached=167.9%
[monitor] ['57%', '100%', '55%', '52%']  memcached=163.7%
[monitor] ['56%', '100%', '56%', '53%']  memcached=164.7%
[monitor] ['53%', '100%', '55%', '52%']  memcached=160.3%
[monitor] ['54%', '100%', '56%', '51%']  memcached=161.1%
[monitor] ['55%', '100%', '54%', '48%']  memcached=156.5%
[monitor] ['54%', '100%', '52%', '48%']  memcached=154.2%
[monitor] ['49%', '100%', '51%', '48%']  memcached=147.6%
[monitor] ['49%', '100%', '50%', '47%']  memcached=145.4%
[monitor] ['49%', '100%', '50%', '49%']  memcached=147.7%
[monitor] ['53%', '100%', '52%', '45%']  memcached=150.8%
[monitor] ['52%', '100%', '51%', '48%']  memcached=151.0%
[monitor] ['52%', '100%', '50%', '48%']  memcached=149.8%
[monitor] ['53%', '100%', '52%', '50%']  memcached=155.6%
[monitor] ['53%', '100%', '53%', '49%']  memcached=155.8%
[monitor] ['53%', '100%', '53%', '50%']  memcached=157.0%
[monitor] ['58%', '100%', '58%', '54%']  memcached=169.9%
[monitor] ['69%', '100%', '71%', '67%']  memcached=207.5%
[monitor] ['71%', '100%', '74%', '67%']  memcached=211.4%
[monitor] ['72%', '100%', '72%', '66%']  memcached=210.1%
[monitor] ['78%', '100%', '81%', '71%']  memcached=230.0%
[monitor] ['78%', '100%', '76%', '72%']  memcached=225.2%
[monitor] ['78%', '100%', '81%', '71%']  memcached=230.0%
[monitor] ['61%', '100%', '60%', '56%']  memcached=177.1%
[monitor] ['49%', '100%', '52%', '46%']  memcached=147.5%
[monitor] ['50%', '100%', '52%', '46%']  memcached=148.6%
[monitor] ['50%', '100%', '49%', '41%']  memcached=139.9%
[MEMCACHED] cores updated to: ['0', '3']
[freqmine] cores updated to: [1, 2]
[monitor] ['53%', '100%', '100%', '52%']  memcached=105.6%
[monitor] ['55%', '100%', '100%', '52%']  memcached=107.5%
[monitor] ['50%', '100%', '100%', '54%']  memcached=104.3%
[monitor] ['83%', '100%', '100%', '94%']  memcached=177.1%
[MEMCACHED] cores updated to: ['0', '1', '3']
[freqmine] cores updated to: [2]
[monitor] ['76%', '74%', '100%', '71%']  memcached=220.4%
[monitor] ['77%', '76%', '100%', '70%']  memcached=222.9%
[monitor] ['63%', '64%', '100%', '61%']  memcached=188.7%
[monitor] ['58%', '53%', '100%', '55%']  memcached=165.8%
[monitor] ['57%', '58%', '100%', '55%']  memcached=170.0%
[monitor] ['59%', '56%', '100%', '55%']  memcached=169.7%
[monitor] ['55%', '50%', '100%', '50%']  memcached=154.5%
[monitor] ['55%', '52%', '100%', '52%']  memcached=159.2%
[monitor] ['53%', '55%', '100%', '52%']  memcached=160.4%
[monitor] ['59%', '57%', '100%', '55%']  memcached=171.2%
[monitor] ['61%', '56%', '100%', '56%']  memcached=173.6%
[monitor] ['61%', '57%', '100%', '56%']  memcached=175.0%
[monitor] ['65%', '60%', '100%', '60%']  memcached=185.1%
[monitor] ['61%', '61%', '100%', '59%']  memcached=180.9%
[monitor] ['62%', '63%', '100%', '61%']  memcached=186.9%
[monitor] ['60%', '57%', '100%', '59%']  memcached=175.2%
[monitor] ['57%', '55%', '100%', '55%']  memcached=165.9%
[monitor] ['56%', '56%', '100%', '53%']  memcached=165.1%
[monitor] ['58%', '56%', '100%', '56%']  memcached=169.4%
[monitor] ['74%', '72%', '100%', '69%']  memcached=214.7%
[monitor] ['72%', '70%', '100%', '68%']  memcached=210.5%
[monitor] ['72%', '71%', '100%', '69%']  memcached=212.5%
[monitor] ['84%', '82%', '100%', '78%']  memcached=244.5%
[monitor] ['85%', '82%', '100%', '82%']  memcached=249.5%
[monitor] ['88%', '83%', '100%', '76%']  memcached=247.2%
[monitor] ['71%', '70%', '100%', '67%']  memcached=208.0%
[monitor] ['58%', '54%', '100%', '55%']  memcached=166.8%
[monitor] ['57%', '56%', '100%', '54%']  memcached=166.9%
[monitor] ['58%', '54%', '100%', '52%']  memcached=164.5%
[monitor] ['72%', '69%', '100%', '68%']  memcached=209.4%
[monitor] ['68%', '67%', '100%', '66%']  memcached=200.9%
[monitor] ['71%', '67%', '100%', '66%']  memcached=203.5%
[monitor] ['69%', '68%', '100%', '67%']  memcached=203.5%
[monitor] ['69%', '68%', '100%', '65%']  memcached=201.6%
[monitor] ['67%', '66%', '100%', '65%']  memcached=197.5%
[monitor] ['61%', '61%', '100%', '57%']  memcached=179.5%
[monitor] ['58%', '55%', '100%', '56%']  memcached=168.4%
[monitor] ['57%', '55%', '100%', '51%']  memcached=162.8%
[monitor] ['60%', '56%', '100%', '56%']  memcached=171.7%
[monitor] ['81%', '79%', '100%', '74%']  memcached=233.6%
[monitor] ['80%', '78%', '100%', '74%']  memcached=231.9%
[monitor] ['81%', '81%', '100%', '76%']  memcached=237.4%
[monitor] ['52%', '50%', '100%', '49%']  memcached=151.1%
[monitor] ['48%', '45%', '100%', '44%']  memcached=137.5%
[MEMCACHED] cores updated to: ['0', '3']
[freqmine] cores updated to: [1, 2]
[monitor] ['51%', '100%', '100%', '54%']  memcached=105.2%
[monitor] ['65%', '100%', '100%', '67%']  memcached=131.7%
[monitor] ['91%', '100%', '100%', '100%']  memcached=190.6%
[MEMCACHED] cores updated to: ['0', '2', '3']
[freqmine] cores updated to: [1]
[monitor] ['83%', '100%', '82%', '77%']  memcached=242.8%
[monitor] ['74%', '100%', '76%', '69%']  memcached=218.6%
[monitor] ['52%', '100%', '53%', '49%']  memcached=154.4%
[monitor] ['55%', '100%', '53%', '46%']  memcached=155.0%
[monitor] ['54%', '100%', '51%', '49%']  memcached=154.3%
[monitor] ['57%', '100%', '58%', '52%']  memcached=167.8%
[monitor] ['57%', '100%', '56%', '52%']  memcached=165.6%
[monitor] ['59%', '100%', '58%', '54%']  memcached=170.9%
[monitor] ['64%', '100%', '63%', '57%']  memcached=185.2%
[monitor] ['68%', '100%', '68%', '62%']  memcached=197.5%
[monitor] ['68%', '100%', '69%', '64%']  memcached=200.8%
[monitor] ['63%', '100%', '65%', '60%']  memcached=187.9%
[monitor] ['41%', '100%', '40%', '35%']  memcached=115.4%
[MEMCACHED] cores updated to: ['0', '3']
[freqmine] cores updated to: [1, 2]
[monitor] ['46%', '100%', '97%', '43%']  memcached=89.1%
[monitor] ['46%', '100%', '100%', '42%']  memcached=87.7%
[monitor] ['64%', '100%', '100%', '62%']  memcached=126.2%
[monitor] ['67%', '100%', '100%', '63%']  memcached=130.1%
[monitor] ['67%', '100%', '100%', '67%']  memcached=133.3%
[monitor] ['65%', '100%', '100%', '64%']  memcached=129.6%
[monitor] ['61%', '100%', '100%', '60%']  memcached=121.8%
[monitor] ['62%', '100%', '100%', '60%']  memcached=121.7%
[monitor] ['66%', '100%', '100%', '63%']  memcached=128.7%
[monitor] ['76%', '100%', '100%', '86%']  memcached=162.0%
[MEMCACHED] cores updated to: ['0', '1', '3']
[freqmine] cores updated to: [2]
[monitor] ['74%', '72%', '100%', '70%']  memcached=216.4%
[monitor] ['74%', '74%', '100%', '68%']  memcached=215.8%
[monitor] ['81%', '82%', '100%', '78%']  memcached=241.2%
[monitor] ['88%', '83%', '100%', '79%']  memcached=249.8%
[monitor] ['88%', '85%', '100%', '83%']  memcached=255.2%
[monitor] ['70%', '69%', '100%', '66%']  memcached=205.0%
[monitor] ['57%', '59%', '100%', '57%']  memcached=173.4%
[monitor] ['58%', '54%', '100%', '56%']  memcached=167.8%
[monitor] ['60%', '58%', '100%', '59%']  memcached=177.1%
[monitor] ['66%', '65%', '100%', '64%']  memcached=195.1%
[monitor] ['64%', '62%', '100%', '62%']  memcached=188.3%
[monitor] ['63%', '64%', '100%', '61%']  memcached=188.7%
[monitor] ['64%', '63%', '100%', '62%']  memcached=189.2%
[monitor] ['65%', '62%', '100%', '64%']  memcached=190.8%
[monitor] ['66%', '67%', '100%', '62%']  memcached=194.1%
[monitor] ['68%', '65%', '100%', '64%']  memcached=196.5%
[monitor] ['71%', '71%', '100%', '68%']  memcached=209.4%
[monitor] ['74%', '71%', '100%', '67%']  memcached=212.1%
[monitor] ['68%', '67%', '100%', '65%']  memcached=199.2%
[monitor] ['59%', '57%', '100%', '56%']  memcached=172.0%
[monitor] ['55%', '59%', '100%', '57%']  memcached=171.0%
[monitor] ['60%', '56%', '100%', '54%']  memcached=169.9%
[monitor] ['52%', '48%', '100%', '49%']  memcached=148.5%
[monitor] ['49%', '45%', '100%', '45%']  memcached=139.8%
[MEMCACHED] cores updated to: ['0', '3']
[freqmine] cores updated to: [1, 2]
[monitor] ['54%', '97%', '100%', '53%']  memcached=107.4%
[monitor] ['66%', '100%', '100%', '72%']  memcached=137.6%
[monitor] ['80%', '100%', '100%', '94%']  memcached=173.5%
[MEMCACHED] cores updated to: ['0', '2', '3']
[freqmine] cores updated to: [1]
[monitor] ['74%', '100%', '75%', '68%']  memcached=216.3%
[monitor] ['74%', '100%', '76%', '69%']  memcached=219.7%
[monitor] ['72%', '100%', '72%', '67%']  memcached=211.0%
[monitor] ['71%', '100%', '72%', '68%']  memcached=211.8%
[monitor] ['69%', '100%', '73%', '65%']  memcached=207.2%
[monitor] ['81%', '100%', '81%', '73%']  memcached=234.1%
[monitor] ['79%', '100%', '80%', '71%']  memcached=230.8%
[monitor] ['78%', '100%', '81%', '73%']  memcached=231.5%
[monitor] ['70%', '100%', '70%', '63%']  memcached=203.2%
[monitor] ['63%', '100%', '64%', '60%']  memcached=188.2%
[monitor] ['64%', '100%', '66%', '60%']  memcached=190.6%
[monitor] ['59%', '100%', '58%', '57%']  memcached=174.4%
[monitor] ['49%', '100%', '51%', '47%']  memcached=146.5%
[monitor] ['52%', '100%', '54%', '48%']  memcached=154.3%
[monitor] ['51%', '100%', '52%', '46%']  memcached=149.7%
[monitor] ['63%', '100%', '64%', '59%']  memcached=186.2%
[monitor] ['62%', '100%', '63%', '57%']  memcached=182.8%
[monitor] ['63%', '100%', '62%', '59%']  memcached=183.9%
[monitor] ['50%', '100%', '51%', '46%']  memcached=147.5%
[monitor] ['44%', '100%', '44%', '37%']  memcached=125.5%
[MEMCACHED] cores updated to: ['0', '3']
[freqmine] cores updated to: [1, 2]
[monitor] ['51%', '100%', '100%', '51%']  memcached=102.0%
[monitor] ['55%', '100%', '100%', '53%']  memcached=108.7%
[monitor] ['67%', '100%', '100%', '67%']  memcached=134.9%
[monitor] ['68%', '100%', '100%', '66%']  memcached=133.4%
[monitor] ['67%', '100%', '100%', '67%']  memcached=134.1%
[monitor] ['85%', '100%', '100%', '97%']  memcached=182.1%
[MEMCACHED] cores updated to: ['0', '1', '3']
[freqmine] cores updated to: [2]
[monitor] ['81%', '80%', '100%', '77%']  memcached=237.7%
[monitor] ['81%', '78%', '100%', '76%']  memcached=234.0%
[monitor] ['50%', '51%', '100%', '49%']  memcached=150.0%
[monitor] ['38%', '34%', '100%', '40%']  memcached=111.8%
[MEMCACHED] cores updated to: ['0', '3']
[freqmine] cores updated to: [1, 2]
[monitor] ['43%', '100%', '100%', '46%']  memcached=89.1%
[monitor] ['57%', '100%', '100%', '52%']  memcached=109.5%
[monitor] ['76%', '100%', '100%', '94%']  memcached=169.9%
[MEMCACHED] cores updated to: ['0', '2', '3']
[freqmine] cores updated to: [1]
[monitor] ['75%', '100%', '76%', '69%']  memcached=220.5%
[monitor] ['77%', '100%', '79%', '70%']  memcached=226.1%
[monitor] ['58%', '100%', '57%', '56%']  memcached=171.1%
[monitor] ['60%', '100%', '60%', '56%']  memcached=174.9%
[monitor] ['59%', '100%', '58%', '54%']  memcached=170.9%
[monitor] ['54%', '100%', '53%', '51%']  memcached=158.8%
[monitor] ['52%', '100%', '51%', '47%']  memcached=149.8%
[monitor] ['52%', '100%', '50%', '49%']  memcached=151.1%
[monitor] ['53%', '100%', '52%', '46%']  memcached=152.0%
[monitor] ['60%', '100%', '59%', '55%']  memcached=173.9%
[monitor] ['58%', '100%', '56%', '55%']  memcached=169.0%
[monitor] ['59%', '100%', '57%', '54%']  memcached=169.3%
[monitor] ['76%', '100%', '76%', '69%']  memcached=220.6%
[monitor] ['76%', '100%', '77%', '71%']  memcached=224.5%
[monitor] ['73%', '100%', '76%', '70%']  memcached=219.3%
[monitor] ['75%', '100%', '74%', '66%']  memcached=215.1%
[monitor] ['70%', '100%', '71%', '67%']  memcached=208.0%
[monitor] ['72%', '100%', '72%', '65%']  memcached=208.6%
[monitor] ['70%', '100%', '72%', '67%']  memcached=209.2%
[monitor] ['72%', '100%', '72%', '68%']  memcached=211.8%
[monitor] ['72%', '100%', '74%', '68%']  memcached=214.4%
[monitor] ['72%', '100%', '71%', '66%']  memcached=208.6%
[monitor] ['67%', '100%', '68%', '64%']  memcached=198.5%
[monitor] ['68%', '100%', '70%', '64%']  memcached=202.4%
[monitor] ['70%', '100%', '70%', '66%']  memcached=205.9%
[monitor] ['60%', '100%', '60%', '55%']  memcached=173.8%
[monitor] ['56%', '100%', '57%', '52%']  memcached=165.0%
[monitor] ['58%', '100%', '57%', '53%']  memcached=168.1%
[monitor] ['51%', '100%', '51%', '46%']  memcached=148.6%
[monitor] ['48%', '100%', '48%', '40%']  memcached=136.1%
[MEMCACHED] cores updated to: ['0', '3']
[freqmine] cores updated to: [1, 2]
[monitor] ['52%', '100%', '100%', '50%']  memcached=102.1%
[monitor] ['55%', '100%', '100%', '54%']  memcached=109.3%
[monitor] ['61%', '100%', '100%', '59%']  memcached=120.0%
[monitor] ['60%', '100%', '100%', '60%']  memcached=120.0%
[monitor] ['61%', '100%', '100%', '60%']  memcached=121.8%
[monitor] ['55%', '100%', '100%', '53%']  memcached=108.5%
[monitor] ['52%', '100%', '100%', '52%']  memcached=104.3%
[monitor] ['55%', '100%', '100%', '52%']  memcached=107.2%
[monitor] ['57%', '100%', '100%', '61%']  memcached=118.3%
[monitor] ['64%', '100%', '100%', '62%']  memcached=126.2%
[monitor] ['64%', '100%', '100%', '62%']  memcached=126.2%
[monitor] ['67%', '100%', '100%', '63%']  memcached=130.9%
[monitor] ['65%', '100%', '100%', '70%']  memcached=135.0%
[monitor] ['72%', '100%', '100%', '71%']  memcached=142.8%
[monitor] ['69%', '100%', '100%', '71%']  memcached=140.3%
[monitor] ['61%', '100%', '100%', '62%']  memcached=123.6%
[monitor] ['58%', '100%', '100%', '61%']  memcached=119.1%
[monitor] ['59%', '100%', '100%', '62%']  memcached=120.9%
[monitor] ['65%', '100%', '100%', '67%']  memcached=131.8%
[monitor] ['72%', '100%', '100%', '78%']  memcached=150.9%
[monitor] ['72%', '100%', '100%', '76%']  memcached=148.1%
[monitor] ['75%', '100%', '100%', '78%']  memcached=152.8%
[monitor] ['81%', '100%', '100%', '91%']  memcached=171.5%
[MEMCACHED] cores updated to: ['0', '1', '3']
[freqmine] cores updated to: [2]
[monitor] ['77%', '75%', '100%', '74%']  memcached=225.6%
[monitor] ['79%', '78%', '100%', '72%']  memcached=229.4%
[monitor] ['63%', '60%', '100%', '60%']  memcached=182.8%
[monitor] ['60%', '58%', '100%', '58%']  memcached=175.8%
[monitor] ['58%', '57%', '100%', '56%']  memcached=171.4%
[monitor] ['69%', '68%', '100%', '64%']  memcached=201.6%
[monitor] ['78%', '76%', '100%', '76%']  memcached=229.7%
[monitor] ['78%', '75%', '100%', '71%']  memcached=224.2%
[monitor] ['81%', '79%', '100%', '76%']  memcached=235.6%
[monitor] ['85%', '83%', '100%', '81%']  memcached=248.7%
[monitor] ['85%', '83%', '100%', '79%']  memcached=247.6%
[monitor] ['83%', '82%', '100%', '80%']  memcached=244.7%
[monitor] ['68%', '68%', '100%', '64%']  memcached=199.1%
[monitor] ['65%', '62%', '100%', '61%']  memcached=188.5%
[monitor] ['64%', '65%', '100%', '63%']  memcached=192.8%
[monitor] ['76%', '74%', '100%', '71%']  memcached=220.4%
[monitor] ['88%', '82%', '100%', '82%']  memcached=252.4%
[monitor] ['83%', '82%', '100%', '81%']  memcached=245.8%
[monitor] ['82%', '80%', '100%', '78%']  memcached=240.1%
[monitor] ['81%', '78%', '100%', '75%']  memcached=233.3%
[monitor] ['78%', '78%', '100%', '73%']  memcached=229.1%
[monitor] ['81%', '77%', '100%', '77%']  memcached=234.8%
[monitor] ['78%', '75%', '100%', '71%']  memcached=224.2%
[monitor] ['74%', '74%', '100%', '69%']  memcached=216.6%
[monitor] ['76%', '76%', '100%', '73%']  memcached=224.3%
[monitor] ['61%', '59%', '100%', '60%']  memcached=180.0%
[monitor] ['48%', '49%', '100%', '49%']  memcached=145.5%
[monitor] ['53%', '51%', '100%', '47%']  memcached=150.8%
[monitor] ['48%', '52%', '100%', '50%']  memcached=149.9%
[monitor] ['49%', '43%', '100%', '45%']  memcached=137.2%
[MEMCACHED] cores updated to: ['0', '3']
[freqmine] cores updated to: [1, 2]
[monitor] ['51%', '100%', '100%', '53%']  memcached=104.1%
[monitor] ['53%', '100%', '100%', '51%']  memcached=104.2%
[monitor] ['56%', '100%', '100%', '58%']  memcached=114.6%
[monitor] ['54%', '100%', '100%', '58%']  memcached=112.5%
[monitor] ['57%', '100%', '100%', '59%']  memcached=116.1%
[monitor] ['63%', '100%', '100%', '64%']  memcached=126.7%
[monitor] ['68%', '100%', '100%', '66%']  memcached=134.1%
[monitor] ['71%', '100%', '100%', '68%']  memcached=139.0%
[monitor] ['74%', '100%', '100%', '68%']  memcached=141.3%
[monitor] ['76%', '100%', '100%', '91%']  memcached=167.5%
[MEMCACHED] cores updated to: ['0', '2', '3']
[freqmine] cores updated to: [1]
[monitor] ['76%', '100%', '75%', '69%']  memcached=220.1%
[monitor] ['77%', '100%', '79%', '71%']  memcached=226.9%
[monitor] ['49%', '100%', '53%', '46%']  memcached=148.5%
[monitor] ['51%', '100%', '50%', '47%']  memcached=147.6%
[monitor] ['51%', '100%', '50%', '44%']  memcached=145.0%
[monitor] ['56%', '100%', '56%', '50%']  memcached=161.4%
[monitor] ['59%', '100%', '57%', '56%']  memcached=172.0%
[monitor] ['59%', '100%', '60%', '54%']  memcached=173.2%
[monitor] ['56%', '100%', '55%', '52%']  memcached=162.6%
[monitor] ['44%', '100%', '44%', '38%']  memcached=127.0%
[MEMCACHED] cores updated to: ['0', '3']
[freqmine] cores updated to: [1, 2]
[monitor] ['51%', '100%', '100%', '50%']  memcached=101.0%
[monitor] ['50%', '100%', '100%', '49%']  memcached=99.0%
[monitor] ['63%', '100%', '100%', '61%']  memcached=124.2%
[monitor] ['64%', '100%', '100%', '61%']  memcached=124.6%
[monitor] ['64%', '100%', '100%', '60%']  memcached=124.1%
[monitor] ['83%', '100%', '100%', '71%']  memcached=153.6%
[monitor] ['100%', '100%', '100%', '79%']  memcached=178.9%
[MEMCACHED] cores updated to: ['0', '1', '3']
[freqmine] cores updated to: [2]
[monitor] ['85%', '83%', '100%', '78%']  memcached=246.5%
[monitor] ['78%', '78%', '100%', '76%']  memcached=231.8%
[monitor] ['76%', '74%', '100%', '72%']  memcached=222.5%
[monitor] ['78%', '76%', '100%', '74%']  memcached=228.4%
[monitor] ['78%', '75%', '100%', '74%']  memcached=227.1%
[monitor] ['68%', '67%', '100%', '66%']  memcached=200.7%
[monitor] ['68%', '66%', '100%', '66%']  memcached=199.1%
[monitor] ['68%', '64%', '100%', '63%']  memcached=194.8%
[monitor] ['74%', '75%', '100%', '70%']  memcached=219.0%
[monitor] ['78%', '76%', '100%', '71%']  memcached=224.9%
[monitor] ['79%', '76%', '100%', '76%']  memcached=230.3%
[monitor] ['61%', '64%', '100%', '63%']  memcached=188.6%
[monitor] ['45%', '38%', '100%', '40%']  memcached=122.3%
[MEMCACHED] cores updated to: ['0', '3']
[freqmine] cores updated to: [1, 2]
[monitor] ['48%', '100%', '100%', '44%']  memcached=92.4%
[monitor] ['50%', '100%', '100%', '46%']  memcached=95.7%
[monitor] ['56%', '100%', '100%', '55%']  memcached=110.8%
[monitor] ['58%', '100%', '100%', '59%']  memcached=116.9%
[monitor] ['59%', '100%', '100%', '56%']  memcached=114.5%
[monitor] ['52%', '100%', '100%', '51%']  memcached=103.1%
[monitor] ['47%', '100%', '100%', '44%']  memcached=91.3%
[monitor] ['49%', '100%', '100%', '44%']  memcached=93.4%
[monitor] ['52%', '100%', '100%', '51%']  memcached=103.1%
[monitor] ['59%', '100%', '100%', '56%']  memcached=114.3%
[monitor] ['56%', '100%', '100%', '57%']  memcached=112.1%
[monitor] ['60%', '100%', '100%', '57%']  memcached=117.0%
[monitor] ['100%', '100%', '100%', '79%']  memcached=178.9%
[MEMCACHED] cores updated to: ['0', '2', '3']
[freqmine] cores updated to: [1]
[monitor] ['81%', '100%', '82%', '76%']  memcached=239.2%
[monitor] ['81%', '100%', '81%', '70%']  memcached=231.9%
[monitor] ['60%', '100%', '59%', '56%']  memcached=173.9%
[monitor] ['51%', '100%', '52%', '48%']  memcached=151.0%
[monitor] ['52%', '100%', '54%', '46%']  memcached=152.9%
[monitor] ['62%', '100%', '61%', '56%']  memcached=179.0%
[monitor] ['81%', '100%', '81%', '76%']  memcached=237.8%
[monitor] ['82%', '100%', '83%', '73%']  memcached=238.2%
[monitor] ['79%', '100%', '78%', '74%']  memcached=230.4%
[monitor] ['57%', '100%', '58%', '53%']  memcached=168.4%
[monitor] ['58%', '100%', '57%', '53%']  memcached=168.1%
[monitor] ['57%', '100%', '60%', '53%']  memcached=170.6%
[monitor] ['44%', '100%', '47%', '41%']  memcached=132.3%
[MEMCACHED] cores updated to: ['0', '3']
[freqmine] cores updated to: [1, 2]
[monitor] ['50%', '100%', '100%', '50%']  memcached=100.0%
[monitor] ['49%', '100%', '100%', '48%']  memcached=96.9%
[monitor] ['50%', '100%', '100%', '49%']  memcached=99.0%
[monitor] ['47%', '100%', '100%', '47%']  memcached=93.7%
[monitor] ['49%', '100%', '100%', '49%']  memcached=98.0%
[monitor] ['49%', '100%', '100%', '50%']  memcached=99.0%
[monitor] ['64%', '100%', '100%', '63%']  memcached=127.5%
[monitor] ['64%', '100%', '100%', '61%']  memcached=125.6%
[monitor] ['62%', '100%', '100%', '62%']  memcached=124.1%
[monitor] ['53%', '100%', '100%', '51%']  memcached=104.1%
[monitor] ['50%', '100%', '100%', '48%']  memcached=97.9%
[monitor] ['51%', '100%', '100%', '50%']  memcached=101.0%
[monitor] ['50%', '100%', '100%', '50%']  memcached=100.0%
[monitor] ['57%', '100%', '100%', '53%']  memcached=109.9%
[monitor] ['55%', '100%', '100%', '53%']  memcached=108.7%
[monitor] ['56%', '100%', '100%', '57%']  memcached=112.8%
[monitor] ['65%', '100%', '100%', '64%']  memcached=129.6%
[monitor] ['67%', '100%', '100%', '64%']  memcached=131.7%
[monitor] ['64%', '100%', '100%', '62%']  memcached=126.2%
[monitor] ['64%', '100%', '100%', '61%']  memcached=125.8%
[monitor] ['64%', '100%', '100%', '61%']  memcached=125.8%
[monitor] ['64%', '100%', '100%', '60%']  memcached=123.6%
[monitor] ['61%', '100%', '100%', '61%']  memcached=122.2%
[monitor] ['61%', '100%', '100%', '59%']  memcached=119.6%
[monitor] ['59%', '100%', '100%', '59%']  memcached=117.4%
[monitor] ['62%', '100%', '100%', '59%']  memcached=121.3%
[monitor] ['68%', '100%', '100%', '74%']  memcached=141.2%
[monitor] ['71%', '100%', '100%', '75%']  memcached=145.7%
[monitor] ['75%', '100%', '100%', '69%']  memcached=144.2%
[monitor] ['63%', '100%', '100%', '72%']  memcached=135.2%
[monitor] ['69%', '100%', '100%', '65%']  memcached=134.0%
[monitor] ['71%', '100%', '100%', '68%']  memcached=139.0%
[monitor] ['69%', '100%', '100%', '74%']  memcached=143.6%
[monitor] ['72%', '100%', '100%', '83%']  memcached=154.7%
[monitor] ['81%', '100%', '100%', '76%']  memcached=156.2%
[monitor] ['74%', '100%', '100%', '77%']  memcached=151.5%
[monitor] ['72%', '100%', '100%', '85%']  memcached=157.8%
[monitor] ['75%', '100%', '100%', '85%']  memcached=159.8%
[monitor] ['76%', '100%', '100%', '76%']  memcached=152.0%
[monitor] ['51%', '100%', '100%', '56%']  memcached=107.3%
[monitor] ['52%', '100%', '100%', '50%']  memcached=102.1%
[monitor] ['50%', '100%', '100%', '50%']  memcached=100.0%
[monitor] ['47%', '100%', '100%', '44%']  memcached=91.4%
[monitor] ['41%', '100%', '100%', '43%']  memcached=83.9%
[monitor] ['43%', '100%', '100%', '43%']  memcached=86.0%
[monitor] ['45%', '100%', '100%', '48%']  memcached=93.2%
[monitor] ['76%', '100%', '100%', '83%']  memcached=158.5%
[monitor] ['74%', '100%', '100%', '81%']  memcached=154.2%
[monitor] ['78%', '100%', '100%', '78%']  memcached=156.2%
[monitor] ['75%', '100%', '100%', '85%']  memcached=160.3%
[MEMCACHED] cores updated to: ['0', '1', '3']
[freqmine] cores updated to: [2]
[monitor] ['70%', '71%', '100%', '68%']  memcached=208.9%
[monitor] ['74%', '72%', '100%', '68%']  memcached=213.9%
[monitor] ['79%', '76%', '100%', '75%']  memcached=230.3%
[monitor] ['88%', '85%', '100%', '83%']  memcached=255.9%
[monitor] ['85%', '83%', '100%', '79%']  memcached=247.1%
[monitor] ['83%', '83%', '100%', '79%']  memcached=245.1%
[monitor] ['80%', '78%', '100%', '73%']  memcached=230.8%
[monitor] ['81%', '78%', '100%', '76%']  memcached=234.0%
[monitor] ['78%', '78%', '100%', '75%']  memcached=231.2%
[monitor] ['60%', '62%', '100%', '60%']  memcached=181.0%
[monitor] ['60%', '56%', '100%', '56%']  memcached=172.7%
[monitor] ['61%', '60%', '100%', '56%']  memcached=177.0%
[monitor] ['73%', '69%', '100%', '68%']  memcached=210.8%
[monitor] ['88%', '85%', '100%', '82%']  memcached=255.1%
[monitor] ['88%', '85%', '100%', '81%']  memcached=253.6%
[monitor] ['78%', '73%', '100%', '71%']  memcached=222.4%
[monitor] ['52%', '51%', '100%', '49%']  memcached=152.1%
[monitor] ['49%', '48%', '100%', '51%']  memcached=147.7%
[monitor] ['52%', '50%', '100%', '48%']  memcached=149.9%
[monitor] ['42%', '40%', '100%', '41%']  memcached=122.8%
[MEMCACHED] cores updated to: ['0', '3']
[freqmine] cores updated to: [1, 2]
[monitor] ['43%', '100%', '100%', '43%']  memcached=87.0%
[monitor] ['46%', '100%', '100%', '43%']  memcached=89.3%
[monitor] ['63%', '100%', '100%', '63%']  memcached=126.6%
[monitor] ['72%', '100%', '100%', '85%']  memcached=156.6%
[monitor] ['81%', '100%', '100%', '76%']  memcached=156.2%
[monitor] ['69%', '100%', '100%', '71%']  memcached=140.3%
[monitor] ['51%', '100%', '100%', '52%']  memcached=102.9%
[monitor] ['51%', '100%', '100%', '52%']  memcached=103.1%
[monitor] ['51%', '100%', '100%', '49%']  memcached=100.0%
[monitor] ['57%', '100%', '100%', '52%']  memcached=108.9%
[monitor] ['52%', '100%', '100%', '52%']  memcached=104.3%
[monitor] ['54%', '100%', '100%', '52%']  memcached=106.3%
[monitor] ['74%', '100%', '100%', '78%']  memcached=151.5%
[monitor] ['88%', '100%', '100%', '100%']  memcached=187.9%
[MEMCACHED] cores updated to: ['0', '2', '3']
[freqmine] cores updated to: [1]
[monitor] ['91%', '100%', '94%', '85%']  memcached=269.7%
[monitor] ['68%', '100%', '68%', '63%']  memcached=198.3%
[monitor] ['49%', '100%', '49%', '42%']  memcached=139.7%
[MEMCACHED] cores updated to: ['0', '3']
[freqmine] cores updated to: [1, 2]
[monitor] ['49%', '100%', '100%', '51%']  memcached=100.0%
[monitor] ['53%', '100%', '100%', '52%']  memcached=105.1%
[monitor] ['76%', '100%', '100%', '82%']  memcached=158.0%
[monitor] ['70%', '100%', '100%', '81%']  memcached=151.1%
[monitor] ['76%', '100%', '100%', '78%']  memcached=154.1%
[monitor] ['76%', '100%', '100%', '85%']  memcached=161.6%
[MEMCACHED] cores updated to: ['0', '1', '3']
[freqmine] cores updated to: [2]
[monitor] ['74%', '74%', '100%', '71%']  memcached=219.1%
[monitor] ['76%', '74%', '100%', '74%']  memcached=223.0%
[monitor] ['76%', '75%', '100%', '70%']  memcached=221.6%
[monitor] ['86%', '82%', '100%', '81%']  memcached=248.6%
[monitor] ['85%', '85%', '100%', '82%']  memcached=252.0%
[monitor] ['88%', '83%', '100%', '80%']  memcached=250.7%
[monitor] ['84%', '80%', '100%', '76%']  memcached=240.3%
[monitor] ['84%', '83%', '100%', '79%']  memcached=246.6%
[monitor] ['85%', '80%', '100%', '81%']  memcached=245.4%
[monitor] ['66%', '64%', '100%', '60%']  memcached=190.0%
[monitor] ['59%', '54%', '100%', '56%']  memcached=168.6%
[monitor] ['58%', '58%', '100%', '57%']  memcached=173.4%
[monitor] ['60%', '57%', '100%', '56%']  memcached=173.4%
[monitor] ['68%', '65%', '100%', '65%']  memcached=198.3%
[monitor] ['68%', '66%', '100%', '64%']  memcached=198.2%
[monitor] ['67%', '67%', '100%', '62%']  memcached=195.5%
[monitor] ['75%', '72%', '100%', '72%']  memcached=219.4%
[monitor] ['77%', '76%', '100%', '74%']  memcached=226.5%
[monitor] ['76%', '74%', '100%', '71%']  memcached=221.1%
[monitor] ['60%', '59%', '100%', '57%']  memcached=176.5%
[monitor] ['56%', '53%', '100%', '52%']  memcached=161.3%
[monitor] ['57%', '51%', '100%', '52%']  memcached=160.1%
[monitor] ['62%', '60%', '100%', '60%']  memcached=181.9%
[monitor] ['78%', '74%', '100%', '70%']  memcached=223.0%
[monitor] ['73%', '75%', '100%', '72%']  memcached=220.2%
[monitor] ['76%', '74%', '100%', '71%']  memcached=221.1%
[monitor] ['74%', '72%', '100%', '71%']  memcached=217.6%
[monitor] ['70%', '71%', '100%', '69%']  memcached=210.2%
[monitor] ['74%', '72%', '100%', '69%']  memcached=215.4%
[monitor] ['76%', '74%', '100%', '72%']  memcached=221.6%
[monitor] ['78%', '75%', '100%', '73%']  memcached=225.8%
[monitor] ['76%', '76%', '100%', '72%']  memcached=224.2%
[monitor] ['61%', '60%', '100%', '56%']  memcached=177.4%
[monitor] ['43%', '46%', '100%', '43%']  memcached=132.0%
[MEMCACHED] cores updated to: ['0', '3']
[freqmine] cores updated to: [1, 2]
[monitor] ['54%', '100%', '100%', '52%']  memcached=106.3%
[monitor] ['52%', '100%', '100%', '50%']  memcached=102.1%
[monitor] ['68%', '100%', '100%', '68%']  memcached=136.7%
[monitor] ['67%', '100%', '100%', '67%']  memcached=134.1%
[monitor] ['66%', '100%', '100%', '67%']  memcached=133.3%
[monitor] ['64%', '100%', '100%', '74%']  memcached=138.8%
[monitor] ['67%', '100%', '100%', '70%']  memcached=136.9%
[monitor] ['70%', '100%', '100%', '68%']  memcached=138.3%
[monitor] ['66%', '100%', '100%', '63%']  memcached=128.7%
[monitor] ['61%', '100%', '100%', '61%']  memcached=122.2%
[monitor] ['60%', '100%', '100%', '60%']  memcached=119.5%
[monitor] ['64%', '100%', '100%', '62%']  memcached=125.9%
[monitor] ['69%', '100%', '100%', '82%']  memcached=151.6%
[monitor] ['72%', '100%', '100%', '78%']  memcached=149.6%
[monitor] ['80%', '100%', '100%', '74%']  memcached=154.4%
[monitor] ['62%', '100%', '100%', '60%']  memcached=122.7%
[monitor] ['61%', '100%', '100%', '61%']  memcached=122.2%
[monitor] ['60%', '100%', '100%', '58%']  memcached=118.2%
[monitor] ['67%', '100%', '100%', '63%']  memcached=130.1%
[monitor] ['69%', '100%', '100%', '76%']  memcached=145.4%
[monitor] ['70%', '100%', '100%', '73%']  memcached=143.0%
[monitor] ['76%', '100%', '100%', '69%']  memcached=145.5%
[monitor] ['72%', '100%', '100%', '81%']  memcached=152.9%
[monitor] ['72%', '100%', '100%', '78%']  memcached=149.6%
[monitor] ['79%', '100%', '100%', '73%']  memcached=152.4%
[monitor] ['73%', '100%', '100%', '80%']  memcached=153.0%
[monitor] ['73%', '100%', '100%', '84%']  memcached=156.8%
[monitor] ['81%', '100%', '100%', '81%']  memcached=162.2%
[MEMCACHED] cores updated to: ['0', '2', '3']
[freqmine] cores updated to: [1]
[monitor] ['60%', '100%', '60%', '53%']  memcached=173.6%
[monitor] ['51%', '100%', '50%', '47%']  memcached=147.6%
[monitor] ['49%', '100%', '48%', '47%']  memcached=143.0%
[monitor] ['56%', '100%', '56%', '51%']  memcached=162.8%
[monitor] ['74%', '100%', '76%', '69%']  memcached=219.3%
[monitor] ['74%', '100%', '76%', '70%']  memcached=219.4%
[monitor] ['75%', '100%', '76%', '69%']  memcached=220.8%
[monitor] ['44%', '100%', '44%', '39%']  memcached=127.1%
[MEMCACHED] cores updated to: ['0', '3']
[freqmine] cores updated to: [1, 2]
[monitor] ['45%', '100%', '100%', '48%']  memcached=92.6%
[monitor] ['49%', '100%', '100%', '46%']  memcached=94.9%
[monitor] ['62%', '100%', '100%', '60%']  memcached=122.2%
[monitor] ['69%', '100%', '100%', '83%']  memcached=152.1%
[monitor] ['73%', '100%', '100%', '76%']  memcached=149.3%
[monitor] ['76%', '100%', '100%', '72%']  memcached=147.5%
[monitor] ['69%', '100%', '100%', '80%']  memcached=149.0%
[monitor] ['74%', '100%', '100%', '77%']  memcached=151.5%
[monitor] ['77%', '100%', '100%', '71%']  memcached=148.2%
[monitor] ['78%', '100%', '100%', '88%']  memcached=166.3%
[MEMCACHED] cores updated to: ['0', '1', '3']
[freqmine] cores updated to: [2]
[monitor] ['76%', '75%', '100%', '69%']  memcached=220.1%
[monitor] ['77%', '73%', '100%', '71%']  memcached=220.7%
[monitor] ['74%', '72%', '100%', '69%']  memcached=215.4%
[monitor] ['68%', '68%', '100%', '67%']  memcached=201.7%
[monitor] ['69%', '67%', '100%', '63%']  memcached=199.1%
[monitor] ['68%', '64%', '100%', '65%']  memcached=197.4%
[monitor] ['57%', '59%', '100%', '56%']  memcached=171.8%
[monitor] ['59%', '55%', '100%', '54%']  memcached=167.2%
[monitor] ['60%', '58%', '100%', '54%']  memcached=172.5%
[monitor] ['47%', '42%', '100%', '45%']  memcached=134.0%
[MEMCACHED] cores updated to: ['0', '3']
[freqmine] cores updated to: [1, 2]
[monitor] ['52%', '100%', '100%', '51%']  memcached=103.2%
[monitor] ['51%', '100%', '100%', '51%']  memcached=102.1%
[monitor] ['72%', '100%', '100%', '75%']  memcached=147.5%
[monitor] ['88%', '100%', '100%', '100%']  memcached=187.9%
[MEMCACHED] cores updated to: ['0', '2', '3']
[freqmine] cores updated to: [1]
[monitor] ['88%', '100%', '91%', '82%']  memcached=260.7%
[monitor] ['82%', '100%', '84%', '73%']  memcached=239.1%
[monitor] ['76%', '100%', '80%', '71%']  memcached=226.7%
[monitor] ['78%', '100%', '78%', '70%']  memcached=226.4%
[monitor] ['78%', '100%', '83%', '72%']  memcached=232.4%
[monitor] ['63%', '100%', '62%', '60%']  memcached=185.2%
[monitor] ['63%', '100%', '64%', '56%']  memcached=182.5%
[monitor] ['60%', '100%', '63%', '59%']  memcached=181.8%
[monitor] ['73%', '100%', '73%', '66%']  memcached=211.7%
[monitor] ['78%', '100%', '78%', '70%']  memcached=226.4%
[monitor] ['78%', '100%', '81%', '74%']  memcached=232.6%
[monitor] ['75%', '100%', '76%', '69%']  memcached=220.0%
[monitor] ['66%', '100%', '65%', '59%']  memcached=189.8%
[monitor] ['64%', '100%', '65%', '61%']  memcached=190.3%
[monitor] ['66%', '100%', '66%', '60%']  memcached=191.2%
[monitor] ['57%', '100%', '59%', '54%']  memcached=169.9%
[monitor] ['59%', '100%', '57%', '54%']  memcached=170.2%
[monitor] ['57%', '100%', '59%', '51%']  memcached=167.5%
[monitor] ['62%', '100%', '64%', '59%']  memcached=185.2%
[monitor] ['66%', '100%', '64%', '61%']  memcached=190.9%
[monitor] ['67%', '100%', '68%', '60%']  memcached=194.2%
[monitor] ['65%', '100%', '66%', '60%']  memcached=190.9%
[monitor] ['62%', '100%', '66%', '60%']  memcached=188.4%
[monitor] ['64%', '100%', '66%', '59%']  memcached=189.1%
[monitor] ['66%', '100%', '63%', '60%']  memcached=188.8%
[monitor] ['59%', '100%', '59%', '54%']  memcached=171.8%
[monitor] ['58%', '100%', '59%', '55%']  memcached=171.4%
[monitor] ['58%', '100%', '57%', '55%']  memcached=170.0%
[monitor] ['56%', '100%', '56%', '49%']  memcached=159.9%
[monitor] ['51%', '100%', '53%', '45%']  memcached=149.5%
[monitor] ['51%', '100%', '51%', '49%']  memcached=151.1%
[monitor] ['52%', '100%', '55%', '48%']  memcached=154.3%
[monitor] ['60%', '100%', '59%', '55%']  memcached=173.4%
[monitor] ['59%', '100%', '57%', '56%']  memcached=172.4%
[monitor] ['56%', '100%', '60%', '54%']  memcached=169.8%
[monitor] ['86%', '100%', '88%', '78%']  memcached=252.7%
[monitor] ['88%', '100%', '91%', '82%']  memcached=260.3%
[monitor] ['88%', '100%', '94%', '82%']  memcached=263.2%
[monitor] ['76%', '100%', '76%', '69%']  memcached=220.6%
[monitor] ['72%', '100%', '74%', '68%']  memcached=214.4%
[monitor] ['74%', '100%', '73%', '68%']  memcached=214.2%
[monitor] ['72%', '100%', '72%', '65%']  memcached=209.3%
[monitor] ['64%', '100%', '64%', '59%']  memcached=187.5%
[monitor] ['66%', '100%', '68%', '61%']  memcached=194.3%
[monitor] ['64%', '100%', '67%', '60%']  memcached=191.0%
[monitor] ['56%', '100%', '55%', '52%']  memcached=163.0%
[monitor] ['57%', '100%', '55%', '52%']  memcached=164.0%
[monitor] ['55%', '100%', '56%', '50%']  memcached=160.1%
[monitor] ['63%', '100%', '64%', '59%']  memcached=186.5%
[monitor] ['68%', '100%', '67%', '62%']  memcached=195.7%
[monitor] ['68%', '100%', '69%', '62%']  memcached=200.2%
[monitor] ['69%', '100%', '71%', '64%']  memcached=204.4%
[monitor] ['73%', '100%', '74%', '69%']  memcached=215.9%
[monitor] ['73%', '100%', '74%', '67%']  memcached=213.5%
[monitor] ['71%', '100%', '72%', '67%']  memcached=209.5%
[monitor] ['56%', '100%', '56%', '49%']  memcached=159.9%
[monitor] ['56%', '100%', '55%', '49%']  memcached=158.9%
[monitor] ['53%', '100%', '55%', '49%']  memcached=157.0%
[monitor] ['39%', '100%', '43%', '39%']  memcached=121.2%
[MEMCACHED] cores updated to: ['0', '3']
[freqmine] cores updated to: [1, 2]
[monitor] ['48%', '100%', '100%', '44%']  memcached=92.4%
[monitor] ['47%', '100%', '100%', '45%']  memcached=91.6%
[monitor] ['46%', '100%', '100%', '47%']  memcached=92.8%
[monitor] ['48%', '100%', '100%', '46%']  memcached=93.8%
[monitor] ['47%', '100%', '100%', '46%']  memcached=92.6%
[monitor] ['50%', '100%', '100%', '48%']  memcached=97.8%
[monitor] ['79%', '100%', '100%', '90%']  memcached=168.9%
[MEMCACHED] cores updated to: ['0', '1', '3']
[freqmine] cores updated to: [2]
[monitor] ['78%', '78%', '100%', '74%']  memcached=230.5%
[monitor] ['78%', '74%', '100%', '72%']  memcached=224.3%
[monitor] ['41%', '43%', '100%', '40%']  memcached=124.3%
[MEMCACHED] cores updated to: ['0', '3']
[freqmine] cores updated to: [1, 2]
[monitor] ['38%', '100%', '100%', '40%']  memcached=77.6%
[monitor] ['40%', '100%', '100%', '41%']  memcached=80.9%
[monitor] ['51%', '100%', '100%', '49%']  memcached=100.0%
[monitor] ['57%', '100%', '100%', '55%']  memcached=111.8%
[monitor] ['56%', '100%', '100%', '57%']  memcached=112.8%
[monitor] ['58%', '100%', '100%', '57%']  memcached=114.3%
[monitor] ['65%', '100%', '100%', '62%']  memcached=127.6%
[monitor] ['62%', '100%', '100%', '64%']  memcached=125.9%
[monitor] ['64%', '100%', '100%', '63%']  memcached=126.4%
[monitor] ['74%', '100%', '100%', '81%']  memcached=154.2%
[monitor] ['80%', '100%', '100%', '84%']  memcached=164.4%
[MEMCACHED] cores updated to: ['0', '2', '3']
[freqmine] cores updated to: [1]
[monitor] ['74%', '100%', '76%', '68%']  memcached=218.5%
[monitor] ['68%', '100%', '68%', '62%']  memcached=198.3%
[monitor] ['65%', '100%', '65%', '60%']  memcached=190.0%
[monitor] ['63%', '100%', '65%', '62%']  memcached=190.0%
[monitor] ['64%', '100%', '64%', '59%']  memcached=187.1%
[monitor] ['60%', '100%', '59%', '54%']  memcached=171.7%
[monitor] ['59%', '100%', '60%', '54%']  memcached=172.8%
[monitor] ['58%', '100%', '60%', '54%']  memcached=171.3%
[monitor] ['68%', '100%', '67%', '63%']  memcached=197.6%
[monitor] ['70%', '100%', '69%', '65%']  memcached=204.2%
[monitor] ['67%', '100%', '69%', '65%']  memcached=200.9%
[monitor] ['72%', '100%', '72%', '67%']  memcached=210.3%
[monitor] ['72%', '100%', '70%', '66%']  memcached=207.9%
[monitor] ['72%', '100%', '71%', '63%']  memcached=206.7%
[monitor] ['69%', '100%', '72%', '68%']  memcached=209.2%
[monitor] ['68%', '100%', '68%', '62%']  memcached=197.5%
[monitor] ['68%', '100%', '70%', '62%']  memcached=200.9%
[monitor] ['68%', '100%', '68%', '63%']  memcached=198.4%
[monitor] ['64%', '100%', '66%', '60%']  memcached=190.1%
[monitor] ['63%', '100%', '62%', '59%']  memcached=184.9%
[monitor] ['63%', '100%', '65%', '59%']  memcached=187.0%
[monitor] ['51%', '100%', '50%', '46%']  memcached=147.5%
[monitor] ['43%', '100%', '38%', '35%']  memcached=116.6%
[MEMCACHED] cores updated to: ['0', '3']
[freqmine] cores updated to: [1, 2]
[monitor] ['47%', '100%', '97%', '46%']  memcached=92.6%
[monitor] ['56%', '100%', '100%', '56%']  memcached=111.1%
[monitor] ['85%', '100%', '100%', '97%']  memcached=182.0%
[MEMCACHED] cores updated to: ['0', '1', '3']
[freqmine] cores updated to: [2]
[monitor] ['88%', '83%', '100%', '80%']  memcached=250.4%
[monitor] ['88%', '88%', '100%', '83%']  memcached=258.2%
[monitor] ['53%', '52%', '100%', '50%']  memcached=155.6%
[monitor] ['52%', '48%', '100%', '48%']  memcached=147.6%
[monitor] ['51%', '49%', '100%', '48%']  memcached=147.7%
[monitor] ['57%', '59%', '100%', '59%']  memcached=175.1%
[monitor] ['70%', '68%', '100%', '66%']  memcached=203.3%
[monitor] ['71%', '68%', '100%', '65%']  memcached=203.5%
[monitor] ['72%', '69%', '100%', '67%']  memcached=207.7%
[monitor] ['77%', '77%', '100%', '77%']  memcached=231.4%
[monitor] ['80%', '80%', '100%', '74%']  memcached=234.3%
[monitor] ['80%', '78%', '100%', '74%']  memcached=232.7%
[monitor] ['74%', '72%', '100%', '68%']  memcached=214.3%
[monitor] ['74%', '68%', '100%', '69%']  memcached=211.3%
[monitor] ['72%', '70%', '100%', '70%']  memcached=212.3%
[monitor] ['80%', '79%', '100%', '76%']  memcached=235.1%
[monitor] ['88%', '85%', '100%', '81%']  memcached=254.4%
[monitor] ['88%', '84%', '100%', '80%']  memcached=251.7%
[monitor] ['85%', '84%', '100%', '79%']  memcached=248.5%
[monitor] ['83%', '82%', '100%', '79%']  memcached=244.0%
[monitor] ['82%', '79%', '100%', '77%']  memcached=238.3%
[monitor] ['83%', '83%', '100%', '78%']  memcached=244.1%
[monitor] ['75%', '74%', '100%', '74%']  memcached=223.0%
[monitor] ['74%', '72%', '100%', '70%']  memcached=216.2%
[monitor] ['76%', '72%', '100%', '71%']  memcached=219.0%
[monitor] ['76%', '73%', '100%', '73%']  memcached=221.6%
[monitor] ['76%', '74%', '100%', '70%']  memcached=220.3%
[monitor] ['76%', '74%', '100%', '72%']  memcached=221.8%
[monitor] ['71%', '67%', '100%', '65%']  memcached=202.4%
[monitor] ['60%', '57%', '100%', '60%']  memcached=177.1%
[monitor] ['58%', '58%', '100%', '57%']  memcached=173.1%
[monitor] ['60%', '59%', '100%', '59%']  memcached=176.6%
[monitor] ['78%', '76%', '100%', '73%']  memcached=227.1%
[monitor] ['74%', '75%', '100%', '73%']  memcached=222.3%
[monitor] ['78%', '76%', '100%', '75%']  memcached=229.7%
[monitor] ['69%', '64%', '100%', '64%']  memcached=197.4%
[monitor] ['64%', '63%', '100%', '60%']  memcached=186.6%
[monitor] ['62%', '61%', '100%', '61%']  memcached=184.5%
[monitor] ['67%', '62%', '100%', '62%']  memcached=190.7%
[monitor] ['67%', '68%', '100%', '64%']  memcached=199.1%
[monitor] ['68%', '68%', '100%', '68%']  memcached=203.6%
[monitor] ['68%', '67%', '100%', '65%']  memcached=200.1%
[monitor] ['80%', '76%', '100%', '75%']  memcached=231.5%
[monitor] ['76%', '76%', '100%', '74%']  memcached=226.4%
[monitor] ['78%', '76%', '100%', '72%']  memcached=226.3%
[monitor] ['71%', '70%', '100%', '68%']  memcached=209.7%
[monitor] ['68%', '68%', '100%', '67%']  memcached=203.5%
[monitor] ['72%', '68%', '100%', '67%']  memcached=206.0%
[monitor] ['74%', '71%', '100%', '68%']  memcached=213.5%
[monitor] ['81%', '76%', '100%', '75%']  memcached=231.9%
[monitor] ['79%', '80%', '100%', '74%']  memcached=233.7%
[monitor] ['80%', '78%', '100%', '75%']  memcached=232.8%
[monitor] ['53%', '49%', '100%', '50%']  memcached=152.0%
[monitor] ['50%', '48%', '100%', '46%']  memcached=144.0%
[monitor] ['53%', '50%', '100%', '49%']  memcached=152.2%
[monitor] ['57%', '55%', '100%', '57%']  memcached=168.7%
[monitor] ['60%', '57%', '100%', '56%']  memcached=172.8%
[monitor] ['59%', '57%', '100%', '57%']  memcached=173.7%
[monitor] ['65%', '61%', '100%', '59%']  memcached=184.9%
[monitor] ['72%', '71%', '100%', '71%']  memcached=213.9%
[monitor] ['75%', '73%', '100%', '68%']  memcached=216.4%
[monitor] ['73%', '69%', '100%', '70%']  memcached=212.7%
[monitor] ['74%', '74%', '100%', '71%']  memcached=218.4%
[monitor] ['74%', '70%', '100%', '67%']  memcached=210.6%
[monitor] ['74%', '72%', '100%', '69%']  memcached=214.7%
[monitor] ['69%', '68%', '100%', '65%']  memcached=201.6%
[monitor] ['68%', '67%', '100%', '66%']  memcached=200.7%
[monitor] ['67%', '66%', '100%', '64%']  memcached=196.6%
[monitor] ['65%', '60%', '100%', '63%']  memcached=188.5%
[monitor] ['56%', '59%', '100%', '56%']  memcached=171.0%
[monitor] ['60%', '56%', '100%', '54%']  memcached=170.2%
[monitor] ['57%', '56%', '100%', '56%']  memcached=168.4%
[monitor] ['47%', '47%', '100%', '47%']  memcached=139.5%
[MEMCACHED] cores updated to: ['0', '3']
[freqmine] cores updated to: [1, 2]
[monitor] ['54%', '100%', '100%', '54%']  memcached=108.5%
[monitor] ['54%', '100%', '100%', '51%']  memcached=105.1%
[monitor] ['51%', '100%', '100%', '54%']  memcached=105.4%
[monitor] ['57%', '100%', '100%', '53%']  memcached=110.1%
[monitor] ['53%', '100%', '100%', '53%']  memcached=106.7%
[monitor] ['55%', '100%', '100%', '57%']  memcached=111.4%
[monitor] ['64%', '100%', '100%', '61%']  memcached=125.0%
[monitor] ['61%', '100%', '100%', '60%']  memcached=121.8%
[monitor] ['62%', '100%', '100%', '59%']  memcached=121.0%
[monitor] ['72%', '100%', '100%', '74%']  memcached=146.1%
[monitor] ['68%', '100%', '100%', '81%']  memcached=148.8%
[monitor] ['69%', '100%', '100%', '76%']  memcached=144.9%
[monitor] ['65%', '100%', '100%', '69%']  memcached=134.3%
[monitor] ['63%', '100%', '100%', '63%']  memcached=125.6%
[monitor] ['62%', '100%', '100%', '62%']  memcached=124.1%
[monitor] ['58%', '100%', '100%', '56%']  memcached=113.6%
[monitor] ['55%', '100%', '100%', '55%']  memcached=110.2%
[monitor] ['53%', '100%', '100%', '53%']  memcached=106.3%
[monitor] ['54%', '100%', '100%', '57%']  memcached=111.8%
[monitor] ['69%', '100%', '100%', '74%']  memcached=142.9%
[monitor] ['81%', '100%', '100%', '67%']  memcached=147.2%
[monitor] ['73%', '100%', '100%', '70%']  memcached=143.2%
[monitor] ['61%', '100%', '100%', '66%']  memcached=127.2%
[monitor] ['64%', '100%', '100%', '60%']  memcached=124.3%
[monitor] ['61%', '100%', '100%', '63%']  memcached=123.7%
[monitor] ['71%', '100%', '100%', '78%']  memcached=149.1%
[monitor] ['100%', '100%', '100%', '77%']  memcached=176.9%
[MEMCACHED] cores updated to: ['0', '2', '3']
[freqmine] cores updated to: [1]
[monitor] ['81%', '100%', '80%', '73%']  memcached=233.5%
[monitor] ['79%', '100%', '81%', '71%']  memcached=230.6%
[monitor] ['74%', '100%', '74%', '69%']  memcached=216.6%
[monitor] ['74%', '100%', '75%', '70%']  memcached=219.4%
[monitor] ['74%', '100%', '76%', '68%']  memcached=218.5%
[monitor] ['53%', '100%', '54%', '45%']  memcached=152.7%
[monitor] ['47%', '100%', '51%', '45%']  memcached=143.1%
[monitor] ['49%', '100%', '50%', '41%']  memcached=140.4%
[monitor] ['50%', '100%', '49%', '45%']  memcached=144.1%
[monitor] ['50%', '100%', '52%', '47%']  memcached=148.7%
[monitor] ['52%', '100%', '51%', '48%']  memcached=151.1%
[monitor] ['50%', '100%', '49%', '45%']  memcached=144.1%
[monitor] ['52%', '100%', '52%', '51%']  memcached=155.7%
[monitor] ['55%', '100%', '56%', '46%']  memcached=156.4%
[monitor] ['54%', '100%', '51%', '48%']  memcached=153.0%
[monitor] ['56%', '100%', '57%', '55%']  memcached=167.7%
[monitor] ['59%', '100%', '57%', '55%']  memcached=171.0%
[monitor] ['56%', '100%', '57%', '53%']  memcached=166.7%
[monitor] ['62%', '100%', '63%', '57%']  memcached=182.2%
[monitor] ['64%', '100%', '62%', '59%']  memcached=185.3%
[monitor] ['62%', '100%', '64%', '60%']  memcached=186.7%
[monitor] ['60%', '100%', '60%', '56%']  memcached=177.0%
[monitor] ['48%', '100%', '48%', '43%']  memcached=138.0%
[MEMCACHED] cores updated to: ['0', '3']
[freqmine] cores updated to: [1, 2]
[monitor] ['55%', '100%', '100%', '53%']  memcached=108.2%
[monitor] ['54%', '100%', '100%', '53%']  memcached=107.2%
[monitor] ['50%', '100%', '100%', '48%']  memcached=97.9%
[monitor] ['47%', '100%', '100%', '48%']  memcached=94.7%
[monitor] ['48%', '100%', '100%', '47%']  memcached=94.7%
[monitor] ['51%', '100%', '100%', '49%']  memcached=100.0%
[monitor] ['49%', '100%', '100%', '46%']  memcached=94.6%
[monitor] ['49%', '100%', '100%', '49%']  memcached=97.9%
[monitor] ['57%', '100%', '100%', '51%']  memcached=107.6%
[monitor] ['76%', '100%', '100%', '78%']  memcached=154.1%
[monitor] ['81%', '100%', '100%', '71%']  memcached=152.1%
[monitor] ['78%', '100%', '100%', '77%']  memcached=155.3%
[monitor] ['55%', '100%', '100%', '54%']  memcached=109.7%
[monitor] ['54%', '100%', '100%', '53%']  memcached=107.5%
[monitor] ['55%', '100%', '100%', '55%']  memcached=110.4%
[monitor] ['69%', '100%', '100%', '71%']  memcached=140.1%
[monitor] ['78%', '100%', '100%', '91%']  memcached=169.0%
[MEMCACHED] cores updated to: ['0', '1', '3']
[freqmine] cores updated to: [2]
[monitor] ['78%', '77%', '100%', '76%']  memcached=230.6%
[monitor] ['70%', '70%', '100%', '68%']  memcached=207.5%
[monitor] ['62%', '60%', '100%', '57%']  memcached=178.9%
[monitor] ['63%', '59%', '100%', '60%']  memcached=181.3%
[monitor] ['59%', '60%', '100%', '56%']  memcached=174.5%
[monitor] ['63%', '59%', '100%', '57%']  memcached=179.9%
[monitor] ['60%', '60%', '100%', '59%']  memcached=178.5%
[monitor] ['62%', '60%', '100%', '59%']  memcached=180.4%
[monitor] ['60%', '56%', '100%', '57%']  memcached=173.6%
[monitor] ['59%', '56%', '100%', '56%']  memcached=171.0%
[monitor] ['60%', '57%', '100%', '55%']  memcached=171.9%
[monitor] ['62%', '63%', '100%', '62%']  memcached=188.4%
[monitor] ['83%', '80%', '100%', '78%']  memcached=241.1%
[monitor] ['80%', '78%', '100%', '75%']  memcached=232.8%
[monitor] ['81%', '78%', '100%', '75%']  memcached=233.3%
[monitor] ['78%', '75%', '100%', '74%']  memcached=226.5%
[monitor] ['77%', '78%', '100%', '74%']  memcached=229.2%
[monitor] ['78%', '76%', '100%', '74%']  memcached=227.1%
[monitor] ['77%', '76%', '100%', '72%']  memcached=225.0%
[monitor] ['78%', '75%', '100%', '74%']  memcached=227.1%
[monitor] ['81%', '76%', '100%', '76%']  memcached=232.4%
[monitor] ['75%', '76%', '100%', '73%']  memcached=223.6%
[monitor] ['67%', '64%', '100%', '63%']  memcached=194.2%
[monitor] ['68%', '68%', '100%', '63%']  memcached=198.2%
[monitor] ['68%', '66%', '100%', '64%']  memcached=198.2%
[monitor] ['73%', '70%', '100%', '68%']  memcached=211.7%
[monitor] ['75%', '72%', '100%', '71%']  memcached=217.8%
[monitor] ['74%', '70%', '100%', '72%']  memcached=216.4%
[monitor] ['63%', '61%', '100%', '61%']  memcached=184.7%
[monitor] ['57%', '57%', '100%', '58%']  memcached=172.8%
[monitor] ['58%', '58%', '100%', '55%']  memcached=171.0%
[monitor] ['56%', '54%', '100%', '54%']  memcached=163.1%
[monitor] ['55%', '52%', '100%', '51%']  memcached=158.1%
[monitor] ['55%', '55%', '100%', '53%']  memcached=162.8%
[monitor] ['55%', '52%', '100%', '51%']  memcached=158.1%
[monitor] ['72%', '69%', '100%', '68%']  memcached=208.5%
[monitor] ['72%', '73%', '100%', '69%']  memcached=214.2%
[monitor] ['73%', '69%', '100%', '69%']  memcached=211.4%
[monitor] ['80%', '80%', '100%', '77%']  memcached=237.1%
[monitor] ['85%', '79%', '100%', '76%']  memcached=241.2%
[monitor] ['88%', '85%', '100%', '79%']  memcached=252.2%
[monitor] ['79%', '78%', '100%', '75%']  memcached=232.3%
[monitor] ['70%', '71%', '100%', '68%']  memcached=208.8%
[monitor] ['72%', '71%', '100%', '69%']  memcached=213.0%
[monitor] ['70%', '68%', '100%', '66%']  memcached=204.1%
[monitor] ['44%', '38%', '100%', '38%']  memcached=120.4%
[MEMCACHED] cores updated to: ['0', '3']
[freqmine] cores updated to: [1, 2]
[monitor] ['49%', '100%', '100%', '45%']  memcached=94.4%
[monitor] ['52%', '100%', '100%', '51%']  memcached=103.1%
[monitor] ['65%', '100%', '100%', '62%']  memcached=127.5%
[monitor] ['76%', '100%', '100%', '66%']  memcached=142.2%
[monitor] ['68%', '100%', '100%', '72%']  memcached=140.6%
[monitor] ['76%', '100%', '100%', '72%']  memcached=147.5%
[monitor] ['83%', '100%', '100%', '82%']  memcached=165.7%
[MEMCACHED] cores updated to: ['0', '2', '3']
[freqmine] cores updated to: [1]
[monitor] ['76%', '100%', '76%', '71%']  memcached=223.8%
[monitor] ['74%', '100%', '77%', '69%']  memcached=220.1%
[monitor] ['76%', '100%', '76%', '72%']  memcached=223.8%
[monitor] ['76%', '100%', '80%', '73%']  memcached=229.4%
[monitor] ['79%', '100%', '78%', '71%']  memcached=228.4%
[monitor] ['88%', '100%', '88%', '79%']  memcached=254.2%
[monitor] ['88%', '100%', '91%', '83%']  memcached=261.6%
[monitor] ['88%', '100%', '88%', '79%']  memcached=255.2%
[monitor] ['73%', '100%', '73%', '68%']  memcached=213.5%
[monitor] ['59%', '100%', '59%', '56%']  memcached=173.2%
[monitor] ['56%', '100%', '59%', '52%']  memcached=166.9%
[monitor] ['61%', '100%', '60%', '55%']  memcached=175.6%
[monitor] ['61%', '100%', '62%', '56%']  memcached=179.0%
[monitor] ['63%', '100%', '63%', '59%']  memcached=184.7%
[monitor] ['63%', '100%', '63%', '60%']  memcached=185.7%
[monitor] ['52%', '100%', '52%', '46%']  memcached=150.9%
[monitor] ['48%', '100%', '50%', '47%']  memcached=144.2%
[monitor] ['51%', '100%', '52%', '48%']  memcached=151.0%
[monitor] ['45%', '100%', '44%', '39%']  memcached=128.7%
[MEMCACHED] cores updated to: ['0', '3']
[freqmine] cores updated to: [1, 2]
[monitor] ['53%', '100%', '100%', '47%']  memcached=99.7%
[monitor] ['48%', '100%', '100%', '50%']  memcached=97.9%
[monitor] ['54%', '100%', '100%', '52%']  memcached=106.1%
[monitor] ['68%', '100%', '100%', '81%']  memcached=149.0%
[monitor] ['71%', '100%', '100%', '78%']  memcached=148.5%
[monitor] ['68%', '100%', '100%', '78%']  memcached=146.2%
[monitor] ['68%', '100%', '100%', '71%']  memcached=138.6%
[monitor] ['66%', '100%', '100%', '66%']  memcached=131.6%
[monitor] ['69%', '100%', '100%', '68%']  memcached=136.7%
[monitor] ['68%', '100%', '100%', '71%']  memcached=138.6%
[monitor] ['68%', '100%', '100%', '69%']  memcached=136.7%
[monitor] ['68%', '100%', '100%', '73%']  memcached=140.5%
[monitor] ['67%', '100%', '100%', '76%']  memcached=142.3%
[monitor] ['71%', '100%', '100%', '81%']  memcached=151.8%
[monitor] ['73%', '100%', '100%', '80%']  memcached=153.2%
[monitor] ['69%', '100%', '100%', '80%']  memcached=149.2%
[monitor] ['63%', '100%', '100%', '62%']  memcached=124.7%
[monitor] ['65%', '100%', '100%', '61%']  memcached=126.1%
[monitor] ['62%', '100%', '100%', '61%']  memcached=123.5%
[monitor] ['60%', '100%', '100%', '58%']  memcached=117.8%
[monitor] ['57%', '100%', '100%', '57%']  memcached=113.0%
[monitor] ['60%', '100%', '100%', '60%']  memcached=120.0%
[monitor] ['61%', '100%', '100%', '62%']  memcached=122.9%
[monitor] ['100%', '100%', '100%', '79%']  memcached=178.9%
[MEMCACHED] cores updated to: ['0', '1', '3']
[freqmine] cores updated to: [2]
[monitor] ['88%', '88%', '100%', '77%']  memcached=253.3%
[monitor] ['85%', '81%', '100%', '77%']  memcached=243.0%
[monitor] ['64%', '59%', '100%', '59%']  memcached=182.4%
[monitor] ['59%', '60%', '100%', '56%']  memcached=174.6%
[monitor] ['60%', '60%', '100%', '59%']  memcached=178.5%
[monitor] ['60%', '59%', '100%', '59%']  memcached=177.5%
[monitor] ['60%', '57%', '100%', '56%']  memcached=172.8%
[monitor] ['59%', '56%', '100%', '55%']  memcached=169.9%
[monitor] ['57%', '55%', '100%', '51%']  memcached=162.8%
[monitor] ['44%', '44%', '100%', '41%']  memcached=130.4%
[MEMCACHED] cores updated to: ['0', '3']
[freqmine] cores updated to: [1, 2]
[monitor] ['50%', '100%', '100%', '50%']  memcached=100.0%
[monitor] ['52%', '100%', '100%', '48%']  memcached=99.9%
[monitor] ['65%', '100%', '100%', '68%']  memcached=133.3%
[monitor] ['69%', '100%', '100%', '65%']  memcached=134.1%
[monitor] ['68%', '100%', '100%', '63%']  memcached=131.7%
[monitor] ['70%', '100%', '100%', '67%']  memcached=136.7%
[monitor] ['71%', '100%', '100%', '68%']  memcached=139.5%
[monitor] ['72%', '100%', '100%', '74%']  memcached=146.2%
[monitor] ['70%', '100%', '100%', '68%']  memcached=137.6%
[monitor] ['60%', '100%', '100%', '60%']  memcached=120.0%
[monitor] ['61%', '100%', '100%', '60%']  memcached=121.4%
[monitor] ['60%', '100%', '100%', '60%']  memcached=120.5%
[monitor] ['53%', '100%', '100%', '53%']  memcached=106.3%
[monitor] ['50%', '100%', '100%', '51%']  memcached=101.1%
[monitor] ['49%', '100%', '100%', '47%']  memcached=95.4%
[monitor] ['71%', '100%', '100%', '65%']  memcached=136.1%
[monitor] ['86%', '100%', '100%', '94%']  memcached=179.9%
[MEMCACHED] cores updated to: ['0', '2', '3']
[freqmine] cores updated to: [1]
[monitor] ['79%', '100%', '82%', '71%']  memcached=231.8%
[monitor] ['78%', '100%', '76%', '71%']  memcached=225.7%
[monitor] ['68%', '100%', '70%', '65%']  memcached=203.3%
[monitor] ['68%', '100%', '70%', '64%']  memcached=202.6%
[monitor] ['71%', '100%', '69%', '66%']  memcached=206.1%
[monitor] ['52%', '100%', '53%', '49%']  memcached=154.4%
[monitor] ['52%', '100%', '51%', '44%']  memcached=147.2%
[monitor] ['48%', '100%', '50%', '50%']  memcached=147.6%
[monitor] ['72%', '100%', '70%', '66%']  memcached=208.6%
[monitor] ['83%', '100%', '86%', '75%']  memcached=243.6%
[monitor] ['85%', '100%', '85%', '75%']  memcached=245.1%
[monitor] ['76%', '100%', '76%', '70%']  memcached=222.9%
[monitor] ['60%', '100%', '62%', '55%']  memcached=177.1%
[monitor] ['60%', '100%', '60%', '57%']  memcached=178.1%
[monitor] ['59%', '100%', '61%', '57%']  memcached=176.7%
[monitor] ['65%', '100%', '65%', '60%']  memcached=190.0%
[monitor] ['65%', '100%', '68%', '62%']  memcached=195.0%
[monitor] ['67%', '100%', '67%', '61%']  memcached=194.3%
[monitor] ['73%', '100%', '74%', '68%']  memcached=215.1%
[monitor] ['76%', '100%', '78%', '72%']  memcached=225.9%
[monitor] ['76%', '100%', '76%', '70%']  memcached=222.3%
[monitor] ['72%', '100%', '70%', '65%']  memcached=207.1%
[monitor] ['62%', '100%', '66%', '59%']  memcached=186.9%
[monitor] ['62%', '100%', '64%', '60%']  memcached=186.2%
[monitor] ['63%', '100%', '63%', '60%']  memcached=186.4%
[monitor] ['68%', '100%', '69%', '63%']  memcached=200.1%
[monitor] ['68%', '100%', '68%', '62%']  memcached=199.0%
[monitor] ['70%', '100%', '71%', '63%']  memcached=203.9%
[monitor] ['66%', '100%', '66%', '61%']  memcached=192.7%
[monitor] ['64%', '100%', '66%', '61%']  memcached=191.1%
[monitor] ['64%', '100%', '67%', '62%']  memcached=193.3%
[monitor] ['58%', '100%', '57%', '52%']  memcached=167.7%
[monitor] ['43%', '100%', '46%', '39%']  memcached=127.9%
[MEMCACHED] cores updated to: ['0', '3']
[freqmine] cores updated to: [1, 2]
[monitor] ['50%', '100%', '100%', '48%']  memcached=97.8%
[monitor] ['51%', '100%', '100%', '45%']  memcached=96.5%
[monitor] ['68%', '100%', '100%', '78%']  memcached=145.3%
[monitor] ['72%', '100%', '100%', '72%']  memcached=144.0%
[monitor] ['74%', '100%', '100%', '74%']  memcached=148.0%
[monitor] ['54%', '100%', '100%', '53%']  memcached=107.5%
[monitor] ['49%', '100%', '100%', '46%']  memcached=94.6%
[monitor] ['44%', '100%', '100%', '46%']  memcached=90.1%
[monitor] ['52%', '100%', '100%', '51%']  memcached=103.1%
[monitor] ['57%', '100%', '100%', '58%']  memcached=115.0%
[monitor] ['63%', '100%', '100%', '60%']  memcached=122.8%
[monitor] ['62%', '100%', '100%', '58%']  memcached=120.0%
[monitor] ['74%', '100%', '100%', '85%']  memcached=159.7%
[monitor] ['76%', '100%', '100%', '86%']  memcached=162.0%
[MEMCACHED] cores updated to: ['0', '1', '3']
[freqmine] cores updated to: [2]
[monitor] ['71%', '70%', '100%', '68%']  memcached=209.5%
[monitor] ['79%', '77%', '100%', '76%']  memcached=231.8%
[monitor] ['82%', '78%', '100%', '76%']  memcached=235.8%
[monitor] ['82%', '83%', '100%', '79%']  memcached=244.6%
[monitor] ['78%', '78%', '100%', '74%']  memcached=229.8%
[monitor] ['76%', '71%', '100%', '70%']  memcached=216.7%
[monitor] ['75%', '73%', '100%', '71%']  memcached=219.0%
[monitor] ['72%', '72%', '100%', '71%']  memcached=214.6%
[monitor] ['60%', '57%', '100%', '55%']  memcached=171.9%
[monitor] ['60%', '56%', '100%', '57%']  memcached=173.7%
[monitor] ['59%', '57%', '100%', '57%']  memcached=173.1%
[monitor] ['78%', '75%', '100%', '72%']  memcached=225.0%
[monitor] ['85%', '82%', '100%', '79%']  memcached=245.9%
[monitor] ['83%', '82%', '100%', '78%']  memcached=242.9%
[monitor] ['72%', '72%', '100%', '69%']  memcached=213.2%
[monitor] ['62%', '62%', '100%', '59%']  memcached=182.8%
[monitor] ['62%', '63%', '100%', '60%']  memcached=185.2%
[monitor] ['64%', '60%', '100%', '60%']  memcached=184.3%
[monitor] ['76%', '76%', '100%', '72%']  memcached=223.6%
[monitor] ['78%', '73%', '100%', '72%']  memcached=223.6%
[monitor] ['76%', '74%', '100%', '72%']  memcached=221.2%
[monitor] ['72%', '72%', '100%', '69%']  memcached=213.5%
[monitor] ['69%', '68%', '100%', '68%']  memcached=204.1%
[monitor] ['71%', '68%', '100%', '67%']  memcached=205.2%
[monitor] ['70%', '70%', '100%', '68%']  memcached=208.3%
[monitor] ['76%', '72%', '100%', '72%']  memcached=220.3%
[monitor] ['74%', '73%', '100%', '72%']  memcached=218.9%
[monitor] ['72%', '72%', '100%', '68%']  memcached=211.1%
[monitor] ['63%', '60%', '100%', '61%']  memcached=184.4%
[monitor] ['62%', '60%', '100%', '58%']  memcached=179.8%
[monitor] ['66%', '62%', '100%', '61%']  memcached=188.9%
[monitor] ['80%', '78%', '100%', '75%']  memcached=233.4%
[monitor] ['83%', '81%', '100%', '76%']  memcached=240.6%
[monitor] ['84%', '82%', '100%', '79%']  memcached=245.5%
[monitor] ['62%', '55%', '100%', '56%']  memcached=173.2%
[monitor] ['37%', '41%', '100%', '36%']  memcached=113.8%
[MEMCACHED] cores updated to: ['0', '3']
[freqmine] cores updated to: [1, 2]
[monitor] ['45%', '97%', '100%', '42%']  memcached=86.5%
[monitor] ['47%', '100%', '100%', '46%']  memcached=92.5%
[monitor] ['59%', '100%', '100%', '57%']  memcached=115.9%
[monitor] ['60%', '100%', '100%', '57%']  memcached=116.8%
[monitor] ['57%', '100%', '100%', '57%']  memcached=113.6%
[monitor] ['56%', '100%', '100%', '52%']  memcached=108.1%
[monitor] ['52%', '100%', '100%', '52%']  memcached=104.2%
[monitor] ['53%', '100%', '100%', '51%']  memcached=104.0%
[monitor] ['57%', '100%', '100%', '57%']  memcached=114.9%
[monitor] ['63%', '100%', '100%', '62%']  memcached=125.0%
[monitor] ['63%', '100%', '100%', '60%']  memcached=123.3%
[monitor] ['67%', '100%', '100%', '65%']  memcached=131.8%
[monitor] ['74%', '100%', '100%', '83%']  memcached=156.5%
[monitor] ['74%', '100%', '100%', '80%']  memcached=153.7%
[monitor] ['72%', '100%', '100%', '83%']  memcached=155.4%
[monitor] ['60%', '100%', '100%', '60%']  memcached=120.9%
[monitor] ['57%', '100%', '100%', '58%']  memcached=114.3%
[monitor] ['57%', '100%', '100%', '59%']  memcached=116.1%
[monitor] ['69%', '100%', '100%', '71%']  memcached=140.1%
[monitor] ['76%', '100%', '100%', '88%']  memcached=164.2%
[MEMCACHED] cores updated to: ['0', '2', '3']
[freqmine] cores updated to: [1]
[monitor] ['74%', '100%', '76%', '69%']  memcached=219.9%
[monitor] ['72%', '100%', '72%', '68%']  memcached=211.1%
[monitor] ['60%', '100%', '61%', '55%']  memcached=176.6%
[monitor] ['58%', '100%', '58%', '57%']  memcached=173.1%
[monitor] ['60%', '100%', '60%', '57%']  memcached=176.2%
[monitor] ['59%', '100%', '62%', '54%']  memcached=174.7%
[monitor] ['60%', '100%', '60%', '55%']  memcached=175.9%
[monitor] ['61%', '100%', '60%', '57%']  memcached=177.6%
[monitor] ['72%', '100%', '70%', '67%']  memcached=208.7%
[monitor] ['81%', '100%', '82%', '73%']  memcached=236.4%
[monitor] ['80%', '100%', '82%', '76%']  memcached=238.0%
[monitor] ['80%', '100%', '80%', '78%']  memcached=237.8%
[monitor] ['72%', '100%', '74%', '67%']  memcached=212.1%
[monitor] ['74%', '100%', '76%', '67%']  memcached=216.0%
[monitor] ['72%', '100%', '74%', '68%']  memcached=214.6%
[monitor] ['53%', '100%', '51%', '46%']  memcached=150.8%
[monitor] ['47%', '100%', '51%', '45%']  memcached=142.9%
[monitor] ['50%', '100%', '50%', '44%']  memcached=143.9%
[monitor] ['50%', '100%', '52%', '43%']  memcached=144.7%
[monitor] ['50%', '100%', '52%', '48%']  memcached=149.9%
[monitor] ['52%', '100%', '51%', '48%']  memcached=151.0%
[monitor] ['49%', '100%', '48%', '45%']  memcached=142.0%
[monitor] ['45%', '100%', '47%', '43%']  memcached=135.0%
[MEMCACHED] cores updated to: ['0', '3']
[freqmine] cores updated to: [1, 2]
[monitor] ['52%', '100%', '100%', '51%']  memcached=103.3%
[monitor] ['54%', '100%', '100%', '51%']  memcached=105.0%
[monitor] ['71%', '100%', '100%', '76%']  memcached=146.4%
[monitor] ['70%', '100%', '100%', '83%']  memcached=152.9%
[monitor] ['73%', '100%', '100%', '75%']  memcached=148.0%
[monitor] ['68%', '100%', '100%', '71%']  memcached=139.8%
[monitor] ['67%', '100%', '100%', '72%']  memcached=138.5%
[monitor] ['71%', '100%', '100%', '69%']  memcached=140.0%
[monitor] ['68%', '100%', '100%', '75%']  memcached=142.6%
[monitor] ['67%', '100%', '100%', '74%']  memcached=140.4%
[monitor] ['68%', '100%', '100%', '67%']  memcached=135.0%
[monitor] ['71%', '100%', '100%', '68%']  memcached=138.2%
[monitor] ['76%', '100%', '100%', '81%']  memcached=157.4%
[monitor] ['74%', '100%', '100%', '88%']  memcached=161.2%
[MEMCACHED] cores updated to: ['0', '1', '3']
[freqmine] cores updated to: [2]
[monitor] ['71%', '70%', '100%', '68%']  memcached=208.8%
[monitor] ['53%', '50%', '100%', '49%']  memcached=152.1%
[monitor] ['43%', '40%', '100%', '40%']  memcached=122.5%
[MEMCACHED] cores updated to: ['0', '3']
[freqmine] cores updated to: [1, 2]
[monitor] ['50%', '100%', '100%', '47%']  memcached=96.7%
[monitor] ['60%', '100%', '100%', '58%']  memcached=118.2%
[monitor] ['100%', '100%', '100%', '83%']  memcached=182.9%
[MEMCACHED] cores updated to: ['0', '2', '3']
[freqmine] cores updated to: [1]
[monitor] ['88%', '100%', '88%', '77%']  memcached=253.3%
[monitor] ['82%', '100%', '85%', '78%']  memcached=246.0%
[monitor] ['58%', '100%', '60%', '51%']  memcached=169.0%
[monitor] ['58%', '100%', '56%', '54%']  memcached=167.6%
[monitor] ['57%', '100%', '57%', '51%']  memcached=165.2%
[monitor] ['73%', '100%', '76%', '68%']  memcached=217.1%
[monitor] ['79%', '100%', '83%', '74%']  memcached=235.5%
[monitor] ['78%', '100%', '81%', '72%']  memcached=230.1%
[monitor] ['74%', '100%', '74%', '69%']  memcached=217.3%
[monitor] ['63%', '100%', '63%', '60%']  memcached=186.4%
[monitor] ['64%', '100%', '66%', '60%']  memcached=190.1%
[monitor] ['65%', '100%', '64%', '63%']  memcached=192.2%
[monitor] ['77%', '100%', '81%', '71%']  memcached=229.3%
[monitor] ['78%', '100%', '81%', '75%']  memcached=233.9%
[monitor] ['77%', '100%', '80%', '71%']  memcached=228.0%
[monitor] ['74%', '100%', '74%', '68%']  memcached=216.3%
[monitor] ['74%', '100%', '78%', '68%']  memcached=219.9%
[monitor] ['74%', '100%', '74%', '68%']  memcached=217.1%
[monitor] ['69%', '97%', '72%', '68%']  memcached=208.5%
[freqmine] ended.
[streamcluster] starting in background on cores: [1] with 3 threads.
[monitor] ['72%', '90%', '76%', '74%']  memcached=222.4%
[monitor] ['64%', '100%', '63%', '59%']  memcached=187.2%
[monitor] ['60%', '100%', '61%', '57%']  memcached=178.9%
[monitor] ['70%', '100%', '70%', '66%']  memcached=205.9%
[monitor] ['68%', '100%', '70%', '67%']  memcached=204.2%
[monitor] ['67%', '100%', '69%', '64%']  memcached=200.0%
[monitor] ['74%', '100%', '79%', '72%']  memcached=224.9%
[monitor] ['78%', '100%', '77%', '76%']  memcached=230.6%
[monitor] ['76%', '100%', '81%', '75%']  memcached=231.2%
[monitor] ['70%', '100%', '72%', '67%']  memcached=208.5%
[monitor] ['63%', '100%', '61%', '56%']  memcached=179.3%
[monitor] ['63%', '100%', '64%', '57%']  memcached=184.6%
[monitor] ['63%', '100%', '64%', '59%']  memcached=185.6%
[monitor] ['65%', '100%', '67%', '61%']  memcached=192.2%
[monitor] ['66%', '100%', '66%', '60%']  memcached=191.7%
[monitor] ['67%', '100%', '66%', '63%']  memcached=196.5%
[monitor] ['59%', '100%', '61%', '55%']  memcached=175.2%
[monitor] ['59%', '100%', '58%', '55%']  memcached=172.0%
[monitor] ['59%', '100%', '59%', '55%']  memcached=173.2%
[monitor] ['56%', '100%', '56%', '50%']  memcached=161.4%
[monitor] ['50%', '100%', '53%', '45%']  memcached=148.3%
[monitor] ['49%', '100%', '50%', '48%']  memcached=146.6%
[monitor] ['51%', '100%', '51%', '48%']  memcached=149.9%
[monitor] ['74%', '100%', '76%', '74%']  memcached=225.0%
[monitor] ['76%', '100%', '76%', '71%']  memcached=222.8%
[monitor] ['74%', '100%', '79%', '73%']  memcached=225.6%
[monitor] ['72%', '100%', '73%', '70%']  memcached=215.0%
[monitor] ['74%', '100%', '74%', '69%']  memcached=217.3%
[monitor] ['72%', '100%', '74%', '69%']  memcached=214.7%
[monitor] ['78%', '100%', '78%', '75%']  memcached=231.2%
[monitor] ['86%', '100%', '89%', '84%']  memcached=258.7%
[monitor] ['83%', '100%', '82%', '80%']  memcached=245.2%
[monitor] ['83%', '100%', '83%', '76%']  memcached=241.9%
[monitor] ['81%', '100%', '81%', '78%']  memcached=239.4%
[monitor] ['78%', '100%', '81%', '75%']  memcached=233.3%
[monitor] ['81%', '100%', '79%', '75%']  memcached=235.0%
[monitor] ['74%', '100%', '76%', '73%']  memcached=223.0%
[monitor] ['75%', '100%', '74%', '71%']  memcached=220.4%
[monitor] ['72%', '100%', '74%', '69%']  memcached=214.7%
[monitor] ['63%', '100%', '61%', '57%']  memcached=181.7%
[monitor] ['51%', '100%', '51%', '46%']  memcached=148.6%
[monitor] ['51%', '100%', '49%', '47%']  memcached=146.5%
[monitor] ['54%', '100%', '55%', '46%']  memcached=154.4%
[monitor] ['81%', '100%', '83%', '76%']  memcached=240.4%
[monitor] ['83%', '100%', '82%', '80%']  memcached=245.2%
[monitor] ['83%', '100%', '83%', '77%']  memcached=243.3%
[monitor] ['61%', '100%', '63%', '60%']  memcached=183.3%
[monitor] ['60%', '100%', '59%', '55%']  memcached=173.5%
[monitor] ['60%', '100%', '61%', '59%']  memcached=180.4%
[monitor] ['63%', '100%', '62%', '59%']  memcached=183.2%
[monitor] ['64%', '100%', '62%', '60%']  memcached=186.8%
[monitor] ['63%', '100%', '63%', '59%']  memcached=186.3%
[monitor] ['60%', '100%', '62%', '55%']  memcached=176.9%
[monitor] ['45%', '100%', '49%', '43%']  memcached=136.6%
[MEMCACHED] cores updated to: ['0', '3']
[streamcluster] cores updated to: [1, 2]
[monitor] ['55%', '90%', '97%', '53%']  memcached=108.0%
[monitor] ['55%', '87%', '90%', '56%']  memcached=110.9%
[monitor] ['63%', '74%', '100%', '67%']  memcached=129.5%
[monitor] ['63%', '84%', '88%', '68%']  memcached=130.9%
[monitor] ['67%', '97%', '93%', '64%']  memcached=130.6%
[monitor] ['74%', '80%', '97%', '82%']  memcached=156.0%
[monitor] ['91%', '83%', '96%', '97%']  memcached=187.5%
[MEMCACHED] cores updated to: ['0', '1', '3']
[streamcluster] cores updated to: [2]
[monitor] ['85%', '78%', '100%', '76%']  memcached=239.7%
[monitor] ['75%', '70%', '100%', '67%']  memcached=211.9%
[monitor] ['51%', '49%', '100%', '49%']  memcached=148.8%
[monitor] ['51%', '46%', '100%', '48%']  memcached=144.9%
[monitor] ['53%', '50%', '100%', '45%']  memcached=148.1%
[monitor] ['73%', '68%', '100%', '68%']  memcached=209.8%
[monitor] ['75%', '71%', '100%', '68%']  memcached=213.2%
[monitor] ['76%', '71%', '100%', '68%']  memcached=215.1%
[monitor] ['71%', '68%', '100%', '66%']  memcached=205.3%
[monitor] ['70%', '64%', '100%', '61%']  memcached=195.2%
[monitor] ['66%', '61%', '100%', '61%']  memcached=187.4%
[monitor] ['64%', '62%', '100%', '61%']  memcached=186.2%
[monitor] ['57%', '55%', '100%', '51%']  memcached=163.9%
[monitor] ['58%', '55%', '100%', '54%']  memcached=166.8%
[monitor] ['57%', '54%', '100%', '52%']  memcached=163.3%
[monitor] ['48%', '41%', '100%', '41%']  memcached=129.7%
[MEMCACHED] cores updated to: ['0', '3']
[streamcluster] cores updated to: [1, 2]
[monitor] ['51%', '83%', '91%', '50%']  memcached=101.1%
[monitor] ['56%', '94%', '80%', '50%']  memcached=105.8%
[monitor] ['61%', '80%', '97%', '62%']  memcached=123.1%
[monitor] ['67%', '90%', '97%', '69%']  memcached=136.1%
[monitor] ['67%', '93%', '97%', '68%']  memcached=134.2%
[monitor] ['68%', '72%', '97%', '75%']  memcached=143.3%
[monitor] ['80%', '87%', '97%', '97%']  memcached=176.6%
[MEMCACHED] cores updated to: ['0', '2', '3']
[streamcluster] cores updated to: [1]
[monitor] ['76%', '100%', '75%', '74%']  memcached=225.6%
[monitor] ['76%', '100%', '81%', '75%']  memcached=231.9%
[monitor] ['63%', '100%', '63%', '62%']  memcached=187.7%
[monitor] ['61%', '100%', '62%', '59%']  memcached=182.0%
[monitor] ['63%', '100%', '62%', '57%']  memcached=183.4%
[monitor] ['55%', '100%', '56%', '49%']  memcached=159.2%
[monitor] ['50%', '100%', '50%', '44%']  memcached=143.6%
[monitor] ['51%', '100%', '55%', '45%']  memcached=150.4%
[monitor] ['52%', '100%', '51%', '48%']  memcached=150.9%
[monitor] ['49%', '100%', '51%', '43%']  memcached=143.2%
[monitor] ['51%', '100%', '51%', '44%']  memcached=146.0%
[monitor] ['52%', '100%', '52%', '48%']  memcached=152.0%
[monitor] ['48%', '100%', '48%', '38%']  memcached=133.2%
[MEMCACHED] cores updated to: ['0', '3']
[streamcluster] cores updated to: [1, 2]
[monitor] ['51%', '84%', '90%', '49%']  memcached=99.9%
[monitor] ['52%', '87%', '80%', '51%']  memcached=103.3%
[monitor] ['57%', '77%', '90%', '55%']  memcached=111.8%
[monitor] ['56%', '77%', '97%', '56%']  memcached=112.2%
[monitor] ['59%', '93%', '84%', '54%']  memcached=112.4%
[monitor] ['57%', '87%', '93%', '55%']  memcached=111.6%
[monitor] ['48%', '80%', '90%', '49%']  memcached=96.6%
[monitor] ['52%', '84%', '93%', '54%']  memcached=106.5%
[monitor] ['51%', '80%', '94%', '47%']  memcached=97.6%
[monitor] ['62%', '63%', '100%', '67%']  memcached=128.6%
[monitor] ['66%', '90%', '94%', '62%']  memcached=128.3%
[monitor] ['68%', '80%', '97%', '67%']  memcached=134.2%
[monitor] ['76%', '83%', '100%', '87%']  memcached=163.4%
[MEMCACHED] cores updated to: ['0', '1', '3']
[streamcluster] cores updated to: [2]
[monitor] ['79%', '77%', '100%', '77%']  memcached=233.7%
[monitor] ['83%', '78%', '100%', '74%']  memcached=235.5%
[monitor] ['73%', '71%', '100%', '68%']  memcached=211.6%
[monitor] ['60%', '52%', '100%', '55%']  memcached=166.8%
[monitor] ['56%', '52%', '100%', '56%']  memcached=164.7%
[monitor] ['59%', '57%', '100%', '55%']  memcached=170.7%
[monitor] ['78%', '76%', '100%', '73%']  memcached=227.7%
[monitor] ['82%', '76%', '100%', '75%']  memcached=233.0%
[monitor] ['83%', '78%', '100%', '76%']  memcached=237.6%
[monitor] ['69%', '66%', '100%', '67%']  memcached=201.9%
[monitor] ['66%', '62%', '100%', '58%']  memcached=186.2%
[monitor] ['67%', '63%', '100%', '63%']  memcached=192.9%
[monitor] ['62%', '58%', '100%', '60%']  memcached=179.6%
[monitor] ['58%', '52%', '100%', '54%']  memcached=164.3%
[monitor] ['55%', '50%', '100%', '53%']  memcached=158.3%
[monitor] ['55%', '51%', '100%', '52%']  memcached=158.7%
[monitor] ['70%', '67%', '100%', '67%']  memcached=203.3%
[monitor] ['68%', '67%', '100%', '64%']  memcached=199.2%
[monitor] ['69%', '65%', '100%', '64%']  memcached=198.3%
[monitor] ['78%', '73%', '100%', '71%']  memcached=221.8%
[monitor] ['78%', '72%', '100%', '70%']  memcached=220.3%
[monitor] ['77%', '75%', '100%', '71%']  memcached=222.7%
[monitor] ['80%', '76%', '100%', '73%']  memcached=228.6%
[monitor] ['86%', '82%', '100%', '78%']  memcached=245.3%
[monitor] ['84%', '80%', '100%', '79%']  memcached=243.8%
[monitor] ['83%', '81%', '100%', '81%']  memcached=244.0%
[monitor] ['72%', '66%', '100%', '66%']  memcached=203.4%
[monitor] ['71%', '68%', '100%', '64%']  memcached=202.7%
[monitor] ['68%', '66%', '100%', '67%']  memcached=200.9%
[monitor] ['83%', '78%', '100%', '74%']  memcached=234.3%
[monitor] ['85%', '81%', '100%', '79%']  memcached=245.3%
[monitor] ['90%', '82%', '100%', '81%']  memcached=253.2%
[monitor] ['69%', '67%', '100%', '63%']  memcached=199.1%
[monitor] ['58%', '56%', '100%', '54%']  memcached=167.9%
[monitor] ['56%', '54%', '100%', '54%']  memcached=163.4%
[monitor] ['61%', '57%', '100%', '55%']  memcached=173.5%
[monitor] ['61%', '60%', '100%', '57%']  memcached=177.6%
[monitor] ['64%', '57%', '100%', '56%']  memcached=176.9%
[monitor] ['59%', '59%', '100%', '56%']  memcached=173.9%
[monitor] ['79%', '76%', '100%', '74%']  memcached=230.2%
[monitor] ['85%', '77%', '100%', '78%']  memcached=240.2%
[monitor] ['85%', '80%', '100%', '78%']  memcached=242.6%
[monitor] ['83%', '79%', '100%', '76%']  memcached=238.7%
[monitor] ['85%', '78%', '100%', '77%']  memcached=240.2%
[monitor] ['85%', '80%', '100%', '77%']  memcached=242.4%
[monitor] ['83%', '77%', '100%', '76%']  memcached=236.5%
[monitor] ['70%', '70%', '100%', '68%']  memcached=207.8%
[monitor] ['73%', '68%', '100%', '68%']  memcached=208.9%
[monitor] ['72%', '68%', '100%', '66%']  memcached=206.0%
[monitor] ['57%', '52%', '100%', '53%']  memcached=163.0%
[monitor] ['55%', '51%', '100%', '50%']  memcached=155.8%
[monitor] ['57%', '51%', '100%', '53%']  memcached=161.5%
[monitor] ['57%', '52%', '100%', '52%']  memcached=162.0%
[monitor] ['60%', '59%', '100%', '57%']  memcached=175.2%
[monitor] ['60%', '57%', '100%', '58%']  memcached=175.3%
[monitor] ['61%', '57%', '100%', '59%']  memcached=177.4%
[monitor] ['62%', '60%', '100%', '59%']  memcached=179.6%
[monitor] ['60%', '60%', '100%', '55%']  memcached=174.8%
[monitor] ['62%', '56%', '100%', '59%']  memcached=176.9%
[monitor] ['55%', '53%', '100%', '50%']  memcached=158.3%
[monitor] ['53%', '48%', '100%', '48%']  memcached=148.3%
[monitor] ['52%', '48%', '100%', '51%']  memcached=151.0%
[monitor] ['55%', '51%', '100%', '49%']  memcached=154.8%
[monitor] ['59%', '57%', '100%', '55%']  memcached=170.7%
[monitor] ['57%', '55%', '100%', '55%']  memcached=167.3%
[monitor] ['63%', '57%', '100%', '55%']  memcached=175.9%
[monitor] ['69%', '69%', '100%', '66%']  memcached=204.3%
[monitor] ['71%', '68%', '100%', '66%']  memcached=204.4%
[monitor] ['73%', '68%', '100%', '67%']  memcached=208.1%
[monitor] ['76%', '75%', '100%', '73%']  memcached=223.6%
[monitor] ['81%', '76%', '100%', '73%']  memcached=229.2%
[monitor] ['79%', '73%', '100%', '72%']  memcached=224.6%
[monitor] ['80%', '78%', '100%', '73%']  memcached=230.8%
[monitor] ['83%', '78%', '100%', '77%']  memcached=238.4%
[monitor] ['82%', '78%', '100%', '75%']  memcached=235.1%
[monitor] ['82%', '77%', '100%', '74%']  memcached=233.2%
[monitor] ['85%', '80%', '100%', '79%']  memcached=243.6%
[monitor] ['85%', '79%', '100%', '76%']  memcached=240.4%
[monitor] ['84%', '79%', '100%', '76%']  memcached=240.3%
[monitor] ['69%', '65%', '100%', '65%']  memcached=199.0%
[monitor] ['64%', '61%', '100%', '60%']  memcached=184.6%
[monitor] ['66%', '62%', '100%', '62%']  memcached=188.9%
[monitor] ['59%', '55%', '100%', '56%']  memcached=169.6%
[monitor] ['53%', '55%', '100%', '51%']  memcached=159.2%
[monitor] ['55%', '51%', '100%', '50%']  memcached=156.0%
[monitor] ['51%', '50%', '100%', '49%']  memcached=149.9%
[monitor] ['48%', '47%', '100%', '44%']  memcached=138.4%
[MEMCACHED] cores updated to: ['0', '3']
[streamcluster] cores updated to: [1, 2]
[monitor] ['53%', '87%', '90%', '52%']  memcached=105.5%
[monitor] ['53%', '83%', '93%', '51%']  memcached=104.5%
[monitor] ['78%', '80%', '100%', '87%']  memcached=164.9%
[MEMCACHED] cores updated to: ['0', '2', '3']
[streamcluster] cores updated to: [1]
[monitor] ['74%', '100%', '76%', '69%']  memcached=220.1%
[monitor] ['72%', '100%', '75%', '72%']  memcached=220.0%
[monitor] ['78%', '100%', '78%', '72%']  memcached=227.8%
[monitor] ['81%', '100%', '83%', '76%']  memcached=239.1%
[monitor] ['81%', '100%', '81%', '76%']  memcached=237.3%
[monitor] ['81%', '100%', '83%', '77%']  memcached=240.6%
[monitor] ['78%', '100%', '80%', '73%']  memcached=230.8%
[monitor] ['78%', '100%', '81%', '76%']  memcached=235.2%
[monitor] ['79%', '100%', '81%', '77%']  memcached=236.6%
[monitor] ['64%', '100%', '64%', '60%']  memcached=188.1%
[monitor] ['63%', '100%', '63%', '60%']  memcached=186.2%
[monitor] ['64%', '100%', '67%', '63%']  memcached=194.4%
[monitor] ['65%', '100%', '66%', '62%']  memcached=193.4%
[monitor] ['68%', '100%', '68%', '63%']  memcached=200.0%
[monitor] ['68%', '100%', '69%', '68%']  memcached=204.2%
[monitor] ['66%', '100%', '65%', '62%']  memcached=193.4%
[monitor] ['62%', '100%', '65%', '60%']  memcached=187.1%
[monitor] ['64%', '100%', '64%', '60%']  memcached=188.4%
[monitor] ['63%', '100%', '63%', '62%']  memcached=188.4%
[monitor] ['59%', '100%', '59%', '54%']  memcached=171.8%
[monitor] ['60%', '100%', '60%', '58%']  memcached=177.2%
[monitor] ['59%', '100%', '59%', '54%']  memcached=171.8%
[monitor] ['65%', '100%', '68%', '61%']  memcached=193.8%
[monitor] ['68%', '100%', '72%', '68%']  memcached=207.6%
[monitor] ['70%', '100%', '69%', '68%']  memcached=206.7%
[monitor] ['66%', '100%', '67%', '62%']  memcached=194.1%
[monitor] ['58%', '100%', '57%', '51%']  memcached=165.8%
[monitor] ['56%', '100%', '59%', '53%']  memcached=167.7%
[monitor] ['59%', '100%', '55%', '54%']  memcached=167.5%
[monitor] ['66%', '100%', '69%', '64%']  memcached=199.0%
[monitor] ['67%', '100%', '67%', '61%']  memcached=194.3%
[monitor] ['66%', '100%', '66%', '64%']  memcached=196.0%
[monitor] ['52%', '100%', '56%', '46%']  memcached=154.0%
[monitor] ['47%', '100%', '49%', '40%']  memcached=135.4%
[MEMCACHED] cores updated to: ['0', '3']
[streamcluster] cores updated to: [1, 2]
[monitor] ['56%', '94%', '90%', '52%']  memcached=107.8%
[monitor] ['60%', '100%', '87%', '59%']  memcached=118.1%
[monitor] ['63%', '88%', '100%', '65%']  memcached=128.4%
[monitor] ['65%', '93%', '97%', '64%']  memcached=129.1%
[monitor] ['62%', '93%', '94%', '65%']  memcached=126.8%
[monitor] ['49%', '93%', '93%', '42%']  memcached=90.8%
[monitor] ['48%', '77%', '97%', '44%']  memcached=92.4%
[monitor] ['46%', '93%', '93%', '47%']  memcached=92.5%
[monitor] ['50%', '90%', '91%', '50%']  memcached=100.0%
[monitor] ['53%', '93%', '90%', '49%']  memcached=102.1%
[monitor] ['55%', '88%', '93%', '53%']  memcached=108.7%
[monitor] ['61%', '100%', '77%', '56%']  memcached=116.8%
[monitor] ['68%', '97%', '87%', '68%']  memcached=135.8%
[monitor] ['70%', '93%', '93%', '68%']  memcached=137.5%
[monitor] ['68%', '93%', '97%', '68%']  memcached=136.8%
[monitor] ['78%', '88%', '100%', '88%']  memcached=165.9%
[MEMCACHED] cores updated to: ['0', '1', '3']
[streamcluster] cores updated to: [2]
[monitor] ['72%', '68%', '100%', '66%']  memcached=205.2%
[monitor] ['71%', '67%', '100%', '65%']  memcached=202.7%
[monitor] ['66%', '64%', '100%', '62%']  memcached=192.0%
[monitor] ['65%', '58%', '100%', '62%']  memcached=184.8%
[monitor] ['66%', '63%', '100%', '60%']  memcached=189.3%
[monitor] ['68%', '67%', '100%', '63%']  memcached=197.4%
[monitor] ['74%', '70%', '100%', '69%']  memcached=212.9%
[monitor] ['76%', '70%', '100%', '67%']  memcached=212.6%
[monitor] ['68%', '68%', '100%', '64%']  memcached=199.2%
[monitor] ['39%', '36%', '100%', '34%']  memcached=108.5%
[MEMCACHED] cores updated to: ['0', '3']
[streamcluster] cores updated to: [1, 2]
[monitor] ['47%', '93%', '93%', '43%']  memcached=90.0%
[monitor] ['44%', '90%', '97%', '43%']  memcached=87.6%
[monitor] ['55%', '90%', '97%', '52%']  memcached=107.6%
[monitor] ['57%', '83%', '97%', '55%']  memcached=112.8%
[monitor] ['57%', '87%', '90%', '58%']  memcached=114.3%
[monitor] ['58%', '90%', '90%', '56%']  memcached=113.9%
[monitor] ['56%', '97%', '81%', '54%']  memcached=110.4%
[monitor] ['54%', '80%', '94%', '55%']  memcached=109.5%
[monitor] ['62%', '88%', '100%', '57%']  memcached=119.4%
[monitor] ['94%', '83%', '93%', '97%']  memcached=190.6%
[MEMCACHED] cores updated to: ['0', '2', '3']
[streamcluster] cores updated to: [1]
[monitor] ['88%', '100%', '91%', '84%']  memcached=263.0%
[monitor] ['86%', '100%', '85%', '80%']  memcached=251.0%
[monitor] ['51%', '100%', '50%', '45%']  memcached=146.2%
[monitor] ['42%', '100%', '45%', '38%']  memcached=125.8%
[MEMCACHED] cores updated to: ['0', '3']
[streamcluster] cores updated to: [1, 2]
[monitor] ['52%', '77%', '97%', '52%']  memcached=104.2%
[monitor] ['53%', '67%', '97%', '52%']  memcached=105.1%
[monitor] ['52%', '84%', '97%', '48%']  memcached=99.8%
[monitor] ['51%', '93%', '81%', '50%']  memcached=101.1%
[monitor] ['56%', '87%', '100%', '55%']  memcached=110.1%
[monitor] ['66%', '86%', '93%', '62%']  memcached=128.0%
[monitor] ['64%', '77%', '94%', '66%']  memcached=130.1%
[monitor] ['67%', '90%', '93%', '65%']  memcached=131.7%
[monitor] ['70%', '90%', '94%', '71%']  memcached=141.1%
[monitor] ['68%', '90%', '100%', '69%']  memcached=137.5%
[monitor] ['68%', '84%', '94%', '68%']  memcached=135.0%
[monitor] ['76%', '83%', '97%', '83%']  memcached=158.5%
[monitor] ['91%', '90%', '97%', '91%']  memcached=181.2%
[MEMCACHED] cores updated to: ['0', '1', '3']
[streamcluster] cores updated to: [2]
[monitor] ['85%', '82%', '100%', '78%']  memcached=245.0%
[monitor] ['84%', '77%', '100%', '76%']  memcached=238.0%
[monitor] ['80%', '78%', '100%', '73%']  memcached=230.8%
[monitor] ['79%', '78%', '100%', '75%']  memcached=232.2%
[monitor] ['81%', '76%', '100%', '73%']  memcached=229.2%
[monitor] ['74%', '72%', '100%', '68%']  memcached=213.9%
[monitor] ['73%', '68%', '100%', '67%']  memcached=207.2%
[monitor] ['74%', '70%', '100%', '71%']  memcached=214.4%
[monitor] ['50%', '49%', '100%', '48%']  memcached=146.3%
[monitor] ['41%', '36%', '100%', '33%']  memcached=110.0%
[MEMCACHED] cores updated to: ['0', '3']
[streamcluster] cores updated to: [1, 2]
[monitor] ['45%', '94%', '93%', '45%']  memcached=89.4%
[monitor] ['49%', '93%', '87%', '45%']  memcached=94.4%
[monitor] ['56%', '97%', '87%', '54%']  memcached=109.9%
[monitor] ['57%', '81%', '87%', '55%']  memcached=111.1%
[monitor] ['58%', '86%', '94%', '52%']  memcached=110.6%
[monitor] ['74%', '83%', '93%', '78%']  memcached=152.1%
[monitor] ['76%', '72%', '100%', '79%']  memcached=155.1%
[monitor] ['75%', '83%', '97%', '81%']  memcached=155.6%
[monitor] ['56%', '93%', '100%', '60%']  memcached=115.3%
[monitor] ['49%', '90%', '90%', '43%']  memcached=92.1%
[monitor] ['49%', '83%', '93%', '47%']  memcached=95.6%
[monitor] ['55%', '90%', '90%', '53%']  memcached=108.3%
[monitor] ['82%', '24%', '100%', '80%']  memcached=162.4%
[MEMCACHED] cores updated to: ['0', '2', '3']
[streamcluster] cores updated to: [1]
[monitor] ['76%', '100%', '76%', '71%']  memcached=223.7%
[monitor] ['76%', '100%', '76%', '72%']  memcached=223.6%
[monitor] ['71%', '100%', '70%', '66%']  memcached=206.5%
[monitor] ['68%', '100%', '70%', '64%']  memcached=202.4%
[monitor] ['68%', '100%', '69%', '66%']  memcached=202.5%
[monitor] ['73%', '100%', '73%', '68%']  memcached=213.5%
[monitor] ['74%', '100%', '75%', '71%']  memcached=220.4%
[monitor] ['76%', '100%', '77%', '73%']  memcached=225.6%
[monitor] ['72%', '100%', '71%', '66%']  memcached=208.6%
[monitor] ['61%', '100%', '64%', '57%']  memcached=182.5%
[monitor] ['60%', '100%', '60%', '57%']  memcached=177.5%
[monitor] ['60%', '100%', '60%', '56%']  memcached=175.1%
[monitor] ['82%', '100%', '85%', '77%']  memcached=244.3%
[monitor] ['85%', '100%', '86%', '78%']  memcached=248.8%
[monitor] ['85%', '100%', '88%', '79%']  memcached=251.8%
[monitor] ['77%', '100%', '75%', '71%']  memcached=223.6%
[monitor] ['72%', '100%', '74%', '68%']  memcached=213.0%
[monitor] ['72%', '100%', '75%', '68%']  memcached=215.2%
[monitor] ['65%', '100%', '66%', '63%']  memcached=193.9%
[monitor] ['56%', '100%', '57%', '52%']  memcached=165.0%
[monitor] ['56%', '100%', '52%', '50%']  memcached=157.9%
[monitor] ['52%', '100%', '57%', '52%']  memcached=161.1%
[monitor] ['40%', '100%', '38%', '38%']  memcached=116.7%
[MEMCACHED] cores updated to: ['0', '3']
[streamcluster] cores updated to: [1, 2]
[monitor] ['49%', '90%', '93%', '43%']  memcached=92.1%
[monitor] ['48%', '87%', '90%', '49%']  memcached=96.9%
[monitor] ['56%', '94%', '97%', '55%']  memcached=110.1%
[monitor] ['57%', '76%', '94%', '56%']  memcached=112.6%
[monitor] ['60%', '84%', '97%', '59%']  memcached=118.3%
[monitor] ['61%', '76%', '97%', '60%']  memcached=120.9%
[monitor] ['63%', '87%', '94%', '61%']  memcached=124.2%
[monitor] ['63%', '97%', '97%', '61%']  memcached=123.8%
[monitor] ['61%', '91%', '94%', '60%']  memcached=120.5%
[monitor] ['68%', '90%', '100%', '66%']  memcached=134.1%
[monitor] ['67%', '93%', '94%', '67%']  memcached=133.3%
[monitor] ['68%', '87%', '100%', '65%']  memcached=132.5%
[monitor] ['63%', '87%', '93%', '59%']  memcached=122.4%
[monitor] ['58%', '89%', '94%', '56%']  memcached=113.6%
[monitor] ['59%', '90%', '97%', '57%']  memcached=115.5%
[monitor] ['63%', '83%', '97%', '63%']  memcached=125.6%
[monitor] ['74%', '90%', '97%', '73%']  memcached=146.7%
[monitor] ['72%', '87%', '100%', '71%']  memcached=143.2%
[monitor] ['70%', '91%', '97%', '72%']  memcached=142.8%
[monitor] ['51%', '97%', '97%', '50%']  memcached=101.1%
[monitor] ['52%', '77%', '100%', '48%']  memcached=99.9%
[monitor] ['52%', '93%', '91%', '50%']  memcached=102.1%
[monitor] ['64%', '94%', '94%', '62%']  memcached=126.2%
[monitor] ['72%', '97%', '90%', '69%']  memcached=141.0%
[monitor] ['70%', '97%', '96%', '71%']  memcached=141.1%
[monitor] ['78%', '87%', '93%', '81%']  memcached=158.9%
[monitor] ['88%', '80%', '100%', '97%']  memcached=184.7%
[MEMCACHED] cores updated to: ['0', '1', '3']
[streamcluster] cores updated to: [2]
[monitor] ['88%', '88%', '100%', '77%']  memcached=253.3%
[monitor] ['85%', '78%', '100%', '78%']  memcached=240.4%
[monitor] ['78%', '76%', '100%', '69%']  memcached=222.7%
[monitor] ['76%', '76%', '100%', '69%']  memcached=221.6%
[monitor] ['76%', '73%', '100%', '71%']  memcached=219.7%
[monitor] ['63%', '61%', '100%', '59%']  memcached=182.9%
[monitor] ['60%', '53%', '100%', '56%']  memcached=168.7%
[monitor] ['60%', '54%', '100%', '54%']  memcached=167.2%
[monitor] ['63%', '62%', '100%', '58%']  memcached=183.6%
[monitor] ['72%', '70%', '100%', '67%']  memcached=208.5%
[monitor] ['70%', '68%', '100%', '63%']  memcached=200.9%
[monitor] ['74%', '69%', '100%', '67%']  memcached=209.8%
[monitor] ['82%', '78%', '100%', '75%']  memcached=235.1%
[monitor] ['83%', '76%', '100%', '73%']  memcached=232.3%
[monitor] ['83%', '81%', '100%', '76%']  memcached=239.1%
[monitor] ['88%', '82%', '100%', '78%']  memcached=248.6%
[monitor] ['88%', '85%', '100%', '79%']  memcached=252.0%
[monitor] ['88%', '83%', '100%', '80%']  memcached=250.7%
[monitor] ['90%', '85%', '100%', '78%']  memcached=253.4%
[monitor] ['82%', '80%', '100%', '74%']  memcached=236.6%
[monitor] ['88%', '77%', '100%', '75%']  memcached=239.6%
[monitor] ['78%', '76%', '100%', '73%']  memcached=227.0%
[monitor] ['62%', '57%', '100%', '59%']  memcached=177.9%
[monitor] ['59%', '56%', '100%', '52%']  memcached=167.1%
[monitor] ['62%', '58%', '100%', '56%']  memcached=176.1%
[monitor] ['64%', '59%', '100%', '59%']  memcached=181.4%
[monitor] ['60%', '61%', '100%', '59%']  memcached=179.5%
[monitor] ['65%', '59%', '100%', '56%']  memcached=179.8%
[monitor] ['50%', '48%', '100%', '46%']  memcached=144.0%
[monitor] ['37%', '38%', '100%', '37%']  memcached=111.3%
[MEMCACHED] cores updated to: ['0', '3']
[streamcluster] cores updated to: [1, 2]
[monitor] ['48%', '90%', '94%', '43%']  memcached=91.1%
[monitor] ['50%', '90%', '90%', '48%']  memcached=97.7%
[monitor] ['74%', '94%', '100%', '76%']  memcached=149.4%
[monitor] ['72%', '93%', '90%', '75%']  memcached=147.5%
[monitor] ['74%', '94%', '90%', '74%']  memcached=148.7%
[monitor] ['51%', '80%', '97%', '49%']  memcached=99.9%
[monitor] ['49%', '89%', '97%', '49%']  memcached=98.0%
[monitor] ['48%', '81%', '93%', '44%']  memcached=92.4%
[monitor] ['66%', '97%', '97%', '63%']  memcached=128.9%
[monitor] ['86%', '94%', '94%', '91%']  memcached=176.9%
[MEMCACHED] cores updated to: ['0', '2', '3']
[streamcluster] cores updated to: [1]
[monitor] ['78%', '100%', '80%', '73%']  memcached=230.8%
[monitor] ['76%', '100%', '76%', '70%']  memcached=222.9%
[monitor] ['61%', '100%', '60%', '60%']  memcached=181.4%
[monitor] ['61%', '100%', '65%', '60%']  memcached=185.6%
[monitor] ['62%', '100%', '62%', '57%']  memcached=181.3%
[monitor] ['78%', '100%', '81%', '76%']  memcached=235.1%
[monitor] ['81%', '100%', '80%', '73%']  memcached=234.1%
[monitor] ['82%', '100%', '83%', '77%']  memcached=242.8%
[monitor] ['63%', '100%', '62%', '57%']  memcached=182.8%
[monitor] ['48%', '100%', '48%', '44%']  memcached=139.4%
[MEMCACHED] cores updated to: ['0', '3']
[streamcluster] cores updated to: [1, 2]
[monitor] ['55%', '73%', '97%', '52%']  memcached=106.9%
[monitor] ['58%', '86%', '97%', '59%']  memcached=116.5%
[monitor] ['63%', '90%', '93%', '62%']  memcached=125.0%
[monitor] ['59%', '84%', '100%', '66%']  memcached=124.4%
[monitor] ['63%', '93%', '91%', '62%']  memcached=124.7%
[monitor] ['49%', '80%', '97%', '49%']  memcached=97.9%
[monitor] ['43%', '81%', '97%', '43%']  memcached=87.0%
[monitor] ['48%', '80%', '97%', '43%']  memcached=91.1%
[monitor] ['62%', '83%', '97%', '63%']  memcached=125.7%
[monitor] ['74%', '87%', '100%', '82%']  memcached=156.7%
[monitor] ['74%', '81%', '97%', '85%']  memcached=159.2%
[monitor] ['71%', '83%', '100%', '83%']  memcached=154.4%
[monitor] ['69%', '94%', '100%', '73%']  memcached=142.2%
[monitor] ['70%', '83%', '97%', '74%']  memcached=144.3%
[monitor] ['68%', '94%', '100%', '73%']  memcached=141.4%
[monitor] ['73%', '90%', '100%', '85%']  memcached=158.0%
[monitor] ['74%', '97%', '100%', '85%']  memcached=159.2%
[monitor] ['72%', '97%', '97%', '85%']  memcached=157.1%
[monitor] ['79%', '93%', '94%', '88%']  memcached=166.8%
[MEMCACHED] cores updated to: ['0', '1', '3']
[streamcluster] cores updated to: [2]
[monitor] ['77%', '73%', '100%', '73%']  memcached=223.1%
[monitor] ['76%', '74%', '100%', '70%']  memcached=219.6%
[monitor] ['78%', '73%', '100%', '69%']  memcached=220.6%
[monitor] ['80%', '76%', '100%', '74%']  memcached=230.0%
[monitor] ['78%', '74%', '100%', '73%']  memcached=224.4%
[monitor] ['80%', '75%', '100%', '71%']  memcached=226.1%
[monitor] ['44%', '43%', '100%', '37%']  memcached=124.2%
[MEMCACHED] cores updated to: ['0', '3']
[streamcluster] cores updated to: [1, 2]
[monitor] ['51%', '84%', '93%', '50%']  memcached=101.0%
[monitor] ['49%', '93%', '93%', '49%']  memcached=97.9%
[monitor] ['60%', '97%', '94%', '57%']  memcached=117.6%
[monitor] ['66%', '93%', '97%', '63%']  memcached=129.3%
[monitor] ['65%', '97%', '80%', '64%']  memcached=129.3%
[monitor] ['67%', '86%', '93%', '68%']  memcached=134.2%
[monitor] ['73%', '87%', '100%', '75%']  memcached=148.0%
[monitor] ['71%', '87%', '100%', '81%']  memcached=151.6%
[monitor] ['71%', '84%', '94%', '75%']  memcached=146.1%
[monitor] ['76%', '87%', '100%', '82%']  memcached=158.0%
[monitor] ['72%', '81%', '100%', '81%']  memcached=152.4%
[monitor] ['78%', '87%', '100%', '82%']  memcached=160.1%
[MEMCACHED] cores updated to: ['0', '2', '3']
[streamcluster] cores updated to: [1]
[monitor] ['72%', '100%', '74%', '71%']  memcached=216.5%
[monitor] ['72%', '100%', '74%', '69%']  memcached=214.7%
[monitor] ['70%', '100%', '72%', '68%']  memcached=210.2%
[monitor] ['71%', '100%', '71%', '68%']  memcached=209.6%
[monitor] ['66%', '100%', '68%', '63%']  memcached=197.3%
[monitor] ['68%', '100%', '70%', '66%']  memcached=204.1%
[monitor] ['68%', '100%', '69%', '65%']  memcached=201.6%
[monitor] ['85%', '100%', '86%', '78%']  memcached=248.8%
[monitor] ['81%', '100%', '83%', '77%']  memcached=241.1%
[monitor] ['80%', '100%', '85%', '76%']  memcached=241.0%
[monitor] ['78%', '100%', '83%', '76%']  memcached=236.8%
[monitor] ['76%', '100%', '78%', '74%']  memcached=228.4%
[monitor] ['77%', '100%', '79%', '72%']  memcached=227.7%
[monitor] ['60%', '100%', '64%', '60%']  memcached=184.1%
[monitor] ['46%', '100%', '46%', '37%']  memcached=127.9%
[MEMCACHED] cores updated to: ['0', '3']
[streamcluster] cores updated to: [1, 2]
[monitor] ['50%', '90%', '97%', '49%']  memcached=98.9%
[monitor] ['51%', '81%', '94%', '51%']  memcached=102.2%
[monitor] ['91%', '93%', '97%', '97%']  memcached=187.6%
[MEMCACHED] cores updated to: ['0', '1', '3']
[streamcluster] cores updated to: [2]
[monitor] ['90%', '85%', '100%', '79%']  memcached=254.6%
[monitor] ['85%', '83%', '100%', '76%']  memcached=244.2%
[monitor] ['85%', '77%', '100%', '74%']  memcached=236.3%
[monitor] ['82%', '78%', '100%', '76%']  memcached=235.8%
[monitor] ['83%', '76%', '100%', '74%']  memcached=232.9%
[monitor] ['71%', '72%', '100%', '67%']  memcached=209.5%
[monitor] ['62%', '60%', '100%', '59%']  memcached=181.0%
[monitor] ['66%', '62%', '100%', '59%']  memcached=186.7%
[monitor] ['65%', '62%', '100%', '62%']  memcached=189.0%
[monitor] ['85%', '79%', '100%', '76%']  memcached=239.9%
[monitor] ['85%', '81%', '100%', '74%']  memcached=239.7%
[monitor] ['82%', '78%', '100%', '75%']  memcached=235.1%
[monitor] ['78%', '76%', '100%', '70%']  memcached=224.3%
[monitor] ['75%', '72%', '100%', '70%']  memcached=217.5%
[monitor] ['76%', '73%', '100%', '70%']  memcached=218.9%
[monitor] ['80%', '74%', '100%', '71%']  memcached=224.7%
[monitor] ['80%', '80%', '100%', '75%']  memcached=235.0%
[monitor] ['85%', '78%', '100%', '74%']  memcached=237.4%
[monitor] ['77%', '72%', '100%', '70%']  memcached=219.6%
[monitor] ['49%', '49%', '100%', '48%']  memcached=145.5%
[monitor] ['50%', '48%', '100%', '47%']  memcached=144.2%
[monitor] ['49%', '49%', '100%', '49%']  memcached=146.7%
[monitor] ['75%', '71%', '100%', '69%']  memcached=215.3%
[monitor] ['83%', '79%', '100%', '77%']  memcached=239.4%
[monitor] ['82%', '76%', '100%', '74%']  memcached=231.7%
[monitor] ['74%', '69%', '100%', '70%']  memcached=213.6%
[monitor] ['67%', '65%', '100%', '64%']  memcached=196.0%
[monitor] ['66%', '63%', '100%', '62%']  memcached=190.7%
[monitor] ['70%', '65%', '100%', '64%']  memcached=199.3%
[monitor] ['80%', '76%', '100%', '73%']  memcached=229.3%
[monitor] ['80%', '76%', '100%', '74%']  memcached=230.0%
[monitor] ['81%', '76%', '100%', '71%']  memcached=227.9%
[monitor] ['66%', '62%', '100%', '62%']  memcached=190.9%
[monitor] ['64%', '60%', '100%', '57%']  memcached=181.6%
[monitor] ['63%', '61%', '100%', '60%']  memcached=183.9%
[monitor] ['60%', '55%', '100%', '55%']  memcached=169.3%
[monitor] ['57%', '55%', '100%', '51%']  memcached=162.5%
[monitor] ['58%', '55%', '100%', '55%']  memcached=167.3%
[monitor] ['57%', '55%', '100%', '55%']  memcached=166.7%
[monitor] ['67%', '65%', '100%', '62%']  memcached=193.6%
[monitor] ['66%', '62%', '100%', '62%']  memcached=190.9%
[monitor] ['68%', '62%', '100%', '62%']  memcached=191.5%
[monitor] ['69%', '67%', '100%', '67%']  memcached=202.6%
[monitor] ['69%', '69%', '100%', '64%']  memcached=202.6%
[monitor] ['72%', '67%', '100%', '66%']  memcached=204.3%
[monitor] ['65%', '63%', '100%', '62%']  memcached=189.7%
[monitor] ['58%', '52%', '100%', '55%']  memcached=165.4%
[monitor] ['59%', '57%', '100%', '54%']  memcached=169.3%
[monitor] ['62%', '56%', '100%', '55%']  memcached=173.0%
[monitor] ['65%', '62%', '100%', '60%']  memcached=186.5%
[monitor] ['62%', '60%', '100%', '59%']  memcached=180.5%
[monitor] ['64%', '60%', '100%', '60%']  memcached=183.8%
[monitor] ['63%', '62%', '100%', '61%']  memcached=186.3%
[monitor] ['67%', '63%', '100%', '60%']  memcached=189.9%
[monitor] ['64%', '61%', '100%', '59%']  memcached=184.2%
[monitor] ['76%', '74%', '100%', '71%']  memcached=221.9%
[monitor] ['83%', '79%', '100%', '77%']  memcached=239.4%
[monitor] ['86%', '78%', '100%', '75%']  memcached=238.5%
[monitor] ['79%', '77%', '100%', '75%']  memcached=231.6%
[monitor] ['68%', '64%', '100%', '62%']  memcached=194.1%
[monitor] ['69%', '66%', '100%', '62%']  memcached=196.6%
[monitor] ['68%', '65%', '100%', '62%']  memcached=195.0%
[monitor] ['69%', '66%', '100%', '64%']  memcached=199.2%
[monitor] ['67%', '66%', '100%', '64%']  memcached=196.6%
[monitor] ['68%', '67%', '100%', '63%']  memcached=198.4%
[monitor] ['62%', '56%', '100%', '55%']  memcached=173.3%
[monitor] ['57%', '52%', '100%', '53%']  memcached=163.1%
[monitor] ['56%', '52%', '100%', '51%']  memcached=159.4%
[monitor] ['57%', '53%', '100%', '51%']  memcached=161.5%
[monitor] ['48%', '48%', '100%', '45%']  memcached=140.5%
[monitor] ['48%', '45%', '100%', '47%']  memcached=139.4%
[MEMCACHED] cores updated to: ['0', '3']
[streamcluster] cores updated to: [1, 2]
[monitor] ['50%', '67%', '97%', '53%']  memcached=103.5%
[monitor] ['88%', '83%', '100%', '94%']  memcached=182.2%
[MEMCACHED] cores updated to: ['0', '2', '3']
[streamcluster] cores updated to: [1]
[monitor] ['82%', '100%', '83%', '76%']  memcached=241.7%
[monitor] ['81%', '100%', '86%', '79%']  memcached=245.7%
[monitor] ['72%', '100%', '72%', '70%']  memcached=213.6%
[monitor] ['71%', '100%', '71%', '68%']  memcached=209.3%
[monitor] ['68%', '100%', '70%', '66%']  memcached=203.4%
[monitor] ['67%', '100%', '68%', '64%']  memcached=198.1%
[monitor] ['69%', '100%', '72%', '68%']  memcached=208.6%
[monitor] ['69%', '100%', '71%', '68%']  memcached=207.5%
[monitor] ['69%', '100%', '71%', '65%']  memcached=205.1%
[monitor] ['56%', '100%', '58%', '55%']  memcached=168.1%
[monitor] ['57%', '100%', '55%', '51%']  memcached=162.8%
[monitor] ['57%', '100%', '57%', '54%']  memcached=167.6%
[monitor] ['66%', '100%', '67%', '64%']  memcached=196.6%
[monitor] ['72%', '100%', '72%', '67%']  memcached=210.3%
[monitor] ['69%', '100%', '73%', '69%']  memcached=211.4%
[monitor] ['68%', '100%', '67%', '65%']  memcached=199.2%
[monitor] ['61%', '100%', '63%', '57%']  memcached=181.3%
[monitor] ['60%', '100%', '60%', '58%']  memcached=179.1%
[monitor] ['60%', '100%', '61%', '57%']  memcached=178.4%
[monitor] ['49%', '100%', '48%', '45%']  memcached=141.7%
[monitor] ['51%', '100%', '51%', '48%']  memcached=149.8%
[monitor] ['51%', '100%', '51%', '49%']  memcached=151.1%
[monitor] ['45%', '100%', '45%', '40%']  memcached=130.9%
[MEMCACHED] cores updated to: ['0', '3']
[streamcluster] cores updated to: [1, 2]
[monitor] ['51%', '90%', '94%', '48%']  memcached=98.8%
[monitor] ['49%', '94%', '90%', '47%']  memcached=95.7%
[monitor] ['61%', '83%', '97%', '63%']  memcached=124.2%
[monitor] ['91%', '93%', '87%', '94%']  memcached=184.7%
[MEMCACHED] cores updated to: ['0', '1', '3']
[streamcluster] cores updated to: [2]
[monitor] ['79%', '75%', '100%', '72%']  memcached=226.6%
[monitor] ['78%', '73%', '100%', '75%']  memcached=226.4%
[monitor] ['71%', '69%', '100%', '67%']  memcached=207.0%
[monitor] ['72%', '68%', '100%', '66%']  memcached=206.6%
[monitor] ['70%', '68%', '100%', '67%']  memcached=205.4%
[monitor] ['68%', '64%', '100%', '63%']  memcached=195.7%
[monitor] ['68%', '63%', '100%', '62%']  memcached=193.2%
[monitor] ['68%', '65%', '100%', '65%']  memcached=197.5%
[monitor] ['59%', '54%', '100%', '55%']  memcached=167.0%
[monitor] ['47%', '43%', '100%', '45%']  memcached=135.0%
[MEMCACHED] cores updated to: ['0', '3']
[streamcluster] cores updated to: [1, 2]
[monitor] ['54%', '87%', '97%', '50%']  memcached=104.2%
[monitor] ['53%', '77%', '90%', '55%']  memcached=108.7%
[monitor] ['76%', '97%', '100%', '80%']  memcached=156.3%
[monitor] ['73%', '87%', '97%', '81%']  memcached=153.7%
[monitor] ['74%', '97%', '100%', '82%']  memcached=156.0%
[monitor] ['53%', '84%', '97%', '55%']  memcached=107.7%
[monitor] ['46%', '83%', '93%', '44%']  memcached=90.1%
[monitor] ['48%', '81%', '97%', '47%']  memcached=94.7%
[monitor] ['50%', '72%', '94%', '53%']  memcached=103.1%
[monitor] ['54%', '78%', '93%', '53%']  memcached=107.4%
[monitor] ['57%', '90%', '90%', '52%']  memcached=109.4%
[monitor] ['57%', '90%', '74%', '52%']  memcached=109.1%
[monitor] ['74%', '90%', '97%', '78%']  memcached=151.5%
[monitor] ['72%', '90%', '100%', '79%']  memcached=151.2%
[monitor] ['74%', '84%', '97%', '80%']  memcached=153.7%
[monitor] ['88%', '87%', '97%', '94%']  memcached=182.0%
[MEMCACHED] cores updated to: ['0', '2', '3']
[streamcluster] cores updated to: [1]
[monitor] ['88%', '100%', '91%', '82%']  memcached=260.9%
[monitor] ['83%', '100%', '86%', '81%']  memcached=249.1%
[monitor] ['81%', '100%', '83%', '75%']  memcached=239.4%
[monitor] ['81%', '100%', '80%', '76%']  memcached=236.2%
[monitor] ['81%', '100%', '81%', '76%']  memcached=237.3%
[monitor] ['74%', '100%', '76%', '72%']  memcached=221.2%
[monitor] ['51%', '100%', '50%', '45%']  memcached=146.3%
[monitor] ['49%', '100%', '49%', '44%']  memcached=141.7%
[monitor] ['50%', '100%', '50%', '45%']  memcached=145.2%
[monitor] ['74%', '100%', '73%', '69%']  memcached=216.1%
[monitor] ['78%', '100%', '78%', '74%']  memcached=230.5%
[monitor] ['76%', '100%', '78%', '74%']  memcached=227.1%
[monitor] ['74%', '100%', '74%', '68%']  memcached=215.6%
[monitor] ['67%', '100%', '68%', '64%']  memcached=199.8%
[monitor] ['68%', '100%', '68%', '65%']  memcached=200.8%
[monitor] ['69%', '100%', '69%', '65%']  memcached=203.3%
[monitor] ['67%', '100%', '66%', '62%']  memcached=195.0%
[monitor] ['67%', '100%', '69%', '64%']  memcached=200.0%
[monitor] ['66%', '100%', '68%', '66%']  memcached=200.0%
[monitor] ['59%', '100%', '56%', '55%']  memcached=169.7%
[monitor] ['53%', '100%', '57%', '52%']  memcached=162.1%
[monitor] ['56%', '100%', '55%', '48%']  memcached=157.6%
[monitor] ['63%', '100%', '62%', '59%']  memcached=183.2%
[monitor] ['69%', '100%', '74%', '68%']  memcached=211.9%
[monitor] ['72%', '100%', '72%', '70%']  memcached=214.3%
[monitor] ['68%', '100%', '69%', '65%']  memcached=202.7%
[monitor] ['61%', '100%', '60%', '59%']  memcached=179.9%
[monitor] ['62%', '100%', '60%', '56%']  memcached=178.8%
[monitor] ['62%', '100%', '63%', '60%']  memcached=184.2%
[monitor] ['59%', '100%', '60%', '59%']  memcached=177.1%
[monitor] ['60%', '100%', '61%', '56%']  memcached=177.0%
[monitor] ['62%', '100%', '60%', '59%']  memcached=180.3%
[monitor] ['50%', '100%', '52%', '46%']  memcached=148.6%
[monitor] ['44%', '100%', '42%', '40%']  memcached=126.2%
[MEMCACHED] cores updated to: ['0', '3']
[streamcluster] cores updated to: [1, 2]
[monitor] ['53%', '86%', '93%', '48%']  memcached=100.8%
[monitor] ['55%', '90%', '97%', '56%']  memcached=110.3%
[monitor] ['88%', '90%', '100%', '94%']  memcached=181.6%
[MEMCACHED] cores updated to: ['0', '1', '3']
[streamcluster] cores updated to: [2]
[monitor] ['81%', '76%', '100%', '74%']  memcached=231.2%
[monitor] ['81%', '74%', '100%', '74%']  memcached=229.7%
[monitor] ['70%', '68%', '100%', '65%']  memcached=202.8%
[monitor] ['70%', '68%', '100%', '67%']  memcached=205.0%
[monitor] ['70%', '67%', '100%', '63%']  memcached=200.1%
[monitor] ['66%', '59%', '100%', '62%']  memcached=187.8%
[monitor] ['58%', '57%', '100%', '56%']  memcached=171.1%
[monitor] ['59%', '55%', '100%', '56%']  memcached=169.7%
[monitor] ['61%', '60%', '100%', '56%']  memcached=177.5%
[monitor] ['68%', '64%', '100%', '64%']  memcached=195.8%
[monitor] ['68%', '63%', '100%', '65%']  memcached=196.7%
[monitor] ['69%', '63%', '100%', '62%']  memcached=194.9%
[monitor] ['42%', '44%', '100%', '38%']  memcached=123.8%
[MEMCACHED] cores updated to: ['0', '3']
[streamcluster] cores updated to: [1, 2]
[monitor] ['47%', '87%', '94%', '49%']  memcached=95.7%
[monitor] ['51%', '87%', '93%', '48%']  memcached=98.9%
[monitor] ['60%', '83%', '97%', '58%']  memcached=118.6%
[monitor] ['69%', '90%', '93%', '66%']  memcached=134.8%
[monitor] ['68%', '90%', '97%', '67%']  memcached=135.1%
[monitor] ['73%', '83%', '97%', '72%']  memcached=145.0%
[monitor] ['82%', '97%', '97%', '94%']  memcached=175.9%
[MEMCACHED] cores updated to: ['0', '2', '3']
[streamcluster] cores updated to: [1]
[monitor] ['76%', '100%', '76%', '70%']  memcached=222.3%
[monitor] ['71%', '100%', '74%', '72%']  memcached=217.2%
[monitor] ['79%', '100%', '77%', '73%']  memcached=229.1%
[monitor] ['78%', '100%', '80%', '76%']  memcached=234.1%
[monitor] ['81%', '100%', '80%', '76%']  memcached=237.0%
[monitor] ['67%', '100%', '67%', '62%']  memcached=195.8%
[monitor] ['60%', '100%', '61%', '57%']  memcached=178.2%
[monitor] ['58%', '100%', '58%', '56%']  memcached=172.4%
[monitor] ['63%', '100%', '63%', '60%']  memcached=186.7%
[monitor] ['68%', '100%', '67%', '67%']  memcached=201.8%
[monitor] ['68%', '100%', '70%', '65%']  memcached=203.3%
[monitor] ['68%', '100%', '71%', '68%']  memcached=206.5%
[monitor] ['83%', '100%', '82%', '78%']  memcached=243.5%
[monitor] ['80%', '100%', '83%', '76%']  memcached=239.3%
[monitor] ['81%', '100%', '83%', '76%']  memcached=240.1%
[monitor] ['56%', '100%', '55%', '52%']  memcached=163.6%
[monitor] ['43%', '100%', '44%', '42%']  memcached=129.5%
[MEMCACHED] cores updated to: ['0', '3']
[streamcluster] cores updated to: [1, 2]
[monitor] ['53%', '81%', '93%', '48%']  memcached=100.9%
[monitor] ['57%', '84%', '100%', '58%']  memcached=115.0%
[monitor] ['71%', '80%', '97%', '77%']  memcached=147.9%
[monitor] ['74%', '97%', '100%', '77%']  memcached=150.8%
[monitor] ['69%', '97%', '94%', '80%']  memcached=149.2%
[monitor] ['57%', '83%', '100%', '57%']  memcached=113.0%
[monitor] ['56%', '87%', '90%', '58%']  memcached=114.0%
[monitor] ['57%', '94%', '94%', '57%']  memcached=113.6%
[monitor] ['59%', '86%', '93%', '52%']  memcached=111.1%
[monitor] ['53%', '90%', '93%', '55%']  memcached=108.3%
[monitor] ['58%', '87%', '94%', '52%']  memcached=110.1%
[monitor] ['65%', '93%', '97%', '68%']  memcached=132.5%
[monitor] ['91%', '97%', '87%', '91%']  memcached=181.8%
[MEMCACHED] cores updated to: ['0', '1', '3']
[streamcluster] cores updated to: [2]
[monitor] ['80%', '76%', '100%', '75%']  memcached=231.3%
[monitor] ['80%', '77%', '100%', '72%']  memcached=229.4%
[monitor] ['91%', '85%', '100%', '82%']  memcached=257.7%
[monitor] ['91%', '83%', '100%', '82%']  memcached=255.3%
[monitor] ['88%', '85%', '100%', '81%']  memcached=253.6%
[monitor] ['75%', '72%', '100%', '67%']  memcached=213.5%
[monitor] ['69%', '64%', '100%', '63%']  memcached=196.9%
[monitor] ['68%', '63%', '100%', '63%']  memcached=193.8%
[monitor] ['71%', '68%', '100%', '68%']  memcached=207.0%
[monitor] ['73%', '69%', '100%', '68%']  memcached=210.6%
[monitor] ['76%', '71%', '100%', '67%']  memcached=213.4%
[monitor] ['71%', '67%', '100%', '68%']  memcached=205.3%
[monitor] ['45%', '41%', '100%', '40%']  memcached=127.4%
[MEMCACHED] cores updated to: ['0', '3']
[streamcluster] cores updated to: [1, 2]
[monitor] ['49%', '67%', '100%', '51%']  memcached=100.0%
[monitor] ['56%', '87%', '83%', '52%']  memcached=108.1%
[monitor] ['53%', '90%', '78%', '50%']  memcached=103.2%
[monitor] ['51%', '68%', '94%', '52%']  memcached=103.4%
[monitor] ['51%', '76%', '90%', '52%']  memcached=103.1%
[monitor] ['61%', '60%', '100%', '64%']  memcached=124.6%
[monitor] ['83%', '87%', '100%', '94%']  memcached=176.4%
[MEMCACHED] cores updated to: ['0', '2', '3']
[streamcluster] cores updated to: [1]
[monitor] ['75%', '100%', '76%', '71%']  memcached=222.1%
[monitor] ['72%', '100%', '74%', '72%']  memcached=218.0%
[monitor] ['57%', '100%', '57%', '51%']  memcached=164.8%
[monitor] ['58%', '100%', '58%', '54%']  memcached=169.2%
[monitor] ['53%', '100%', '55%', '50%']  memcached=158.0%
[monitor] ['76%', '100%', '78%', '69%']  memcached=223.5%
[monitor] ['81%', '100%', '81%', '78%']  memcached=238.9%
[monitor] ['78%', '100%', '80%', '76%']  memcached=233.5%
[monitor] ['78%', '100%', '78%', '73%']  memcached=229.7%
[monitor] ['74%', '100%', '76%', '71%']  memcached=220.4%
[monitor] ['72%', '100%', '74%', '69%']  memcached=214.7%
[monitor] ['72%', '100%', '72%', '66%']  memcached=209.4%
[monitor] ['51%', '100%', '54%', '46%']  memcached=151.6%
[monitor] ['52%', '100%', '50%', '45%']  memcached=147.2%
[monitor] ['51%', '100%', '52%', '48%']  memcached=150.9%
[monitor] ['76%', '100%', '76%', '69%']  memcached=219.9%
[monitor] ['81%', '100%', '82%', '78%']  memcached=240.7%
[monitor] ['86%', '100%', '83%', '77%']  memcached=245.7%
[monitor] ['76%', '100%', '78%', '74%']  memcached=228.3%
[monitor] ['70%', '100%', '70%', '66%']  memcached=205.9%
[monitor] ['70%', '100%', '72%', '66%']  memcached=207.6%
[monitor] ['71%', '100%', '71%', '68%']  memcached=210.5%
[monitor] ['78%', '100%', '78%', '73%']  memcached=229.1%
[monitor] ['76%', '100%', '78%', '71%']  memcached=224.9%
[monitor] ['76%', '100%', '77%', '73%']  memcached=225.8%
[monitor] ['85%', '100%', '85%', '81%']  memcached=250.8%
[monitor] ['85%', '100%', '91%', '80%']  memcached=255.9%
[monitor] ['82%', '100%', '88%', '79%']  memcached=250.0%
[monitor] ['72%', '100%', '70%', '68%']  memcached=210.3%
[monitor] ['63%', '100%', '62%', '55%']  memcached=180.3%
[monitor] ['57%', '100%', '62%', '57%']  memcached=176.9%
[monitor] ['64%', '100%', '64%', '60%']  memcached=188.6%
[monitor] ['83%', '100%', '85%', '79%']  memcached=247.4%
[monitor] ['85%', '100%', '85%', '78%']  memcached=248.5%
[monitor] ['81%', '100%', '81%', '76%']  memcached=237.3%
[monitor] ['60%', '100%', '62%', '59%']  memcached=180.9%
[monitor] ['57%', '100%', '55%', '54%']  memcached=165.2%
[monitor] ['58%', '100%', '59%', '51%']  memcached=168.4%
[monitor] ['49%', '100%', '53%', '48%']  memcached=149.5%
[monitor] ['50%', '100%', '48%', '38%']  memcached=136.2%
[MEMCACHED] cores updated to: ['0', '3']
[streamcluster] cores updated to: [1, 2]
[monitor] ['53%', '91%', '100%', '52%']  memcached=105.5%
[monitor] ['58%', '83%', '93%', '52%']  memcached=110.3%
[monitor] ['66%', '90%', '97%', '62%']  memcached=128.0%
[monitor] ['61%', '84%', '97%', '63%']  memcached=124.4%
[monitor] ['63%', '80%', '93%', '62%']  memcached=124.7%
[monitor] ['74%', '87%', '100%', '75%']  memcached=148.7%
[monitor] ['74%', '79%', '97%', '75%']  memcached=149.4%
[monitor] ['68%', '87%', '100%', '81%']  memcached=148.1%
[monitor] ['60%', '77%', '100%', '60%']  memcached=120.5%
[monitor] ['55%', '93%', '84%', '50%']  memcached=105.3%
[monitor] ['50%', '77%', '90%', '48%']  memcached=97.6%
[monitor] ['53%', '80%', '97%', '49%']  memcached=102.0%
[monitor] ['50%', '87%', '87%', '47%']  memcached=96.5%
[monitor] ['51%', '77%', '90%', '44%']  memcached=95.2%
[monitor] ['48%', '74%', '90%', '47%']  memcached=94.3%
[monitor] ['74%', '80%', '100%', '78%']  memcached=152.1%
[monitor] ['76%', '76%', '97%', '87%']  memcached=162.8%
[MEMCACHED] cores updated to: ['0', '1', '3']
[streamcluster] cores updated to: [2]
[monitor] ['72%', '69%', '100%', '68%']  memcached=210.1%
[monitor] ['77%', '74%', '100%', '70%']  memcached=220.4%
[monitor] ['68%', '68%', '100%', '68%']  memcached=205.3%
[monitor] ['69%', '69%', '100%', '68%']  memcached=206.9%
[monitor] ['72%', '69%', '100%', '64%']  memcached=205.1%
[monitor] ['76%', '72%', '100%', '70%']  memcached=218.2%
[monitor] ['79%', '73%', '100%', '71%']  memcached=222.3%
[monitor] ['81%', '74%', '100%', '71%']  memcached=226.0%
[monitor] ['68%', '62%', '100%', '64%']  memcached=193.8%
[monitor] ['68%', '67%', '100%', '63%']  memcached=197.4%
[monitor] ['68%', '65%', '100%', '62%']  memcached=194.8%
[monitor] ['54%', '52%', '100%', '51%']  memcached=157.6%
[monitor] ['52%', '45%', '100%', '46%']  memcached=143.6%
[monitor] ['51%', '46%', '100%', '46%']  memcached=143.8%
[monitor] ['59%', '57%', '100%', '54%']  memcached=170.3%
[monitor] ['83%', '81%', '100%', '78%']  memcached=241.7%
[monitor] ['82%', '77%', '100%', '75%']  memcached=234.5%
[monitor] ['83%', '78%', '100%', '76%']  memcached=237.0%
[monitor] ['49%', '48%', '100%', '49%']  memcached=145.3%
[monitor] ['50%', '45%', '100%', '45%']  memcached=140.2%
[monitor] ['48%', '43%', '100%', '45%']  memcached=135.4%
[MEMCACHED] cores updated to: ['0', '3']
[streamcluster] cores updated to: [1, 2]
[monitor] ['74%', '79%', '97%', '74%']  memcached=147.9%
[monitor] ['88%', '90%', '94%', '83%']  memcached=170.7%
[MEMCACHED] cores updated to: ['0', '2', '3']
[streamcluster] cores updated to: [1]
[monitor] ['74%', '100%', '74%', '72%']  memcached=220.5%
[monitor] ['67%', '100%', '69%', '63%']  memcached=199.1%
[monitor] ['52%', '100%', '52%', '51%']  memcached=155.6%
[monitor] ['51%', '100%', '51%', '46%']  memcached=148.4%
[monitor] ['52%', '100%', '53%', '45%']  memcached=150.6%
[monitor] ['56%', '100%', '57%', '55%']  memcached=167.4%
[monitor] ['57%', '100%', '58%', '52%']  memcached=167.1%
[monitor] ['55%', '100%', '55%', '52%']  memcached=162.0%
[monitor] ['58%', '100%', '58%', '54%']  memcached=169.2%
[monitor] ['56%', '100%', '59%', '50%']  memcached=164.9%
[monitor] ['56%', '100%', '56%', '51%']  memcached=162.8%
[monitor] ['53%', '100%', '52%', '46%']  memcached=151.8%
[monitor] ['41%', '100%', '42%', '33%']  memcached=116.9%
[MEMCACHED] cores updated to: ['0', '3']
[streamcluster] cores updated to: [1, 2]
[monitor] ['49%', '90%', '97%', '46%']  memcached=94.6%
[monitor] ['48%', '90%', '90%', '47%']  memcached=94.5%
[monitor] ['69%', '94%', '97%', '69%']  memcached=138.7%
[monitor] ['71%', '93%', '93%', '68%']  memcached=138.6%
[monitor] ['68%', '94%', '93%', '66%']  memcached=133.3%
[monitor] ['78%', '97%', '97%', '75%']  memcached=152.8%
[monitor] ['78%', '83%', '97%', '82%']  memcached=160.1%
[MEMCACHED] cores updated to: ['0', '1', '3']
[streamcluster] cores updated to: [2]
[monitor] ['72%', '68%', '100%', '68%']  memcached=208.6%
[monitor] ['76%', '73%', '100%', '69%']  memcached=218.5%
[monitor] ['82%', '77%', '100%', '76%']  memcached=235.4%
[monitor] ['83%', '78%', '100%', '74%']  memcached=235.4%
[monitor] ['82%', '75%', '100%', '72%']  memcached=229.6%
[monitor] ['52%', '49%', '100%', '47%']  memcached=148.5%
[monitor] ['56%', '49%', '100%', '50%']  memcached=154.3%
[monitor] ['56%', '52%', '100%', '51%']  memcached=159.4%
[monitor] ['43%', '41%', '100%', '41%']  memcached=125.8%
[MEMCACHED] cores updated to: ['0', '3']
[streamcluster] cores updated to: [1, 2]
[monitor] ['47%', '94%', '97%', '39%']  memcached=85.7%
[monitor] ['47%', '90%', '90%', '41%']  memcached=88.3%
[monitor] ['62%', '87%', '97%', '59%']  memcached=120.4%
[monitor] ['88%', '87%', '93%', '82%']  memcached=169.7%
[MEMCACHED] cores updated to: ['0', '2', '3']
[streamcluster] cores updated to: [1]
[monitor] ['74%', '100%', '75%', '70%']  memcached=219.0%
[monitor] ['76%', '100%', '76%', '71%']  memcached=224.1%
[monitor] ['76%', '100%', '78%', '75%']  memcached=229.1%
[monitor] ['75%', '100%', '76%', '72%']  memcached=222.9%
[monitor] ['76%', '100%', '78%', '72%']  memcached=225.9%
[monitor] ['60%', '100%', '60%', '56%']  memcached=175.1%
[monitor] ['53%', '100%', '55%', '50%']  memcached=158.0%
[monitor] ['55%', '100%', '52%', '50%']  memcached=156.9%
[monitor] ['53%', '100%', '53%', '49%']  memcached=155.7%
[monitor] ['52%', '100%', '55%', '50%']  memcached=156.8%
[monitor] ['53%', '100%', '52%', '49%']  memcached=154.5%
[monitor] ['51%', '100%', '52%', '49%']  memcached=152.3%
[monitor] ['68%', '100%', '68%', '63%']  memcached=199.2%
[monitor] ['68%', '100%', '67%', '63%']  memcached=197.3%
[monitor] ['66%', '100%', '67%', '62%']  memcached=195.0%
[monitor] ['48%', '100%', '49%', '44%']  memcached=140.2%
[monitor] ['43%', '100%', '42%', '32%']  memcached=117.8%
[MEMCACHED] cores updated to: ['0', '3']
[streamcluster] cores updated to: [1, 2]
[monitor] ['47%', '80%', '100%', '45%']  memcached=92.1%
[monitor] ['60%', '93%', '97%', '60%']  memcached=119.5%
[monitor] ['78%', '94%', '86%', '74%']  memcached=152.1%
[monitor] ['74%', '90%', '94%', '77%']  memcached=150.8%
[monitor] ['76%', '87%', '94%', '77%']  memcached=153.5%
[monitor] ['81%', '93%', '90%', '76%']  memcached=156.2%
[monitor] ['76%', '80%', '100%', '78%']  memcached=154.7%
[monitor] ['74%', '79%', '97%', '78%']  memcached=151.5%
[monitor] ['91%', '83%', '93%', '94%']  memcached=184.7%
[MEMCACHED] cores updated to: ['0', '1', '3']
[streamcluster] cores updated to: [2]
[monitor] ['86%', '81%', '100%', '77%']  memcached=243.4%
[monitor] ['85%', '82%', '100%', '77%']  memcached=244.3%
[monitor] ['69%', '68%', '100%', '67%']  memcached=203.4%
[monitor] ['60%', '56%', '100%', '54%']  memcached=169.5%
[monitor] ['58%', '56%', '100%', '55%']  memcached=169.2%
[monitor] ['56%', '54%', '100%', '52%']  memcached=162.3%
[monitor] ['53%', '43%', '100%', '45%']  memcached=140.9%
[monitor] ['44%', '41%', '100%', '36%']  memcached=121.0%
[MEMCACHED] cores updated to: ['0', '3']
[streamcluster] cores updated to: [1, 2]
[monitor] ['56%', '93%', '77%', '49%']  memcached=104.3%
[monitor] ['81%', '18%', '100%', '77%']  memcached=157.7%
[monitor] ['82%', '56%', '100%', '88%']  memcached=170.2%
[MEMCACHED] cores updated to: ['0', '2', '3']
[streamcluster] cores updated to: [1]
[monitor] ['78%', '100%', '77%', '76%']  memcached=230.6%
[monitor] ['62%', '100%', '65%', '61%']  memcached=188.5%
[monitor] ['56%', '100%', '56%', '52%']  memcached=164.0%
[monitor] ['57%', '100%', '54%', '55%']  memcached=164.7%
[monitor] ['55%', '100%', '55%', '49%']  memcached=157.9%
[monitor] ['52%', '100%', '49%', '45%']  memcached=146.0%
[monitor] ['49%', '100%', '50%', '41%']  memcached=139.9%
[MEMCACHED] cores updated to: ['0', '3']
[streamcluster] cores updated to: [1, 2]
[monitor] ['53%', '81%', '93%', '53%']  memcached=107.0%
[monitor] ['82%', '73%', '100%', '87%']  memcached=169.4%
[MEMCACHED] cores updated to: ['0', '1', '3']
[streamcluster] cores updated to: [2]
[monitor] ['82%', '78%', '100%', '76%']  memcached=236.4%
[monitor] ['79%', '76%', '100%', '74%']  memcached=228.7%
[monitor] ['78%', '73%', '100%', '71%']  memcached=222.4%
[monitor] ['77%', '73%', '100%', '69%']  memcached=219.6%
[monitor] ['75%', '71%', '100%', '69%']  memcached=215.5%
[monitor] ['67%', '62%', '100%', '62%']  memcached=190.7%
[monitor] ['47%', '46%', '100%', '45%']  memcached=138.1%
[MEMCACHED] cores updated to: ['0', '3']
[streamcluster] cores updated to: [1, 2]
[monitor] ['56%', '90%', '93%', '55%']  memcached=110.1%
[monitor] ['57%', '90%', '86%', '52%']  memcached=108.9%
[monitor] ['84%', '80%', '97%', '88%']  memcached=172.3%
[MEMCACHED] cores updated to: ['0', '2', '3']
[streamcluster] cores updated to: [1]
[monitor] ['74%', '100%', '76%', '72%']  memcached=222.2%
[monitor] ['77%', '100%', '78%', '73%']  memcached=228.3%
[monitor] ['74%', '100%', '75%', '72%']  memcached=220.9%
[monitor] ['78%', '100%', '79%', '73%']  memcached=229.7%
[monitor] ['77%', '100%', '78%', '74%']  memcached=228.4%
[monitor] ['74%', '100%', '71%', '68%']  memcached=213.2%
[monitor] ['60%', '100%', '62%', '56%']  memcached=178.8%
[monitor] ['60%', '100%', '60%', '55%']  memcached=175.0%
[monitor] ['58%', '100%', '60%', '55%']  memcached=172.7%
[monitor] ['48%', '100%', '47%', '43%']  memcached=136.9%
[MEMCACHED] cores updated to: ['0', '3']
[streamcluster] cores updated to: [1, 2]
[monitor] ['53%', '97%', '90%', '52%']  memcached=105.5%
[monitor] ['53%', '77%', '93%', '50%']  memcached=103.2%
[monitor] ['70%', '73%', '97%', '71%']  memcached=140.9%
[monitor] ['89%', '97%', '100%', '85%']  memcached=173.4%
[MEMCACHED] cores updated to: ['0', '1', '3']
[streamcluster] cores updated to: [2]
[monitor] ['74%', '71%', '100%', '69%']  memcached=214.8%
[monitor] ['69%', '66%', '100%', '66%']  memcached=200.9%
[monitor] ['55%', '54%', '100%', '52%']  memcached=160.6%
[monitor] ['55%', '52%', '100%', '55%']  memcached=161.7%
[monitor] ['55%', '51%', '100%', '53%']  memcached=159.3%
[monitor] ['76%', '71%', '100%', '69%']  memcached=216.6%
[monitor] ['74%', '69%', '100%', '70%']  memcached=213.4%
[monitor] ['74%', '69%', '100%', '67%']  memcached=210.5%
[monitor] ['51%', '49%', '100%', '48%']  memcached=147.5%
[monitor] ['40%', '36%', '100%', '36%']  memcached=112.3%
[MEMCACHED] cores updated to: ['0', '3']
[streamcluster] cores updated to: [1, 2]
[monitor] ['48%', '93%', '87%', '43%']  memcached=90.7%
[monitor] ['60%', '90%', '94%', '59%']  memcached=118.1%
[monitor] ['85%', '97%', '97%', '82%']  memcached=167.2%
[MEMCACHED] cores updated to: ['0', '2', '3']
[streamcluster] cores updated to: [1]
[monitor] ['75%', '100%', '73%', '69%']  memcached=217.2%
[monitor] ['73%', '100%', '74%', '69%']  memcached=215.9%
[monitor] ['62%', '100%', '64%', '60%']  memcached=186.2%
[monitor] ['64%', '100%', '63%', '59%']  memcached=186.7%
[monitor] ['62%', '100%', '62%', '59%']  memcached=182.8%
[monitor] ['55%', '100%', '53%', '48%']  memcached=155.5%
[monitor] ['49%', '100%', '49%', '41%']  memcached=138.8%
[MEMCACHED] cores updated to: ['0', '3']
[streamcluster] cores updated to: [1, 2]
[monitor] ['56%', '87%', '97%', '52%']  memcached=107.9%
[monitor] ['53%', '84%', '97%', '51%']  memcached=104.5%
[monitor] ['51%', '94%', '97%', '49%']  memcached=99.9%
[monitor] ['50%', '97%', '90%', '48%']  memcached=97.6%
[monitor] ['51%', '93%', '97%', '51%']  memcached=102.2%
[monitor] ['71%', '90%', '94%', '72%']  memcached=143.3%
[monitor] ['67%', '79%', '97%', '69%']  memcached=135.9%
[monitor] ['70%', '90%', '87%', '68%']  memcached=137.5%
[monitor] ['90%', '76%', '94%', '91%']  memcached=181.2%
[MEMCACHED] cores updated to: ['0', '1', '3']
[streamcluster] cores updated to: [2]
[monitor] ['91%', '88%', '100%', '81%']  memcached=259.8%
[monitor] ['93%', '82%', '100%', '79%']  memcached=254.2%
[monitor] ['66%', '58%', '100%', '61%']  memcached=184.7%
[monitor] ['38%', '33%', '100%', '37%']  memcached=108.0%
[MEMCACHED] cores updated to: ['0', '3']
[streamcluster] cores updated to: [1, 2]
[monitor] ['46%', '97%', '93%', '42%']  memcached=87.7%
[monitor] ['51%', '77%', '100%', '47%']  memcached=97.6%
[monitor] ['97%', '93%', '94%', '90%']  memcached=186.9%
[MEMCACHED] cores updated to: ['0', '2', '3']
[streamcluster] cores updated to: [1]
[monitor] ['83%', '100%', '83%', '77%']  memcached=243.3%
[monitor] ['80%', '100%', '83%', '77%']  memcached=240.0%
[monitor] ['83%', '100%', '83%', '77%']  memcached=243.3%
[monitor] ['78%', '100%', '80%', '75%']  memcached=232.8%
[monitor] ['83%', '100%', '83%', '76%']  memcached=241.9%
[monitor] ['72%', '100%', '76%', '71%']  memcached=220.0%
[monitor] ['71%', '100%', '73%', '67%']  memcached=210.7%
[monitor] ['71%', '100%', '69%', '67%']  memcached=206.6%
[monitor] ['69%', '100%', '70%', '65%']  memcached=204.4%
[monitor] ['58%', '100%', '60%', '54%']  memcached=172.0%
[monitor] ['60%', '100%', '60%', '54%']  memcached=173.4%
[monitor] ['60%', '100%', '58%', '55%']  memcached=172.4%
[monitor] ['50%', '100%', '48%', '45%']  memcached=142.7%
[monitor] ['43%', '100%', '47%', '43%']  memcached=132.4%
[MEMCACHED] cores updated to: ['0', '3']
[streamcluster] cores updated to: [1, 2]
[monitor] ['51%', '83%', '100%', '50%']  memcached=101.1%
[monitor] ['57%', '87%', '100%', '56%']  memcached=113.6%
[monitor] ['66%', '93%', '97%', '64%']  memcached=130.1%
[monitor] ['65%', '90%', '97%', '67%']  memcached=131.7%
[monitor] ['65%', '87%', '97%', '67%']  memcached=131.7%
[monitor] ['78%', '90%', '97%', '80%']  memcached=158.4%
[monitor] ['81%', '93%', '94%', '80%']  memcached=160.6%
[MEMCACHED] cores updated to: ['0', '1', '3']
[streamcluster] cores updated to: [2]
[monitor] ['72%', '69%', '100%', '67%']  memcached=208.4%
[monitor] ['69%', '66%', '100%', '67%']  memcached=201.7%
[monitor] ['68%', '64%', '100%', '62%']  memcached=194.1%
[monitor] ['68%', '67%', '100%', '62%']  memcached=196.3%
[monitor] ['68%', '67%', '100%', '65%']  memcached=199.2%
[monitor] ['72%', '65%', '100%', '64%']  memcached=200.8%
[monitor] ['69%', '65%', '100%', '63%']  memcached=197.5%
[monitor] ['65%', '63%', '100%', '62%']  memcached=190.0%
[monitor] ['49%', '48%', '100%', '50%']  memcached=146.3%
[monitor] ['52%', '46%', '100%', '46%']  memcached=145.0%
[monitor] ['52%', '48%', '100%', '46%']  memcached=146.1%
[monitor] ['73%', '69%', '100%', '68%']  memcached=210.6%
[monitor] ['83%', '75%', '100%', '75%']  memcached=232.9%
[monitor] ['81%', '78%', '100%', '74%']  memcached=232.0%
[monitor] ['79%', '74%', '100%', '73%']  memcached=226.7%
[monitor] ['78%', '74%', '100%', '74%']  memcached=225.7%
[monitor] ['81%', '74%', '100%', '70%']  memcached=224.5%
[monitor] ['68%', '67%', '100%', '66%']  memcached=200.0%
[monitor] ['45%', '43%', '100%', '40%']  memcached=128.3%
[MEMCACHED] cores updated to: ['0', '3']
[streamcluster] cores updated to: [1, 2]
[monitor] ['52%', '83%', '100%', '50%']  memcached=102.1%
[monitor] ['53%', '83%', '87%', '45%']  memcached=98.4%
[monitor] ['74%', '81%', '100%', '82%']  memcached=156.0%
[monitor] ['83%', '87%', '97%', '78%']  memcached=161.2%
[MEMCACHED] cores updated to: ['0', '2', '3']
[streamcluster] cores updated to: [1]
[monitor] ['72%', '100%', '76%', '69%']  memcached=218.0%
[monitor] ['58%', '100%', '56%', '55%']  memcached=169.2%
[monitor] ['45%', '100%', '47%', '40%']  memcached=132.6%
[MEMCACHED] cores updated to: ['0', '3']
[streamcluster] cores updated to: [1, 2]
[monitor] ['51%', '90%', '90%', '51%']  memcached=102.2%
[monitor] ['55%', '84%', '97%', '57%']  memcached=112.5%
[monitor] ['88%', '72%', '100%', '97%']  memcached=184.5%
[MEMCACHED] cores updated to: ['0', '1', '3']
[streamcluster] cores updated to: [2]
[monitor] ['83%', '77%', '100%', '75%']  memcached=235.5%
[monitor] ['85%', '81%', '100%', '78%']  memcached=243.2%
[monitor] ['82%', '78%', '100%', '76%']  memcached=236.4%
[monitor] ['81%', '76%', '100%', '74%']  memcached=231.2%
[monitor] ['83%', '77%', '100%', '76%']  memcached=235.7%
[monitor] ['76%', '72%', '100%', '70%']  memcached=218.4%
[monitor] ['70%', '68%', '100%', '67%']  memcached=204.2%
[monitor] ['72%', '66%', '100%', '68%']  memcached=205.2%
[monitor] ['65%', '62%', '100%', '59%']  memcached=185.5%
[monitor] ['45%', '44%', '100%', '41%']  memcached=130.2%
[MEMCACHED] cores updated to: ['0', '3']
[streamcluster] cores updated to: [1, 2]
[monitor] ['56%', '87%', '94%', '52%']  memcached=107.9%
[monitor] ['55%', '81%', '90%', '52%']  memcached=107.6%
[monitor] ['94%', '94%', '93%', '94%']  memcached=187.1%
[MEMCACHED] cores updated to: ['0', '2', '3']
[streamcluster] cores updated to: [1]
[monitor] ['84%', '100%', '83%', '77%']  memcached=244.4%
[monitor] ['84%', '100%', '88%', '76%']  memcached=248.5%
[monitor] ['72%', '100%', '72%', '69%']  memcached=212.8%
[monitor] ['64%', '100%', '68%', '63%']  memcached=195.8%
[monitor] ['66%', '100%', '66%', '62%']  memcached=194.2%
[monitor] ['68%', '100%', '66%', '65%']  memcached=198.2%
[monitor] ['68%', '100%', '69%', '64%']  memcached=201.6%
[monitor] ['69%', '100%', '73%', '67%']  memcached=209.1%
[monitor] ['69%', '100%', '68%', '67%']  memcached=204.3%
[monitor] ['49%', '100%', '50%', '45%']  memcached=143.8%
[monitor] ['52%', '100%', '51%', '45%']  memcached=148.5%
[monitor] ['50%', '100%', '51%', '46%']  memcached=147.5%
[monitor] ['45%', '100%', '49%', '43%']  memcached=136.8%
[MEMCACHED] cores updated to: ['0', '3']
[streamcluster] cores updated to: [1, 2]
[monitor] ['50%', '83%', '90%', '47%']  memcached=96.5%
[monitor] ['52%', '90%', '88%', '44%']  memcached=96.3%
[monitor] ['54%', '83%', '87%', '51%']  memcached=105.5%
[monitor] ['62%', '90%', '83%', '57%']  memcached=119.0%
[monitor] ['58%', '80%', '97%', '61%']  memcached=119.1%
[monitor] ['59%', '81%', '90%', '56%']  memcached=115.2%
[monitor] ['62%', '83%', '90%', '62%']  memcached=124.0%
[monitor] ['66%', '93%', '87%', '62%']  memcached=127.4%
[monitor] ['62%', '70%', '93%', '62%']  memcached=124.4%
[monitor] ['50%', '68%', '94%', '55%']  memcached=104.5%
[monitor] ['49%', '81%', '94%', '47%']  memcached=95.4%
[monitor] ['50%', '67%', '97%', '49%']  memcached=98.8%
[monitor] ['60%', '70%', '100%', '60%']  memcached=120.0%
[monitor] ['77%', '83%', '97%', '85%']  memcached=162.0%
[MEMCACHED] cores updated to: ['0', '1', '3']
[streamcluster] cores updated to: [2]
[monitor] ['71%', '66%', '100%', '64%']  memcached=200.9%
[monitor] ['71%', '67%', '100%', '67%']  memcached=204.4%
[monitor] ['94%', '82%', '100%', '79%']  memcached=255.3%
[monitor] ['90%', '85%', '100%', '82%']  memcached=258.0%
[monitor] ['90%', '81%', '100%', '79%']  memcached=249.7%
[monitor] ['76%', '72%', '100%', '68%']  memcached=216.3%
[monitor] ['70%', '65%', '100%', '65%']  memcached=200.0%
[monitor] ['70%', '67%', '100%', '65%']  memcached=201.8%
[monitor] ['62%', '56%', '100%', '56%']  memcached=174.1%
[monitor] ['48%', '48%', '100%', '43%']  memcached=137.7%
[MEMCACHED] cores updated to: ['0', '3']
[streamcluster] cores updated to: [1, 2]
[monitor] ['50%', '67%', '100%', '52%']  memcached=102.4%
[monitor] ['55%', '84%', '90%', '52%']  memcached=107.6%
[monitor] ['60%', '87%', '87%', '59%']  memcached=118.1%
[monitor] ['57%', '80%', '90%', '52%']  memcached=109.6%
[monitor] ['56%', '80%', '90%', '57%']  memcached=113.1%
[monitor] ['79%', '80%', '100%', '88%']  memcached=167.3%
[MEMCACHED] cores updated to: ['0', '2', '3']
[streamcluster] cores updated to: [1]
[monitor] ['90%', '100%', '91%', '85%']  memcached=266.8%
[monitor] ['85%', '100%', '88%', '79%']  memcached=251.6%
[monitor] ['85%', '100%', '86%', '79%']  memcached=250.4%
[monitor] ['83%', '100%', '85%', '79%']  memcached=247.1%
[monitor] ['82%', '100%', '85%', '78%']  memcached=246.0%
[monitor] ['78%', '100%', '78%', '71%']  memcached=227.0%
[monitor] ['39%', '100%', '38%', '34%']  memcached=110.9%
[MEMCACHED] cores updated to: ['0', '3']
[streamcluster] cores updated to: [1, 2]
[monitor] ['42%', '77%', '97%', '42%']  memcached=83.7%
[monitor] ['43%', '83%', '97%', '42%']  memcached=85.7%
[monitor] ['53%', '83%', '94%', '50%']  memcached=103.3%
[monitor] ['52%', '87%', '97%', '51%']  memcached=103.4%
[monitor] ['54%', '90%', '90%', '52%']  memcached=106.6%
[monitor] ['69%', '81%', '93%', '65%']  memcached=134.2%
[monitor] ['91%', '90%', '93%', '97%']  memcached=187.5%
[MEMCACHED] cores updated to: ['0', '1', '3']
[streamcluster] cores updated to: [2]
[monitor] ['83%', '78%', '100%', '76%']  memcached=237.4%
[monitor] ['82%', '76%', '100%', '73%']  memcached=231.0%
[monitor] ['74%', '70%', '100%', '67%']  memcached=210.4%
[monitor] ['72%', '69%', '100%', '68%']  memcached=208.5%
[monitor] ['75%', '71%', '100%', '69%']  memcached=215.3%
[monitor] ['63%', '59%', '100%', '59%']  memcached=179.9%
[monitor] ['61%', '60%', '100%', '59%']  memcached=179.5%
[monitor] ['59%', '55%', '100%', '56%']  memcached=169.6%
[monitor] ['50%', '50%', '100%', '48%']  memcached=147.6%
[monitor] ['40%', '38%', '100%', '36%']  memcached=114.5%
[MEMCACHED] cores updated to: ['0', '3']
[streamcluster] cores updated to: [1, 2]
[monitor] ['46%', '83%', '90%', '43%']  memcached=88.5%
[monitor] ['48%', '90%', '87%', '42%']  memcached=89.8%
[monitor] ['52%', '90%', '93%', '47%']  memcached=98.8%
[monitor] ['51%', '97%', '77%', '47%']  memcached=97.7%
[monitor] ['50%', '84%', '87%', '47%']  memcached=96.7%
[monitor] ['62%', '87%', '93%', '60%']  memcached=121.9%
[monitor] ['64%', '90%', '90%', '61%']  memcached=125.6%
[monitor] ['65%', '97%', '97%', '62%']  memcached=127.6%
[monitor] ['64%', '87%', '93%', '59%']  memcached=123.3%
[monitor] ['57%', '90%', '90%', '60%']  memcached=117.5%
[monitor] ['61%', '87%', '87%', '59%']  memcached=119.9%
[monitor] ['64%', '94%', '90%', '60%']  memcached=124.8%
[monitor] ['69%', '97%', '97%', '68%']  memcached=137.7%
[monitor] ['68%', '97%', '88%', '65%']  memcached=132.5%
[monitor] ['66%', '83%', '96%', '63%']  memcached=129.3%
[monitor] ['75%', '87%', '97%', '80%']  memcached=155.0%
[monitor] ['78%', '70%', '100%', '78%']  memcached=155.6%
[monitor] ['78%', '97%', '100%', '88%']  memcached=165.9%
[MEMCACHED] cores updated to: ['0', '2', '3']
[streamcluster] cores updated to: [1]
[monitor] ['72%', '100%', '72%', '70%']  memcached=213.9%
[monitor] ['72%', '100%', '73%', '68%']  memcached=213.9%
[monitor] ['73%', '100%', '73%', '70%']  memcached=216.2%
[monitor] ['77%', '100%', '76%', '72%']  memcached=224.4%
[monitor] ['82%', '100%', '88%', '76%']  memcached=246.3%
[monitor] ['82%', '100%', '83%', '78%']  memcached=242.9%
[monitor] ['84%', '100%', '85%', '77%']  memcached=246.2%
[monitor] ['64%', '100%', '66%', '59%']  memcached=189.4%
[monitor] ['65%', '100%', '65%', '60%']  memcached=190.2%
[monitor] ['62%', '100%', '63%', '59%']  memcached=184.9%
[monitor] ['58%', '100%', '59%', '55%']  memcached=171.9%
[monitor] ['58%', '100%', '57%', '56%']  memcached=171.1%
[monitor] ['59%', '100%', '59%', '53%']  memcached=169.7%
[monitor] ['53%', '100%', '56%', '50%']  memcached=159.0%
[monitor] ['49%', '100%', '47%', '44%']  memcached=139.3%
[MEMCACHED] cores updated to: ['0', '3']
[streamcluster] cores updated to: [1, 2]
[monitor] ['49%', '79%', '97%', '48%']  memcached=96.5%
[monitor] ['54%', '93%', '81%', '48%']  memcached=102.0%
[monitor] ['43%', '87%', '94%', '42%']  memcached=85.0%
[monitor] ['41%', '90%', '83%', '40%']  memcached=80.4%
[monitor] ['42%', '87%', '97%', '40%']  memcached=81.8%
[monitor] ['51%', '93%', '93%', '50%']  memcached=101.2%
[monitor] ['64%', '91%', '87%', '60%']  memcached=124.3%
[monitor] ['63%', '90%', '94%', '61%']  memcached=123.8%
[monitor] ['63%', '86%', '94%', '60%']  memcached=122.3%
[monitor] ['58%', '90%', '93%', '56%']  memcached=114.2%
[monitor] ['60%', '93%', '97%', '59%']  memcached=118.1%
[monitor] ['59%', '93%', '93%', '56%']  memcached=115.2%
[monitor] ['79%', '94%', '97%', '85%']  memcached=164.2%
[MEMCACHED] cores updated to: ['0', '1', '3']
[streamcluster] cores updated to: [2]
[monitor] ['72%', '71%', '100%', '69%']  memcached=212.7%
[monitor] ['75%', '71%', '100%', '68%']  memcached=214.5%
[monitor] ['60%', '59%', '100%', '59%']  memcached=177.5%
[monitor] ['53%', '48%', '100%', '49%']  memcached=149.8%
[monitor] ['50%', '49%', '100%', '50%']  memcached=148.8%
[monitor] ['60%', '55%', '100%', '55%']  memcached=170.5%
[monitor] ['86%', '81%', '100%', '78%']  memcached=245.2%
[monitor] ['90%', '85%', '100%', '82%']  memcached=256.7%
[monitor] ['86%', '79%', '100%', '78%']  memcached=242.9%
[monitor] ['85%', '81%', '100%', '79%']  memcached=245.3%
[monitor] ['85%', '82%', '100%', '76%']  memcached=243.1%
[monitor] ['88%', '81%', '100%', '76%']  memcached=244.9%
[monitor] ['54%', '53%', '100%', '49%']  memcached=154.9%
[monitor] ['43%', '37%', '100%', '38%']  memcached=117.3%
[MEMCACHED] cores updated to: ['0', '3']
[streamcluster] cores updated to: [1, 2]
[monitor] ['49%', '90%', '81%', '45%']  memcached=94.3%
[monitor] ['57%', '87%', '90%', '55%']  memcached=112.1%
[monitor] ['76%', '90%', '100%', '82%']  memcached=158.0%
[monitor] ['81%', '94%', '97%', '78%']  memcached=158.3%
[monitor] ['78%', '86%', '97%', '74%']  memcached=152.7%
[monitor] ['66%', '93%', '93%', '64%']  memcached=129.9%
[monitor] ['63%', '90%', '93%', '63%']  memcached=126.8%
[monitor] ['65%', '83%', '100%', '65%']  memcached=130.0%
[monitor] ['65%', '79%', '97%', '75%']  memcached=140.0%
[monitor] ['76%', '90%', '97%', '78%']  memcached=153.5%
[monitor] ['74%', '90%', '97%', '74%']  memcached=148.0%
[monitor] ['71%', '83%', '96%', '73%']  memcached=144.0%
[monitor] ['68%', '87%', '97%', '73%']  memcached=140.5%
[monitor] ['70%', '90%', '100%', '68%']  memcached=138.4%
[monitor] ['68%', '90%', '94%', '73%']  memcached=140.5%
[monitor] ['76%', '87%', '100%', '91%']  memcached=166.3%
[MEMCACHED] cores updated to: ['0', '2', '3']
[streamcluster] cores updated to: [1]
[monitor] ['73%', '100%', '76%', '70%']  memcached=218.9%
[monitor] ['73%', '100%', '76%', '71%']  memcached=219.7%
[monitor] ['51%', '100%', '51%', '51%']  memcached=153.6%
[monitor] ['44%', '100%', '45%', '36%']  memcached=125.8%
[MEMCACHED] cores updated to: ['0', '3']
[streamcluster] cores updated to: [1, 2]
[monitor] ['49%', '83%', '94%', '47%']  memcached=95.6%
[monitor] ['63%', '77%', '100%', '62%']  memcached=124.3%
[monitor] ['81%', '90%', '100%', '97%']  memcached=177.9%
[MEMCACHED] cores updated to: ['0', '1', '3']
[streamcluster] cores updated to: [2]
[monitor] ['77%', '76%', '100%', '73%']  memcached=226.4%
[monitor] ['78%', '75%', '100%', '72%']  memcached=225.0%
[monitor] ['79%', '73%', '100%', '71%']  memcached=223.0%
[monitor] ['75%', '74%', '100%', '70%']  memcached=219.0%
[monitor] ['78%', '76%', '100%', '73%']  memcached=227.1%
[monitor] ['57%', '55%', '100%', '55%']  memcached=167.5%
[monitor] ['51%', '48%', '100%', '45%']  memcached=143.7%
[monitor] ['51%', '48%', '100%', '50%']  memcached=148.7%
[monitor] ['51%', '44%', '100%', '46%']  memcached=141.4%
[monitor] ['47%', '43%', '100%', '45%']  memcached=134.2%
[MEMCACHED] cores updated to: ['0', '3']
[streamcluster] cores updated to: [1, 2]
[monitor] ['53%', '93%', '81%', '50%']  memcached=103.3%
[monitor] ['49%', '77%', '97%', '51%']  memcached=100.0%
[monitor] ['43%', '91%', '87%', '39%']  memcached=82.2%
[monitor] ['46%', '93%', '93%', '41%']  memcached=87.1%
[monitor] ['43%', '93%', '88%', '44%']  memcached=87.6%
[monitor] ['58%', '100%', '90%', '51%']  memcached=109.0%
[monitor] ['58%', '81%', '97%', '63%']  memcached=120.9%
[monitor] ['60%', '90%', '97%', '60%']  memcached=120.5%
[monitor] ['68%', '79%', '97%', '73%']  memcached=140.5%
[monitor] ['81%', '93%', '97%', '97%']  memcached=177.2%
[MEMCACHED] cores updated to: ['0', '2', '3']
[streamcluster] cores updated to: [1]
[monitor] ['74%', '100%', '77%', '71%']  memcached=221.9%
[monitor] ['70%', '100%', '72%', '65%']  memcached=206.7%
[monitor] ['48%', '100%', '47%', '41%']  memcached=135.3%
[MEMCACHED] cores updated to: ['0', '3']
[streamcluster] cores updated to: [1, 2]
[monitor] ['51%', '90%', '90%', '51%']  memcached=102.3%
[monitor] ['53%', '83%', '90%', '52%']  memcached=105.4%
[monitor] ['57%', '73%', '90%', '56%']  memcached=112.6%
[monitor] ['57%', '43%', '100%', '61%']  memcached=118.1%
[monitor] ['61%', '53%', '90%', '58%']  memcached=119.5%
[monitor] ['66%', '80%', '100%', '73%']  memcached=138.8%
[monitor] ['76%', '84%', '97%', '90%']  memcached=166.6%
[MEMCACHED] cores updated to: ['0', '1', '3']
[streamcluster] cores updated to: [2]
[monitor] ['72%', '73%', '100%', '68%']  memcached=213.6%
[monitor] ['75%', '73%', '100%', '70%']  memcached=218.2%
[monitor] ['78%', '73%', '100%', '71%']  memcached=221.8%
[monitor] ['76%', '73%', '100%', '70%']  memcached=219.6%
[monitor] ['76%', '73%', '100%', '69%']  memcached=218.5%
[monitor] ['81%', '78%', '100%', '76%']  memcached=234.0%
[monitor] ['79%', '77%', '100%', '73%']  memcached=229.5%
[monitor] ['85%', '80%', '100%', '77%']  memcached=242.4%
[monitor] ['75%', '72%', '100%', '69%']  memcached=216.7%
[monitor] ['67%', '68%', '100%', '62%']  memcached=196.7%
[monitor] ['65%', '62%', '100%', '63%']  memcached=189.6%
[monitor] ['63%', '60%', '100%', '55%']  memcached=178.7%
[monitor] ['48%', '43%', '100%', '45%']  memcached=135.5%
[MEMCACHED] cores updated to: ['0', '3']
[streamcluster] cores updated to: [1, 2]
[monitor] ['53%', '97%', '87%', '49%']  memcached=102.2%
[monitor] ['51%', '80%', '90%', '54%']  memcached=105.5%
[monitor] ['59%', '90%', '93%', '51%']  memcached=109.9%
[monitor] ['57%', '87%', '87%', '56%']  memcached=113.2%
[monitor] ['59%', '87%', '97%', '55%']  memcached=113.9%
[monitor] ['72%', '76%', '97%', '77%']  memcached=149.4%
[monitor] ['94%', '93%', '100%', '100%']  memcached=193.9%
[MEMCACHED] cores updated to: ['0', '2', '3']
[streamcluster] cores updated to: [1]
[monitor] ['97%', '100%', '100%', '100%']  memcached=296.7%
[monitor] ['82%', '100%', '86%', '83%']  memcached=251.3%
[monitor] ['74%', '100%', '78%', '71%']  memcached=223.2%
[monitor] ['78%', '100%', '78%', '73%']  memcached=229.1%
[monitor] ['74%', '100%', '76%', '72%']  memcached=221.8%
[monitor] ['52%', '100%', '56%', '49%']  memcached=156.8%
[monitor] ['51%', '100%', '50%', '44%']  memcached=144.7%
[monitor] ['50%', '100%', '51%', '50%']  memcached=151.1%
[monitor] ['49%', '100%', '52%', '45%']  memcached=146.1%
[monitor] ['55%', '100%', '50%', '50%']  memcached=154.5%
[monitor] ['52%', '100%', '52%', '46%']  memcached=150.7%
[monitor] ['57%', '100%', '56%', '54%']  memcached=166.3%
[monitor] ['74%', '100%', '76%', '71%']  memcached=220.8%
[monitor] ['74%', '100%', '76%', '73%']  memcached=223.0%
[monitor] ['73%', '100%', '74%', '70%']  memcached=217.6%
[monitor] ['74%', '100%', '71%', '69%']  memcached=214.6%
[monitor] ['69%', '100%', '72%', '67%']  memcached=207.7%
[monitor] ['71%', '100%', '71%', '68%']  memcached=209.0%
[monitor] ['57%', '100%', '56%', '55%']  memcached=168.2%
[monitor] ['50%', '100%', '51%', '45%']  memcached=146.3%
[monitor] ['52%', '100%', '50%', '45%']  memcached=147.2%
[monitor] ['51%', '100%', '51%', '48%']  memcached=149.8%
[monitor] ['57%', '100%', '60%', '56%']  memcached=174.0%
[monitor] ['60%', '100%', '60%', '55%']  memcached=174.0%
[monitor] ['59%', '100%', '59%', '60%']  memcached=177.7%
[monitor] ['63%', '100%', '65%', '59%']  memcached=187.9%
[monitor] ['66%', '100%', '62%', '62%']  memcached=189.9%
[monitor] ['65%', '100%', '67%', '62%']  memcached=194.2%
[monitor] ['56%', '100%', '57%', '52%']  memcached=165.1%
[monitor] ['52%', '100%', '52%', '48%']  memcached=152.0%
[monitor] ['51%', '100%', '52%', '48%']  memcached=151.2%
[monitor] ['60%', '100%', '60%', '57%']  memcached=176.7%
[monitor] ['88%', '100%', '91%', '81%']  memcached=259.7%
[monitor] ['85%', '100%', '88%', '82%']  memcached=254.6%
[monitor] ['85%', '100%', '88%', '82%']  memcached=254.9%
[monitor] ['88%', '100%', '91%', '85%']  memcached=263.4%
[monitor] ['91%', '100%', '91%', '82%']  memcached=263.6%
[monitor] ['89%', '100%', '88%', '84%']  memcached=260.8%
[monitor] ['82%', '100%', '83%', '79%']  memcached=244.1%
[monitor] ['78%', '100%', '83%', '77%']  memcached=238.4%
[monitor] ['81%', '100%', '83%', '78%']  memcached=241.2%
[monitor] ['76%', '100%', '76%', '71%']  memcached=224.1%
[monitor] ['69%', '100%', '68%', '66%']  memcached=203.4%
[monitor] ['67%', '100%', '69%', '66%']  memcached=201.7%
[monitor] ['69%', '100%', '68%', '64%']  memcached=201.4%
[monitor] ['88%', '100%', '94%', '83%']  memcached=264.3%
[monitor] ['88%', '100%', '88%', '84%']  memcached=260.5%
[monitor] ['85%', '100%', '91%', '85%']  memcached=260.3%
[monitor] ['63%', '100%', '65%', '59%']  memcached=187.4%
[monitor] ['52%', '100%', '55%', '51%']  memcached=158.3%
[monitor] ['56%', '100%', '56%', '57%']  memcached=168.2%
[monitor] ['67%', '100%', '64%', '62%']  memcached=192.9%
[monitor] ['83%', '100%', '86%', '81%']  memcached=249.1%
[monitor] ['83%', '100%', '85%', '79%']  memcached=246.9%
[monitor] ['81%', '100%', '81%', '75%']  memcached=236.6%
[monitor] ['68%', '100%', '68%', '68%']  memcached=205.0%
[monitor] ['71%', '100%', '69%', '67%']  memcached=206.6%
[monitor] ['67%', '100%', '73%', '70%']  memcached=209.8%
[monitor] ['62%', '100%', '62%', '55%']  memcached=179.1%
[monitor] ['59%', '100%', '57%', '56%']  memcached=172.3%
[monitor] ['57%', '100%', '60%', '56%']  memcached=173.4%
[monitor] ['52%', '100%', '53%', '49%']  memcached=154.6%
[monitor] ['49%', '100%', '51%', '47%']  memcached=146.5%
[monitor] ['51%', '100%', '49%', '46%']  memcached=146.3%
[monitor] ['51%', '100%', '49%', '48%']  memcached=147.6%
[monitor] ['83%', '100%', '86%', '79%']  memcached=248.5%
[monitor] ['83%', '100%', '85%', '79%']  memcached=247.1%
[monitor] ['83%', '100%', '82%', '79%']  memcached=244.6%
[monitor] ['74%', '100%', '74%', '69%']  memcached=217.3%
[monitor] ['74%', '100%', '74%', '71%']  memcached=219.5%
[monitor] ['73%', '100%', '74%', '70%']  memcached=216.9%
[monitor] ['78%', '100%', '79%', '74%']  memcached=231.0%
[monitor] ['85%', '100%', '88%', '82%']  memcached=255.1%
[monitor] ['91%', '100%', '91%', '79%']  memcached=260.7%
[monitor] ['88%', '100%', '91%', '87%']  memcached=266.0%
[monitor] ['82%', '100%', '82%', '80%']  memcached=244.7%
[monitor] ['83%', '100%', '81%', '78%']  memcached=241.2%
[monitor] ['78%', '100%', '81%', '74%']  memcached=232.6%
[monitor] ['53%', '100%', '53%', '51%']  memcached=157.8%
[monitor] ['43%', '100%', '44%', '40%']  memcached=128.1%
[MEMCACHED] cores updated to: ['0', '3']
[streamcluster] cores updated to: [1, 2]
[monitor] ['51%', '77%', '97%', '51%']  memcached=102.1%
[monitor] ['55%', '90%', '94%', '52%']  memcached=107.6%
[monitor] ['60%', '83%', '90%', '56%']  memcached=116.1%
[monitor] ['58%', '84%', '100%', '56%']  memcached=113.6%
[monitor] ['63%', '90%', '93%', '60%']  memcached=122.3%
[monitor] ['94%', '97%', '100%', '100%']  memcached=193.8%
[MEMCACHED] cores updated to: ['0', '1', '3']
[streamcluster] cores updated to: [2]
[monitor] ['93%', '88%', '100%', '84%']  memcached=265.6%
[monitor] ['88%', '83%', '100%', '80%']  memcached=251.6%
[monitor] ['74%', '73%', '100%', '69%']  memcached=215.9%
[monitor] ['72%', '69%', '100%', '68%']  memcached=208.5%
[monitor] ['70%', '68%', '100%', '67%']  memcached=204.4%
[monitor] ['76%', '71%', '100%', '70%']  memcached=216.7%
[monitor] ['74%', '70%', '100%', '68%']  memcached=211.5%
[monitor] ['75%', '71%', '100%', '70%']  memcached=216.3%
[monitor] ['75%', '72%', '100%', '69%']  memcached=216.0%
[monitor] ['82%', '77%', '100%', '74%']  memcached=233.8%
[monitor] ['82%', '78%', '100%', '76%']  memcached=235.9%
[monitor] ['81%', '77%', '100%', '75%']  memcached=232.7%
[monitor] ['57%', '54%', '100%', '50%']  memcached=160.8%
[monitor] ['52%', '45%', '100%', '48%']  memcached=144.9%
[monitor] ['52%', '48%', '100%', '46%']  memcached=146.2%
[monitor] ['62%', '60%', '100%', '61%']  memcached=182.5%
[monitor] ['76%', '73%', '100%', '73%']  memcached=221.6%
[monitor] ['79%', '76%', '100%', '71%']  memcached=226.8%
[monitor] ['76%', '71%', '100%', '71%']  memcached=218.4%
[monitor] ['82%', '77%', '100%', '73%']  memcached=232.5%
[monitor] ['81%', '76%', '100%', '75%']  memcached=231.2%
[monitor] ['82%', '76%', '100%', '72%']  memcached=230.3%
[monitor] ['75%', '72%', '100%', '70%']  memcached=217.1%
[monitor] ['78%', '74%', '100%', '73%']  memcached=224.9%
[monitor] ['75%', '72%', '100%', '68%']  memcached=214.4%
[monitor] ['68%', '65%', '100%', '63%']  memcached=195.9%
[monitor] ['58%', '57%', '100%', '55%']  memcached=170.0%
[monitor] ['58%', '54%', '100%', '52%']  memcached=164.3%
[monitor] ['61%', '59%', '100%', '59%']  memcached=178.0%
[monitor] ['78%', '72%', '100%', '71%']  memcached=221.7%
[monitor] ['76%', '74%', '100%', '71%']  memcached=220.7%
[monitor] ['78%', '72%', '100%', '71%']  memcached=220.6%
[monitor] ['74%', '70%', '100%', '69%']  memcached=213.4%
[monitor] ['71%', '69%', '100%', '67%']  memcached=207.0%
[monitor] ['71%', '70%', '100%', '68%']  memcached=210.1%
[monitor] ['62%', '61%', '100%', '59%']  memcached=182.4%
[monitor] ['59%', '55%', '100%', '54%']  memcached=167.7%
[monitor] ['59%', '56%', '100%', '56%']  memcached=170.2%
[monitor] ['63%', '61%', '100%', '59%']  memcached=183.4%
[monitor] ['88%', '82%', '100%', '81%']  memcached=250.3%
[monitor] ['83%', '80%', '100%', '75%']  memcached=237.9%
[monitor] ['85%', '78%', '100%', '75%']  memcached=238.7%
[monitor] ['85%', '79%', '100%', '80%']  memcached=244.3%
[monitor] ['88%', '80%', '100%', '79%']  memcached=246.3%
[monitor] ['88%', '82%', '100%', '82%']  memcached=252.2%
[monitor] ['82%', '78%', '100%', '76%']  memcached=237.0%
[monitor] ['82%', '80%', '100%', '76%']  memcached=238.8%
[monitor] ['85%', '77%', '100%', '75%']  memcached=237.4%
[monitor] ['72%', '70%', '100%', '69%']  memcached=211.1%
[monitor] ['52%', '50%', '100%', '50%']  memcached=152.4%
[monitor] ['52%', '53%', '100%', '49%']  memcached=154.8%
[monitor] ['55%', '49%', '100%', '48%']  memcached=150.8%
[monitor] ['67%', '64%', '100%', '62%']  memcached=193.3%
[monitor] ['64%', '62%', '100%', '63%']  memcached=190.0%
[monitor] ['68%', '63%', '100%', '61%']  memcached=191.2%
[monitor] ['61%', '63%', '100%', '60%']  memcached=183.3%
[monitor] ['62%', '57%', '100%', '59%']  memcached=178.5%
[monitor] ['62%', '62%', '100%', '59%']  memcached=182.3%
[monitor] ['58%', '54%', '100%', '55%']  memcached=166.6%
[monitor] ['45%', '42%', '100%', '43%']  memcached=130.2%
[MEMCACHED] cores updated to: ['0', '3']
[streamcluster] cores updated to: [1, 2]
[monitor] ['50%', '86%', '100%', '48%']  memcached=97.8%
[monitor] ['51%', '80%', '97%', '43%']  memcached=93.6%
[monitor] ['78%', '97%', '87%', '75%']  memcached=153.4%
[monitor] ['73%', '97%', '90%', '74%']  memcached=146.7%
[monitor] ['76%', '89%', '100%', '71%']  memcached=146.7%
[monitor] ['75%', '94%', '97%', '82%']  memcached=157.4%
[monitor] ['77%', '97%', '100%', '83%']  memcached=159.8%
[monitor] ['84%', '91%', '90%', '78%']  memcached=162.2%
[MEMCACHED] cores updated to: ['0', '2', '3']
[streamcluster] cores updated to: [1]
[monitor] ['70%', '100%', '72%', '69%']  memcached=211.7%
[monitor] ['74%', '100%', '72%', '69%']  memcached=215.6%
[monitor] ['70%', '100%', '72%', '68%']  memcached=209.3%
[monitor] ['70%', '100%', '70%', '67%']  memcached=206.7%
[monitor] ['81%', '100%', '81%', '77%']  memcached=238.3%
[monitor] ['76%', '100%', '76%', '74%']  memcached=226.3%
[monitor] ['78%', '100%', '78%', '72%']  memcached=228.4%
[monitor] ['73%', '100%', '74%', '72%']  memcached=218.5%
[monitor] ['70%', '100%', '72%', '68%']  memcached=210.2%
[monitor] ['74%', '100%', '76%', '70%']  memcached=220.9%
[monitor] ['76%', '100%', '75%', '70%']  memcached=220.9%
[monitor] ['80%', '100%', '86%', '76%']  memcached=242.2%
[monitor] ['82%', '100%', '82%', '74%']  memcached=239.0%
[monitor] ['82%', '100%', '82%', '77%']  memcached=241.8%
[monitor] ['81%', '100%', '78%', '73%']  memcached=231.3%
[monitor] ['78%', '100%', '78%', '78%']  memcached=233.9%
[monitor] ['78%', '100%', '78%', '73%']  memcached=228.5%
[monitor] ['55%', '100%', '57%', '50%']  memcached=161.6%
[monitor] ['49%', '100%', '44%', '40%']  memcached=133.1%
[MEMCACHED] cores updated to: ['0', '3']
[streamcluster] cores updated to: [1, 2]
[monitor] ['54%', '87%', '90%', '50%']  memcached=104.3%
[monitor] ['60%', '97%', '90%', '55%']  memcached=115.0%
[monitor] ['70%', '91%', '93%', '75%']  memcached=145.0%
[monitor] ['75%', '97%', '97%', '72%']  memcached=147.2%
[monitor] ['70%', '80%', '100%', '73%']  memcached=143.0%
[monitor] ['88%', '72%', '100%', '94%']  memcached=182.2%
[MEMCACHED] cores updated to: ['0', '1', '3']
[streamcluster] cores updated to: [2]
[monitor] ['82%', '74%', '100%', '73%']  memcached=229.6%
[monitor] ['80%', '78%', '100%', '75%']  memcached=233.4%
[monitor] ['70%', '68%', '100%', '64%']  memcached=201.6%
[monitor] ['68%', '61%', '100%', '62%']  memcached=189.6%
[monitor] ['63%', '62%', '100%', '61%']  memcached=186.9%
[monitor] ['71%', '64%', '100%', '64%']  memcached=199.3%
[monitor] ['71%', '69%', '100%', '68%']  memcached=208.7%
[monitor] ['72%', '69%', '100%', '68%']  memcached=209.3%
[monitor] ['69%', '65%', '100%', '64%']  memcached=198.3%
[monitor] ['32%', '36%', '100%', '32%']  memcached=100.7%
[MEMCACHED] cores updated to: ['0', '3']
[streamcluster] cores updated to: [1, 2]
[monitor] ['42%', '93%', '90%', '38%']  memcached=80.3%
[monitor] ['47%', '93%', '90%', '43%']  memcached=90.0%
[monitor] ['71%', '87%', '90%', '68%']  memcached=139.5%
[monitor] ['81%', '94%', '100%', '85%']  memcached=165.8%
[MEMCACHED] cores updated to: ['0', '2', '3']
[streamcluster] cores updated to: [1]
[monitor] ['73%', '100%', '74%', '71%']  memcached=218.4%
[monitor] ['72%', '100%', '70%', '69%']  memcached=212.2%
[monitor] ['73%', '100%', '74%', '67%']  memcached=213.3%
[monitor] ['74%', '100%', '74%', '73%']  memcached=220.3%
[monitor] ['68%', '100%', '69%', '67%']  memcached=203.4%
[monitor] ['53%', '100%', '53%', '46%']  memcached=153.0%
[monitor] ['53%', '100%', '52%', '48%']  memcached=153.0%
[monitor] ['52%', '100%', '52%', '45%']  memcached=149.3%
[monitor] ['42%', '100%', '38%', '40%']  memcached=119.9%
[MEMCACHED] cores updated to: ['0', '3']
[streamcluster] cores updated to: [1, 2]
[monitor] ['45%', '81%', '94%', '38%']  memcached=82.8%
[monitor] ['44%', '83%', '96%', '42%']  memcached=86.7%
[monitor] ['57%', '88%', '97%', '55%']  memcached=112.1%
[monitor] ['78%', '93%', '93%', '78%']  memcached=155.6%
[monitor] ['78%', '90%', '90%', '76%']  memcached=154.1%
[monitor] ['76%', '86%', '100%', '76%']  memcached=152.0%
[monitor] ['68%', '90%', '93%', '70%']  memcached=138.3%
[monitor] ['73%', '87%', '97%', '72%']  memcached=145.2%
[monitor] ['71%', '93%', '93%', '68%']  memcached=138.6%
[monitor] ['83%', '90%', '97%', '83%']  memcached=165.7%
[MEMCACHED] cores updated to: ['0', '1', '3']
[streamcluster] cores updated to: [2]
[monitor] ['71%', '68%', '100%', '67%']  memcached=205.7%
[monitor] ['71%', '69%', '100%', '66%']  memcached=206.1%
[monitor] ['78%', '72%', '100%', '74%']  memcached=223.7%
[monitor] ['82%', '78%', '100%', '74%']  memcached=234.4%
[monitor] ['83%', '76%', '100%', '76%']  memcached=234.8%
[monitor] ['73%', '70%', '100%', '68%']  memcached=210.8%
[monitor] ['48%', '48%', '100%', '43%']  memcached=138.3%
[MEMCACHED] cores updated to: ['0', '3']
[streamcluster] cores updated to: [1, 2]
[monitor] ['54%', '90%', '94%', '55%']  memcached=108.9%
[monitor] ['52%', '93%', '97%', '53%']  memcached=105.6%
[monitor] ['91%', '79%', '93%', '88%']  memcached=178.1%
[MEMCACHED] cores updated to: ['0', '2', '3']
[streamcluster] cores updated to: [1]
[monitor] ['83%', '100%', '83%', '78%']  memcached=245.0%
[monitor] ['83%', '100%', '84%', '79%']  memcached=247.1%
[monitor] ['88%', '100%', '85%', '77%']  memcached=250.3%
[monitor] ['91%', '100%', '91%', '84%']  memcached=265.9%
[monitor] ['85%', '100%', '85%', '78%']  memcached=248.4%
[monitor] ['81%', '100%', '80%', '78%']  memcached=238.3%
[monitor] ['72%', '100%', '73%', '68%']  memcached=213.2%
[monitor] ['74%', '100%', '76%', '69%']  memcached=219.5%
[monitor] ['78%', '100%', '76%', '74%']  memcached=227.7%
[monitor] ['88%', '100%', '88%', '79%']  memcached=254.5%
[monitor] ['88%', '100%', '88%', '82%']  memcached=258.1%
[monitor] ['88%', '100%', '87%', '79%']  memcached=253.8%
[monitor] ['68%', '100%', '68%', '66%']  memcached=201.7%
[monitor] ['61%', '100%', '61%', '57%']  memcached=179.5%
[monitor] ['63%', '100%', '63%', '59%']  memcached=184.6%
[monitor] ['60%', '100%', '60%', '57%']  memcached=176.5%
[monitor] ['58%', '100%', '60%', '55%']  memcached=173.6%
[monitor] ['60%', '100%', '58%', '56%']  memcached=174.1%
[monitor] ['58%', '100%', '60%', '52%']  memcached=171.1%
[monitor] ['46%', '100%', '47%', '40%']  memcached=132.3%
[MEMCACHED] cores updated to: ['0', '3']
[streamcluster] cores updated to: [1, 2]
[monitor] ['49%', '94%', '90%', '47%']  memcached=95.4%
[monitor] ['51%', '97%', '87%', '48%']  memcached=98.8%
[monitor] ['60%', '90%', '94%', '59%']  memcached=119.0%
[monitor] ['67%', '90%', '87%', '64%']  memcached=130.8%
[monitor] ['68%', '94%', '90%', '63%']  memcached=130.7%
[monitor] ['69%', '93%', '97%', '71%']  memcached=140.3%
[monitor] ['72%', '77%', '97%', '78%']  memcached=149.6%
[monitor] ['76%', '87%', '100%', '73%']  memcached=148.6%
[monitor] ['80%', '90%', '90%', '76%']  memcached=155.7%
[monitor] ['94%', '90%', '97%', '91%']  memcached=184.6%
[MEMCACHED] cores updated to: ['0', '1', '3']
[streamcluster] cores updated to: [2]
[monitor] ['82%', '78%', '100%', '76%']  memcached=236.6%
[monitor] ['82%', '75%', '100%', '74%']  memcached=230.3%
[monitor] ['76%', '74%', '100%', '70%']  memcached=220.0%
[monitor] ['75%', '70%', '100%', '70%']  memcached=215.5%
[monitor] ['76%', '71%', '100%', '68%']  memcached=215.8%
[monitor] ['72%', '69%', '100%', '66%']  memcached=206.8%
[monitor] ['72%', '69%', '100%', '69%']  memcached=210.6%
[monitor] ['74%', '68%', '100%', '68%']  memcached=210.3%
[monitor] ['74%', '72%', '100%', '69%']  memcached=214.7%
[monitor] ['65%', '62%', '100%', '62%']  memcached=189.0%
[monitor] ['67%', '62%', '100%', '61%']  memcached=189.7%
[monitor] ['68%', '64%', '100%', '62%']  memcached=194.1%
[monitor] ['66%', '62%', '100%', '62%']  memcached=190.9%
[monitor] ['66%', '66%', '100%', '61%']  memcached=192.7%
[monitor] ['68%', '63%', '100%', '62%']  memcached=192.5%
[monitor] ['61%', '56%', '100%', '59%']  memcached=175.9%
[monitor] ['51%', '50%', '100%', '46%']  memcached=147.5%
[monitor] ['51%', '48%', '100%', '46%']  memcached=145.1%
[monitor] ['50%', '46%', '100%', '46%']  memcached=142.7%
[monitor] ['54%', '52%', '100%', '49%']  memcached=154.8%
[monitor] ['55%', '50%', '100%', '49%']  memcached=153.5%
[monitor] ['55%', '53%', '100%', '51%']  memcached=159.5%
[monitor] ['53%', '50%', '100%', '49%']  memcached=152.3%
[monitor] ['52%', '50%', '100%', '50%']  memcached=152.4%
[monitor] ['53%', '50%', '100%', '50%']  memcached=153.5%
[monitor] ['56%', '57%', '100%', '56%']  memcached=170.0%
[monitor] ['74%', '69%', '100%', '68%']  memcached=212.0%
[monitor] ['73%', '69%', '100%', '68%']  memcached=210.6%
[monitor] ['71%', '69%', '100%', '64%']  memcached=204.4%
[monitor] ['51%', '49%', '100%', '50%']  memcached=149.9%
[monitor] ['52%', '50%', '100%', '51%']  memcached=153.5%
[monitor] ['52%', '50%', '100%', '49%']  memcached=151.2%
[monitor] ['68%', '65%', '100%', '62%']  memcached=195.0%
[monitor] ['72%', '68%', '100%', '68%']  memcached=206.8%
[monitor] ['73%', '71%', '100%', '68%']  memcached=211.5%
[monitor] ['70%', '67%', '100%', '67%']  memcached=203.3%
[monitor] ['68%', '68%', '100%', '65%']  memcached=200.9%
[monitor] ['70%', '67%', '100%', '65%']  memcached=201.7%
[monitor] ['67%', '66%', '100%', '64%']  memcached=196.6%
[monitor] ['63%', '59%', '100%', '57%']  memcached=179.9%
[monitor] ['63%', '60%', '100%', '58%']  memcached=181.3%
[monitor] ['62%', '57%', '100%', '59%']  memcached=178.5%
[monitor] ['59%', '56%', '100%', '54%']  memcached=168.5%
[monitor] ['56%', '56%', '100%', '54%']  memcached=165.9%
[monitor] ['59%', '56%', '100%', '55%']  memcached=170.4%
[monitor] ['66%', '62%', '100%', '64%']  memcached=192.4%
[monitor] ['80%', '75%', '100%', '73%']  memcached=228.0%
[monitor] ['81%', '78%', '100%', '74%']  memcached=232.6%
[monitor] ['77%', '74%', '100%', '72%']  memcached=222.6%
[monitor] ['48%', '47%', '100%', '45%']  memcached=139.7%
[MEMCACHED] cores updated to: ['0', '3']
[streamcluster] cores updated to: [1, 2]
[monitor] ['56%', '87%', '91%', '53%']  memcached=109.0%
[monitor] ['54%', '80%', '97%', '56%']  memcached=109.9%
[monitor] ['76%', '77%', '97%', '82%']  memcached=157.5%
[monitor] ['85%', '93%', '93%', '93%']  memcached=178.6%
[MEMCACHED] cores updated to: ['0', '2', '3']
[streamcluster] cores updated to: [1]
[monitor] ['76%', '100%', '79%', '76%']  memcached=230.3%
[monitor] ['74%', '100%', '74%', '71%']  memcached=218.4%
[monitor] ['72%', '100%', '72%', '66%']  memcached=210.0%
[monitor] ['71%', '100%', '72%', '68%']  memcached=210.8%
[monitor] ['69%', '100%', '72%', '67%']  memcached=207.7%
[monitor] ['72%', '100%', '70%', '68%']  memcached=209.3%
[monitor] ['72%', '100%', '74%', '69%']  memcached=215.4%
[monitor] ['74%', '100%', '70%', '67%']  memcached=210.4%
[monitor] ['52%', '100%', '56%', '50%']  memcached=158.1%
[monitor] ['52%', '100%', '49%', '45%']  memcached=146.1%
[monitor] ['50%', '100%', '50%', '45%']  memcached=145.0%
[monitor] ['52%', '100%', '56%', '49%']  memcached=156.7%
[monitor] ['60%', '100%', '60%', '56%']  memcached=175.5%
[monitor] ['60%', '100%', '60%', '57%']  memcached=176.5%
[monitor] ['59%', '100%', '57%', '52%']  memcached=168.7%
[monitor] ['44%', '100%', '45%', '42%']  memcached=131.5%
[MEMCACHED] cores updated to: ['0', '3']
[streamcluster] cores updated to: [1, 2]
[monitor] ['59%', '75%', '84%', '57%']  memcached=115.5%
[streamcluster] ended.
[vips] starting in background on cores: [1, 2] with 3 threads.
[monitor] ['58%', '71%', '64%', '51%']  memcached=109.4%
[monitor] ['67%', '67%', '69%', '63%']  memcached=130.6%
[monitor] ['68%', '88%', '56%', '68%']  memcached=136.8%
[monitor] ['70%', '100%', '49%', '68%']  memcached=138.4%
[monitor] ['73%', '100%', '37%', '72%']  memcached=145.2%
[monitor] ['81%', '100%', '12%', '81%']  memcached=161.8%
[MEMCACHED] cores updated to: ['0', '1', '3']
[vips] cores updated to: [2]
[monitor] ['74%', '66%', '100%', '66%']  memcached=205.3%
[monitor] ['69%', '64%', '100%', '62%']  memcached=194.9%
[monitor] ['52%', '47%', '100%', '45%']  memcached=144.1%
[monitor] ['48%', '47%', '100%', '41%']  memcached=135.7%
[MEMCACHED] cores updated to: ['0', '3']
[vips] cores updated to: [1, 2]
[monitor] ['55%', '100%', '100%', '50%']  memcached=104.5%
[monitor] ['79%', '100%', '100%', '90%']  memcached=169.7%
[MEMCACHED] cores updated to: ['0', '2', '3']
[vips] cores updated to: [1]
[monitor] ['79%', '100%', '83%', '79%']  memcached=241.7%
[monitor] ['81%', '100%', '82%', '73%']  memcached=235.9%
[monitor] ['82%', '100%', '85%', '78%']  memcached=245.4%
[monitor] ['83%', '100%', '83%', '76%']  memcached=242.0%
[monitor] ['85%', '100%', '91%', '80%']  memcached=256.2%
[monitor] ['73%', '100%', '74%', '71%']  memcached=217.6%
[monitor] ['48%', '100%', '48%', '43%']  memcached=138.5%
[MEMCACHED] cores updated to: ['0', '3']
[vips] cores updated to: [1, 2]
[monitor] ['71%', '100%', '100%', '64%']  memcached=134.7%
[monitor] ['53%', '100%', '100%', '55%']  memcached=108.8%
[monitor] ['53%', '100%', '100%', '49%']  memcached=102.0%
[monitor] ['50%', '100%', '100%', '50%']  memcached=100.0%
[monitor] ['51%', '100%', '100%', '49%']  memcached=99.9%
[monitor] ['61%', '100%', '100%', '65%']  memcached=126.0%
[monitor] ['72%', '100%', '100%', '83%']  memcached=154.7%
[monitor] ['76%', '100%', '100%', '78%']  memcached=153.5%
[monitor] ['74%', '100%', '100%', '70%']  memcached=144.0%
[monitor] ['69%', '100%', '100%', '64%']  memcached=133.3%
[monitor] ['64%', '100%', '100%', '63%']  memcached=127.7%
[monitor] ['67%', '100%', '100%', '62%']  memcached=128.6%
[monitor] ['64%', '100%', '100%', '67%']  memcached=131.0%
[monitor] ['68%', '100%', '100%', '64%']  memcached=132.5%
[monitor] ['72%', '100%', '100%', '62%']  memcached=135.0%
[monitor] ['68%', '100%', '97%', '70%']  memcached=138.3%
[monitor] ['72%', '100%', '100%', '75%']  memcached=146.8%
[monitor] ['79%', '100%', '100%', '69%']  memcached=148.6%
[monitor] ['68%', '100%', '100%', '65%']  memcached=133.3%
[monitor] ['67%', '100%', '100%', '84%']  memcached=151.1%
[monitor] ['57%', '100%', '100%', '100%']  memcached=157.1%
[monitor] ['56%', '100%', '100%', '100%']  memcached=155.6%
[monitor] ['71%', '100%', '100%', '100%']  memcached=170.7%
[MEMCACHED] cores updated to: ['0', '1', '3']
[vips] cores updated to: [2]
[monitor] ['60%', '60%', '100%', '100%']  memcached=220.0%
[monitor] ['60%', '57%', '100%', '100%']  memcached=217.5%
[monitor] ['95%', '60%', '100%', '62%']  memcached=217.7%
[monitor] ['100%', '59%', '100%', '59%']  memcached=217.5%
[monitor] ['100%', '61%', '100%', '60%']  memcached=221.0%
[monitor] ['100%', '63%', '100%', '63%']  memcached=226.8%
[monitor] ['67%', '74%', '100%', '92%']  memcached=232.9%
[monitor] ['67%', '82%', '100%', '82%']  memcached=231.2%
[monitor] ['92%', '67%', '100%', '76%']  memcached=234.6%
[monitor] ['100%', '64%', '100%', '52%']  memcached=216.8%
[monitor] ['79%', '74%', '100%', '51%']  memcached=204.0%
[monitor] ['56%', '100%', '100%', '52%']  memcached=208.6%
[monitor] ['55%', '100%', '100%', '55%']  memcached=209.5%
[monitor] ['57%', '100%', '100%', '55%']  memcached=211.6%
[monitor] ['56%', '100%', '100%', '54%']  memcached=209.5%
[monitor] ['62%', '100%', '100%', '59%']  memcached=221.5%
[monitor] ['77%', '100%', '100%', '74%']  memcached=251.4%
[monitor] ['78%', '100%', '100%', '71%']  memcached=248.6%
[monitor] ['77%', '97%', '100%', '76%']  memcached=250.1%
[monitor] ['87%', '53%', '100%', '65%']  memcached=205.4%
[monitor] ['53%', '52%', '100%', '100%']  memcached=205.9%
[monitor] ['52%', '54%', '100%', '100%']  memcached=206.2%
[monitor] ['52%', '51%', '100%', '100%']  memcached=203.7%
[monitor] ['55%', '49%', '100%', '100%']  memcached=203.5%
[monitor] ['57%', '54%', '100%', '100%']  memcached=210.5%
[monitor] ['48%', '50%', '100%', '100%']  memcached=197.6%
[monitor] ['45%', '44%', '100%', '100%']  memcached=189.4%
[monitor] ['46%', '40%', '100%', '100%']  memcached=186.1%
[monitor] ['47%', '43%', '100%', '100%']  memcached=189.4%
[monitor] ['74%', '73%', '100%', '100%']  memcached=247.3%
[monitor] ['75%', '74%', '100%', '100%']  memcached=248.7%
[monitor] ['97%', '72%', '100%', '77%']  memcached=246.7%
[monitor] ['100%', '59%', '100%', '55%']  memcached=213.5%
[monitor] ['74%', '51%', '100%', '79%']  memcached=204.2%
[monitor] ['53%', '53%', '100%', '100%']  memcached=207.0%
[monitor] ['67%', '53%', '100%', '89%']  memcached=209.8%
[monitor] ['100%', '55%', '100%', '55%']  memcached=209.3%
[monitor] ['68%', '55%', '100%', '52%']  memcached=175.0%
[monitor] ['55%', '54%', '100%', '52%']  memcached=160.8%
[monitor] ['60%', '52%', '100%', '55%']  memcached=167.3%
[monitor] ['57%', '55%', '100%', '54%']  memcached=165.6%
[monitor] ['57%', '54%', '100%', '55%']  memcached=165.2%
[monitor] ['64%', '63%', '100%', '61%']  memcached=188.7%
[monitor] ['68%', '62%', '100%', '60%']  memcached=190.0%
[monitor] ['65%', '63%', '100%', '62%']  memcached=190.3%
[monitor] ['57%', '55%', '100%', '50%']  memcached=161.9%
[monitor] ['47%', '43%', '100%', '44%']  memcached=133.7%
[MEMCACHED] cores updated to: ['0', '3']
[vips] cores updated to: [1, 2]
[monitor] ['50%', '100%', '100%', '52%']  memcached=102.2%
[monitor] ['56%', '100%', '100%', '54%']  memcached=110.6%
[monitor] ['67%', '100%', '100%', '71%']  memcached=137.7%
[monitor] ['66%', '100%', '100%', '72%']  memcached=137.6%
[monitor] ['68%', '100%', '100%', '70%']  memcached=138.3%
[monitor] ['62%', '100%', '100%', '63%']  memcached=124.7%
[monitor] ['62%', '100%', '100%', '58%']  memcached=120.4%
[monitor] ['60%', '100%', '100%', '60%']  memcached=120.9%
[monitor] ['52%', '100%', '100%', '59%']  memcached=111.0%
[monitor] ['50%', '100%', '100%', '51%']  memcached=101.1%
[monitor] ['51%', '100%', '100%', '51%']  memcached=102.1%
[monitor] ['54%', '100%', '100%', '50%']  memcached=104.2%
[monitor] ['68%', '100%', '100%', '67%']  memcached=134.2%
[monitor] ['69%', '100%', '100%', '64%']  memcached=133.3%
[monitor] ['69%', '100%', '100%', '64%']  memcached=133.5%
[monitor] ['72%', '100%', '100%', '74%']  memcached=146.9%
[monitor] ['72%', '100%', '100%', '80%']  memcached=152.5%
[monitor] ['69%', '100%', '100%', '85%']  memcached=154.1%
[monitor] ['76%', '100%', '100%', '90%']  memcached=166.6%
[MEMCACHED] cores updated to: ['0', '2', '3']
[vips] cores updated to: [1]
[monitor] ['73%', '100%', '74%', '70%']  memcached=217.5%
[monitor] ['73%', '100%', '71%', '69%']  memcached=213.0%
[monitor] ['73%', '100%', '76%', '72%']  memcached=220.9%
[monitor] ['80%', '100%', '85%', '76%']  memcached=241.8%
[monitor] ['86%', '100%', '85%', '77%']  memcached=247.7%
[monitor] ['83%', '100%', '88%', '77%']  memcached=248.2%
[monitor] ['63%', '100%', '65%', '60%']  memcached=188.4%
[monitor] ['60%', '100%', '63%', '59%']  memcached=181.3%
[monitor] ['60%', '100%', '63%', '59%']  memcached=181.8%
[monitor] ['69%', '100%', '68%', '65%']  memcached=202.7%
[monitor] ['76%', '100%', '79%', '73%']  memcached=228.2%
[monitor] ['74%', '100%', '78%', '71%']  memcached=222.5%
[monitor] ['74%', '100%', '76%', '69%']  memcached=218.6%
[monitor] ['60%', '100%', '62%', '57%']  memcached=179.5%
[monitor] ['63%', '100%', '59%', '57%']  memcached=179.3%
[monitor] ['60%', '100%', '60%', '58%']  memcached=177.2%
[monitor] ['48%', '100%', '47%', '38%']  memcached=132.1%
[MEMCACHED] cores updated to: ['0', '3']
[vips] cores updated to: [1, 2]
[monitor] ['52%', '100%', '100%', '50%']  memcached=102.1%
[monitor] ['50%', '100%', '100%', '52%']  memcached=102.1%
[monitor] ['60%', '100%', '100%', '62%']  memcached=122.4%
[monitor] ['67%', '100%', '100%', '80%']  memcached=146.7%
[monitor] ['70%', '100%', '100%', '79%']  memcached=148.9%
[monitor] ['72%', '100%', '100%', '75%']  memcached=146.8%
[monitor] ['68%', '100%', '100%', '71%']  memcached=139.0%
[monitor] ['68%', '100%', '100%', '70%']  memcached=137.8%
[monitor] ['68%', '100%', '100%', '68%']  memcached=135.0%
[monitor] ['61%', '100%', '100%', '67%']  memcached=128.0%
[monitor] ['62%', '100%', '100%', '66%']  memcached=127.8%
[monitor] ['63%', '100%', '100%', '63%']  memcached=126.2%
[monitor] ['54%', '100%', '100%', '52%']  memcached=106.7%
[monitor] ['46%', '100%', '100%', '44%']  memcached=90.1%
[monitor] ['48%', '100%', '100%', '43%']  memcached=91.4%
[monitor] ['54%', '100%', '100%', '50%']  memcached=104.3%
[monitor] ['61%', '100%', '100%', '60%']  memcached=120.9%
[monitor] ['64%', '100%', '100%', '59%']  memcached=122.2%
[monitor] ['62%', '100%', '100%', '60%']  memcached=122.4%
[monitor] ['70%', '100%', '100%', '76%']  memcached=146.3%
[monitor] ['69%', '100%', '100%', '77%']  memcached=146.4%
[monitor] ['79%', '100%', '100%', '70%']  memcached=148.9%
[monitor] ['64%', '100%', '100%', '60%']  memcached=124.9%
[monitor] ['54%', '100%', '100%', '54%']  memcached=108.7%
[monitor] ['52%', '100%', '100%', '57%']  memcached=108.7%
[monitor] ['59%', '100%', '100%', '59%']  memcached=117.6%
[monitor] ['76%', '100%', '100%', '94%']  memcached=170.1%
[MEMCACHED] cores updated to: ['0', '1', '3']
[vips] cores updated to: [2]
[monitor] ['76%', '76%', '100%', '69%']  memcached=222.1%
[monitor] ['74%', '69%', '100%', '71%']  memcached=214.8%
[monitor] ['65%', '64%', '100%', '62%']  memcached=191.6%
[monitor] ['65%', '63%', '100%', '60%']  memcached=188.5%
[monitor] ['66%', '61%', '100%', '61%']  memcached=187.8%
[monitor] ['51%', '49%', '100%', '49%']  memcached=148.7%
[monitor] ['45%', '37%', '100%', '37%']  memcached=119.1%
[MEMCACHED] cores updated to: ['0', '3']
[vips] cores updated to: [1, 2]
[monitor] ['49%', '100%', '100%', '47%']  memcached=95.6%
[monitor] ['60%', '100%', '100%', '55%']  memcached=114.3%
[monitor] ['100%', '100%', '100%', '86%']  memcached=185.7%
[MEMCACHED] cores updated to: ['0', '2', '3']
[vips] cores updated to: [1]
[monitor] ['88%', '100%', '94%', '87%']  memcached=269.1%
[monitor] ['83%', '100%', '85%', '77%']  memcached=245.3%
[monitor] ['70%', '100%', '77%', '40%']  memcached=186.5%
[monitor] ['45%', '100%', '100%', '44%']  memcached=189.6%
[monitor] ['47%', '100%', '100%', '41%']  memcached=188.1%
[monitor] ['64%', '100%', '100%', '62%']  memcached=225.6%
[monitor] ['78%', '100%', '100%', '72%']  memcached=250.6%
[monitor] ['78%', '100%', '100%', '76%']  memcached=254.1%
[monitor] ['68%', '100%', '100%', '62%']  memcached=230.0%
[monitor] ['52%', '100%', '100%', '44%']  memcached=196.1%
[monitor] ['48%', '100%', '100%', '46%']  memcached=194.0%
[monitor] ['50%', '100%', '100%', '46%']  memcached=196.3%
[monitor] ['62%', '100%', '88%', '73%']  memcached=223.0%
[monitor] ['86%', '100%', '64%', '75%']  memcached=225.0%
[monitor] ['100%', '100%', '62%', '58%']  memcached=220.4%
[monitor] ['100%', '100%', '68%', '66%']  memcached=234.1%
[monitor] ['100%', '100%', '70%', '69%']  memcached=239.5%
[monitor] ['76%', '100%', '72%', '66%']  memcached=213.9%
[monitor] ['76%', '100%', '78%', '70%']  memcached=224.3%
[monitor] ['83%', '100%', '85%', '79%']  memcached=247.1%
[monitor] ['82%', '100%', '83%', '79%']  memcached=244.1%
[monitor] ['79%', '100%', '81%', '75%']  memcached=234.5%
[monitor] ['76%', '100%', '76%', '72%']  memcached=225.1%
[monitor] ['74%', '100%', '76%', '69%']  memcached=219.9%
[monitor] ['75%', '100%', '77%', '71%']  memcached=223.6%
[monitor] ['81%', '100%', '81%', '74%']  memcached=235.5%
[monitor] ['88%', '100%', '91%', '81%']  memcached=260.0%
[monitor] ['91%', '100%', '91%', '85%']  memcached=266.4%
[monitor] ['82%', '100%', '82%', '76%']  memcached=240.4%
[monitor] ['78%', '100%', '81%', '74%']  memcached=232.6%
[monitor] ['78%', '100%', '78%', '74%']  memcached=230.4%
[monitor] ['76%', '100%', '76%', '70%']  memcached=222.3%
[monitor] ['50%', '100%', '53%', '46%']  memcached=149.7%
[monitor] ['52%', '100%', '48%', '45%']  memcached=144.9%
[monitor] ['51%', '100%', '52%', '47%']  memcached=149.9%
[monitor] ['64%', '100%', '64%', '62%']  memcached=189.9%
[monitor] ['72%', '100%', '71%', '66%']  memcached=208.6%
[monitor] ['76%', '100%', '75%', '70%']  memcached=221.6%
[monitor] ['78%', '100%', '75%', '72%']  memcached=224.6%
[monitor] ['81%', '100%', '83%', '78%']  memcached=241.2%
[monitor] ['82%', '100%', '85%', '74%']  memcached=241.9%
[monitor] ['78%', '100%', '81%', '74%']  memcached=233.1%
[monitor] ['61%', '100%', '61%', '59%']  memcached=180.5%
[monitor] ['63%', '100%', '63%', '57%']  memcached=182.7%
[monitor] ['62%', '100%', '64%', '56%']  memcached=183.2%
[monitor] ['47%', '100%', '48%', '44%']  memcached=138.1%
[MEMCACHED] cores updated to: ['0', '3']
[vips] cores updated to: [1, 2]
[monitor] ['48%', '100%', '100%', '49%']  memcached=96.9%
[monitor] ['54%', '100%', '100%', '48%']  memcached=101.9%
[monitor] ['55%', '100%', '100%', '57%']  memcached=111.4%
[monitor] ['69%', '100%', '100%', '68%']  memcached=137.3%
[monitor] ['68%', '100%', '100%', '68%']  memcached=135.9%
[monitor] ['60%', '100%', '100%', '63%']  memcached=123.2%
[monitor] ['7%', '100%', '100%', '6%']  memcached=13.1%
[MEMCACHED] cores updated to: ['0']
[vips] cores updated to: [1, 2, 3]
[monitor] ['0%', '100%', '100%', '100%']  memcached=0.0%
[monitor] ['3%', '100%', '100%', '100%']  memcached=3.2%
[monitor] ['3%', '100%', '100%', '100%']  memcached=3.3%
[monitor] ['3%', '100%', '100%', '100%']  memcached=3.2%
[monitor] ['0%', '100%', '100%', '100%']  memcached=0.0%
[monitor] ['3%', '100%', '100%', '100%']  memcached=3.2%
[monitor] ['3%', '100%', '100%', '100%']  memcached=3.3%
[monitor] ['0%', '100%', '100%', '100%']  memcached=0.0%
[monitor] ['0%', '100%', '100%', '100%']  memcached=0.0%
[monitor] ['0%', '100%', '100%', '100%']  memcached=0.0%
[monitor] ['3%', '100%', '100%', '100%']  memcached=3.2%
[monitor] ['3%', '100%', '100%', '100%']  memcached=3.2%
[monitor] ['17%', '34%', '77%', '62%']  memcached=17.2%
[vips] ended.
[MEMCACHED] cores updated to: ['0', '1', '2', '3']
