Random waveform, supplied seed
Total number of intervals = 1450 (6927, 52892, 98921, 61129, 40613, 53226, 38560, 103465, 104758, 94759, 37799, 8296, 69443, 12517, 43591, 20430, 93758, 10485, 16518, 83230, 5484, 55611, 20774, 96726, 32442, 73039, 74055, 51197, 59442, 35654, 78747, 42212, 52488, 36950, 16762, 79473, 61431, 87172, 108181, 80515, 37149, 13444, 72057, 70041, 90162, 52082, 24258, 72013, 58012, 45398, 50177, 34504, 66010, 73937, 55020, 53235, 97743, 5419, 14764, 7451, 48208, 16149, 78989, 18886, 75954, 44409, 16431, 85707, 58253, 103867, 21604, 90401, 84467, 99700, 32052, 18173, 67789, 51929, 83850, 18614, 29315, 108090, 27024, 49907, 9150, 34328, 51881, 14569, 81517, 78694, 93409, 39093, 18729, 70818, 21942, 91810, 39588, 40957, 62645, 15539, 107672, 32954, 58866, 23739, 54701, 60706, 72350, 58661, 34912, 103268, 38703, 83358, 57408, 86837, 33517, 66204, 73758, 99742, 109462, 94453, 44096, 100467, 8576, 59359, 7614, 60329, 43762, 67038, 26095, 71173, 109276, 13150, 61250, 84472, 82226, 27671, 98736, 106314, 105027, 96867, 89493, 50538, 22083, 48618, 94298, 63579, 64573, 77178, 29824, 64495, 20917, 85651, 61935, 50216, 72251, 71798, 19701, 24952, 81838, 26648, 24837, 29420, 103882, 70314, 61679, 49557, 19325, 9128, 94933, 24327, 71896, 93771, 20452, 42338, 72627, 80603, 49049, 92305, 56889, 78036, 71583, 72609, 107382, 86530, 16550, 84534, 72631, 49291, 62175, 80213, 16566, 53985, 101949, 24076, 52574, 106271, 105451, 86087, 29108, 101115, 74326, 75832, 94901, 15809, 28874, 51882, 32653, 41676, 63019, 99164, 47055, 62394, 98519, 32122, 49464, 24034, 77363, 91698, 38997, 86028, 83012, 15024, 56640, 97362, 107412, 65030, 79278, 47544, 105368, 58181, 56960, 14849, 63672, 48289, 11797, 10781, 49362, 102119, 46213, 97025, 18351, 21426, 43013, 67376, 36043, 6255, 102499, 26263, 56974, 40869, 46514, 11431, 58600, 68058, 54502, 64022, 52142, 101375, 40606, 47485, 48977, 38615, 80279, 75843, 67095, 41325, 55752, 85561, 14194, 88002, 90515, 109283, 26699, 37400, 19307, 11527, 83787, 22209, 75169, 73833, 94641, 61338, 91825, 77235, 37257, 32057, 108618, 72930, 43714, 87369, 56640, 97360, 79788, 11352, 87962, 40663, 59386, 48302, 19398, 82197, 77387, 72753, 7720, 46279, 42102, 90892, 39976, 61084, 16735, 45909, 28976, 84704, 101822, 92571, 12106, 58568, 51319, 21556, 14191, 29072, 16350, 86891, 104441, 8906, 42175, 51797, 76678, 19630, 100132, 40498, 108559, 23964, 70760, 99567, 107548, 53742, 103931, 60359, 9725, 52014, 40053, 86436, 23983, 66595, 26056, 51764, 40202, 76665, 11133, 80405, 79106, 97258, 36307, 28636, 41620, 75736, 44979, 31478, 37586, 108330, 64301, 11203, 7291, 87477, 77485, 42055, 26865, 94592, 66869, 17835, 55977, 82437, 15775, 87559, 105401, 88752, 94531, 101303, 86640, 84818, 20221, 43599, 52779, 89855, 48532, 107423, 46535, 47535, 49633, 30334, 17207, 106074, 48912, 96483, 39228, 92350, 85084, 81993, 101617, 16730, 71079, 108942, 55406, 42279, 21876, 34140, 42897, 18462, 100375, 41347, 101594, 47486, 73393, 51134, 58201, 71020, 72071, 93446, 28724, 59269, 74624, 52368, 9687, 44165, 6895, 55457, 61164, 108384, 33319, 97895, 39720, 68554, 86849, 30264, 100754, 98098, 86028, 93054, 42348, 29490, 18187, 95113, 8570, 62285, 52582, 34260, 59493, 58208, 93458, 18056, 94134, 37808, 53481, 25666, 108853, 41576, 70282, 45769, 92383, 12100, 67747, 68933, 63242, 72993, 51022, 67069, 24895, 68588, 42706, 49479, 64792, 73879, 31893, 74262, 57246, 91617, 55173, 108633, 15720, 99961, 102613, 57169, 56950, 49938, 5383, 39719, 36653, 69482, 46749, 65109, 46501, 109480, 69433, 58157, 70737, 34617, 77563, 90036, 36689, 46832, 104903, 14153, 21674, 5689, 37781, 15507, 102064, 71340, 79815, 44352, 109562, 86219, 47335, 41962, 45802, 13389, 95780, 87844, 55903, 100902, 70988, 53831, 26948, 32347, 41050, 56197, 94617, 71839, 79082, 107630, 60164, 97878, 63680, 73888, 65499, 96906, 103287, 49664, 32535, 46477, 7459, 74137, 57061, 34213, 7432, 41605, 32998, 61636, 64695, 14063, 91302, 6064, 41354, 19863, 19488, 14040, 19538, 20199, 106657, 92457, 92780, 68203, 81753, 57748, 21027, 49680, 82042, 93691, 45291, 30437, 67422, 69956, 35404, 80225, 105585, 20088, 12672, 15696, 25951, 65007, 10189, 78008, 12678, 15922, 41774, 38788, 34559, 54825, 42697, 12669, 70047, 96137, 92934, 20597, 66597, 59987, 58456, 59958, 98221, 55912, 39018, 18747, 60013, 85584, 84809, 85435, 94907, 16437, 78505, 77219, 86414, 73427, 100497, 96416, 71637, 33216, 58699, 53809, 72797, 107267, 55877, 70507, 46741, 36507, 30697, 25261, 25212, 33805, 76345, 95558, 28428, 21673, 89018, 46753, 34034, 47329, 56893, 38690, 79988, 107429, 43713, 76624, 71700, 40703, 95489, 18531, 99369, 29286, 42988, 69249, 7889, 51783, 38634, 86204, 109534, 45136, 59949, 61681, 76329, 44322, 20698, 84853, 75889, 98396, 53818, 26200, 54761, 12268, 52324, 106440, 7154, 87362, 43716, 26737, 41596, 85490, 77612, 78124, 69632, 39180, 15803, 36987, 19833, 46567, 57368, 36003, 68916, 93229, 46632, 93663, 106418, 60496, 109057, 96861, 86255, 25686, 17483, 29211, 55328, 87592, 23882, 44790, 12236, 42928, 103959, 97347, 68379, 92596, 10055, 29634, 9324, 30076, 100150, 27527, 95171, 40523, 11422, 9200, 42816, 10698, 22301, 48159, 39987, 33067, 62704, 52778, 75981, 74522, 14533, 5566, 78062, 82399, 108638, 93541, 47145, 109796, 26597, 7034, 72616, 13584, 19750, 109139, 15150, 74389, 87266, 108170, 103631, 44587, 66411, 89167, 35723, 85827, 78806, 89641, 14186, 52308, 56743, 38302, 71662, 36015, 65048, 72989, 76390, 24409, 85530, 8346, 69627, 70266, 89525, 70975, 46633, 16963, 109556, 91124, 51505, 93804, 58474, 43487, 61792, 59548, 43635, 27536, 42828, 109424, 78273, 60279, 35178, 67279, 80752, 35012, 7936, 8578, 89696, 5569, 26905, 42389, 84689, 59305, 44512, 72395, 74619, 67302, 57822, 8117, 106178, 25089, 68848, 98941, 78157, 109857, 108875, 86646, 83239, 51061, 89906, 56601, 71203, 95942, 71622, 97182, 27718, 46519, 83197, 79080, 69401, 45684, 18120, 21245, 39039, 67458, 42773, 20690, 63440, 41615, 97229, 86249, 20807, 26130, 30510, 43868, 55324, 20437, 9548, 12101, 72073, 21310, 90755, 51252, 53070, 48181, 97336, 91976, 94742, 66079, 79328, 45235, 35310, 76589, 107175, 78127, 13331, 59382, 87477, 92020, 109297, 42293, 52962, 23492, 12594, 69120, 57144, 57232, 71593, 40799, 29614, 106611, 50009, 47727, 15204, 50703, 60979, 37662, 16932, 100183, 69175, 27515, 106411, 49629, 63537, 88081, 55527, 69558, 60702, 13487, 67037, 8281, 34986, 82336, 101465, 82733, 44752, 104681, 53872, 87376, 70834, 86701, 56054, 106733, 6476, 33857, 15953, 41252, 76853, 32962, 83564, 46260, 46426, 100015, 78102, 24168, 25529, 17342, 71657, 59805, 55558, 79251, 9123, 109516, 41153, 98946, 56315, 92525, 79997, 48998, 67260, 88431, 51359, 60398, 41854, 23797, 83091, 78319, 101978, 97985, 82850, 24622, 99932, 46761, 56274, 24750, 46988, 96633, 32524, 82709, 64734, 44841, 23220, 52173, 87894, 55637, 31153, 30053, 20489, 33457, 16922, 47200, 95934, 42596, 94660, 59804, 37634, 68516, 86478, 101464, 70660, 105480, 41912, 50818, 99610, 99247, 72793, 34890, 49665, 51276, 30810, 42632, 71502, 87471, 95450, 101882, 61422, 36550, 20285, 80275, 99091, 90849, 53477, 67190, 55837, 43938, 73349, 38158, 62627, 21095, 43996, 8918, 19346, 48373, 72207, 57914, 78645, 6581, 25723, 21861, 102729, 15233, 14904, 44168, 49750, 100878, 93330, 75527, 6637, 22677, 69399, 9465, 81491, 68604, 86719, 48219, 105020, 79027, 33669, 9087, 28486, 36839, 46303, 29630, 58735, 15717, 54660, 100453, 84114, 47655, 71572, 97243, 109600, 97814, 46973, 52430, 7146, 64613, 8185, 91736, 50530, 99806, 23088, 39498, 7321, 70463, 55826, 68597, 83723, 93939, 10956, 43150, 61224, 72370, 75062, 66006, 103596, 92033, 10484, 101797, 93004, 55072, 97279, 82336, 94577, 25009, 98952, 62113, 90099, 54206, 36396, 61074, 70494, 44168, 57463, 60314, 105044, 63992, 64734, 38524, 23279, 96010, 68478, 71493, 39521, 73637, 46296, 25879, 11714, 89519, 71339, 63633, 18929, 69661, 8686, 20828, 68811, 108532, 96969, 21773, 90731, 63998, 64446, 32180, 75461, 51464, 47445, 12315, 98965, 71412, 44818, 65032, 10162, 46718, 81555, 93247, 44331, 68373, 99824, 13056, 65920, 28566, 25078, 88903, 108661, 64992, 77433, 15971, 16899, 84638, 35480, 97273, 79139, 25297, 102339, 72458, 90171, 108648, 50499, 103049, 39793, 21064, 40595, 66094, 19325, 13925, 72470, 73495, 86683, 68819, 27253, 105279, 23628, 86180, 28305, 39975, 39392, 9232, 50310, 78444, 92684, 33919, 9652, 84235, 89236, 35182, 29868, 65163, 12137, 61980, 68692, 107979, 44697, 21036, 89648, 38068, 23853, 94618, 79614, 24378, 84735, 90499, 46515, 18830, 83245, 38103, 78351, 11883, 82546, 53356, 21606, 16566, 53192, 108883, 7366, 94850, 93630, 74411, 44291, 18140, 46406, 76568, 67484, 70037, 28245, 95855, 94882, 15781, 77465, 18000, 99573, 99265, 75628, 21273, 99065, 62986, 71174, 26304, 13354, 35658, 39892, 14874, 71766, 106924, 69312, 23069, 31532, 105945, 100442, 7075, 21318, 104020, 78635, 46764, 9723, 13017, 40662, 34465, 46730, 73264, 79688, 108967, 56343, 41842, 19881, 6107, 38731, 31156, 79889, 31951, 105358, 104834, 12457, 72818, 44775, 68489, 52510, 84955, 14282, 87096, 90273, 31352, 19469, 7075, 35529, 84543, 19670, 35779, 80767, 84436, 102570, 64539, 20695, 29052, 109606, 86574, 26386, 30300, 79261, 72798, 23763, 45061, 57867, 28765, 105615, 109800, 92474, 69536, 108847, 37648, 98797, 71781, 45034, 23060, 99559, 78907, 109987, 96463, 14541, 30227, 109068, 73889, 80825, 101968, 28070, 88127, 93037, 85313, 42639, 89688, 77922, 43434, 105109, 104178, 103636, 33841, 65328, 53849, 14112, 65229, 74794, 76657, 92562, 79594, 106208, 94770, 19122, 60408, 98371, 61350, 78813, 5604, 81210, 73960, 28059, 6090, 65353, 55646, 75470, 101368, 20305, 101317, 108543, 81018, 106524, 50658, 43791, 14504, 47555, 67848, 93337, 82735, 79691, 61855, 61378, 27280, 35620, 32911, 76628, 32305, 74231, 69333, 53526, 43970, 92984, 22716, 86539, 73888, 73554, 26912, 44840, 16966, 51903, 71461, 21248, 98493, 105716, 19488, 16605, 75130, 45842, 48598, 67944, 26800, 49959, 54114, 66577, 39563, 40228, 92385, 35189, 34744, 15082, 87824, 33965, 38138, 42450, 65120, 17329, 56524, 36287, 14642, 53127, 67385, 80362, 105193, 50992, 85438, 50475, 15668, 66984, 57056, 45383, 9044, 39958, 67432, 23503, 89906, 60865, 10097, 104385, 16694, 96807, 23545, 53603, 77963, 99004, 89009, 109606, 94996, 26308, 76851, 105149, 51656, 12606, 56950)
Average QPS expected = 58285
Timestamp start: 1778604944403
Timestamp end: 1778606395128

#type       avg     std     min      p5     p10     p50     p67     p75     p80     p85     p90     p95     p99    p999   p9999      QPS   target
read      270.4    80.0   118.1   171.5   186.5   271.9   293.4   305.4   313.8   322.9   337.2   358.0   417.5   926.5  3066.8   6906.0     6927
read      353.6   161.5    93.8   151.8   170.8   333.5   409.0   450.7   481.5   517.2   560.5   625.3   768.6  1167.4  3471.3  52259.0    52892
read      699.1  1247.2    86.8   207.3   237.2   388.6   470.0   531.2   583.1   651.0   748.9  2882.9  6708.1  8159.3 10171.9  98545.0    98921
read      285.6   139.4    86.8   144.6   160.3   270.7   330.0   357.6   375.9   397.0   422.3   459.8   557.3  1443.2  4523.3  61346.0    61129
read      293.4   121.6    93.8   154.6   171.2   294.4   339.3   359.9   373.0   389.4   407.4   435.6   506.1  1715.0  2988.7  40725.0    40613
read      285.1   100.8    93.8   147.0   163.0   279.1   335.7   361.0   377.4   395.4   417.0   447.4   506.7   657.4  1481.4  52829.0    53226
read      296.2   108.0    93.8   156.2   173.3   299.3   343.1   364.1   378.0   394.1   413.1   438.8   507.1  1375.4  2596.0  38527.0    38560
read      273.5   161.4    86.8   141.8   156.5   251.0   308.3   338.8   360.1   383.5   410.8   453.6   549.2  1076.4  8341.2 103793.0   103465
read      265.5   101.9    86.8   140.1   154.2   245.6   301.6   331.2   352.1   375.0   402.4   442.7   533.0   876.2  1360.6 104987.0   104758
read      271.1   111.8    86.8   141.0   155.5   251.3   309.7   340.0   361.1   384.5   412.3   453.3   540.1   756.3  2157.8  95156.0    94759
read      290.8    92.2    93.8   156.9   173.7   295.7   337.8   358.1   371.5   387.0   403.1   430.3   486.5   578.9  1593.1  37929.0    37799
read      277.3   228.5   109.4   173.8   188.8   267.9   288.9   299.4   308.5   317.5   332.1   355.8   503.0  3854.5  8016.2   8160.0     8296
read      300.4   132.6    86.8   142.4   157.6   275.7   341.0   376.8   403.2   437.4   484.8   549.6   686.6   931.7  1514.1  68581.0    69443
read      280.4   105.3   109.4   175.1   192.1   282.0   306.5   318.4   327.7   338.2   350.6   372.4   429.4   877.0  4718.0  12658.0    12517
read      306.7   121.6    93.8   150.7   166.5   299.3   354.2   383.1   402.0   424.5   453.4   501.6   646.7  1070.6  1722.3  43696.0    43591
read      291.4    99.0   109.4   167.9   185.7   296.4   325.8   340.6   351.1   364.2   379.4   402.9   453.3   603.8  5257.5  20612.0    20430
read      308.1   198.3    86.8   143.2   158.8   266.7   327.1   361.0   385.7   416.0   461.2   587.3  1126.0  2188.3  3652.0  93813.0    93758
read      274.0    98.1   118.1   174.2   190.9   273.4   296.7   309.2   317.1   327.8   341.5   364.1   424.1   939.5  5109.9  10505.0    10485
read      290.6    81.5   101.3   174.1   191.6   294.3   320.6   335.3   344.6   357.9   372.4   397.7   463.4   890.1  1253.1  16393.0    16518
read      293.6   143.5    86.8   141.6   156.9   264.0   326.7   360.5   384.5   412.9   454.7   541.2   780.3  1322.6  2329.4  83166.0    83230
read      261.3   108.3   109.4   175.6   189.1   258.7   277.5   288.9   296.0   307.1   319.2   342.4   407.5   964.2  4922.0   5449.0     5484
read      296.7   132.5    93.8   145.3   160.9   281.7   344.6   376.0   397.5   422.1   453.2   501.2   604.8   792.7  5638.0  54424.0    55611
read      298.9    89.5   109.4   169.4   188.2   301.6   332.3   347.8   361.0   374.3   392.7   421.0   502.9  1312.3  1613.8  20763.0    20774
read      326.8   278.3    86.8   144.8   161.0   269.0   328.8   362.1   386.4   416.6   461.8   630.3  1581.2  2717.6  7464.6  96417.0    96726
read      293.1    95.1    93.8   163.1   179.3   298.2   335.1   352.9   364.7   377.5   394.8   420.8   482.1   977.3  2033.3  32310.0    32442
read      274.3   109.6    86.8   139.4   153.8   255.1   319.2   350.1   370.3   392.4   418.8   457.3   542.8   730.5  2016.7  72660.0    73039
read      274.5   105.5    86.8   140.1   154.6   256.7   318.8   349.1   369.4   391.5   417.9   457.0   545.3   707.4  1801.3  74230.0    74055
read      289.5   112.8    93.8   150.3   166.8   283.5   339.6   364.8   381.2   398.8   421.2   452.3   509.0   623.9  3910.2  51409.0    51197
read      282.0   117.1    86.8   142.0   157.1   268.6   330.9   359.5   377.6   397.6   422.0   457.4   540.0   740.1  3323.7  59384.0    59442
read      294.2    96.9   101.3   161.0   177.9   299.4   339.7   359.6   372.5   388.1   404.2   430.3   482.2   565.3  1328.8  35591.0    35654
read      272.4   114.3    86.8   138.7   152.8   252.5   314.4   345.5   366.0   389.4   417.8   457.7   540.7   755.7  3144.0  78419.0    78747
read      291.6   117.1    86.8   153.4   170.3   292.3   340.2   362.1   376.2   392.6   411.3   436.5   492.1   599.0  5189.2  42669.0    42212
read      286.8   106.1    86.8   146.8   162.4   279.6   336.3   362.8   380.1   398.4   421.5   454.8   531.0   735.4  1772.0  52630.0    52488
read      297.7    99.6    86.8   162.0   178.2   302.5   345.9   365.8   378.9   393.6   410.9   435.8   492.9   600.7  4423.5  37025.0    36950
read      293.7   101.8   109.4   174.5   191.6   296.0   322.5   337.3   346.6   360.2   374.0   400.2   485.6   951.7  3870.3  16673.0    16762
read      289.2   146.6    86.8   139.6   154.2   261.9   326.2   359.4   382.6   409.3   445.7   515.7   752.5  1219.2  2212.6  79273.0    79473
read      280.4   104.9    86.8   142.1   157.4   268.5   330.3   358.5   376.5   396.2   420.3   454.5   522.0   640.3  1770.5  61309.0    61431
read      268.2   109.9    86.8   138.2   151.9   246.6   308.9   341.4   362.9   386.0   412.9   452.2   536.4   709.1  2595.3  87128.0    87172
read      277.9   145.5    86.8   143.8   159.4   257.2   313.4   343.2   364.3   387.6   416.0   460.2   572.5  1195.4  7059.6 108315.0   108181
read      272.6   109.9    86.8   140.4   154.5   252.9   314.2   345.2   366.2   389.3   416.8   456.7   546.0   716.6  1017.3  80417.0    80515
read      292.6    91.5   101.3   157.9   174.3   297.9   340.2   360.3   372.9   388.5   404.6   431.2   477.0   602.8  2110.7  37333.0    37149
read      277.9    79.2   109.4   173.1   190.1   279.7   304.7   316.4   325.3   337.0   350.2   372.3   426.4   962.5  2314.4  13485.0    13444
read      302.2   148.8    86.8   141.7   156.7   275.8   341.1   378.3   404.8   438.4   486.7   556.4   706.7  1291.1  3356.6  71864.0    72057
read      305.5   167.7    86.8   140.8   156.1   277.6   341.9   378.7   404.7   440.1   488.6   564.7   737.8  1597.6  4397.0  70057.0    70041
read      280.0   145.2    86.8   139.5   153.9   251.1   311.4   343.1   365.9   391.5   423.1   477.4   765.3  1656.1  3088.5  90022.0    90162
read      284.8   114.5    93.8   148.1   163.1   278.9   334.6   360.1   376.5   394.5   416.1   446.0   502.5   601.7  5235.6  51815.0    52082
read      285.9    72.8   101.3   166.8   183.6   294.4   323.5   337.9   347.0   359.8   372.6   395.4   434.7   501.2  1007.9  24369.0    24258
read      275.8   115.4    86.8   140.0   154.3   256.6   321.0   351.8   373.0   395.3   421.4   458.9   540.2   709.5  3905.2  72067.0    72013
read      285.1   138.6    86.8   144.2   159.7   273.2   334.4   362.6   380.8   400.3   424.3   456.6   520.9   735.9  6666.9  58159.0    58012
read      294.2   129.8    93.8   151.7   167.8   289.7   342.2   367.0   383.6   401.2   423.2   453.8   510.7  1402.4  2691.2  45563.0    45398
read      293.6   103.1    93.8   150.1   166.7   288.0   345.9   372.3   389.5   407.6   430.0   461.9   527.1   632.2   925.9  50027.0    50177
read      300.5   104.5   101.3   163.3   181.0   304.5   345.8   366.2   379.7   394.6   412.2   435.6   488.7   663.8  2740.5  34467.0    34504
read      283.4   111.0    93.8   143.2   158.3   266.3   328.7   360.3   381.1   403.2   430.2   469.8   562.6   881.7  1554.4  65665.0    66010
read      282.1   124.2    86.8   142.9   158.2   263.3   325.3   356.7   377.8   400.7   428.2   468.4   569.2   848.8  2357.3  74195.0    73937
read      294.5   110.2    86.8   150.0   165.5   284.8   342.2   370.6   389.3   409.1   433.6   472.8   584.1   873.1  1347.1  55223.0    55020
read      294.2   133.6    93.8   149.5   164.9   283.4   341.7   369.5   387.8   406.7   430.5   467.3   558.7  1244.0  2753.6  53405.0    53235
read      279.6   119.9    86.8   143.2   158.5   258.1   316.8   348.4   370.4   394.8   424.8   468.2   586.5  1127.7  2331.8  97429.0    97743
read      255.9   105.9   109.4   173.8   186.1   255.1   273.7   285.2   292.8   302.1   314.2   335.6   405.4   935.8  6200.8   5440.0     5419
read      288.0   188.9   118.1   172.4   189.9   286.5   310.8   322.9   333.1   343.3   358.0   376.5   430.9  3263.7  8983.3  14512.0    14764
read      260.4    85.2   109.4   171.6   184.9   262.4   282.7   292.9   300.3   310.2   320.1   339.9   381.1   919.0  3666.0   7445.0     7451
read      299.1   129.4    93.8   145.5   161.4   289.1   346.8   377.3   397.2   420.8   450.8   498.4   599.0   820.3  3619.6  47698.0    48208
read      291.0   157.2   109.4   169.4   187.1   289.6   316.8   331.0   340.3   351.2   365.8   388.1   447.9  3214.7  4293.7  16365.0    16149
read      330.4   307.7    86.8   141.4   157.3   278.3   344.3   382.2   409.9   448.6   509.7   638.6  1301.3  3233.2 10021.0  78882.0    78989
read      287.6    83.4   101.3   168.4   185.9   292.6   319.9   334.2   343.2   355.5   370.3   395.0   445.8   890.3  2051.7  19084.0    18886
read      310.3   215.4    86.8   142.6   157.9   275.6   339.2   373.7   399.8   432.6   481.0   567.3   861.2  2584.0  7578.4  75112.0    75954
read      288.1   104.4    93.8   150.2   165.9   287.0   336.7   360.2   375.4   392.5   412.1   439.2   499.2   754.6  1926.7  44591.0    44409
read      287.5    77.4   101.3   172.6   191.3   290.4   316.8   331.2   341.0   353.4   369.8   397.1   461.7   797.1  2092.4  16587.0    16431
read      282.2   134.7    86.8   138.6   152.8   255.2   318.0   350.4   373.2   399.1   432.2   496.5   736.9  1227.4  1704.2  85720.0    85707
read      283.1   118.1    93.8   142.5   158.2   272.6   332.7   359.8   377.6   396.8   420.5   454.8   530.7   672.6  3777.3  58543.0    58253
read      268.6   106.6    86.8   140.4   154.9   250.6   306.5   335.2   355.0   377.5   403.6   444.3   536.8   899.2  1486.6 103787.0   103867
read      288.3    73.2   101.3   169.8   187.6   294.4   322.5   337.2   346.4   359.5   372.9   396.6   445.1   591.5  1094.1  21549.0    21604
read      272.4   115.0    86.8   139.1   153.5   252.0   312.1   343.0   364.0   387.3   415.1   455.9   554.8  1061.6  1702.3  90196.0    90401
read      266.6   102.5    86.8   136.5   150.7   247.9   309.2   339.2   359.5   381.7   407.8   445.3   529.9   707.4  1030.2  84473.0    84467
read      277.0   113.6    86.8   142.3   157.6   258.4   316.6   346.5   367.3   390.6   418.8   460.5   561.5   892.1  3233.5  99848.0    99700
read      290.8    92.7    93.8   159.2   176.2   296.3   333.5   351.5   364.2   377.7   395.5   422.5   480.5   666.2  1484.7  32240.0    32052
read      284.0    76.5   109.4   173.6   189.9   289.4   315.4   328.3   337.0   345.7   361.1   381.5   431.1   853.5  3015.5  18100.0    18173
read      274.9   131.9    86.8   137.9   151.7   258.6   322.1   351.7   371.1   392.5   418.3   456.6   543.1   723.7  1212.5  67470.0    67789
read      287.4   155.2    93.8   146.2   161.9   281.5   336.8   362.5   379.2   396.9   419.0   450.3   510.7   622.5  9688.0  52072.0    51929
read      277.8   141.9    86.8   139.4   154.1   255.7   317.1   347.8   369.0   392.7   421.9   467.0   589.8   998.7  6079.8  83901.0    83850
read      292.0   139.6   109.4   171.9   190.0   293.8   319.6   334.0   343.4   355.4   369.1   392.7   447.2  2573.1  4796.6  18751.0    18614
read      292.5    93.5   101.3   164.5   181.1   299.0   335.0   352.0   363.5   375.2   392.8   416.6   466.5   590.0  1892.4  29143.0    29315
read      274.7   124.0    86.8   141.7   157.1   255.2   311.6   341.3   362.2   385.7   414.5   458.3   564.4   911.7  3245.1 108000.0   108090
read      287.9    85.1    93.8   163.1   180.3   295.6   327.6   342.8   354.1   366.6   382.3   403.6   459.7   550.4  1001.0  27125.0    27024
read      285.5   137.2    86.8   144.8   160.7   279.9   334.0   359.1   375.4   393.7   415.5   447.0   511.2   713.8  7538.3  49864.0    49907
read      266.2    77.3   109.4   172.0   187.4   266.7   289.0   300.1   308.7   317.3   330.7   350.3   422.0   941.1  2321.2   9302.0     9150
read      299.3   125.7    93.8   152.6   169.5   301.5   345.9   368.4   383.7   400.0   422.1   455.2   531.0   841.3  5256.4  34480.0    34328
read      294.8   116.9    93.8   141.4   156.8   283.6   344.5   375.3   396.1   420.5   451.7   499.3   591.7   793.0  1381.8  52138.0    51881
read      283.3    70.6   109.4   171.1   189.1   287.9   314.7   328.1   337.4   346.7   362.5   383.6   434.5   612.5  1001.5  14622.0    14569
read      288.8   173.6    86.8   139.9   154.8   261.7   323.5   356.3   379.2   405.5   443.3   510.8   705.5  1345.4  8007.1  80948.0    81517
read      270.8   111.5    93.8   137.4   151.2   251.7   314.4   345.5   366.4   388.9   415.2   453.7   537.5   686.6  2124.8  78396.0    78694
read      264.6   110.7    86.8   135.5   149.8   243.7   302.4   332.7   353.4   376.5   404.1   446.1   540.4   979.5  1994.5  93303.0    93409
read      285.8    94.0    93.8   151.1   167.5   288.7   332.6   352.6   366.4   381.9   399.7   427.8   484.2   579.3  2294.3  39259.0    39093
read      281.7    76.1   109.4   169.1   186.1   285.9   313.5   327.1   336.4   345.7   361.5   382.9   434.2   971.2  2220.9  18797.0    18729
read      279.8   159.5    86.8   140.8   155.2   259.2   321.8   352.6   373.1   395.5   423.3   462.7   569.2  1383.1  4479.6  70648.0    70818
read      285.4    81.9   101.3   168.2   185.8   289.9   318.3   333.3   343.0   355.8   370.6   394.7   439.7   821.9  2006.8  21988.0    21942
read      270.4   111.8    86.8   138.6   152.6   249.8   310.6   341.6   362.9   386.3   414.2   455.1   547.5   823.5  2601.6  91284.0    91810
read      288.3    93.4    93.8   151.4   167.6   292.1   336.8   357.8   371.5   387.9   405.4   433.3   488.4   590.1  1558.1  39809.0    39588
read      286.9    98.3    93.8   150.8   167.0   289.2   335.5   357.2   371.3   387.6   404.5   433.8   491.9   582.8  1183.7  41618.0    40957
read      278.0   121.9    86.8   140.0   154.3   264.7   326.6   354.8   372.7   393.0   417.2   452.1   530.4   720.6  4367.9  62707.0    62645
read      281.0    81.5   101.3   171.4   188.5   283.9   310.0   322.8   333.1   343.4   359.1   381.9   437.3   632.3  1163.7  15617.0    15539
read      362.9   356.2    86.8   149.4   167.9   290.7   350.4   384.5   409.9   444.9   500.8   733.1  2214.2  3401.1  7934.3 107956.0   107672
read      290.1    86.2   101.3   159.0   175.5   296.9   334.8   352.6   364.8   378.1   395.7   421.8   471.9   546.4  1733.4  32972.0    32954
read      278.3   101.7    93.8   141.3   156.1   267.9   328.3   355.5   373.1   393.1   416.6   449.8   517.1   642.5   798.3  58792.0    58866
read      284.5    93.0   101.3   166.4   183.2   289.2   319.5   334.5   344.0   356.7   370.8   394.9   439.2   766.3  3140.2  23841.0    23739
read      280.2   102.3    93.8   141.6   156.5   272.4   330.7   357.0   373.7   392.7   415.3   449.0   521.2   706.1  1080.4  54582.0    54701
read      277.3   135.4    93.8   139.3   153.8   265.3   325.6   353.0   371.4   391.7   415.6   450.3   519.1   669.3  5965.2  60391.0    60706
read      275.0   106.0    86.8   138.8   153.1   258.2   320.5   350.2   371.0   393.4   420.2   459.5   545.3   684.8  1433.8  72830.0    72350
read      278.6   104.9    93.8   140.9   156.0   269.4   329.4   356.0   373.6   393.0   415.8   448.0   506.8   641.9  1205.7  58188.0    58661
read      287.5   115.7    93.8   152.6   169.6   289.7   331.1   349.8   363.4   377.8   396.2   423.4   479.6  1319.2  4241.1  34796.0    34912
read      263.4   107.8    86.8   136.3   150.6   243.3   301.2   331.1   351.9   374.5   401.3   440.6   528.8   735.8  2317.9 103286.0   103268
read      286.6   105.4    93.8   152.0   168.2   290.5   333.7   353.2   366.5   381.5   399.2   426.9   484.0   640.1  4096.1  38497.0    38703
read      266.5   106.0    86.8   136.7   150.4   246.8   308.4   339.7   360.9   383.6   409.5   448.2   531.5   667.8   798.8  83448.0    83358
read      275.9    99.1    86.8   140.7   155.4   266.7   324.8   351.6   369.1   388.9   411.8   444.5   508.1   632.8   914.4  57424.0    57408
read      269.7   119.4    86.8   138.1   152.3   248.8   309.7   341.4   362.4   385.4   412.6   453.8   548.8   743.2  5257.9  86859.0    86837
read      288.0    88.1    93.8   157.2   174.0   294.7   332.6   350.6   363.3   376.6   394.6   419.9   467.8   562.7  1966.2  34048.0    33517
read      273.9   110.4    86.8   138.8   152.7   259.7   321.4   349.8   368.5   389.5   414.2   450.5   527.5   677.4  2237.2  65748.0    66204
read      271.9   105.4    93.8   138.2   152.1   254.7   318.6   348.8   368.6   389.8   414.4   450.6   530.3   661.6  1274.0  73021.0    73758
read      271.2   116.9    80.4   139.9   154.6   250.5   308.4   339.3   360.8   384.9   414.0   456.9   549.9   844.1  2375.4 100017.0    99742
read      271.6   161.3    86.8   139.8   154.8   250.3   304.6   333.9   354.5   377.3   404.4   448.6   550.3  1394.4  7690.2 109787.0   109462
read      266.0   112.5    86.8   135.3   149.8   245.1   303.9   334.4   355.4   378.6   406.2   450.3   548.0  1036.7  1857.5  94438.0    94453
read      287.0   107.8    93.8   148.3   164.1   286.5   337.1   359.7   374.1   391.5   411.3   439.2   504.9   635.0  3904.1  44430.0    44096
read      265.8   111.9    86.8   136.8   151.0   246.0   303.7   334.0   355.0   378.1   404.7   446.2   538.3   803.9  3489.6 100085.0   100467
read      271.9   195.3   101.3   172.9   187.7   265.5   287.8   298.8   307.7   316.6   329.5   346.8   408.9  3518.9  7966.4   8596.0     8576
read      301.8   156.4    86.8   139.1   153.9   278.7   342.6   376.9   402.0   430.8   468.6   533.3   765.7  1690.4  3007.4  58776.0    59359
read      258.5    63.6   109.4   167.7   181.9   260.5   281.2   291.8   299.0   309.2   319.5   342.1   417.0   907.1  1524.9   7678.0     7614
read      303.2   160.6    93.8   140.8   156.3   281.0   345.5   379.4   403.1   431.3   467.7   530.0   706.7  1850.2  2988.9  60349.0    60329
read      299.0   112.4    86.8   145.9   162.5   296.3   349.1   376.1   394.7   416.1   442.8   486.1   574.2   725.3  1702.6  43504.0    43762
read      297.0   149.9    86.8   138.3   153.4   274.8   339.0   374.3   399.5   431.1   472.4   537.1   663.7   914.5  5664.8  67355.0    67038
read      297.8   132.5    93.8   159.2   176.2   302.0   339.1   358.1   370.7   386.7   404.1   433.4   498.5   620.0  7202.5  25979.0    26095
read      296.0   138.5    86.8   138.6   153.2   272.8   337.4   372.2   398.4   431.5   476.2   541.2   667.2   911.0  2312.6  70771.0    71173
read      343.3   326.4    86.8   151.4   169.8   290.8   348.6   381.1   403.8   433.2   473.1   564.0  1916.7  3652.3  7856.9 108964.0   109276
read      274.6    78.2   109.4   170.6   187.6   276.8   300.4   313.0   320.8   333.1   345.7   370.2   427.9   885.1  2968.1  13342.0    13150
read      296.7   137.1    93.8   139.1   153.7   276.5   340.4   374.4   399.0   428.4   467.0   528.3   650.9  1296.2  2684.0  60888.0    61250
read      281.6   141.9    80.4   137.0   151.4   255.3   317.8   349.7   372.0   396.7   428.8   488.6   726.1  1537.0  3812.7  84343.0    84472
read      264.7   104.0    86.8   133.8   147.9   244.6   307.3   338.9   359.5   381.7   407.5   446.1   536.3   724.1  1015.1  82013.0    82226
read      288.3   104.4    86.8   160.9   178.1   293.5   328.2   344.2   356.1   368.8   385.2   404.6   456.7   817.1  2239.4  27745.0    27671
read      276.9   135.4    86.8   141.7   157.3   257.2   314.9   345.0   365.9   389.1   416.9   458.9   557.4  1124.7  5991.0  98937.0    98736
read      286.5   130.4    86.8   145.0   161.3   265.8   324.0   355.4   376.3   400.3   430.7   477.7   614.0  1280.2  3500.6 106832.0   106314
read      278.3   146.4    86.8   141.0   156.4   255.3   312.7   343.0   364.6   388.7   418.2   463.1   589.6  1604.2  4722.5 105290.0   105027
read      267.0   109.1    80.4   136.4   150.9   246.8   305.9   336.7   357.7   380.7   408.0   451.2   544.1   813.9  1903.0  96610.0    96867
read      269.4   119.4    86.8   137.9   151.7   249.1   308.6   339.1   360.2   383.4   409.7   450.2   545.9  1070.1  3333.1  89268.0    89493
read      282.0   106.2    93.8   143.5   159.2   277.6   332.7   357.7   373.7   392.1   413.2   442.3   501.1   606.2  1612.1  50800.0    50538
read      285.7    73.3   109.4   167.5   185.5   291.5   320.4   335.3   344.7   357.7   371.9   395.5   437.0   573.1   973.9  21925.0    22083
read      291.4   194.9    93.8   147.6   163.4   282.7   336.4   361.3   377.7   396.1   418.5   450.9   525.3  1931.9 10038.4  48478.0    48618
read      273.4   155.0    86.8   138.8   152.9   249.3   309.2   340.2   361.6   385.2   413.3   456.9   575.1  1563.9  6261.3  94176.0    94298
read      281.6   130.5    86.8   140.9   155.7   267.4   329.9   358.4   377.5   398.7   424.3   460.6   543.3   807.7  3477.6  63569.0    63579
read      276.5   104.6    86.8   139.7   154.1   261.7   324.7   353.4   372.3   393.2   418.3   455.8   539.9   703.8   871.0  64824.0    64573
read      272.7   122.7    86.8   138.3   152.5   253.8   316.6   346.7   367.3   389.3   415.0   453.8   543.3   722.0  2940.8  77032.0    77178
read      289.8   123.1   101.3   160.9   177.8   294.5   330.6   346.9   359.6   372.4   389.5   411.8   463.6   689.2  6227.9  29496.0    29824
read      274.1   116.6    86.8   138.9   153.4   260.4   322.2   350.5   368.6   388.9   412.3   445.9   519.8   652.3  5574.5  64459.0    64495
read      287.5    96.2   101.3   169.2   187.1   291.8   320.8   335.5   344.7   357.1   370.4   393.0   435.8   915.2  3914.6  20828.0    20917
read      264.3   119.2    86.8   134.9   149.1   243.1   305.4   336.7   357.7   380.1   405.8   443.9   527.1   709.6  1922.1  85203.0    85651
read      278.2   121.2    86.8   140.0   154.6   264.0   324.1   352.6   370.7   391.2   415.5   452.1   543.6  1364.7  2562.9  61838.0    61935
read      284.0   113.4    93.8   143.4   159.5   278.7   334.6   359.6   375.5   394.1   416.5   449.1   518.4   635.7  4149.1  50489.0    50216
read      274.5   127.2    86.8   135.3   149.8   255.2   319.0   348.8   368.7   390.6   416.9   457.0   559.8  1434.9  2939.1  72091.0    72251
read      277.5   124.1    86.8   138.1   152.2   257.4   321.9   353.2   373.5   396.1   423.5   463.8   575.0  1333.9  2324.7  71604.0    71798
read      288.7    73.0   101.3   170.1   187.8   294.8   324.0   338.3   347.4   360.4   373.4   397.1   443.9   563.9  1887.6  19786.0    19701
read      299.6   102.7   101.3   163.8   181.3   304.5   340.4   359.0   371.3   386.1   401.9   428.9   488.3   810.7  4814.6  24830.0    24952
read      311.1   247.0    86.8   140.4   156.4   268.4   333.9   369.7   396.0   429.2   477.2   593.6  1021.0  2327.1  9831.8  82181.0    81838
read      293.3   120.5   101.3   165.1   182.8   297.4   331.7   348.3   360.9   373.5   391.6   416.2   467.3   586.9  5470.0  26759.0    26648
read      293.8    79.4   101.3   168.0   186.7   301.0   332.4   347.3   359.1   370.9   387.5   408.5   452.5   562.0  1924.4  24905.0    24837
read      290.0    79.3    93.8   161.5   178.9   296.9   332.0   348.8   361.2   373.6   391.3   414.6   462.2   530.8   842.8  29491.0    29420
read      286.7   128.7    86.8   145.3   161.7   267.5   323.9   354.3   375.3   399.4   429.4   475.2   592.0  1455.6  3322.7 104472.0   103882
read      272.8   113.1    86.8   136.8   151.0   256.5   320.2   349.6   368.2   389.1   414.2   451.8   531.9   773.0  2563.5  70363.0    70314
read      276.3   107.4    86.8   139.0   153.2   264.4   325.6   354.3   373.0   393.4   417.5   451.8   519.8   682.4  1036.3  61472.0    61679
read      283.0   103.8    86.8   144.1   159.8   279.5   332.9   357.9   374.3   393.2   414.9   444.6   507.1   603.4  2886.0  49628.0    49557
read      287.0   153.6   109.4   169.7   187.0   288.6   315.2   329.1   338.7   349.1   364.6   387.2   435.2  1448.6  7320.6  19313.0    19325
read      270.4   102.9   118.1   174.0   189.0   270.8   293.0   305.0   313.3   321.8   336.1   355.9   404.5   930.5  4590.1   9041.0     9128
read      322.3   257.0    93.8   143.3   159.8   268.8   331.3   365.9   391.5   423.5   473.9   644.9  1373.2  3060.5  6075.0  94204.0    94933
read      288.0    81.3   101.3   165.4   183.3   293.4   324.5   340.0   350.7   364.0   379.2   402.9   457.5   583.7  2351.1  24196.0    24327
read      271.8   110.8    86.8   137.0   151.1   253.4   317.0   346.7   366.6   388.6   414.4   452.1   537.8   946.8  2605.9  72190.0    71896
read      269.5   122.6    86.8   138.2   152.4   247.9   308.4   339.9   361.4   384.8   412.4   454.0   542.8  1026.9  2931.9  93720.0    93771
read      284.5    74.3   109.4   166.0   183.4   288.4   317.4   332.6   342.5   355.5   371.0   396.4   451.4   712.2  1379.7  20634.0    20452
read      299.3   129.0    86.8   146.6   163.1   293.9   347.7   374.7   393.4   414.3   439.8   483.7   583.2   904.8  4958.7  42421.0    42338
read      303.8   159.0    86.8   138.8   154.0   275.7   340.8   377.4   404.9   440.0   489.7   566.1   747.9  1418.9  3399.7  72233.0    72627
read      275.8   132.7    86.8   138.2   151.9   254.2   316.1   346.9   368.4   391.7   420.0   462.0   582.2  1477.2  3462.4  80978.0    80603
read      285.1    96.0    93.8   147.9   163.4   281.7   336.1   360.3   375.6   393.1   413.7   443.2   503.2   621.0   875.3  49271.0    49049
read      272.7   152.0    86.8   139.5   153.7   251.6   310.7   341.9   363.1   386.5   414.4   456.5   567.4   875.8  4488.1  92256.0    92305
read      286.7   132.6    93.8   145.0   161.1   275.5   336.6   364.2   382.3   400.7   424.6   458.2   528.1   765.8  4285.3  57193.0    56889
read      271.8   112.3    80.4   137.0   151.1   252.4   315.8   347.9   369.3   392.1   418.9   457.0   537.6   720.4  1635.5  78565.0    78036
read      270.9   103.8    86.8   136.9   150.7   254.3   317.4   347.4   367.8   389.8   415.3   451.9   525.0   654.6   838.4  71756.0    71583
read      297.5   251.5    86.8   139.8   155.0   265.7   331.2   362.7   383.8   407.0   436.1   487.5   842.5  3134.2  9909.5  72364.0    72609
read      277.0   104.8    86.8   143.9   159.9   259.1   315.9   345.4   366.5   389.6   417.2   458.8   559.4   849.7  1307.0 107716.0   107382
read      275.8   122.6    86.8   139.6   154.1   255.8   318.6   349.9   371.5   394.9   422.4   461.0   545.3   818.7  3411.8  86107.0    86530
read      286.7   202.8   109.4   168.0   185.3   286.8   313.9   327.8   337.6   347.6   364.1   388.1   443.0  1009.4 13096.4  16505.0    16550
read      303.6   236.0    86.8   140.3   155.5   265.8   329.2   363.0   385.8   411.3   447.7   528.5  1014.8  2914.7  7434.5  84620.0    84534
read      272.5   104.4    80.4   136.6   151.3   255.6   319.9   350.5   370.3   391.9   417.3   453.7   529.4   641.7  1511.5  72782.0    72631
read      285.8   109.1    93.8   144.4   160.6   283.5   337.4   362.4   378.7   396.2   417.4   447.0   505.8   587.3  2584.8  49076.0    49291
read      279.6   138.5    86.8   139.1   153.8   267.2   330.0   358.3   376.0   395.9   419.2   451.8   515.2   687.7  6285.6  62003.0    62175
read      274.1   109.0    86.8   138.7   153.0   256.3   320.1   351.1   371.3   393.6   419.6   455.8   530.8   686.4  1087.1  79842.0    80213
read      285.4    71.1   101.3   168.9   186.2   291.1   317.0   330.7   340.0   350.9   366.5   390.7   448.0   853.3  1010.7  16564.0    16566
read      294.6   123.7    86.8   140.5   155.6   282.0   342.7   373.9   395.4   421.2   454.4   505.3   610.1   788.5  1932.3  53850.0    53985
read      304.6   229.6    86.8   143.1   159.3   267.2   325.1   356.0   377.7   402.7   436.3   506.8  1303.8  2462.8  8190.5 102109.0   101949
read      282.7    76.4    93.8   163.7   180.2   288.7   318.1   333.4   343.3   355.6   369.3   392.6   437.0   585.7  1837.0  23999.0    24076
read      279.8    98.3    86.8   142.7   158.2   276.1   332.4   356.8   372.0   389.3   408.3   436.3   495.6   615.4   846.9  52353.0    52574
read      287.6   156.7    86.8   144.3   160.6   266.8   324.2   354.0   374.2   397.5   426.5   471.3   621.6  2030.7  3871.0 106608.0   106271
read      274.6   102.6    80.4   141.9   157.2   257.9   314.8   344.4   364.8   387.7   415.5   456.9   542.3   685.3   849.8 105648.0   105451
read      270.4   115.6    86.8   138.2   152.2   252.4   313.8   343.7   363.8   385.6   410.8   448.6   530.2   673.1  3885.1  86184.0    86087
read      286.2   106.1    93.8   156.2   173.8   292.9   328.1   343.7   355.7   368.8   385.5   406.3   459.0   549.9  4095.3  29274.0    29108
read      281.1   115.3    86.8   144.1   159.9   263.8   322.2   351.6   372.3   395.6   423.8   466.0   570.3   752.5  2029.4 101472.0   101115
read      274.8   107.7    80.4   139.2   153.4   258.0   321.6   351.7   371.2   392.5   417.8   455.3   536.9   682.9  1668.3  74116.0    74326
read      271.9   101.7    86.8   138.5   152.2   256.0   318.6   348.6   367.9   388.9   413.3   450.2   524.7   654.0   790.3  75495.0    75832
read      271.0   102.2    86.8   139.5   154.2   253.2   313.0   343.3   363.3   385.4   411.5   451.0   540.9   723.3   930.4  94922.0    94901
read      283.0    95.8   101.3   168.8   185.5   284.5   313.1   327.3   336.9   346.5   363.6   388.1   451.7  1050.3  3982.3  15922.0    15809
read      299.4    92.8    93.8   160.1   176.5   303.4   343.5   363.4   376.4   393.1   413.1   444.1   508.4   640.8  1927.7  28936.0    28874
read      302.4   153.0    86.8   146.1   161.8   288.0   348.4   378.8   399.9   425.6   458.5   509.0   633.0  1147.1  7415.1  52170.0    51882
read      299.4    98.0    93.8   157.0   173.9   302.0   345.2   367.0   382.1   398.9   420.8   452.6   519.2   634.8  2441.4  32734.0    32653
read      301.5   115.3    86.8   151.5   167.2   298.8   351.7   378.5   396.2   416.7   441.2   480.9   562.2   662.3  2833.1  41602.0    41676
read      302.1   191.5    93.8   140.7   155.8   278.0   341.7   376.9   401.5   432.3   472.7   538.7   678.4  1492.4  7443.5  63296.0    63019
read      343.1   306.4    86.8   147.6   164.3   277.9   336.7   369.5   393.4   423.6   470.4   727.6  1671.5  3262.0  7382.7  99258.0    99164
read      287.1   104.3    86.8   147.9   163.6   287.7   339.0   361.7   376.2   392.7   411.8   438.9   500.9   684.9  3786.2  47319.0    47055
read      277.8   110.1    86.8   140.7   155.5   266.5   327.5   354.6   372.4   392.4   415.9   450.0   515.0   625.3  3133.8  62328.0    62394
read      274.2   104.5    86.8   142.5   157.6   255.8   314.2   344.0   364.7   387.5   414.8   455.0   547.4   788.9  1229.7  98300.0    98519
read      287.4   106.3    93.8   157.0   172.9   293.7   330.6   348.1   360.6   373.1   391.3   416.6   468.8   600.2  3596.0  32462.0    32122
read      282.1   100.0    93.8   145.5   161.6   279.7   333.3   356.7   371.7   388.5   406.5   434.5   495.8   602.5  2379.2  49633.0    49464
read      284.1    82.1   101.3   166.0   182.2   290.9   320.1   334.6   343.7   355.9   369.7   392.9   434.9   558.9  1877.0  23848.0    24034
read      274.9   103.9    86.8   140.1   154.5   259.3   321.2   351.1   370.7   392.4   417.9   454.2   531.5   680.4  1895.5  77472.0    77363
read      272.5   105.6    86.8   141.1   155.8   254.7   313.7   343.8   364.6   387.1   413.0   451.9   530.4   689.9  3103.4  91513.0    91698
read      291.7   106.0    93.8   154.2   171.4   295.7   340.0   360.8   374.0   389.8   406.4   432.3   482.0   663.5  3930.9  39329.0    38997
read      271.0   110.0    86.8   139.1   153.6   252.7   312.7   343.2   364.3   387.3   413.8   451.2   529.8   679.7  1907.6  85701.0    86028
read      273.6   104.1    86.8   139.8   154.4   255.5   317.3   347.6   368.8   391.5   418.6   458.4   538.9   688.9  1086.4  83449.0    83012
read      283.0   102.1   101.3   170.6   188.7   286.0   310.9   322.9   333.0   343.0   358.1   379.3   436.5   910.5  4228.2  15192.0    15024
read      297.2   126.9    93.8   142.7   158.1   280.7   343.6   377.3   400.1   426.9   461.0   513.3   613.2   806.1  2551.1  56209.0    56640
read      292.1   195.9    86.8   141.2   156.2   257.8   316.7   347.1   369.0   394.0   426.4   486.0  1034.3  2517.3  4845.5  97160.0    97362
read      288.3   119.9    86.8   149.9   166.0   270.1   326.6   355.8   375.8   398.9   427.8   471.3   590.9  1331.1  2841.3 107820.0   107412
read      280.3   149.5    93.8   140.9   156.2   266.5   328.3   356.0   373.9   394.1   418.2   453.7   534.7   770.9  5437.8  64949.0    65030
read      272.5   102.2    93.8   139.1   153.3   255.5   317.4   347.1   367.4   389.5   415.6   454.1   536.0   643.1   799.4  79006.0    79278
read      286.9   118.2    93.8   149.8   165.3   284.9   336.8   359.4   373.9   391.0   410.1   436.4   497.2   588.1  4830.7  47854.0    47544
read      283.3   129.7    86.8   148.2   163.7   265.4   321.5   351.2   371.5   394.3   422.4   463.4   560.0   839.3  4783.1 105533.0   105368
read      281.7   111.7    86.8   142.7   157.8   273.1   332.9   359.0   376.1   394.9   417.5   449.8   508.9   623.5  3332.9  58311.0    58181
read      278.1    99.4    93.8   141.8   157.5   270.7   328.5   354.0   370.7   389.3   410.4   439.6   501.2   620.7  1457.2  57206.0    56960
read      277.3    82.9    93.8   171.8   188.9   281.7   305.1   316.2   324.2   335.1   346.0   369.6   424.9   822.6  4845.3  14936.0    14849
read      298.1   138.0    86.8   140.8   155.8   278.0   341.3   374.9   400.3   430.2   468.9   531.2   659.9  1035.3  2844.5  63373.0    63672
read      301.0   131.0    93.8   146.7   162.6   291.3   348.7   377.8   397.8   421.4   451.6   498.6   605.8  1171.1  4535.9  48180.0    48289
read      272.1    62.7   109.4   172.0   188.2   275.6   298.4   310.4   317.9   328.2   340.7   361.5   404.0   844.0  1475.9  11915.0    11797
read      271.7   110.6   118.1   172.2   187.7   271.8   293.5   305.9   314.6   324.7   339.2   362.1   422.6   917.2  4372.9  10750.0    10781
read      298.5   113.3    86.8   147.7   163.4   289.3   347.6   378.6   398.2   421.4   450.4   495.7   589.5   763.6   983.0  48583.0    49362
read      351.8   363.7    86.8   153.3   170.9   287.6   346.0   377.5   401.1   430.4   472.2   590.6  2082.2  3585.3  7898.1 101988.0   102119
read      289.9   142.2    93.8   149.2   165.1   287.2   336.9   360.1   374.9   392.7   413.1   440.5   505.7  1788.2  5094.3  46400.0    46213
read      278.0   105.2    93.8   144.8   160.1   260.7   318.9   349.2   370.4   393.3   420.6   460.3   547.1   732.3  1484.0  97081.0    97025
read      286.0    84.5   101.3   168.9   185.9   290.0   317.3   332.0   341.8   354.1   369.1   393.4   449.9   673.0  3600.6  18196.0    18351
read      291.4    83.0   101.3   165.5   182.9   295.5   326.9   342.4   354.1   367.4   384.6   408.5   467.4   776.8  1951.7  21281.0    21426
read      301.6   109.0    86.8   150.0   166.0   298.6   353.1   379.9   397.3   418.2   444.1   486.6   575.1   761.6   970.9  42723.0    43013
read      307.9   186.5    93.8   142.0   157.0   279.6   344.2   381.0   407.0   439.7   485.2   553.4   736.5  2369.0  6999.2  67343.0    67376
read      303.1   104.2    93.8   155.0   171.8   303.7   350.2   373.6   390.5   408.6   432.3   469.0   551.9   781.6  1916.7  35916.0    36043
read      258.2   174.7   118.1   166.5   179.9   253.8   272.9   283.6   290.6   298.1   312.5   335.7   418.5  2256.5  7947.6   6355.0     6255
read      356.9   412.7    86.8   149.8   166.9   285.4   344.7   377.5   400.8   430.3   472.1   585.9  2597.1  4682.6  8064.2 101051.0   102499
read      288.1   112.8   101.3   165.6   182.0   295.9   325.4   339.9   349.7   362.4   375.5   398.7   439.5   618.9  5202.0  26443.0    26263
read      281.5   123.0    93.8   143.6   159.1   273.0   331.2   356.8   373.5   392.2   414.1   444.8   502.6   656.7  4005.5  56580.0    56974
read      286.8   100.3    93.8   152.1   167.6   291.7   335.1   354.9   368.1   383.6   401.2   428.5   479.8   589.8  2362.1  40775.0    40869
read      283.1    95.1    86.8   147.0   162.6   284.3   333.4   356.0   371.1   388.0   405.9   433.9   491.8   569.2   795.3  46763.0    46514
read      270.7    86.2   109.4   172.6   188.8   273.1   294.8   306.4   313.9   321.7   336.2   356.0   402.3   907.9  2028.8  11593.0    11431
read      298.7   128.6    86.8   142.6   157.7   281.0   343.7   377.7   401.4   429.9   467.7   526.7   638.2   897.0  1375.2  58616.0    58600
read      309.3   174.3    93.8   142.1   157.7   279.2   344.4   382.4   410.1   445.2   491.5   563.9   766.1  2103.6  3614.2  67900.0    68058
read      302.8   185.7    93.8   142.4   157.4   282.7   343.9   376.0   397.3   423.2   457.2   509.4   642.0  2754.4  4059.4  54463.0    54502
read      308.3   207.2    93.8   140.0   155.1   280.2   343.9   379.6   404.2   434.9   477.9   545.1   725.6  3144.8  5101.3  64379.0    64022
read      296.7   121.9    93.8   142.0   157.4   286.0   346.4   377.6   398.3   423.1   455.0   504.4   600.5   781.4  2968.8  52163.0    52142
read      319.0   306.9    86.8   143.3   159.5   269.5   327.7   359.1   381.5   407.6   447.7   542.5  1521.4  4003.9  8784.2 101123.0   101375
read      288.5    93.3    86.8   151.1   167.0   293.1   337.7   358.6   372.2   388.5   406.1   433.7   489.0   595.7  1421.5  40464.0    40606
read      285.1   106.8    93.8   143.6   160.2   285.0   336.8   360.2   375.1   392.5   412.7   441.0   504.1   617.7  2245.3  47415.0    47485
read      284.8    97.9    93.8   145.2   161.1   282.9   336.9   360.9   376.3   394.2   415.4   445.0   503.1   609.7   751.4  48778.0    48977
read      289.1   113.8    93.8   151.2   168.3   294.1   337.2   357.5   370.6   386.8   404.5   432.7   490.6   641.8  1562.5  39079.0    38615
read      273.3   106.1    86.8   138.3   152.3   255.8   318.5   348.8   369.1   391.3   417.6   456.9   538.3   711.4   980.9  80245.0    80279
read      277.5   139.7    86.8   138.5   152.8   257.6   321.5   351.9   371.9   393.9   420.3   459.8   549.4  1488.0  5479.6  75824.0    75843
read      276.7   157.7    86.8   138.6   153.2   260.5   324.6   353.6   372.7   393.4   418.0   453.4   523.1   724.0  6511.4  67084.0    67095
read      285.7    96.1    93.8   149.3   165.6   288.4   335.0   355.6   369.1   385.1   402.7   431.9   490.6   611.8  1178.6  41117.0    41325
read      282.5   106.8    86.8   141.1   156.6   274.7   333.6   360.3   378.0   397.4   420.5   454.1   525.0   637.0  1598.2  55630.0    55752
read      277.1   113.5    86.8   141.1   155.8   258.7   320.6   351.4   372.0   394.7   422.2   462.7   548.7   731.7  1849.5  85211.0    85561
read      288.0   117.6   118.1   174.2   191.7   289.1   314.6   328.0   337.5   346.9   364.9   391.0   454.0  1090.7  4282.4  14119.0    14194
read      304.7   178.2    86.8   141.8   157.2   266.2   329.4   363.4   388.5   420.0   467.3   590.1  1005.8  1832.6  3160.4  87976.0    88002
read      277.1   160.3    86.8   140.5   154.9   254.4   316.0   346.9   368.2   392.0   419.9   459.1   548.6  1611.0  5698.9  91198.0    90515
read      275.9   117.5    86.8   143.8   159.4   258.4   313.7   343.2   363.9   386.9   414.6   456.6   548.4   789.4  5185.9 108913.0   109283
read      290.5    78.0   101.3   165.2   181.5   298.9   330.6   346.2   357.9   369.6   385.9   406.6   458.5   530.6  1151.6  26735.0    26699
read      290.4    99.8    93.8   154.9   171.8   297.0   338.4   357.9   370.8   386.1   402.3   429.4   481.5   585.5   763.0  37659.0    37400
read      295.6   149.9   109.4   169.4   186.9   296.7   324.8   339.5   349.4   362.8   377.5   403.1   480.8  2289.5  7747.9  19470.0    19307
read      279.4    70.5   118.1   175.3   193.0   281.8   305.0   316.0   324.0   335.5   347.3   371.9   441.9   798.4  1482.1  11350.0    11527
read      294.8   147.2    86.8   141.2   156.5   266.5   330.6   363.9   387.6   415.5   454.0   530.9   780.3  1368.0  2557.1  83664.0    83787
read      291.6    83.3   109.4   167.7   184.1   298.4   327.1   342.3   353.7   366.9   383.5   405.3   462.8   617.8  1732.8  22084.0    22209
read      294.0   159.4    86.8   141.1   156.5   268.6   332.6   365.6   389.3   417.0   454.2   520.3   692.8  1528.5  6600.7  74598.0    75169
read      276.0   112.8    86.8   139.9   154.7   259.3   322.0   352.5   372.6   394.1   419.0   453.6   524.8   698.4  3832.3  73808.0    73833
read      280.3   107.1    86.8   143.7   159.3   261.9   322.7   353.2   373.7   397.0   425.1   465.9   567.5   805.8  1305.6  94959.0    94641
read      278.2   104.2    86.8   140.3   155.2   267.0   328.7   356.6   374.7   394.0   417.0   449.7   519.5   654.3  2136.5  61640.0    61338
read      275.0   104.0    86.8   141.0   155.8   256.2   317.9   348.5   370.3   393.6   421.3   461.2   544.7   690.7  1044.2  91377.0    91825
read      275.4   110.1    86.8   140.3   155.1   258.7   320.9   351.3   371.0   392.8   418.3   454.5   528.8   681.6  2582.9  77508.0    77235
read      292.6   112.7    93.8   155.5   172.3   296.5   337.4   357.2   370.1   385.3   401.8   429.5   490.7  1455.8  3027.3  37118.0    37257
read      289.7    87.6   101.3   158.5   175.1   298.1   334.3   351.6   363.7   376.2   393.7   418.3   467.7   560.8  1014.3  31845.0    32057
read      279.6   104.6    86.8   146.7   162.5   262.8   318.4   347.8   368.8   392.5   420.9   462.4   550.3   721.7  1296.2 108769.0   108618
read      276.2   119.7    93.8   141.0   155.6   260.7   323.0   352.3   371.5   392.6   416.9   451.4   523.6   635.2  2547.0  72966.0    72930
read      287.2   141.8    86.8   148.5   164.1   287.7   336.1   357.6   371.6   388.2   406.1   433.9   492.3   590.6  7230.1  43881.0    43714
read      275.0   125.5    86.8   140.6   154.8   255.7   316.5   347.1   368.3   391.1   418.2   457.7   542.0   771.5  5559.1  87326.0    87369
read      281.9   104.7    86.8   141.2   156.8   275.8   334.3   360.4   377.3   396.0   418.7   450.3   506.2   609.8  2786.3  56573.0    56640
read      274.1   142.2    86.8   140.5   155.3   254.4   313.9   343.8   364.6   387.2   413.8   453.1   540.4   806.5  7691.3  97140.0    97360
read      274.3   107.4    86.8   139.8   154.1   255.9   318.5   349.3   369.7   392.1   418.8   457.9   542.6   728.0  1442.5  79858.0    79788
read      267.2    84.2   118.1   170.0   185.9   268.9   290.9   302.5   310.9   319.4   333.5   353.0   413.4   889.3  3472.3  11425.0    11352
read      307.8   181.6    86.8   144.0   159.8   270.6   333.8   367.4   392.1   422.5   468.8   586.8   995.4  1920.3  3957.5  87843.0    87962
read      289.5    97.7    93.8   153.2   169.7   293.5   337.9   358.5   371.6   387.2   403.5   431.1   488.4   627.5  2033.6  40842.0    40663
read      280.7   115.5    93.8   141.8   156.9   270.0   331.4   358.7   376.3   395.7   419.3   452.8   515.9   620.9  1989.0  59516.0    59386
read      285.8    97.0    86.8   147.7   163.7   284.0   337.1   360.5   375.4   392.6   412.2   439.0   501.9   641.5  1323.5  48337.0    48302
read      287.1   114.1   109.4   170.0   186.8   290.5   317.4   331.7   341.3   353.1   368.1   393.0   451.4   991.2  6997.5  19303.0    19398
read      293.1   147.2    86.8   142.5   157.3   265.2   329.3   362.1   385.1   411.4   446.3   512.8   816.3  1311.5  3091.7  81734.0    82197
read      275.0   108.0    80.4   139.8   154.1   257.4   320.6   351.4   371.4   393.0   418.8   456.3   534.3   693.0  2423.1  77509.0    77387
read      276.2   116.4    86.8   139.5   154.1   259.0   323.3   353.3   373.5   395.6   421.2   456.4   525.4   668.1  2531.2  72741.0    72753
read      260.3    69.6   101.3   171.4   184.9   261.5   282.7   293.4   301.3   311.1   320.9   341.6   398.9   937.4  2135.7   7866.0     7720
read      302.8   150.1    93.8   147.8   163.6   291.2   347.8   376.2   396.4   419.5   448.2   496.1   607.1  1957.8  4471.9  45761.0    46279
read      301.8   114.5    93.8   150.9   166.3   298.8   352.5   378.6   396.4   416.8   441.1   482.7   574.0   828.1  2006.2  42026.0    42102
read      306.1   184.3    86.8   144.0   159.6   268.1   329.9   363.3   387.2   416.1   457.9   561.6  1078.6  1922.7  2753.1  90875.0    90892
read      290.0    93.3    86.8   152.2   168.6   295.8   339.6   360.2   373.3   389.4   406.9   434.5   492.2   609.4   942.6  40116.0    39976
read      279.0   121.3    86.8   141.4   156.1   266.5   327.6   355.0   372.9   393.1   417.0   450.9   522.8   663.4  3866.5  60402.0    61084
read      288.8    79.5   101.3   172.0   189.7   293.6   319.6   334.0   343.2   355.8   370.7   395.5   448.6   639.3  1935.6  16706.0    16735
read      300.9   117.5    93.8   147.8   163.6   293.8   352.4   382.1   401.0   423.2   451.4   496.6   588.3   728.0  1916.3  45969.0    45909
read      304.4    99.1   101.3   163.0   179.9   308.8   350.1   371.0   385.2   400.0   420.3   449.4   507.7   604.2  2162.6  29133.0    28976
read      287.1   133.2    86.8   139.8   154.4   260.3   323.9   356.6   378.9   404.4   440.8   508.1   759.2  1123.6  1667.0  85113.0    84704
read      277.9   105.2    86.8   144.7   160.1   260.4   319.2   349.3   369.5   392.0   419.2   459.2   543.3   796.2  1378.6 101493.0   101822
read      275.6   109.4    86.8   141.6   156.4   256.6   316.4   346.5   367.4   390.5   418.1   459.6   565.7   809.7  1587.0  92493.0    92571
read      278.5   129.5   109.4   171.5   188.1   276.9   299.6   311.9   319.6   331.5   344.4   368.3   431.0  2229.6  3181.0  12138.0    12106
read      313.7   214.0    93.8   142.4   158.0   285.0   349.9   384.0   408.2   437.3   477.7   540.5   827.7  2564.4  7636.7  58341.0    58568
read      297.6   116.4    93.8   143.2   159.2   287.2   347.3   377.3   398.5   423.2   454.8   504.0   599.8   723.6   808.5  51254.0    51319
read      301.9    81.6   101.3   170.3   187.6   307.6   340.5   358.0   370.0   384.7   401.2   427.7   479.3   570.2   932.4  21583.0    21556
read      290.3   118.5   109.4   173.7   191.3   293.2   318.4   332.7   342.1   354.4   369.6   395.0   454.5   685.9  6734.3  14147.0    14191
read      304.1    95.3    93.8   161.7   178.2   309.2   349.4   369.7   384.4   400.4   421.9   452.8   514.6   614.2  1064.4  28835.0    29072
read      286.2    75.8   109.4   169.7   187.4   290.5   317.7   332.2   341.8   353.6   368.1   390.2   433.5   592.6  2013.2  16256.0    16350
read      308.5   190.2    86.8   141.8   157.2   266.8   332.0   367.7   394.7   430.1   488.1   619.7   976.6  2054.9  3194.3  86328.0    86891
read      278.6   105.8    86.8   145.7   161.3   261.5   317.2   346.4   367.7   391.0   419.3   461.7   558.2   739.9  1901.0 104011.0   104441
read      262.2    94.5   109.4   170.1   185.9   263.1   283.6   294.1   302.4   312.2   322.9   342.6   393.4   987.6  6038.5   8831.0     8906
read      304.9   235.0    86.8   150.0   165.6   295.4   348.4   374.8   393.3   413.7   437.3   482.3   594.3  2084.0 13531.3  42131.0    42175
read      305.3   148.3    86.8   145.7   161.4   289.8   350.7   382.2   403.4   429.2   462.6   514.6   676.5  1304.3  4205.7  51766.0    51797
read      287.5   141.7    86.8   140.1   154.8   264.5   328.2   360.0   381.7   405.7   438.8   499.0   657.2  1450.3  3817.7  77336.0    76678
read      286.4    87.2   101.3   168.6   186.3   291.0   318.4   333.0   342.5   355.1   370.6   395.4   448.7   667.9  4759.2  19469.0    19630
read      378.9   462.8    86.8   149.9   167.7   289.8   349.9   384.5   410.6   445.8   505.8   838.0  2559.4  4548.9 12459.0 100261.0   100132
read      292.9    90.6    93.8   158.2   175.5   298.1   340.0   360.2   373.1   388.5   404.4   431.0   482.8   610.8  1383.3  40569.0    40498
read      290.7   121.8    80.4   151.0   167.3   273.5   329.1   358.0   378.0   400.6   429.6   474.5   593.3  1277.4  3500.7 108579.0   108559
read      295.5    90.1   101.3   170.6   188.0   301.2   332.5   347.5   359.7   371.9   389.0   411.6   466.7   584.3  1928.8  24320.0    23964
read      383.1   550.1    93.8   147.9   164.3   281.5   345.8   381.4   407.3   441.2   506.4   781.7  3023.0  7302.9 10960.8  70961.0    70760
read      294.6   204.5    93.8   145.3   160.8   261.2   320.0   351.4   373.7   400.0   433.4   492.8   808.0  2931.6  6227.1  99557.0    99567
read      292.0   185.7    86.8   147.2   162.8   263.7   320.5   352.6   374.7   400.5   434.8   495.6   698.8  2349.2  5918.0 107469.0   107548
read      288.1   102.9   101.3   151.6   167.2   280.0   335.3   360.7   377.5   396.0   419.0   452.7   531.9   764.7  1824.9  53114.0    53742
read      277.1   151.7    93.8   143.3   158.0   252.5   309.5   340.8   363.4   388.7   420.1   466.9   593.0  1384.6  4950.3 103529.0   103931
read      282.9   108.1    93.8   148.0   163.4   271.4   330.7   358.4   376.7   396.0   419.1   451.1   508.8   640.7  1451.9  60400.0    60359
read      272.7    72.6   109.4   184.0   200.5   272.1   292.3   303.6   312.1   320.6   334.5   352.7   407.4   918.0  2999.0   9740.0     9725
read      299.0   125.5    86.8   147.9   163.7   286.5   345.4   376.7   397.4   421.5   452.1   499.9   594.4   740.8  3187.1  51883.0    52014
read      302.6   101.3   101.3   159.7   176.1   300.4   349.4   374.3   391.6   410.4   433.1   467.5   542.5   644.2   873.3  40157.0    40053
read      289.6   170.6    86.8   140.0   154.6   256.8   318.9   352.2   375.5   403.1   441.8   514.7   801.0  2444.3  3760.9  86493.0    86436
read      297.2   184.8   101.3   175.9   193.8   299.9   328.9   343.1   354.1   366.8   382.8   403.9   460.0   674.4 11536.5  23854.0    23983
read      302.3   140.5    86.8   144.9   160.2   277.5   342.3   377.7   403.1   436.2   481.9   546.7   688.8  1051.5  3392.4  66614.0    66595
read      305.2    97.6   101.3   173.3   191.4   306.8   345.0   363.8   376.0   391.6   409.1   435.8   499.9   727.8  3619.7  26142.0    26056
read      301.1   135.3    93.8   147.8   163.4   286.6   344.8   376.8   398.1   423.5   457.0   507.4   620.8  1206.6  2984.5  51853.0    51764
read      299.4   103.7    86.8   154.7   171.2   295.5   347.4   373.3   390.7   409.4   432.6   470.7   549.5   643.1  1914.8  40432.0    40202
read      300.7   169.6    86.8   140.5   154.7   264.6   332.6   370.6   399.4   436.6   489.5   573.9   782.7  1590.4  3150.9  76981.0    76665
read      283.4    77.8   118.1   180.9   199.8   284.5   308.3   319.8   329.2   339.2   351.6   372.6   429.2   977.9  1869.6  11172.0    11133
read      296.1   140.6    86.8   143.0   158.2   265.9   330.9   366.4   391.7   421.6   464.0   547.9   773.1  1168.6  1595.5  79681.0    80405
read      272.1   128.2    86.8   138.2   152.2   250.2   312.7   343.7   364.9   387.8   415.0   456.6   561.9   953.8  5145.1  79218.0    79106
read      269.0   115.8    86.8   139.3   153.4   248.0   305.8   335.9   357.3   382.0   411.2   454.5   550.1   832.4  2938.5  97345.0    97258
read      293.1    90.7    93.8   159.1   175.4   298.4   339.3   359.4   372.7   388.6   405.0   431.8   486.1   592.7  1231.2  36514.0    36307
read      294.3    84.9   101.3   165.5   182.4   300.5   336.0   352.9   364.4   376.5   394.2   419.4   470.1   591.7  2059.1  28631.0    28636
read      291.8   103.9    93.8   153.9   170.2   292.8   341.5   363.0   376.7   393.3   412.4   437.3   499.2   641.4  2724.4  41359.0    41620
read      275.2   126.4    86.8   139.6   153.7   253.5   316.1   347.5   368.6   391.4   418.8   460.3   577.8  1190.9  2928.9  75924.0    75736
read      289.2    95.0    93.8   152.6   168.8   289.0   339.7   362.2   376.3   393.4   413.3   440.6   497.4   576.8   885.7  44773.0    44979
read      293.8    97.4   101.3   164.1   180.9   300.2   336.4   353.8   365.6   378.5   394.8   418.5   465.6   565.8  3391.9  31466.0    31478
read      297.6   132.4    93.8   158.5   175.0   299.1   343.5   364.7   378.7   394.4   413.2   438.5   501.0   737.0  5181.8  37429.0    37586
read      281.9   171.0    86.8   146.0   162.0   261.6   316.7   346.6   368.4   393.5   424.3   470.1   581.7   903.9  3818.6 108388.0   108330
read      278.4   111.0    93.8   141.4   156.0   263.0   325.8   353.7   372.7   394.1   419.4   455.6   541.8   777.6  3134.2  64094.0    64301
read      276.7    72.7   118.1   180.4   197.4   277.0   300.4   312.5   320.0   330.9   342.5   364.0   416.5   924.2  2495.3  11123.0    11203
read      262.0   114.7   118.1   176.2   192.0   262.5   282.9   293.3   301.0   310.6   320.2   339.8   381.8   502.3  8975.0   7374.0     7291
read      285.3   154.7    86.8   139.6   153.5   251.5   314.5   347.7   372.1   401.0   440.0   520.0   824.8  1332.0  3862.2  86944.0    87477
read      274.8   118.3    93.8   140.5   154.6   253.5   315.3   345.7   366.8   390.4   418.4   459.8   557.9  1256.8  2513.5  77494.0    77485
read      289.2    95.4    93.8   155.4   171.4   289.9   335.6   357.6   372.1   388.4   405.6   433.2   498.5   633.0  2606.6  42055.0    42055
read      288.8    79.9   109.4   166.4   183.2   295.2   327.6   342.8   354.3   367.1   383.0   403.3   452.3   537.4  1703.2  26650.0    26865
read      273.4   107.8    86.8   141.8   156.2   251.8   310.8   342.0   363.8   388.2   418.1   462.6   570.1   869.3  1484.3  94617.0    94592
read      278.0   146.6    93.8   141.3   155.6   258.6   321.3   352.2   372.2   393.7   419.6   457.8   541.7   887.3  7054.9  67247.0    66869
read      288.7   108.1   118.1   175.9   193.1   290.7   318.6   333.5   343.1   355.7   370.2   394.4   442.9   812.0  2417.5  17805.0    17835
read      298.2   119.2    86.8   145.5   160.9   283.2   346.6   379.5   401.0   427.0   460.0   508.0   607.4   775.9  1233.8  55693.0    55977
read      290.1   146.1    93.8   140.1   154.5   258.8   324.0   358.2   382.4   410.7   451.4   528.7   782.5  1302.2  2745.3  82549.0    82437
read      292.1    72.2   109.4   178.1   196.6   296.2   323.3   337.1   345.7   359.2   373.6   398.3   438.0   528.4  1051.9  15949.0    15775
read      288.8   157.4    93.8   142.4   157.1   257.4   320.6   354.7   378.9   406.5   443.9   509.4   732.8  1894.6  4276.9  86961.0    87559
read      268.8   115.0    86.8   139.6   153.8   245.4   301.8   332.8   354.7   379.8   410.2   457.8   579.6  1059.2  2685.9 105628.0   105401
read      274.7   138.8    86.8   140.2   154.5   250.5   310.3   341.6   363.5   387.9   417.6   462.0   578.6  1728.5  3797.2  89098.0    88752
read      271.1   111.3    86.8   141.1   155.5   249.2   308.1   339.0   360.8   385.0   414.3   459.4   557.3   852.7  1489.0  95121.0    94531
read      274.6   125.0    86.8   142.8   157.3   252.1   309.3   340.2   362.1   386.9   417.1   462.3   569.9  1156.3  4130.1 101016.0   101303
read      268.5   143.7    86.8   138.5   151.9   244.4   304.7   336.5   358.7   383.4   412.9   455.4   546.8   910.8  6855.4  86606.0    86640
read      270.4   111.0    93.8   140.1   153.9   249.5   310.5   341.0   362.4   385.9   413.2   453.6   542.0   807.2  2530.2  84973.0    84818
read      280.8   109.6   109.4   169.5   186.4   282.2   310.9   325.1   335.8   346.5   364.0   388.9   439.7   591.9  7159.6  20241.0    20221
read      302.2   127.7    93.8   151.7   167.4   293.3   348.5   377.0   397.0   420.6   450.4   496.6   585.1   718.1  2343.3  43689.0    43599
read      301.2   119.7    93.8   147.5   163.2   288.9   346.6   378.5   400.0   426.4   461.1   514.5   620.3   843.1  1269.6  52930.0    52779
read      292.9   188.6    86.8   143.3   158.3   260.0   320.8   353.3   376.4   403.2   440.8   514.3   856.0  1553.7  6725.4  89090.0    89855
read      285.5   101.6    93.8   149.6   165.4   281.7   333.7   358.0   374.0   391.9   412.5   441.9   506.1   641.3  1418.0  48544.0    48532
read      282.0   167.0    86.8   143.8   158.8   254.5   310.8   341.7   363.4   388.0   419.1   468.1   639.9  2491.8  5401.1 106852.0   107423
read      284.9    98.2    93.8   150.2   165.7   282.9   334.2   357.3   372.0   389.4   408.9   436.5   499.5   584.6   681.7  46845.0    46535
read      287.7   103.2    93.8   150.0   165.6   283.9   337.4   362.3   378.7   396.5   418.0   447.8   506.8   620.2  1154.7  47666.0    47535
read      286.6   106.4    93.8   148.5   164.1   280.2   335.8   361.5   378.1   396.3   418.6   450.2   513.3   666.8  2775.1  49637.0    49633
read      293.6    93.5   101.3   164.8   181.5   299.2   335.6   353.2   365.1   378.1   395.4   421.0   470.2   572.3  2190.7  30559.0    30334
read      284.6    80.0   109.4   173.6   190.6   287.0   314.8   329.3   339.1   350.2   366.3   390.3   434.8   534.8  3340.2  17464.0    17207
read      348.5   423.8    93.8   148.7   165.1   272.7   330.5   363.1   387.0   416.0   458.6   562.7  3047.1  3936.6  8085.3 105895.0   106074
read      284.7   101.1    93.8   150.6   165.7   280.3   332.4   356.1   371.9   389.7   409.5   436.3   500.0   668.3  1632.1  48825.0    48912
read      274.6   157.5    93.8   142.1   156.3   250.8   309.4   340.4   362.2   386.8   416.5   461.0   578.2  1184.7  4821.1  96213.0    96483
read      288.1    92.0    93.8   158.3   173.7   289.1   333.3   353.7   367.6   383.2   400.5   428.0   482.6   743.4  1595.1  39102.0    39228
read      274.1   129.6    80.4   141.2   155.3   249.0   308.1   339.6   362.0   387.2   417.7   464.1   602.0  1441.4  2356.5  92040.0    92350
read      272.1   107.8    86.8   140.9   154.8   250.7   311.4   342.9   365.0   389.0   417.3   459.3   550.1   862.2  1814.5  85335.0    85084
read      269.5   110.0    93.8   140.2   153.5   248.0   309.7   341.7   363.1   386.2   413.2   454.1   538.9   723.6  1813.2  81665.0    81993
read      273.2   126.6    86.8   142.9   157.3   250.5   308.0   338.7   360.5   385.3   415.5   460.7   577.5  1094.9  3136.8 101880.0   101617
read      277.1    69.2   118.1   173.1   189.1   278.7   305.0   317.6   327.5   338.9   353.3   374.1   428.6   826.2  2063.4  16732.0    16730
read      319.7   215.1    86.8   144.7   160.1   281.0   348.8   389.5   420.2   459.1   511.7   594.3   859.9  3138.3  4369.9  70937.0    71079
read      278.8   127.6    86.8   144.6   160.1   256.9   313.9   344.4   365.9   390.9   422.6   469.9   585.8   962.6  2782.6 108440.0   108942
read      282.6   100.0    86.8   146.3   161.3   273.6   333.0   359.3   376.5   395.8   418.5   449.7   511.1   625.6   775.0  55643.0    55406
read      286.2   100.3    93.8   153.0   168.8   288.1   334.4   355.5   369.7   385.8   402.9   430.4   485.9   586.7  1482.8  42588.0    42279
read      285.9    77.7   101.3   170.9   187.8   291.1   318.8   333.5   342.9   355.1   369.2   392.7   435.4   850.5  2023.4  21778.0    21876
read      290.9    99.6   101.3   161.0   176.9   296.0   334.9   353.3   366.3   380.6   397.4   422.7   469.4   587.9  2161.7  34023.0    34140
read      286.4    93.3    93.8   151.9   167.2   286.0   335.8   358.2   372.8   389.4   407.4   434.8   495.0   577.0  1353.9  43148.0    42897
read      281.0    82.5   109.4   171.5   188.0   283.8   310.6   323.5   333.8   344.1   359.9   381.8   434.8   878.9  3796.6  18236.0    18462
read      330.9   260.7    86.8   147.0   162.8   267.8   330.8   368.7   398.2   436.5   507.7   736.3  1441.8  2723.1  7163.2 100143.0   100375
read      290.8   119.2   101.3   155.4   171.1   289.8   336.3   358.7   373.3   390.0   408.0   433.8   488.9   833.6  4830.1  41470.0    41347
read      273.9   111.6    86.8   143.7   158.4   252.8   309.2   339.7   361.8   386.7   416.8   460.8   561.0   964.6  2415.5 101633.0   101594
read      284.7   132.3    93.8   151.0   166.3   281.2   330.9   354.5   369.9   387.4   406.4   434.4   495.2   586.9  6091.8  47717.0    47486
read      285.1  1145.8    86.8   141.1   154.9   252.1   311.6   341.4   362.1   384.9   411.6   450.3   533.8   802.8 69384.4  73203.0    73393
read      283.7   110.0    86.8   149.7   164.9   276.7   330.8   356.0   372.8   391.4   412.4   441.4   505.0   631.2  4554.6  51057.0    51134
read      281.9   111.9    93.8   146.1   160.7   269.0   328.6   357.2   375.4   395.2   418.7   452.0   520.3   993.1  2491.5  57820.0    58201
read      279.3   169.6    93.8   141.8   156.2   257.1   319.6   349.0   369.0   391.2   417.4   456.0   549.0  2376.5  5974.3  70928.0    71020
read      272.1   137.5    86.8   140.9   154.7   252.5   315.4   345.7   366.0   388.2   413.8   449.3   521.9   674.3  7765.8  72386.0    72071
read      270.7   110.4    86.8   141.6   155.8   248.9   307.3   338.9   360.8   385.1   414.1   457.1   555.5   918.2  1345.9  93576.0    93446
read      289.5    82.0   109.4   166.2   182.3   295.0   329.9   346.1   357.9   369.8   385.7   404.3   455.9   579.5  2274.5  28761.0    28724
read      280.4   127.5    86.8   144.9   159.8   266.6   328.8   356.4   373.5   393.1   416.1   449.0   519.1   667.9  4686.1  58950.0    59269
read      271.8   115.3    86.8   139.4   153.4   251.2   314.7   345.8   367.1   389.7   415.8   453.3   532.6   693.6  3728.3  74929.0    74624
read      284.3   116.9    93.8   149.2   164.2   278.8   333.1   358.3   374.4   392.8   413.9   442.3   500.8   581.6  2763.7  52508.0    52368
read      261.2    65.1   109.4   174.9   189.1   260.8   282.6   293.6   301.6   311.1   320.5   339.9   390.7   920.4  1886.8   9944.0     9687
read      297.3   144.5    93.8   149.7   165.4   287.2   341.6   368.7   388.2   410.5   439.0   486.2   585.6   864.1  7124.1  44768.0    44165
read      253.1    79.3   118.1   173.1   186.6   250.4   269.3   279.5   287.7   295.9   310.2   331.5   392.8  1150.3  2630.1   6867.0     6895
read      309.7   184.5    93.8   148.3   163.4   286.8   348.1   381.4   404.4   434.4   473.3   535.9   674.6  2848.7  4358.3  54795.0    55457
read      298.9   126.2    93.8   145.1   159.7   278.7   341.0   375.7   400.5   432.3   473.7   536.6   654.1   807.7  1614.4  61269.0    61164
read      329.4   317.9    86.8   154.6   172.3   283.7   341.5   372.9   396.0   424.2   463.1   534.1  1081.6  3613.5  7888.7 108934.0   108384
read      291.3    87.9   101.3   159.9   176.9   296.9   335.8   354.2   366.9   381.4   398.6   424.5   474.4   605.3  2092.4  33183.0    33319
read      273.1   172.3    86.8   140.2   154.4   247.1   304.1   335.0   356.8   381.3   410.6   456.1   580.1  2301.9  6991.1  97657.0    97895
read      295.0   189.4    93.8   156.7   173.7   293.4   339.4   360.7   374.4   391.3   410.1   436.2   495.2   992.6 13956.3  39741.0    39720
read      275.8   111.3    93.8   140.6   155.1   258.6   321.4   351.7   371.5   393.1   418.6   455.8   535.2   717.6  2390.6  68436.0    68554
read      270.8   107.0    86.8   140.6   155.0   249.1   308.9   340.5   362.7   386.9   415.0   456.5   549.8   850.3  1369.0  86893.0    86849
read      291.9   104.2   101.3   164.8   181.3   297.9   333.5   350.0   362.3   374.6   392.1   415.7   464.5   551.9  5227.3  30418.0    30264
read      272.8   122.6    86.8   141.2   155.8   250.0   306.8   337.9   359.8   384.2   414.0   459.6   575.6  1445.3  2844.2 100408.0   100754
read      272.5   129.6    86.8   140.1   154.7   248.7   306.1   337.5   359.3   383.5   412.6   457.2   582.8  1371.5  2537.1  98144.0    98098
read      264.5   102.1    86.8   137.1   150.7   243.1   304.0   335.2   356.4   379.6   406.5   445.4   538.8   732.6   904.5  85756.0    86028
read      276.9   123.1    93.8   143.0   157.9   254.7   315.1   346.2   369.0   393.6   423.3   466.2   567.1   804.4  3032.8  93316.0    93054
read      292.5    94.9    93.8   155.0   171.4   291.9   342.3   365.3   380.4   396.7   417.1   445.3   499.6   582.3  1322.5  42412.0    42348
read      293.8    92.5   101.3   164.9   182.2   299.4   336.1   353.2   365.0   377.6   394.4   418.3   463.5   562.5  3636.8  29543.0    29490
read      288.7   176.4   118.1   173.5   189.6   289.1   318.1   333.5   343.5   356.7   371.5   397.1   455.3   638.7 11155.6  18141.0    18187
read      299.6   231.8    86.8   142.4   157.3   255.4   314.9   348.6   372.8   401.5   440.6   524.4  1199.2  3026.9  7053.6  94581.0    95113
read      256.7    58.0   118.1   175.2   189.6   258.0   276.9   287.9   294.7   304.2   315.6   334.3   373.2   859.2  1971.4   8665.0     8570
read      299.2   179.6    93.8   143.7   158.2   274.9   336.7   371.0   396.1   426.9   467.7   533.3   680.8  1319.7  8287.9  61721.0    62285
read      305.0   156.5    93.8   149.6   164.6   286.4   344.8   377.5   400.5   428.5   465.4   523.6   634.1  2274.0  4323.3  52720.0    52582
read      305.0   171.7   101.3   160.8   177.0   297.1   342.3   366.1   382.5   400.2   424.5   461.6   548.2  3098.9  5494.9  34339.0    34260
read      294.9   122.7    86.8   143.3   158.3   275.5   336.9   371.0   395.2   424.0   462.6   523.9   645.5   847.0  1227.7  59353.0    59493
read      302.7   139.3    93.8   146.9   161.9   282.7   345.4   380.9   404.8   435.2   474.5   534.7   642.1   790.9  4138.0  57962.0    58208
read      284.6   128.9    86.8   144.1   159.1   256.7   317.8   350.3   373.1   399.7   434.2   497.6   708.4  1305.5  2258.6  93294.0    93458
read      283.0   101.5   109.4   174.3   190.1   286.3   312.0   324.5   334.0   343.5   358.1   376.7   428.8   997.2  4814.2  18288.0    18056
read      290.7   181.2    86.8   141.1   155.7   252.0   312.7   347.1   372.1   401.1   442.1   531.3   911.2  2419.4  3484.1  94117.0    94134
read      288.9    94.0    93.8   159.0   174.8   293.1   335.5   355.1   367.6   381.9   398.7   424.5   468.8   546.1  1918.1  37870.0    37808
read      284.4   104.3    93.8   147.8   163.1   277.1   333.3   358.9   375.3   394.4   417.0   448.4   507.8   769.7  2302.0  53530.0    53481
read      284.5    74.5   101.3   169.0   185.2   289.1   320.4   335.9   345.7   358.9   372.5   396.4   437.5   566.7  1434.1  25686.0    25666
read      295.1   172.7    86.8   150.1   165.7   266.3   322.8   355.3   377.8   404.0   438.8   502.8   696.2  2599.3  5135.6 108555.0   108853
read      285.7    94.0   101.3   154.3   170.2   285.1   332.0   353.8   368.3   384.1   401.1   428.6   486.7   674.8  1448.4  41987.0    41576
read      272.3   102.2    93.8   140.8   154.9   254.8   317.8   347.2   367.2   388.6   413.0   447.6   519.7   701.7  1083.9  70167.0    70282
read      286.1    96.6    93.8   153.5   168.9   284.1   334.3   356.5   371.0   387.5   404.7   432.0   488.9   602.7  2835.8  45402.0    45769
read      268.6   104.7    86.8   141.0   155.0   247.3   305.9   336.8   358.4   382.4   410.6   452.7   543.6   786.6  2051.3  91996.0    92383
read      268.1   216.4   109.4   173.8   188.6   264.2   286.3   296.8   305.4   314.2   325.0   343.2   390.5  2229.7 11600.3  12150.0    12100
read      304.1   149.2    93.8   143.7   158.7   275.8   341.9   379.2   406.6   441.7   489.2   561.1   719.1  1286.0  3092.0  67568.0    67747
read      291.6   138.9    93.8   139.9   153.4   265.6   331.6   366.2   391.8   423.7   467.4   534.3   672.1   941.7  1892.1  68781.0    68933
read      296.6   160.9    86.8   142.2   157.0   275.1   337.1   371.6   396.6   427.2   468.8   531.8   654.7   913.5  2506.5  63119.0    63242
read      302.1   156.8    93.8   141.3   156.0   271.1   336.8   374.3   402.9   440.4   492.9   573.1   759.7  1101.6  5271.3  72661.0    72993
read      299.8   139.9    93.8   148.7   163.9   284.7   342.4   372.7   394.3   419.5   452.7   504.0   613.7  1343.0  3402.7  50842.0    51022
read      303.4   150.2    86.8   142.0   156.6   274.2   340.0   376.4   403.4   437.6   486.8   564.4   774.6  1366.9  2508.8  66969.0    67069
read      289.7    83.1   109.4   165.3   181.8   291.0   325.4   343.1   356.7   371.6   391.6   420.8   488.1   635.7  1478.6  25011.0    24895
read      294.6   130.2    93.8   141.2   155.4   269.1   334.7   371.8   398.1   429.5   470.4   534.3   690.1   927.9  1398.4  68899.0    68588
read      300.8   108.3   101.3   152.9   169.2   294.5   348.2   375.4   393.5   414.2   440.1   483.1   574.2   765.8  1373.3  42590.0    42706
read      298.4   126.5    93.8   149.1   164.0   285.6   343.5   373.5   394.7   419.3   450.6   498.6   594.3   759.6  3010.2  49271.0    49479
read      300.8   139.8    86.8   142.6   157.5   276.4   341.5   377.1   402.6   433.9   471.8   537.1   702.2  1385.5  2002.5  64139.0    64792
read      291.0   127.7    86.8   141.2   155.9   265.8   331.4   367.3   392.5   421.1   457.9   517.0   678.3   999.5  1515.6  73812.0    73879
read      291.5    82.6   101.3   163.6   180.3   298.1   334.7   352.4   364.9   378.4   395.2   418.9   462.5   540.3  1377.2  31755.0    31893
read      274.2   166.2    86.8   139.2   153.1   252.3   315.2   346.3   367.2   390.0   416.9   456.6   547.1   790.2  8932.5  73933.0    74262
read      285.8   138.7    93.8   144.3   160.0   272.3   331.6   359.8   378.3   398.1   421.9   456.2   540.9  1690.2  3959.5  57167.0    57246
read      273.2   112.9    86.8   141.2   155.6   250.9   310.3   342.0   363.8   388.0   417.4   461.3   586.2   898.1  2281.6  90702.0    91617
read      281.4    98.5    93.8   145.5   161.1   272.4   330.6   357.2   374.6   393.6   416.0   447.9   509.2   634.7   862.1  55331.0    55173
read      283.0   115.8    86.8   147.9   163.6   262.9   319.5   350.2   371.3   395.8   426.5   472.8   598.6   865.3  1452.3 108271.0   108633
read      275.7    81.9   109.4   172.7   189.0   277.7   302.5   315.3   324.2   335.9   348.4   371.5   417.4   876.7  3901.4  15642.0    15720
read      312.5   252.6    86.8   144.5   160.0   260.6   321.0   358.3   386.2   421.5   476.1   622.5  1183.7  2549.0  7353.2  99505.0    99961
read      279.8   126.1    86.8   146.3   161.3   256.2   313.8   344.7   366.9   392.1   423.0   469.2   593.8  1291.5  2756.5 102834.0   102613
read      277.5    96.8    93.8   146.0   160.8   267.3   324.8   351.4   369.2   388.4   409.6   437.6   501.2   604.7  1316.2  57273.0    57169
read      278.9    99.5    86.8   145.6   160.2   269.1   327.2   354.1   371.2   391.0   413.7   445.2   505.9   616.7  1985.7  56771.0    56950
read      283.1   107.3    93.8   149.1   164.1   277.6   331.5   355.5   371.0   388.8   409.0   437.8   498.4   620.1  3071.8  50089.0    49938
read      248.3    65.7   118.1   169.5   182.3   248.3   267.9   277.5   285.6   293.6   305.7   321.4   375.3   929.1  1848.0   5432.0     5383
read      299.9   110.9    93.8   154.0   169.6   293.2   343.8   370.8   389.3   409.7   435.7   480.3   584.1   932.0  1622.4  39150.0    39719
read      302.8   101.2   101.3   160.4   175.8   300.3   348.3   372.8   390.0   408.6   432.8   470.1   548.3   714.3  1578.7  36369.0    36653
read      306.9   145.6    86.8   144.3   159.5   278.9   345.9   384.2   412.1   448.7   498.7   573.7   729.9  1037.9  2575.0  69099.0    69482
read      298.9   110.2    93.8   149.9   165.3   289.8   347.0   375.8   395.8   418.9   448.1   493.5   581.1   735.9  1045.7  46869.0    46749
read      306.1   147.8    86.8   145.6   160.9   281.9   347.3   383.9   410.2   443.6   487.9   552.5   683.0  1148.8  3919.3  65150.0    65109
read      304.9   150.6    93.8   150.7   167.1   290.2   347.7   378.5   399.1   423.6   454.5   502.1   607.7  1731.3  3803.3  46691.0    46501
read      338.0   322.3    86.8   154.4   172.3   282.2   340.2   373.3   397.1   426.8   468.9   570.3  1657.2  3743.9  7983.6 109008.0   109480
read      275.5   102.1    86.8   141.9   156.4   259.4   320.8   350.4   369.9   391.8   417.4   453.5   529.5   666.4  1075.2  69278.0    69433
read      282.3   108.2    93.8   145.9   161.1   271.5   329.7   357.5   375.6   395.1   418.8   453.2   528.0   698.4  1710.5  58299.0    58157
read      276.9   110.4    86.8   141.1   155.5   258.1   319.6   350.9   372.0   394.8   422.7   463.7   566.0   770.2  1742.8  70800.0    70737
read      294.9   131.9   101.3   158.8   175.7   297.5   337.1   356.2   369.0   383.9   400.7   428.1   486.5  1637.4  5206.1  34365.0    34617
read      270.0   104.8    86.8   138.7   152.4   250.4   312.3   343.4   364.4   387.5   414.7   454.4   541.7   700.0  2082.8  77179.0    77563
read      270.5   119.8    86.8   140.1   154.1   248.8   308.7   340.2   362.2   386.5   415.3   457.8   548.1   769.1  1888.5  89832.0    90036
read      291.1   114.9    86.8   159.9   176.4   294.1   336.2   355.4   367.9   382.2   398.6   424.2   470.1   577.6  4109.0  36559.0    36689
read      287.8   100.3    93.8   150.5   165.7   284.9   337.6   361.8   377.6   395.2   416.1   444.7   503.4   628.8  1866.7  46880.0    46832
read      269.1   111.1    86.8   141.5   156.0   246.9   303.2   334.1   355.6   379.5   407.3   452.6   552.4  1128.0  2456.6 104720.0   104903
read      275.2    70.7   109.4   177.1   193.8   277.5   300.8   313.8   322.1   333.6   345.1   368.0   411.4   624.7  1003.5  14095.0    14153
read      289.8   106.8   109.4   169.2   185.9   290.5   322.6   338.8   349.9   364.6   382.0   404.6   467.1   894.8  4296.5  21661.0    21674
read      253.5   148.4   118.1   171.4   184.5   248.7   268.8   279.4   287.3   295.2   308.3   327.0   396.4  1565.1  7785.6   5864.0     5689
read      302.4   107.7    93.8   157.3   173.4   297.2   347.3   373.7   392.5   413.4   438.9   481.1   566.0   740.7  2298.0  37664.0    37781
read      277.1    82.4   109.4   173.8   188.9   277.4   304.2   317.0   326.6   337.9   351.3   372.7   431.1   885.9  3098.5  15583.0    15507
read      322.7   316.9    86.8   146.1   161.8   263.7   323.2   356.1   379.6   407.3   448.8   539.1  1670.3  3480.7  7689.1 102108.0   102064
read      274.3   123.1    86.8   141.5   155.9   255.9   316.4   347.0   367.7   390.3   416.8   454.8   538.4   727.4  3136.9  71939.0    71340
read      273.1   172.0    86.8   140.8   154.6   250.7   311.7   343.2   364.7   388.2   416.0   457.3   554.2   811.2  4753.2  79786.0    79815
read      285.4   133.6   101.3   152.6   168.0   282.9   331.0   354.1   369.5   386.4   404.2   431.7   485.9   613.9  2743.0  44105.0    44352
read      262.1   118.8    86.8   139.0   152.7   238.9   293.1   323.5   345.0   370.1   399.5   442.4   540.6  1047.2  3922.9 109579.0   109562
read      264.9   124.9    86.8   138.2   151.6   242.0   302.0   333.8   355.2   378.7   405.1   445.2   531.8   787.4  4220.9  86252.0    86219
read      283.4    96.3    93.8   149.5   164.7   280.1   331.3   354.7   370.2   387.7   406.8   434.4   501.4   709.9  1088.6  47257.0    47335
read      277.4   134.9    86.8   147.4   162.5   278.0   322.2   341.6   355.1   369.5   388.4   414.5   467.0   577.6  6736.9  41980.0    41962
read      279.0    93.0    93.8   148.1   162.7   277.9   326.8   347.6   362.1   377.3   397.1   426.9   493.6   686.5   974.6  45865.0    45802
read      276.8   130.5   109.4   174.7   190.4   274.4   299.3   313.4   322.5   334.3   346.0   369.6   425.3  1216.6  7346.0  13409.0    13389
read      352.8   342.1    86.8   144.6   161.7   275.6   337.1   372.2   400.4   439.4   517.9   835.6  2007.4  3349.2  7801.2  95286.0    95780
read      264.5   108.1    86.8   135.5   149.8   245.0   303.0   332.4   352.7   375.4   403.6   445.5   539.6   778.2  1478.7  88293.0    87844
read      280.1   142.2    86.8   141.8   157.1   267.8   324.8   351.5   368.7   388.5   411.7   445.4   525.2  1590.4  4910.1  56107.0    55903
read      272.4   151.3    86.8   139.6   154.2   250.9   307.7   337.6   358.6   382.8   412.3   457.7   571.0   994.3  6407.9 101113.0   100902
read      271.4   102.3    86.8   137.9   152.2   255.7   316.3   345.2   364.8   386.4   411.6   451.0   537.0   691.4   858.1  71001.0    70988
read      280.5   134.0    93.8   141.3   156.6   272.3   327.7   353.4   370.7   390.9   414.6   448.5   512.1   726.9  6376.2  53550.0    53831
read      284.6    77.5   101.3   163.0   179.9   289.4   322.1   338.3   349.0   362.8   378.0   401.6   451.6   566.5  1350.3  26991.0    26948
read      286.6   100.3    93.8   157.0   174.1   290.1   328.1   345.6   358.6   371.9   390.4   416.0   467.7   587.6  4822.4  32284.0    32347
read      282.3    99.8    93.8   147.7   163.6   283.6   328.7   350.2   364.4   380.0   398.9   428.8   493.4   640.3  1605.8  40922.0    41050
read      277.8   112.0    86.8   141.8   156.5   268.7   325.9   352.2   369.5   389.0   411.6   443.9   512.1   671.9  2642.5  56263.0    56197
read      265.9   111.2    86.8   137.7   151.5   244.7   301.9   332.9   353.9   376.5   404.6   448.3   545.8  1036.4  2193.8  94791.0    94617
read      267.6   103.6    86.8   135.5   149.7   251.4   311.9   340.7   360.6   382.4   407.8   445.4   525.5   688.6  1653.5  71518.0    71839
read      271.8   105.7    86.8   139.4   153.6   251.8   313.4   344.0   365.4   388.9   416.5   456.6   547.8   820.1  1314.1  79160.0    79082
read      273.5   124.4    86.8   141.9   156.9   252.3   308.6   338.1   359.1   383.3   413.1   458.9   571.1  1077.0  3786.2 107318.0   107630
read      277.9   101.1    93.8   142.2   157.4   265.4   325.2   353.2   371.9   392.6   416.8   451.3   524.8   693.0   942.8  60393.0    60164
read      269.2   142.6    86.8   139.0   153.1   246.5   303.8   334.7   356.0   380.1   408.8   453.8   555.2   989.4  6994.3  97957.0    97878
read      276.5   104.3    86.8   141.2   156.0   261.5   323.2   353.0   372.4   393.6   418.3   453.5   524.5   732.9  1339.9  63534.0    63680
read      272.8   111.7    86.8   140.2   154.4   253.4   316.2   346.9   367.6   390.0   416.1   453.7   530.7   800.2  1831.8  73879.0    73888
read      277.1   114.9    86.8   141.0   155.7   259.4   321.8   351.3   371.3   393.3   419.4   458.4   550.1   844.4  1673.0  65663.0    65499
read      283.3   223.6    86.8   140.6   155.0   251.6   309.8   341.0   363.5   389.1   420.6   468.3   654.8  3027.3  7748.8  97691.0    96906
read      264.7   109.6    86.8   139.3   153.0   243.3   299.0   329.4   350.3   374.1   402.0   444.8   543.7   916.5  3247.9 103319.0   103287
read      284.4    97.1    86.8   148.3   163.5   279.2   334.5   359.6   375.9   393.3   413.9   444.0   505.4   626.1  1221.7  49510.0    49664
read      290.2    89.5    93.8   161.6   177.3   296.1   333.8   351.5   364.0   377.3   394.9   420.4   470.7   584.4   998.2  32738.0    32535
read      289.7   124.2    93.8   151.2   167.1   285.3   338.1   362.3   377.7   395.1   416.2   446.2   505.1   683.1  4874.4  46811.0    46477
read      257.0    75.8   127.6   175.0   187.4   255.9   275.5   286.6   293.6   303.1   315.7   337.2   400.6   908.8  3297.9   7458.0     7459
read      306.9   149.8    93.8   144.5   159.1   275.7   341.7   381.1   410.5   449.1   502.0   583.2   757.2  1190.3  2919.6  73298.0    74137
read      293.7   121.4    86.8   143.7   158.7   277.4   336.8   368.3   391.1   418.0   453.4   506.9   627.7   939.1  1672.7  57057.0    57061
read      297.9   107.3   101.3   159.3   175.9   295.0   339.8   363.3   379.5   397.7   421.3   457.6   540.5   776.9  4131.6  34470.0    34213
read      261.4    66.8   118.1   174.8   188.8   261.3   281.5   292.3   299.9   310.0   320.0   340.3   397.6   893.5  2427.2   7290.0     7432
read      299.8   112.4    86.8   155.3   171.7   294.9   347.2   374.1   392.1   411.9   435.5   471.0   548.9   672.6  1492.8  40776.0    41605
read      301.1    95.8   101.3   162.0   178.2   302.5   346.5   368.0   382.8   399.0   421.0   453.8   519.5   681.0  1733.7  32908.0    32998
read      297.3   127.2    93.8   144.2   159.2   277.2   341.0   374.9   398.9   428.0   467.7   528.1   638.2   817.6  1879.0  61501.0    61636
read      300.2   164.7    86.8   142.0   157.0   271.7   338.5   374.2   399.6   430.9   471.1   535.9   703.6  1977.1  4208.5  64791.0    64695
read      311.0   345.9   118.1   174.7   192.4   288.4   315.2   329.9   340.3   353.8   372.6   413.2   815.0  6895.1  9203.6  14123.0    14063
read      289.8   149.8    86.8   140.3   154.6   253.2   316.4   351.9   377.4   408.7   454.5   546.2   854.1  1392.9  1786.5  91364.0    91302
read      251.9   124.7   109.4   167.7   179.4   247.2   267.8   278.0   286.5   294.9   309.5   333.2   439.1  1179.4  5412.1   6205.0     6064
read      351.7  1586.5    93.8   155.1   170.9   297.1   352.3   382.0   401.5   426.7   459.9   512.2   671.7  1798.3 69036.1  40881.0    41354
read      276.2    75.8   101.3   166.6   181.9   277.4   307.6   322.6   333.8   344.9   361.7   385.5   435.4   876.1  1704.1  19785.0    19863
read      279.4    83.3   101.3   167.3   182.9   279.3   308.7   324.7   336.3   348.3   365.6   390.5   450.2  1031.0  1892.7  19554.0    19488
read      267.5    80.9   109.4   170.4   185.3   266.6   291.0   304.2   313.8   324.4   338.8   360.4   410.7  1316.9  2123.6  14025.0    14040
read      286.8    79.6   101.3   169.4   186.1   287.8   319.6   335.8   346.1   361.2   378.0   403.0   467.8   795.9  1841.0  19648.0    19538
read      283.0    93.4   109.4   166.2   183.2   284.7   315.4   331.6   342.4   355.8   371.1   396.1   447.1   825.9  4870.5  20416.0    20199
read      335.5   407.4    86.8   143.0   159.1   262.0   316.9   347.5   370.4   398.0   436.0   529.5  2903.3  3734.4  7996.4 106279.0   106657
read      264.4   141.0    86.8   137.6   151.0   241.1   299.4   330.8   352.1   375.6   403.6   445.1   537.3   950.0  5414.5  92172.0    92457
read      278.3   183.2    86.8   139.7   153.6   248.3   308.2   339.7   361.7   386.3   415.9   461.9   648.9  2842.2  4028.1  92979.0    92780
read      275.5   110.8    86.8   139.1   153.2   256.7   319.9   350.6   371.7   394.4   421.4   460.8   549.9   928.4  1972.6  68293.0    68203
read      270.8   110.2    86.8   138.8   152.7   249.7   311.9   343.2   365.1   388.9   417.0   458.9   548.0   779.0  1482.4  81974.0    81753
read      282.6   163.3    93.8   141.1   155.6   266.2   325.9   353.2   371.8   392.4   417.0   453.4   540.9  2534.1  5628.0  58000.0    57748
read      283.9   104.9   101.3   168.3   185.4   287.9   316.5   331.0   340.5   351.8   366.6   388.7   433.1   840.3  3205.7  21107.0    21027
read      287.5   158.4    93.8   147.6   162.8   279.1   333.4   358.1   374.3   392.9   415.2   448.3   517.5  1568.6  6001.1  49612.0    49680
read      272.8   119.8    86.8   140.0   154.0   251.6   314.7   345.7   367.3   390.8   418.5   457.9   539.7   738.9  3399.9  82139.0    82042
read      267.8   108.0    86.8   139.6   153.5   245.6   305.4   337.2   359.2   383.2   410.5   451.9   543.0   856.2  2237.2  93623.0    93691
read      287.0    98.1    93.8   150.4   166.4   285.2   337.1   360.2   374.8   392.1   411.7   438.9   500.0   616.5  1663.3  45657.0    45291
read      288.9    88.0    93.8   161.2   177.9   294.2   330.5   347.6   359.8   372.0   389.6   413.5   467.9   722.8  2193.1  30411.0    30437
read      274.8   111.4    86.8   139.2   153.2   257.4   321.0   350.8   370.8   392.5   418.4   456.2   537.1   742.8  2629.7  67542.0    67422
read      270.9   108.5    86.8   139.0   152.6   253.8   316.5   345.9   365.6   386.6   410.5   446.6   523.1   689.4  2721.1  69746.0    69956
read      288.3    91.5    93.8   156.6   172.8   291.9   333.5   352.7   366.2   381.3   398.7   425.7   475.3   622.8  2805.9  35291.0    35404
read      272.6   125.4    86.8   139.5   153.1   250.0   313.9   345.0   366.0   389.0   416.0   456.3   557.1  1068.3  3191.4  80225.0    80225
read      276.3   142.4    86.8   141.2   155.6   249.1   306.5   337.4   359.5   384.5   414.8   463.7   634.6  1877.7  2490.5 105647.0   105585
read      277.1    94.2   101.3   166.6   182.9   278.1   306.8   320.8   332.0   343.4   360.0   383.8   437.4  1172.4  2286.9  20098.0    20088
read      266.2    83.5   101.3   171.8   187.0   265.7   289.3   301.6   310.6   319.7   334.0   353.2   402.6  1048.0  3170.6  12573.0    12672
read      268.6    78.8   109.4   166.9   181.3   268.7   293.6   306.5   315.1   325.5   340.9   366.0   432.2  1102.4  1256.4  15706.0    15696
read      284.1    79.7   109.4   160.9   176.5   286.4   323.5   341.4   354.3   369.0   387.6   412.6   466.4   569.4   907.3  25825.0    25951
read      286.8   148.3    86.8   137.7   151.3   265.0   328.1   361.6   385.2   412.5   447.4   499.7   617.4  1432.9  4534.5  64895.0    65007
read      252.7    60.9   118.1   169.9   182.8   252.9   274.8   286.4   293.6   303.2   315.1   335.6   383.6   911.2  1282.0  10157.0    10189
read      280.6   124.6    86.8   135.9   149.4   255.7   320.8   356.2   381.8   410.4   447.7   502.6   620.0   979.1  1838.3  77291.0    78008
read      257.6    75.6   109.4   167.8   181.6   258.8   280.9   292.2   300.3   311.1   322.5   342.8   390.8   892.1  2963.9  12606.0    12678
read      269.6    93.3   109.4   167.5   182.8   270.5   295.7   309.0   317.6   328.8   342.0   364.4   416.5   984.8  4544.9  15806.0    15922
read      286.4   104.0    93.8   146.3   161.8   280.6   330.0   355.5   373.3   394.0   419.6   459.8   547.4   757.0  2024.8  41598.0    41774
read      282.6    98.9    93.8   149.7   164.2   280.0   325.8   348.6   365.7   384.3   404.5   436.6   505.9   663.7  2152.8  38641.0    38788
read      283.1   106.0   101.3   153.1   167.9   281.4   323.7   344.7   360.0   376.0   397.4   428.8   498.7   690.4  2339.7  34353.0    34559
read      281.6   112.6    86.8   138.5   152.4   268.9   326.4   356.5   377.6   400.6   429.9   475.8   567.0   853.2  1943.8  54664.0    54825
read      286.1   111.5    93.8   145.2   160.6   278.9   331.0   357.4   375.4   396.0   421.1   458.6   542.3   727.3  2463.0  42454.0    42697
read      262.9    76.5   109.4   169.0   184.1   263.2   287.3   299.7   309.1   318.5   333.3   354.6   403.1   875.7  3325.9  12754.0    12669
read      282.7   125.2    86.8   134.4   148.3   260.2   324.5   359.2   384.2   412.9   450.0   504.8   631.0  1016.5  1473.9  69728.0    70047
read      286.5   162.7    86.8   140.4   155.0   252.5   314.1   348.5   374.4   403.9   445.0   518.2   747.5  1839.4  3686.2  95991.0    96137
read      258.9   103.2    80.4   135.6   149.0   235.5   295.1   327.1   348.7   372.5   399.7   438.0   518.5   772.4  1176.1  92809.0    92934
read      285.7   105.5   109.4   168.5   185.8   286.1   316.5   332.4   342.8   356.4   371.9   398.2   467.5   858.7  6130.0  20757.0    20597
read      283.3   136.2    86.8   135.7   149.5   260.6   324.4   357.6   380.2   405.0   438.3   493.1   635.3  1430.5  2510.4  66220.0    66597
read      279.6   121.8    86.8   134.6   148.8   263.6   323.3   353.8   374.5   399.5   430.6   477.5   585.1  1081.9  1936.5  59939.0    59987
read      282.6   147.5    86.8   133.8   148.2   265.3   324.4   354.7   375.6   400.2   431.8   480.9   598.5  1364.4  4443.1  58700.0    58456
read      279.1   128.1    86.8   133.3   147.6   262.2   323.0   354.0   375.4   400.1   431.2   477.5   574.4  1136.9  2771.0  60022.0    59958
read      275.9   226.2    86.8   134.6   148.7   243.1   304.7   337.2   360.3   387.5   423.9   491.7   722.4  1449.6  7596.7  97996.0    98221
read      281.2   177.3    93.8   141.0   155.7   269.1   328.5   354.5   371.6   391.1   414.0   448.3   529.4   847.7 11282.9  55798.0    55912
read      290.1   107.7    93.8   151.1   167.8   292.2   337.4   358.8   372.9   389.9   409.0   437.1   503.0   642.3  3719.9  38966.0    39018
read      278.5    92.4   101.3   165.7   182.2   281.0   310.0   324.6   335.7   346.7   363.6   387.6   436.7   684.4  3023.7  18709.0    18747
read      281.8   114.4    93.8   136.7   150.8   266.2   326.6   358.0   380.1   404.5   435.8   485.6   581.2   894.8  1256.7  59745.0    60013
read      272.6   124.0    80.4   136.3   149.9   247.9   311.6   344.8   368.5   394.9   427.4   475.0   586.1   842.0  3203.1  86073.0    85584
read      272.7   138.6    86.8   139.7   153.3   248.3   310.6   342.3   363.8   387.4   415.3   457.3   577.3  1070.9  3823.5  84680.0    84809
read      274.5   169.6    86.8   138.9   152.5   247.2   307.8   339.8   361.7   385.7   414.4   457.8   588.1  2169.7  5863.4  85686.0    85435
read      273.9   114.5    86.8   140.9   155.5   249.8   310.8   342.4   364.6   389.5   419.5   463.3   589.0  1153.7  1587.6  94459.0    94907
read      281.9    83.0   109.4   174.1   190.4   283.6   311.1   325.3   335.7   346.1   362.9   386.9   435.1   843.8  2851.3  16380.0    16437
read      287.8   129.7    86.8   139.8   153.8   261.6   328.2   362.5   386.5   414.7   453.4   518.8   669.8  1079.6  1474.7  78393.0    78505
read      272.9   178.5    86.8   138.1   151.5   251.6   314.6   344.3   364.6   387.1   413.7   452.8   541.0   912.5  8696.5  77203.0    77219
read      271.7   113.1    86.8   137.9   152.0   251.0   312.1   343.2   364.7   388.1   416.5   460.7   562.9   940.9  1868.1  86368.0    86414
read      271.4   113.4    86.8   137.0   151.1   253.9   314.8   343.8   363.4   385.2   411.4   452.0   543.4  1061.8  1659.1  73694.0    73427
read      266.8   106.5    80.4   137.1   151.1   245.1   304.6   336.2   357.9   381.8   410.1   453.4   557.8   812.6  1441.5 100135.0   100497
read      270.2   144.8    86.8   137.5   151.0   245.5   305.2   337.4   359.2   383.3   413.2   458.5   570.5  1307.5  4687.8  96136.0    96416
read      274.9   132.5    86.8   136.9   151.3   254.9   317.8   347.5   368.4   390.9   417.8   459.1   567.0  1092.7  5020.0  71478.0    71637
read      284.0   110.8    86.8   152.8   169.3   287.1   327.1   345.3   358.4   371.8   390.9   417.9   470.1   579.2  3470.8  33087.0    33216
read      276.3   101.5    93.8   139.8   154.0   265.2   326.6   353.9   371.3   391.1   414.1   447.8   522.0   659.8  1029.4  58710.0    58699
read      278.5   108.4    86.8   140.3   155.2   272.9   328.8   354.0   370.5   389.4   411.2   443.4   509.7   638.5  2304.8  54030.0    53809
read      276.7   141.7    93.8   138.3   152.1   255.2   320.2   351.2   371.8   394.1   421.1   461.1   566.7  1108.2  4594.8  72645.0    72797
read      275.9   141.0    86.8   140.3   155.1   253.2   312.6   343.7   365.4   389.5   419.3   464.7   575.7  1112.9  5511.6 107444.0   107267
read      279.6   101.4    93.8   142.4   157.2   270.0   330.1   357.2   374.3   393.9   417.4   451.1   522.1   645.9   866.1  55788.0    55877
read      269.0   107.1    86.8   137.0   150.5   250.7   314.2   344.8   364.7   386.1   411.0   449.4   528.0   664.0  1955.7  70755.0    70507
read      281.2    94.4    93.8   145.4   161.0   278.6   331.1   354.3   369.5   386.6   404.8   435.0   498.3   610.5   734.3  46932.0    46741
read      287.1   136.2   101.3   153.3   169.0   287.2   330.5   349.9   363.6   378.0   396.2   423.4   479.7  1142.5  6146.9  36566.0    36507
read      286.9    89.9   101.3   158.9   175.3   292.9   329.7   346.2   359.1   372.3   389.8   413.1   463.1   573.6  2629.1  30756.0    30697
read      287.0   100.9   101.3   164.8   181.4   293.5   325.9   340.8   351.2   363.7   377.7   400.8   449.0   542.0  3907.1  25455.0    25261
read      288.1    81.9   101.3   163.6   180.8   294.7   326.7   342.2   353.3   365.5   380.3   402.9   459.2   681.7  2444.8  25458.0    25212
read      290.1    93.6    93.8   157.9   174.2   295.6   334.7   353.5   366.4   381.0   398.4   426.0   479.2   589.1  1004.7  33778.0    33805
read      275.1   110.4    86.8   139.7   153.9   253.9   316.5   348.5   370.3   394.4   424.1   466.3   570.2   772.3  2232.8  76839.0    76345
read      263.8   131.6    86.8   137.8   151.2   240.5   299.4   330.2   351.4   374.9   403.1   444.9   537.6   747.6  5191.0  95470.0    95558
read      293.6    97.9    93.8   165.4   182.6   300.4   334.5   351.1   363.0   375.1   393.0   417.3   465.1   598.6  3947.8  28745.0    28428
read      289.7   111.2   101.3   169.7   186.8   290.5   323.5   340.0   351.6   365.5   382.7   407.2   460.9   727.8  4611.2  21762.0    21673
read      295.1   317.8    86.8   138.4   152.2   249.4   310.4   343.4   367.0   394.3   428.8   487.2   978.8  5488.8  8377.8  88699.0    89018
read      284.1   106.4    93.8   148.0   163.1   281.3   333.3   356.7   371.9   389.9   410.3   438.9   503.2   648.2   919.2  46923.0    46753
read      287.9    88.0   101.3   156.9   173.1   293.0   333.1   351.9   364.8   378.8   396.4   422.9   471.2   627.9  1915.7  34081.0    34034
read      282.9    99.8    93.8   146.6   161.9   279.1   332.1   356.3   372.0   390.0   410.5   441.1   503.5   634.4  1367.5  47279.0    47329
read      279.7   104.5    93.8   142.8   158.0   269.0   329.3   356.4   373.8   393.4   416.4   449.1   508.8   668.1  2314.9  56919.0    56893
read      284.1   104.8    93.8   151.5   167.1   286.1   330.5   351.1   365.0   380.4   398.8   426.5   474.8   546.7  1295.7  38814.0    38690
read      269.6   105.1    86.8   138.5   151.8   248.3   312.0   343.9   365.9   390.0   418.0   457.0   537.4   771.6  1073.6  79776.0    79988
read      275.0   148.7    86.8   143.0   157.9   250.5   306.3   337.0   358.7   382.9   412.3   458.0   578.3  1908.1  4459.4 108237.0   107429
read      285.9    93.3    93.8   151.1   166.9   286.5   334.0   356.1   370.4   387.4   406.0   434.9   490.4   593.9   868.8  43648.0    43713
read      269.3   103.8    86.8   139.0   152.5   249.2   312.3   343.5   364.8   387.8   414.2   452.1   531.8   658.2  1808.2  76704.0    76624
read      269.5   102.8    93.8   138.8   152.4   251.1   314.4   344.6   364.3   385.6   410.0   445.6   523.1   691.1  1133.2  71387.0    71700
read      285.1    95.2    93.8   153.0   169.4   287.2   331.0   351.8   365.9   381.5   399.4   426.0   471.9   580.4  2032.8  40789.0    40703
read      274.5   140.5    86.8   141.6   155.8   250.0   310.1   341.4   363.6   388.4   418.1   460.4   571.8  1582.0  3360.5  95332.0    95489
read      283.7    94.3   101.3   173.3   189.1   285.7   312.8   326.7   336.9   347.2   364.2   387.7   433.9   852.1  4245.4  18661.0    18531
read      351.3   391.4    86.8   146.7   162.8   270.1   325.1   357.9   383.1   417.2   471.9   719.4  2421.6  3578.0  7924.4  99061.0    99369
read      292.9   105.3    93.8   165.7   182.9   298.0   333.3   350.0   362.0   373.9   392.1   417.4   466.0   558.7  3159.2  29145.0    29286
read      291.0    94.5    93.8   153.2   169.8   291.1   341.6   363.8   378.1   394.7   414.5   441.5   502.4   607.0   725.4  42721.0    42988
read      276.3   154.8    80.4   139.4   153.8   257.0   320.4   350.3   370.2   391.9   417.8   455.5   541.9   788.1  7670.8  68840.0    69249
read      259.4    64.2   127.6   173.8   187.7   260.2   281.1   291.9   299.4   309.5   319.6   339.8   383.0   924.7  2071.4   7876.0     7889
read      281.3   125.0    86.8   139.0   153.5   268.9   325.9   355.4   375.6   398.0   426.8   469.7   552.6   714.3  4027.1  51474.0    51783
read      280.4    96.1    93.8   147.5   162.3   277.9   324.3   347.0   363.5   381.4   402.0   434.6   502.4   593.6  1292.8  38201.0    38634
read      270.5   163.6    86.8   134.7   148.2   243.4   306.6   340.1   363.3   389.4   421.5   470.5   598.2   945.7  7467.1  86198.0    86204
read      272.3   121.9    86.8   141.3   156.0   250.3   306.3   336.9   358.6   382.8   411.8   456.8   571.1  1158.4  3139.8 110145.0   109534
read      281.0    93.2    93.8   148.2   163.8   280.7   329.4   351.2   366.0   382.3   400.5   428.6   484.3   578.5  1953.4  45531.0    45136
read      276.2   102.5    86.8   141.1   155.3   265.1   325.2   352.1   370.3   390.4   413.3   444.6   509.3   719.0  1360.7  59931.0    59949
read      273.5    99.8    86.8   140.6   154.2   261.5   322.7   350.2   367.9   387.1   408.7   439.9   506.4   641.5  1275.8  61635.0    61681
read      268.4   119.9    86.8   138.0   151.2   248.7   312.0   343.0   363.2   384.9   409.6   446.0   520.7   727.1  2507.0  76190.0    76329
read      282.6   130.9    93.8   149.1   164.0   280.0   329.4   351.4   366.5   383.2   401.5   429.9   487.7   628.7  6253.8  44332.0    44322
read      280.4   110.0   101.3   164.6   180.7   281.6   311.5   325.8   336.0   346.3   363.1   387.1   445.6  1622.6  3434.3  20911.0    20698
read      286.9   139.5    86.8   139.9   153.5   255.4   320.7   356.5   381.3   410.9   452.9   529.8   725.3  1257.3  2365.6  84590.0    84853
read      268.2   101.9    86.8   137.3   151.0   248.9   312.4   343.5   363.8   385.7   411.2   450.0   531.7   658.4   786.7  75907.0    75889
read      264.4   122.9    86.8   136.0   149.8   242.4   301.7   332.6   353.8   376.6   403.5   444.3   539.5   848.0  5172.7  97871.0    98396
read      282.8   127.0    86.8   143.5   158.6   272.4   330.3   356.6   373.5   392.6   414.9   447.3   524.9  1287.4  3525.9  53698.0    53818
read      288.7   113.8   101.3   162.9   180.1   293.8   327.2   342.9   354.5   367.2   383.3   404.4   463.7   585.8  5312.6  26580.0    26200
read      280.9   102.3    86.8   142.7   157.5   272.1   331.6   358.0   374.8   394.3   417.2   449.8   526.2   696.1   981.6  54846.0    54761
read      267.5    71.9   101.3   171.7   187.5   268.4   291.9   304.6   313.3   322.8   337.7   359.3   404.3   894.6  3085.0  12290.0    12268
read      280.8   113.2    86.8   139.1   152.8   267.9   327.3   357.0   377.1   400.3   429.3   471.5   559.8   748.9  1945.9  52047.0    52324
read      278.6   168.4    86.8   136.6   150.5   240.0   298.2   333.0   358.0   388.0   428.8   520.7   890.5  1358.6  3807.3 106292.0   106440
read      257.1   109.1   118.1   171.7   185.7   256.9   276.3   287.6   294.7   304.8   316.7   336.5   384.9   941.1  7134.2   7203.0     7154
read      280.0   129.8    86.8   138.2   151.9   252.5   317.0   350.9   374.5   401.4   435.3   496.6   685.2  1106.3  2321.6  86148.0    87362
read      286.4    95.5    93.8   149.7   165.1   286.4   336.2   358.5   373.1   390.3   409.7   437.4   499.5   615.9  1567.9  44092.0    43716
read      288.7    90.4    93.8   164.4   181.4   294.9   328.3   343.9   355.8   368.6   385.4   407.6   456.5   508.9  3865.7  26826.0    26737
read      292.2   111.8    93.8   151.5   167.7   293.2   340.6   363.3   378.3   394.5   414.2   442.1   506.1   983.5  3383.8  41348.0    41596
read      269.1   131.5    86.8   136.7   150.2   245.7   308.8   340.7   361.6   384.5   411.8   454.2   557.4  1026.6  4568.5  85404.0    85490
read      270.8   117.9    86.8   136.1   149.9   248.3   312.6   343.6   364.9   387.8   414.6   455.7   571.0  1241.6  2594.4  77477.0    77612
read      266.7   107.3    86.8   137.8   150.7   246.1   309.0   340.0   360.8   383.3   409.1   447.9   525.7   684.0  2101.5  78097.0    78124
read      273.4   106.1    86.8   139.1   153.2   255.4   319.7   349.9   369.9   392.0   418.1   455.1   538.6   679.3  1501.0  69019.0    69632
read      287.6    98.4    93.8   152.4   168.3   290.4   335.5   356.1   369.5   384.9   401.5   428.8   479.5   700.7  3014.6  39086.0    39180
read      280.5    88.5   109.4   173.0   190.2   282.7   309.6   322.6   332.8   343.1   357.9   376.5   425.3   919.6  3600.5  16069.0    15803
read      288.7   108.1    93.8   148.0   163.1   284.9   333.8   357.8   373.6   393.1   416.5   452.3   537.9  1177.9  2082.4  37202.0    36987
read      274.2    99.0    93.8   161.3   176.7   275.2   305.8   320.6   332.4   344.4   361.6   385.4   433.7   955.2  4572.7  20063.0    19833
read      283.5   115.3    86.8   143.3   158.3   273.8   328.4   355.6   373.6   394.7   420.7   459.6   544.7   919.8  3384.7  46398.0    46567
read      287.6   119.0    86.8   140.3   154.7   272.8   332.8   363.9   385.8   411.0   443.8   495.6   592.7   902.4  1899.1  57387.0    57368
read      283.4   112.6   101.3   148.6   163.9   281.6   327.7   349.7   364.7   381.4   401.0   431.6   499.0   925.0  3356.0  36054.0    36003
read      289.4   189.8    86.8   134.1   147.9   260.8   327.1   359.7   382.9   409.8   445.5   501.2   699.8  2588.9  6994.2  68837.0    68916
read      272.0   119.4    86.8   138.2   151.8   245.8   308.6   342.5   365.7   391.4   422.9   470.7   593.5  1054.5  2075.6  92863.0    93229
read      284.4   167.6    93.8   148.0   162.9   279.2   330.7   353.4   368.2   385.2   403.8   434.5   498.2   653.6  7274.6  46873.0    46632
read      264.8   114.1    86.8   137.4   150.9   242.4   303.0   334.8   356.2   379.5   405.9   446.7   535.8   735.2  2438.6  93383.0    93663
read      270.2   117.6    86.8   140.8   155.2   248.9   306.0   336.4   357.5   381.0   409.7   453.2   550.7   974.3  4081.4 107004.0   106418
read      273.0   105.8    86.8   140.4   154.2   261.1   322.1   348.5   366.6   385.9   406.8   436.2   500.4   642.9  2197.6  60814.0    60496
read      272.6   132.8    86.8   140.9   155.4   249.0   306.1   336.3   357.4   381.2   409.6   455.7   577.8  1756.2  3365.3 108497.0   109057
read      264.1   112.4    86.8   138.1   151.6   242.2   300.7   331.9   353.2   376.5   403.8   444.8   537.7   753.1  2317.2  96652.0    96861
read      267.2   108.8    86.8   138.2   151.5   245.0   307.0   338.9   360.2   383.2   409.4   449.1   548.9   834.8  1401.2  85951.0    86255
read      280.5    80.9   101.3   162.5   178.3   285.0   317.5   333.4   343.5   356.5   370.9   394.1   438.2   621.2  2007.8  25760.0    25686
read      271.7   107.0   109.4   164.6   180.7   272.5   300.2   313.8   322.8   335.2   348.1   370.2   417.6  1149.6  7056.0  17206.0    17483
read      275.8    89.4   101.3   152.7   168.2   277.7   314.8   333.5   345.9   361.5   379.1   404.7   460.5   546.7  3778.6  29141.0    29211
read      281.1   149.4    86.8   137.8   151.3   267.0   325.6   355.0   375.0   398.3   428.2   474.4   573.5   872.3  2952.3  55477.0    55328
read      274.7   131.3    86.8   138.7   152.6   249.3   312.7   345.8   369.2   394.8   426.3   473.2   587.2   968.8  4827.7  87598.0    87592
read      289.0   109.6   109.4   171.0   187.9   294.6   324.9   339.9   350.0   362.4   375.1   398.6   438.1   524.7  1345.5  23966.0    23882
read      287.3   113.9    93.8   151.0   166.6   284.6   334.9   358.3   373.5   391.1   410.8   436.6   499.5   668.5  3985.3  44309.0    44790
read      263.2    57.8   109.4   170.9   185.7   265.9   288.4   299.6   308.2   316.8   329.2   345.4   390.1   747.2  1135.4  12064.0    12236
read      284.3   122.3    93.8   146.3   161.2   277.9   330.8   356.3   373.1   392.6   416.0   451.7   530.6   683.5  3456.3  42665.0    42928
read      390.9   634.1    86.8   142.9   158.5   265.3   323.4   354.5   376.5   403.3   441.6   534.1  3452.8  7156.1  8121.3 103661.0   103959
read      253.5   123.2    80.4   135.0   147.8   230.7   287.2   319.3   340.8   364.4   391.5   428.0   497.4   672.4  1545.9  97775.0    97347
read      272.7   106.8    86.8   140.1   153.9   255.8   317.9   347.4   367.4   388.9   413.6   448.8   519.5   687.0  3000.9  67948.0    68379
read      269.0   108.4    86.8   140.8   154.4   247.0   307.0   338.9   361.0   385.3   413.9   455.2   543.0   733.3  1773.4  92220.0    92596
read      263.2    63.4   118.1   173.4   188.7   263.8   286.5   297.9   307.2   316.5   329.2   345.6   393.6   887.7  1958.5  10385.0    10055
read      292.4   146.6   101.3   160.8   175.9   291.2   331.5   351.5   365.9   382.1   401.4   432.7   502.7   814.3  8153.8  29326.0    29634
read      258.5    59.6   118.1   174.0   187.6   258.8   280.4   291.8   299.5   309.9   320.2   342.2   389.9   856.3  1896.0   9335.0     9324
read      281.8    90.3   101.3   155.7   171.0   284.0   321.8   341.6   355.0   369.3   388.4   416.3   471.5   644.2  2995.2  29793.0    30076
read      331.3   451.7    86.8   139.9   154.1   254.1   310.5   341.0   363.2   389.0   423.5   494.1  3278.0  3899.9  9028.3  99847.0   100150
read      285.7    95.4   101.3   163.9   180.5   291.6   323.3   339.2   349.8   362.8   376.8   399.4   449.9   657.1  4543.4  27543.0    27527
read      272.2   114.2    86.8   141.3   155.5   250.1   308.5   339.5   360.7   384.5   413.3   458.4   577.7  1130.5  2143.6  95165.0    95171
read      286.8   143.3    93.8   152.6   168.6   285.9   333.7   354.9   368.4   383.9   401.0   428.2   485.8   669.4  3761.4  40613.0    40523
read      259.4    80.3   109.4   169.4   183.3   259.7   282.5   293.5   302.0   312.5   324.5   343.4   392.7   899.5  3901.3  11292.0    11422
read      251.7   132.4   101.3   168.5   181.3   248.3   269.5   280.6   288.5   296.5   310.4   330.2   375.0   926.8  6315.2   9147.0     9200
read      283.5   127.7    93.8   146.4   161.7   276.5   328.8   353.8   370.7   390.6   414.4   450.7   527.2   662.4  4002.8  42281.0    42816
read      258.6    92.5   109.4   170.8   184.1   256.7   279.2   291.8   300.3   310.6   320.8   342.6   395.1  1020.4  3906.8  10928.0    10698
read      287.2    95.5   109.4   167.1   183.3   287.4   319.5   336.6   347.7   362.1   377.8   402.8   465.1  1202.5  3615.6  22112.0    22301
read      280.8   105.0    93.8   142.7   157.0   270.2   325.3   352.5   371.8   393.9   421.5   463.0   542.2   734.0  1465.7  48490.0    48159
read      285.3   110.7    93.8   149.1   163.9   279.7   329.5   353.9   370.8   390.0   412.7   447.8   525.7   845.4  2353.4  40175.0    39987
read      282.0    97.4   101.3   153.3   168.5   282.6   325.1   345.0   359.1   373.4   393.7   422.4   482.6   604.8  3160.6  32989.0    33067
read      288.5   160.9    86.8   138.2   151.6   265.8   330.2   362.5   385.2   411.2   446.3   502.6   662.0  1383.9  7098.9  62677.0    62704
read      290.1   158.7    93.8   140.1   154.5   271.4   330.9   361.1   382.3   405.4   436.0   485.2   605.1  2324.2  3649.8  52909.0    52778
read      293.3   203.4    86.8   137.0   150.3   259.1   324.6   360.5   386.2   417.0   458.4   524.4   743.6  2994.9  7375.7  75751.0    75981
read      286.7   126.0    80.4   138.5   152.5   262.5   327.6   363.3   388.7   418.4   457.2   515.4   643.8   894.3  1442.4  74523.0    74522
read      263.1    64.5   118.1   167.4   182.4   264.3   289.7   302.5   311.4   320.2   335.5   357.1   401.7   838.0  1783.6  14647.0    14533
read      232.5    56.7   127.6   163.7   174.8   229.7   250.4   261.3   268.7   276.4   287.9   302.9   352.6   916.5  1436.5   5468.0     5566
read      281.5   129.3    86.8   134.6   148.0   254.4   320.6   356.6   382.4   413.2   453.9   513.4   647.1  1022.6  2144.5  76785.0    78062
read      271.8   149.8    86.8   137.2   150.7   246.4   309.6   342.1   364.6   389.2   419.0   465.3   582.9   951.2  6328.7  82140.0    82399
read      273.0   108.5    86.8   145.0   160.0   252.1   307.4   337.9   359.1   382.8   411.2   456.2   551.8   926.6  1433.6 108655.0   108638
read      269.4   120.8    86.8   141.6   155.8   247.0   306.5   338.1   359.7   383.6   411.5   452.0   537.3   767.1  4177.9  93687.0    93541
read      283.0   100.7    93.8   149.6   164.8   280.1   331.5   354.3   369.2   386.0   403.8   432.1   491.1   611.3  2594.0  47256.0    47145
read      277.6   115.5    93.8   147.1   162.3   256.4   312.5   342.7   364.5   389.1   419.2   463.9   570.9   847.9  3922.0 109919.0   109796
read      282.4    75.9   101.3   163.6   179.4   288.2   320.8   336.6   346.5   359.2   372.1   394.4   434.3   543.5  1676.5  26945.0    26597
read      268.4   452.8   118.1   168.2   180.3   244.4   265.3   275.3   283.7   292.0   303.5   320.7   408.6  8952.4 15417.2   7078.0     7034
read      307.8   218.3    93.8   142.2   156.3   272.6   339.4   377.2   404.2   438.7   484.8   553.9   747.6  3395.6  5125.5  71299.0    72616
read      261.7    62.4   101.3   168.0   183.0   264.1   287.0   298.3   307.6   317.0   330.6   349.0   394.7   853.5   940.8  13784.0    13584
read      277.5    72.8   109.4   166.8   183.1   279.2   308.5   323.1   334.9   346.8   363.8   387.5   437.2   629.2  1754.0  19444.0    19750
read      399.3   564.7    86.8   153.3   171.5   283.2   336.2   367.6   391.8   423.8   475.2   754.7  3384.1  5323.6  8130.3 108991.0   109139
read      271.2    71.4   109.4   171.7   186.5   274.2   298.0   311.1   319.4   330.7   342.9   364.7   403.3   852.9  2662.7  15278.0    15150
read      284.7   144.2    86.8   137.9   151.3   259.2   324.5   359.8   384.8   413.8   450.7   507.4   631.4   979.9  3943.2  74068.0    74389
read      269.0   123.6    86.8   137.4   150.9   243.2   304.5   337.4   360.1   385.2   415.3   461.6   576.9  1358.7  3196.3  87487.0    87266
read      272.9   156.7    93.8   144.0   158.6   248.7   304.6   335.3   356.8   381.2   410.5   455.5   559.7   984.7  6650.0 108080.0   108170
read      278.3   156.1    93.8   144.8   159.3   251.9   309.6   340.7   362.2   386.4   416.3   463.4   592.4  1880.3  4960.8 103282.0   103631
read      284.8    96.9    93.8   152.2   167.6   284.2   334.1   356.0   370.0   386.2   403.5   430.9   488.0   603.7   891.7  44819.0    44587
read      274.0   109.1    93.8   140.4   154.7   258.0   319.2   348.5   368.1   389.5   414.3   450.2   528.9   664.3  3081.6  66290.0    66411
read      268.5   124.2    93.8   140.1   154.1   245.5   305.1   337.1   359.0   382.9   411.3   454.1   543.4   728.0  4143.5  88969.0    89167
read      285.1   102.7   101.3   157.9   173.5   289.1   329.1   347.0   359.7   372.4   390.0   413.4   463.3   581.2  3660.2  35727.0    35723
read      270.1   122.1    86.8   140.8   154.7   247.3   308.5   340.2   362.3   386.3   413.6   452.2   535.0   896.3  3508.9  86102.0    85827
read      274.5   136.3    86.8   140.6   154.3   250.2   312.4   343.8   364.9   387.8   414.8   454.6   566.0  1638.8  2865.7  78646.0    78806
read      267.1   110.6    86.8   139.8   153.5   244.5   305.6   337.1   358.6   382.4   409.9   450.5   535.7   732.8  1817.2  89835.0    89641
read      273.2   134.5   109.4   170.7   185.8   271.5   294.8   307.3   315.4   325.3   339.6   362.5   425.1  2181.0  6253.2  14345.0    14186
read      287.6   122.8    93.8   142.8   157.2   275.4   332.7   362.3   382.5   404.1   434.6   482.9   576.0   791.6  3135.1  52159.0    52308
read      283.5   112.7    86.8   139.6   154.0   270.0   330.1   359.9   379.9   402.7   431.8   476.3   582.7   841.6  1630.3  56883.0    56743
read      284.1    94.4    93.8   150.4   165.5   281.0   329.1   352.5   368.7   387.0   407.7   439.7   507.7   624.7  1077.2  38552.0    38302
read      284.3   124.9    86.8   136.5   150.5   261.0   325.6   360.6   385.4   414.3   452.6   510.9   635.7   916.2  2236.8  71571.0    71662
read      289.7   108.4    93.8   152.0   168.6   287.1   332.3   355.6   371.5   390.5   413.3   448.9   528.4   804.6  3083.4  36212.0    36015
read      284.0   142.1    86.8   137.9   151.5   264.3   326.7   359.8   383.0   409.5   442.2   492.6   591.1  1013.4  4240.7  64808.0    65048
read      288.5   137.9    86.8   136.4   150.5   262.7   328.4   363.8   389.5   420.0   460.5   526.1   687.0  1059.1  2846.6  73187.0    72989
read      292.2   132.1    86.8   139.6   153.8   264.5   331.7   368.3   394.8   426.3   467.9   536.6   700.9   951.2  1117.3  76158.0    76390
read      289.3    89.5    93.8   167.3   184.5   294.4   327.7   342.3   352.8   364.7   378.3   401.0   451.0   602.5  3398.1  24329.0    24409
read      270.3   122.2    86.8   138.2   151.6   245.2   307.8   340.1   362.1   386.5   415.1   458.2   571.9  1374.6  2759.3  85149.0    85530
read      251.0    61.0   109.4   167.6   180.2   249.7   271.2   283.3   291.8   301.9   315.2   337.5   401.0   865.7   935.0   8465.0     8346
read      286.5   134.3    86.8   136.5   150.4   261.1   328.1   363.7   388.6   417.6   456.4   516.0   639.3  1143.8  2679.1  69265.0    69627
read      287.0   165.7    86.8   137.1   151.0   260.2   324.7   359.1   383.0   410.9   449.2   505.8   638.7  2217.1  4696.2  70524.0    70266
read      274.8   124.3    86.8   139.5   153.4   249.5   311.4   343.7   366.8   392.7   424.1   471.7   596.2  1187.9  2848.2  89134.0    89525
read      271.7   109.3    93.8   140.1   154.2   253.4   316.2   346.0   366.3   388.4   414.0   450.0   521.4   665.5  2459.7  71162.0    70975
read      286.1   112.6    93.8   150.2   165.8   281.6   333.7   357.9   373.3   390.9   410.9   439.2   498.7   851.6  4223.5  46680.0    46633
read      279.1    84.4   118.1   173.0   188.8   281.0   307.3   320.2   330.7   341.4   356.8   379.6   433.1   865.8  1787.0  17085.0    16963
read      364.6   458.8    86.8   149.8   166.5   268.9   322.7   355.0   379.2   409.7   460.6   683.4  2803.2  4174.1  8068.0 109038.0   109556
read      269.3   106.8    93.8   139.3   153.6   248.5   307.3   338.5   360.0   383.8   412.1   454.0   559.4   798.1  1433.2  91535.0    91124
read      284.0   101.4    93.8   146.4   162.1   276.5   334.4   360.3   377.2   395.0   416.5   446.7   505.9   673.6  1980.2  51259.0    51505
read      270.4   114.9    86.8   140.9   155.2   248.1   307.8   339.4   361.0   384.8   412.9   456.4   549.8   816.1  3543.8  94305.0    93804
read      279.2   101.0    93.8   143.0   157.7   267.5   328.7   357.2   375.1   394.9   418.1   450.6   516.8   629.1  1500.7  58792.0    58474
read      288.0    99.4    93.8   151.8   168.0   287.3   336.2   359.5   374.2   391.5   410.8   436.5   499.0   619.0  2632.4  43512.0    43487
read      278.4   191.3    93.8   141.6   156.1   263.0   325.9   354.3   373.0   393.5   417.2   451.5   524.0   653.9  3057.7  61865.0    61792
read      278.7   108.1    93.8   142.9   157.7   266.3   327.5   355.4   373.1   392.9   416.1   448.9   514.5   631.5  2476.7  59375.0    59548
read      289.0   130.7   101.3   152.9   168.9   286.3   335.9   358.2   372.8   390.1   409.2   435.9   498.3   686.0  4951.5  44020.0    43635
read      289.5   109.9    93.8   164.5   180.8   295.8   328.3   343.2   354.4   366.7   382.4   404.0   462.0   641.0  4992.7  27178.0    27536
read      291.2   111.5    93.8   151.6   167.5   290.1   339.4   362.0   376.6   393.3   412.7   439.5   505.5  1344.5  2351.9  43060.0    42828
read      288.9   133.4    86.8   148.0   163.7   267.1   324.4   356.0   378.0   402.7   435.1   489.5   628.2  1135.6  3805.7 108815.0   109424
read      269.8   111.1    86.8   138.3   151.7   248.1   310.0   341.1   362.1   385.3   412.8   452.5   561.0  1062.5  1777.8  78689.0    78273
read      280.9   138.4    86.8   142.7   157.5   265.6   326.9   355.6   373.6   394.0   418.4   454.4   542.6  1010.1  4230.9  60220.0    60279
read      292.1    88.8    93.8   159.1   175.6   297.0   338.4   358.2   370.9   386.0   402.2   429.1   478.5   603.9  1231.8  35447.0    35178
read      276.4   104.3    93.8   141.7   156.0   259.2   323.0   353.7   374.0   395.7   421.3   457.2   530.6   680.0  1670.4  67592.0    67279
read      270.1   104.2    86.8   139.1   153.0   249.5   311.6   343.6   365.4   388.5   414.8   453.0   541.4   744.2  1438.7  80534.0    80752
read      291.3    89.1   101.3   158.5   174.9   296.0   338.0   357.4   369.9   385.0   401.7   428.3   481.4   558.1  1799.0  34891.0    35012
read      253.1    67.8   109.4   171.6   183.6   253.1   272.5   284.3   292.5   302.2   314.4   333.8   380.6   935.8  2233.3   8094.0     7936
read      249.9    55.4   127.6   169.8   182.7   250.2   270.6   281.7   289.5   297.4   311.0   329.7   374.4   838.6   953.8   8621.0     8578
read      273.7   121.6    86.8   139.3   153.2   248.2   310.3   343.2   367.2   393.5   424.8   470.7   586.0  1181.2  2290.0  89233.0    89696
read      250.9   187.9   127.6   169.8   181.3   243.4   264.1   273.8   282.2   291.6   304.3   324.4   394.4  1840.7 10610.0   5648.0     5569
read      284.8   128.0   109.4   160.9   175.8   283.1   320.1   337.9   350.0   365.3   384.1   411.6   469.1  1851.2  3711.5  26747.0    26905
read      288.4   102.0    93.8   148.8   163.2   282.8   334.1   360.1   377.7   398.5   424.3   462.5   544.1   704.5  1152.6  42212.0    42389
read      292.7   261.4    86.8   136.8   150.8   251.6   314.6   349.2   372.7   400.4   435.2   498.4   849.8  3489.4  7468.8  84150.0    84689
read      280.6   109.5    86.8   144.1   159.0   268.1   329.6   357.7   375.6   396.2   420.6   454.0   517.4   640.3  2443.9  59242.0    59305
read      289.5   120.7    93.8   150.4   165.8   286.4   338.0   361.9   377.6   394.7   415.0   442.8   501.6   886.2  3701.4  44737.0    44512
read      271.5   108.3    93.8   139.0   152.7   251.7   315.8   346.3   367.0   389.6   416.2   454.9   532.4   686.4  2506.4  72501.0    72395
read      273.4   139.8    93.8   139.4   153.2   250.4   313.8   345.2   366.8   389.9   416.9   456.8   546.9   857.6  4307.9  74710.0    74619
read      275.4   105.3    93.8   140.9   155.2   258.4   321.9   352.1   371.9   393.3   418.7   455.2   533.7   678.0  1456.8  67280.0    67302
read      281.0   103.3    93.8   144.0   159.2   269.2   329.4   357.5   375.8   396.0   420.1   455.2   533.1   682.4  1115.5  58291.0    57822
read      254.2    96.5   109.4   168.3   182.1   252.5   273.1   284.8   292.5   301.7   313.7   332.6   394.1  1066.5  5616.9   8250.0     8117
read      327.1   333.1    86.8   148.7   163.8   261.1   317.1   351.0   375.5   406.1   454.2   596.6  2108.7  3407.7  7878.5 105098.0   106178
read      279.2    69.9   101.3   166.0   182.0   283.9   314.2   329.2   339.3   350.7   366.2   388.6   431.2   521.6   917.1  25061.0    25089
read      274.9   105.5    86.8   141.0   155.3   256.9   320.6   350.1   370.6   392.6   418.4   455.4   532.2   745.9  2040.6  69062.0    68848
read      271.0   120.0    86.8   142.2   156.6   248.2   307.4   339.1   361.2   385.7   414.9   457.5   548.2   782.5  2011.9  98249.0    98941
read      272.2   108.3    86.8   140.9   155.0   251.7   314.9   346.1   367.4   390.1   416.7   455.4   532.8   713.1  1915.8  78018.0    78157
read      274.4   114.4    86.8   145.6   160.9   254.2   309.2   338.9   360.1   384.3   413.8   459.1   561.6   785.0  3583.5 110081.0   109857
read      264.8   145.5    86.8   140.3   154.2   241.7   295.5   325.7   346.4   371.4   400.5   443.1   540.9   929.1  7542.6 109161.0   108875
read      266.1   111.2    86.8   139.2   152.8   244.4   305.4   337.1   358.2   381.4   408.0   445.5   524.6   687.7  1968.4  86253.0    86646
read      269.6   119.7    86.8   139.6   153.2   245.6   308.2   340.2   361.7   385.1   412.4   452.2   547.5  1012.8  2796.5  83126.0    83239
read      276.9   107.1    93.8   145.1   159.5   270.5   326.3   351.0   366.8   383.9   402.3   430.8   483.2   585.3  3398.0  50756.0    51061
read      268.3   114.5    86.8   139.8   153.3   245.2   304.3   335.8   357.4   381.5   409.1   450.6   563.6  1120.0  1683.0  89785.0    89906
read      279.5   112.5    93.8   145.1   160.1   268.1   328.6   354.7   371.4   390.4   412.1   442.7   505.7   632.5  3524.0  56430.0    56601
read      272.3   103.7    93.8   140.4   154.2   253.3   317.1   347.7   368.4   390.3   415.8   452.7   531.9   730.6  1358.2  70933.0    71203
read      259.9   101.9    86.8   137.7   150.6   236.9   295.8   328.0   349.5   373.4   400.7   438.1   519.2   684.7   929.4  96077.0    95942
read      272.2   101.1    86.8   141.2   155.4   254.1   317.4   347.6   367.4   388.7   413.4   449.2   520.4   682.6  1324.6  72010.0    71622
read      269.9   108.8    86.8   141.6   155.8   248.4   306.3   337.8   359.8   383.7   411.4   453.8   547.9   833.4  2597.9  96874.0    97182
read      288.5    97.0    93.8   165.2   181.7   295.8   327.3   342.5   353.6   366.1   381.2   401.7   447.2   534.0  3952.8  27878.0    27718
read      285.6    97.5    93.8   150.6   166.0   283.4   335.7   359.3   374.6   391.8   411.0   436.0   492.4   574.0  1941.0  46349.0    46519
read      265.3   100.3    86.8   138.4   151.9   243.7   306.2   337.4   358.8   382.3   409.0   448.9   522.8   637.5   771.1  83078.0    83197
read      270.1   108.7    86.8   140.6   154.7   249.7   311.8   342.6   363.5   386.3   412.8   451.2   529.2   720.5  2995.8  79747.0    79080
read      272.8   102.4    93.8   141.3   155.3   255.8   318.3   348.2   367.7   388.9   413.5   448.4   522.0   711.4  1462.9  69256.0    69401
read      282.0    98.8    93.8   151.5   166.3   280.4   330.2   352.9   367.6   383.8   401.5   428.3   477.6   551.6   924.9  45320.0    45684
read      278.6    83.6   118.1   170.7   186.4   279.4   306.4   319.6   330.4   342.0   358.5   383.1   441.3  1302.2  2296.2  18089.0    18120
read      281.6    81.8   101.3   166.9   182.7   282.8   314.4   330.8   342.0   355.9   371.8   398.0   455.1   834.7  2018.6  21206.0    21245
read      288.7   100.0    86.8   150.7   166.1   284.9   334.0   358.7   374.9   394.7   418.9   455.9   538.1   731.4  1060.8  39424.0    39039
read      284.5   123.3    86.8   137.9   151.6   263.7   328.4   363.2   387.1   413.8   447.4   497.4   595.9   902.4  2062.0  66913.0    67458
read      290.3   124.0    93.8   149.2   164.1   284.2   334.7   360.8   378.8   398.0   423.1   461.6   544.5   785.6  3984.7  42882.0    42773
read      274.7   109.4    93.8   164.0   179.2   276.2   307.0   321.8   332.9   344.0   360.7   384.0   430.8   684.7  6618.8  20849.0    20690
read      288.2   138.6    93.8   139.0   153.3   267.9   330.4   362.8   386.1   413.3   449.9   504.4   617.0  1328.3  3910.8  63333.0    63440
read      284.2   155.1    93.8   148.7   163.5   279.2   328.0   352.1   369.0   388.4   411.1   444.8   517.8   742.4  2103.0  41880.0    41615
read      332.0   373.7    86.8   140.7   154.9   254.6   314.2   347.8   373.9   405.6   455.9   614.0  2496.4  3236.5  7957.7  97274.0    97229
read      264.9   119.0    86.8   137.0   150.5   242.6   302.5   334.3   355.7   378.9   405.2   445.0   535.8   872.6  3873.8  86239.0    86249
read      287.3    72.4   118.1   171.5   188.2   293.1   321.6   335.6   344.4   356.7   370.4   394.4   441.2   752.8  1492.7  20804.0    20807
read      293.6    84.4   101.3   166.9   184.1   299.3   333.0   349.2   361.3   373.3   391.9   418.1   468.6   586.5  1800.6  26112.0    26130
read      294.8   239.5   101.3   162.4   178.7   297.6   334.2   351.6   364.0   377.3   394.8   420.3   470.0   609.4 13552.8  30681.0    30510
read      286.2   103.4    93.8   150.9   166.7   285.1   335.4   357.6   371.9   389.0   407.9   434.5   491.8   604.5  2890.1  43898.0    43868
read      285.2   200.2    93.8   143.1   158.6   270.4   328.0   353.9   371.2   390.9   413.8   446.6   518.0  3352.3  8106.4  55425.0    55324
read      275.7    85.4   109.4   164.5   180.0   278.0   307.9   322.3   333.4   344.6   361.3   384.4   433.7   733.3  2980.2  20565.0    20437
read      251.6    81.6   109.4   166.6   180.4   252.4   272.7   283.8   291.2   299.3   311.8   329.0   372.1   924.5  3406.4   9785.0     9548
read      262.3   101.5   109.4   169.5   184.4   263.1   285.8   296.4   305.9   315.8   329.1   346.3   394.3   895.0  4974.1  12238.0    12101
read      301.4   178.8    86.8   138.2   151.6   266.3   332.9   370.9   399.2   433.4   481.2   556.4   915.9  2004.7  4544.7  71623.0    72073
read      276.9    93.6   101.3   163.1   178.4   278.4   308.6   323.3   334.5   345.8   362.8   386.6   437.0  1409.0  2353.5  21384.0    21310
read      278.5   130.5    86.8   138.8   152.3   248.3   313.2   348.5   373.3   401.5   436.3   496.2   662.2  1334.2  2169.9  90164.0    90755
read      282.0   105.5    93.8   149.2   163.8   275.0   330.2   355.4   371.7   390.3   411.3   440.0   496.8   605.9  1864.6  51531.0    51252
read      282.5    96.9    93.8   147.7   162.7   276.1   332.2   357.8   374.3   392.8   414.1   443.4   502.7   648.6  1055.7  52957.0    53070
read      279.4    94.9    86.8   147.3   162.3   275.7   328.8   352.6   368.0   385.0   403.2   431.5   486.5   572.0   888.5  47866.0    48181
read      269.6   136.6    86.8   141.8   155.8   245.6   303.2   334.7   356.7   381.0   409.5   452.8   547.5   929.2  4954.2  97611.0    97336
read      266.8   106.8    86.8   139.6   153.5   245.5   303.4   335.4   357.3   381.3   409.2   450.3   538.0   738.5  2163.9  92201.0    91976
read      265.7   105.1    86.8   140.1   153.7   243.5   301.7   332.9   354.7   378.9   407.4   449.3   535.3   815.1  2081.1  94559.0    94742
read      275.4   113.2    93.8   142.2   156.4   258.7   322.0   350.6   370.2   391.6   416.3   450.3   517.3   679.4  4422.6  66408.0    66079
read      275.4   140.7    93.8   141.7   155.9   252.2   313.8   345.1   366.4   389.5   416.4   455.9   547.5  2377.9  3635.0  79668.0    79328
read      283.2    95.9    86.8   149.0   164.2   282.3   332.7   355.1   369.8   386.9   405.6   434.4   492.6   568.7   930.2  45683.0    45235
read      287.8    93.8    93.8   154.3   170.7   290.1   332.4   352.3   366.0   381.4   399.8   428.7   492.4  1007.2  1699.9  35086.0    35310
read      274.0   127.1    86.8   139.1   152.8   251.9   314.8   346.3   368.4   391.9   419.3   459.1   556.0  1313.2  3277.1  76113.0    76589
read      275.7   123.9    93.8   143.7   158.9   253.5   309.9   340.5   362.2   386.9   417.3   463.0   578.7  1208.3  3085.4 106777.0   107175
read      264.8   106.3    86.8   136.0   149.4   244.3   307.5   338.6   359.5   381.9   407.7   446.0   521.8   657.5  2131.6  78361.0    78127
read      277.3   103.5   109.4   174.3   191.5   277.6   301.7   314.4   322.8   334.6   346.4   368.9   418.5  1077.3  3871.3  13284.0    13331
read      292.4   128.5    86.8   139.8   154.1   276.1   337.8   370.5   394.0   422.0   458.7   512.8   613.2   815.9  1620.1  59500.0    59382
read      278.2   127.3    86.8   137.0   150.9   249.2   312.9   348.0   372.5   401.0   438.1   502.4   674.5  1030.0  2574.2  87143.0    87477
read      268.3   122.7    86.8   138.2   152.1   245.4   305.2   337.3   359.1   383.1   411.7   455.4   549.8   791.6  4157.5  92087.0    92020
read      295.3   180.9    93.8   149.7   166.0   269.9   326.8   357.6   379.2   403.9   437.5   495.0   653.0  2462.4  6342.8 109782.0   109297
read      287.2   113.5    86.8   151.8   167.5   286.4   335.8   358.6   373.6   389.9   407.2   432.7   487.9   579.5  4376.1  42609.0    42293
read      284.4   130.4    86.8   143.8   159.2   274.7   333.2   359.7   377.2   396.2   419.6   452.6   519.6   691.4  3484.3  53265.0    52962
read      288.0    75.5   109.4   167.9   184.6   293.8   326.0   341.4   352.3   364.8   379.5   401.5   445.9   574.3  1172.6  23593.0    23492
read      270.4   187.1   101.3   171.4   186.9   269.8   294.9   308.1   316.6   327.1   340.1   361.1   403.5   868.5  6335.7  12621.0    12594
read      285.8   168.3    86.8   135.8   149.6   259.9   325.1   360.5   385.2   413.7   451.8   507.4   655.8  1284.1  4437.5  68859.0    69120
read      283.9   132.7    93.8   139.2   153.0   267.1   327.2   359.1   380.5   404.2   436.4   485.7   585.4   842.7  4140.6  57289.0    57144
read      294.7   134.2    86.8   142.0   157.1   278.4   339.9   373.2   396.1   421.8   454.1   502.6   605.5  1128.3  3149.3  56926.0    57232
read      283.3   158.7    86.8   132.7   146.4   256.9   320.1   354.3   379.4   406.5   443.8   501.5   675.6  1948.4  3722.0  72343.0    71593
read      291.9   104.5    93.8   150.6   165.9   285.9   337.4   363.2   381.1   401.2   428.0   466.4   545.9   701.8  1275.0  40893.0    40799
read      288.9   101.8    93.8   157.3   174.2   288.3   326.9   346.3   361.6   378.1   399.2   431.6   516.5   985.8  2340.7  29947.0    29614
read      369.4   565.1    86.8   146.0   162.3   270.1   328.9   362.5   387.1   416.9   458.2   541.4  3429.2  6445.5  9986.1 106220.0   106611
read      282.6    97.4    93.8   145.9   161.8   278.0   331.9   356.4   372.5   390.8   411.8   442.2   507.5   621.2   726.7  50010.0    50009
read      281.7   106.3    86.8   144.9   160.8   279.0   328.0   351.0   366.7   384.7   405.4   436.7   502.7   799.3  1711.9  47955.0    47727
read      275.0    72.0   109.4   170.2   187.4   274.7   302.1   315.6   325.6   338.5   354.8   380.4   443.4   692.7  2287.0  15042.0    15204
read      296.5   115.8    86.8   143.6   159.6   283.7   340.6   371.7   394.2   420.9   456.3   508.7   608.1   747.0  1086.6  50161.0    50703
read      289.5   138.7    86.8   137.0   151.4   271.2   332.4   365.3   388.7   416.6   454.3   509.5   627.1   874.6  4722.5  60756.0    60979
read      281.6   104.3    93.8   144.8   160.9   278.1   324.0   347.0   364.3   383.7   407.1   444.2   518.3   666.5  1712.6  37813.0    37662
read      273.5   145.9   101.3   163.2   178.7   269.2   298.6   313.9   324.4   338.2   356.0   385.1   455.8  1379.3  7624.7  17067.0    16932
read      316.6   286.1    86.8   139.8   155.5   259.1   319.4   355.2   381.8   416.5   469.7   596.5  1584.8  3330.0  7175.8  99369.0   100183
read      274.3   127.0    86.8   137.3   151.5   256.4   317.2   346.7   366.7   389.1   416.4   457.2   545.8   844.8  4146.0  69451.0    69175
read      288.6    81.1    93.8   163.0   180.2   291.6   326.3   343.3   355.8   369.2   388.2   418.4   486.6   591.1  1122.3  27519.0    27515
read      277.4   161.3    80.4   139.3   154.6   254.0   309.2   339.0   360.6   385.4   417.2   467.7   622.1  1538.4  7224.4 106761.0   106411
read      281.1   104.4    86.8   144.6   160.5   276.6   329.4   353.4   369.4   387.8   408.8   438.6   503.9   609.4  2637.4  49539.0    49629
read      276.2   102.5    86.8   140.1   154.6   261.7   323.6   352.8   372.2   393.5   418.5   454.3   529.2   641.9   835.8  63336.0    63537
read      268.5   112.3    93.8   138.7   152.2   246.4   307.7   339.1   360.4   383.9   411.7   452.2   544.1  1044.8  2165.3  88459.0    88081
read      281.2   127.1    86.8   142.6   157.4   269.8   329.9   356.9   374.6   394.3   417.3   449.5   521.9   780.8  3976.3  55807.0    55527
read      273.0   115.2    93.8   138.8   152.7   253.8   318.3   348.9   369.3   391.7   418.3   456.1   533.7   686.7  2147.7  69593.0    69558
read      276.4   104.6    86.8   141.9   156.5   261.8   324.5   353.6   372.0   392.1   415.7   449.8   522.6   666.4  1018.1  60766.0    60702
read      271.9    90.4   109.4   172.7   188.2   273.3   296.3   308.6   316.4   326.4   340.2   362.1   413.7   913.6  4020.1  13417.0    13487
read      286.1   130.1    93.8   136.9   150.5   262.1   327.5   362.0   386.8   415.8   453.5   512.1   664.1  1085.6  1377.9  66459.0    67037
read      251.8    58.5   118.1   169.0   182.5   252.1   272.7   284.6   292.8   302.2   313.5   331.4   375.7   896.5  1516.6   8373.0     8281
read      286.0   127.8    93.8   150.7   165.7   280.3   326.7   348.8   365.1   383.4   404.4   436.6   516.7  1489.7  3426.4  34869.0    34986
read      270.5   118.6    93.8   134.2   147.6   244.4   310.6   343.3   367.0   393.2   425.8   474.8   594.1   922.0  1878.4  82146.0    82336
read      268.2   107.4    86.8   141.8   155.9   246.8   303.7   334.7   355.9   379.5   408.1   452.5   548.5   782.2  1674.5 101091.0   101465
read      267.7   112.2    86.8   139.7   153.6   246.8   309.3   340.4   361.7   384.7   410.6   446.6   518.1   631.3  1074.3  83210.0    82733
read      284.4   109.5    93.8   151.1   166.7   283.1   331.7   353.9   368.5   385.1   403.2   430.8   482.2   617.3  3946.5  44885.0    44752
read      271.2   110.5    86.8   144.5   158.8   250.3   305.7   335.8   356.8   380.8   409.2   452.1   548.4   868.4  2794.0 104818.0   104681
read      279.3    95.8    86.8   147.1   161.7   272.5   327.7   353.6   370.2   388.4   408.5   436.8   498.4   600.4   859.6  53763.0    53872
read      268.7   136.8    86.8   139.8   153.4   245.8   306.8   338.6   360.2   384.0   411.7   451.9   535.5   780.3  5602.1  87170.0    87376
read      273.9   112.4    86.8   141.3   155.6   254.1   317.2   346.6   367.1   389.1   414.3   450.0   539.9  1010.7  2364.8  70619.0    70834
read      262.8   104.4    86.8   137.9   151.2   241.2   300.7   332.6   353.9   377.4   403.4   442.0   523.0   723.1   991.3  86571.0    86701
read      279.7   100.6    93.8   144.4   159.4   270.4   328.6   355.1   372.3   391.7   414.2   446.7   511.9   703.8  1417.0  56139.0    56054
read      273.2   109.6    86.8   145.3   160.5   252.2   308.3   338.8   360.1   383.8   413.1   457.2   549.9   806.0  1868.6 106208.0   106733
read      247.3   159.7   109.4   168.1   179.7   244.1   264.0   273.3   281.4   290.8   302.4   318.8   373.1   979.6  7942.6   6521.0     6476
read      283.7    95.9   101.3   153.0   167.8   282.5   326.2   347.9   363.4   380.1   399.9   431.3   502.0   683.8  1697.6  33758.0    33857
read      266.9    88.7   101.3   165.3   180.5   267.4   292.6   306.0   315.0   325.8   340.4   363.2   412.7  1185.4  3135.8  16105.0    15953
read      282.5   104.8    93.8   148.4   162.9   277.6   327.0   352.0   368.6   387.5   409.5   444.6   523.1   716.0  1265.9  41151.0    41252
read      285.2   154.8    93.8   136.0   149.9   256.7   320.4   355.9   381.3   410.8   449.8   507.8   658.6  2074.9  3152.6  76597.0    76853
read      285.8   123.2    93.8   154.2   169.6   285.7   327.1   346.6   361.8   377.8   397.8   428.4   494.0   762.7  7074.6  33081.0    32962
read      277.8   133.0    86.8   137.9   151.1   250.5   314.9   349.1   372.7   399.9   434.5   491.1   634.7  1172.3  2886.3  83606.0    83564
read      285.8    96.1    93.8   149.7   165.1   283.5   335.7   359.1   374.1   392.1   412.6   440.6   504.9   635.5  1225.0  46153.0    46260
read      287.0    96.6    93.8   150.5   165.8   284.6   338.2   361.7   376.9   393.9   414.2   443.4   502.0   593.2  1544.3  46383.0    46426
read      269.2   110.4    86.8   140.7   154.9   247.8   305.4   336.5   358.2   382.3   411.1   455.3   551.7   774.4  2036.8 100009.0   100015
read      273.3   109.2    93.8   140.4   154.6   252.4   314.5   345.7   367.0   390.1   417.4   458.3   553.0   851.9  1397.2  78026.0    78102
read      288.9   133.8   109.4   168.6   185.1   293.7   323.9   338.7   348.5   362.0   376.0   398.7   445.2   861.9  3986.1  24180.0    24168
read      288.1    83.9   101.3   166.5   183.4   295.2   326.6   341.2   351.5   363.7   377.0   399.2   440.4   539.1  2656.3  25589.0    25529
read      285.9   252.6   109.4   167.4   183.2   275.2   303.2   317.2   327.7   339.4   354.5   376.8   452.8  5626.4  7478.6  17233.0    17342
read      283.5   123.5    86.8   137.2   151.0   260.8   324.3   359.0   383.7   411.5   448.5   503.3   635.3   922.2  1918.2  71437.0    71657
read      286.8   130.7    93.8   140.5   154.5   268.6   330.2   362.0   384.5   410.1   444.2   496.4   600.1  1024.5  3770.9  59909.0    59805
read      292.8   172.6    86.8   142.0   156.4   274.3   333.0   364.0   385.7   409.9   441.3   493.8   632.8  2223.2  6711.3  55802.0    55558
read      276.3   122.6    86.8   138.0   151.4   251.2   316.5   350.1   373.3   400.0   433.1   487.0   610.7   839.2  1895.2  79387.0    79251
read      254.1    67.2   109.4   168.8   182.4   254.7   275.1   286.6   293.8   303.5   315.8   336.7   384.9   942.6  1898.7   9156.0     9123
read      354.6   481.6    86.8   145.2   161.3   267.5   325.1   357.8   381.7   410.8   453.2   550.5  3352.1  3756.8  8125.5 108831.0   109516
read      288.0   126.3    93.8   153.9   169.8   288.5   335.6   356.4   369.7   385.6   403.2   430.9   487.5   594.5  2931.8  41004.0    41153
read      265.5   118.1    86.8   139.0   152.6   243.2   300.7   332.4   354.0   377.7   405.9   448.1   540.0   783.4  3059.5  98841.0    98946
read      283.8   162.4    93.8   144.7   160.1   271.2   329.0   356.1   373.5   393.3   416.4   449.3   522.5   869.4  7088.6  56129.0    56315
read      268.0   107.5    86.8   139.1   152.9   245.9   305.6   337.0   358.5   382.5   411.0   454.1   550.1   825.5  1431.5  91839.0    92525
read      274.4   119.6    93.8   139.1   152.9   251.8   314.3   346.5   368.3   391.8   419.9   461.7   576.9  1198.1  2407.8  79886.0    79997
read      329.5   351.5    93.8   149.9   166.4   291.4   346.9   374.4   393.7   415.8   445.1   507.3  1346.2  5605.1  9717.4  49369.0    48998
read      279.1   114.9    86.8   141.7   156.4   261.3   324.5   354.4   374.2   396.4   422.4   460.3   556.7   998.1  1566.2  66931.0    67260
read      275.0   124.8    86.8   142.1   156.2   251.3   312.3   344.4   366.5   391.0   420.2   463.2   576.1  1072.5  2552.4  88481.0    88431
read      287.7   103.7    93.8   148.9   163.6   280.8   337.0   363.0   380.2   398.8   422.7   457.3   537.5   734.6   941.1  51355.0    51359
read      280.8   108.8    93.8   143.9   158.4   266.3   329.0   358.0   377.2   398.0   422.8   458.0   528.5   667.8  1849.3  60494.0    60398
read      290.5    92.0    93.8   153.7   170.1   292.5   340.2   362.5   377.0   393.5   412.6   437.6   496.7   571.4   660.5  42057.0    41854
read      298.1   135.3   109.4   169.9   188.2   300.4   333.0   348.8   360.6   372.4   389.0   409.6   462.5  1887.1  5375.9  23985.0    23797
read      279.0   135.1    86.8   142.5   156.9   255.4   318.5   351.3   373.5   397.8   427.2   469.7   576.2   913.1  4658.9  82565.0    83091
read      272.6   115.9    80.4   139.9   154.0   250.3   313.3   345.1   366.9   390.7   418.7   459.1   549.8   946.5  1974.1  78320.0    78319
read      281.2   122.5    86.8   146.5   161.7   260.0   316.2   346.8   368.7   393.2   423.4   468.5   585.6  1218.1  3348.8 102317.0   101978
read      267.1   114.8    86.8   140.5   154.6   244.6   301.9   332.9   354.3   378.2   406.3   450.2   547.1   870.1  3246.9  97727.0    97985
read      267.9   119.9    86.8   138.7   151.7   245.3   306.4   337.7   359.1   382.7   410.5   451.6   549.1   944.6  3825.3  82664.0    82850
read      290.7    73.7   101.3   170.0   187.0   298.0   328.4   343.1   354.0   366.2   381.2   402.9   449.3   520.4   963.0  24804.0    24622
read      277.7   145.3    86.8   142.8   157.3   252.2   309.5   340.3   362.3   387.2   417.7   464.2   614.5  2043.0  3450.0  99934.0    99932
read      287.7   117.9    93.8   151.6   167.3   285.1   337.2   360.3   374.9   392.6   412.9   439.6   499.5   611.2  3077.5  46462.0    46761
read      282.9   101.6    93.8   145.9   161.0   272.8   332.7   360.3   378.0   397.2   421.1   455.5   525.7   641.7   852.3  56443.0    56274
read      292.0    78.9   101.3   167.4   184.5   295.3   330.4   347.1   359.9   372.7   391.5   418.9   475.9   591.2   981.4  24872.0    24750
read      303.8   166.9    93.8   150.6   166.0   290.6   346.8   377.0   397.3   421.2   452.3   501.2   599.9  1567.1  4317.8  47327.0    46988
read      396.9   428.3    86.8   152.3   170.0   288.5   350.5   389.0   419.6   463.9   565.2  1382.8  2058.9  3724.5  8824.2  96137.0    96633
read      295.0    82.5   109.4   170.1   186.8   300.4   336.3   354.0   366.1   379.8   396.9   421.3   464.5   559.1  1181.8  32269.0    32524
read      273.8   112.8    93.8   142.1   156.3   251.9   314.7   345.8   367.5   390.9   418.5   459.0   544.5   774.9  2097.0  82608.0    82709
read      284.0   151.0    86.8   146.4   161.4   265.1   325.3   354.4   373.4   394.1   418.6   454.7   546.6  2239.3  3629.4  65102.0    64734
read      288.2   121.3   101.3   154.4   170.5   284.4   333.0   355.4   370.2   387.1   405.3   433.6   495.2  1412.4  3083.3  44879.0    44841
read      301.8    83.7   101.3   175.7   193.7   302.3   336.5   354.7   367.5   383.0   401.6   431.1   501.8   692.6  2073.8  23194.0    23220
read      304.2   120.0    93.8   149.9   166.0   290.0   350.3   382.4   404.2   430.1   463.0   513.3   624.0   915.2  1636.8  52292.0    52173
read      308.6   185.1    86.8   145.4   161.2   266.0   329.3   365.9   392.6   425.5   472.6   601.8  1073.0  1747.6  3401.0  87752.0    87894
read      289.9   127.3    86.8   148.5   164.5   279.6   338.2   366.0   384.7   404.4   429.6   463.9   534.0   654.9  7019.6  55528.0    55637
read      304.4   141.0    93.8   168.5   186.5   307.7   345.9   364.4   376.4   391.3   407.3   433.0   488.5   873.7  7103.7  30993.0    31153
read      302.2    96.9   101.3   171.4   188.6   306.3   344.0   363.0   375.2   390.0   405.1   430.1   477.3   600.4  3490.7  30009.0    30053
read      297.5    75.9   109.4   176.3   193.8   301.3   332.5   348.1   360.7   373.3   390.6   413.6   467.6   674.4  1016.7  20591.0    20489
read      304.7    99.0   101.3   162.6   179.7   302.7   349.4   373.0   389.5   407.0   430.3   466.9   545.0   766.3  1576.5  33372.0    33457
read      289.5    99.9   118.1   176.9   193.6   287.7   316.0   331.0   341.2   354.0   370.5   397.4   483.1  1309.4  4169.5  16994.0    16922
read      308.2   155.4    93.8   151.7   168.0   295.0   350.8   380.9   400.8   424.7   455.6   504.9   619.3  1538.4  5569.0  46655.0    47200
read      294.2   178.5    93.8   143.8   158.6   257.3   317.4   350.7   375.8   405.1   445.8   530.7   932.9  1915.0  4702.6  95880.0    95934
read      289.7   100.6   101.3   155.5   171.2   289.0   337.6   359.9   374.0   390.6   408.8   435.6   496.1   660.5  2929.7  42845.0    42596
read      271.3   116.4    86.8   141.7   155.8   248.1   307.4   339.3   361.4   386.2   416.3   460.2   560.6   807.4  3162.4  94974.0    94660
read      280.7   126.2    93.8   145.3   160.1   266.9   328.2   356.4   374.6   395.7   420.0   453.4   520.1   645.9  5762.7  59922.0    59804
read      291.3   115.4    93.8   158.4   174.2   291.6   334.8   355.0   368.4   383.9   401.2   428.7   488.9  1444.6  3368.8  37738.0    37634
read      276.2   113.8    93.8   143.2   157.5   259.3   319.4   349.6   369.8   392.0   418.0   455.0   534.5   692.5  3547.5  67967.0    68516
read      271.7   107.3    86.8   140.8   154.6   249.2   310.1   342.2   365.0   390.0   419.5   461.6   558.7   767.1  1602.3  86107.0    86478
read      277.5   115.9    93.8   145.9   160.9   256.3   313.0   343.9   366.2   391.2   421.4   464.9   572.9   852.8  3338.5 101775.0   101464
read      281.3   124.5    86.8   140.6   155.0   261.3   323.3   353.7   373.6   396.7   424.9   468.5   608.3  1211.7  1876.2  70696.0    70660
read      278.3   117.0    86.8   142.9   157.8   255.7   313.2   344.4   367.3   392.8   425.1   476.5   608.6  1052.3  1647.6 105251.0   105480
read      288.2    94.3    86.8   152.7   168.7   287.2   335.8   358.3   373.2   390.7   410.5   438.2   499.0   604.9  1590.8  42178.0    41912
read      282.6   112.9    93.8   148.6   163.3   276.3   331.5   356.6   372.8   391.2   412.1   440.2   500.5   586.4  1015.4  50468.0    50818
read      278.2   113.8    86.8   145.0   160.0   256.6   313.3   344.6   367.3   392.4   423.4   468.9   585.5   933.4  1916.7  99592.0    99610
read      275.2   110.9    86.8   144.7   159.3   252.9   311.5   343.0   365.7   390.8   420.9   464.9   567.9   850.8  1522.2  99515.0    99247
read      276.9   133.6    93.8   142.2   156.3   255.5   318.1   349.1   370.8   393.9   421.3   460.7   545.0   927.9  4015.6  72999.0    72793
read      290.1    90.4   101.3   161.6   177.0   294.1   333.8   352.8   365.6   380.0   397.9   424.3   469.7   585.5  1442.9  34672.0    34890
read      281.6   127.4    93.8   146.0   161.4   272.6   327.8   352.8   369.4   387.7   408.0   436.7   500.5   948.9  3962.3  49855.0    49665
read      287.9   150.5    93.8   148.5   163.5   277.1   334.3   360.8   378.3   397.1   420.0   452.6   516.3   977.8  7470.4  51180.0    51276
read      293.3    85.0   101.3   164.4   181.4   298.9   336.3   354.2   366.5   380.0   396.3   420.7   467.7   641.1  1710.2  31145.0    30810
read      294.6   146.6    93.8   153.6   169.8   290.3   339.4   362.5   377.5   394.1   413.9   441.3   505.6  2528.5  4952.4  42553.0    42632
read      274.6   107.6    93.8   140.3   154.4   254.8   318.2   348.7   370.3   393.5   420.8   460.6   548.3   846.2  1271.1  71309.0    71502
read      273.6   113.0    93.8   142.6   156.8   251.9   312.0   343.6   365.9   390.7   420.4   463.2   554.3   780.8  2074.2  87705.0    87471
read      273.5   108.5    86.8   142.8   157.4   251.0   309.6   341.6   364.0   388.9   419.2   463.5   568.2   925.0  1787.9  95085.0    95450
read      274.2   124.7    86.8   142.9   157.9   251.6   308.3   339.4   361.5   386.6   417.2   464.0   584.8   892.7  2166.2 102062.0   101882
read      277.7   140.4    93.8   141.4   155.4   263.4   323.0   350.2   368.7   389.3   414.1   452.4   536.3   778.2  4383.6  61269.0    61422
read      280.5   102.7    93.8   150.7   166.3   284.7   323.9   342.8   356.0   369.9   388.5   414.4   468.0   587.3  2005.5  36220.0    36550
read      286.5    81.6   109.4   168.1   185.6   287.9   318.3   334.5   345.0   359.2   374.1   401.7   461.2   977.1  1712.5  20429.0    20285
read      285.3   156.7    86.8   139.3   153.2   257.0   321.0   353.7   375.8   402.2   438.1   503.9   708.1  1861.7  4388.8  80521.0    80275
read      278.8   152.6    86.8   141.4   155.9   250.8   310.1   341.8   364.2   389.4   420.4   467.8   642.7  2019.1  3775.1  98822.0    99091
read      277.0   117.6    86.8   143.6   158.3   254.8   314.1   345.1   367.5   392.4   422.2   465.1   571.7  1076.7  2436.2  90905.0    90849
read      289.2   139.8    93.8   146.7   162.1   276.9   335.1   361.7   379.1   398.2   422.2   458.2   554.9  1544.7  3550.1  53627.0    53477
read      275.4   109.6    86.8   141.0   155.4   258.5   321.4   351.6   371.8   393.3   418.1   452.9   528.9   662.9  3143.9  67376.0    67190
read      285.1   134.9    86.8   144.2   159.2   271.2   332.7   360.4   379.1   399.1   424.1   459.4   539.4  1414.3  3453.2  55966.0    55837
read      290.4    97.1    93.8   151.7   167.8   289.4   341.3   365.0   380.5   397.2   417.9   446.3   501.6   588.4  1786.7  44214.0    43938
read      273.6   144.1    86.8   139.4   153.1   251.2   314.4   346.4   367.6   390.4   417.4   457.1   543.3   849.2  6686.6  73286.0    73349
read      289.4    92.2   101.3   156.7   173.5   292.4   335.7   356.2   369.8   385.3   401.9   428.3   474.7   566.8  1602.7  38319.0    38158
read      277.1   102.7    93.8   142.0   156.2   261.6   325.6   354.7   373.8   394.8   419.8   455.7   532.0   662.9   824.5  62746.0    62627
read      295.5    87.5   109.4   173.3   190.5   297.9   328.5   344.4   356.9   370.3   389.4   418.3   487.4   896.7  2749.8  21034.0    21095
read      306.5   116.3   101.3   153.6   169.0   295.8   352.0   381.9   402.4   427.6   460.4   509.4   615.5   912.5  1600.6  44078.0    43996
read      265.7    72.7   127.6   178.0   193.8   263.2   284.6   295.8   305.2   315.3   329.1   349.7   413.8   930.2  3019.3   8891.0     8918
read      295.7    81.9   118.1   172.9   189.8   297.4   329.8   346.5   359.5   372.5   391.7   419.1   471.1   821.1  2093.2  19622.0    19346
read      308.2   133.1    93.8   152.2   167.6   294.3   353.6   385.2   406.4   432.4   466.3   520.7   640.9   910.8  1912.0  48275.0    48373
read      286.6   124.8    93.8   143.9   158.1   261.8   325.8   359.1   382.0   406.9   439.7   497.1   673.3  1133.6  1700.6  72326.0    72207
read      281.4   106.1    93.8   146.0   160.7   270.2   330.3   357.8   375.8   395.7   418.7   450.3   509.5   617.3  3246.6  57774.0    57914
read      272.4   110.9    93.8   141.4   155.3   251.1   313.7   345.7   367.0   390.7   418.5   457.7   539.1   745.1  1583.5  78367.0    78645
read      255.6    69.8   127.6   175.6   189.1   255.0   273.5   284.8   292.4   301.4   313.4   331.9   387.4   962.2  3070.5   6751.0     6581
read      296.3    99.8   101.3   167.0   184.1   296.7   332.9   352.0   366.7   383.1   401.6   431.1   499.5   822.9  3626.7  25133.0    25723
read      288.7    85.3   109.4   167.9   183.7   290.2   323.1   340.2   352.2   366.5   384.1   408.8   467.6   732.1  1732.5  22125.0    21861
read      379.1   420.5    86.8   156.0   174.4   292.0   351.0   386.1   412.6   448.5   506.0   779.5  2539.5  4706.3  7869.9 102731.0   102729
read      280.4    78.8   101.3   174.4   191.5   283.7   308.6   319.9   329.7   340.0   353.6   373.7   427.3   929.9  2327.2  15515.0    15233
read      281.4    85.9   118.1   174.4   190.9   281.7   309.7   323.5   334.0   344.5   360.6   383.6   442.8   808.7  3112.1  15014.0    14904
read      307.3   259.5    93.8   153.2   168.2   293.3   348.2   378.1   398.3   422.1   453.2   503.4   611.5  1529.5 19377.6  44190.0    44168
read      300.1   136.0    93.8   148.6   163.3   285.6   343.9   374.4   395.8   421.2   454.4   505.7   615.4   921.6  3461.3  50245.0    49750
read      346.2   348.6    93.8   148.5   164.2   271.6   332.4   368.6   396.5   434.0   499.8   724.9  1949.7  3477.2  7736.5 100180.0   100878
read      269.1   131.4    86.8   140.4   154.4   245.5   304.6   336.6   358.5   382.9   411.8   455.8   546.1   806.2  3969.9  93608.0    93330
read      275.1   114.1    93.8   142.3   156.2   255.9   318.2   349.0   369.9   392.7   419.3   457.2   536.0   680.4  3390.7  75477.0    75527
read      251.2    58.4   101.3   174.9   187.1   250.6   269.7   279.7   287.3   294.8   307.3   324.5   380.6   910.9  1220.9   6586.0     6637
read      298.6   154.0   109.4   167.9   184.9   296.6   333.2   351.7   364.8   379.3   397.6   428.0   501.6  1064.3  7690.4  22328.0    22677
read      302.8   157.8    93.8   141.9   156.6   274.1   340.8   377.9   403.9   436.5   480.6   549.3   763.4  1339.0  2542.1  68727.0    69399
read      267.2    64.6   127.6   176.2   191.8   266.5   288.8   300.4   309.8   319.3   334.5   357.1   421.9   888.0  1892.6   9558.0     9465
read      287.3   132.3    93.8   143.0   157.4   259.0   322.9   358.2   382.4   410.1   446.2   508.5   692.4  1148.1  2611.8  81045.0    81491
read      276.4   106.8    93.8   142.4   156.4   258.4   322.8   353.4   373.2   395.0   420.8   457.3   534.2   677.2  1147.3  68681.0    68604
read      269.9   105.4    93.8   140.3   154.3   247.2   308.3   340.2   362.3   386.8   415.9   458.3   550.2   765.8  1659.3  86880.0    86719
read      287.3   102.1    93.8   150.1   165.6   283.3   336.9   361.0   376.7   394.8   416.4   446.6   506.4   638.0  2614.0  48254.0    48219
read      285.4   143.6    86.8   146.8   162.4   261.7   317.8   348.4   370.6   395.9   427.8   478.9   640.1  1441.3  4786.3 105101.0   105020
read      273.8   118.7    86.8   140.6   154.7   252.3   314.5   345.8   367.5   391.3   419.7   462.1   555.3   740.1  2583.9  79116.0    79027
read      291.7    86.6   101.3   161.5   177.3   296.7   337.8   356.2   367.8   381.5   398.1   424.2   472.0   589.3  1669.7  33663.0    33669
read      262.7    56.0   118.1   175.6   189.8   263.8   285.4   296.1   305.1   314.8   326.9   344.2   388.5   837.7  1196.9   9109.0     9087
read      299.1   102.8   101.3   164.3   180.6   299.1   339.5   360.9   375.2   392.4   412.7   444.8   520.4   867.8  2050.2  28357.0    28486
read      302.4   103.7   101.3   158.2   174.6   297.5   346.1   371.7   390.0   410.0   434.8   479.1   562.6   691.3  1601.6  36366.0    36839
read      303.7   122.2    93.8   151.2   166.6   291.3   347.6   377.9   398.9   424.3   457.3   509.9   622.1   925.8  1794.1  46294.0    46303
read      296.3    92.2   109.4   162.8   179.0   297.3   337.8   358.6   372.4   389.8   409.8   441.2   514.5   617.7  2379.1  29645.0    29630
read      301.5   132.4    93.8   145.3   160.4   279.7   343.7   378.8   403.6   433.9   474.7   539.5   668.7  1020.5  2321.0  58679.0    58735
read      284.0    71.8   109.4   175.5   192.3   284.5   311.9   326.1   336.9   348.3   367.1   392.9   446.8   905.4  1464.9  15807.0    15717
read      299.8   145.0    93.8   146.6   161.6   281.1   341.8   374.2   397.6   425.3   461.6   516.7   639.0  1180.5  4851.0  53905.0    54660
read      390.7   440.9    93.8   153.4   171.4   290.8   350.2   385.0   411.7   448.2   512.8  1311.5  2557.5  3767.4  7936.7 100443.0   100453
read      272.0   104.1    86.8   142.0   156.2   251.0   311.6   343.3   365.2   389.1   417.0   457.1   543.8   768.7  1327.3  84410.0    84114
read      285.8   125.0    93.8   150.8   165.6   278.4   330.6   355.2   371.9   390.7   412.6   444.5   511.7   725.7  4609.6  47931.0    47655
read      283.9   208.6    93.8   142.4   156.4   258.3   320.0   350.9   371.6   394.5   422.0   462.2   575.4  2973.4  9094.5  71349.0    71572
read      271.1   116.0    86.8   142.2   156.1   248.9   306.5   337.5   359.3   383.9   413.1   456.7   559.5  1025.1  2956.2  96587.0    97243
read      279.7   130.9    86.8   145.4   160.5   255.4   311.6   342.3   364.7   389.9   421.1   469.5   609.9  1600.4  3128.5 109298.0   109600
read      275.1   120.6    86.8   143.3   157.8   250.7   309.3   340.9   363.4   388.6   419.3   464.7   594.1  1168.6  2781.6  98102.0    97814
read      288.3   104.3    93.8   152.6   167.9   285.7   337.8   361.6   377.1   394.3   414.4   440.1   497.6   615.6  3072.2  46683.0    46973
read      285.3   143.8    93.8   148.3   163.2   276.1   332.5   358.5   375.4   394.5   416.6   446.6   505.1   648.8  5961.0  52429.0    52430
read      258.1   106.2   118.1   173.8   186.7   255.2   275.3   286.5   293.6   302.9   314.9   335.9   398.0  1130.2  3961.2   7324.0     7146
read      289.7   126.9    93.8   140.2   154.1   267.2   331.2   365.2   390.1   419.8   458.5   520.8   653.7   883.2  1489.7  63993.0    64613
read      257.2    57.8   127.6   174.0   187.9   256.8   277.2   289.1   296.5   307.5   319.2   340.3   391.8   882.8  1406.2   8203.0     8185
read      336.1   337.9    80.4   144.2   159.7   266.2   328.2   363.3   390.0   424.4   479.1   659.4  2024.8  3445.0  7729.9  91089.0    91736
read      285.7   101.8    86.8   149.0   164.1   279.5   335.1   360.0   376.1   394.8   417.0   448.8   521.6   757.0  1496.0  50520.0    50530
read      271.5   132.2    86.8   141.3   155.7   248.1   306.2   337.2   359.0   383.5   412.7   456.9   567.6  1008.8  3444.6  99611.0    99806
read      290.6    82.8   101.3   168.6   185.8   294.9   327.4   343.1   354.9   367.9   384.9   407.5   463.6   546.4  2443.0  22922.0    23088
read      307.4   124.4    93.8   155.4   172.1   298.4   351.3   379.2   398.2   420.3   447.6   493.3   600.5  1541.1  2318.2  39429.0    39498
read      256.2    63.9   118.1   175.4   188.3   256.0   274.3   285.6   292.9   302.1   314.2   333.9   389.5   922.4  2078.7   7430.0     7321
read      308.2   142.0    93.8   146.1   160.9   280.7   348.9   388.9   417.5   452.4   496.7   564.2   722.3  1091.7  1720.2  70075.0    70463
read      309.5   181.9    93.8   149.5   164.4   289.9   352.6   387.2   411.4   439.3   476.9   534.3   653.5  1014.5  8084.2  55465.0    55826
read      310.1   139.5    93.8   146.6   161.3   285.2   354.8   393.2   420.8   453.9   497.7   565.4   697.5   965.4  1974.2  68306.0    68597
read      285.6   135.5    93.8   142.8   157.0   255.6   317.8   351.8   375.1   401.8   437.2   504.9   769.0  1210.8  2455.1  84057.0    83723
read      262.4   109.4    86.8   137.9   151.1   240.0   298.5   329.7   351.5   374.7   402.4   443.1   532.8   786.9  2026.9  93928.0    93939
read      266.5    67.7   118.1   174.8   189.4   266.7   289.9   301.9   310.6   319.3   333.2   350.9   399.3   908.4  1381.1  11007.0    10956
read      302.0   130.6    93.8   152.5   167.8   294.0   347.8   376.2   396.3   419.7   448.6   492.6   580.2   744.3  4037.4  42265.0    43150
read      305.5   144.8    93.8   145.4   160.0   281.7   346.7   382.9   409.0   440.6   483.5   547.6   689.6  1527.9  2143.5  61404.0    61224
read      301.3   170.3    93.8   142.2   156.9   269.7   336.3   373.4   400.4   432.0   477.0   549.6   736.2  2024.4  3929.5  72412.0    72370
read      275.5   105.1    86.8   141.4   155.8   255.5   319.2   351.0   372.4   395.3   422.5   461.2   542.5   729.1  1133.2  75103.0    75062
read      279.1   113.1    93.8   142.0   156.8   262.3   326.3   356.8   377.0   398.4   423.5   458.6   530.4   693.2  1091.9  66271.0    66006
read      276.1   145.3    93.8   142.7   157.5   252.8   310.3   341.1   363.1   388.3   419.0   465.8   591.0  1082.2  3911.7 103623.0   103596
read      264.4   106.4    86.8   139.2   152.7   242.8   301.9   333.2   354.2   377.6   404.8   444.1   526.7   686.3  1475.2  91844.0    92033
read      265.7    87.5   118.1   175.2   190.6   265.0   286.4   297.0   306.3   315.7   328.5   345.8   395.7  1055.6  3219.0  10550.0    10484
read      360.0   409.2    93.8   151.1   167.9   280.6   339.7   373.4   399.0   431.2   481.8   638.9  2509.3  4001.2  8055.7 101844.0   101797
read      276.9   130.8    93.8   144.0   158.4   252.5   311.2   342.5   364.5   389.1   419.0   464.6   596.0  1387.7  3346.0  92747.0    93004
read      285.4   161.9    93.8   148.0   162.6   272.8   330.5   356.2   372.6   391.6   413.8   445.3   514.2  2325.0  4938.4  55017.0    55072
read      272.4   109.1    93.8   142.9   157.2   249.8   308.0   339.6   361.3   385.4   414.5   459.8   579.0  1008.5  1781.2  97486.0    97279
read      274.0   122.7    86.8   140.6   154.7   252.0   313.5   345.4   367.5   391.4   419.4   461.2   571.6   906.4  1384.3  82294.0    82336
read      275.4   128.4    86.8   143.4   157.8   252.8   311.4   343.1   365.3   389.8   419.3   463.8   579.7   940.5  2359.7  95481.0    94577
read      280.9    82.8    93.8   165.8   182.2   287.0   316.6   331.3   340.9   352.5   367.3   390.2   436.5   546.2   979.6  25206.0    25009
read      269.3   132.0    86.8   139.7   153.8   244.6   302.2   333.8   355.7   380.0   409.6   455.4   585.0  1170.4  4540.0  97830.0    98952
read      277.0   105.2    93.8   144.0   158.6   263.3   324.7   352.4   370.4   390.4   413.3   445.2   507.0   663.9  2657.1  62203.0    62113
read      272.8   106.2    93.8   143.4   157.3   250.5   311.0   342.5   364.8   389.0   417.4   459.5   560.3   816.9  1537.7  89656.0    90099
read      283.6   146.9    86.8   148.0   162.6   272.1   329.5   355.7   372.6   391.7   414.2   447.7   517.0   921.7  6038.3  54178.0    54206
read      288.5   102.6    93.8   158.4   174.1   289.6   331.2   351.0   364.3   378.6   396.6   424.0   490.0   823.9  3079.5  36375.0    36396
read      279.5   104.2    93.8   144.2   158.8   266.1   327.1   355.7   374.0   394.1   417.9   452.5   528.3   731.8  1791.9  60554.0    61074
read      275.2   104.8    93.8   142.2   156.4   257.2   320.6   350.8   370.9   392.7   418.6   456.2   534.7   664.5  1678.6  70461.0    70494
read      292.7   121.9    93.8   152.9   168.6   288.5   339.4   362.3   377.0   393.9   413.9   441.6   523.3  1494.9  3167.6  44286.0    44168
read      279.8   108.5    93.8   143.6   158.4   267.9   328.1   355.8   373.7   394.2   418.1   450.6   512.6   664.1  2872.4  57144.0    57463
read      272.4   101.9    93.8   141.5   155.5   259.8   320.0   347.5   365.6   385.2   407.3   437.0   500.9   594.6  1100.7  59948.0    60314
read      270.4   142.8    86.8   141.1   155.6   246.4   303.1   334.9   356.8   381.6   411.4   456.0   565.6  1052.5  4347.5 104590.0   105044
read      278.2   115.1    86.8   142.3   156.7   262.2   325.5   355.2   374.2   394.9   419.7   456.1   533.6   687.3  2249.3  64373.0    63992
read      276.7   102.5    93.8   142.9   157.3   261.3   324.3   352.8   372.2   392.8   416.8   451.0   520.1   651.4  1558.9  64843.0    64734
read      289.3    94.8    93.8   157.6   174.1   290.7   336.0   357.0   370.4   386.2   403.0   430.3   477.4   557.4  1855.5  38704.0    38524
read      290.7    77.2   109.4   170.1   187.9   296.5   326.3   340.9   351.5   365.1   381.2   403.3   458.7   701.8  1277.4  23246.0    23279
read      340.5   341.7    86.8   149.7   165.7   273.5   334.4   367.5   391.8   421.2   462.7   585.2  2019.0  3463.2  7781.3  95284.0    96010
read      279.1   106.6    86.8   142.0   156.8   261.3   325.7   356.8   377.1   399.3   425.9   462.9   542.9   703.0  1501.1  68667.0    68478
read      280.5   117.2    86.8   141.3   155.8   260.8   324.2   355.5   375.9   398.8   427.1   468.4   576.9  1087.7  2325.6  71401.0    71493
read      289.9    91.0    93.8   154.8   171.1   293.7   337.8   358.8   372.4   389.0   407.0   433.6   494.0   601.4   769.8  39534.0    39521
read      276.5   111.1    86.8   142.4   156.8   256.5   320.4   352.3   373.1   395.5   422.0   458.8   536.0   813.6  1575.1  73488.0    73637
read      291.0   147.2    86.8   151.7   167.3   284.9   336.6   360.3   375.5   392.6   412.3   439.8   508.1  1382.3  4368.9  46116.0    46296
read      289.5    79.6   101.3   167.3   184.5   295.9   327.7   343.2   354.3   366.4   381.1   401.8   451.3   579.8  1602.5  26010.0    25879
read      268.1    76.9   118.1   174.3   188.7   268.6   291.5   303.7   312.3   320.9   335.9   357.0   408.5   893.9  3192.1  11672.0    11714
read      340.6   355.3    86.8   147.1   162.4   269.2   331.0   365.3   391.2   424.3   475.6   678.7  2030.5  3744.2  8070.3  89421.0    89519
read      275.5   118.0    86.8   141.7   156.0   256.2   319.1   349.8   370.3   392.4   418.5   455.8   536.1   777.9  3097.7  71236.0    71339
read      280.5   129.6    86.8   143.1   157.8   263.8   326.2   355.7   374.6   396.3   421.4   456.4   529.7   750.3  4240.1  63792.0    63633
read      282.3    81.4   109.4   172.3   188.3   284.3   312.7   327.2   337.8   349.3   365.5   389.8   443.0   623.3  3158.9  19185.0    18929
read      301.6   181.8    93.8   141.4   155.8   270.2   337.3   374.2   400.8   431.1   472.1   540.4   728.7  2197.2  6241.6  69174.0    69661
read      259.2   111.2   118.1   172.4   187.1   259.5   279.8   291.4   299.1   309.3   319.5   339.2   383.3   904.7  8877.3   8763.0     8686
read      287.4    88.1   109.4   168.7   184.7   288.9   321.4   337.6   348.1   362.5   378.5   403.1   463.1   717.6  2361.2  20826.0    20828
read      297.7   162.5    86.8   141.2   155.6   270.4   336.8   372.9   399.4   430.4   469.4   535.6   697.7  1400.8  3743.2  68629.0    68811
read      328.7   295.0    86.8   149.1   165.2   271.2   327.6   359.9   383.4   411.9   455.2   567.2  1670.3  3168.6  7541.5 109047.0   108532
read      270.4   142.5    86.8   139.6   153.2   245.3   304.3   335.4   356.8   380.8   408.6   452.0   574.9  1672.7  4335.5  97083.0    96969
read      284.3   136.2   109.4   169.2   186.0   288.9   316.6   330.3   339.3   349.3   364.2   384.7   430.2   856.1  3475.2  21808.0    21773
read      278.6   178.0    93.8   140.1   154.1   248.4   309.8   342.2   364.4   388.9   418.1   463.4   636.7  2750.0  4345.4  89844.0    90731
read      280.7   111.2    86.8   144.5   159.7   264.1   327.0   355.9   375.0   396.3   421.7   457.6   537.1   960.4  2088.6  64103.0    63998
read      277.8   103.0    93.8   142.7   157.4   262.2   325.3   354.9   373.9   395.1   420.3   456.5   537.5   678.0  1003.1  64179.0    64446
read      290.6   109.9    93.8   161.7   177.7   294.8   331.9   349.7   362.0   374.2   392.4   416.9   468.3   853.3  4917.7  32250.0    32180
read      269.7   103.4    86.8   139.0   152.8   251.2   311.3   342.0   363.2   386.3   412.6   451.4   537.9   690.4   923.9  75583.0    75461
read      283.6   117.6    93.8   146.6   161.6   277.6   333.9   358.5   374.3   392.8   414.1   443.2   503.8   617.1  3857.4  51310.0    51464
read      285.0   101.5    93.8   148.6   163.8   281.4   335.5   360.4   376.2   393.9   414.6   442.5   497.3   583.8   823.1  47796.0    47445
read      274.2    81.6   118.1   174.8   191.3   274.2   297.9   311.5   320.0   332.2   345.1   367.5   422.7   929.2  2551.6  12247.0    12315
read      314.4   294.6    86.8   139.8   154.2   252.1   312.6   347.2   373.2   404.3   455.0   625.8  1517.9  3565.7  7596.5  99012.0    98965
read      270.1   104.8    86.8   139.4   152.9   251.5   313.9   343.9   364.5   386.6   411.8   449.8   530.1   693.5  2301.8  71005.0    71412
read      282.3   107.2    93.8   149.5   164.3   280.1   329.5   352.3   367.3   384.0   402.3   431.2   491.7   678.9  3687.2  44827.0    44818
read      275.5   115.3    93.8   141.0   155.1   261.0   322.4   352.0   371.2   392.2   416.6   450.6   512.6   662.9  3663.8  65211.0    65032
read      264.0    74.4   118.1   173.3   188.9   263.2   285.1   296.0   305.2   315.1   328.5   349.3   405.4   931.3  2878.5  10305.0    10162
read      301.7   118.5    93.8   148.0   163.6   289.5   346.5   376.8   398.5   425.1   460.7   515.1   622.9   844.0  1458.5  46968.0    46718
read      298.2   159.4    86.8   142.5   157.5   264.7   332.2   367.3   392.4   422.3   464.4   546.6   795.4  1857.9  2490.6  81418.0    81555
read      271.9   116.9    86.8   140.7   155.1   250.9   309.8   341.5   362.9   386.4   415.3   458.3   559.3   801.0  3340.7  93218.0    93247
read      284.5    92.6    93.8   149.3   164.8   284.8   333.9   356.3   370.9   388.0   406.6   434.3   493.9   586.6   772.6  44174.0    44331
read      276.3   127.3    86.8   140.9   154.7   257.0   320.8   351.6   371.2   393.9   420.5   458.0   537.7   775.4  4117.9  68579.0    68373
read      274.3   134.3    86.8   141.6   156.2   251.1   309.2   340.4   362.5   387.1   417.0   463.5   584.3  1086.5  3545.8 100149.0    99824
read      275.5    71.5   101.3   174.6   191.2   277.0   301.5   314.3   322.8   335.1   347.9   371.5   427.4   832.1  2012.1  13282.0    13056
read      296.5   145.6    93.8   141.6   155.9   272.3   337.2   373.2   398.8   428.9   466.8   532.1   676.4  1127.6  5595.0  64982.0    65920
read      296.8   113.9   101.3   163.1   179.5   297.1   337.0   357.6   371.6   389.1   409.4   440.5   511.6   757.8  1895.7  28704.0    28566
read      301.9   108.4   101.3   168.4   185.9   302.7   340.4   360.5   373.8   390.3   408.9   438.4   507.0   863.3  3106.0  25270.0    25078
read      347.3   374.9    93.8   148.3   163.8   273.0   336.8   372.2   399.4   432.9   486.1   657.9  2228.3  3685.8  8112.2  88940.0    88903
read      283.0   122.8    93.8   149.5   165.0   262.6   317.8   347.8   369.3   394.1   425.7   472.5   591.8   881.3  2684.6 108429.0   108661
read      276.2   103.8    93.8   143.1   157.7   261.1   322.0   352.0   371.3   392.5   416.8   450.3   513.8   639.3  1811.5  65328.0    64992
read      274.4   108.0    86.8   141.8   155.7   254.5   316.2   348.0   370.0   393.8   422.0   461.4   539.6   726.0  2051.9  77220.0    77433
read      282.0    79.3   118.1   174.2   191.5   283.5   310.3   323.2   333.7   344.1   360.6   384.0   431.8   905.0  3040.0  16050.0    15971
read      287.3   106.0   109.4   172.6   189.5   286.5   315.7   330.5   340.2   351.9   368.2   394.3   462.8  1509.9  2355.8  16786.0    16899
read      294.7   151.6    86.8   143.2   157.9   261.8   325.7   361.7   387.5   418.3   460.9   546.9   797.6  1206.3  2249.4  84361.0    84638
read      291.5    94.7    93.8   159.0   175.1   294.9   337.0   356.6   369.2   384.1   400.6   427.7   487.7   945.5  1845.4  35807.0    35480
read      273.7   123.8    86.8   142.6   157.0   252.0   310.7   341.3   362.8   386.6   415.3   458.5   557.3   969.5  4119.4  97064.0    97273
read      274.0   105.8    86.8   141.4   155.6   252.8   316.7   349.1   370.0   392.9   420.2   460.3   544.1   736.3   934.2  79235.0    79139
read      289.6    92.9   101.3   169.0   185.7   297.9   327.7   342.0   352.5   364.8   378.7   399.8   443.0   508.4  1960.3  25071.0    25297
read      274.1   108.3    86.8   143.9   158.5   252.3   309.2   340.3   362.2   386.5   415.8   460.9   577.6   975.4  1469.8 102147.0   102339
read      278.0   310.1    86.8   141.1   155.4   254.9   317.6   348.9   370.2   393.4   421.5   461.8   547.2   730.9 25475.3  71796.0    72458
read      274.4   109.0    86.8   141.1   155.9   252.3   313.0   345.0   367.3   392.1   422.3   466.3   577.3   789.0   991.3  90201.0    90171
read      286.5   153.7    86.8   147.3   163.1   263.3   319.5   349.9   371.5   396.8   428.9   480.0   635.2  1459.3  4972.2 108259.0   108648
read      283.9    96.4    86.8   148.4   163.3   279.6   333.7   357.9   373.7   391.8   412.9   444.2   504.9   598.6   729.6  50447.0    50499
read      274.8   143.4    86.8   141.5   156.3   251.7   309.2   339.9   361.5   386.0   416.2   461.1   570.9  1297.6  5728.5 103056.0   103049
read      289.5    99.0    93.8   154.7   171.2   290.5   336.5   357.8   371.3   387.3   404.2   433.0   496.9   667.7  2036.7  40030.0    39793
read      291.9    79.9   109.4   169.2   187.2   295.0   326.6   342.2   353.8   367.2   385.1   413.2   473.4   734.4  1610.1  21136.0    21064
read      307.7   147.9    86.8   152.1   167.7   296.3   349.0   376.8   397.0   420.6   450.4   498.4   631.3  1862.4  3150.9  40358.0    40595
read      298.8   168.9    93.8   138.7   153.0   270.0   335.3   370.6   398.3   431.4   472.4   542.7   731.7  1807.6  4196.5  66165.0    66094
read      293.3   135.8   109.4   170.7   188.3   293.1   324.7   341.0   352.8   367.0   385.1   411.6   471.2   870.0  8814.0  19327.0    19325
read      280.3    71.7   101.3   175.0   193.0   280.6   306.8   319.4   329.9   341.2   357.6   383.1   433.8   886.5  1084.3  13969.0    13925
read      302.6   147.0    86.8   144.1   159.2   275.8   343.3   380.0   405.7   435.6   475.4   541.0   715.1  1392.2  2766.3  71876.0    72470
read      280.4   139.1    86.8   137.6   151.9   256.6   321.3   353.8   376.3   401.3   433.3   485.9   628.6   920.7  2530.2  73743.0    73495
read      269.1   106.7    86.8   138.8   152.4   246.0   308.9   341.0   362.8   387.1   416.4   459.7   550.1   835.3  1180.9  86859.0    86683
read      272.8   130.5    86.8   138.6   152.4   252.3   316.7   347.1   366.8   389.0   415.9   455.0   535.1   754.5  4040.1  68352.0    68819
read      293.5    85.7    93.8   165.2   182.6   298.2   332.9   349.7   362.2   374.6   393.2   420.2   471.7   639.0  2050.7  27453.0    27253
read      259.1   104.4    80.4   136.3   149.9   235.3   292.1   323.0   344.8   369.5   399.0   443.2   541.7   865.8  1162.0 105058.0   105279
read      293.0    76.2   101.3   171.5   189.5   298.1   329.1   343.9   355.1   367.4   383.4   404.9   462.2   614.5  1688.1  23485.0    23628
read      315.3   272.2    86.8   142.1   157.1   263.7   328.5   365.0   392.0   426.6   477.7   619.6  1142.6  3482.6  7793.2  86071.0    86180
read      294.0   122.4   109.4   167.2   183.7   299.4   333.1   349.1   361.3   373.4   391.4   415.9   464.9   581.3  6487.0  28500.0    28305
read      291.3   119.7    93.8   154.6   170.9   292.4   339.6   360.7   374.0   389.8   406.7   434.0   491.3   589.0  5128.1  40048.0    39975
read      291.9    99.6    93.8   156.6   172.8   294.1   339.0   360.4   374.1   390.3   407.9   434.1   490.1   632.8  3777.0  39308.0    39392
read      270.2   104.5   118.1   177.3   195.1   268.3   290.0   301.2   310.0   318.8   333.1   353.0   401.1  1086.7  5156.3   9337.0     9232
read      315.8   205.6   101.3   148.2   164.0   291.8   352.7   387.7   413.2   443.4   482.0   540.3   707.2  3352.2  5764.0  49863.0    50310
read      284.7   136.4    86.8   139.8   153.4   256.2   320.1   355.8   381.3   411.1   451.1   514.8   681.8  1072.8  2355.1  78221.0    78444
read      281.6   130.5    93.8   145.3   159.5   256.1   316.4   348.9   371.5   397.1   429.9   480.9   632.0  1162.9  3595.2  92518.0    92684
read      293.2   101.4   101.3   161.5   177.7   296.1   335.3   354.5   367.6   382.9   400.7   429.1   493.4   717.5  2016.9  33964.0    33919
read      272.0    61.1   118.1   180.6   198.6   272.4   294.1   306.5   314.9   324.8   338.7   359.4   401.5   917.2  1620.0   9759.0     9652
read      299.0   188.3    86.8   141.7   156.6   258.5   322.9   358.7   386.0   420.2   466.3   559.6   909.4  2601.8  3766.8  83774.0    84235
read      271.0   108.3    86.8   139.6   154.0   248.3   308.3   339.9   361.7   386.2   416.8   462.6   574.0   882.3  1359.5  88992.0    89236
read      293.3    93.5   101.3   161.2   177.1   297.3   338.0   357.8   371.0   386.3   402.5   430.0   482.8   631.2  1595.8  35288.0    35182
read      297.7    84.8   101.3   166.2   184.3   303.6   340.4   358.0   369.5   383.5   399.6   426.1   477.0   631.7  1746.8  29917.0    29868
read      278.2   140.4    86.8   140.7   155.1   260.5   323.9   353.4   372.5   394.0   419.9   458.1   539.0   729.3  6527.7  64850.0    65163
read      278.1    64.4   118.1   180.3   199.3   278.3   302.0   314.4   322.6   334.5   346.5   368.8   425.7   689.7  2166.0  12074.0    12137
read      310.9   142.3    93.8   147.4   162.1   287.6   352.9   389.6   417.7   452.3   497.0   566.8   714.5  1073.9  2898.5  61255.0    61980
read      302.0   180.2    93.8   141.3   155.9   270.3   336.3   373.0   400.3   433.9   479.2   552.5   772.3  1699.2  5828.0  68814.0    68692
read      320.0   345.4    86.8   142.3   157.9   256.0   312.8   344.4   367.8   396.1   434.1   518.6  2012.4  3670.7  7870.7 107889.0   107979
read      290.4   138.3    86.8   151.8   167.6   287.4   334.6   357.5   372.9   391.1   412.4   443.6   507.7   774.4  5726.0  44727.0    44697
read      293.6    89.3   109.4   170.8   190.3   296.2   326.1   340.9   351.6   365.3   382.3   409.2   477.2   888.5  2182.2  21077.0    21036
read      289.9   138.5    86.8   140.0   154.4   257.2   321.9   358.7   385.5   418.2   462.7   542.2   761.5  1086.2  2383.7  89582.0    89648
read      291.1    96.2    93.8   157.6   173.9   294.7   337.1   356.7   369.5   384.8   401.8   430.2   490.6   671.3  2271.6  37751.0    38068
read      295.0    89.3   101.3   167.6   185.0   298.4   331.4   347.2   360.2   373.2   393.5   423.8   495.7   635.9  1345.0  24013.0    23853
read      303.7   231.0    86.8   144.1   159.5   259.0   320.2   354.1   377.9   407.0   450.7   536.9  1197.5  2820.1  5073.6  94377.0    94618
read      270.4   104.0    86.8   140.0   153.8   248.9   312.2   343.4   364.5   387.6   415.2   456.9   546.6   727.5   943.3  80054.0    79614
read      297.3   107.5   101.3   167.4   184.8   299.3   332.8   350.1   363.1   376.9   397.3   428.2   493.3   634.9  4991.2  24510.0    24378
read      298.6   189.3    86.8   142.6   157.5   264.0   327.2   361.7   386.5   416.8   459.1   547.0   843.2  1682.3  6827.8  84871.0    84735
read      268.1   106.3    86.8   138.4   152.5   246.7   306.2   337.9   359.5   383.1   411.3   454.4   549.1   807.3  1586.1  90278.0    90499
read      289.6   101.3    93.8   150.0   165.8   287.6   339.7   363.1   378.5   395.9   417.7   449.9   516.8   653.2  2391.9  46601.0    46515
read      289.9    85.6   101.3   171.4   189.4   290.5   321.2   336.9   346.7   361.4   377.6   405.2   473.4   859.5  1905.0  18737.0    18830
read      316.9   219.7    86.8   141.4   157.0   265.4   330.4   367.5   396.5   433.9   497.6   667.8  1204.0  2359.5  3143.4  83368.0    83245
read      285.9    88.8    93.8   153.9   170.3   289.6   331.3   350.4   364.0   378.6   396.8   424.2   474.0   588.5  1699.9  37931.0    38103
read      275.3   135.7    86.8   140.0   153.6   251.2   314.7   345.6   367.5   391.4   420.1   462.9   575.6  1413.3  3708.4  78826.0    78351
read      280.1   115.6   109.4   178.1   196.9   280.2   302.9   315.0   323.2   334.9   346.6   371.5   430.7   913.0  7779.7  11923.0    11883
read      292.6   158.4    86.8   139.9   154.6   259.0   322.0   357.1   382.3   412.7   456.4   544.9   802.3  1691.6  3322.2  81715.0    82546
read      287.7   146.9    93.8   146.1   161.9   278.3   334.4   360.5   377.6   397.1   420.8   455.4   537.6  1165.8  5934.0  53287.0    53356
read      298.2   108.4    93.8   172.1   189.3   298.7   331.0   347.1   359.9   372.7   392.6   424.1   501.1   997.6  4369.7  21695.0    21606
read      291.1    77.8   109.4   175.3   193.8   290.6   319.1   335.4   346.0   360.8   377.2   404.3   482.7   926.6  1352.5  16568.0    16566
read      301.6   121.8    93.8   146.1   161.3   287.3   346.9   378.0   400.1   428.6   464.7   522.4   638.9   863.0  1186.7  53203.0    53192
read      351.9   347.3    86.8   152.9   170.7   286.1   347.3   382.3   408.1   443.4   495.6   624.8  1730.5  3755.1  7872.3 108512.0   108883
read      263.3    58.8   109.4   178.4   194.8   262.8   282.9   293.3   301.3   311.6   322.6   344.7   398.9   898.2   962.5   7476.0     7366
read      362.7   404.5    86.8   150.4   166.3   280.6   344.2   379.6   405.5   441.3   498.4   686.5  2332.0  4019.0  8044.5  94533.0    94850
read      279.7   114.8    86.8   143.8   158.9   257.4   317.9   350.8   372.4   397.1   427.4   470.7   581.9  1061.9  2075.8  93258.0    93630
read      274.9   125.4    86.8   139.3   153.3   254.4   318.8   350.0   370.6   393.3   421.0   461.3   542.7   709.0  3636.0  73986.0    74411
read      289.4    95.0    93.8   152.0   168.1   289.2   338.7   361.8   376.7   394.0   414.5   443.2   504.3   603.3  1225.6  44380.0    44291
read      290.2    93.4   109.4   175.9   194.1   292.5   319.8   334.4   343.8   356.7   371.4   397.2   454.7   878.5  4781.6  18289.0    18140
read      299.5   120.7    93.8   146.8   162.3   288.0   342.9   372.3   394.3   419.8   451.9   502.0   622.9  1069.0  2004.9  46338.0    46406
read      286.5   137.1    86.8   137.9   151.5   256.9   324.8   360.3   386.2   417.1   458.3   526.3   687.5  1058.0  2635.1  76505.0    76568
read      276.2   137.4    86.8   139.2   153.1   256.6   318.9   348.7   369.0   391.0   417.1   456.5   548.3  1468.9  3296.6  67548.0    67484
read      274.0   113.4    86.8   139.4   153.2   254.6   317.3   347.7   368.4   391.2   418.9   460.2   554.1   816.0  2288.6  69908.0    70037
read      293.8    84.0   101.3   165.5   183.2   299.5   333.4   349.9   362.8   375.9   393.7   419.0   468.7   641.4  1407.7  28060.0    28245
read      264.5   115.0    86.8   137.7   151.3   240.4   299.7   332.5   354.4   378.3   406.7   451.5   547.3   957.9  2062.2  95327.0    95855
read      258.8   123.0    86.8   134.5   148.4   234.2   293.1   324.9   345.8   370.4   399.1   439.2   529.3   922.0  2883.7  94918.0    94882
read      283.3    68.7   101.3   176.4   195.0   284.3   310.7   323.8   334.5   345.2   362.6   388.5   449.1   777.8  1226.2  16036.0    15781
read      296.0   145.5    86.8   143.4   158.1   266.9   333.2   368.2   393.0   423.2   463.4   533.0   747.4  1316.6  2818.2  77242.0    77465
read      285.4    90.5   109.4   173.2   191.5   286.0   314.2   329.0   339.2   351.0   367.7   393.7   448.4   826.1  3712.7  18202.0    18000
read      323.4   272.9    86.8   144.7   160.2   261.5   321.0   356.4   383.4   418.5   471.1   686.6  1520.5  3291.7  6983.7  99293.0    99573
read      265.5   114.4    86.8   138.6   152.2   242.4   299.4   330.5   351.8   375.8   405.6   451.8   560.5   837.1  3089.9  99415.0    99265
read      267.9   104.8    86.8   137.1   150.8   247.7   310.5   341.4   361.9   384.5   411.3   451.9   537.5   789.5  1410.1  75690.0    75628
read      293.9    78.9   101.3   169.5   187.8   295.1   327.8   344.2   357.3   371.4   391.5   422.0   497.5   691.8   965.4  21289.0    21273
read      362.4   423.9    86.8   150.1   166.9   281.0   342.6   377.1   402.6   434.7   483.9   622.8  2785.3  4116.3  7975.0  98944.0    99065
read      277.0   113.0    93.8   141.8   156.4   263.3   324.1   352.1   370.4   391.0   415.1   449.5   519.8   695.9  2147.5  63206.0    62986
read      272.6   111.3    86.8   138.9   152.9   254.4   316.7   346.7   367.1   389.2   415.4   455.2   542.1   732.0  3594.7  71385.0    71174
read      288.7   108.8   101.3   165.0   181.8   292.7   325.9   341.3   352.1   364.6   379.4   403.2   464.3   639.2  5407.6  26425.0    26304
read      279.1    99.2   118.1   175.2   192.8   276.3   302.4   315.2   324.2   335.9   348.4   372.4   457.1  1367.1  2748.5  13301.0    13354
read      300.6   115.7   101.3   154.5   171.2   296.9   344.0   368.6   386.2   405.2   432.0   470.5   551.0   757.5  4107.7  35568.0    35658
read      305.1   128.2    86.8   152.0   168.5   296.2   347.0   373.6   393.1   416.1   446.5   495.3   624.3  1444.2  2752.7  39862.0    39892
read      289.6   135.1   118.1   176.7   195.0   285.7   313.3   327.9   338.6   350.7   367.8   394.3   464.1  2078.0  6719.8  14989.0    14874
read      293.1   139.5    86.8   143.0   157.6   266.0   333.6   367.0   390.8   418.5   454.7   518.8   719.4  1103.2  2889.4  71276.0    71766
read      295.1   195.2    86.8   148.5   163.9   265.3   323.2   355.4   378.0   403.3   436.6   494.7   724.5  2981.7  7350.7 106647.0   106924
read      275.8   105.2    93.8   142.0   156.4   258.0   322.1   352.0   372.0   393.7   419.7   456.7   528.9   685.0  1195.6  69246.0    69312
read      291.7    86.4   101.3   169.0   186.1   293.9   326.7   342.8   355.0   368.7   387.1   414.3   471.9   613.1  2022.3  22882.0    23069
read      305.8   113.3   101.3   162.0   178.8   302.2   346.6   370.1   386.5   403.6   428.9   465.0   548.5  1542.8  2661.6  31328.0    31532
read      355.1   323.2    93.8   153.3   170.9   289.0   350.0   386.0   412.8   447.9   503.4   666.8  1724.3  3632.8  7565.8 105096.0   105945
read      277.2   117.0    86.8   143.7   158.8   254.5   312.3   343.1   365.1   389.8   420.6   466.3   590.3  1141.1  2174.9 100687.0   100442
read      257.5    58.5   109.4   174.6   189.1   257.4   276.5   288.3   295.7   306.3   317.8   337.9   392.8   908.5  1314.3   7002.0     7075
read      294.5   106.6   101.3   167.4   184.7   294.4   328.5   345.5   359.2   373.4   393.3   424.6   502.8   921.2  3202.9  21224.0    21318
read      351.9   421.0    86.8   142.6   158.4   261.3   318.5   352.4   377.4   411.1   465.1   783.0  2544.5  3678.7  8132.3 103509.0   104020
read      268.9   105.0    86.8   138.6   152.0   247.7   310.2   341.6   363.0   386.6   414.4   454.7   546.7   753.0  1254.4  78370.0    78635
read      288.4   103.3    93.8   150.7   166.4   285.7   336.0   359.9   375.4   394.4   416.7   448.3   512.9   680.0  2054.9  46662.0    46764
read      268.2    84.8   118.1   175.5   192.3   268.8   290.6   302.1   310.4   318.7   332.5   351.4   403.7   899.4  5992.9   9784.0     9723
read      274.0    96.7   109.4   174.0   191.1   274.7   298.0   310.9   319.0   330.9   344.2   368.4   413.9   914.7  5010.5  13119.0    13017
read      300.3   107.8    93.8   152.5   168.1   294.1   346.8   373.2   392.9   415.6   444.4   488.1   573.5   688.9  1384.8  40547.0    40662
read      306.2   135.0   101.3   158.9   175.2   302.4   350.0   374.3   392.3   412.2   436.4   475.4   561.1  1084.7  6072.6  34352.0    34465
read      300.2   144.7    93.8   149.3   164.0   285.6   342.3   372.5   394.6   420.7   454.6   506.3   628.0  1007.9  3378.8  47314.0    46730
read      298.5   141.5    86.8   141.6   155.9   269.8   337.0   374.9   402.0   434.9   478.4   549.0   728.1   994.6  2272.1  73549.0    73264
read      270.6   111.0    86.8   138.4   152.5   249.6   311.5   342.6   363.5   386.8   414.9   456.4   549.9   838.3  1745.4  80184.0    79688
read      267.2   105.9    86.8   140.9   155.1   246.3   301.8   331.5   352.2   375.8   404.3   450.4   549.2   834.3  2410.2 108187.0   108967
read      282.3   100.2    86.8   144.5   159.7   273.4   332.8   359.5   376.6   395.7   419.4   453.6   517.5   621.2   921.8  56179.0    56343
read      291.0    94.6    86.8   154.1   171.1   291.8   338.5   361.1   375.8   392.8   412.8   441.6   507.9   660.1  1228.2  41637.0    41842
read      287.0    99.5    93.8   168.8   186.4   288.0   317.6   333.5   343.8   357.6   373.0   400.6   466.0  1151.5  3922.0  19839.0    19881
read      261.5    93.5   127.6   177.2   192.1   258.2   277.5   289.3   296.7   308.1   319.9   341.5   405.1  1182.4  4898.5   6069.0     6107
read      299.7   115.3   101.3   153.4   169.0   293.4   342.8   369.2   388.7   411.0   439.3   484.3   580.0   789.0  3782.8  38302.0    38731
read      305.2   118.9   101.3   162.5   179.3   302.7   346.4   369.1   385.8   404.0   430.5   467.6   543.0   905.6  4036.4  31166.0    31156
read      283.8   134.1    86.8   140.7   155.2   256.0   319.6   353.9   376.8   402.9   439.0   502.2   679.5  1178.3  2706.0  80271.0    79889
read      290.4   103.5    93.8   160.9   177.7   293.9   332.3   349.9   362.6   375.4   393.3   417.7   466.5   570.6  5036.7  32432.0    31951
read      285.4   223.1    80.4   142.1   157.0   251.9   308.8   339.6   361.6   387.3   420.6   475.3   730.2  3353.1  7484.0 105621.0   105358
read      275.7   132.9    80.4   142.9   157.9   252.1   308.9   340.0   361.8   386.6   417.5   464.4   584.5  1369.2  3120.9 104648.0   104834
read      279.1    88.8   109.4   178.0   196.9   279.6   304.2   316.3   325.2   336.6   349.2   371.7   426.8   907.7  1729.4  12602.0    12457
read      311.0   181.0    86.8   143.0   158.5   275.9   343.3   383.6   414.3   453.0   503.2   587.7   791.3  1871.8  4731.4  72523.0    72818
read      303.6   116.2    93.8   151.2   167.0   294.4   349.7   379.0   399.7   424.0   454.9   501.6   596.4   802.7  2347.2  44867.0    44775
read      295.3   137.7    86.8   140.6   155.4   272.1   336.4   371.7   398.7   430.8   470.5   531.9   658.2   875.3  1894.6  68283.0    68489
read      305.2   121.3    86.8   149.0   164.3   291.5   351.6   384.2   406.5   433.9   469.4   524.0   628.3   857.9  1160.9  52518.0    52510
read      287.1   181.5    86.8   139.8   154.2   254.8   318.3   352.5   376.8   404.6   443.6   510.2   741.0  1416.5  7385.6  85087.0    84955
read      278.9    73.0   109.4   175.9   194.3   280.9   306.0   317.8   327.2   338.2   351.4   372.7   423.0   648.8  3124.9  14481.0    14282
read      308.2   193.6    86.8   145.0   160.4   263.3   328.0   364.6   392.0   426.6   479.7   607.5  1071.2  1998.1  4197.6  86795.0    87096
read      264.8   106.7    86.8   137.1   150.7   242.1   302.4   333.5   354.8   378.8   407.7   452.2   544.1   814.5  1719.7  90258.0    90273
read      288.0    93.5    93.8   159.8   176.0   291.8   329.2   346.9   359.7   372.5   390.3   414.8   469.2   592.5  3307.2  31299.0    31352
read      288.7    90.2   109.4   170.9   189.6   290.9   320.4   335.7   345.3   359.1   373.8   399.9   459.9   591.9  3117.4  19590.0    19469
read      268.2   181.2   118.1   176.5   192.6   264.0   284.2   294.9   303.5   313.5   325.6   346.0   403.4  1278.1 11328.9   7114.0     7075
read      301.2   105.4    93.8   155.6   172.0   296.9   344.6   369.8   387.9   408.1   435.4   474.6   559.0   730.0  1555.9  35448.0    35529
read      293.8   149.6    86.8   142.0   157.0   262.0   326.5   361.7   387.8   419.6   463.4   543.3   748.0  1263.0  2758.6  84860.0    84543
read      288.4    99.6   109.4   172.1   189.5   290.0   318.6   333.9   343.7   356.6   370.9   395.4   450.5  1217.8  3406.6  19764.0    19670
read      298.7   108.5    93.8   154.9   171.5   297.8   344.1   367.6   383.8   401.3   426.0   463.3   540.3   654.0  3624.0  35690.0    35779
read      288.4   136.9    86.8   140.2   154.3   257.7   322.0   358.0   384.0   414.4   454.6   524.3   747.8  1252.7  2055.6  80773.0    80767
read      269.8   122.3    93.8   139.9   153.6   246.5   308.6   339.9   361.0   384.3   412.6   456.2   548.4   897.3  4235.4  84854.0    84436
read      272.1   129.4    86.8   139.9   154.2   246.8   304.6   336.0   358.0   382.7   412.7   460.0   599.2  1544.6  3078.4 102843.0   102570
read      277.5   108.1    93.8   142.4   156.8   262.2   325.3   354.0   373.8   394.6   419.0   454.2   525.0   629.6  2681.3  64375.0    64539
read      289.2    80.8   101.3   169.4   186.5   291.6   322.6   338.7   349.5   362.9   377.7   402.6   462.5  1004.5  1679.1  20764.0    20695
read      310.4   177.8    93.8   163.3   180.3   304.5   347.4   369.7   385.6   402.4   426.2   463.9   561.5  2146.2  7556.9  29316.0    29052
read      440.5   579.5    86.8   167.6   190.9   324.7   389.6   430.1   462.7   506.0   575.2   746.3  3466.5  6447.2  8110.5 110370.0   109606
read      270.0   107.3    86.8   139.6   153.7   249.3   309.8   340.8   362.1   385.3   412.6   453.2   540.8   839.2  1986.0  86734.0    86574
read      291.5   113.6   101.3   166.7   184.1   295.2   328.6   344.4   356.2   368.6   384.7   404.3   461.5   673.4  3591.5  26391.0    26386
read      290.5    89.5   101.3   162.8   179.6   294.8   331.4   348.7   361.3   373.9   391.6   415.5   466.0   851.7  3050.5  30354.0    30300
read      278.1   118.8    93.8   141.9   156.3   256.1   318.4   349.7   371.5   395.7   424.8   466.6   584.4  1030.7  2274.4  79101.0    79261
read      276.3   118.1    86.8   140.9   155.1   256.7   319.6   350.8   371.3   394.1   421.8   461.6   549.9   745.2  3689.6  72879.0    72798
read      289.9   157.4   109.4   168.1   186.0   292.5   321.9   337.1   346.6   359.6   372.7   396.2   439.8  1441.8  9156.0  23994.0    23763
read      293.1   207.5    86.8   151.8   167.6   288.7   339.0   362.5   378.0   395.2   416.6   448.3   509.6   827.8 13018.8  45018.0    45061
read      282.6   102.6    86.8   144.9   159.7   272.2   331.1   358.8   376.9   397.2   422.4   458.8   533.7   654.8  1106.0  58118.0    57867
read      292.3    99.5   101.3   164.5   181.6   297.3   330.9   346.9   359.7   372.4   390.6   416.4   470.1   695.1  3881.7  28885.0    28765
read      298.6   154.7    93.8   150.8   167.8   273.3   331.3   362.8   385.3   411.4   445.3   501.4   681.2  1733.8  3458.2 105313.0   105615
read      295.9   130.1    93.8   152.8   169.6   274.0   330.3   360.8   382.7   408.0   442.2   495.3   643.8  1418.0  2904.5 109822.0   109800
read      284.2   156.4    86.8   144.7   159.8   258.5   319.1   349.9   371.1   396.1   427.4   472.8   623.9  2236.0  4317.9  91941.0    92474
read      275.9   122.5    86.8   140.4   154.5   257.5   320.8   350.4   370.4   392.4   418.8   457.2   541.6   903.8  4159.0  69271.0    69536
read      295.3   126.3    86.8   152.4   168.9   274.2   331.7   362.0   383.4   408.5   441.9   495.4   635.3  1324.3  2591.7 108648.0   108847
read      292.7   107.6    93.8   157.8   174.1   295.8   339.5   360.1   373.2   389.0   405.4   431.7   484.6   624.2  3140.7  37639.0    37648
read      284.2   155.2    80.4   144.7   160.2   260.0   318.1   348.6   370.3   395.0   426.6   473.5   628.3  1792.6  5886.3  98684.0    98797
read      271.5   113.9    86.8   138.8   152.6   252.7   316.2   346.4   365.9   387.5   413.3   452.1   533.9   690.1  3092.0  71708.0    71781
read      287.2    96.4    93.8   151.6   167.3   286.5   335.8   359.0   374.0   391.3   410.7   436.5   498.1   587.2  1636.4  45472.0    45034
read      289.8    84.5   109.4   169.5   186.3   294.4   324.6   339.6   349.9   363.2   377.9   401.2   457.6   912.9  1988.7  23187.0    23060
read      281.6   116.2    80.4   145.2   160.9   259.3   317.5   348.4   370.6   395.8   427.3   473.2   599.6  1205.6  1618.9  98908.0    99559
read      274.6   120.0    86.8   140.3   154.3   253.4   316.3   346.8   367.2   390.3   418.5   460.0   549.3  1149.1  2349.9  78808.0    78907
read      300.9   201.2    93.8   150.4   166.8   273.1   330.6   361.6   383.3   407.9   441.6   498.9   696.7  3409.7  5443.6 110331.0   109987
read      278.1   133.1    86.8   143.7   158.8   255.2   313.9   344.3   366.5   390.9   420.7   466.0   589.5  1177.0  3265.1  96176.0    96463
read      271.5    67.5   101.3   174.3   190.2   272.9   296.1   309.1   317.5   328.4   341.5   363.0   407.2   886.4  2002.7  14526.0    14541
read      298.8   110.4   101.3   160.8   177.6   298.6   339.6   361.3   375.7   393.3   414.9   449.3   523.2   747.9  4842.8  30136.0    30227
read      369.5   480.3    86.8   153.1   171.2   282.7   339.3   372.4   398.3   430.2   474.7   582.4  3315.2  4785.7  8069.2 109210.0   109068
read      274.7   147.5    86.8   139.5   153.0   252.2   314.4   343.9   364.5   387.3   414.6   455.3   551.0  1800.6  5056.2  73833.0    73889
read      267.9   108.1    86.8   137.7   151.5   247.3   309.7   340.4   360.8   383.4   410.0   451.2   537.9   731.3  2602.6  81039.0    80825
read      264.6   130.3    86.8   137.5   151.0   239.0   296.3   327.1   348.1   372.6   403.2   450.1   576.1  1461.4  3137.2 101550.0   101968
read      292.7    84.4   101.3   165.3   182.5   298.9   333.1   349.5   361.3   373.1   390.5   414.3   467.1   669.1  1911.4  28313.0    28070
read      265.6   105.6    86.8   138.7   152.0   243.2   303.7   335.9   357.7   381.4   409.2   450.6   536.9   754.4  2235.5  87972.0    88127
read      269.9   119.2    86.8   139.7   153.5   246.1   305.7   337.9   359.8   384.2   414.2   460.6   568.6   977.4  3648.2  93089.0    93037
read      268.4   155.6    86.8   138.3   151.9   244.6   305.4   336.3   357.3   380.2   407.2   451.5   544.8   842.2  7365.9  85260.0    85313
read      285.4   107.6    93.8   150.5   166.2   285.2   331.8   353.4   367.7   383.7   401.5   430.2   496.4   915.9  2370.6  42333.0    42639
read      257.7   114.0    86.8   134.1   147.4   234.6   294.1   326.1   346.6   370.3   397.7   435.9   514.9   700.8  3240.2  89381.0    89688
read      271.2   124.4    86.8   137.8   151.4   247.6   310.5   342.5   363.8   387.2   415.8   459.9   571.8  1201.0  2214.2  77544.0    77922
read      285.7    98.9    93.8   151.2   166.7   284.1   333.3   355.7   370.0   387.1   406.2   436.0   500.7   648.3  1597.1  43309.0    43434
read      267.8   105.9    86.8   140.0   154.1   245.3   301.7   333.0   354.8   379.7   410.1   458.3   572.3   916.1  1217.6 104674.0   105109
read      283.4   166.9    80.4   145.1   160.2   255.7   313.4   345.0   367.5   393.4   426.2   476.4   619.9  2506.9  4537.2 104098.0   104178
read      263.6   105.1    86.8   138.4   152.3   240.7   297.6   328.5   349.4   373.6   403.3   448.8   550.5   903.1  1716.7 103714.0   103636
read      292.0   100.2    93.8   160.7   177.1   295.7   334.6   353.5   366.4   381.3   399.5   427.6   485.9   606.9  4613.6  33851.0    33841
read      274.3   134.8    86.8   138.2   152.0   255.0   317.5   347.2   366.7   388.2   413.8   452.7   539.3  1650.1  3740.9  65203.0    65328
read      280.6   136.1    93.8   143.2   158.0   270.3   327.9   354.1   370.8   389.9   412.0   443.9   508.6   683.7  4353.6  54026.0    53849
read      282.0    80.7   118.1   176.7   195.1   283.0   308.7   321.0   331.7   342.5   358.2   380.6   432.1   825.7  1342.9  14217.0    14112
read      298.7   147.7    86.8   141.0   155.5   273.6   339.7   375.1   401.7   433.9   475.4   541.7   685.8  1074.4  4563.5  65276.0    65229
read      297.3   165.7    86.8   140.0   154.0   265.4   333.0   370.2   397.6   430.5   473.3   545.3   742.6  1831.2  3358.0  75663.0    74794
read      270.7   110.6    86.8   137.4   151.2   250.4   314.1   345.1   366.5   389.6   416.9   456.9   539.7   730.3  1988.3  76437.0    76657
read      267.7   120.6    86.8   137.7   151.3   244.8   303.8   335.1   356.8   381.1   409.7   454.1   549.7  1121.8  2982.4  92334.0    92562
read      268.4   112.7    86.8   136.4   150.0   246.2   308.9   340.1   361.7   385.8   415.3   458.9   552.0   803.8  1683.2  79745.0    79594
read      272.6   126.5    86.8   140.1   154.6   249.0   305.3   336.6   358.6   384.0   416.0   465.0   592.7  1268.2  3411.7 105850.0   106208
read      267.5   121.9    93.8   138.0   152.0   245.0   304.1   335.6   357.2   381.1   410.7   454.9   549.5   871.2  3515.2  94742.0    94770
read      289.7    78.6   109.4   174.3   191.6   291.5   320.8   336.5   346.4   360.5   374.9   402.0   466.7   719.1  3003.8  19075.0    19122
read      301.0   183.0    86.8   142.5   157.6   280.0   342.2   376.7   401.1   431.3   468.9   526.5   638.5  1010.0  8304.8  59826.0    60408
read      293.9   203.0    86.8   139.6   153.9   249.1   309.6   343.3   368.0   398.4   441.3   544.1  1119.4  2223.0  3741.6  98298.0    98371
read      277.3   123.8    86.8   141.3   155.5   264.1   323.3   350.8   369.2   389.9   414.2   449.5   525.2   781.4  3645.2  61294.0    61350
read      266.1   120.6    86.8   135.4   149.1   243.2   305.4   336.8   357.8   380.8   407.6   448.4   542.4  1206.2  2521.8  78505.0    78813
read      251.8   132.1   109.4   171.7   184.6   248.5   267.4   276.5   285.4   294.3   307.5   325.9   384.1   960.4  7804.5   5550.0     5604
read      294.2   164.8    93.8   140.4   154.5   260.1   324.8   359.6   385.3   416.4   459.9   543.6   801.0  1847.1  3208.9  79729.0    81210
read      279.1   116.4    80.4   142.1   156.7   259.8   320.8   352.5   373.3   395.9   423.7   464.4   569.7  1251.5  1568.6  74374.0    73960
read      288.7   100.5   101.3   164.1   180.8   293.1   327.2   343.4   354.9   367.2   383.1   404.3   457.7   652.5  4215.1  27971.0    28059
read      254.7    81.4   127.6   173.7   188.9   252.3   270.8   281.2   288.8   296.4   310.6   332.1   390.4   929.6  3158.2   6179.0     6090
read      305.7   147.5    86.8   143.8   158.7   278.5   344.8   382.9   411.0   446.9   492.8   566.0   724.9  1047.6  3855.1  64599.0    65353
read      305.1   215.1    93.8   142.4   157.2   280.4   342.6   374.8   398.8   428.7   467.0   526.1   675.1  3111.6  7576.2  56021.0    55646
read      292.4   184.7    86.8   141.1   155.4   259.0   323.9   357.7   380.8   408.6   446.0   513.9   778.5  2090.0  6254.8  75866.0    75470
read      259.2   114.4    80.4   135.7   149.2   235.0   291.6   322.3   344.1   368.6   398.2   443.2   548.8   889.0  2176.4 101483.0   101368
read      289.1    84.1   109.4   170.7   187.0   291.2   320.7   336.8   347.0   362.3   379.7   406.3   473.5   761.9  1495.2  20352.0    20305
read      349.0   377.5    86.8   148.9   165.2   279.0   339.6   373.1   398.8   431.4   481.0   625.0  1931.9  4382.8  7996.8 100833.0   101317
read      282.3   129.4    86.8   146.4   162.0   261.4   317.8   347.7   369.3   394.0   424.8   470.2   588.2  1204.0  2890.8 108388.0   108543
read      277.5   131.0    86.8   140.8   155.0   254.1   315.7   346.6   368.0   392.0   421.4   465.0   585.4  1607.9  2989.4  80749.0    81018
read      298.6   175.9    93.8   149.8   165.8   270.2   328.7   360.3   382.8   408.7   442.2   499.7   735.5  2722.6  3949.7 106598.0   106524
read      281.5   118.9    86.8   147.8   162.7   275.7   329.3   353.8   369.7   387.7   407.9   436.3   495.7   611.5  2553.5  50645.0    50658
read      290.0   105.3    86.8   151.8   167.4   288.7   337.6   360.6   375.5   392.3   411.8   440.5   503.0  1131.3  2367.2  43896.0    43791
read      282.2   102.8   118.1   175.3   193.3   281.6   308.0   321.1   331.6   342.2   358.5   384.2   437.7   904.7  6243.4  14549.0    14504
read      298.8   115.8    93.8   148.0   162.4   287.4   345.6   374.5   396.4   422.5   455.8   503.8   605.3   780.9  1309.0  47523.0    47555
read      297.1   143.0    86.8   140.3   154.4   272.2   337.4   373.5   400.4   432.8   474.6   542.3   682.9  1081.7  3139.3  67759.0    67848
read      322.0   273.4    93.8   145.9   161.5   266.5   327.6   362.4   387.8   418.9   466.2   605.4  1469.3  3133.7  7443.3  93315.0    93337
read      265.0   114.1    86.8   137.7   150.9   243.3   304.5   335.6   356.7   380.0   406.5   447.4   530.5   795.7  1585.7  82603.0    82735
read      261.9   102.3    86.8   135.3   149.2   239.4   302.0   333.7   354.6   377.0   403.5   442.2   522.6   736.8   932.0  79783.0    79691
read      276.3   108.0    86.8   140.9   155.5   262.3   323.8   351.6   369.8   390.6   415.6   452.5   528.6   681.9  1947.4  61847.0    61855
read      274.5   100.2    93.8   141.2   155.1   261.4   321.2   350.1   369.5   390.3   414.2   448.5   514.9   635.0   939.9  61513.0    61378
read      290.9    78.9    93.8   165.7   182.9   297.3   330.8   346.1   358.2   370.5   387.8   411.0   461.4   542.8  2058.6  27325.0    27280
read      293.7    88.9   101.3   159.1   175.6   298.0   341.0   361.2   373.8   389.6   406.3   434.0   489.9   575.2   673.2  35741.0    35620
read      293.0   166.5   101.3   159.6   176.5   295.0   333.1   351.2   364.5   379.0   397.5   424.4   471.5   962.8  9677.2  32743.0    32911
read      269.9   104.3    86.8   139.0   152.7   249.1   311.5   343.6   365.2   388.5   416.2   457.3   539.8   725.9  1057.3  76447.0    76628
read      291.2   115.0    93.8   162.1   178.5   294.9   332.0   348.9   361.8   374.8   393.6   419.7   469.5   614.8  6152.0  32298.0    32305
read      272.2   115.9    86.8   139.6   153.4   250.6   313.3   344.2   365.2   388.5   416.6   458.6   549.5   925.2  3250.2  74437.0    74231
read      271.6   115.0    86.8   139.2   153.2   253.4   316.2   346.0   365.8   387.6   413.4   450.5   527.8   661.8  3504.9  69492.0    69333
read      283.0    98.5    93.8   146.8   161.6   275.9   332.4   358.4   375.4   395.0   418.2   450.2   511.3   615.3   920.1  53338.0    53526
read      289.0   116.1    93.8   151.2   166.9   287.3   337.7   360.3   374.6   391.6   411.3   441.7   503.6   640.2  3954.0  43898.0    43970
read      270.4   119.4    93.8   140.0   154.0   247.7   306.9   338.2   359.9   384.3   414.4   460.2   565.7   816.8  4337.8  92794.0    92984
read      290.7    87.3   109.4   168.5   186.7   291.6   324.2   341.2   353.4   367.6   386.0   413.1   472.3   886.3  2021.7  23000.0    22716
read      325.9   237.6    86.8   145.9   161.9   270.8   335.9   373.4   402.6   443.6   516.1   692.4  1264.0  2506.1  7077.9  86421.0    86539
read      271.6   116.4    86.8   139.5   153.3   251.5   314.8   345.4   365.8   388.1   414.4   453.4   532.2   721.9  4207.4  74154.0    73888
read      272.9   103.3    86.8   139.8   153.7   254.8   317.9   347.8   368.2   390.4   416.9   455.9   537.8   689.1   931.3  73846.0    73554
read      291.7    86.6   101.3   167.1   185.0   297.9   330.1   345.7   357.4   369.3   386.0   408.8   461.5   550.1  2621.9  27268.0    26912
read      291.3   144.2    93.8   151.3   166.4   288.7   338.1   361.1   376.3   393.6   414.2   444.0   515.7   912.2  7856.8  44684.0    44840
read      311.4   356.1   109.4   174.0   192.1   291.8   320.5   336.9   347.5   363.3   382.8   422.4   692.8  7652.4  9411.0  17037.0    16966
read      302.6   117.4    86.8   147.9   163.8   290.0   349.5   381.2   402.6   429.9   464.4   515.3   616.8   745.5  1150.2  51753.0    51903
read      293.8   132.2    86.8   144.8   159.7   269.0   334.3   367.0   390.5   419.0   458.1   525.4   679.5   981.3  1611.1  71457.0    71461
read      286.8    73.4   109.4   170.4   188.1   290.3   319.8   335.1   344.8   358.0   372.2   397.1   450.6   568.0  1163.8  21212.0    21248
read      323.6   360.7    93.8   143.1   158.4   257.4   314.6   345.7   368.7   395.8   433.2   520.7  2408.2  3265.6  8048.2  97729.0    98493
read      277.9   118.2    86.8   143.3   158.5   255.3   313.4   344.4   366.0   390.4   421.3   468.1   603.6  1200.0  2018.1 106200.0   105716
read      286.5   133.5   109.4   168.1   184.3   283.2   312.3   327.5   338.8   352.0   370.5   399.6   490.4  1876.5  7003.5  19543.0    19488
read      288.4   152.6   118.1   173.7   191.3   288.3   317.0   332.4   342.5   355.3   370.1   396.5   465.3   899.4 12123.8  16556.0    16605
read      283.5   129.9    86.8   134.4   148.5   258.8   323.7   358.9   384.5   416.8   457.4   518.9   639.7   841.5  1786.3  74258.0    75130
read      291.7   144.5    93.8   144.1   159.5   279.9   332.6   359.8   379.1   401.3   431.4   475.3   581.3  2270.7  3432.5  45760.0    45842
read      292.3   133.4    93.8   142.6   157.8   280.4   336.0   364.8   385.8   410.1   442.8   494.2   597.2   817.8  4951.9  48648.0    48598
read      283.6   124.6    86.8   134.2   148.0   261.8   325.1   359.6   385.4   416.4   455.5   510.1   632.2   892.6  1413.0  67910.0    67944
read      296.9   136.3    93.8   158.4   174.9   290.2   329.2   348.0   362.8   379.0   400.5   436.7   592.8  1958.1  2844.3  26698.0    26800
read      287.4   120.3    86.8   142.9   158.3   278.7   335.2   361.5   379.2   399.0   424.4   461.5   547.3  1494.2  2843.0  50266.0    49959
read      283.0   110.2    93.8   144.1   159.7   275.4   331.9   358.7   376.2   395.4   418.8   453.3   526.8   684.5  1453.8  53904.0    54114
read      273.8   104.4    86.8   139.0   153.2   256.5   319.0   348.4   369.3   392.3   419.4   458.3   538.7   683.3  1159.3  66529.0    66577
read      291.2    96.8    93.8   152.9   169.2   292.8   338.2   360.1   374.4   391.6   411.3   440.9   505.4   690.4  1888.6  39821.0    39563
read      287.9    92.6    86.8   152.7   168.8   289.0   334.5   355.9   370.5   387.3   405.2   433.4   499.6   635.2  1459.3  40240.0    40228
read      265.8   127.1    86.8   135.1   149.4   239.5   300.2   332.4   354.6   379.7   409.7   456.0   581.4  1167.2  3803.9  92133.0    92385
read      290.7   102.8   101.3   158.4   175.2   292.5   334.0   353.7   366.9   382.0   399.7   428.5   493.6   637.2  3103.2  35385.0    35189
read      292.7   158.1    93.8   155.1   171.8   291.1   332.3   351.6   364.9   379.7   398.1   426.7   494.1  2336.8  4939.6  34986.0    34744
read      276.2    81.7   109.4   174.8   193.0   278.1   300.9   313.6   321.6   333.6   345.6   368.6   419.5   773.4  4840.6  15183.0    15082
read      265.2   129.0    86.8   134.6   148.2   240.2   301.1   332.1   353.4   376.8   406.0   452.4   571.6  1459.4  2368.1  86975.0    87824
read      287.9   100.2    86.8   156.4   173.6   289.1   330.6   350.4   364.3   379.2   396.8   423.5   480.1   596.9  3163.2  34400.0    33965
read      282.9    89.5    86.8   151.1   166.8   285.0   328.8   348.7   362.7   377.3   395.9   423.4   478.2   594.2  1406.5  38172.0    38138
read      284.1    99.0    86.8   150.1   165.6   284.5   331.6   352.9   367.2   383.6   402.1   431.0   486.5   591.4  3544.8  42262.0    42450
read      269.4   134.6    86.8   136.8   150.6   253.2   314.5   343.0   361.8   382.0   404.8   439.6   505.7   638.5  4572.1  65160.0    65120
read      284.8   187.7   109.4   171.2   188.2   280.1   307.3   320.4   331.5   342.9   359.4   383.5   452.4  2291.9  7789.8  17382.0    17329
read      282.9   126.1    86.8   138.1   151.9   268.1   325.7   356.4   378.5   404.1   434.8   484.2   580.3   848.2  3071.9  56695.0    56524
read      290.8   127.0    93.8   150.8   166.0   286.4   332.2   355.4   371.0   391.8   417.7   455.5   539.5  1080.2  5739.0  36486.0    36287
read      273.5    74.7   109.4   171.6   187.7   274.6   299.9   312.6   320.6   332.8   345.4   370.4   433.5   881.9  2474.3  14812.0    14642
read      287.7   115.7    86.8   140.0   154.7   273.8   332.2   363.4   385.9   411.8   444.5   493.2   590.1   855.5  1461.0  52790.0    53127
read      304.0   168.2    86.8   140.1   154.7   273.6   339.8   376.3   403.5   436.4   478.9   545.7   856.3  1817.8  2651.1  67534.0    67385
read      287.4   155.6    86.8   141.7   156.6   258.8   322.5   356.0   378.9   404.3   438.6   500.8   682.8  1934.4  4256.7  80465.0    80362
read      275.1   119.3    86.8   141.6   156.5   254.3   310.7   341.3   363.1   387.7   418.2   464.9   580.6  1034.9  1734.1 104686.0   105193
read      283.2   150.4    86.8   145.3   161.2   277.2   332.5   358.1   374.6   392.3   412.8   442.4   506.7   631.7  1491.8  50961.0    50992
read      276.0   144.2    86.8   140.8   155.0   252.4   314.5   345.8   367.6   391.3   420.2   464.2   566.7  1064.2  5646.9  85445.0    85438
read      282.2    99.1    93.8   145.7   160.8   277.8   332.5   356.5   372.1   390.3   411.1   441.0   505.5   629.3  1614.9  50653.0    50475
read      276.5    70.0   109.4   171.4   188.8   279.0   305.3   318.0   327.6   338.4   351.6   373.5   426.3   842.1  1803.6  15893.0    15668
read      290.2   136.4    86.8   137.3   151.4   265.5   331.3   366.4   391.8   421.7   459.1   515.5   678.5  1511.7  1957.7  66694.0    66984
read      285.7   118.2    86.8   139.2   153.5   270.0   331.2   362.0   384.1   410.1   442.7   491.2   582.3   744.5  1950.6  57152.0    57056
read      290.0   120.6    93.8   144.8   160.3   281.8   335.0   361.8   380.4   401.5   429.9   469.8   551.7   973.4  3090.9  45410.0    45383
read      260.8   100.1   118.1   172.6   187.9   259.9   280.6   292.3   300.5   310.8   321.1   343.1   393.2   915.5  4954.3   9199.0     9044
read      289.0    98.2    93.8   149.5   164.7   285.6   334.0   358.5   375.0   395.6   420.7   457.7   534.1   641.8   831.7  39400.0    39958
read      282.2   118.6    86.8   135.6   149.5   262.4   326.2   359.3   383.2   412.0   447.9   498.9   605.5   784.0  1325.2  67819.0    67432
read      284.4    81.9   109.4   162.9   180.1   285.9   320.0   337.3   348.6   363.5   380.7   405.4   465.3   753.3  1078.2  23636.0    23503
read      275.3   158.1    86.8   135.8   149.8   244.9   307.0   340.4   364.8   393.7   430.9   493.2   674.1  1259.9  6474.7  89474.0    89906
read      271.8    98.7    86.8   139.8   154.4   259.4   318.0   345.1   363.4   383.1   405.1   438.7   507.6   701.3   905.3  60925.0    60865
read      266.4    98.7   127.6   176.6   192.6   263.9   285.6   296.4   305.5   314.9   326.8   344.0   397.3  1376.1  4065.6  10198.0    10097
read      396.2   565.1    86.8   150.2   167.4   287.6   346.9   383.2   410.6   446.5   500.1   621.2  3481.3  5061.5  8058.3 103935.0   104385
read      279.1    76.1   109.4   173.7   191.6   282.4   307.3   319.1   328.5   338.7   350.8   371.0   419.8   873.9  2433.7  16951.0    16694
read      266.3   116.1    86.8   137.4   151.1   241.1   300.5   332.0   353.9   378.5   408.2   456.7   595.1  1056.7  2454.2  95873.0    96807
read      289.6    76.1   101.3   168.7   186.2   296.3   325.5   339.9   349.7   362.6   376.1   399.5   452.3   700.6  1009.8  23614.0    23545
read      284.4   117.0    86.8   144.7   159.9   275.9   332.8   359.2   376.6   395.7   419.0   453.1   529.5   677.4  4106.1  53652.0    53603
read      266.3   105.1    86.8   134.9   149.1   246.7   308.9   339.6   360.0   382.4   408.9   450.3   537.5   727.8  1752.9  77627.0    77963
read      276.9   114.9    86.8   142.3   157.5   255.0   314.4   345.4   366.8   391.6   422.1   467.6   586.1  1028.6  2045.0  98995.0    99004
read      263.2   172.7    86.8   134.4   147.8   238.8   299.0   330.4   351.0   373.1   400.9   442.1   536.8   932.3 10382.8  88919.0    89009
read      284.0   124.8    80.4   143.7   159.9   260.8   318.5   349.6   371.7   397.5   430.9   485.7   650.0  1360.8  1982.0 109943.0   109606
read      262.6   111.9    86.8   136.4   150.2   239.7   299.0   329.8   350.4   373.8   402.1   445.1   545.2   830.1  3285.8  95487.0    94996
read      290.2    78.3    93.8   166.1   182.9   297.2   327.7   342.7   353.8   366.1   381.5   403.4   458.4   787.1  1438.9  26262.0    26308
read      272.4   112.9    86.8   138.6   152.0   250.9   313.9   344.8   366.2   389.9   418.7   461.8   568.0   869.6  1673.3  76921.0    76851
read      264.0   107.3    86.8   138.0   151.6   240.9   298.2   329.0   350.2   374.5   403.5   449.3   558.9   986.2  1807.1 105131.0   105149
read      282.1   112.3    93.8   146.0   161.6   276.3   330.7   355.1   371.4   389.7   410.6   441.4   508.9   638.7  2751.7  51888.0    51656
read      269.3    70.0   118.1   170.8   187.6   269.3   293.6   306.8   315.5   326.3   341.1   365.0   421.3   885.2  1996.6  12668.0    12606
read      281.0   115.8    86.8   137.1   151.2   267.0   325.9   356.1   377.3   402.3   434.5   481.3   566.4   776.4  1693.0  56474.0    56950

Total QPS = 58248.8 (84460712 / 1450.0s)

Total connections = 64
Misses = 0 (0.0%)
Skipped TXs = 0 (0.0%)

RX 20861795123 bytes :   13.7 MB/s
TX          0 bytes :    0.0 MB/s
Warning! Detected max cpu usage > 95%
CPU Usage Stats (avg/min/max): 99.91%,34.38%,100.00%
