Controller pinned to core 3.
Scheduler started.
pulled barnes
pulled radix
pulled blackscholes
pulled canneal
pulled freqmine
pulled streamcluster
pulled vips
[MEMCACHED] cores updated to: ['0', '1', '2']
[radix] started on cores: [3] with 1 threads.
[monitor] ['13%', '14%', '13%', '100%']  memcached=40.0%
[MEMCACHED] cores updated to: ['0', '2']
[radix] paused.
[barnes] started on cores: [1, 3] with 2 threads.
[monitor] ['13%', '55%', '14%', '55%']  memcached=27.1%
[MEMCACHED] cores updated to: ['0']
[radix] unpaused.
[radix] cores updated to: [2]
[monitor] ['21%', '30%', '100%', '77%']  memcached=21.4%
[monitor] ['28%', '0%', '100%', '100%']  memcached=28.1%
[monitor] ['24%', '29%', '100%', '100%']  memcached=24.1%
[monitor] ['24%', '100%', '100%', '100%']  memcached=24.1%
[monitor] ['18%', '100%', '100%', '100%']  memcached=17.9%
[monitor] ['21%', '100%', '100%', '100%']  memcached=21.4%
[monitor] ['21%', '100%', '100%', '97%']  memcached=21.4%
[monitor] ['23%', '100%', '100%', '100%']  memcached=23.3%
[monitor] ['18%', '100%', '100%', '100%']  memcached=17.9%
[monitor] ['21%', '100%', '100%', '100%']  memcached=21.4%
[monitor] ['18%', '100%', '100%', '100%']  memcached=17.9%
[monitor] ['32%', '100%', '100%', '100%']  memcached=32.3%
[monitor] ['43%', '100%', '100%', '100%']  memcached=42.9%
[monitor] ['39%', '100%', '100%', '100%']  memcached=39.4%
[monitor] ['41%', '100%', '100%', '100%']  memcached=41.2%
[monitor] ['44%', '100%', '100%', '100%']  memcached=44.4%
[monitor] ['39%', '100%', '100%', '100%']  memcached=39.4%
[monitor] ['41%', '100%', '100%', '100%']  memcached=41.2%
[monitor] ['46%', '100%', '100%', '100%']  memcached=45.7%
[monitor] ['46%', '100%', '100%', '100%']  memcached=45.7%
[monitor] ['44%', '100%', '100%', '100%']  memcached=44.1%
[monitor] ['44%', '100%', '100%', '100%']  memcached=44.4%
[monitor] ['41%', '100%', '100%', '100%']  memcached=41.2%
[monitor] ['44%', '100%', '100%', '100%']  memcached=44.1%
[monitor] ['47%', '100%', '100%', '100%']  memcached=47.2%
[monitor] ['44%', '100%', '100%', '100%']  memcached=44.4%
[monitor] ['44%', '100%', '100%', '100%']  memcached=44.1%
[monitor] ['48%', '100%', '100%', '100%']  memcached=48.5%
[monitor] ['87%', '100%', '100%', '100%']  memcached=87.1%
[MEMCACHED] cores updated to: ['0', '2']
[radix] paused.
[monitor] ['91%', '100%', '94%', '100%']  memcached=184.6%
[MEMCACHED] cores updated to: ['0', '1', '2']
[radix] unpaused.
[radix] cores updated to: [3]
[barnes] paused.
[monitor] ['71%', '69%', '65%', '100%']  memcached=204.7%
[monitor] ['71%', '68%', '64%', '100%']  memcached=201.9%
[monitor] ['71%', '68%', '65%', '100%']  memcached=203.9%
[monitor] ['69%', '69%', '64%', '100%']  memcached=200.8%
[monitor] ['73%', '70%', '67%', '100%']  memcached=209.7%
[monitor] ['72%', '71%', '67%', '100%']  memcached=210.3%
[monitor] ['76%', '74%', '69%', '100%']  memcached=219.4%
[monitor] ['73%', '71%', '69%', '100%']  memcached=211.9%
[monitor] ['74%', '74%', '68%', '100%']  memcached=214.7%
[monitor] ['74%', '73%', '70%', '100%']  memcached=217.5%
[monitor] ['71%', '71%', '64%', '100%']  memcached=204.8%
[monitor] ['71%', '68%', '62%', '100%']  memcached=200.8%
[monitor] ['71%', '69%', '65%', '100%']  memcached=204.7%
[monitor] ['74%', '75%', '67%', '100%']  memcached=216.0%
[monitor] ['26%', '21%', '17%', '100%']  memcached=63.7%
[MEMCACHED] cores updated to: ['0', '2']
[radix] paused.
[barnes] unpaused.
[monitor] ['16%', '100%', '10%', '100%']  memcached=25.6%
[MEMCACHED] cores updated to: ['0']
[radix] unpaused.
[radix] cores updated to: [2]
[monitor] ['14%', '100%', '100%', '100%']  memcached=13.8%
[monitor] ['19%', '100%', '100%', '100%']  memcached=19.4%
[monitor] ['19%', '100%', '100%', '100%']  memcached=18.8%
[monitor] ['19%', '100%', '100%', '100%']  memcached=19.4%
[monitor] ['19%', '100%', '100%', '100%']  memcached=19.4%
[monitor] ['14%', '100%', '100%', '100%']  memcached=13.8%
[monitor] ['17%', '100%', '100%', '100%']  memcached=16.7%
[monitor] ['14%', '100%', '100%', '100%']  memcached=13.8%
[monitor] ['13%', '100%', '100%', '100%']  memcached=13.3%
[monitor] ['11%', '100%', '100%', '100%']  memcached=10.7%
[monitor] ['17%', '100%', '100%', '100%']  memcached=16.7%
[monitor] ['16%', '100%', '100%', '100%']  memcached=16.1%
[monitor] ['11%', '100%', '100%', '100%']  memcached=10.7%
[monitor] ['17%', '100%', '100%', '100%']  memcached=16.7%
[monitor] ['66%', '100%', '100%', '100%']  memcached=65.6%
[monitor] ['94%', '100%', '100%', '100%']  memcached=93.8%
[MEMCACHED] cores updated to: ['0', '1', '3']
[barnes] paused.
[monitor] ['52%', '50%', '100%', '50%']  memcached=151.5%
[monitor] ['52%', '53%', '100%', '53%']  memcached=157.6%
[monitor] ['52%', '48%', '100%', '48%']  memcached=148.6%
[monitor] ['53%', '48%', '100%', '53%']  memcached=154.3%
[monitor] ['48%', '48%', '100%', '53%']  memcached=149.7%
[monitor] ['53%', '51%', '100%', '47%']  memcached=151.2%
[monitor] ['50%', '48%', '100%', '54%']  memcached=152.7%
[monitor] ['53%', '47%', '100%', '51%']  memcached=151.0%
[monitor] ['50%', '47%', '100%', '50%']  memcached=146.9%
[monitor] ['57%', '50%', '100%', '53%']  memcached=160.1%
[monitor] ['55%', '53%', '100%', '53%']  memcached=160.4%
[monitor] ['54%', '48%', '100%', '52%']  memcached=154.2%
[monitor] ['52%', '53%', '100%', '52%']  memcached=156.0%
[monitor] ['55%', '50%', '100%', '50%']  memcached=154.5%
[monitor] ['48%', '45%', '100%', '47%']  memcached=140.8%
[monitor] ['26%', '25%', '100%', '25%']  memcached=75.8%
[MEMCACHED] cores updated to: ['0', '3']
[radix] paused.
[barnes] unpaused.
[barnes] cores updated to: [1, 2]
[monitor] ['34%', '100%', '100%', '31%']  memcached=65.6%
[MEMCACHED] cores updated to: ['0']
[radix] unpaused.
[radix] cores updated to: [3]
[monitor] ['54%', '100%', '100%', '100%']  memcached=53.8%
[monitor] ['57%', '100%', '100%', '100%']  memcached=57.5%
[monitor] ['53%', '100%', '100%', '100%']  memcached=52.6%
[monitor] ['63%', '100%', '100%', '100%']  memcached=62.8%
[monitor] ['56%', '100%', '100%', '100%']  memcached=56.4%
[monitor] ['60%', '100%', '100%', '100%']  memcached=60.0%
[monitor] ['59%', '100%', '100%', '100%']  memcached=58.5%
[monitor] ['55%', '100%', '100%', '100%']  memcached=55.0%
[monitor] ['56%', '100%', '100%', '100%']  memcached=56.4%
[monitor] ['53%', '100%', '100%', '100%']  memcached=52.6%
[monitor] ['56%', '100%', '100%', '100%']  memcached=56.4%
[monitor] ['55%', '100%', '100%', '100%']  memcached=55.3%
[monitor] ['56%', '100%', '100%', '100%']  memcached=56.4%
[monitor] ['59%', '100%', '100%', '100%']  memcached=59.0%
[monitor] ['97%', '100%', '100%', '100%']  memcached=96.8%
[MEMCACHED] cores updated to: ['0', '1', '2']
[barnes] paused.
[monitor] ['94%', '93%', '93%', '100%']  memcached=280.2%
[monitor] ['78%', '74%', '73%', '100%']  memcached=225.1%
[monitor] ['80%', '76%', '70%', '100%']  memcached=225.5%
[monitor] ['79%', '74%', '71%', '100%']  memcached=223.7%
[monitor] ['80%', '76%', '71%', '100%']  memcached=227.2%
[monitor] ['79%', '76%', '71%', '100%']  memcached=225.8%
[monitor] ['79%', '76%', '73%', '100%']  memcached=228.6%
[monitor] ['79%', '74%', '71%', '100%']  memcached=223.7%
[monitor] ['79%', '76%', '71%', '100%']  memcached=226.5%
[monitor] ['76%', '76%', '71%', '100%']  memcached=223.5%
[monitor] ['80%', '74%', '71%', '100%']  memcached=225.0%
[monitor] ['79%', '76%', '71%', '100%']  memcached=227.3%
[monitor] ['76%', '74%', '70%', '100%']  memcached=219.7%
[monitor] ['79%', '75%', '73%', '100%']  memcached=226.5%
[monitor] ['79%', '74%', '72%', '100%']  memcached=225.2%
[monitor] ['55%', '56%', '48%', '100%']  memcached=158.9%
[monitor] ['36%', '33%', '29%', '100%']  memcached=98.7%
[MEMCACHED] cores updated to: ['0', '2']
[radix] paused.
[barnes] unpaused.
[barnes] cores updated to: [1, 3]
[monitor] ['49%', '100%', '46%', '100%']  memcached=94.4%
[monitor] ['45%', '100%', '49%', '100%']  memcached=94.1%
[monitor] ['47%', '100%', '47%', '100%']  memcached=94.4%
[monitor] ['47%', '100%', '46%', '100%']  memcached=92.9%
[monitor] ['46%', '100%', '47%', '100%']  memcached=92.9%
[monitor] ['47%', '100%', '46%', '100%']  memcached=92.9%
[monitor] ['47%', '100%', '47%', '100%']  memcached=94.3%
[monitor] ['49%', '100%', '46%', '100%']  memcached=94.4%
[monitor] ['44%', '100%', '47%', '11%']  memcached=91.3%
[monitor] ['44%', '100%', '47%', '0%']  memcached=91.3%
[monitor] ['47%', '100%', '49%', '43%']  memcached=95.9%
[monitor] ['46%', '100%', '46%', '100%']  memcached=91.4%
[monitor] ['44%', '100%', '46%', '79%']  memcached=89.8%
[monitor] ['47%', '100%', '50%', '100%']  memcached=97.1%
[monitor] ['58%', '100%', '53%', '100%']  memcached=111.3%
[monitor] ['78%', '100%', '79%', '100%']  memcached=157.3%
[monitor] ['78%', '100%', '78%', '100%']  memcached=156.2%
[monitor] ['79%', '100%', '78%', '100%']  memcached=157.8%
[monitor] ['78%', '100%', '78%', '100%']  memcached=156.8%
[monitor] ['78%', '100%', '78%', '100%']  memcached=156.2%
[monitor] ['77%', '100%', '78%', '100%']  memcached=155.5%
[monitor] ['78%', '100%', '76%', '100%']  memcached=153.5%
[monitor] ['78%', '100%', '78%', '100%']  memcached=156.8%
[monitor] ['77%', '100%', '78%', '100%']  memcached=154.9%
[monitor] ['78%', '100%', '78%', '100%']  memcached=156.2%
[monitor] ['74%', '100%', '80%', '100%']  memcached=154.3%
[monitor] ['76%', '100%', '79%', '100%']  memcached=155.4%
[monitor] ['76%', '100%', '81%', '100%']  memcached=156.2%
[monitor] ['78%', '100%', '78%', '100%']  memcached=155.6%
[monitor] ['77%', '100%', '80%', '100%']  memcached=157.1%
[monitor] ['77%', '100%', '78%', '100%']  memcached=155.5%
[monitor] ['78%', '100%', '80%', '100%']  memcached=158.4%
[monitor] ['78%', '100%', '78%', '100%']  memcached=156.8%
[monitor] ['75%', '100%', '81%', '100%']  memcached=155.6%
[monitor] ['79%', '100%', '81%', '100%']  memcached=160.0%
[monitor] ['76%', '100%', '79%', '100%']  memcached=155.2%
[monitor] ['78%', '100%', '81%', '100%']  memcached=158.3%
[monitor] ['78%', '100%', '80%', '100%']  memcached=158.4%
[monitor] ['78%', '100%', '81%', '100%']  memcached=158.3%
[monitor] ['78%', '100%', '78%', '100%']  memcached=156.2%
[monitor] ['80%', '100%', '83%', '100%']  memcached=162.9%
[MEMCACHED] cores updated to: ['0', '2', '3']
[radix] unpaused.
[radix] cores updated to: [1]
[barnes] paused.
[monitor] ['65%', '100%', '62%', '74%']  memcached=200.2%
[monitor] ['69%', '100%', '60%', '71%']  memcached=200.9%
[monitor] ['66%', '100%', '61%', '74%']  memcached=200.5%
[monitor] ['67%', '100%', '62%', '73%']  memcached=201.4%
[monitor] ['66%', '100%', '59%', '72%']  memcached=196.8%
[monitor] ['65%', '100%', '63%', '71%']  memcached=198.6%
[monitor] ['61%', '100%', '57%', '67%']  memcached=184.4%
[monitor] ['50%', '100%', '45%', '58%']  memcached=153.8%
[monitor] ['54%', '100%', '47%', '62%']  memcached=163.5%
[monitor] ['52%', '100%', '47%', '57%']  memcached=155.5%
[monitor] ['48%', '100%', '45%', '57%']  memcached=151.0%
[monitor] ['49%', '100%', '44%', '59%']  memcached=151.8%
[monitor] ['52%', '100%', '48%', '59%']  memcached=159.5%
[monitor] ['48%', '100%', '46%', '62%']  memcached=156.4%
[monitor] ['53%', '100%', '45%', '61%']  memcached=159.2%
[monitor] ['45%', '100%', '42%', '62%']  memcached=149.6%
[monitor] ['50%', '100%', '50%', '61%']  memcached=161.1%
[monitor] ['48%', '100%', '42%', '59%']  memcached=150.4%
[monitor] ['52%', '100%', '45%', '62%']  memcached=159.1%
[monitor] ['50%', '100%', '47%', '62%']  memcached=159.0%
[monitor] ['50%', '100%', '45%', '62%']  memcached=157.0%
[monitor] ['49%', '100%', '42%', '53%']  memcached=143.4%
[monitor] ['52%', '100%', '45%', '53%']  memcached=149.9%
[monitor] ['56%', '100%', '48%', '52%']  memcached=155.9%
[monitor] ['58%', '100%', '52%', '57%']  memcached=167.0%
[monitor] ['67%', '50%', '59%', '64%']  memcached=189.7%
[radix] ended.
[blackscholes] started on cores: [1] with 3 threads.
[monitor] ['52%', '100%', '50%', '59%']  memcached=161.0%
[monitor] ['58%', '100%', '47%', '59%']  memcached=164.0%
[monitor] ['56%', '100%', '52%', '62%']  memcached=169.6%
[monitor] ['58%', '100%', '50%', '60%']  memcached=167.6%
[monitor] ['57%', '100%', '50%', '59%']  memcached=166.0%
[monitor] ['53%', '100%', '50%', '57%']  memcached=159.7%
[monitor] ['55%', '100%', '53%', '53%']  memcached=160.4%
[monitor] ['59%', '100%', '50%', '56%']  memcached=165.3%
[monitor] ['56%', '100%', '48%', '54%']  memcached=158.7%
[monitor] ['58%', '100%', '52%', '55%']  memcached=163.6%
[monitor] ['54%', '100%', '50%', '55%']  memcached=158.8%
[monitor] ['58%', '100%', '50%', '53%']  memcached=160.5%
[monitor] ['56%', '100%', '47%', '56%']  memcached=158.6%
[monitor] ['41%', '100%', '39%', '44%']  memcached=124.5%
[MEMCACHED] cores updated to: ['0', '3']
[barnes] unpaused.
[barnes] cores updated to: [1, 2]
[blackscholes] paused.
[monitor] ['54%', '100%', '100%', '53%']  memcached=107.1%
[monitor] ['54%', '100%', '100%', '50%']  memcached=104.1%
[monitor] ['55%', '100%', '100%', '51%']  memcached=106.6%
[monitor] ['53%', '100%', '100%', '51%']  memcached=104.2%
[monitor] ['61%', '100%', '100%', '55%']  memcached=116.4%
[monitor] ['54%', '100%', '100%', '74%']  memcached=127.8%
[monitor] ['53%', '100%', '100%', '53%']  memcached=105.3%
[monitor] ['44%', '100%', '100%', '51%']  memcached=95.2%
[monitor] ['53%', '100%', '100%', '51%']  memcached=104.1%
[monitor] ['51%', '100%', '100%', '53%']  memcached=104.1%
[monitor] ['54%', '100%', '100%', '53%']  memcached=106.6%
[monitor] ['51%', '100%', '100%', '51%']  memcached=102.9%
[monitor] ['50%', '100%', '100%', '51%']  memcached=101.4%
[monitor] ['53%', '100%', '100%', '51%']  memcached=104.0%
[monitor] ['50%', '100%', '100%', '51%']  memcached=101.4%
[monitor] ['71%', '100%', '100%', '71%']  memcached=142.0%
[monitor] ['88%', '100%', '100%', '91%']  memcached=178.5%
[MEMCACHED] cores updated to: ['0', '2', '3']
[barnes] paused.
[blackscholes] unpaused.
[monitor] ['69%', '100%', '61%', '68%']  memcached=196.8%
[monitor] ['71%', '100%', '63%', '66%']  memcached=199.2%
[monitor] ['69%', '100%', '61%', '69%']  memcached=198.4%
[monitor] ['69%', '100%', '63%', '68%']  memcached=199.0%
[monitor] ['68%', '100%', '60%', '64%']  memcached=191.3%
[monitor] ['70%', '100%', '59%', '67%']  memcached=196.3%
[monitor] ['91%', '100%', '71%', '71%']  memcached=234.3%
[monitor] ['100%', '100%', '67%', '71%']  memcached=238.1%
[monitor] ['100%', '100%', '61%', '69%']  memcached=229.2%
[monitor] ['100%', '100%', '64%', '68%']  memcached=231.3%
[monitor] ['94%', '100%', '71%', '67%']  memcached=232.4%
[monitor] ['72%', '100%', '100%', '71%']  memcached=242.8%
[monitor] ['70%', '100%', '76%', '91%']  memcached=237.1%
[monitor] ['75%', '100%', '64%', '94%']  memcached=233.1%
[monitor] ['100%', '100%', '65%', '71%']  memcached=235.3%
[monitor] ['100%', '100%', '41%', '41%']  memcached=181.2%
[monitor] ['100%', '100%', '38%', '41%']  memcached=178.1%
[monitor] ['100%', '100%', '42%', '39%']  memcached=181.1%
[monitor] ['68%', '100%', '74%', '62%']  memcached=204.3%
[monitor] ['88%', '100%', '48%', '39%']  memcached=175.0%
[monitor] ['100%', '100%', '35%', '44%']  memcached=179.6%
[monitor] ['100%', '100%', '41%', '40%']  memcached=180.6%
[monitor] ['56%', '100%', '41%', '44%']  memcached=141.5%
[monitor] ['41%', '100%', '38%', '39%']  memcached=117.6%
[MEMCACHED] cores updated to: ['0', '3']
[barnes] unpaused.
[blackscholes] paused.
[monitor] ['60%', '100%', '100%', '59%']  memcached=119.0%
[monitor] ['58%', '100%', '100%', '58%']  memcached=116.7%
[monitor] ['57%', '100%', '100%', '58%']  memcached=114.7%
[monitor] ['65%', '100%', '100%', '62%']  memcached=127.0%
[monitor] ['61%', '100%', '100%', '63%']  memcached=124.3%
[monitor] ['59%', '100%', '100%', '62%']  memcached=121.6%
[monitor] ['61%', '100%', '100%', '61%']  memcached=121.6%
[monitor] ['63%', '100%', '100%', '66%']  memcached=128.9%
[monitor] ['62%', '100%', '100%', '68%']  memcached=129.3%
[monitor] ['64%', '100%', '100%', '67%']  memcached=130.6%
[monitor] ['63%', '100%', '100%', '65%']  memcached=127.7%
[monitor] ['59%', '100%', '100%', '68%']  memcached=126.4%
[monitor] ['62%', '100%', '100%', '66%']  memcached=128.0%
[monitor] ['65%', '100%', '100%', '67%']  memcached=131.5%
[monitor] ['58%', '100%', '100%', '67%']  memcached=124.2%
[monitor] ['64%', '100%', '100%', '68%']  memcached=132.3%
[monitor] ['63%', '100%', '100%', '68%']  memcached=130.4%
[monitor] ['64%', '100%', '100%', '68%']  memcached=132.3%
[monitor] ['62%', '100%', '100%', '65%']  memcached=127.0%
[monitor] ['66%', '100%', '100%', '65%']  memcached=130.7%
[monitor] ['68%', '100%', '100%', '63%']  memcached=130.4%
[monitor] ['67%', '100%', '100%', '63%']  memcached=129.5%
[monitor] ['64%', '100%', '83%', '66%']  memcached=129.7%
[monitor] ['58%', '100%', '7%', '57%']  memcached=115.5%
[monitor] ['54%', '100%', '84%', '56%']  memcached=109.8%
[monitor] ['53%', '100%', '100%', '54%']  memcached=106.8%
[monitor] ['51%', '100%', '69%', '54%']  memcached=105.5%
[monitor] ['56%', '100%', '100%', '54%']  memcached=109.6%
[monitor] ['50%', '100%', '100%', '51%']  memcached=101.4%
[monitor] ['55%', '100%', '100%', '53%']  memcached=107.9%
[monitor] ['51%', '100%', '100%', '53%']  memcached=104.2%
[monitor] ['54%', '100%', '100%', '53%']  memcached=106.8%
[monitor] ['53%', '100%', '100%', '50%']  memcached=102.8%
[monitor] ['51%', '100%', '100%', '55%']  memcached=106.7%
[monitor] ['48%', '100%', '100%', '54%']  memcached=102.5%
[monitor] ['49%', '100%', '100%', '51%']  memcached=99.9%
[monitor] ['56%', '100%', '100%', '51%']  memcached=107.0%
[monitor] ['51%', '100%', '100%', '53%']  memcached=104.1%
[monitor] ['53%', '100%', '100%', '55%']  memcached=108.2%
[monitor] ['53%', '100%', '100%', '51%']  memcached=104.2%
[monitor] ['38%', '100%', '100%', '38%']  memcached=75.0%
[monitor] ['30%', '100%', '100%', '26%']  memcached=56.1%
[MEMCACHED] cores updated to: ['0']
[blackscholes] unpaused.
[blackscholes] cores updated to: [3]
[monitor] ['44%', '100%', '100%', '100%']  memcached=44.1%
[monitor] ['50%', '100%', '100%', '100%']  memcached=50.0%
[monitor] ['46%', '100%', '100%', '100%']  memcached=45.7%
[monitor] ['43%', '100%', '100%', '100%']  memcached=42.9%
[monitor] ['44%', '100%', '100%', '100%']  memcached=44.1%
[monitor] ['47%', '100%', '100%', '100%']  memcached=47.2%
[monitor] ['44%', '100%', '100%', '100%']  memcached=44.1%
[monitor] ['43%', '100%', '100%', '100%']  memcached=42.9%
[monitor] ['42%', '100%', '100%', '100%']  memcached=42.4%
[monitor] ['38%', '100%', '100%', '100%']  memcached=37.5%
[monitor] ['46%', '100%', '100%', '100%']  memcached=45.7%
[monitor] ['46%', '100%', '100%', '100%']  memcached=45.7%
[monitor] ['39%', '100%', '100%', '100%']  memcached=39.4%
[monitor] ['49%', '100%', '100%', '100%']  memcached=48.6%
[monitor] ['51%', '100%', '100%', '100%']  memcached=51.4%
[monitor] ['100%', '100%', '100%', '100%']  memcached=100.0%
[MEMCACHED] cores updated to: ['0', '1', '2']
[barnes] paused.
[monitor] ['79%', '79%', '74%', '100%']  memcached=232.4%
[monitor] ['66%', '69%', '63%', '100%']  memcached=197.1%
[monitor] ['69%', '66%', '61%', '100%']  memcached=194.8%
[monitor] ['69%', '62%', '62%', '100%']  memcached=192.1%
[monitor] ['68%', '67%', '61%', '100%']  memcached=194.9%
[monitor] ['70%', '64%', '61%', '100%']  memcached=194.5%
[monitor] ['69%', '64%', '59%', '100%']  memcached=191.9%
[monitor] ['66%', '63%', '61%', '100%']  memcached=189.2%
[monitor] ['71%', '66%', '62%', '100%']  memcached=198.1%
[monitor] ['69%', '65%', '62%', '100%']  memcached=195.8%
[monitor] ['69%', '65%', '63%', '100%']  memcached=197.0%
[monitor] ['71%', '65%', '64%', '100%']  memcached=200.0%
[monitor] ['69%', '61%', '58%', '100%']  memcached=187.9%
[monitor] ['69%', '63%', '63%', '100%']  memcached=194.3%
[monitor] ['67%', '62%', '62%', '100%']  memcached=190.9%
[monitor] ['63%', '55%', '55%', '100%']  memcached=171.9%
[monitor] ['59%', '55%', '52%', '100%']  memcached=164.9%
[monitor] ['61%', '55%', '50%', '100%']  memcached=165.7%
[monitor] ['56%', '53%', '52%', '100%']  memcached=160.3%
[monitor] ['58%', '52%', '47%', '100%']  memcached=156.7%
[monitor] ['58%', '50%', '48%', '100%']  memcached=156.7%
[monitor] ['58%', '52%', '53%', '100%']  memcached=162.0%
[monitor] ['55%', '52%', '47%', '100%']  memcached=152.8%
[monitor] ['57%', '53%', '51%', '100%']  memcached=161.5%
[monitor] ['55%', '54%', '53%', '100%']  memcached=161.8%
[monitor] ['61%', '53%', '52%', '100%']  memcached=165.8%
[monitor] ['56%', '53%', '50%', '100%']  memcached=158.8%
[monitor] ['56%', '52%', '48%', '100%']  memcached=155.9%
[monitor] ['58%', '55%', '56%', '100%']  memcached=168.8%
[monitor] ['55%', '50%', '48%', '100%']  memcached=153.0%
[monitor] ['57%', '53%', '53%', '100%']  memcached=163.0%
[monitor] ['61%', '53%', '53%', '100%']  memcached=166.7%
[monitor] ['74%', '71%', '69%', '100%']  memcached=212.9%
[monitor] ['74%', '67%', '67%', '100%']  memcached=206.9%
[monitor] ['74%', '70%', '69%', '100%']  memcached=212.7%
[monitor] ['72%', '69%', '65%', '100%']  memcached=205.5%
[monitor] ['74%', '68%', '69%', '100%']  memcached=209.7%
[monitor] ['71%', '69%', '68%', '100%']  memcached=207.8%
[monitor] ['74%', '69%', '68%', '100%']  memcached=209.7%
[monitor] ['74%', '69%', '68%', '100%']  memcached=210.7%
[monitor] ['74%', '67%', '69%', '100%']  memcached=209.5%
[monitor] ['74%', '70%', '65%', '100%']  memcached=207.9%
[monitor] ['74%', '69%', '69%', '100%']  memcached=210.7%
[monitor] ['74%', '71%', '66%', '100%']  memcached=211.4%
[monitor] ['74%', '69%', '67%', '100%']  memcached=210.4%
[monitor] ['74%', '71%', '68%', '100%']  memcached=213.3%
[monitor] ['74%', '70%', '68%', '100%']  memcached=210.9%
[monitor] ['74%', '69%', '66%', '100%']  memcached=208.6%
[monitor] ['79%', '76%', '74%', '100%']  memcached=228.8%
[monitor] ['85%', '79%', '76%', '100%']  memcached=240.5%
[monitor] ['88%', '79%', '77%', '100%']  memcached=244.1%
[monitor] ['85%', '79%', '82%', '100%']  memcached=245.5%
[monitor] ['85%', '78%', '76%', '100%']  memcached=239.2%
[monitor] ['85%', '83%', '76%', '100%']  memcached=244.2%
[monitor] ['88%', '79%', '76%', '100%']  memcached=243.4%
[monitor] ['85%', '81%', '79%', '100%']  memcached=245.3%
[monitor] ['85%', '79%', '79%', '100%']  memcached=243.7%
[monitor] ['88%', '85%', '81%', '100%']  memcached=253.3%
[monitor] ['94%', '85%', '82%', '100%']  memcached=260.9%
[monitor] ['88%', '84%', '81%', '100%']  memcached=253.5%
[monitor] ['91%', '82%', '82%', '100%']  memcached=254.8%
[monitor] ['88%', '85%', '81%', '100%']  memcached=253.3%
[monitor] ['87%', '82%', '79%', '100%']  memcached=247.7%
[monitor] ['88%', '81%', '78%', '100%']  memcached=247.3%
[monitor] ['85%', '80%', '78%', '100%']  memcached=243.1%
[monitor] ['71%', '67%', '65%', '100%']  memcached=202.0%
[monitor] ['68%', '64%', '64%', '100%']  memcached=194.9%
[monitor] ['70%', '66%', '65%', '100%']  memcached=200.0%
[monitor] ['71%', '66%', '64%', '100%']  memcached=200.8%
[monitor] ['69%', '65%', '61%', '100%']  memcached=194.8%
[monitor] ['69%', '67%', '63%', '100%']  memcached=198.1%
[monitor] ['70%', '65%', '64%', '100%']  memcached=198.8%
[monitor] ['71%', '67%', '63%', '100%']  memcached=200.1%
[monitor] ['68%', '62%', '63%', '100%']  memcached=193.0%
[monitor] ['74%', '68%', '64%', '100%']  memcached=205.6%
[monitor] ['71%', '64%', '65%', '100%']  memcached=198.9%
[monitor] ['74%', '73%', '69%', '100%']  memcached=215.8%
[monitor] ['74%', '70%', '67%', '100%']  memcached=211.2%
[monitor] ['68%', '64%', '64%', '100%']  memcached=195.2%
[monitor] ['71%', '66%', '65%', '100%']  memcached=201.0%
[monitor] ['68%', '67%', '61%', '100%']  memcached=194.9%
[monitor] ['56%', '53%', '53%', '100%']  memcached=161.8%
[monitor] ['35%', '34%', '32%', '100%']  memcached=102.1%
[MEMCACHED] cores updated to: ['0', '2']
[barnes] unpaused.
[barnes] cores updated to: [1, 3]
[blackscholes] paused.
[monitor] ['51%', '100%', '53%', '100%']  memcached=104.0%
[monitor] ['53%', '100%', '53%', '100%']  memcached=105.6%
[monitor] ['53%', '100%', '51%', '100%']  memcached=104.2%
[monitor] ['51%', '100%', '51%', '100%']  memcached=102.8%
[monitor] ['51%', '100%', '54%', '100%']  memcached=105.4%
[monitor] ['51%', '100%', '51%', '100%']  memcached=102.8%
[monitor] ['51%', '100%', '49%', '100%']  memcached=99.9%
[monitor] ['53%', '100%', '54%', '100%']  memcached=106.8%
[monitor] ['50%', '100%', '49%', '100%']  memcached=98.6%
[monitor] ['53%', '100%', '53%', '100%']  memcached=105.4%
[monitor] ['53%', '100%', '51%', '100%']  memcached=104.0%
[monitor] ['57%', '100%', '57%', '100%']  memcached=113.5%
[monitor] ['51%', '100%', '53%', '100%']  memcached=104.1%
[monitor] ['55%', '100%', '55%', '100%']  memcached=110.5%
[monitor] ['49%', '100%', '50%', '100%']  memcached=98.6%
[monitor] ['29%', '100%', '23%', '100%']  memcached=52.0%
[MEMCACHED] cores updated to: ['0']
[blackscholes] unpaused.
[blackscholes] cores updated to: [2]
[monitor] ['39%', '100%', '100%', '100%']  memcached=38.7%
[monitor] ['33%', '100%', '100%', '100%']  memcached=33.3%
[monitor] ['28%', '100%', '100%', '100%']  memcached=27.6%
[monitor] ['24%', '100%', '100%', '100%']  memcached=24.1%
[monitor] ['31%', '100%', '100%', '100%']  memcached=31.0%
[monitor] ['28%', '100%', '100%', '100%']  memcached=27.6%
[monitor] ['27%', '100%', '100%', '100%']  memcached=26.7%
[monitor] ['32%', '100%', '100%', '100%']  memcached=32.3%
[monitor] ['33%', '100%', '100%', '100%']  memcached=33.3%
[monitor] ['33%', '100%', '100%', '100%']  memcached=33.3%
[monitor] ['30%', '100%', '100%', '100%']  memcached=30.0%
[monitor] ['32%', '100%', '100%', '100%']  memcached=32.3%
[monitor] ['33%', '100%', '100%', '100%']  memcached=33.3%
[monitor] ['29%', '59%', '100%', '100%']  memcached=29.0%
[monitor] ['32%', '100%', '100%', '0%']  memcached=32.3%
[monitor] ['77%', '100%', '100%', '7%']  memcached=76.7%
[monitor] ['100%', '80%', '100%', '83%']  memcached=100.0%
[MEMCACHED] cores updated to: ['0', '1', '3']
[barnes] paused.
[monitor] ['67%', '70%', '100%', '70%']  memcached=206.1%
[monitor] ['65%', '63%', '100%', '62%']  memcached=189.3%
[monitor] ['63%', '65%', '100%', '63%']  memcached=190.4%
[monitor] ['62%', '62%', '100%', '63%']  memcached=187.1%
[monitor] ['65%', '64%', '100%', '62%']  memcached=190.1%
[monitor] ['62%', '61%', '100%', '63%']  memcached=185.2%
[monitor] ['62%', '63%', '100%', '62%']  memcached=186.4%
[monitor] ['68%', '65%', '100%', '66%']  memcached=198.1%
[monitor] ['61%', '58%', '100%', '61%']  memcached=178.8%
[monitor] ['61%', '62%', '100%', '65%']  memcached=187.2%
[monitor] ['64%', '64%', '100%', '63%']  memcached=190.6%
[monitor] ['65%', '64%', '100%', '62%']  memcached=190.1%
[monitor] ['65%', '64%', '100%', '65%']  memcached=193.0%
[monitor] ['62%', '63%', '100%', '63%']  memcached=187.5%
[monitor] ['62%', '61%', '100%', '63%']  memcached=186.0%
[monitor] ['63%', '64%', '100%', '63%']  memcached=189.4%
[monitor] ['59%', '58%', '100%', '62%']  memcached=178.7%
[monitor] ['61%', '63%', '100%', '60%']  memcached=183.5%
[monitor] ['62%', '59%', '100%', '62%']  memcached=182.9%
[monitor] ['59%', '59%', '100%', '59%']  memcached=177.0%
[monitor] ['63%', '61%', '100%', '61%']  memcached=184.6%
[monitor] ['61%', '59%', '100%', '62%']  memcached=181.2%
[monitor] ['61%', '61%', '100%', '60%']  memcached=181.2%
[monitor] ['60%', '61%', '100%', '61%']  memcached=181.7%
[monitor] ['65%', '62%', '100%', '66%']  memcached=192.2%
[monitor] ['67%', '66%', '100%', '63%']  memcached=195.3%
[monitor] ['62%', '63%', '100%', '59%']  memcached=183.4%
[monitor] ['62%', '65%', '100%', '66%']  memcached=192.2%
[monitor] ['62%', '57%', '100%', '59%']  memcached=177.7%
[monitor] ['61%', '62%', '100%', '61%']  memcached=183.5%
[monitor] ['63%', '62%', '100%', '62%']  memcached=186.4%
[monitor] ['72%', '69%', '100%', '69%']  memcached=211.1%
[monitor] ['76%', '74%', '100%', '73%']  memcached=222.7%
[monitor] ['74%', '72%', '100%', '71%']  memcached=216.8%
[monitor] ['74%', '73%', '100%', '76%']  memcached=222.7%
[monitor] ['74%', '73%', '100%', '70%']  memcached=217.0%
[monitor] ['74%', '74%', '100%', '74%']  memcached=222.1%
[monitor] ['74%', '74%', '100%', '74%']  memcached=221.3%
[monitor] ['76%', '74%', '100%', '74%']  memcached=223.6%
[monitor] ['76%', '73%', '100%', '74%']  memcached=222.0%
[monitor] ['76%', '74%', '100%', '71%']  memcached=220.7%
[monitor] ['74%', '74%', '100%', '72%']  memcached=218.9%
[monitor] ['74%', '70%', '100%', '74%']  memcached=217.5%
[monitor] ['72%', '73%', '100%', '71%']  memcached=215.5%
[monitor] ['72%', '74%', '100%', '74%']  memcached=218.9%
[monitor] ['73%', '74%', '100%', '71%']  memcached=216.8%
[monitor] ['77%', '75%', '100%', '74%']  memcached=226.4%
[monitor] ['76%', '76%', '100%', '76%']  memcached=228.0%
[monitor] ['50%', '52%', '100%', '50%']  memcached=151.5%
[monitor] ['48%', '47%', '100%', '48%']  memcached=143.8%
[monitor] ['50%', '48%', '100%', '47%']  memcached=145.4%
[monitor] ['50%', '47%', '100%', '50%']  memcached=146.9%
[monitor] ['45%', '47%', '100%', '48%']  memcached=140.8%
[monitor] ['52%', '48%', '100%', '48%']  memcached=148.5%
[monitor] ['45%', '50%', '100%', '53%']  memcached=148.2%
[monitor] ['47%', '48%', '100%', '47%']  memcached=142.0%
[monitor] ['52%', '47%', '100%', '47%']  memcached=145.3%
[monitor] ['48%', '47%', '100%', '47%']  memcached=142.4%
[monitor] ['45%', '41%', '100%', '45%']  memcached=132.0%
[MEMCACHED] cores updated to: ['0', '3']
[barnes] unpaused.
[barnes] cores updated to: [1, 2]
[blackscholes] paused.
[monitor] ['67%', '100%', '100%', '66%']  memcached=132.5%
[monitor] ['65%', '100%', '66%', '68%']  memcached=132.4%
[monitor] ['65%', '100%', '100%', '69%']  memcached=134.3%
[monitor] ['69%', '100%', '100%', '68%']  memcached=137.0%
[monitor] ['62%', '100%', '100%', '74%']  memcached=135.4%
[monitor] ['48%', '100%', '100%', '47%']  memcached=95.5%
[monitor] ['33%', '100%', '100%', '38%']  memcached=71.6%
[monitor] ['38%', '100%', '100%', '38%']  memcached=76.5%
[monitor] ['32%', '100%', '100%', '33%']  memcached=65.6%
[MEMCACHED] cores updated to: ['0']
[blackscholes] unpaused.
[blackscholes] cores updated to: [3]
[monitor] ['62%', '100%', '100%', '100%']  memcached=61.5%
[monitor] ['63%', '100%', '100%', '100%']  memcached=63.4%
[monitor] ['62%', '100%', '100%', '100%']  memcached=61.9%
[monitor] ['62%', '100%', '100%', '100%']  memcached=61.5%
[monitor] ['62%', '100%', '100%', '100%']  memcached=61.9%
[monitor] ['62%', '100%', '100%', '100%']  memcached=62.5%
[monitor] ['62%', '100%', '100%', '100%']  memcached=61.9%
[monitor] ['61%', '100%', '100%', '100%']  memcached=61.0%
[monitor] ['62%', '100%', '100%', '100%']  memcached=62.5%
[monitor] ['61%', '100%', '100%', '100%']  memcached=61.0%
[monitor] ['63%', '100%', '100%', '100%']  memcached=63.4%
[monitor] ['62%', '100%', '100%', '100%']  memcached=62.5%
[monitor] ['70%', '100%', '100%', '100%']  memcached=70.3%
[monitor] ['100%', '100%', '100%', '100%']  memcached=100.0%
[MEMCACHED] cores updated to: ['0', '1', '2']
[barnes] paused.
[monitor] ['79%', '61%', '69%', '100%']  memcached=208.1%
[monitor] ['66%', '59%', '60%', '100%']  memcached=184.5%
[monitor] ['65%', '59%', '56%', '100%']  memcached=180.3%
[monitor] ['66%', '59%', '57%', '100%']  memcached=181.7%
[monitor] ['68%', '62%', '62%', '100%']  memcached=191.1%
[monitor] ['66%', '61%', '58%', '100%']  memcached=183.9%
[monitor] ['63%', '59%', '57%', '100%']  memcached=179.4%
[monitor] ['64%', '60%', '58%', '100%']  memcached=181.2%
[monitor] ['64%', '61%', '60%', '100%']  memcached=184.5%
[monitor] ['65%', '60%', '56%', '100%']  memcached=181.0%
[monitor] ['66%', '60%', '59%', '100%']  memcached=184.5%
[monitor] ['63%', '61%', '59%', '100%']  memcached=182.3%
[monitor] ['69%', '63%', '61%', '100%']  memcached=192.5%
[monitor] ['65%', '61%', '56%', '100%']  memcached=181.6%
[monitor] ['64%', '58%', '60%', '100%']  memcached=181.5%
[monitor] ['59%', '53%', '48%', '100%']  memcached=160.3%
[monitor] ['57%', '53%', '48%', '100%']  memcached=158.5%
[monitor] ['58%', '53%', '50%', '100%']  memcached=161.5%
[monitor] ['54%', '47%', '51%', '100%']  memcached=152.6%
[monitor] ['57%', '48%', '50%', '100%']  memcached=155.5%
[monitor] ['55%', '48%', '47%', '100%']  memcached=149.9%
[monitor] ['54%', '50%', '50%', '100%']  memcached=154.3%
[monitor] ['57%', '47%', '50%', '100%']  memcached=153.8%
[monitor] ['57%', '48%', '50%', '100%']  memcached=155.5%
[monitor] ['59%', '55%', '53%', '100%']  memcached=166.3%
[monitor] ['53%', '48%', '51%', '100%']  memcached=152.9%
[monitor] ['56%', '52%', '47%', '100%']  memcached=154.3%
[monitor] ['54%', '47%', '50%', '100%']  memcached=151.2%
[monitor] ['55%', '52%', '50%', '100%']  memcached=156.1%
[monitor] ['54%', '48%', '48%', '100%']  memcached=151.2%
[monitor] ['55%', '53%', '50%', '100%']  memcached=157.5%
[monitor] ['54%', '45%', '45%', '100%']  memcached=144.9%
[monitor] ['45%', '40%', '42%', '100%']  memcached=127.9%
[MEMCACHED] cores updated to: ['0', '2']
[barnes] unpaused.
[barnes] cores updated to: [1, 3]
[blackscholes] paused.
[monitor] ['60%', '100%', '59%', '100%']  memcached=119.5%
[monitor] ['61%', '100%', '59%', '100%']  memcached=120.0%
[monitor] ['59%', '100%', '61%', '100%']  memcached=120.0%
[monitor] ['58%', '100%', '59%', '100%']  memcached=117.4%
[monitor] ['62%', '100%', '60%', '100%']  memcached=122.5%
[monitor] ['62%', '100%', '62%', '100%']  memcached=123.1%
[monitor] ['63%', '100%', '62%', '100%']  memcached=125.7%
[monitor] ['59%', '100%', '60%', '100%']  memcached=119.5%
[monitor] ['62%', '100%', '62%', '100%']  memcached=124.0%
[monitor] ['61%', '100%', '61%', '100%']  memcached=121.1%
[monitor] ['63%', '100%', '62%', '100%']  memcached=125.7%
[monitor] ['58%', '100%', '58%', '100%']  memcached=115.8%
[monitor] ['61%', '100%', '62%', '100%']  memcached=123.0%
[monitor] ['61%', '100%', '62%', '100%']  memcached=122.1%
[monitor] ['63%', '100%', '62%', '100%']  memcached=124.7%
[monitor] ['63%', '100%', '63%', '100%']  memcached=126.3%
[monitor] ['65%', '100%', '65%', '100%']  memcached=130.0%
[monitor] ['66%', '100%', '65%', '100%']  memcached=130.8%
[monitor] ['66%', '100%', '63%', '100%']  memcached=128.9%
[monitor] ['63%', '100%', '65%', '100%']  memcached=128.2%
[monitor] ['65%', '100%', '65%', '100%']  memcached=129.9%
[monitor] ['63%', '100%', '63%', '100%']  memcached=126.3%
[monitor] ['65%', '100%', '64%', '100%']  memcached=129.1%
[monitor] ['67%', '100%', '64%', '100%']  memcached=130.8%
[monitor] ['63%', '100%', '64%', '100%']  memcached=127.3%
[monitor] ['64%', '100%', '65%', '100%']  memcached=129.1%
[monitor] ['65%', '100%', '63%', '100%']  memcached=128.0%
[monitor] ['63%', '100%', '64%', '100%']  memcached=127.3%
[monitor] ['64%', '100%', '65%', '100%']  memcached=129.1%
[monitor] ['64%', '100%', '65%', '100%']  memcached=128.9%
[monitor] ['66%', '100%', '64%', '100%']  memcached=130.0%
[monitor] ['59%', '100%', '58%', '100%']  memcached=116.9%
[monitor] ['54%', '100%', '51%', '100%']  memcached=105.7%
[monitor] ['49%', '100%', '51%', '100%']  memcached=99.9%
[monitor] ['51%', '100%', '49%', '100%']  memcached=99.9%
[monitor] ['50%', '100%', '49%', '100%']  memcached=98.6%
[monitor] ['53%', '100%', '47%', '100%']  memcached=99.9%
[monitor] ['51%', '100%', '53%', '100%']  memcached=104.0%
[monitor] ['47%', '100%', '44%', '100%']  memcached=91.3%
[monitor] ['50%', '100%', '51%', '100%']  memcached=101.4%
[monitor] ['50%', '100%', '49%', '100%']  memcached=98.6%
[monitor] ['49%', '100%', '50%', '100%']  memcached=98.6%
[monitor] ['51%', '100%', '49%', '100%']  memcached=99.9%
[monitor] ['47%', '100%', '47%', '100%']  memcached=94.4%
[monitor] ['50%', '100%', '51%', '100%']  memcached=101.4%
[monitor] ['50%', '100%', '49%', '100%']  memcached=98.6%
[monitor] ['47%', '100%', '47%', '79%']  memcached=94.3%
[monitor] ['46%', '100%', '49%', '4%']  memcached=94.4%
[monitor] ['73%', '63%', '72%', '52%']  memcached=145.2%
[barnes] ended.
[MEMCACHED] cores updated to: ['0', '3']
[blackscholes] unpaused.
[blackscholes] cores updated to: [1, 2]
[monitor] ['76%', '100%', '100%', '79%']  memcached=155.9%
[monitor] ['67%', '100%', '100%', '83%']  memcached=149.5%
[monitor] ['69%', '100%', '100%', '76%']  memcached=145.8%
[monitor] ['74%', '100%', '100%', '74%']  memcached=147.1%
[monitor] ['71%', '100%', '100%', '73%']  memcached=144.4%
[monitor] ['71%', '100%', '100%', '80%']  memcached=151.4%
[monitor] ['78%', '100%', '100%', '76%']  memcached=154.2%
[monitor] ['74%', '100%', '100%', '74%']  memcached=147.8%
[monitor] ['71%', '100%', '100%', '83%']  memcached=153.4%
[monitor] ['77%', '100%', '100%', '76%']  memcached=153.6%
[monitor] ['77%', '100%', '100%', '76%']  memcached=153.6%
[monitor] ['71%', '100%', '100%', '83%']  memcached=153.4%
[monitor] ['71%', '100%', '100%', '77%']  memcached=147.7%
[monitor] ['77%', '100%', '100%', '79%']  memcached=156.6%
[monitor] ['76%', '100%', '100%', '80%']  memcached=156.5%
[monitor] ['74%', '100%', '100%', '86%']  memcached=159.2%
[monitor] ['82%', '100%', '100%', '87%']  memcached=169.4%
[MEMCACHED] cores updated to: ['0', '1', '3']
[blackscholes] cores updated to: [2]
[monitor] ['71%', '71%', '100%', '69%']  memcached=210.6%
[monitor] ['71%', '69%', '100%', '67%']  memcached=205.8%
[monitor] ['69%', '65%', '100%', '65%']  memcached=198.0%
[monitor] ['64%', '62%', '100%', '62%']  memcached=187.4%
[monitor] ['64%', '63%', '100%', '64%']  memcached=190.1%
[monitor] ['64%', '62%', '100%', '62%']  memcached=187.9%
[monitor] ['63%', '62%', '100%', '62%']  memcached=186.4%
[monitor] ['64%', '64%', '100%', '63%']  memcached=190.1%
[monitor] ['62%', '65%', '100%', '65%']  memcached=192.1%
[monitor] ['63%', '64%', '100%', '61%']  memcached=187.1%
[monitor] ['65%', '64%', '100%', '66%']  memcached=194.1%
[monitor] ['66%', '62%', '100%', '64%']  memcached=191.4%
[monitor] ['67%', '65%', '100%', '66%']  memcached=197.1%
[monitor] ['65%', '68%', '100%', '66%']  memcached=198.1%
[monitor] ['65%', '62%', '100%', '63%']  memcached=190.1%
[monitor] ['52%', '52%', '100%', '52%']  memcached=154.5%
[monitor] ['50%', '50%', '100%', '53%']  memcached=152.8%
[monitor] ['56%', '52%', '100%', '52%']  memcached=158.9%
[monitor] ['50%', '56%', '100%', '50%']  memcached=155.9%
[monitor] ['51%', '47%', '100%', '53%']  memcached=151.1%
[monitor] ['50%', '45%', '100%', '48%']  memcached=143.5%
[monitor] ['50%', '48%', '100%', '53%']  memcached=151.2%
[monitor] ['56%', '53%', '100%', '53%']  memcached=161.9%
[monitor] ['55%', '52%', '100%', '53%']  memcached=159.1%
[monitor] ['51%', '47%', '100%', '50%']  memcached=148.1%
[monitor] ['47%', '50%', '100%', '52%']  memcached=148.2%
[monitor] ['50%', '48%', '100%', '47%']  memcached=145.3%
[monitor] ['52%', '45%', '100%', '50%']  memcached=146.7%
[monitor] ['48%', '53%', '100%', '52%']  memcached=152.9%
[monitor] ['50%', '47%', '100%', '48%']  memcached=145.4%
[monitor] ['50%', '48%', '100%', '53%']  memcached=151.3%
[monitor] ['52%', '47%', '100%', '48%']  memcached=146.6%
[monitor] ['48%', '45%', '100%', '53%']  memcached=146.6%
[monitor] ['55%', '52%', '100%', '48%']  memcached=154.5%
[monitor] ['48%', '48%', '100%', '50%']  memcached=146.9%
[monitor] ['52%', '48%', '100%', '48%']  memcached=148.3%
[monitor] ['48%', '47%', '100%', '45%']  memcached=140.8%
[monitor] ['47%', '45%', '100%', '47%']  memcached=138.5%
[MEMCACHED] cores updated to: ['0', '3']
[blackscholes] cores updated to: [1, 2]
[monitor] ['64%', '11%', '100%', '65%']  memcached=128.8%
[monitor] ['64%', '4%', '100%', '62%']  memcached=126.1%
[monitor] ['59%', '4%', '100%', '65%']  memcached=123.7%
[monitor] ['66%', '4%', '100%', '64%']  memcached=129.6%
[monitor] ['61%', '4%', '100%', '63%']  memcached=124.3%
[monitor] ['65%', '0%', '100%', '63%']  memcached=127.6%
[monitor] ['61%', '7%', '100%', '65%']  memcached=126.0%
[monitor] ['66%', '0%', '100%', '63%']  memcached=128.6%
[monitor] ['66%', '7%', '100%', '66%']  memcached=131.5%
[monitor] ['65%', '4%', '100%', '64%']  memcached=128.6%
[monitor] ['84%', '12%', '100%', '90%']  memcached=174.7%
[MEMCACHED] cores updated to: ['0', '2', '3']
[blackscholes] cores updated to: [1]
[monitor] ['83%', '100%', '70%', '79%']  memcached=231.3%
[monitor] ['80%', '100%', '71%', '77%']  memcached=228.6%
[monitor] ['82%', '100%', '74%', '79%']  memcached=234.8%
[monitor] ['79%', '100%', '74%', '76%']  memcached=230.2%
[monitor] ['82%', '100%', '69%', '77%']  memcached=228.2%
[monitor] ['80%', '100%', '73%', '79%']  memcached=231.5%
[monitor] ['79%', '100%', '73%', '76%']  memcached=228.0%
[monitor] ['80%', '100%', '71%', '76%']  memcached=227.1%
[monitor] ['79%', '100%', '74%', '78%']  memcached=230.9%
[monitor] ['82%', '100%', '71%', '79%']  memcached=231.8%
[monitor] ['80%', '94%', '77%', '76%']  memcached=232.9%
[blackscholes] ended.
[canneal] started on cores: [1] with 3 threads.
[monitor] ['7%', '100%', '7%', '0%']  memcached=13.6%
[MEMCACHED] cores updated to: ['0', '3']
[canneal] cores updated to: [1, 2]
[monitor] ['7%', '93%', '10%', '10%']  memcached=16.9%
[MEMCACHED] cores updated to: ['0']
[canneal] cores updated to: [1, 2, 3]
[monitor] ['7%', '100%', '0%', '0%']  memcached=7.1%
[monitor] ['10%', '100%', '0%', '0%']  memcached=10.3%
[monitor] ['4%', '100%', '0%', '3%']  memcached=3.7%
[monitor] ['7%', '100%', '0%', '0%']  memcached=7.1%
[monitor] ['7%', '100%', '3%', '3%']  memcached=7.4%
[monitor] ['0%', '60%', '3%', '41%']  memcached=0.0%
[monitor] ['4%', '100%', '3%', '0%']  memcached=3.8%
[monitor] ['10%', '100%', '0%', '0%']  memcached=10.0%
[monitor] ['4%', '100%', '0%', '0%']  memcached=3.8%
[monitor] ['7%', '100%', '3%', '0%']  memcached=7.1%
[monitor] ['7%', '100%', '0%', '0%']  memcached=7.1%
[monitor] ['7%', '100%', '6%', '0%']  memcached=7.1%
[monitor] ['4%', '100%', '0%', '0%']  memcached=3.8%
[monitor] ['24%', '24%', '0%', '77%']  memcached=24.1%
[monitor] ['23%', '3%', '0%', '100%']  memcached=23.3%
[monitor] ['24%', '0%', '0%', '100%']  memcached=24.1%
[monitor] ['24%', '100%', '40%', '3%']  memcached=24.1%
[monitor] ['29%', '100%', '38%', '0%']  memcached=29.0%
[monitor] ['24%', '100%', '0%', '3%']  memcached=24.1%
[monitor] ['27%', '100%', '3%', '3%']  memcached=26.7%
[monitor] ['29%', '100%', '0%', '0%']  memcached=29.0%
[monitor] ['29%', '100%', '3%', '0%']  memcached=29.0%
[monitor] ['27%', '100%', '0%', '0%']  memcached=26.7%
[monitor] ['28%', '100%', '3%', '3%']  memcached=27.6%
[monitor] ['27%', '100%', '3%', '0%']  memcached=26.7%
[monitor] ['29%', '100%', '3%', '3%']  memcached=29.0%
[monitor] ['30%', '100%', '3%', '0%']  memcached=30.0%
[monitor] ['27%', '100%', '3%', '3%']  memcached=26.7%
[monitor] ['27%', '97%', '0%', '3%']  memcached=26.7%
[monitor] ['18%', '100%', '3%', '3%']  memcached=17.9%
[monitor] ['7%', '100%', '0%', '3%']  memcached=7.4%
[monitor] ['14%', '100%', '9%', '3%']  memcached=14.3%
[monitor] ['8%', '81%', '3%', '18%']  memcached=7.7%
[monitor] ['13%', '0%', '0%', '100%']  memcached=13.3%
[monitor] ['7%', '100%', '0%', '0%']  memcached=7.4%
[monitor] ['20%', '100%', '34%', '6%']  memcached=20.0%
[monitor] ['11%', '100%', '3%', '0%']  memcached=10.7%
[monitor] ['8%', '100%', '0%', '0%']  memcached=7.7%
[monitor] ['8%', '100%', '3%', '0%']  memcached=7.7%
[monitor] ['7%', '100%', '0%', '0%']  memcached=7.4%
[monitor] ['7%', '100%', '3%', '0%']  memcached=7.4%
[monitor] ['11%', '100%', '3%', '7%']  memcached=10.7%
[monitor] ['7%', '100%', '0%', '0%']  memcached=7.4%
[monitor] ['7%', '100%', '0%', '0%']  memcached=7.4%
[monitor] ['11%', '100%', '3%', '0%']  memcached=10.7%
[monitor] ['14%', '100%', '7%', '3%']  memcached=14.3%
[monitor] ['75%', '100%', '4%', '0%']  memcached=75.0%
[monitor] ['79%', '100%', '0%', '4%']  memcached=78.9%
[monitor] ['81%', '100%', '0%', '0%']  memcached=81.1%
[MEMCACHED] cores updated to: ['0', '1']
[canneal] cores updated to: [2, 3]
[monitor] ['63%', '60%', '7%', '100%']  memcached=123.2%
[monitor] ['59%', '60%', '4%', '100%']  memcached=119.5%
[monitor] ['61%', '61%', '100%', '7%']  memcached=121.6%
[monitor] ['62%', '62%', '100%', '4%']  memcached=124.3%
[monitor] ['59%', '61%', '100%', '4%']  memcached=119.9%
[monitor] ['61%', '59%', '100%', '13%']  memcached=120.6%
[monitor] ['62%', '59%', '100%', '4%']  memcached=121.2%
[monitor] ['61%', '61%', '100%', '7%']  memcached=121.6%
[monitor] ['60%', '58%', '100%', '0%']  memcached=118.3%
[monitor] ['61%', '61%', '100%', '4%']  memcached=122.2%
[monitor] ['62%', '59%', '100%', '4%']  memcached=121.2%
[monitor] ['66%', '65%', '100%', '8%']  memcached=130.7%
[monitor] ['64%', '64%', '100%', '4%']  memcached=128.0%
[monitor] ['50%', '45%', '100%', '4%']  memcached=95.2%
[monitor] ['24%', '18%', '100%', '0%']  memcached=42.0%
[MEMCACHED] cores updated to: ['0']
[canneal] cores updated to: [1, 2, 3]
[monitor] ['53%', '3%', '100%', '0%']  memcached=52.6%
[monitor] ['50%', '0%', '100%', '0%']  memcached=50.0%
[monitor] ['50%', '0%', '100%', '3%']  memcached=50.0%
[monitor] ['47%', '3%', '100%', '0%']  memcached=47.4%
[monitor] ['49%', '0%', '100%', '0%']  memcached=48.6%
[monitor] ['51%', '0%', '100%', '0%']  memcached=51.3%
[monitor] ['47%', '3%', '100%', '0%']  memcached=47.4%
[monitor] ['50%', '3%', '100%', '0%']  memcached=50.0%
[monitor] ['49%', '0%', '100%', '3%']  memcached=48.6%
[monitor] ['47%', '0%', '100%', '0%']  memcached=47.4%
[monitor] ['49%', '0%', '100%', '0%']  memcached=48.6%
[monitor] ['50%', '0%', '100%', '3%']  memcached=50.0%
[monitor] ['50%', '0%', '100%', '0%']  memcached=50.0%
[monitor] ['46%', '3%', '100%', '0%']  memcached=45.9%
[monitor] ['50%', '0%', '100%', '0%']  memcached=50.0%
[monitor] ['94%', '4%', '100%', '4%']  memcached=93.5%
[MEMCACHED] cores updated to: ['0', '2', '3']
[canneal] cores updated to: [1]
[monitor] ['77%', '100%', '74%', '75%']  memcached=225.7%
[monitor] ['69%', '100%', '64%', '70%']  memcached=203.4%
[monitor] ['71%', '100%', '67%', '73%']  memcached=211.1%
[monitor] ['73%', '100%', '64%', '72%']  memcached=209.1%
[monitor] ['72%', '100%', '65%', '74%']  memcached=211.2%
[monitor] ['69%', '100%', '62%', '69%']  memcached=199.8%
[monitor] ['70%', '100%', '64%', '70%']  memcached=204.4%
[monitor] ['70%', '100%', '65%', '69%']  memcached=204.6%
[monitor] ['69%', '100%', '63%', '69%']  memcached=201.7%
[monitor] ['72%', '100%', '62%', '71%']  memcached=205.4%
[monitor] ['70%', '100%', '62%', '71%']  memcached=203.5%
[monitor] ['69%', '100%', '62%', '69%']  memcached=200.7%
[monitor] ['69%', '100%', '67%', '72%']  memcached=208.3%
[monitor] ['71%', '100%', '63%', '69%']  memcached=203.4%
[monitor] ['69%', '100%', '65%', '71%']  memcached=205.4%
[monitor] ['55%', '100%', '50%', '56%']  memcached=160.4%
[monitor] ['25%', '100%', '17%', '15%']  memcached=57.1%
[MEMCACHED] cores updated to: ['0', '3']
[canneal] cores updated to: [1, 2]
[monitor] ['24%', '100%', '3%', '19%']  memcached=42.7%
[MEMCACHED] cores updated to: ['0']
[canneal] cores updated to: [3, 1, 2]
[monitor] ['38%', '100%', '3%', '0%']  memcached=38.2%
[monitor] ['46%', '100%', '0%', '0%']  memcached=45.7%
[monitor] ['42%', '100%', '3%', '3%']  memcached=41.7%
[monitor] ['38%', '100%', '0%', '0%']  memcached=37.5%
[monitor] ['41%', '100%', '0%', '3%']  memcached=41.2%
[monitor] ['46%', '100%', '3%', '3%']  memcached=45.9%
[monitor] ['41%', '100%', '3%', '0%']  memcached=41.2%
[monitor] ['43%', '100%', '7%', '0%']  memcached=42.9%
[monitor] ['51%', '100%', '79%', '83%']  memcached=51.3%
[monitor] ['55%', '97%', '94%', '100%']  memcached=55.0%
[monitor] ['57%', '100%', '93%', '100%']  memcached=57.1%
[monitor] ['59%', '93%', '100%', '93%']  memcached=58.5%
[monitor] ['61%', '90%', '100%', '90%']  memcached=61.4%
[monitor] ['60%', '93%', '100%', '90%']  memcached=59.5%
[monitor] ['100%', '90%', '97%', '97%']  memcached=100.0%
[MEMCACHED] cores updated to: ['0', '1', '3']
[canneal] cores updated to: [2]
[monitor] ['77%', '75%', '100%', '74%']  memcached=226.4%
[monitor] ['69%', '68%', '100%', '67%']  memcached=204.5%
[monitor] ['70%', '66%', '100%', '65%']  memcached=200.7%
[monitor] ['72%', '70%', '100%', '70%']  memcached=212.8%
[monitor] ['70%', '66%', '100%', '66%']  memcached=201.8%
[monitor] ['69%', '66%', '100%', '67%']  memcached=201.0%
[monitor] ['73%', '67%', '100%', '66%']  memcached=205.4%
[monitor] ['68%', '68%', '100%', '64%']  memcached=199.9%
[monitor] ['71%', '67%', '100%', '66%']  memcached=203.5%
[monitor] ['69%', '68%', '100%', '69%']  memcached=206.5%
[monitor] ['70%', '64%', '100%', '64%']  memcached=198.0%
[monitor] ['70%', '69%', '100%', '66%']  memcached=204.6%
[monitor] ['71%', '68%', '100%', '68%']  memcached=207.0%
[monitor] ['72%', '69%', '100%', '67%']  memcached=207.5%
[monitor] ['70%', '66%', '100%', '66%']  memcached=201.7%
[monitor] ['61%', '56%', '100%', '57%']  memcached=174.1%
[monitor] ['48%', '45%', '100%', '47%']  memcached=140.7%
[monitor] ['49%', '44%', '100%', '45%']  memcached=138.1%
[MEMCACHED] cores updated to: ['0', '3']
[canneal] cores updated to: [1, 2]
[monitor] ['63%', '93%', '93%', '62%']  memcached=124.7%
[monitor] ['61%', '90%', '90%', '61%']  memcached=121.6%
[monitor] ['62%', '87%', '87%', '62%']  memcached=123.7%
[monitor] ['59%', '86%', '97%', '62%']  memcached=121.0%
[monitor] ['59%', '90%', '90%', '63%']  memcached=122.6%
[monitor] ['61%', '90%', '90%', '59%']  memcached=120.1%
[monitor] ['61%', '86%', '93%', '61%']  memcached=121.6%
[monitor] ['61%', '94%', '93%', '63%']  memcached=123.9%
[monitor] ['61%', '97%', '86%', '57%']  memcached=117.7%
[monitor] ['62%', '87%', '90%', '61%']  memcached=122.7%
[monitor] ['61%', '91%', '97%', '62%']  memcached=122.1%
[monitor] ['61%', '86%', '90%', '63%']  memcached=124.3%
[monitor] ['61%', '87%', '93%', '62%']  memcached=122.7%
[monitor] ['61%', '89%', '94%', '59%']  memcached=120.6%
[monitor] ['21%', '87%', '93%', '26%']  memcached=46.5%
[MEMCACHED] cores updated to: ['0']
[canneal] cores updated to: [3, 1, 2]
[monitor] ['47%', '100%', '90%', '97%']  memcached=47.4%
[monitor] ['51%', '100%', '93%', '100%']  memcached=51.3%
[monitor] ['50%', '100%', '93%', '100%']  memcached=50.0%
[monitor] ['50%', '100%', '94%', '100%']  memcached=50.0%
[monitor] ['52%', '97%', '96%', '97%']  memcached=52.5%
[monitor] ['49%', '100%', '90%', '100%']  memcached=48.6%
[monitor] ['51%', '100%', '93%', '100%']  memcached=51.3%
[monitor] ['51%', '100%', '93%', '100%']  memcached=51.3%
[monitor] ['49%', '97%', '93%', '97%']  memcached=48.6%
[monitor] ['47%', '100%', '97%', '100%']  memcached=47.4%
[monitor] ['50%', '100%', '90%', '100%']  memcached=50.0%
[monitor] ['51%', '100%', '93%', '100%']  memcached=51.3%
[monitor] ['51%', '97%', '90%', '100%']  memcached=51.3%
[monitor] ['51%', '100%', '93%', '97%']  memcached=51.4%
[monitor] ['50%', '100%', '93%', '100%']  memcached=50.0%
[monitor] ['69%', '100%', '93%', '100%']  memcached=68.6%
[monitor] ['100%', '94%', '93%', '100%']  memcached=100.0%
[MEMCACHED] cores updated to: ['0', '2', '3']
[canneal] cores updated to: [1]
[monitor] ['91%', '100%', '88%', '90%']  memcached=268.4%
[monitor] ['75%', '100%', '69%', '72%']  memcached=215.8%
[monitor] ['75%', '100%', '66%', '73%']  memcached=213.7%
[monitor] ['77%', '100%', '69%', '75%']  memcached=221.6%
[monitor] ['73%', '100%', '69%', '72%']  memcached=214.6%
[monitor] ['72%', '100%', '66%', '71%']  memcached=209.0%
[monitor] ['74%', '100%', '67%', '72%']  memcached=213.2%
[monitor] ['76%', '100%', '69%', '74%']  memcached=218.5%
[monitor] ['75%', '100%', '68%', '73%']  memcached=215.6%
[monitor] ['72%', '100%', '68%', '72%']  memcached=212.0%
[monitor] ['77%', '100%', '70%', '78%']  memcached=225.2%
[monitor] ['78%', '100%', '71%', '78%']  memcached=227.0%
[monitor] ['77%', '100%', '71%', '75%']  memcached=222.7%
[monitor] ['79%', '100%', '74%', '78%']  memcached=230.4%
[monitor] ['80%', '100%', '71%', '75%']  memcached=226.4%
[monitor] ['57%', '100%', '50%', '59%']  memcached=166.2%
[monitor] ['58%', '100%', '48%', '57%']  memcached=163.6%
[monitor] ['58%', '100%', '53%', '57%']  memcached=168.3%
[monitor] ['58%', '100%', '50%', '59%']  memcached=167.8%
[monitor] ['57%', '100%', '53%', '57%']  memcached=166.8%
[monitor] ['58%', '100%', '50%', '57%']  memcached=164.7%
[monitor] ['56%', '100%', '48%', '56%']  memcached=159.9%
[monitor] ['61%', '100%', '50%', '57%']  memcached=167.7%
[monitor] ['59%', '100%', '51%', '57%']  memcached=167.6%
[monitor] ['58%', '100%', '54%', '56%']  memcached=168.5%
[monitor] ['59%', '100%', '47%', '56%']  memcached=161.4%
[monitor] ['56%', '100%', '51%', '56%']  memcached=162.9%
[monitor] ['59%', '100%', '50%', '59%']  memcached=168.9%
[monitor] ['58%', '100%', '51%', '57%']  memcached=166.5%
[monitor] ['58%', '100%', '53%', '54%']  memcached=165.6%
[monitor] ['58%', '100%', '50%', '56%']  memcached=164.2%
[monitor] ['67%', '100%', '60%', '67%']  memcached=193.3%
[monitor] ['85%', '100%', '77%', '82%']  memcached=244.3%
[monitor] ['86%', '100%', '79%', '82%']  memcached=247.5%
[monitor] ['85%', '100%', '79%', '85%']  memcached=249.6%
[monitor] ['85%', '100%', '77%', '82%']  memcached=244.3%
[monitor] ['85%', '100%', '75%', '83%']  memcached=243.2%
[monitor] ['86%', '100%', '80%', '83%']  memcached=248.6%
[monitor] ['88%', '100%', '81%', '88%']  memcached=256.3%
[monitor] ['86%', '100%', '81%', '85%']  memcached=251.6%
[monitor] ['88%', '100%', '80%', '84%']  memcached=252.3%
[monitor] ['85%', '100%', '76%', '81%']  memcached=242.3%
[monitor] ['85%', '100%', '77%', '83%']  memcached=245.3%
[monitor] ['83%', '100%', '79%', '83%']  memcached=244.7%
[monitor] ['85%', '100%', '76%', '82%']  memcached=244.1%
[monitor] ['84%', '100%', '76%', '83%']  memcached=243.7%
[monitor] ['85%', '100%', '77%', '80%']  memcached=242.4%
[monitor] ['88%', '100%', '80%', '88%']  memcached=256.1%
[monitor] ['39%', '100%', '35%', '37%']  memcached=110.9%
[MEMCACHED] cores updated to: ['0', '3']
[canneal] cores updated to: [2, 1]
[monitor] ['34%', '93%', '90%', '36%']  memcached=70.7%
[monitor] ['33%', '90%', '93%', '33%']  memcached=66.7%
[MEMCACHED] cores updated to: ['0']
[canneal] cores updated to: [2, 1, 3]
[monitor] ['62%', '97%', '93%', '100%']  memcached=61.9%
[monitor] ['60%', '100%', '90%', '100%']  memcached=60.5%
[monitor] ['61%', '97%', '90%', '100%']  memcached=61.4%
[monitor] ['64%', '100%', '97%', '97%']  memcached=63.6%
[monitor] ['63%', '97%', '100%', '97%']  memcached=62.8%
[monitor] ['62%', '100%', '94%', '100%']  memcached=61.9%
[monitor] ['61%', '100%', '93%', '100%']  memcached=61.4%
[monitor] ['60%', '97%', '93%', '100%']  memcached=60.5%
[monitor] ['62%', '100%', '90%', '100%']  memcached=61.9%
[monitor] ['62%', '100%', '93%', '97%']  memcached=61.9%
[monitor] ['62%', '97%', '93%', '100%']  memcached=61.9%
[monitor] ['60%', '100%', '90%', '100%']  memcached=60.0%
[monitor] ['63%', '100%', '93%', '97%']  memcached=62.8%
[monitor] ['68%', '97%', '90%', '100%']  memcached=68.4%
[monitor] ['100%', '97%', '93%', '100%']  memcached=100.0%
[MEMCACHED] cores updated to: ['0', '1', '3']
[canneal] cores updated to: [2]
[monitor] ['100%', '94%', '100%', '100%']  memcached=293.5%
[monitor] ['79%', '74%', '100%', '74%']  memcached=228.0%
[monitor] ['78%', '75%', '100%', '74%']  memcached=227.1%
[monitor] ['77%', '75%', '100%', '72%']  memcached=224.4%
[monitor] ['77%', '74%', '100%', '76%']  memcached=226.3%
[monitor] ['77%', '74%', '100%', '74%']  memcached=225.7%
[monitor] ['83%', '78%', '100%', '78%']  memcached=239.0%
[monitor] ['83%', '78%', '100%', '78%']  memcached=238.4%
[monitor] ['82%', '78%', '100%', '75%']  memcached=234.6%
[monitor] ['77%', '74%', '100%', '74%']  memcached=225.0%
[monitor] ['78%', '74%', '100%', '74%']  memcached=226.9%
[monitor] ['79%', '74%', '100%', '76%']  memcached=229.4%
[monitor] ['78%', '74%', '100%', '74%']  memcached=226.3%
[monitor] ['80%', '78%', '100%', '75%']  memcached=233.4%
[monitor] ['80%', '76%', '100%', '77%']  memcached=233.6%
[monitor] ['77%', '72%', '100%', '71%']  memcached=220.8%
[monitor] ['74%', '71%', '100%', '73%']  memcached=218.1%
[monitor] ['81%', '76%', '100%', '74%']  memcached=230.5%
[monitor] ['74%', '72%', '100%', '69%']  memcached=215.4%
[monitor] ['74%', '71%', '100%', '73%']  memcached=218.7%
[monitor] ['75%', '72%', '100%', '69%']  memcached=216.7%
[monitor] ['76%', '71%', '100%', '70%']  memcached=217.0%
[monitor] ['75%', '71%', '100%', '71%']  memcached=217.9%
[monitor] ['75%', '70%', '100%', '70%']  memcached=215.5%
[monitor] ['76%', '72%', '100%', '69%']  memcached=216.5%
[monitor] ['71%', '69%', '100%', '72%']  memcached=213.1%
[monitor] ['81%', '76%', '100%', '74%']  memcached=229.9%
[monitor] ['81%', '76%', '100%', '74%']  memcached=231.0%
[monitor] ['78%', '74%', '100%', '76%']  memcached=227.7%
[monitor] ['81%', '75%', '100%', '75%']  memcached=230.6%
[monitor] ['78%', '74%', '100%', '75%']  memcached=227.7%
[monitor] ['77%', '73%', '100%', '73%']  memcached=223.1%
[monitor] ['83%', '80%', '100%', '80%']  memcached=242.9%
[monitor] ['82%', '81%', '100%', '81%']  memcached=243.5%
[monitor] ['82%', '79%', '100%', '79%']  memcached=240.6%
[monitor] ['80%', '79%', '100%', '78%']  memcached=237.2%
[monitor] ['83%', '78%', '100%', '78%']  memcached=238.4%
[monitor] ['86%', '85%', '100%', '82%']  memcached=253.4%
[monitor] ['81%', '78%', '100%', '78%']  memcached=236.1%
[monitor] ['82%', '78%', '100%', '80%']  memcached=239.6%
[monitor] ['81%', '79%', '100%', '79%']  memcached=239.4%
[monitor] ['85%', '82%', '100%', '79%']  memcached=246.6%
[monitor] ['83%', '79%', '100%', '78%']  memcached=240.0%
[monitor] ['80%', '78%', '100%', '79%']  memcached=237.2%
[monitor] ['83%', '80%', '100%', '80%']  memcached=242.9%
[monitor] ['82%', '79%', '100%', '76%']  memcached=237.7%
[monitor] ['83%', '80%', '100%', '78%']  memcached=241.2%
[monitor] ['91%', '83%', '100%', '82%']  memcached=255.3%
[monitor] ['50%', '48%', '100%', '48%']  memcached=146.9%
[monitor] ['30%', '28%', '100%', '30%']  memcached=87.6%
[MEMCACHED] cores updated to: ['0', '3']
[canneal] cores updated to: [2, 1]
[monitor] ['50%', '91%', '86%', '50%']  memcached=100.0%
[monitor] ['51%', '90%', '94%', '50%']  memcached=101.4%
[monitor] ['49%', '93%', '90%', '47%']  memcached=95.8%
[monitor] ['44%', '90%', '90%', '49%']  memcached=92.7%
[monitor] ['49%', '87%', '90%', '49%']  memcached=97.1%
[monitor] ['50%', '90%', '93%', '47%']  memcached=97.2%
[monitor] ['47%', '90%', '93%', '50%']  memcached=97.2%
[monitor] ['50%', '83%', '97%', '51%']  memcached=101.4%
[monitor] ['47%', '90%', '93%', '50%']  memcached=97.1%
[monitor] ['49%', '86%', '87%', '49%']  memcached=97.2%
[monitor] ['49%', '77%', '97%', '49%']  memcached=97.2%
[monitor] ['49%', '97%', '86%', '53%']  memcached=101.3%
[monitor] ['49%', '80%', '94%', '50%']  memcached=98.6%
[monitor] ['51%', '90%', '93%', '47%']  memcached=98.6%
[monitor] ['42%', '80%', '90%', '49%']  memcached=91.0%
[monitor] ['24%', '90%', '93%', '26%']  memcached=49.9%
[MEMCACHED] cores updated to: ['0']
[canneal] cores updated to: [2, 1, 3]
[monitor] ['60%', '97%', '93%', '97%']  memcached=60.5%
[monitor] ['60%', '97%', '97%', '97%']  memcached=59.5%
[monitor] ['57%', '100%', '90%', '100%']  memcached=57.1%
[monitor] ['60%', '100%', '90%', '100%']  memcached=59.5%
[monitor] ['57%', '100%', '90%', '100%']  memcached=57.1%
[monitor] ['54%', '97%', '90%', '97%']  memcached=53.8%
[monitor] ['56%', '100%', '89%', '100%']  memcached=56.1%
[monitor] ['57%', '100%', '88%', '100%']  memcached=57.1%
[monitor] ['55%', '100%', '90%', '100%']  memcached=55.0%
[monitor] ['55%', '97%', '90%', '100%']  memcached=55.0%
[monitor] ['56%', '100%', '93%', '97%']  memcached=56.1%
[monitor] ['54%', '100%', '90%', '100%']  memcached=53.7%
[monitor] ['55%', '97%', '93%', '100%']  memcached=55.0%
[monitor] ['56%', '100%', '93%', '100%']  memcached=56.1%
[monitor] ['54%', '100%', '90%', '97%']  memcached=53.8%
[monitor] ['79%', '97%', '93%', '100%']  memcached=79.4%
[monitor] ['100%', '97%', '97%', '100%']  memcached=100.0%
[MEMCACHED] cores updated to: ['0', '1', '2']
[canneal] cores updated to: [3]
[monitor] ['77%', '74%', '67%', '100%']  memcached=217.5%
[monitor] ['64%', '64%', '58%', '100%']  memcached=186.1%
[monitor] ['63%', '61%', '58%', '100%']  memcached=182.6%
[monitor] ['65%', '64%', '59%', '100%']  memcached=188.4%
[monitor] ['64%', '65%', '58%', '100%']  memcached=187.1%
[monitor] ['66%', '61%', '57%', '100%']  memcached=184.0%
[monitor] ['65%', '65%', '56%', '100%']  memcached=185.7%
[monitor] ['65%', '65%', '56%', '100%']  memcached=185.6%
[monitor] ['66%', '68%', '61%', '100%']  memcached=194.5%
[monitor] ['66%', '64%', '56%', '100%']  memcached=185.6%
[monitor] ['65%', '66%', '56%', '100%']  memcached=186.5%
[monitor] ['65%', '61%', '57%', '100%']  memcached=183.1%
[monitor] ['65%', '64%', '57%', '100%']  memcached=185.9%
[monitor] ['68%', '63%', '59%', '100%']  memcached=190.7%
[monitor] ['60%', '62%', '57%', '100%']  memcached=178.7%
[monitor] ['55%', '53%', '44%', '100%']  memcached=151.8%
[monitor] ['54%', '54%', '48%', '100%']  memcached=157.1%
[monitor] ['53%', '50%', '47%', '100%']  memcached=149.8%
[monitor] ['57%', '53%', '48%', '100%']  memcached=158.2%
[monitor] ['53%', '53%', '44%', '100%']  memcached=149.3%
[monitor] ['54%', '52%', '45%', '100%']  memcached=151.3%
[monitor] ['53%', '54%', '42%', '100%']  memcached=149.0%
[monitor] ['51%', '51%', '44%', '100%']  memcached=147.0%
[monitor] ['57%', '48%', '47%', '100%']  memcached=152.3%
[monitor] ['53%', '56%', '48%', '100%']  memcached=156.8%
[monitor] ['56%', '51%', '44%', '100%']  memcached=150.7%
[monitor] ['53%', '48%', '44%', '100%']  memcached=145.0%
[monitor] ['56%', '54%', '49%', '100%']  memcached=158.4%
[monitor] ['51%', '51%', '47%', '100%']  memcached=149.9%
[monitor] ['56%', '53%', '45%', '100%']  memcached=153.8%
[monitor] ['53%', '55%', '49%', '100%']  memcached=156.6%
[monitor] ['68%', '68%', '60%', '100%']  memcached=195.2%
[monitor] ['74%', '73%', '68%', '100%']  memcached=214.8%
[monitor] ['75%', '73%', '68%', '100%']  memcached=215.6%
[monitor] ['76%', '72%', '64%', '100%']  memcached=211.8%
[monitor] ['72%', '72%', '69%', '100%']  memcached=213.9%
[monitor] ['75%', '75%', '71%', '100%']  memcached=221.1%
[monitor] ['80%', '78%', '70%', '100%']  memcached=228.0%
[monitor] ['73%', '70%', '67%', '100%']  memcached=209.9%
[monitor] ['72%', '72%', '67%', '100%']  memcached=211.1%
[monitor] ['74%', '72%', '68%', '100%']  memcached=213.5%
[monitor] ['72%', '70%', '68%', '100%']  memcached=210.1%
[monitor] ['73%', '73%', '68%', '100%']  memcached=213.5%
[monitor] ['72%', '71%', '68%', '100%']  memcached=211.7%
[monitor] ['74%', '72%', '68%', '100%']  memcached=214.2%
[monitor] ['72%', '71%', '68%', '100%']  memcached=211.2%
[monitor] ['75%', '74%', '67%', '100%']  memcached=216.0%
[monitor] ['73%', '74%', '68%', '100%']  memcached=214.2%
[monitor] ['20%', '14%', '17%', '100%']  memcached=51.0%
[MEMCACHED] cores updated to: ['0', '2']
[canneal] cores updated to: [1, 3]
[monitor] ['32%', '87%', '25%', '93%']  memcached=57.3%
[MEMCACHED] cores updated to: ['0']
[canneal] cores updated to: [2, 1, 3]
[monitor] ['57%', '100%', '93%', '100%']  memcached=57.5%
[monitor] ['56%', '97%', '90%', '97%']  memcached=56.1%
[monitor] ['54%', '100%', '93%', '100%']  memcached=53.8%
[monitor] ['57%', '100%', '90%', '100%']  memcached=57.1%
[monitor] ['55%', '100%', '90%', '100%']  memcached=55.0%
[monitor] ['55%', '97%', '93%', '97%']  memcached=55.0%
[monitor] ['57%', '100%', '90%', '100%']  memcached=57.1%
[monitor] ['56%', '100%', '93%', '100%']  memcached=56.1%
[monitor] ['56%', '100%', '90%', '100%']  memcached=56.1%
[monitor] ['55%', '97%', '90%', '97%']  memcached=54.8%
[monitor] ['56%', '100%', '93%', '100%']  memcached=56.1%
[monitor] ['58%', '100%', '90%', '100%']  memcached=58.1%
[monitor] ['56%', '97%', '90%', '100%']  memcached=56.1%
[monitor] ['57%', '100%', '90%', '100%']  memcached=57.1%
[monitor] ['66%', '100%', '93%', '97%']  memcached=65.9%
[monitor] ['70%', '100%', '93%', '100%']  memcached=69.8%
[monitor] ['69%', '97%', '93%', '100%']  memcached=69.0%
[monitor] ['71%', '100%', '93%', '100%']  memcached=71.4%
[monitor] ['70%', '100%', '97%', '100%']  memcached=69.8%
[monitor] ['69%', '97%', '93%', '97%']  memcached=69.0%
[monitor] ['70%', '100%', '93%', '100%']  memcached=69.8%
[monitor] ['71%', '97%', '94%', '97%']  memcached=71.4%
[monitor] ['71%', '97%', '100%', '97%']  memcached=70.7%
[monitor] ['71%', '97%', '100%', '97%']  memcached=71.4%
[monitor] ['72%', '97%', '97%', '100%']  memcached=72.5%
[monitor] ['73%', '97%', '100%', '97%']  memcached=73.2%
[monitor] ['71%', '100%', '97%', '97%']  memcached=70.7%
[monitor] ['74%', '97%', '97%', '100%']  memcached=73.8%
[monitor] ['73%', '97%', '100%', '97%']  memcached=73.2%
[monitor] ['72%', '93%', '100%', '93%']  memcached=72.5%
[monitor] ['72%', '100%', '97%', '100%']  memcached=72.1%
[monitor] ['100%', '97%', '97%', '97%']  memcached=100.0%
[MEMCACHED] cores updated to: ['0', '2', '3']
[canneal] cores updated to: [1]
[monitor] ['100%', '100%', '100%', '100%']  memcached=300.0%
[monitor] ['97%', '100%', '100%', '100%']  memcached=296.7%
[monitor] ['100%', '100%', '97%', '100%']  memcached=296.8%
[monitor] ['94%', '100%', '86%', '91%']  memcached=270.6%
[monitor] ['91%', '100%', '83%', '91%']  memcached=264.1%
[monitor] ['94%', '100%', '82%', '88%']  memcached=264.3%
[monitor] ['91%', '100%', '83%', '91%']  memcached=264.4%
[monitor] ['91%', '100%', '83%', '91%']  memcached=264.4%
[monitor] ['91%', '100%', '85%', '88%']  memcached=263.4%
[monitor] ['94%', '100%', '83%', '91%']  memcached=267.5%
[monitor] ['91%', '100%', '85%', '91%']  memcached=266.8%
[monitor] ['94%', '100%', '83%', '91%']  memcached=267.8%
[monitor] ['91%', '100%', '83%', '90%']  memcached=264.1%
[monitor] ['94%', '100%', '85%', '91%']  memcached=270.0%
[monitor] ['94%', '100%', '82%', '91%']  memcached=266.8%
[monitor] ['61%', '100%', '53%', '57%']  memcached=170.6%
[monitor] ['21%', '100%', '23%', '21%']  memcached=65.5%
[MEMCACHED] cores updated to: ['0', '3']
[canneal] cores updated to: [2, 1]
[monitor] ['41%', '93%', '93%', '38%']  memcached=79.4%
[monitor] ['44%', '83%', '97%', '46%']  memcached=89.8%
[monitor] ['46%', '87%', '97%', '39%']  memcached=85.1%
[monitor] ['44%', '90%', '93%', '44%']  memcached=88.9%
[monitor] ['46%', '93%', '90%', '39%']  memcached=85.1%
[monitor] ['41%', '90%', '93%', '43%']  memcached=84.0%
[monitor] ['43%', '90%', '90%', '43%']  memcached=85.7%
[monitor] ['44%', '93%', '93%', '44%']  memcached=88.2%
[monitor] ['39%', '90%', '94%', '41%']  memcached=80.6%
[monitor] ['46%', '93%', '93%', '47%']  memcached=93.1%
[monitor] ['43%', '87%', '93%', '41%']  memcached=84.0%
[monitor] ['43%', '90%', '94%', '43%']  memcached=85.7%
[monitor] ['41%', '93%', '93%', '44%']  memcached=85.3%
[monitor] ['46%', '90%', '90%', '41%']  memcached=86.9%
[monitor] ['39%', '77%', '97%', '41%']  memcached=80.6%
[monitor] ['68%', '97%', '93%', '68%']  memcached=135.1%
[monitor] ['67%', '90%', '94%', '69%']  memcached=136.1%
[monitor] ['65%', '90%', '97%', '68%']  memcached=132.4%
[monitor] ['64%', '90%', '100%', '72%']  memcached=135.4%
[monitor] ['67%', '87%', '94%', '73%']  memcached=139.6%
[monitor] ['67%', '90%', '93%', '65%']  memcached=131.7%
[monitor] ['67%', '97%', '93%', '65%']  memcached=131.5%
[monitor] ['62%', '87%', '97%', '68%']  memcached=129.7%
[monitor] ['62%', '90%', '97%', '68%']  memcached=129.7%
[monitor] ['65%', '94%', '90%', '65%']  memcached=129.7%
[monitor] ['66%', '86%', '93%', '65%']  memcached=130.7%
[monitor] ['60%', '83%', '97%', '69%']  memcached=129.2%
[monitor] ['62%', '90%', '93%', '66%']  memcached=128.0%
[monitor] ['62%', '83%', '100%', '66%']  memcached=128.0%
[monitor] ['61%', '83%', '93%', '67%']  memcached=127.8%
[monitor] ['65%', '90%', '93%', '66%']  memcached=130.7%
[monitor] ['53%', '90%', '90%', '47%']  memcached=99.8%
[monitor] ['11%', '83%', '93%', '10%']  memcached=21.1%
[MEMCACHED] cores updated to: ['0']
[canneal] cores updated to: [2, 1, 3]
[monitor] ['21%', '100%', '83%', '97%']  memcached=20.7%
[monitor] ['15%', '100%', '90%', '100%']  memcached=14.8%
[monitor] ['23%', '100%', '93%', '100%']  memcached=23.3%
[monitor] ['21%', '97%', '91%', '100%']  memcached=20.7%
[monitor] ['21%', '100%', '90%', '100%']  memcached=20.7%
[monitor] ['23%', '100%', '90%', '100%']  memcached=23.3%
[monitor] ['15%', '100%', '90%', '97%']  memcached=14.8%
[monitor] ['20%', '0%', '97%', '0%']  memcached=20.0%
[monitor] ['23%', '0%', '100%', '3%']  memcached=23.3%
[monitor] ['18%', '0%', '100%', '0%']  memcached=17.9%
[monitor] ['17%', '0%', '100%', '0%']  memcached=17.2%
[monitor] ['19%', '3%', '100%', '0%']  memcached=18.5%
[monitor] ['17%', '0%', '100%', '0%']  memcached=17.2%
[monitor] ['21%', '7%', '100%', '3%']  memcached=20.7%
[monitor] ['18%', '3%', '100%', '3%']  memcached=17.9%
[monitor] ['67%', '0%', '100%', '0%']  memcached=66.7%
[monitor] ['77%', '0%', '100%', '4%']  memcached=76.9%
[monitor] ['75%', '7%', '100%', '0%']  memcached=75.0%
[monitor] ['75%', '0%', '100%', '4%']  memcached=75.0%
[monitor] ['72%', '4%', '100%', '0%']  memcached=72.5%
[monitor] ['74%', '0%', '100%', '0%']  memcached=73.8%
[monitor] ['75%', '14%', '90%', '11%']  memcached=75.0%
[canneal] ended.
[freqmine] started on cores: [1, 2, 3] with 3 threads.
[monitor] ['70%', '45%', '31%', '41%']  memcached=70.0%
[monitor] ['74%', '18%', '67%', '31%']  memcached=74.4%
[monitor] ['73%', '7%', '64%', '41%']  memcached=73.2%
[monitor] ['67%', '100%', '7%', '0%']  memcached=67.4%
[monitor] ['67%', '100%', '0%', '0%']  memcached=67.4%
[monitor] ['69%', '100%', '3%', '4%']  memcached=69.0%
[monitor] ['67%', '100%', '4%', '0%']  memcached=67.4%
[monitor] ['73%', '100%', '70%', '72%']  memcached=73.2%
[monitor] ['72%', '100%', '83%', '83%']  memcached=72.5%
[monitor] ['89%', '100%', '100%', '100%']  memcached=88.6%
[MEMCACHED] cores updated to: ['0', '1']
[freqmine] cores updated to: [2, 3]
[monitor] ['65%', '66%', '100%', '100%']  memcached=130.7%
[monitor] ['74%', '59%', '100%', '100%']  memcached=132.5%
[monitor] ['71%', '59%', '100%', '100%']  memcached=130.5%
[monitor] ['65%', '66%', '100%', '100%']  memcached=130.6%
[monitor] ['66%', '68%', '100%', '100%']  memcached=133.4%
[monitor] ['59%', '72%', '100%', '100%']  memcached=130.6%
[monitor] ['66%', '65%', '100%', '100%']  memcached=130.7%
[monitor] ['66%', '65%', '100%', '100%']  memcached=130.7%
[monitor] ['69%', '88%', '100%', '100%']  memcached=157.7%
[monitor] ['63%', '66%', '100%', '100%']  memcached=128.6%
[monitor] ['67%', '65%', '100%', '100%']  memcached=131.5%
[monitor] ['73%', '57%', '100%', '100%']  memcached=130.1%
[monitor] ['71%', '58%', '100%', '100%']  memcached=129.4%
[monitor] ['65%', '63%', '100%', '100%']  memcached=128.0%
[monitor] ['58%', '60%', '100%', '100%']  memcached=118.3%
[monitor] ['20%', '17%', '100%', '100%']  memcached=37.2%
[MEMCACHED] cores updated to: ['0']
[freqmine] cores updated to: [1, 2, 3]
[monitor] ['45%', '90%', '100%', '100%']  memcached=45.5%
[monitor] ['42%', '16%', '100%', '21%']  memcached=41.7%
[monitor] ['38%', '100%', '100%', '100%']  memcached=38.2%
[monitor] ['39%', '100%', '100%', '100%']  memcached=39.4%
[monitor] ['36%', '100%', '100%', '100%']  memcached=36.4%
[monitor] ['38%', '100%', '100%', '100%']  memcached=38.2%
[monitor] ['39%', '100%', '100%', '100%']  memcached=39.4%
[monitor] ['40%', '100%', '100%', '100%']  memcached=40.0%
[monitor] ['39%', '100%', '100%', '100%']  memcached=39.4%
[monitor] ['36%', '100%', '100%', '100%']  memcached=36.4%
[monitor] ['53%', '100%', '100%', '100%']  memcached=52.9%
[monitor] ['100%', '100%', '100%', '100%']  memcached=100.0%
[MEMCACHED] cores updated to: ['0', '2', '3']
[freqmine] cores updated to: [1]
[monitor] ['25%', '100%', '16%', '100%']  memcached=141.1%
[monitor] ['22%', '100%', '11%', '100%']  memcached=132.6%
[MEMCACHED] cores updated to: ['0', '3']
[freqmine] cores updated to: [1, 2]
[monitor] ['21%', '100%', '100%', '40%']  memcached=60.7%
[MEMCACHED] cores updated to: ['0']
[freqmine] cores updated to: [3, 1, 2]
[monitor] ['97%', '100%', '100%', '100%']  memcached=96.7%
[MEMCACHED] cores updated to: ['0', '1', '3']
[freqmine] cores updated to: [2]
[monitor] ['80%', '75%', '100%', '74%']  memcached=228.5%
[monitor] ['69%', '69%', '100%', '69%']  memcached=207.5%
[monitor] ['68%', '69%', '100%', '68%']  memcached=204.7%
[monitor] ['69%', '69%', '100%', '69%']  memcached=207.5%
[monitor] ['69%', '70%', '100%', '69%']  memcached=208.9%
[monitor] ['72%', '69%', '100%', '69%']  memcached=211.1%
[monitor] ['68%', '67%', '100%', '69%']  memcached=203.8%
[monitor] ['69%', '69%', '100%', '69%']  memcached=207.5%
[monitor] ['69%', '69%', '100%', '68%']  memcached=205.6%
[monitor] ['69%', '67%', '100%', '69%']  memcached=204.7%
[monitor] ['72%', '69%', '100%', '70%']  memcached=211.1%
[monitor] ['69%', '69%', '100%', '68%']  memcached=206.5%
[monitor] ['74%', '74%', '100%', '74%']  memcached=222.9%
[monitor] ['77%', '74%', '100%', '76%']  memcached=226.3%
[monitor] ['76%', '74%', '100%', '74%']  memcached=223.6%
[monitor] ['73%', '73%', '100%', '71%']  memcached=216.5%
[monitor] ['71%', '69%', '100%', '68%']  memcached=209.3%
[monitor] ['77%', '77%', '100%', '77%']  memcached=231.4%
[monitor] ['71%', '71%', '100%', '73%']  memcached=215.5%
[monitor] ['69%', '69%', '100%', '67%']  memcached=204.7%
[monitor] ['68%', '67%', '100%', '69%']  memcached=203.5%
[monitor] ['69%', '69%', '100%', '68%']  memcached=205.7%
[monitor] ['69%', '66%', '100%', '68%']  memcached=203.6%
[monitor] ['69%', '72%', '100%', '70%']  memcached=211.9%
[monitor] ['67%', '68%', '100%', '68%']  memcached=202.7%
[monitor] ['70%', '68%', '100%', '70%']  memcached=208.1%
[monitor] ['66%', '69%', '100%', '67%']  memcached=201.0%
[monitor] ['68%', '68%', '100%', '66%']  memcached=200.9%
[monitor] ['68%', '66%', '100%', '67%']  memcached=199.9%
[monitor] ['69%', '67%', '100%', '69%']  memcached=204.7%
[monitor] ['69%', '69%', '100%', '68%']  memcached=205.6%
[monitor] ['66%', '66%', '100%', '66%']  memcached=197.1%
[monitor] ['75%', '75%', '100%', '75%']  memcached=225.0%
[monitor] ['77%', '74%', '100%', '74%']  memcached=225.7%
[monitor] ['76%', '76%', '100%', '75%']  memcached=227.1%
[monitor] ['81%', '79%', '100%', '77%']  memcached=237.1%
[monitor] ['79%', '81%', '100%', '77%']  memcached=237.1%
[monitor] ['83%', '80%', '100%', '81%']  memcached=243.9%
[monitor] ['83%', '81%', '100%', '82%']  memcached=245.2%
[monitor] ['80%', '79%', '100%', '77%']  memcached=236.6%
[monitor] ['83%', '80%', '100%', '81%']  memcached=243.4%
[monitor] ['83%', '81%', '100%', '81%']  memcached=244.0%
[monitor] ['82%', '81%', '100%', '80%']  memcached=242.9%
[monitor] ['76%', '74%', '100%', '74%']  memcached=224.3%
[monitor] ['74%', '75%', '100%', '75%']  memcached=224.3%
[monitor] ['78%', '77%', '100%', '76%']  memcached=230.6%
[monitor] ['77%', '74%', '100%', '74%']  memcached=225.7%
[monitor] ['77%', '76%', '100%', '77%']  memcached=230.0%
[monitor] ['69%', '68%', '100%', '67%']  memcached=202.9%
[monitor] ['39%', '39%', '100%', '38%']  memcached=115.6%
[MEMCACHED] cores updated to: ['0', '3']
[freqmine] cores updated to: [1, 2]
[monitor] ['57%', '100%', '100%', '57%']  memcached=113.9%
[monitor] ['56%', '100%', '100%', '57%']  memcached=113.2%
[monitor] ['51%', '100%', '100%', '55%']  memcached=106.7%
[monitor] ['56%', '100%', '100%', '55%']  memcached=110.8%
[monitor] ['53%', '100%', '100%', '57%']  memcached=109.5%
[monitor] ['54%', '100%', '100%', '54%']  memcached=108.3%
[monitor] ['55%', '100%', '100%', '55%']  memcached=110.5%
[monitor] ['58%', '100%', '100%', '55%']  memcached=113.2%
[monitor] ['55%', '100%', '100%', '55%']  memcached=110.5%
[monitor] ['55%', '100%', '100%', '53%']  memcached=108.0%
[monitor] ['53%', '100%', '100%', '55%']  memcached=108.2%
[monitor] ['56%', '100%', '100%', '54%']  memcached=110.5%
[monitor] ['53%', '100%', '100%', '54%']  memcached=106.8%
[monitor] ['59%', '100%', '100%', '55%']  memcached=114.2%
[monitor] ['55%', '100%', '100%', '54%']  memcached=109.3%
[monitor] ['34%', '100%', '100%', '34%']  memcached=68.8%
[MEMCACHED] cores updated to: ['0']
[freqmine] cores updated to: [3, 1, 2]
[monitor] ['57%', '100%', '100%', '100%']  memcached=57.1%
[monitor] ['51%', '100%', '100%', '100%']  memcached=51.3%
[monitor] ['51%', '100%', '100%', '100%']  memcached=51.3%
[monitor] ['50%', '100%', '100%', '100%']  memcached=50.0%
[monitor] ['52%', '100%', '100%', '100%']  memcached=52.5%
[monitor] ['54%', '100%', '100%', '100%']  memcached=53.8%
[monitor] ['49%', '100%', '100%', '100%']  memcached=48.6%
[monitor] ['54%', '100%', '100%', '100%']  memcached=53.8%
[monitor] ['55%', '100%', '100%', '100%']  memcached=54.8%
[monitor] ['54%', '100%', '100%', '100%']  memcached=53.8%
[monitor] ['51%', '100%', '100%', '100%']  memcached=51.3%
[monitor] ['56%', '100%', '100%', '100%']  memcached=56.1%
[monitor] ['54%', '100%', '100%', '100%']  memcached=53.8%
[monitor] ['51%', '100%', '100%', '100%']  memcached=51.3%
[monitor] ['53%', '100%', '100%', '100%']  memcached=52.6%
[monitor] ['59%', '100%', '100%', '100%']  memcached=59.5%
[monitor] ['100%', '100%', '100%', '100%']  memcached=100.0%
[MEMCACHED] cores updated to: ['0', '2', '3']
[freqmine] cores updated to: [1]
[monitor] ['70%', '100%', '65%', '61%']  memcached=195.6%
[monitor] ['67%', '100%', '61%', '61%']  memcached=188.9%
[monitor] ['68%', '100%', '59%', '61%']  memcached=187.0%
[monitor] ['67%', '100%', '60%', '65%']  memcached=191.5%
[monitor] ['64%', '100%', '58%', '61%']  memcached=183.3%
[monitor] ['68%', '100%', '62%', '62%']  memcached=191.5%
[monitor] ['66%', '100%', '56%', '63%']  memcached=184.8%
[monitor] ['64%', '100%', '57%', '61%']  memcached=181.9%
[monitor] ['68%', '100%', '62%', '66%']  memcached=195.4%
[monitor] ['67%', '100%', '58%', '62%']  memcached=186.4%
[monitor] ['66%', '100%', '59%', '62%']  memcached=186.7%
[monitor] ['64%', '100%', '58%', '62%']  memcached=184.4%
[monitor] ['65%', '100%', '60%', '63%']  memcached=187.7%
[monitor] ['66%', '100%', '58%', '62%']  memcached=186.3%
[monitor] ['68%', '100%', '59%', '63%']  memcached=189.5%
[monitor] ['38%', '100%', '32%', '35%']  memcached=105.2%
[MEMCACHED] cores updated to: ['0', '3']
[freqmine] cores updated to: [2, 1]
[monitor] ['32%', '100%', '100%', '32%']  memcached=64.5%
[MEMCACHED] cores updated to: ['0']
[freqmine] cores updated to: [2, 1, 3]
[monitor] ['60%', '100%', '100%', '100%']  memcached=60.5%
[monitor] ['60%', '100%', '100%', '100%']  memcached=59.5%
[monitor] ['60%', '100%', '100%', '100%']  memcached=60.5%
[monitor] ['60%', '100%', '100%', '100%']  memcached=59.5%
[monitor] ['62%', '100%', '100%', '100%']  memcached=61.9%
[monitor] ['57%', '100%', '100%', '100%']  memcached=57.1%
[monitor] ['60%', '100%', '100%', '100%']  memcached=60.5%
[monitor] ['60%', '100%', '100%', '100%']  memcached=59.5%
[monitor] ['60%', '100%', '100%', '100%']  memcached=60.5%
[monitor] ['59%', '100%', '100%', '100%']  memcached=59.0%
[monitor] ['60%', '100%', '100%', '100%']  memcached=60.5%
[monitor] ['60%', '100%', '100%', '100%']  memcached=59.5%
[monitor] ['60%', '100%', '100%', '100%']  memcached=60.5%
[monitor] ['61%', '100%', '100%', '100%']  memcached=61.0%
[monitor] ['68%', '100%', '100%', '100%']  memcached=67.5%
[monitor] ['100%', '100%', '100%', '100%']  memcached=100.0%
[MEMCACHED] cores updated to: ['0', '1', '3']
[freqmine] cores updated to: [2]
[monitor] ['100%', '100%', '100%', '100%']  memcached=300.0%
[monitor] ['88%', '88%', '100%', '85%']  memcached=260.7%
[monitor] ['80%', '79%', '100%', '81%']  memcached=239.5%
[monitor] ['76%', '74%', '100%', '74%']  memcached=223.5%
[monitor] ['74%', '78%', '100%', '75%']  memcached=227.7%
[monitor] ['79%', '76%', '100%', '77%']  memcached=233.0%
[monitor] ['74%', '74%', '100%', '73%']  memcached=220.0%
[monitor] ['75%', '75%', '100%', '76%']  memcached=225.8%
[monitor] ['75%', '76%', '100%', '74%']  memcached=224.3%
[monitor] ['77%', '76%', '100%', '75%']  memcached=227.8%
[monitor] ['77%', '74%', '100%', '75%']  memcached=226.4%
[monitor] ['77%', '78%', '100%', '75%']  memcached=229.9%
[monitor] ['81%', '78%', '100%', '80%']  memcached=238.9%
[monitor] ['79%', '79%', '100%', '80%']  memcached=238.2%
[monitor] ['78%', '77%', '100%', '75%']  memcached=229.9%
[monitor] ['48%', '44%', '100%', '48%']  memcached=140.7%
[monitor] ['35%', '29%', '100%', '35%']  memcached=99.5%
[MEMCACHED] cores updated to: ['0', '3']
[freqmine] cores updated to: [2, 1]
[monitor] ['55%', '100%', '100%', '56%']  memcached=111.7%
[monitor] ['51%', '100%', '100%', '58%']  memcached=109.3%
[monitor] ['54%', '100%', '100%', '56%']  memcached=110.7%
[monitor] ['57%', '100%', '100%', '56%']  memcached=112.3%
[monitor] ['54%', '100%', '100%', '58%']  memcached=112.2%
[monitor] ['53%', '100%', '100%', '55%']  memcached=108.0%
[monitor] ['53%', '100%', '100%', '56%']  memcached=108.5%
[monitor] ['54%', '100%', '100%', '57%']  memcached=111.6%
[monitor] ['54%', '100%', '100%', '54%']  memcached=108.1%
[monitor] ['58%', '100%', '100%', '56%']  memcached=113.5%
[monitor] ['57%', '100%', '100%', '54%']  memcached=110.8%
[monitor] ['54%', '100%', '100%', '53%']  memcached=107.1%
[monitor] ['54%', '100%', '100%', '56%']  memcached=109.6%
[monitor] ['56%', '100%', '100%', '57%']  memcached=112.3%
[monitor] ['54%', '100%', '100%', '55%']  memcached=109.5%
[monitor] ['51%', '100%', '100%', '58%']  memcached=109.3%
[monitor] ['61%', '100%', '100%', '54%']  memcached=114.8%
[monitor] ['60%', '100%', '100%', '67%']  memcached=126.7%
[monitor] ['53%', '100%', '100%', '56%']  memcached=109.2%
[monitor] ['54%', '100%', '100%', '57%']  memcached=111.0%
[monitor] ['57%', '100%', '100%', '56%']  memcached=112.3%
[monitor] ['56%', '100%', '100%', '56%']  memcached=111.1%
[monitor] ['53%', '100%', '100%', '57%']  memcached=109.7%
[monitor] ['58%', '100%', '100%', '54%']  memcached=111.9%
[monitor] ['58%', '100%', '100%', '61%']  memcached=118.9%
[monitor] ['55%', '100%', '100%', '54%']  memcached=109.3%
[monitor] ['53%', '100%', '100%', '58%']  memcached=110.8%
[monitor] ['55%', '100%', '100%', '58%']  memcached=113.2%
[monitor] ['56%', '100%', '100%', '57%']  memcached=112.3%
[monitor] ['54%', '100%', '100%', '59%']  memcached=113.3%
[monitor] ['57%', '100%', '100%', '54%']  memcached=110.8%
[monitor] ['63%', '100%', '100%', '67%']  memcached=129.5%
[monitor] ['68%', '100%', '100%', '75%']  memcached=142.6%
[monitor] ['65%', '100%', '100%', '75%']  memcached=139.7%
[monitor] ['70%', '100%', '100%', '76%']  memcached=146.6%
[monitor] ['67%', '100%', '100%', '74%']  memcached=141.0%
[monitor] ['66%', '100%', '100%', '76%']  memcached=141.4%
[monitor] ['69%', '100%', '100%', '74%']  memcached=143.7%
[monitor] ['68%', '100%', '100%', '73%']  memcached=140.6%
[monitor] ['69%', '100%', '100%', '74%']  memcached=143.7%
[monitor] ['70%', '100%', '100%', '70%']  memcached=140.5%
[monitor] ['65%', '100%', '100%', '78%']  memcached=143.1%
[monitor] ['63%', '100%', '100%', '78%']  memcached=141.2%
[monitor] ['66%', '100%', '100%', '81%']  memcached=146.8%
[monitor] ['69%', '100%', '100%', '74%']  memcached=143.7%
[monitor] ['66%', '100%', '100%', '78%']  memcached=143.5%
[monitor] ['63%', '100%', '100%', '78%']  memcached=141.2%
[monitor] ['66%', '100%', '100%', '75%']  memcached=140.7%
[monitor] ['23%', '100%', '100%', '20%']  memcached=42.6%
[MEMCACHED] cores updated to: ['0']
[freqmine] cores updated to: [2, 1, 3]
[monitor] ['44%', '100%', '100%', '100%']  memcached=44.4%
[monitor] ['51%', '100%', '100%', '100%']  memcached=51.4%
[monitor] ['50%', '100%', '100%', '100%']  memcached=50.0%
[monitor] ['44%', '100%', '100%', '100%']  memcached=44.4%
[monitor] ['44%', '100%', '100%', '100%']  memcached=44.1%
[monitor] ['42%', '100%', '100%', '100%']  memcached=41.7%
[monitor] ['41%', '100%', '100%', '100%']  memcached=41.2%
[monitor] ['41%', '100%', '100%', '100%']  memcached=41.2%
[monitor] ['44%', '100%', '100%', '100%']  memcached=44.4%
[monitor] ['43%', '100%', '100%', '100%']  memcached=42.9%
[monitor] ['39%', '100%', '100%', '100%']  memcached=39.4%
[monitor] ['44%', '100%', '100%', '100%']  memcached=44.4%
[monitor] ['43%', '100%', '100%', '100%']  memcached=42.9%
[monitor] ['41%', '100%', '100%', '100%']  memcached=41.2%
[monitor] ['43%', '100%', '100%', '100%']  memcached=42.9%
[monitor] ['72%', '100%', '100%', '100%']  memcached=71.9%
[monitor] ['100%', '100%', '100%', '100%']  memcached=100.0%
[MEMCACHED] cores updated to: ['0', '1', '2']
[freqmine] cores updated to: [3]
[monitor] ['100%', '67%', '100%', '100%']  memcached=266.7%
[monitor] ['94%', '100%', '100%', '100%']  memcached=293.8%
[monitor] ['91%', '88%', '88%', '100%']  memcached=266.3%
[monitor] ['85%', '79%', '77%', '100%']  memcached=241.8%
[monitor] ['88%', '82%', '79%', '100%']  memcached=248.6%
[monitor] ['85%', '79%', '78%', '100%']  memcached=242.5%
[monitor] ['85%', '83%', '79%', '100%']  memcached=246.9%
[monitor] ['88%', '80%', '78%', '100%']  memcached=246.3%
[monitor] ['86%', '80%', '77%', '100%']  memcached=242.9%
[monitor] ['85%', '79%', '77%', '100%']  memcached=241.4%
[monitor] ['86%', '82%', '79%', '100%']  memcached=247.5%
[monitor] ['88%', '82%', '79%', '100%']  memcached=249.3%
[monitor] ['86%', '79%', '78%', '100%']  memcached=242.9%
[monitor] ['88%', '82%', '80%', '100%']  memcached=249.3%
[monitor] ['82%', '80%', '75%', '100%']  memcached=236.8%
[monitor] ['32%', '25%', '28%', '100%']  memcached=84.8%
[MEMCACHED] cores updated to: ['0', '2']
[freqmine] cores updated to: [1, 3]
[monitor] ['51%', '100%', '51%', '100%']  memcached=102.8%
[monitor] ['50%', '100%', '53%', '100%']  memcached=102.8%
[monitor] ['50%', '100%', '50%', '100%']  memcached=100.0%
[monitor] ['53%', '100%', '54%', '100%']  memcached=106.5%
[monitor] ['49%', '100%', '49%', '100%']  memcached=97.1%
[monitor] ['50%', '100%', '50%', '100%']  memcached=100.0%
[monitor] ['50%', '100%', '50%', '100%']  memcached=100.0%
[monitor] ['49%', '100%', '50%', '100%']  memcached=98.6%
[monitor] ['47%', '100%', '50%', '100%']  memcached=97.2%
[monitor] ['49%', '100%', '50%', '100%']  memcached=98.6%
[monitor] ['50%', '100%', '50%', '100%']  memcached=100.0%
[monitor] ['49%', '100%', '47%', '100%']  memcached=95.9%
[monitor] ['49%', '100%', '49%', '100%']  memcached=97.3%
[monitor] ['53%', '100%', '53%', '100%']  memcached=105.4%
[monitor] ['49%', '100%', '53%', '100%']  memcached=101.3%
[monitor] ['66%', '100%', '64%', '100%']  memcached=129.9%
[monitor] ['70%', '100%', '71%', '100%']  memcached=140.7%
[monitor] ['68%', '100%', '70%', '100%']  memcached=138.4%
[monitor] ['70%', '100%', '72%', '100%']  memcached=142.1%
[monitor] ['69%', '100%', '70%', '100%']  memcached=139.2%
[monitor] ['72%', '100%', '70%', '100%']  memcached=141.8%
[monitor] ['71%', '100%', '71%', '100%']  memcached=142.1%
[monitor] ['68%', '100%', '68%', '100%']  memcached=136.0%
[monitor] ['72%', '100%', '72%', '100%']  memcached=143.6%
[monitor] ['72%', '100%', '70%', '100%']  memcached=141.8%
[monitor] ['69%', '100%', '70%', '100%']  memcached=139.2%
[monitor] ['72%', '100%', '70%', '100%']  memcached=141.8%
[monitor] ['68%', '100%', '69%', '100%']  memcached=137.7%
[monitor] ['71%', '100%', '68%', '100%']  memcached=139.5%
[monitor] ['70%', '100%', '72%', '100%']  memcached=141.8%
[monitor] ['71%', '100%', '70%', '100%']  memcached=141.1%
[monitor] ['72%', '100%', '71%', '100%']  memcached=143.2%
[monitor] ['30%', '100%', '32%', '100%']  memcached=62.3%
[MEMCACHED] cores updated to: ['0']
[freqmine] cores updated to: [2, 1, 3]
[monitor] ['63%', '100%', '100%', '100%']  memcached=62.8%
[monitor] ['66%', '100%', '100%', '100%']  memcached=65.9%
[monitor] ['63%', '100%', '100%', '100%']  memcached=62.8%
[monitor] ['60%', '100%', '100%', '100%']  memcached=60.5%
[monitor] ['63%', '100%', '100%', '100%']  memcached=63.4%
[monitor] ['64%', '100%', '100%', '100%']  memcached=64.3%
[monitor] ['64%', '100%', '100%', '100%']  memcached=63.6%
[monitor] ['63%', '100%', '100%', '100%']  memcached=63.4%
[monitor] ['64%', '100%', '100%', '100%']  memcached=63.6%
[monitor] ['61%', '100%', '100%', '100%']  memcached=61.0%
[monitor] ['64%', '100%', '100%', '100%']  memcached=64.4%
[monitor] ['64%', '100%', '100%', '100%']  memcached=64.3%
[monitor] ['63%', '100%', '100%', '100%']  memcached=62.8%
[monitor] ['61%', '100%', '100%', '100%']  memcached=61.4%
[monitor] ['63%', '100%', '100%', '100%']  memcached=63.4%
[monitor] ['74%', '100%', '100%', '100%']  memcached=74.4%
[monitor] ['91%', '100%', '100%', '100%']  memcached=90.9%
[MEMCACHED] cores updated to: ['0', '2', '3']
[freqmine] cores updated to: [1]
[monitor] ['56%', '100%', '47%', '48%']  memcached=151.1%
[monitor] ['53%', '100%', '48%', '50%']  memcached=151.3%
[monitor] ['54%', '100%', '47%', '47%']  memcached=148.2%
[monitor] ['54%', '100%', '45%', '53%']  memcached=152.2%
[monitor] ['54%', '100%', '48%', '51%']  memcached=154.2%
[monitor] ['52%', '100%', '45%', '52%']  memcached=148.5%
[monitor] ['56%', '100%', '45%', '50%']  memcached=151.0%
[monitor] ['53%', '100%', '48%', '50%']  memcached=151.4%
[monitor] ['54%', '100%', '45%', '53%']  memcached=152.2%
[monitor] ['53%', '100%', '47%', '50%']  memcached=150.0%
[monitor] ['56%', '100%', '47%', '51%']  memcached=154.0%
[monitor] ['56%', '100%', '48%', '52%']  memcached=155.6%
[monitor] ['53%', '100%', '48%', '48%']  memcached=149.9%
[monitor] ['57%', '100%', '50%', '50%']  memcached=156.8%
[monitor] ['57%', '100%', '42%', '51%']  memcached=150.1%
[monitor] ['58%', '100%', '47%', '57%']  memcached=162.4%
[monitor] ['57%', '100%', '52%', '54%']  memcached=162.9%
[monitor] ['63%', '100%', '58%', '56%']  memcached=176.7%
[monitor] ['58%', '100%', '53%', '57%']  memcached=168.4%
[monitor] ['58%', '100%', '52%', '57%']  memcached=166.6%
[monitor] ['57%', '100%', '50%', '54%']  memcached=161.4%
[monitor] ['56%', '100%', '51%', '57%']  memcached=164.1%
[monitor] ['59%', '100%', '50%', '56%']  memcached=165.0%
[monitor] ['57%', '100%', '48%', '56%']  memcached=161.2%
[monitor] ['57%', '100%', '53%', '53%']  memcached=163.0%
[monitor] ['58%', '100%', '48%', '54%']  memcached=161.1%
[monitor] ['61%', '100%', '53%', '56%']  memcached=169.3%
[monitor] ['61%', '100%', '53%', '56%']  memcached=169.0%
[monitor] ['56%', '100%', '48%', '52%']  memcached=155.9%
[monitor] ['58%', '100%', '52%', '56%']  memcached=165.4%
[monitor] ['62%', '100%', '48%', '54%']  memcached=164.9%
[monitor] ['59%', '100%', '55%', '56%']  memcached=169.9%
[monitor] ['66%', '100%', '55%', '59%']  memcached=179.1%
[monitor] ['68%', '100%', '61%', '64%']  memcached=192.6%
[monitor] ['67%', '100%', '60%', '63%']  memcached=189.5%
[monitor] ['68%', '100%', '60%', '62%']  memcached=190.6%
[monitor] ['67%', '100%', '61%', '60%']  memcached=187.8%
[monitor] ['66%', '100%', '59%', '63%']  memcached=187.4%
[monitor] ['67%', '100%', '60%', '63%']  memcached=189.8%
[monitor] ['66%', '100%', '60%', '64%']  memcached=189.7%
[monitor] ['67%', '100%', '60%', '59%']  memcached=185.5%
[monitor] ['66%', '100%', '60%', '62%']  memcached=187.5%
[monitor] ['66%', '100%', '60%', '63%']  memcached=188.9%
[monitor] ['70%', '100%', '61%', '66%']  memcached=197.1%
[monitor] ['70%', '100%', '67%', '68%']  memcached=204.5%
[monitor] ['68%', '100%', '65%', '68%']  memcached=200.9%
[monitor] ['68%', '100%', '60%', '65%']  memcached=193.3%
[monitor] ['67%', '100%', '63%', '64%']  memcached=193.4%
[monitor] ['59%', '100%', '51%', '53%']  memcached=163.8%
[monitor] ['58%', '100%', '53%', '54%']  memcached=165.6%
[monitor] ['58%', '100%', '50%', '56%']  memcached=163.9%
[monitor] ['61%', '100%', '54%', '54%']  memcached=169.7%
[monitor] ['58%', '100%', '50%', '54%']  memcached=162.6%
[monitor] ['56%', '100%', '52%', '52%']  memcached=158.6%
[monitor] ['57%', '100%', '50%', '54%']  memcached=161.2%
[monitor] ['56%', '100%', '48%', '53%']  memcached=157.0%
[monitor] ['57%', '100%', '47%', '53%']  memcached=157.0%
[monitor] ['58%', '100%', '48%', '54%']  memcached=161.1%
[monitor] ['61%', '100%', '57%', '57%']  memcached=174.6%
[monitor] ['61%', '100%', '55%', '59%']  memcached=174.5%
[monitor] ['62%', '100%', '57%', '62%']  memcached=181.5%
[monitor] ['61%', '100%', '48%', '54%']  memcached=163.8%
[monitor] ['59%', '100%', '51%', '53%']  memcached=163.8%
[monitor] ['61%', '100%', '53%', '58%']  memcached=171.8%
[monitor] ['58%', '100%', '48%', '51%']  memcached=158.2%
[monitor] ['34%', '100%', '30%', '33%']  memcached=97.7%
[MEMCACHED] cores updated to: ['0', '3']
[freqmine] cores updated to: [2, 1]
[monitor] ['51%', '100%', '100%', '55%']  memcached=106.6%
[monitor] ['51%', '100%', '100%', '49%']  memcached=100.0%
[monitor] ['54%', '100%', '100%', '56%']  memcached=110.5%
[monitor] ['51%', '100%', '100%', '50%']  memcached=101.4%
[monitor] ['48%', '100%', '100%', '51%']  memcached=99.8%
[monitor] ['49%', '100%', '100%', '54%']  memcached=102.6%
[monitor] ['50%', '100%', '100%', '51%']  memcached=101.4%
[monitor] ['50%', '100%', '100%', '56%']  memcached=106.4%
[monitor] ['56%', '100%', '100%', '54%']  memcached=109.6%
[monitor] ['54%', '100%', '100%', '55%']  memcached=109.5%
[monitor] ['53%', '100%', '100%', '53%']  memcached=105.6%
[monitor] ['49%', '100%', '100%', '51%']  memcached=99.9%
[monitor] ['51%', '100%', '100%', '51%']  memcached=102.7%
[monitor] ['50%', '100%', '100%', '51%']  memcached=101.4%
[monitor] ['51%', '100%', '100%', '51%']  memcached=102.7%
[monitor] ['74%', '100%', '100%', '78%']  memcached=151.7%
[monitor] ['91%', '100%', '100%', '97%']  memcached=187.4%
[MEMCACHED] cores updated to: ['0', '1', '3']
[freqmine] cores updated to: [2]
[monitor] ['88%', '85%', '100%', '82%']  memcached=255.3%
[monitor] ['81%', '82%', '100%', '82%']  memcached=245.4%
[monitor] ['80%', '80%', '100%', '79%']  memcached=238.8%
[monitor] ['82%', '83%', '100%', '78%']  memcached=242.5%
[monitor] ['83%', '79%', '100%', '80%']  memcached=241.6%
[monitor] ['82%', '81%', '100%', '82%']  memcached=244.7%
[monitor] ['82%', '77%', '100%', '79%']  memcached=238.9%
[monitor] ['83%', '82%', '100%', '80%']  memcached=244.7%
[monitor] ['79%', '81%', '100%', '79%']  memcached=239.4%
[monitor] ['79%', '79%', '100%', '81%']  memcached=238.8%
[monitor] ['88%', '85%', '100%', '82%']  memcached=255.5%
[monitor] ['85%', '82%', '100%', '85%']  memcached=252.5%
[monitor] ['88%', '85%', '100%', '83%']  memcached=255.6%
[monitor] ['82%', '80%', '100%', '82%']  memcached=243.6%
[monitor] ['76%', '76%', '100%', '75%']  memcached=227.9%
[monitor] ['39%', '38%', '100%', '35%']  memcached=112.4%
[MEMCACHED] cores updated to: ['0', '3']
[freqmine] cores updated to: [2, 1]
[monitor] ['56%', '100%', '100%', '54%']  memcached=109.8%
[monitor] ['54%', '100%', '100%', '54%']  memcached=108.1%
[monitor] ['56%', '100%', '100%', '54%']  memcached=109.6%
[monitor] ['53%', '100%', '100%', '55%']  memcached=108.0%
[monitor] ['54%', '100%', '100%', '57%']  memcached=111.0%
[monitor] ['56%', '100%', '100%', '55%']  memcached=110.8%
[monitor] ['54%', '100%', '100%', '54%']  memcached=108.1%
[monitor] ['55%', '100%', '100%', '54%']  memcached=109.3%
[monitor] ['56%', '100%', '100%', '54%']  memcached=109.8%
[monitor] ['55%', '100%', '100%', '54%']  memcached=109.3%
[monitor] ['56%', '100%', '100%', '54%']  memcached=109.6%
[monitor] ['57%', '100%', '100%', '57%']  memcached=113.5%
[monitor] ['56%', '100%', '100%', '57%']  memcached=113.1%
[monitor] ['54%', '100%', '100%', '53%']  memcached=106.8%
[monitor] ['57%', '100%', '100%', '55%']  memcached=112.0%
[monitor] ['71%', '100%', '100%', '74%']  memcached=144.1%
[monitor] ['82%', '100%', '100%', '85%']  memcached=167.2%
[MEMCACHED] cores updated to: ['0', '2', '3']
[freqmine] cores updated to: [1]
[monitor] ['72%', '100%', '66%', '69%']  memcached=206.5%
[monitor] ['74%', '100%', '69%', '69%']  memcached=212.3%
[monitor] ['72%', '100%', '65%', '69%']  memcached=206.4%
[monitor] ['74%', '100%', '68%', '69%']  memcached=211.4%
[monitor] ['73%', '100%', '68%', '68%']  memcached=208.1%
[monitor] ['74%', '100%', '66%', '69%']  memcached=208.7%
[monitor] ['71%', '100%', '67%', '70%']  memcached=208.0%
[monitor] ['74%', '100%', '67%', '69%']  memcached=209.5%
[monitor] ['72%', '100%', '68%', '71%']  memcached=210.8%
[monitor] ['73%', '100%', '67%', '68%']  memcached=207.2%
[monitor] ['71%', '100%', '66%', '69%']  memcached=206.6%
[monitor] ['72%', '100%', '68%', '68%']  memcached=208.2%
[monitor] ['72%', '100%', '66%', '69%']  memcached=206.5%
[monitor] ['72%', '100%', '63%', '69%']  memcached=204.3%
[monitor] ['69%', '100%', '65%', '66%']  memcached=199.2%
[monitor] ['54%', '100%', '48%', '53%']  memcached=155.7%
[monitor] ['57%', '100%', '47%', '51%']  memcached=155.4%
[monitor] ['57%', '100%', '50%', '53%']  memcached=159.7%
[monitor] ['54%', '100%', '50%', '52%']  memcached=155.8%
[monitor] ['57%', '100%', '50%', '53%']  memcached=159.9%
[monitor] ['54%', '100%', '53%', '52%']  memcached=158.7%
[monitor] ['57%', '100%', '52%', '56%']  memcached=164.2%
[monitor] ['56%', '100%', '47%', '53%']  memcached=155.4%
[monitor] ['58%', '100%', '50%', '54%']  memcached=162.6%
[monitor] ['56%', '100%', '50%', '51%']  memcached=157.3%
[monitor] ['57%', '100%', '50%', '53%']  memcached=160.1%
[monitor] ['53%', '100%', '50%', '53%']  memcached=155.9%
[monitor] ['59%', '100%', '50%', '54%']  memcached=163.7%
[monitor] ['61%', '100%', '52%', '54%']  memcached=166.9%
[monitor] ['57%', '100%', '51%', '52%']  memcached=160.1%
[monitor] ['57%', '100%', '50%', '51%']  memcached=158.2%
[monitor] ['66%', '100%', '58%', '62%']  memcached=185.1%
[monitor] ['72%', '100%', '68%', '68%']  memcached=207.4%
[monitor] ['78%', '100%', '71%', '71%']  memcached=219.8%
[monitor] ['76%', '100%', '69%', '72%']  memcached=217.3%
[monitor] ['76%', '100%', '69%', '72%']  memcached=217.3%
[monitor] ['75%', '100%', '70%', '73%']  memcached=218.2%
[monitor] ['73%', '100%', '69%', '69%']  memcached=210.1%
[monitor] ['75%', '100%', '68%', '70%']  memcached=212.8%
[monitor] ['74%', '100%', '68%', '70%']  memcached=212.2%
[monitor] ['75%', '100%', '68%', '73%']  memcached=215.5%
[monitor] ['71%', '100%', '67%', '68%']  memcached=205.7%
[monitor] ['74%', '100%', '68%', '70%']  memcached=212.1%
[monitor] ['76%', '100%', '68%', '68%']  memcached=210.9%
[monitor] ['72%', '100%', '69%', '71%']  memcached=212.7%
[monitor] ['77%', '100%', '69%', '74%']  memcached=220.0%
[monitor] ['78%', '100%', '71%', '73%']  memcached=222.8%
[monitor] ['78%', '100%', '70%', '71%']  memcached=219.5%
[monitor] ['37%', '100%', '31%', '35%']  memcached=103.2%
[MEMCACHED] cores updated to: ['0', '3']
[freqmine] cores updated to: [2, 1]
[monitor] ['50%', '100%', '100%', '50%']  memcached=100.0%
[monitor] ['51%', '100%', '100%', '49%']  memcached=100.0%
[monitor] ['56%', '100%', '100%', '57%']  memcached=113.2%
[monitor] ['50%', '100%', '100%', '53%']  memcached=102.6%
[monitor] ['51%', '100%', '100%', '49%']  memcached=100.0%
[monitor] ['49%', '100%', '100%', '50%']  memcached=98.6%
[monitor] ['51%', '100%', '100%', '51%']  memcached=102.7%
[monitor] ['50%', '100%', '100%', '50%']  memcached=100.0%
[monitor] ['53%', '100%', '100%', '55%']  memcached=108.2%
[monitor] ['50%', '100%', '100%', '51%']  memcached=101.3%
[monitor] ['51%', '100%', '100%', '49%']  memcached=99.9%
[monitor] ['46%', '100%', '100%', '51%']  memcached=97.1%
[monitor] ['50%', '100%', '100%', '47%']  memcached=97.2%
[monitor] ['53%', '100%', '100%', '54%']  memcached=106.8%
[monitor] ['49%', '100%', '100%', '51%']  memcached=100.0%
[monitor] ['61%', '100%', '100%', '59%']  memcached=120.6%
[monitor] ['77%', '100%', '100%', '67%']  memcached=143.8%
[monitor] ['76%', '100%', '100%', '71%']  memcached=147.1%
[monitor] ['69%', '100%', '100%', '83%']  memcached=152.1%
[monitor] ['78%', '100%', '100%', '68%']  memcached=145.4%
[monitor] ['71%', '100%', '100%', '73%']  memcached=144.4%
[monitor] ['64%', '100%', '100%', '83%']  memcached=146.7%
[monitor] ['74%', '100%', '100%', '71%']  memcached=145.7%
[monitor] ['73%', '100%', '100%', '75%']  memcached=148.0%
[monitor] ['65%', '100%', '100%', '78%']  memcached=143.1%
[monitor] ['71%', '100%', '100%', '78%']  memcached=148.4%
[monitor] ['73%', '100%', '100%', '71%']  memcached=143.6%
[monitor] ['71%', '100%', '100%', '78%']  memcached=149.2%
[monitor] ['66%', '100%', '100%', '80%']  memcached=145.7%
[monitor] ['72%', '100%', '100%', '74%']  memcached=145.9%
[monitor] ['75%', '100%', '100%', '77%']  memcached=152.1%
[monitor] ['67%', '100%', '100%', '80%']  memcached=146.7%
[monitor] ['76%', '100%', '100%', '76%']  memcached=152.9%
[monitor] ['80%', '100%', '100%', '82%']  memcached=161.8%
[MEMCACHED] cores updated to: ['0', '1', '3']
[freqmine] cores updated to: [2]
[monitor] ['63%', '66%', '100%', '65%']  memcached=193.3%
[monitor] ['68%', '64%', '100%', '64%']  memcached=195.3%
[monitor] ['65%', '64%', '100%', '64%']  memcached=192.5%
[monitor] ['65%', '65%', '100%', '63%']  memcached=192.6%
[monitor] ['72%', '70%', '100%', '69%']  memcached=211.9%
[monitor] ['70%', '70%', '100%', '69%']  memcached=210.0%
[monitor] ['69%', '68%', '100%', '68%']  memcached=204.6%
[monitor] ['71%', '68%', '100%', '68%']  memcached=206.6%
[monitor] ['66%', '68%', '100%', '67%']  memcached=199.9%
[monitor] ['66%', '65%', '100%', '64%']  memcached=194.5%
[monitor] ['67%', '66%', '100%', '65%']  memcached=197.2%
[monitor] ['70%', '69%', '100%', '68%']  memcached=207.3%
[monitor] ['67%', '67%', '100%', '67%']  memcached=200.0%
[monitor] ['66%', '68%', '100%', '64%']  memcached=197.2%
[monitor] ['66%', '66%', '100%', '69%']  memcached=200.9%
[monitor] ['80%', '79%', '100%', '76%']  memcached=235.9%
[monitor] ['79%', '80%', '100%', '80%']  memcached=239.4%
[monitor] ['79%', '79%', '100%', '77%']  memcached=236.0%
[monitor] ['81%', '80%', '100%', '80%']  memcached=240.6%
[monitor] ['79%', '77%', '100%', '80%']  memcached=236.6%
[monitor] ['80%', '78%', '100%', '77%']  memcached=234.9%
[monitor] ['80%', '79%', '100%', '80%']  memcached=239.4%
[monitor] ['79%', '77%', '100%', '80%']  memcached=235.9%
[monitor] ['81%', '80%', '100%', '76%']  memcached=237.0%
[monitor] ['80%', '81%', '100%', '80%']  memcached=240.6%
[monitor] ['80%', '76%', '100%', '78%']  memcached=233.5%
[monitor] ['79%', '80%', '100%', '80%']  memcached=239.4%
[monitor] ['83%', '79%', '100%', '79%']  memcached=241.1%
[monitor] ['79%', '76%', '100%', '77%']  memcached=233.0%
[monitor] ['77%', '76%', '100%', '80%']  memcached=233.6%
[monitor] ['88%', '83%', '100%', '82%']  memcached=252.7%
[monitor] ['83%', '85%', '100%', '83%']  memcached=250.6%
[monitor] ['85%', '82%', '100%', '84%']  memcached=251.0%
[monitor] ['88%', '86%', '100%', '85%']  memcached=258.9%
[monitor] ['91%', '88%', '100%', '88%']  memcached=266.7%
[monitor] ['85%', '83%', '100%', '85%']  memcached=253.0%
[monitor] ['85%', '82%', '100%', '85%']  memcached=252.5%
[monitor] ['85%', '85%', '100%', '83%']  memcached=253.0%
[monitor] ['88%', '85%', '100%', '87%']  memcached=259.9%
[monitor] ['88%', '85%', '100%', '85%']  memcached=258.8%
[monitor] ['82%', '82%', '100%', '85%']  memcached=250.0%
[monitor] ['88%', '82%', '100%', '83%']  memcached=253.1%
[monitor] ['85%', '85%', '100%', '85%']  memcached=255.4%
[monitor] ['83%', '83%', '100%', '82%']  memcached=248.5%
[monitor] ['85%', '85%', '100%', '85%']  memcached=255.0%
[monitor] ['85%', '83%', '100%', '83%']  memcached=251.0%
[monitor] ['85%', '84%', '100%', '85%']  memcached=254.1%
[monitor] ['84%', '82%', '100%', '85%']  memcached=251.5%
[monitor] ['76%', '74%', '100%', '75%']  memcached=225.0%
[monitor] ['79%', '77%', '100%', '78%']  memcached=233.7%
[monitor] ['78%', '77%', '100%', '76%']  memcached=231.4%
[monitor] ['78%', '76%', '100%', '79%']  memcached=233.7%
[monitor] ['79%', '77%', '100%', '75%']  memcached=231.6%
[monitor] ['77%', '76%', '100%', '78%']  memcached=232.0%
[monitor] ['76%', '75%', '100%', '74%']  memcached=225.8%
[monitor] ['77%', '77%', '100%', '78%']  memcached=232.1%
[monitor] ['74%', '74%', '100%', '76%']  memcached=225.0%
[monitor] ['76%', '74%', '100%', '76%']  memcached=225.7%
[monitor] ['77%', '74%', '100%', '74%']  memcached=225.0%
[monitor] ['75%', '74%', '100%', '74%']  memcached=222.1%
[monitor] ['77%', '75%', '100%', '76%']  memcached=228.6%
[monitor] ['75%', '76%', '100%', '75%']  memcached=225.7%
[monitor] ['79%', '77%', '100%', '78%']  memcached=234.9%
[monitor] ['82%', '82%', '100%', '83%']  memcached=247.0%
[monitor] ['61%', '62%', '100%', '61%']  memcached=183.0%
[monitor] ['42%', '39%', '100%', '42%']  memcached=123.1%
[MEMCACHED] cores updated to: ['0', '3']
[freqmine] cores updated to: [2, 1]
[monitor] ['59%', '100%', '100%', '62%']  memcached=121.0%
[monitor] ['59%', '100%', '100%', '64%']  memcached=123.6%
[monitor] ['54%', '100%', '100%', '59%']  memcached=113.3%
[monitor] ['59%', '100%', '100%', '61%']  memcached=120.0%
[monitor] ['58%', '100%', '100%', '60%']  memcached=118.3%
[monitor] ['61%', '100%', '100%', '58%']  memcached=118.4%
[monitor] ['58%', '100%', '100%', '59%']  memcached=116.9%
[monitor] ['61%', '100%', '100%', '57%']  memcached=117.7%
[monitor] ['58%', '100%', '100%', '58%']  memcached=116.2%
[monitor] ['59%', '100%', '100%', '61%']  memcached=120.0%
[monitor] ['59%', '100%', '100%', '57%']  memcached=116.2%
[monitor] ['66%', '100%', '100%', '66%']  memcached=131.6%
[monitor] ['62%', '100%', '100%', '61%']  memcached=122.7%
[monitor] ['62%', '100%', '100%', '59%']  memcached=121.0%
[monitor] ['65%', '100%', '100%', '62%']  memcached=127.0%
[monitor] ['85%', '100%', '100%', '97%']  memcached=181.6%
[MEMCACHED] cores updated to: ['0', '2', '3']
[freqmine] cores updated to: [1]
[monitor] ['88%', '100%', '83%', '85%']  memcached=255.6%
[monitor] ['82%', '100%', '76%', '76%']  memcached=235.3%
[monitor] ['88%', '100%', '82%', '85%']  memcached=254.5%
[monitor] ['83%', '100%', '78%', '80%']  memcached=240.6%
[monitor] ['82%', '100%', '74%', '78%']  memcached=233.7%
[monitor] ['82%', '100%', '74%', '76%']  memcached=231.9%
[monitor] ['83%', '100%', '74%', '78%']  memcached=234.9%
[monitor] ['82%', '100%', '74%', '77%']  memcached=233.8%
[monitor] ['82%', '100%', '77%', '76%']  memcached=235.3%
[monitor] ['82%', '100%', '75%', '78%']  memcached=235.7%
[monitor] ['88%', '100%', '77%', '81%']  memcached=245.2%
[monitor] ['82%', '100%', '77%', '77%']  memcached=236.6%
[monitor] ['81%', '100%', '72%', '76%']  memcached=229.2%
[monitor] ['82%', '100%', '77%', '77%']  memcached=236.6%
[monitor] ['83%', '100%', '72%', '76%']  memcached=232.0%
[monitor] ['50%', '100%', '43%', '47%']  memcached=140.2%
[monitor] ['13%', '100%', '10%', '4%']  memcached=26.6%
[MEMCACHED] cores updated to: ['0', '3']
[freqmine] cores updated to: [2, 1]
[monitor] ['20%', '100%', '100%', '10%']  memcached=30.3%
[MEMCACHED] cores updated to: ['0']
[freqmine] cores updated to: [2, 1, 3]
[monitor] ['11%', '100%', '100%', '100%']  memcached=11.1%
[monitor] ['15%', '100%', '100%', '100%']  memcached=14.8%
[monitor] ['17%', '100%', '100%', '100%']  memcached=17.2%
[monitor] ['21%', '100%', '100%', '100%']  memcached=21.4%
[monitor] ['11%', '100%', '100%', '100%']  memcached=11.1%
[monitor] ['14%', '100%', '100%', '100%']  memcached=14.3%
[monitor] ['15%', '100%', '100%', '100%']  memcached=14.8%
[monitor] ['20%', '100%', '100%', '100%']  memcached=20.0%
[monitor] ['15%', '100%', '100%', '100%']  memcached=14.8%
[monitor] ['14%', '100%', '100%', '100%']  memcached=14.3%
[monitor] ['21%', '100%', '100%', '100%']  memcached=20.7%
[monitor] ['11%', '100%', '100%', '100%']  memcached=11.1%
[monitor] ['15%', '100%', '100%', '100%']  memcached=14.8%
[monitor] ['23%', '100%', '100%', '100%']  memcached=23.3%
[monitor] ['97%', '100%', '100%', '100%']  memcached=96.8%
[MEMCACHED] cores updated to: ['0', '1', '3']
[freqmine] cores updated to: [2]
[monitor] ['54%', '54%', '100%', '54%']  memcached=162.9%
[monitor] ['56%', '58%', '100%', '54%']  memcached=168.5%
[monitor] ['56%', '56%', '100%', '60%']  memcached=171.8%
[monitor] ['57%', '53%', '100%', '56%']  memcached=165.6%
[monitor] ['58%', '57%', '100%', '58%']  memcached=173.4%
[monitor] ['55%', '56%', '100%', '56%']  memcached=165.7%
[monitor] ['56%', '53%', '100%', '56%']  memcached=164.4%
[monitor] ['52%', '53%', '100%', '56%']  memcached=160.0%
[monitor] ['59%', '58%', '100%', '61%']  memcached=177.0%
[monitor] ['57%', '55%', '100%', '56%']  memcached=167.2%
[monitor] ['54%', '56%', '100%', '53%']  memcached=162.8%
[monitor] ['56%', '53%', '100%', '56%']  memcached=164.4%
[monitor] ['57%', '54%', '100%', '54%']  memcached=165.7%
[monitor] ['53%', '55%', '100%', '54%']  memcached=161.8%
[monitor] ['58%', '57%', '100%', '57%']  memcached=171.8%
[monitor] ['31%', '27%', '100%', '29%']  memcached=86.9%
[MEMCACHED] cores updated to: ['0', '3']
[freqmine] cores updated to: [2, 1]
[monitor] ['11%', '100%', '100%', '10%']  memcached=21.1%
[MEMCACHED] cores updated to: ['0']
[freqmine] cores updated to: [2, 1, 3]
[monitor] ['11%', '100%', '100%', '100%']  memcached=11.1%
[monitor] ['12%', '100%', '100%', '100%']  memcached=11.5%
[monitor] ['17%', '100%', '100%', '100%']  memcached=16.7%
[monitor] ['8%', '100%', '100%', '100%']  memcached=7.7%
[monitor] ['18%', '100%', '100%', '100%']  memcached=17.9%
[monitor] ['14%', '100%', '100%', '100%']  memcached=14.3%
[monitor] ['14%', '100%', '100%', '100%']  memcached=14.3%
[monitor] ['8%', '100%', '100%', '100%']  memcached=7.7%
[monitor] ['14%', '100%', '100%', '100%']  memcached=14.3%
[monitor] ['11%', '100%', '100%', '100%']  memcached=10.7%
[monitor] ['20%', '100%', '100%', '100%']  memcached=20.0%
[monitor] ['25%', '100%', '100%', '100%']  memcached=25.0%
[monitor] ['7%', '100%', '100%', '100%']  memcached=7.4%
[monitor] ['15%', '100%', '100%', '100%']  memcached=14.8%
[monitor] ['26%', '100%', '100%', '100%']  memcached=25.9%
[monitor] ['97%', '100%', '100%', '100%']  memcached=96.7%
[MEMCACHED] cores updated to: ['0', '1', '2']
[freqmine] cores updated to: [3]
[monitor] ['61%', '56%', '56%', '100%']  memcached=172.9%
[monitor] ['57%', '53%', '53%', '100%']  memcached=163.0%
[monitor] ['60%', '56%', '55%', '100%']  memcached=170.4%
[monitor] ['58%', '50%', '50%', '100%']  memcached=158.3%
[monitor] ['56%', '52%', '52%', '100%']  memcached=158.9%
[monitor] ['58%', '53%', '50%', '100%']  memcached=161.3%
[monitor] ['59%', '48%', '48%', '100%']  memcached=156.2%
[monitor] ['61%', '56%', '54%', '100%']  memcached=170.4%
[monitor] ['59%', '55%', '51%', '100%']  memcached=164.8%
[monitor] ['59%', '53%', '52%', '100%']  memcached=163.9%
[monitor] ['61%', '54%', '48%', '100%']  memcached=163.3%
[monitor] ['58%', '56%', '53%', '100%']  memcached=167.2%
[monitor] ['57%', '54%', '50%', '100%']  memcached=161.4%
[monitor] ['57%', '53%', '52%', '100%']  memcached=161.6%
[monitor] ['61%', '56%', '53%', '100%']  memcached=169.9%
[monitor] ['50%', '50%', '40%', '100%']  memcached=140.0%
[monitor] ['46%', '37%', '38%', '100%']  memcached=119.9%
[MEMCACHED] cores updated to: ['0', '2']
[freqmine] cores updated to: [1, 3]
[monitor] ['59%', '100%', '61%', '100%']  memcached=120.4%
[monitor] ['62%', '100%', '59%', '100%']  memcached=121.5%
[monitor] ['61%', '100%', '60%', '100%']  memcached=121.0%
[monitor] ['62%', '100%', '63%', '100%']  memcached=125.0%
[monitor] ['61%', '100%', '61%', '100%']  memcached=121.1%
[monitor] ['61%', '100%', '61%', '100%']  memcached=121.5%
[monitor] ['62%', '100%', '61%', '100%']  memcached=122.5%
[monitor] ['63%', '100%', '62%', '100%']  memcached=125.0%
[monitor] ['59%', '100%', '62%', '100%']  memcached=121.5%
[monitor] ['61%', '100%', '61%', '100%']  memcached=121.1%
[monitor] ['61%', '100%', '61%', '100%']  memcached=121.5%
[monitor] ['62%', '100%', '62%', '100%']  memcached=124.0%
[monitor] ['60%', '100%', '59%', '100%']  memcached=119.0%
[monitor] ['61%', '100%', '61%', '100%']  memcached=121.5%
[monitor] ['64%', '100%', '63%', '100%']  memcached=127.3%
[monitor] ['76%', '100%', '76%', '100%']  memcached=152.6%
[monitor] ['75%', '100%', '76%', '100%']  memcached=151.3%
[monitor] ['78%', '100%', '76%', '100%']  memcached=153.5%
[monitor] ['76%', '100%', '75%', '100%']  memcached=151.3%
[monitor] ['75%', '100%', '75%', '100%']  memcached=150.0%
[monitor] ['76%', '100%', '76%', '100%']  memcached=152.0%
[monitor] ['74%', '100%', '74%', '100%']  memcached=147.4%
[monitor] ['78%', '100%', '76%', '100%']  memcached=153.5%
[monitor] ['78%', '100%', '76%', '100%']  memcached=154.7%
[monitor] ['76%', '100%', '73%', '100%']  memcached=148.6%
[monitor] ['78%', '100%', '74%', '100%']  memcached=151.5%
[monitor] ['77%', '100%', '74%', '100%']  memcached=150.8%
[monitor] ['76%', '100%', '73%', '100%']  memcached=148.6%
[monitor] ['76%', '100%', '73%', '100%']  memcached=149.3%
[monitor] ['78%', '100%', '74%', '100%']  memcached=151.5%
[monitor] ['76%', '100%', '72%', '100%']  memcached=147.9%
[monitor] ['56%', '100%', '53%', '100%']  memcached=108.3%
[monitor] ['39%', '100%', '41%', '100%']  memcached=80.6%
[monitor] ['38%', '100%', '38%', '100%']  memcached=76.5%
[monitor] ['35%', '100%', '38%', '100%']  memcached=73.7%
[monitor] ['42%', '100%', '43%', '100%']  memcached=84.5%
[monitor] ['38%', '100%', '38%', '100%']  memcached=75.7%
[monitor] ['42%', '100%', '38%', '100%']  memcached=79.9%
[monitor] ['38%', '100%', '43%', '100%']  memcached=80.4%
[monitor] ['40%', '100%', '40%', '100%']  memcached=80.0%
[monitor] ['36%', '100%', '34%', '100%']  memcached=70.7%
[monitor] ['41%', '100%', '38%', '100%']  memcached=79.4%
[monitor] ['38%', '100%', '38%', '100%']  memcached=76.5%
[monitor] ['36%', '100%', '39%', '100%']  memcached=75.8%
[monitor] ['41%', '100%', '42%', '100%']  memcached=82.8%
[monitor] ['38%', '100%', '40%', '100%']  memcached=78.2%
[monitor] ['41%', '100%', '43%', '100%']  memcached=83.5%
[monitor] ['38%', '100%', '39%', '100%']  memcached=77.6%
[monitor] ['77%', '100%', '74%', '100%']  memcached=151.5%
[monitor] ['78%', '100%', '73%', '100%']  memcached=151.4%
[monitor] ['79%', '100%', '77%', '100%']  memcached=156.1%
[monitor] ['82%', '100%', '78%', '100%']  memcached=159.6%
[monitor] ['81%', '100%', '74%', '100%']  memcached=154.9%
[monitor] ['78%', '100%', '75%', '100%']  memcached=153.4%
[monitor] ['78%', '100%', '75%', '100%']  memcached=152.8%
[monitor] ['81%', '100%', '76%', '100%']  memcached=156.2%
[monitor] ['78%', '100%', '76%', '100%']  memcached=153.5%
[monitor] ['81%', '100%', '73%', '100%']  memcached=153.5%
[monitor] ['78%', '100%', '74%', '100%']  memcached=152.7%
[monitor] ['80%', '100%', '75%', '100%']  memcached=155.0%
[monitor] ['78%', '100%', '78%', '100%']  memcached=155.6%
[monitor] ['81%', '100%', '74%', '100%']  memcached=155.4%
[monitor] ['80%', '100%', '77%', '100%']  memcached=157.1%
[monitor] ['78%', '100%', '74%', '100%']  memcached=152.1%
[monitor] ['86%', '100%', '85%', '100%']  memcached=170.6%
[MEMCACHED] cores updated to: ['0', '2', '3']
[freqmine] cores updated to: [1]
[monitor] ['91%', '100%', '79%', '82%']  memcached=251.8%
[monitor] ['88%', '100%', '77%', '82%']  memcached=247.4%
[monitor] ['88%', '100%', '79%', '82%']  memcached=249.1%
[monitor] ['88%', '100%', '79%', '82%']  memcached=250.0%
[monitor] ['88%', '100%', '76%', '82%']  memcached=246.7%
[monitor] ['91%', '100%', '83%', '88%']  memcached=261.7%
[monitor] ['94%', '100%', '82%', '91%']  memcached=266.7%
[monitor] ['91%', '100%', '85%', '88%']  memcached=263.6%
[monitor] ['94%', '100%', '83%', '91%']  memcached=267.5%
[monitor] ['85%', '100%', '77%', '85%']  memcached=246.8%
[monitor] ['94%', '100%', '85%', '88%']  memcached=266.7%
[monitor] ['94%', '100%', '85%', '91%']  memcached=270.0%
[monitor] ['88%', '100%', '79%', '82%']  memcached=249.0%
[monitor] ['88%', '100%', '78%', '82%']  memcached=248.4%
[monitor] ['88%', '100%', '79%', '85%']  memcached=252.0%
[monitor] ['88%', '100%', '80%', '82%']  memcached=249.9%
[monitor] ['27%', '100%', '23%', '20%']  memcached=69.9%
[MEMCACHED] cores updated to: ['0', '3']
[freqmine] cores updated to: [2, 1]
[monitor] ['21%', '100%', '100%', '18%']  memcached=39.3%
[MEMCACHED] cores updated to: ['0']
[freqmine] cores updated to: [2, 1, 3]
[monitor] ['38%', '100%', '100%', '100%']  memcached=37.5%
[monitor] ['39%', '100%', '100%', '100%']  memcached=38.7%
[monitor] ['32%', '100%', '100%', '100%']  memcached=32.3%
[monitor] ['32%', '100%', '100%', '100%']  memcached=32.3%
[monitor] ['29%', '100%', '100%', '100%']  memcached=29.0%
[monitor] ['30%', '100%', '100%', '100%']  memcached=30.0%
[monitor] ['32%', '100%', '100%', '100%']  memcached=32.3%
[monitor] ['34%', '100%', '100%', '100%']  memcached=34.4%
[monitor] ['31%', '100%', '100%', '100%']  memcached=31.2%
[monitor] ['32%', '100%', '100%', '100%']  memcached=32.3%
[monitor] ['33%', '100%', '100%', '100%']  memcached=33.3%
[monitor] ['32%', '100%', '100%', '100%']  memcached=32.3%
[monitor] ['30%', '100%', '100%', '100%']  memcached=30.0%
[monitor] ['32%', '100%', '100%', '100%']  memcached=32.3%
[monitor] ['65%', '100%', '100%', '100%']  memcached=64.5%
[monitor] ['97%', '100%', '100%', '100%']  memcached=96.8%
[MEMCACHED] cores updated to: ['0', '1', '2']
[freqmine] cores updated to: [3]
[monitor] ['62%', '60%', '59%', '100%']  memcached=181.6%
[monitor] ['65%', '62%', '56%', '100%']  memcached=182.9%
[monitor] ['62%', '61%', '58%', '100%']  memcached=181.2%
[monitor] ['59%', '54%', '53%', '100%']  memcached=166.1%
[monitor] ['61%', '56%', '53%', '100%']  memcached=169.9%
[monitor] ['59%', '53%', '50%', '100%']  memcached=162.6%
[monitor] ['62%', '58%', '52%', '100%']  memcached=172.0%
[monitor] ['58%', '54%', '51%', '100%']  memcached=164.0%
[monitor] ['58%', '54%', '53%', '100%']  memcached=165.6%
[monitor] ['59%', '56%', '50%', '100%']  memcached=164.7%
[monitor] ['61%', '56%', '53%', '100%']  memcached=169.0%
[monitor] ['61%', '56%', '51%', '100%']  memcached=168.4%
[monitor] ['58%', '56%', '53%', '100%']  memcached=167.2%
[monitor] ['64%', '61%', '55%', '100%']  memcached=179.5%
[monitor] ['58%', '55%', '54%', '100%']  memcached=167.2%
[monitor] ['71%', '69%', '65%', '100%']  memcached=205.6%
[monitor] ['73%', '69%', '67%', '100%']  memcached=208.2%
[monitor] ['75%', '70%', '66%', '100%']  memcached=211.0%
[monitor] ['76%', '70%', '68%', '100%']  memcached=213.8%
[monitor] ['78%', '74%', '71%', '100%']  memcached=222.7%
[monitor] ['72%', '68%', '66%', '100%']  memcached=205.6%
[monitor] ['73%', '69%', '67%', '100%']  memcached=208.2%
[monitor] ['73%', '69%', '67%', '100%']  memcached=208.8%
[monitor] ['72%', '68%', '68%', '100%']  memcached=207.5%
[monitor] ['75%', '69%', '67%', '100%']  memcached=210.2%
[monitor] ['73%', '69%', '66%', '100%']  memcached=208.1%
[monitor] ['75%', '69%', '68%', '100%']  memcached=212.0%
[monitor] ['75%', '72%', '69%', '100%']  memcached=216.7%
[monitor] ['77%', '71%', '70%', '100%']  memcached=218.0%
[monitor] ['74%', '69%', '65%', '100%']  memcached=206.8%
[monitor] ['74%', '69%', '68%', '100%']  memcached=212.2%
[monitor] ['72%', '71%', '69%', '100%']  memcached=213.1%
[monitor] ['74%', '68%', '67%', '100%']  memcached=207.9%
[monitor] ['72%', '67%', '65%', '100%']  memcached=203.6%
[monitor] ['71%', '69%', '66%', '100%']  memcached=206.7%
[monitor] ['71%', '69%', '65%', '100%']  memcached=204.7%
[monitor] ['71%', '67%', '66%', '100%']  memcached=203.8%
[monitor] ['72%', '69%', '68%', '100%']  memcached=208.4%
[monitor] ['73%', '69%', '66%', '100%']  memcached=208.1%
[monitor] ['74%', '69%', '68%', '100%']  memcached=210.7%
[monitor] ['71%', '69%', '65%', '100%']  memcached=204.9%
[monitor] ['73%', '68%', '67%', '100%']  memcached=207.2%
[monitor] ['71%', '68%', '67%', '100%']  memcached=205.7%
[monitor] ['72%', '71%', '67%', '100%']  memcached=209.5%
[monitor] ['74%', '67%', '68%', '100%']  memcached=208.5%
[monitor] ['70%', '66%', '65%', '100%']  memcached=200.8%
[monitor] ['74%', '69%', '67%', '100%']  memcached=208.9%
[monitor] ['74%', '69%', '67%', '100%']  memcached=209.5%
[monitor] ['38%', '32%', '32%', '100%']  memcached=102.0%
[MEMCACHED] cores updated to: ['0', '2']
[freqmine] cores updated to: [1, 3]
[monitor] ['43%', '100%', '43%', '100%']  memcached=85.7%
[monitor] ['41%', '100%', '43%', '100%']  memcached=84.0%
[monitor] ['38%', '100%', '43%', '100%']  memcached=80.4%
[monitor] ['44%', '100%', '46%', '100%']  memcached=89.8%
[monitor] ['44%', '100%', '39%', '100%']  memcached=83.8%
[monitor] ['39%', '100%', '43%', '100%']  memcached=82.3%
[monitor] ['43%', '100%', '44%', '100%']  memcached=87.3%
[monitor] ['43%', '100%', '39%', '100%']  memcached=82.3%
[monitor] ['41%', '100%', '41%', '100%']  memcached=82.4%
[monitor] ['39%', '100%', '41%', '100%']  memcached=80.6%
[monitor] ['38%', '100%', '42%', '100%']  memcached=79.9%
[monitor] ['44%', '100%', '41%', '100%']  memcached=85.6%
[monitor] ['42%', '100%', '43%', '100%']  memcached=85.3%
[monitor] ['42%', '100%', '38%', '100%']  memcached=79.2%
[monitor] ['39%', '100%', '42%', '100%']  memcached=81.1%
[monitor] ['61%', '100%', '61%', '100%']  memcached=121.2%
[monitor] ['94%', '100%', '94%', '100%']  memcached=187.1%
[MEMCACHED] cores updated to: ['0', '2', '3']
[freqmine] cores updated to: [1]
[monitor] ['78%', '100%', '72%', '78%']  memcached=227.8%
[monitor] ['83%', '100%', '74%', '77%']  memcached=233.5%
[monitor] ['79%', '100%', '74%', '74%']  memcached=228.0%
[monitor] ['82%', '100%', '71%', '76%']  memcached=229.4%
[monitor] ['82%', '100%', '75%', '77%']  memcached=234.5%
[monitor] ['79%', '100%', '73%', '76%']  memcached=228.6%
[monitor] ['82%', '100%', '74%', '74%']  memcached=230.4%
[monitor] ['80%', '100%', '74%', '77%']  memcached=231.4%
[monitor] ['80%', '100%', '71%', '77%']  memcached=228.6%
[monitor] ['79%', '100%', '74%', '74%']  memcached=227.2%
[monitor] ['83%', '100%', '74%', '74%']  memcached=230.7%
[monitor] ['82%', '100%', '74%', '76%']  memcached=233.1%
[monitor] ['79%', '100%', '72%', '75%']  memcached=226.6%
[monitor] ['79%', '100%', '74%', '76%']  memcached=230.2%
[monitor] ['82%', '100%', '75%', '77%']  memcached=234.5%
[monitor] ['85%', '100%', '76%', '78%']  memcached=239.1%
[monitor] ['88%', '100%', '79%', '82%']  memcached=249.3%
[monitor] ['88%', '100%', '79%', '82%']  memcached=249.1%
[monitor] ['85%', '100%', '78%', '82%']  memcached=244.9%
[monitor] ['87%', '100%', '79%', '80%']  memcached=246.5%
[monitor] ['86%', '100%', '77%', '79%']  memcached=242.3%
[monitor] ['85%', '100%', '79%', '81%']  memcached=244.8%
[monitor] ['85%', '100%', '77%', '80%']  memcached=242.0%
[monitor] ['85%', '100%', '75%', '80%']  memcached=239.8%
[monitor] ['86%', '100%', '78%', '81%']  memcached=244.0%
[monitor] ['85%', '100%', '77%', '78%']  memcached=240.1%
[monitor] ['85%', '100%', '77%', '79%']  memcached=241.8%
[monitor] ['85%', '100%', '78%', '83%']  memcached=245.9%
[monitor] ['85%', '100%', '76%', '80%']  memcached=241.8%
[monitor] ['86%', '100%', '76%', '82%']  memcached=244.5%
[monitor] ['85%', '100%', '80%', '79%']  memcached=243.6%
[monitor] ['91%', '100%', '79%', '85%']  memcached=255.6%
[monitor] ['85%', '100%', '77%', '82%']  memcached=244.8%
[monitor] ['85%', '100%', '76%', '79%']  memcached=241.2%
[monitor] ['85%', '100%', '79%', '79%']  memcached=243.7%
[monitor] ['91%', '100%', '80%', '85%']  memcached=255.5%
[monitor] ['91%', '100%', '82%', '86%']  memcached=258.4%
[monitor] ['85%', '100%', '75%', '79%']  memcached=239.1%
[monitor] ['88%', '100%', '82%', '82%']  memcached=252.4%
[monitor] ['91%', '100%', '81%', '88%']  memcached=259.1%
[monitor] ['88%', '100%', '83%', '82%']  memcached=253.1%
[monitor] ['91%', '100%', '80%', '88%']  memcached=258.4%
[monitor] ['88%', '100%', '78%', '79%']  memcached=244.4%
[monitor] ['82%', '100%', '77%', '80%']  memcached=239.5%
[monitor] ['85%', '100%', '78%', '79%']  memcached=242.5%
[monitor] ['85%', '100%', '74%', '79%']  memcached=238.4%
[monitor] ['85%', '100%', '80%', '77%']  memcached=242.0%
[monitor] ['85%', '100%', '77%', '79%']  memcached=241.8%
[monitor] ['79%', '100%', '74%', '76%']  memcached=229.4%
[monitor] ['79%', '100%', '72%', '78%']  memcached=229.4%
[monitor] ['82%', '100%', '74%', '75%']  memcached=231.6%
[monitor] ['80%', '100%', '74%', '76%']  memcached=230.0%
[monitor] ['82%', '100%', '76%', '77%']  memcached=234.6%
[monitor] ['82%', '100%', '74%', '76%']  memcached=232.3%
[monitor] ['80%', '100%', '75%', '76%']  memcached=231.5%
[monitor] ['81%', '100%', '74%', '76%']  memcached=231.3%
[monitor] ['79%', '100%', '72%', '76%']  memcached=227.3%
[monitor] ['79%', '100%', '72%', '74%']  memcached=225.9%
[monitor] ['80%', '100%', '74%', '77%']  memcached=231.4%
[monitor] ['80%', '100%', '71%', '74%']  memcached=225.7%
[monitor] ['80%', '100%', '72%', '74%']  memcached=226.5%
[monitor] ['77%', '100%', '74%', '74%']  memcached=225.0%
[monitor] ['80%', '100%', '72%', '75%']  memcached=227.2%
[monitor] ['80%', '100%', '72%', '77%']  memcached=229.4%
[monitor] ['82%', '100%', '76%', '78%']  memcached=236.6%
[monitor] ['78%', '100%', '71%', '74%']  memcached=223.5%
[monitor] ['78%', '100%', '70%', '73%']  memcached=221.0%
[monitor] ['79%', '100%', '71%', '74%']  memcached=223.5%
[monitor] ['77%', '100%', '71%', '74%']  memcached=222.9%
[monitor] ['75%', '100%', '68%', '71%']  memcached=214.0%
[monitor] ['74%', '100%', '70%', '72%']  memcached=216.2%
[monitor] ['78%', '100%', '67%', '71%']  memcached=216.5%
[monitor] ['74%', '100%', '69%', '69%']  memcached=211.5%
[monitor] ['75%', '100%', '71%', '71%']  memcached=217.9%
[monitor] ['75%', '100%', '66%', '72%']  memcached=212.9%
[monitor] ['77%', '100%', '71%', '70%']  memcached=218.8%
[monitor] ['76%', '100%', '69%', '74%']  memcached=219.3%
[monitor] ['81%', '100%', '76%', '76%']  memcached=233.1%
[monitor] ['80%', '100%', '71%', '78%']  memcached=229.2%
[monitor] ['77%', '100%', '71%', '74%']  memcached=222.0%
[monitor] ['78%', '100%', '70%', '71%']  memcached=219.5%
[monitor] ['66%', '100%', '59%', '62%']  memcached=186.3%
[monitor] ['53%', '100%', '44%', '45%']  memcached=142.0%
[monitor] ['51%', '100%', '44%', '47%']  memcached=142.2%
[monitor] ['53%', '100%', '47%', '45%']  memcached=144.8%
[monitor] ['53%', '100%', '43%', '50%']  memcached=146.3%
[monitor] ['53%', '100%', '42%', '47%']  memcached=142.3%
[monitor] ['53%', '100%', '47%', '44%']  memcached=143.8%
[monitor] ['49%', '100%', '42%', '47%']  memcached=137.4%
[MEMCACHED] cores updated to: ['0', '3']
[freqmine] cores updated to: [2, 1]
[monitor] ['67%', '100%', '100%', '61%']  memcached=127.8%
[monitor] ['60%', '100%', '100%', '62%']  memcached=122.2%
[monitor] ['64%', '100%', '100%', '68%']  memcached=132.3%
[monitor] ['62%', '100%', '100%', '65%']  memcached=127.0%
[monitor] ['64%', '100%', '100%', '63%']  memcached=127.0%
[monitor] ['61%', '100%', '100%', '65%']  memcached=126.0%
[monitor] ['61%', '100%', '100%', '63%']  memcached=124.3%
[monitor] ['58%', '100%', '100%', '68%']  memcached=126.0%
[monitor] ['66%', '100%', '100%', '62%']  memcached=128.0%
[monitor] ['34%', '100%', '100%', '32%']  memcached=66.6%
[MEMCACHED] cores updated to: ['0']
[freqmine] cores updated to: [2, 1, 3]
[monitor] ['60%', '100%', '100%', '100%']  memcached=60.5%
[monitor] ['59%', '100%', '100%', '100%']  memcached=58.5%
[monitor] ['62%', '100%', '100%', '100%']  memcached=61.9%
[monitor] ['60%', '100%', '100%', '100%']  memcached=60.5%
[monitor] ['60%', '100%', '100%', '100%']  memcached=59.5%
[monitor] ['60%', '100%', '100%', '100%']  memcached=60.5%
[monitor] ['59%', '100%', '100%', '100%']  memcached=58.5%
[monitor] ['60%', '100%', '100%', '100%']  memcached=59.5%
[monitor] ['59%', '100%', '100%', '100%']  memcached=58.5%
[monitor] ['60%', '100%', '100%', '100%']  memcached=60.5%
[monitor] ['60%', '100%', '100%', '100%']  memcached=59.5%
[monitor] ['61%', '100%', '100%', '100%']  memcached=61.0%
[monitor] ['62%', '100%', '100%', '100%']  memcached=61.9%
[monitor] ['60%', '100%', '100%', '100%']  memcached=60.5%
[monitor] ['56%', '100%', '100%', '100%']  memcached=56.4%
[monitor] ['70%', '100%', '100%', '100%']  memcached=70.0%
[monitor] ['86%', '100%', '100%', '100%']  memcached=85.7%
[MEMCACHED] cores updated to: ['0', '2']
[freqmine] cores updated to: [1, 3]
[monitor] ['64%', '100%', '66%', '100%']  memcached=130.0%
[monitor] ['67%', '100%', '64%', '100%']  memcached=130.8%
[monitor] ['65%', '100%', '64%', '100%']  memcached=129.0%
[monitor] ['63%', '100%', '64%', '100%']  memcached=127.5%
[monitor] ['64%', '100%', '62%', '100%']  memcached=126.6%
[monitor] ['64%', '100%', '64%', '100%']  memcached=128.2%
[monitor] ['64%', '100%', '62%', '100%']  memcached=126.6%
[monitor] ['63%', '100%', '66%', '100%']  memcached=129.0%
[monitor] ['64%', '100%', '66%', '100%']  memcached=130.0%
[monitor] ['65%', '100%', '63%', '100%']  memcached=128.4%
[monitor] ['67%', '100%', '66%', '100%']  memcached=132.5%
[monitor] ['65%', '100%', '65%', '100%']  memcached=130.0%
[monitor] ['65%', '100%', '65%', '100%']  memcached=130.0%
[monitor] ['65%', '100%', '64%', '100%']  memcached=129.3%
[monitor] ['64%', '100%', '64%', '100%']  memcached=128.2%
[monitor] ['94%', '100%', '91%', '100%']  memcached=184.7%
[MEMCACHED] cores updated to: ['0', '1', '2']
[freqmine] cores updated to: [3]
[monitor] ['81%', '78%', '71%', '100%']  memcached=229.8%
[monitor] ['80%', '74%', '72%', '100%']  memcached=226.5%
[monitor] ['78%', '75%', '72%', '100%']  memcached=225.6%
[monitor] ['79%', '74%', '74%', '100%']  memcached=228.0%
[monitor] ['81%', '74%', '73%', '100%']  memcached=227.8%
[monitor] ['78%', '74%', '73%', '100%']  memcached=225.0%
[monitor] ['80%', '74%', '71%', '100%']  memcached=225.7%
[monitor] ['78%', '74%', '71%', '100%']  memcached=222.7%
[monitor] ['80%', '74%', '73%', '100%']  memcached=227.3%
[monitor] ['80%', '77%', '71%', '100%']  memcached=228.6%
[monitor] ['77%', '71%', '72%', '100%']  memcached=220.8%
[monitor] ['80%', '78%', '72%', '100%']  memcached=230.0%
[monitor] ['78%', '74%', '71%', '100%']  memcached=223.3%
[monitor] ['82%', '74%', '76%', '100%']  memcached=231.8%
[monitor] ['80%', '80%', '74%', '100%']  memcached=234.3%
[monitor] ['76%', '69%', '70%', '100%']  memcached=215.4%
[monitor] ['61%', '57%', '56%', '100%']  memcached=173.8%
[monitor] ['62%', '60%', '57%', '100%']  memcached=179.3%
[monitor] ['62%', '57%', '55%', '100%']  memcached=173.9%
[monitor] ['63%', '58%', '56%', '100%']  memcached=176.7%
[monitor] ['66%', '61%', '56%', '100%']  memcached=182.8%
[monitor] ['61%', '57%', '56%', '100%']  memcached=173.2%
[monitor] ['62%', '56%', '53%', '100%']  memcached=171.0%
[monitor] ['62%', '59%', '57%', '100%']  memcached=178.1%
[monitor] ['61%', '55%', '53%', '100%']  memcached=168.6%
[monitor] ['61%', '58%', '52%', '100%']  memcached=171.0%
[monitor] ['61%', '57%', '53%', '100%']  memcached=171.2%
[monitor] ['62%', '57%', '54%', '100%']  memcached=173.6%
[monitor] ['63%', '56%', '56%', '100%']  memcached=174.6%
[monitor] ['60%', '54%', '52%', '100%']  memcached=165.8%
[monitor] ['58%', '56%', '56%', '100%']  memcached=170.1%
[monitor] ['62%', '57%', '57%', '100%']  memcached=176.1%
[monitor] ['61%', '59%', '56%', '100%']  memcached=175.8%
[monitor] ['61%', '56%', '53%', '100%']  memcached=169.9%
[monitor] ['62%', '59%', '56%', '100%']  memcached=176.9%
[monitor] ['62%', '59%', '53%', '100%']  memcached=174.6%
[monitor] ['61%', '55%', '54%', '100%']  memcached=169.9%
[monitor] ['63%', '61%', '54%', '100%']  memcached=178.3%
[monitor] ['60%', '56%', '57%', '100%']  memcached=173.0%
[monitor] ['63%', '62%', '54%', '100%']  memcached=179.6%
[monitor] ['62%', '57%', '54%', '100%']  memcached=173.6%
[monitor] ['61%', '56%', '53%', '100%']  memcached=169.9%
[monitor] ['64%', '58%', '56%', '100%']  memcached=178.3%
[monitor] ['61%', '57%', '53%', '100%']  memcached=170.7%
[monitor] ['62%', '59%', '57%', '100%']  memcached=178.1%
[monitor] ['61%', '58%', '57%', '100%']  memcached=176.6%
[monitor] ['63%', '57%', '53%', '100%']  memcached=173.2%
[monitor] ['60%', '56%', '57%', '100%']  memcached=173.0%
[monitor] ['66%', '60%', '57%', '100%']  memcached=182.9%
[monitor] ['69%', '67%', '63%', '100%']  memcached=198.1%
[monitor] ['70%', '66%', '62%', '100%']  memcached=197.7%
[monitor] ['69%', '64%', '62%', '100%']  memcached=195.5%
[monitor] ['69%', '66%', '63%', '100%']  memcached=198.0%
[monitor] ['69%', '67%', '64%', '100%']  memcached=200.0%
[monitor] ['70%', '65%', '65%', '100%']  memcached=199.8%
[monitor] ['68%', '67%', '61%', '100%']  memcached=194.9%
[monitor] ['69%', '63%', '63%', '100%']  memcached=195.2%
[monitor] ['69%', '66%', '61%', '100%']  memcached=196.3%
[monitor] ['70%', '65%', '64%', '100%']  memcached=198.6%
[monitor] ['69%', '68%', '62%', '100%']  memcached=199.2%
[monitor] ['68%', '65%', '64%', '100%']  memcached=196.3%
[monitor] ['70%', '66%', '64%', '100%']  memcached=199.9%
[monitor] ['69%', '67%', '64%', '100%']  memcached=200.0%
[monitor] ['70%', '65%', '64%', '100%']  memcached=198.9%
[monitor] ['70%', '65%', '61%', '100%']  memcached=196.2%
[monitor] ['42%', '34%', '33%', '100%']  memcached=110.2%
[MEMCACHED] cores updated to: ['0', '2']
[freqmine] cores updated to: [1, 3]
[monitor] ['46%', '100%', '44%', '100%']  memcached=90.4%
[monitor] ['45%', '100%', '50%', '100%']  memcached=95.5%
[monitor] ['46%', '100%', '46%', '100%']  memcached=91.7%
[monitor] ['46%', '100%', '46%', '100%']  memcached=91.7%
[monitor] ['41%', '100%', '43%', '100%']  memcached=84.0%
[monitor] ['47%', '100%', '47%', '100%']  memcached=94.4%
[monitor] ['44%', '100%', '46%', '100%']  memcached=90.1%
[monitor] ['43%', '100%', '44%', '100%']  memcached=87.0%
[monitor] ['47%', '100%', '47%', '100%']  memcached=94.6%
[monitor] ['41%', '100%', '47%', '100%']  memcached=88.4%
[monitor] ['47%', '100%', '46%', '100%']  memcached=93.2%
[monitor] ['47%', '100%', '44%', '100%']  memcached=91.8%
[monitor] ['47%', '100%', '49%', '100%']  memcached=95.6%
[monitor] ['39%', '100%', '43%', '100%']  memcached=82.3%
[monitor] ['47%', '100%', '46%', '100%']  memcached=92.9%
[monitor] ['56%', '100%', '55%', '100%']  memcached=110.8%
[monitor] ['74%', '100%', '74%', '100%']  memcached=147.4%
[monitor] ['76%', '100%', '74%', '100%']  memcached=150.0%
[monitor] ['76%', '100%', '74%', '100%']  memcached=150.0%
[monitor] ['73%', '100%', '74%', '100%']  memcached=147.3%
[monitor] ['76%', '100%', '76%', '100%']  memcached=152.0%
[monitor] ['74%', '100%', '74%', '100%']  memcached=148.0%
[monitor] ['76%', '100%', '74%', '100%']  memcached=150.7%
[monitor] ['73%', '100%', '71%', '100%']  memcached=144.0%
[monitor] ['74%', '100%', '74%', '100%']  memcached=147.4%
[monitor] ['76%', '100%', '76%', '100%']  memcached=152.0%
[monitor] ['74%', '100%', '71%', '100%']  memcached=145.4%
[monitor] ['74%', '100%', '74%', '100%']  memcached=148.0%
[monitor] ['76%', '100%', '74%', '100%']  memcached=150.0%
[monitor] ['74%', '100%', '74%', '100%']  memcached=148.0%
[monitor] ['74%', '100%', '74%', '100%']  memcached=148.7%
[monitor] ['73%', '100%', '74%', '100%']  memcached=146.7%
[monitor] ['47%', '100%', '45%', '100%']  memcached=92.5%
[monitor] ['29%', '100%', '29%', '100%']  memcached=58.1%
[MEMCACHED] cores updated to: ['0']
[freqmine] cores updated to: [2, 1, 3]
[monitor] ['59%', '100%', '100%', '100%']  memcached=58.5%
[monitor] ['57%', '100%', '100%', '100%']  memcached=57.1%
[monitor] ['57%', '100%', '100%', '100%']  memcached=57.5%
[monitor] ['60%', '100%', '100%', '100%']  memcached=60.5%
[monitor] ['62%', '100%', '100%', '100%']  memcached=61.9%
[monitor] ['60%', '100%', '100%', '100%']  memcached=59.5%
[monitor] ['60%', '100%', '100%', '100%']  memcached=59.5%
[monitor] ['62%', '100%', '100%', '100%']  memcached=61.9%
[monitor] ['60%', '100%', '100%', '100%']  memcached=60.5%
[monitor] ['57%', '100%', '100%', '100%']  memcached=57.1%
[monitor] ['60%', '100%', '100%', '100%']  memcached=60.5%
[monitor] ['62%', '100%', '100%', '100%']  memcached=61.9%
[monitor] ['60%', '100%', '100%', '100%']  memcached=59.5%
[monitor] ['57%', '100%', '100%', '100%']  memcached=57.1%
[monitor] ['65%', '100%', '100%', '100%']  memcached=64.9%
[monitor] ['100%', '100%', '100%', '100%']  memcached=100.0%
[MEMCACHED] cores updated to: ['0', '2', '3']
[freqmine] cores updated to: [1]
[monitor] ['93%', '100%', '90%', '60%']  memcached=243.7%
[monitor] ['71%', '100%', '66%', '69%']  memcached=204.9%
[monitor] ['73%', '100%', '65%', '71%']  memcached=208.0%
[monitor] ['76%', '100%', '74%', '72%']  memcached=223.0%
[monitor] ['75%', '100%', '72%', '76%']  memcached=222.9%
[monitor] ['78%', '100%', '73%', '75%']  memcached=225.8%
[monitor] ['80%', '100%', '73%', '75%']  memcached=228.0%
[monitor] ['72%', '100%', '66%', '70%']  memcached=208.2%
[monitor] ['74%', '100%', '69%', '69%']  memcached=212.3%
[monitor] ['75%', '100%', '67%', '69%']  memcached=210.2%
[monitor] ['75%', '100%', '69%', '72%']  memcached=215.8%
[monitor] ['78%', '100%', '71%', '71%']  memcached=220.3%
[monitor] ['73%', '100%', '69%', '69%']  memcached=211.9%
[monitor] ['74%', '100%', '67%', '69%']  memcached=209.5%
[monitor] ['72%', '100%', '67%', '70%']  memcached=209.2%
[monitor] ['64%', '100%', '57%', '60%']  memcached=181.0%
[monitor] ['61%', '100%', '53%', '56%']  memcached=169.6%
[monitor] ['64%', '100%', '57%', '57%']  memcached=178.4%
[monitor] ['59%', '100%', '54%', '59%']  memcached=173.2%
[monitor] ['62%', '100%', '54%', '57%']  memcached=173.6%
[monitor] ['61%', '100%', '53%', '54%']  memcached=167.8%
[monitor] ['63%', '100%', '53%', '58%']  memcached=174.1%
[monitor] ['57%', '100%', '52%', '56%']  memcached=164.5%
[monitor] ['61%', '100%', '54%', '56%']  memcached=170.4%
[monitor] ['62%', '100%', '53%', '58%']  memcached=173.4%
[monitor] ['62%', '100%', '57%', '57%']  memcached=175.7%
[monitor] ['61%', '100%', '52%', '56%']  memcached=167.9%
[monitor] ['61%', '100%', '53%', '57%']  memcached=171.2%
[monitor] ['61%', '100%', '55%', '58%']  memcached=173.6%
[monitor] ['61%', '100%', '50%', '55%']  memcached=165.7%
[monitor] ['61%', '100%', '56%', '57%']  memcached=173.2%
[monitor] ['62%', '100%', '53%', '59%']  memcached=174.6%
[monitor] ['53%', '100%', '40%', '49%']  memcached=141.3%
[monitor] ['54%', '100%', '45%', '53%']  memcached=152.5%
[monitor] ['53%', '100%', '44%', '47%']  memcached=143.6%
[monitor] ['51%', '100%', '45%', '47%']  memcached=143.8%
[monitor] ['53%', '100%', '44%', '50%']  memcached=146.7%
[monitor] ['51%', '100%', '47%', '45%']  memcached=143.9%
[monitor] ['51%', '100%', '42%', '49%']  memcached=142.4%
[monitor] ['53%', '100%', '42%', '49%']  memcached=143.3%
[monitor] ['53%', '100%', '42%', '44%']  memcached=139.0%
[MEMCACHED] cores updated to: ['0', '3']
[freqmine] cores updated to: [2, 1]
[monitor] ['64%', '100%', '100%', '62%']  memcached=126.3%
[monitor] ['62%', '100%', '100%', '63%']  memcached=124.9%
[monitor] ['62%', '100%', '100%', '68%']  memcached=129.7%
[monitor] ['60%', '100%', '100%', '66%']  memcached=125.8%
[monitor] ['65%', '100%', '100%', '65%']  memcached=129.7%
[monitor] ['67%', '86%', '73%', '68%']  memcached=134.2%
[freqmine] ended.
[streamcluster] started on cores: [1, 2] with 3 threads.
[monitor] ['69%', '67%', '52%', '69%']  memcached=138.0%
[monitor] ['80%', '67%', '55%', '80%']  memcached=160.0%
[monitor] ['77%', '100%', '4%', '80%']  memcached=157.1%
[monitor] ['82%', '90%', '64%', '80%']  memcached=162.4%
[MEMCACHED] cores updated to: ['0', '1', '3']
[streamcluster] cores updated to: [2]
[monitor] ['69%', '66%', '100%', '66%']  memcached=200.9%
[monitor] ['68%', '65%', '100%', '64%']  memcached=196.9%
[monitor] ['70%', '67%', '100%', '66%']  memcached=202.7%
[monitor] ['68%', '67%', '100%', '65%']  memcached=200.0%
[monitor] ['76%', '67%', '100%', '68%']  memcached=209.9%
[monitor] ['70%', '64%', '100%', '65%']  memcached=198.9%
[monitor] ['67%', '66%', '100%', '64%']  memcached=196.3%
[monitor] ['69%', '67%', '100%', '65%']  memcached=200.8%
[monitor] ['69%', '64%', '100%', '68%']  memcached=200.9%
[monitor] ['69%', '64%', '100%', '64%']  memcached=197.2%
[monitor] ['68%', '63%', '100%', '66%']  memcached=196.2%
[monitor] ['69%', '66%', '100%', '62%']  memcached=196.1%
[monitor] ['69%', '66%', '100%', '65%']  memcached=199.2%
[monitor] ['70%', '65%', '100%', '65%']  memcached=199.7%
[monitor] ['68%', '65%', '100%', '64%']  memcached=197.2%
[monitor] ['71%', '67%', '100%', '66%']  memcached=203.9%
[monitor] ['68%', '66%', '100%', '65%']  memcached=199.1%
[monitor] ['67%', '68%', '100%', '65%']  memcached=199.0%
[monitor] ['70%', '64%', '100%', '68%']  memcached=201.7%
[monitor] ['68%', '65%', '100%', '66%']  memcached=199.1%
[monitor] ['69%', '66%', '100%', '65%']  memcached=199.2%
[monitor] ['68%', '63%', '100%', '64%']  memcached=194.3%
[monitor] ['68%', '66%', '100%', '68%']  memcached=201.8%
[monitor] ['69%', '63%', '100%', '65%']  memcached=196.3%
[monitor] ['68%', '65%', '100%', '60%']  memcached=193.3%
[monitor] ['68%', '65%', '100%', '64%']  memcached=196.3%
[monitor] ['70%', '64%', '100%', '64%']  memcached=198.0%
[monitor] ['70%', '65%', '100%', '65%']  memcached=199.8%
[monitor] ['68%', '64%', '100%', '65%']  memcached=197.2%
[monitor] ['61%', '57%', '100%', '56%']  memcached=174.1%
[monitor] ['18%', '20%', '100%', '23%']  memcached=60.4%
[MEMCACHED] cores updated to: ['0', '3']
[streamcluster] cores updated to: [1, 2]
[monitor] ['34%', '97%', '97%', '38%']  memcached=71.9%
[monitor] ['31%', '97%', '90%', '29%']  memcached=60.3%
[MEMCACHED] cores updated to: ['0']
[streamcluster] cores updated to: [1, 2, 3]
[monitor] ['60%', '100%', '80%', '100%']  memcached=59.5%
[monitor] ['60%', '100%', '79%', '100%']  memcached=59.5%
[monitor] ['60%', '97%', '80%', '100%']  memcached=59.5%
[monitor] ['56%', '100%', '76%', '100%']  memcached=56.4%
[monitor] ['60%', '100%', '79%', '100%']  memcached=59.5%
[monitor] ['57%', '100%', '80%', '100%']  memcached=57.1%
[monitor] ['57%', '100%', '80%', '100%']  memcached=57.1%
[monitor] ['57%', '97%', '77%', '97%']  memcached=57.5%
[monitor] ['59%', '100%', '79%', '100%']  memcached=58.5%
[monitor] ['56%', '100%', '77%', '100%']  memcached=56.4%
[monitor] ['59%', '100%', '80%', '100%']  memcached=58.5%
[monitor] ['60%', '100%', '80%', '100%']  memcached=59.5%
[monitor] ['59%', '100%', '80%', '100%']  memcached=59.0%
[monitor] ['65%', '100%', '79%', '100%']  memcached=65.1%
[monitor] ['66%', '97%', '81%', '100%']  memcached=65.9%
[monitor] ['67%', '100%', '80%', '100%']  memcached=67.4%
[monitor] ['63%', '100%', '83%', '100%']  memcached=63.4%
[monitor] ['67%', '100%', '80%', '100%']  memcached=67.4%
[monitor] ['67%', '100%', '79%', '97%']  memcached=67.4%
[monitor] ['66%', '97%', '77%', '100%']  memcached=65.9%
[monitor] ['65%', '100%', '83%', '100%']  memcached=65.1%
[monitor] ['67%', '100%', '80%', '100%']  memcached=66.7%
[monitor] ['64%', '100%', '77%', '100%']  memcached=64.3%
[monitor] ['66%', '100%', '81%', '100%']  memcached=65.9%
[monitor] ['65%', '100%', '79%', '100%']  memcached=65.1%
[monitor] ['67%', '100%', '80%', '97%']  memcached=67.4%
[monitor] ['67%', '97%', '80%', '100%']  memcached=66.7%
[monitor] ['65%', '100%', '79%', '100%']  memcached=65.1%
[monitor] ['67%', '100%', '80%', '100%']  memcached=67.4%
[monitor] ['70%', '100%', '80%', '100%']  memcached=70.0%
[monitor] ['100%', '97%', '83%', '97%']  memcached=100.0%
[MEMCACHED] cores updated to: ['0', '2', '3']
[streamcluster] cores updated to: [1]
[monitor] ['88%', '100%', '85%', '97%']  memcached=269.8%
[monitor] ['74%', '100%', '67%', '72%']  memcached=213.2%
[monitor] ['71%', '100%', '68%', '72%']  memcached=210.8%
[monitor] ['74%', '100%', '67%', '71%']  memcached=211.8%
[monitor] ['73%', '100%', '67%', '71%']  memcached=210.7%
[monitor] ['72%', '100%', '66%', '73%']  memcached=210.9%
[monitor] ['72%', '100%', '65%', '70%']  memcached=207.4%
[monitor] ['72%', '100%', '67%', '72%']  memcached=211.1%
[monitor] ['72%', '100%', '66%', '69%']  memcached=206.5%
[monitor] ['74%', '100%', '65%', '70%']  memcached=208.7%
[monitor] ['71%', '100%', '64%', '72%']  memcached=207.5%
[monitor] ['71%', '100%', '67%', '74%']  memcached=211.8%
[monitor] ['74%', '100%', '67%', '71%']  memcached=211.4%
[monitor] ['73%', '100%', '67%', '73%']  memcached=212.6%
[monitor] ['72%', '100%', '68%', '69%']  memcached=209.2%
[monitor] ['45%', '100%', '39%', '41%']  memcached=125.5%
[MEMCACHED] cores updated to: ['0', '3']
[streamcluster] cores updated to: [1, 2]
[monitor] ['47%', '90%', '97%', '49%']  memcached=95.9%
[monitor] ['44%', '97%', '100%', '46%']  memcached=89.8%
[monitor] ['44%', '93%', '93%', '47%']  memcached=91.3%
[monitor] ['44%', '97%', '93%', '44%']  memcached=88.6%
[monitor] ['44%', '93%', '97%', '47%']  memcached=91.3%
[monitor] ['42%', '93%', '97%', '46%']  memcached=88.4%
[monitor] ['41%', '97%', '97%', '47%']  memcached=88.4%
[monitor] ['44%', '97%', '93%', '43%']  memcached=87.3%
[monitor] ['42%', '90%', '97%', '49%']  memcached=91.1%
[monitor] ['47%', '93%', '97%', '46%']  memcached=93.3%
[monitor] ['41%', '97%', '97%', '47%']  memcached=87.8%
[monitor] ['47%', '93%', '93%', '46%']  memcached=93.2%
[monitor] ['43%', '93%', '97%', '46%']  memcached=88.6%
[monitor] ['42%', '93%', '97%', '46%']  memcached=88.4%
[monitor] ['49%', '94%', '97%', '44%']  memcached=92.8%
[monitor] ['43%', '97%', '93%', '46%']  memcached=88.8%
[monitor] ['39%', '90%', '90%', '43%']  memcached=82.3%
[monitor] ['38%', '86%', '97%', '41%']  memcached=78.7%
[monitor] ['46%', '93%', '97%', '41%']  memcached=87.1%
[monitor] ['38%', '90%', '97%', '42%']  memcached=79.2%
[monitor] ['44%', '97%', '93%', '44%']  memcached=88.9%
[monitor] ['41%', '97%', '94%', '42%']  memcached=82.8%
[monitor] ['46%', '97%', '93%', '43%']  memcached=88.8%
[monitor] ['43%', '97%', '97%', '41%']  memcached=84.0%
[monitor] ['39%', '97%', '93%', '40%']  memcached=79.4%
[monitor] ['42%', '97%', '93%', '41%']  memcached=82.8%
[monitor] ['47%', '94%', '94%', '43%']  memcached=90.1%
[monitor] ['41%', '83%', '100%', '43%']  memcached=84.0%
[monitor] ['43%', '97%', '90%', '38%']  memcached=80.4%
[monitor] ['41%', '97%', '97%', '44%']  memcached=85.3%
[monitor] ['42%', '100%', '97%', '44%']  memcached=86.9%
[monitor] ['44%', '90%', '97%', '38%']  memcached=81.9%
[monitor] ['41%', '97%', '97%', '43%']  memcached=84.0%
[monitor] ['51%', '97%', '90%', '47%']  memcached=98.6%
[monitor] ['54%', '97%', '97%', '54%']  memcached=108.3%
[monitor] ['47%', '93%', '93%', '49%']  memcached=95.6%
[monitor] ['50%', '97%', '97%', '51%']  memcached=101.3%
[monitor] ['49%', '93%', '94%', '49%']  memcached=97.1%
[monitor] ['50%', '93%', '100%', '47%']  memcached=97.2%
[monitor] ['47%', '97%', '93%', '49%']  memcached=95.8%
[monitor] ['49%', '100%', '97%', '49%']  memcached=97.3%
[monitor] ['49%', '93%', '93%', '47%']  memcached=95.9%
[monitor] ['47%', '93%', '93%', '49%']  memcached=95.7%
[monitor] ['47%', '94%', '93%', '50%']  memcached=97.2%
[monitor] ['47%', '97%', '97%', '50%']  memcached=97.2%
[monitor] ['51%', '97%', '94%', '46%']  memcached=97.1%
[monitor] ['49%', '94%', '97%', '49%']  memcached=97.2%
[monitor] ['46%', '100%', '93%', '49%']  memcached=94.4%
[monitor] ['45%', '90%', '97%', '49%']  memcached=94.0%
[monitor] ['91%', '85%', '97%', '94%']  memcached=184.4%
[MEMCACHED] cores updated to: ['0', '1', '3']
[streamcluster] cores updated to: [2]
[monitor] ['94%', '84%', '100%', '83%']  memcached=261.0%
[monitor] ['88%', '82%', '100%', '82%']  memcached=252.2%
[monitor] ['85%', '80%', '100%', '80%']  memcached=245.3%
[monitor] ['85%', '82%', '100%', '80%']  memcached=247.1%
[monitor] ['88%', '79%', '100%', '82%']  memcached=248.7%
[monitor] ['88%', '83%', '100%', '83%']  memcached=253.9%
[monitor] ['86%', '82%', '100%', '82%']  memcached=250.4%
[monitor] ['88%', '80%', '100%', '80%']  memcached=247.9%
[monitor] ['85%', '82%', '100%', '80%']  memcached=247.6%
[monitor] ['88%', '80%', '100%', '82%']  memcached=250.1%
[monitor] ['88%', '82%', '100%', '81%']  memcached=250.8%
[monitor] ['85%', '80%', '100%', '82%']  memcached=247.2%
[monitor] ['85%', '82%', '100%', '81%']  memcached=248.2%
[monitor] ['85%', '80%', '100%', '82%']  memcached=247.1%
[monitor] ['88%', '85%', '100%', '86%']  memcached=258.8%
[monitor] ['80%', '76%', '100%', '75%']  memcached=230.8%
[monitor] ['67%', '61%', '100%', '63%']  memcached=190.6%
[monitor] ['69%', '64%', '100%', '65%']  memcached=198.2%
[monitor] ['68%', '65%', '100%', '64%']  memcached=197.2%
[monitor] ['68%', '65%', '100%', '61%']  memcached=193.5%
[monitor] ['70%', '65%', '100%', '66%']  memcached=200.7%
[monitor] ['68%', '62%', '100%', '64%']  memcached=194.5%
[monitor] ['68%', '66%', '100%', '62%']  memcached=195.5%
[monitor] ['68%', '64%', '100%', '63%']  memcached=194.3%
[monitor] ['68%', '64%', '100%', '65%']  memcached=196.3%
[monitor] ['68%', '65%', '100%', '64%']  memcached=196.3%
[monitor] ['68%', '64%', '100%', '62%']  memcached=193.6%
[monitor] ['68%', '66%', '100%', '65%']  memcached=198.2%
[monitor] ['70%', '64%', '100%', '62%']  memcached=195.9%
[monitor] ['67%', '64%', '100%', '64%']  memcached=194.4%
[monitor] ['68%', '65%', '100%', '66%']  memcached=198.2%
[monitor] ['69%', '63%', '100%', '62%']  memcached=194.5%
[monitor] ['63%', '59%', '100%', '60%']  memcached=182.6%
[monitor] ['67%', '61%', '100%', '59%']  memcached=187.2%
[monitor] ['67%', '62%', '100%', '61%']  memcached=189.9%
[monitor] ['68%', '61%', '100%', '63%']  memcached=191.8%
[monitor] ['66%', '62%', '100%', '62%']  memcached=190.1%
[monitor] ['65%', '62%', '100%', '59%']  memcached=185.9%
[monitor] ['63%', '58%', '100%', '57%']  memcached=178.6%
[monitor] ['65%', '58%', '100%', '58%']  memcached=181.5%
[monitor] ['63%', '56%', '100%', '58%']  memcached=177.4%
[monitor] ['63%', '58%', '100%', '58%']  memcached=179.5%
[monitor] ['62%', '57%', '100%', '58%']  memcached=177.6%
[monitor] ['64%', '58%', '100%', '59%']  memcached=181.9%
[monitor] ['64%', '59%', '100%', '58%']  memcached=181.7%
[monitor] ['66%', '61%', '100%', '58%']  memcached=185.2%
[monitor] ['68%', '64%', '100%', '63%']  memcached=195.4%
[monitor] ['66%', '61%', '100%', '63%']  memcached=190.1%
[monitor] ['58%', '56%', '100%', '54%']  memcached=168.2%
[monitor] ['56%', '50%', '100%', '50%']  memcached=155.6%
[monitor] ['54%', '49%', '100%', '51%']  memcached=154.0%
[monitor] ['53%', '47%', '100%', '45%']  memcached=145.0%
[monitor] ['51%', '47%', '100%', '49%']  memcached=147.1%
[monitor] ['56%', '50%', '100%', '52%']  memcached=157.1%
[monitor] ['54%', '51%', '100%', '49%']  memcached=154.3%
[monitor] ['54%', '45%', '100%', '51%']  memcached=150.9%
[monitor] ['53%', '50%', '100%', '47%']  memcached=149.8%
[monitor] ['56%', '50%', '100%', '50%']  memcached=155.6%
[monitor] ['54%', '48%', '100%', '53%']  memcached=155.5%
[monitor] ['54%', '47%', '100%', '49%']  memcached=149.9%
[monitor] ['54%', '49%', '100%', '51%']  memcached=154.0%
[monitor] ['53%', '51%', '100%', '51%']  memcached=155.6%
[monitor] ['53%', '48%', '100%', '48%']  memcached=149.9%
[monitor] ['54%', '49%', '100%', '49%']  memcached=151.4%
[monitor] ['57%', '53%', '100%', '51%']  memcached=161.0%
[monitor] ['32%', '30%', '100%', '30%']  memcached=92.3%
[MEMCACHED] cores updated to: ['0', '3']
[streamcluster] cores updated to: [1, 2]
[monitor] ['31%', '93%', '97%', '35%']  memcached=66.5%
[MEMCACHED] cores updated to: ['0']
[streamcluster] cores updated to: [3, 1, 2]
[monitor] ['59%', '100%', '77%', '100%']  memcached=58.5%
[monitor] ['59%', '100%', '80%', '100%']  memcached=58.5%
[monitor] ['59%', '100%', '79%', '100%']  memcached=58.5%
[monitor] ['56%', '100%', '79%', '100%']  memcached=56.1%
[monitor] ['59%', '100%', '77%', '97%']  memcached=58.5%
[monitor] ['55%', '97%', '79%', '100%']  memcached=55.0%
[monitor] ['60%', '100%', '77%', '100%']  memcached=60.5%
[monitor] ['59%', '100%', '79%', '100%']  memcached=58.5%
[monitor] ['59%', '100%', '80%', '100%']  memcached=58.5%
[monitor] ['57%', '100%', '80%', '100%']  memcached=57.1%
[monitor] ['59%', '100%', '77%', '100%']  memcached=58.5%
[monitor] ['57%', '100%', '79%', '100%']  memcached=57.5%
[monitor] ['60%', '97%', '81%', '100%']  memcached=60.5%
[monitor] ['59%', '100%', '80%', '97%']  memcached=59.0%
[monitor] ['52%', '100%', '77%', '100%']  memcached=52.5%
[monitor] ['11%', '33%', '24%', '100%']  memcached=11.1%
[monitor] ['31%', '93%', '74%', '100%']  memcached=31.0%
[monitor] ['24%', '97%', '77%', '97%']  memcached=24.1%
[monitor] ['21%', '100%', '76%', '100%']  memcached=20.7%
[monitor] ['27%', '100%', '77%', '100%']  memcached=26.7%
[monitor] ['25%', '100%', '79%', '100%']  memcached=25.0%
[monitor] ['23%', '100%', '77%', '100%']  memcached=23.3%
[monitor] ['24%', '100%', '77%', '100%']  memcached=24.1%
[monitor] ['21%', '97%', '79%', '100%']  memcached=20.7%
[monitor] ['21%', '100%', '77%', '100%']  memcached=21.4%
[monitor] ['23%', '100%', '77%', '100%']  memcached=23.3%
[monitor] ['24%', '100%', '77%', '100%']  memcached=24.1%
[monitor] ['26%', '100%', '79%', '100%']  memcached=25.8%
[monitor] ['15%', '100%', '77%', '100%']  memcached=14.8%
[monitor] ['27%', '97%', '77%', '97%']  memcached=26.7%
[monitor] ['19%', '100%', '75%', '100%']  memcached=18.5%
[monitor] ['66%', '100%', '77%', '100%']  memcached=65.5%
[monitor] ['100%', '97%', '83%', '100%']  memcached=100.0%
[MEMCACHED] cores updated to: ['0', '2', '3']
[streamcluster] cores updated to: [1]
[monitor] ['100%', '100%', '94%', '100%']  memcached=293.8%
[monitor] ['94%', '100%', '74%', '83%']  memcached=250.7%
[monitor] ['79%', '100%', '73%', '78%']  memcached=230.8%
[monitor] ['78%', '100%', '74%', '76%']  memcached=228.5%
[monitor] ['81%', '100%', '71%', '80%']  memcached=232.0%
[monitor] ['86%', '100%', '78%', '82%']  memcached=245.8%
[monitor] ['80%', '100%', '73%', '78%']  memcached=231.4%
[monitor] ['78%', '100%', '74%', '77%']  memcached=228.6%
[monitor] ['79%', '100%', '72%', '81%']  memcached=232.2%
[monitor] ['79%', '100%', '71%', '78%']  memcached=228.6%
[monitor] ['81%', '100%', '72%', '80%']  memcached=233.3%
[monitor] ['80%', '100%', '75%', '78%']  memcached=232.8%
[monitor] ['80%', '100%', '72%', '77%']  memcached=229.4%
[monitor] ['83%', '100%', '76%', '83%']  memcached=242.0%
[monitor] ['74%', '100%', '69%', '72%']  memcached=214.3%
[monitor] ['21%', '100%', '17%', '21%']  memcached=59.4%
[MEMCACHED] cores updated to: ['0', '3']
[streamcluster] cores updated to: [2, 1]
[monitor] ['42%', '97%', '97%', '47%']  memcached=89.6%
[monitor] ['44%', '93%', '94%', '39%']  memcached=83.8%
[monitor] ['39%', '93%', '100%', '41%']  memcached=80.6%
[monitor] ['46%', '97%', '97%', '42%']  memcached=88.1%
[monitor] ['46%', '94%', '94%', '44%']  memcached=90.2%
[monitor] ['38%', '97%', '97%', '39%']  memcached=76.9%
[monitor] ['41%', '96%', '97%', '43%']  memcached=84.0%
[monitor] ['38%', '93%', '97%', '38%']  memcached=75.7%
[monitor] ['46%', '97%', '90%', '50%']  memcached=95.7%
[monitor] ['43%', '93%', '93%', '38%']  memcached=80.4%
[monitor] ['41%', '93%', '97%', '36%']  memcached=77.5%
[monitor] ['38%', '97%', '93%', '41%']  memcached=78.7%
[monitor] ['40%', '90%', '97%', '41%']  memcached=81.2%
[monitor] ['39%', '97%', '90%', '38%']  memcached=77.6%
[monitor] ['39%', '97%', '93%', '41%']  memcached=80.6%
[monitor] ['66%', '97%', '94%', '62%']  memcached=127.5%
[monitor] ['74%', '79%', '100%', '88%']  memcached=161.9%
[MEMCACHED] cores updated to: ['0', '1', '3']
[streamcluster] cores updated to: [2]
[monitor] ['66%', '65%', '100%', '64%']  memcached=194.5%
[monitor] ['71%', '66%', '100%', '66%']  memcached=202.5%
[monitor] ['73%', '67%', '100%', '68%']  memcached=208.1%
[monitor] ['68%', '66%', '100%', '63%']  memcached=197.3%
[monitor] ['69%', '64%', '100%', '66%']  memcached=199.0%
[monitor] ['67%', '64%', '100%', '61%']  memcached=191.7%
[monitor] ['70%', '65%', '100%', '65%']  memcached=200.0%
[monitor] ['68%', '64%', '100%', '65%']  memcached=197.2%
[monitor] ['69%', '64%', '100%', '65%']  memcached=198.0%
[monitor] ['69%', '65%', '100%', '64%']  memcached=198.2%
[monitor] ['68%', '63%', '100%', '66%']  memcached=196.2%
[monitor] ['70%', '65%', '100%', '65%']  memcached=200.0%
[monitor] ['68%', '64%', '100%', '67%']  memcached=199.0%
[monitor] ['69%', '67%', '100%', '65%']  memcached=200.1%
[monitor] ['72%', '68%', '100%', '68%']  memcached=208.2%
[monitor] ['81%', '74%', '100%', '75%']  memcached=229.8%
[monitor] ['80%', '77%', '100%', '75%']  memcached=232.1%
[monitor] ['81%', '75%', '100%', '77%']  memcached=232.7%
[monitor] ['81%', '78%', '100%', '77%']  memcached=235.5%
[monitor] ['79%', '74%', '100%', '75%']  memcached=228.7%
[monitor] ['85%', '80%', '100%', '78%']  memcached=243.2%
[monitor] ['85%', '78%', '100%', '80%']  memcached=243.1%
[monitor] ['88%', '81%', '100%', '81%']  memcached=249.9%
[monitor] ['88%', '78%', '100%', '82%']  memcached=248.6%
[monitor] ['88%', '82%', '100%', '80%']  memcached=250.1%
[monitor] ['81%', '75%', '100%', '76%']  memcached=231.2%
[monitor] ['82%', '75%', '100%', '77%']  memcached=234.0%
[monitor] ['81%', '77%', '100%', '77%']  memcached=234.8%
[monitor] ['83%', '78%', '100%', '77%']  memcached=237.8%
[monitor] ['88%', '79%', '100%', '81%']  memcached=247.8%
[monitor] ['80%', '76%', '100%', '75%']  memcached=231.5%
[monitor] ['53%', '52%', '100%', '52%']  memcached=156.2%
[monitor] ['23%', '17%', '100%', '14%']  memcached=54.1%
[MEMCACHED] cores updated to: ['0', '3']
[streamcluster] cores updated to: [2, 1]
[monitor] ['38%', '93%', '97%', '29%']  memcached=67.3%
[MEMCACHED] cores updated to: ['0']
[streamcluster] cores updated to: [2, 1, 3]
[monitor] ['61%', '100%', '77%', '97%']  memcached=61.0%
[monitor] ['60%', '100%', '80%', '100%']  memcached=60.5%
[monitor] ['60%', '100%', '80%', '100%']  memcached=60.5%
[monitor] ['61%', '100%', '81%', '100%']  memcached=61.0%
[monitor] ['57%', '100%', '77%', '100%']  memcached=57.1%
[monitor] ['61%', '97%', '79%', '100%']  memcached=61.0%
[monitor] ['60%', '100%', '77%', '100%']  memcached=60.5%
[monitor] ['60%', '100%', '79%', '100%']  memcached=59.5%
[monitor] ['60%', '100%', '77%', '100%']  memcached=60.5%
[monitor] ['63%', '100%', '83%', '100%']  memcached=62.8%
[monitor] ['62%', '100%', '80%', '97%']  memcached=62.5%
[monitor] ['60%', '97%', '77%', '100%']  memcached=59.5%
[monitor] ['62%', '100%', '79%', '100%']  memcached=61.9%
[monitor] ['61%', '100%', '80%', '100%']  memcached=61.0%
[monitor] ['81%', '100%', '80%', '100%']  memcached=80.6%
[MEMCACHED] cores updated to: ['0', '3']
[streamcluster] cores updated to: [2, 1]
[monitor] ['66%', '97%', '93%', '60%']  memcached=125.8%
[monitor] ['64%', '93%', '100%', '62%']  memcached=125.6%
[monitor] ['61%', '97%', '93%', '62%']  memcached=122.1%
[monitor] ['63%', '90%', '97%', '61%']  memcached=123.7%
[monitor] ['61%', '97%', '93%', '66%']  memcached=126.9%
[monitor] ['61%', '87%', '100%', '59%']  memcached=120.0%
[monitor] ['61%', '83%', '100%', '62%']  memcached=122.6%
[monitor] ['61%', '87%', '93%', '61%']  memcached=121.1%
[monitor] ['62%', '93%', '100%', '63%']  memcached=125.3%
[monitor] ['61%', '86%', '93%', '62%']  memcached=122.1%
[monitor] ['61%', '89%', '97%', '61%']  memcached=121.1%
[monitor] ['60%', '97%', '90%', '62%']  memcached=122.5%
[monitor] ['62%', '90%', '97%', '61%']  memcached=122.6%
[monitor] ['61%', '97%', '93%', '63%']  memcached=124.5%
[monitor] ['59%', '93%', '97%', '63%']  memcached=122.6%
[monitor] ['76%', '93%', '93%', '69%']  memcached=144.2%
[monitor] ['88%', '97%', '93%', '76%']  memcached=163.6%
[MEMCACHED] cores updated to: ['0', '2', '3']
[streamcluster] cores updated to: [1]
[monitor] ['68%', '100%', '62%', '68%']  memcached=197.3%
[monitor] ['68%', '100%', '60%', '66%']  memcached=193.4%
[monitor] ['66%', '100%', '58%', '68%']  memcached=192.5%
[monitor] ['68%', '100%', '61%', '66%']  memcached=194.5%
[monitor] ['68%', '100%', '62%', '67%']  memcached=196.4%
[monitor] ['68%', '100%', '62%', '66%']  memcached=196.4%
[monitor] ['67%', '100%', '61%', '68%']  memcached=196.2%
[monitor] ['68%', '100%', '62%', '68%']  memcached=198.2%
[monitor] ['65%', '100%', '61%', '67%']  memcached=192.6%
[monitor] ['68%', '100%', '60%', '68%']  memcached=195.1%
[monitor] ['68%', '100%', '60%', '68%']  memcached=196.0%
[monitor] ['68%', '100%', '60%', '67%']  memcached=195.1%
[monitor] ['68%', '100%', '61%', '68%']  memcached=196.2%
[monitor] ['70%', '100%', '64%', '68%']  memcached=202.6%
[monitor] ['69%', '100%', '61%', '68%']  memcached=198.1%
[monitor] ['69%', '100%', '65%', '70%']  memcached=204.4%
[monitor] ['74%', '100%', '66%', '71%']  memcached=210.5%
[monitor] ['74%', '100%', '68%', '73%']  memcached=214.2%
[monitor] ['74%', '100%', '65%', '69%']  memcached=207.8%
[monitor] ['72%', '100%', '67%', '69%']  memcached=207.9%
[monitor] ['74%', '100%', '67%', '72%']  memcached=212.4%
[monitor] ['70%', '100%', '64%', '69%']  memcached=203.6%
[monitor] ['74%', '100%', '67%', '72%']  memcached=212.6%
[monitor] ['72%', '100%', '64%', '68%']  memcached=204.5%
[monitor] ['73%', '100%', '68%', '71%']  memcached=212.0%
[monitor] ['71%', '100%', '66%', '71%']  memcached=208.2%
[monitor] ['71%', '100%', '66%', '70%']  memcached=207.1%
[monitor] ['73%', '100%', '67%', '70%']  memcached=209.9%
[monitor] ['76%', '100%', '69%', '76%']  memcached=220.8%
[monitor] ['73%', '100%', '67%', '73%']  memcached=212.6%
[monitor] ['73%', '100%', '66%', '70%']  memcached=209.0%
[monitor] ['64%', '100%', '55%', '63%']  memcached=181.3%
[monitor] ['47%', '100%', '42%', '50%']  memcached=139.5%
[MEMCACHED] cores updated to: ['0', '3']
[streamcluster] cores updated to: [2, 1]
[monitor] ['65%', '93%', '97%', '66%']  memcached=130.7%
[monitor] ['67%', '100%', '97%', '66%']  memcached=132.5%
[monitor] ['68%', '90%', '93%', '64%']  memcached=132.3%
[monitor] ['67%', '97%', '100%', '68%']  memcached=134.2%
[monitor] ['68%', '90%', '97%', '68%']  memcached=135.9%
[monitor] ['65%', '97%', '87%', '63%']  memcached=128.0%
[monitor] ['69%', '87%', '100%', '66%']  memcached=135.0%
[monitor] ['68%', '84%', '93%', '66%']  memcached=133.3%
[monitor] ['68%', '93%', '97%', '65%']  memcached=133.3%
[monitor] ['70%', '87%', '97%', '68%']  memcached=137.8%
[monitor] ['69%', '97%', '93%', '69%']  memcached=138.5%
[monitor] ['68%', '90%', '97%', '65%']  memcached=132.4%
[monitor] ['68%', '93%', '97%', '64%']  memcached=132.5%
[monitor] ['66%', '97%', '94%', '67%']  memcached=132.5%
[monitor] ['65%', '83%', '100%', '67%']  memcached=131.5%
[monitor] ['97%', '90%', '80%', '94%']  memcached=190.6%
[MEMCACHED] cores updated to: ['0', '1', '3']
[streamcluster] cores updated to: [2]
[monitor] ['82%', '80%', '100%', '77%']  memcached=239.5%
[monitor] ['80%', '75%', '100%', '73%']  memcached=228.0%
[monitor] ['82%', '79%', '100%', '76%']  memcached=237.7%
[monitor] ['86%', '78%', '100%', '81%']  memcached=245.0%
[monitor] ['82%', '79%', '100%', '80%']  memcached=241.1%
[monitor] ['83%', '78%', '100%', '74%']  memcached=236.0%
[monitor] ['83%', '78%', '100%', '76%']  memcached=236.3%
[monitor] ['80%', '74%', '100%', '77%']  memcached=231.4%
[monitor] ['80%', '75%', '100%', '75%']  memcached=230.0%
[monitor] ['81%', '75%', '100%', '75%']  memcached=231.1%
[monitor] ['78%', '78%', '100%', '75%']  memcached=230.6%
[monitor] ['75%', '74%', '100%', '73%']  memcached=222.3%
[monitor] ['81%', '76%', '100%', '74%']  memcached=230.5%
[monitor] ['81%', '74%', '100%', '76%']  memcached=231.3%
[monitor] ['81%', '78%', '100%', '76%']  memcached=234.0%
[monitor] ['68%', '65%', '100%', '66%']  memcached=198.2%
[monitor] ['61%', '54%', '100%', '56%']  memcached=170.4%
[monitor] ['62%', '58%', '100%', '57%']  memcached=177.3%
[monitor] ['61%', '56%', '100%', '57%']  memcached=172.8%
[monitor] ['59%', '57%', '100%', '58%']  memcached=174.1%
[monitor] ['67%', '58%', '100%', '58%']  memcached=183.3%
[monitor] ['66%', '58%', '100%', '59%']  memcached=183.1%
[monitor] ['64%', '61%', '100%', '58%']  memcached=182.5%
[monitor] ['59%', '54%', '100%', '53%']  memcached=166.7%
[monitor] ['61%', '54%', '100%', '57%']  memcached=171.6%
[monitor] ['63%', '57%', '100%', '56%']  memcached=175.5%
[monitor] ['59%', '56%', '100%', '56%']  memcached=170.6%
[monitor] ['61%', '54%', '100%', '57%']  memcached=171.6%
[monitor] ['62%', '57%', '100%', '57%']  memcached=176.1%
[monitor] ['59%', '56%', '100%', '59%']  memcached=174.5%
[monitor] ['61%', '57%', '100%', '56%']  memcached=172.8%
[monitor] ['59%', '57%', '100%', '56%']  memcached=171.8%
[monitor] ['73%', '69%', '100%', '67%']  memcached=209.1%
[monitor] ['75%', '69%', '100%', '73%']  memcached=217.4%
[monitor] ['73%', '72%', '100%', '70%']  memcached=215.5%
[monitor] ['72%', '70%', '100%', '68%']  memcached=210.1%
[monitor] ['73%', '68%', '100%', '70%']  memcached=211.7%
[monitor] ['76%', '70%', '100%', '70%']  memcached=216.2%
[monitor] ['73%', '69%', '100%', '69%']  memcached=211.9%
[monitor] ['73%', '68%', '100%', '68%']  memcached=209.8%
[monitor] ['73%', '70%', '100%', '68%']  memcached=211.7%
[monitor] ['72%', '70%', '100%', '70%']  memcached=212.8%
[monitor] ['72%', '68%', '100%', '68%']  memcached=206.9%
[monitor] ['72%', '70%', '100%', '70%']  memcached=212.8%
[monitor] ['76%', '69%', '100%', '68%']  memcached=211.8%
[monitor] ['70%', '68%', '100%', '68%']  memcached=206.3%
[monitor] ['75%', '69%', '100%', '69%']  memcached=213.9%
[monitor] ['72%', '68%', '100%', '68%']  memcached=207.4%
[monitor] ['75%', '70%', '100%', '69%']  memcached=214.7%
[monitor] ['73%', '67%', '100%', '68%']  memcached=208.1%
[monitor] ['71%', '67%', '100%', '65%']  memcached=202.6%
[monitor] ['68%', '65%', '100%', '65%']  memcached=197.3%
[monitor] ['69%', '65%', '100%', '65%']  memcached=198.3%
[monitor] ['68%', '66%', '100%', '66%']  memcached=199.1%
[monitor] ['68%', '67%', '100%', '65%']  memcached=200.0%
[monitor] ['68%', '68%', '100%', '63%']  memcached=199.7%
[monitor] ['70%', '63%', '100%', '66%']  memcached=198.9%
[monitor] ['68%', '63%', '100%', '65%']  memcached=196.4%
[monitor] ['70%', '65%', '100%', '67%']  memcached=201.6%
[monitor] ['69%', '66%', '100%', '66%']  memcached=200.8%
[monitor] ['69%', '66%', '100%', '66%']  memcached=201.0%
[monitor] ['68%', '65%', '100%', '65%']  memcached=198.2%
[monitor] ['70%', '68%', '100%', '68%']  memcached=206.3%
[monitor] ['68%', '65%', '100%', '64%']  memcached=197.2%
[monitor] ['69%', '65%', '100%', '63%']  memcached=197.5%
[monitor] ['68%', '64%', '100%', '66%']  memcached=198.0%
[monitor] ['69%', '65%', '100%', '65%']  memcached=199.2%
[monitor] ['69%', '68%', '100%', '68%']  memcached=206.3%
[monitor] ['71%', '68%', '100%', '65%']  memcached=203.5%
[monitor] ['68%', '65%', '100%', '66%']  memcached=198.2%
[monitor] ['73%', '66%', '100%', '68%']  memcached=206.3%
[monitor] ['70%', '68%', '100%', '67%']  memcached=205.4%
[monitor] ['68%', '67%', '100%', '65%']  memcached=199.1%
[monitor] ['69%', '64%', '100%', '65%']  memcached=198.2%
[monitor] ['68%', '64%', '100%', '66%']  memcached=198.1%
[monitor] ['72%', '69%', '100%', '65%']  memcached=205.9%
[monitor] ['70%', '63%', '100%', '65%']  memcached=198.0%
[monitor] ['68%', '68%', '100%', '68%']  memcached=203.6%
[monitor] ['70%', '66%', '100%', '64%']  memcached=199.9%
[monitor] ['69%', '67%', '100%', '67%']  memcached=202.8%
[monitor] ['69%', '65%', '100%', '65%']  memcached=199.0%
[monitor] ['73%', '65%', '100%', '68%']  memcached=205.2%
[monitor] ['88%', '83%', '100%', '86%']  memcached=256.9%
[monitor] ['88%', '83%', '100%', '82%']  memcached=253.1%
[monitor] ['88%', '82%', '100%', '82%']  memcached=252.9%
[monitor] ['88%', '82%', '100%', '83%']  memcached=253.4%
[monitor] ['91%', '86%', '100%', '82%']  memcached=259.0%
[monitor] ['88%', '83%', '100%', '85%']  memcached=255.2%
[monitor] ['91%', '84%', '100%', '85%']  memcached=260.6%
[monitor] ['88%', '83%', '100%', '83%']  memcached=253.6%
[monitor] ['88%', '83%', '100%', '82%']  memcached=253.4%
[monitor] ['88%', '85%', '100%', '85%']  memcached=258.4%
[monitor] ['88%', '82%', '100%', '83%']  memcached=253.6%
[monitor] ['88%', '83%', '100%', '85%']  memcached=255.6%
[monitor] ['88%', '82%', '100%', '83%']  memcached=252.9%
[monitor] ['88%', '86%', '100%', '85%']  memcached=259.3%
[monitor] ['91%', '82%', '100%', '82%']  memcached=254.3%
[monitor] ['88%', '83%', '100%', '86%']  memcached=256.8%
[monitor] ['82%', '80%', '100%', '77%']  memcached=239.5%
[monitor] ['78%', '71%', '100%', '74%']  memcached=222.1%
[monitor] ['81%', '76%', '100%', '75%']  memcached=231.2%
[monitor] ['78%', '73%', '100%', '74%']  memcached=224.9%
[monitor] ['78%', '75%', '100%', '72%']  memcached=225.0%
[monitor] ['74%', '73%', '100%', '74%']  memcached=220.9%
[monitor] ['80%', '74%', '100%', '76%']  memcached=230.0%
[monitor] ['78%', '73%', '100%', '73%']  memcached=223.7%
[monitor] ['79%', '74%', '100%', '73%']  memcached=226.7%
[monitor] ['78%', '73%', '100%', '74%']  memcached=224.9%
[monitor] ['77%', '76%', '100%', '73%']  memcached=225.8%
[monitor] ['76%', '71%', '100%', '75%']  memcached=221.3%
[monitor] ['83%', '76%', '100%', '76%']  memcached=235.3%
[monitor] ['81%', '77%', '100%', '75%']  memcached=232.7%
[monitor] ['82%', '75%', '100%', '76%']  memcached=233.0%
[monitor] ['78%', '72%', '100%', '75%']  memcached=225.6%
[monitor] ['78%', '74%', '100%', '72%']  memcached=223.5%
[monitor] ['27%', '23%', '100%', '24%']  memcached=74.1%
[MEMCACHED] cores updated to: ['0', '3']
[streamcluster] cores updated to: [2, 1]
[monitor] ['15%', '93%', '97%', '23%']  memcached=38.1%
[MEMCACHED] cores updated to: ['0']
[streamcluster] cores updated to: [2, 1, 3]
[monitor] ['56%', '100%', '77%', '97%']  memcached=56.1%
[monitor] ['52%', '100%', '79%', '100%']  memcached=52.5%
[monitor] ['54%', '100%', '77%', '100%']  memcached=53.7%
[monitor] ['50%', '97%', '79%', '100%']  memcached=50.0%
[monitor] ['54%', '100%', '81%', '100%']  memcached=53.7%
[monitor] ['52%', '100%', '77%', '100%']  memcached=52.5%
[monitor] ['54%', '100%', '77%', '100%']  memcached=53.8%
[monitor] ['50%', '100%', '79%', '100%']  memcached=50.0%
[monitor] ['55%', '100%', '77%', '100%']  memcached=54.8%
[monitor] ['51%', '100%', '80%', '100%']  memcached=51.3%
[monitor] ['54%', '97%', '77%', '97%']  memcached=53.8%
[monitor] ['55%', '100%', '79%', '100%']  memcached=55.3%
[monitor] ['51%', '100%', '79%', '100%']  memcached=51.3%
[monitor] ['56%', '100%', '80%', '100%']  memcached=56.1%
[monitor] ['71%', '97%', '77%', '100%']  memcached=70.6%
[monitor] ['100%', '93%', '83%', '100%']  memcached=100.0%
[MEMCACHED] cores updated to: ['0', '2', '3']
[streamcluster] cores updated to: [1]
[monitor] ['93%', '100%', '84%', '88%']  memcached=265.6%
[monitor] ['76%', '100%', '69%', '74%']  memcached=219.2%
[monitor] ['78%', '100%', '72%', '78%']  memcached=228.4%
[monitor] ['76%', '100%', '69%', '76%']  memcached=220.8%
[monitor] ['76%', '100%', '69%', '76%']  memcached=220.8%
[monitor] ['75%', '100%', '69%', '73%']  memcached=217.4%
[monitor] ['76%', '100%', '69%', '73%']  memcached=217.9%
[monitor] ['76%', '100%', '71%', '76%']  memcached=223.0%
[monitor] ['77%', '100%', '70%', '76%']  memcached=223.1%
[monitor] ['73%', '100%', '67%', '73%']  memcached=212.6%
[monitor] ['76%', '100%', '67%', '72%']  memcached=215.2%
[monitor] ['73%', '100%', '68%', '74%']  memcached=214.2%
[monitor] ['73%', '100%', '68%', '73%']  memcached=213.5%
[monitor] ['75%', '100%', '69%', '74%']  memcached=217.3%
[monitor] ['75%', '100%', '69%', '72%']  memcached=216.5%
[monitor] ['68%', '100%', '62%', '68%']  memcached=198.2%
[monitor] ['66%', '100%', '61%', '66%']  memcached=192.7%
[monitor] ['68%', '100%', '62%', '68%']  memcached=198.2%
[monitor] ['68%', '100%', '60%', '69%']  memcached=197.7%
[monitor] ['68%', '100%', '62%', '65%']  memcached=195.4%
[monitor] ['68%', '100%', '63%', '68%']  memcached=199.1%
[monitor] ['68%', '100%', '64%', '66%']  memcached=198.1%
[monitor] ['70%', '100%', '63%', '69%']  memcached=202.7%
[monitor] ['71%', '100%', '65%', '71%']  memcached=207.0%
[monitor] ['71%', '100%', '66%', '71%']  memcached=207.9%
[monitor] ['72%', '100%', '68%', '70%']  memcached=209.6%
[monitor] ['68%', '100%', '62%', '68%']  memcached=197.2%
[monitor] ['68%', '100%', '60%', '68%']  memcached=195.1%
[monitor] ['68%', '100%', '65%', '67%']  memcached=200.0%
[monitor] ['69%', '100%', '62%', '72%']  memcached=203.4%
[monitor] ['69%', '100%', '66%', '68%']  memcached=202.6%
[monitor] ['63%', '100%', '56%', '62%']  memcached=180.6%
[monitor] ['56%', '100%', '49%', '54%']  memcached=158.2%
[monitor] ['54%', '100%', '47%', '53%']  memcached=153.9%
[monitor] ['54%', '100%', '45%', '54%']  memcached=153.6%
[monitor] ['53%', '100%', '47%', '58%']  memcached=157.7%
[monitor] ['54%', '100%', '41%', '51%']  memcached=146.0%
[monitor] ['56%', '100%', '51%', '54%']  memcached=161.3%
[monitor] ['55%', '100%', '42%', '54%']  memcached=151.7%
[monitor] ['51%', '100%', '47%', '51%']  memcached=149.8%
[monitor] ['51%', '100%', '44%', '53%']  memcached=148.2%
[monitor] ['53%', '100%', '44%', '53%']  memcached=149.3%
[monitor] ['51%', '100%', '47%', '51%']  memcached=149.9%
[monitor] ['54%', '100%', '42%', '55%']  memcached=151.7%
[monitor] ['54%', '100%', '45%', '50%']  memcached=149.5%
[monitor] ['54%', '100%', '49%', '55%']  memcached=157.9%
[monitor] ['57%', '100%', '47%', '57%']  memcached=160.6%
[monitor] ['54%', '100%', '49%', '54%']  memcached=156.7%
[monitor] ['61%', '100%', '55%', '62%']  memcached=177.3%
[monitor] ['67%', '100%', '58%', '67%']  memcached=191.7%
[monitor] ['64%', '100%', '62%', '66%']  memcached=192.4%
[monitor] ['68%', '100%', '62%', '67%']  memcached=196.3%
[monitor] ['66%', '100%', '57%', '65%']  memcached=187.5%
[monitor] ['63%', '100%', '54%', '61%']  memcached=178.0%
[monitor] ['64%', '100%', '58%', '65%']  memcached=187.4%
[monitor] ['62%', '100%', '56%', '61%']  memcached=178.2%
[monitor] ['62%', '100%', '54%', '59%']  memcached=175.9%
[monitor] ['62%', '100%', '56%', '62%']  memcached=179.9%
[monitor] ['62%', '100%', '56%', '62%']  memcached=180.6%
[monitor] ['63%', '100%', '54%', '63%']  memcached=180.6%
[monitor] ['64%', '100%', '56%', '62%']  memcached=181.5%
[monitor] ['61%', '100%', '56%', '64%']  memcached=180.8%
[monitor] ['63%', '100%', '56%', '62%']  memcached=180.9%
[monitor] ['64%', '100%', '58%', '62%']  memcached=184.9%
[monitor] ['64%', '100%', '56%', '63%']  memcached=182.8%
[monitor] ['71%', '100%', '68%', '71%']  memcached=209.7%
[monitor] ['73%', '100%', '67%', '73%']  memcached=212.6%
[monitor] ['73%', '100%', '68%', '73%']  memcached=213.5%
[monitor] ['73%', '100%', '68%', '70%']  memcached=210.8%
[monitor] ['72%', '100%', '65%', '74%']  memcached=210.8%
[monitor] ['73%', '100%', '68%', '70%']  memcached=210.8%
[monitor] ['74%', '100%', '66%', '73%']  memcached=212.4%
[monitor] ['71%', '100%', '63%', '71%']  memcached=205.0%
[monitor] ['72%', '100%', '69%', '71%']  memcached=212.5%
[monitor] ['74%', '100%', '66%', '71%']  memcached=211.1%
[monitor] ['73%', '100%', '70%', '76%']  memcached=218.6%
[monitor] ['76%', '100%', '71%', '78%']  memcached=225.1%
[monitor] ['73%', '100%', '68%', '73%']  memcached=213.5%
[monitor] ['74%', '100%', '70%', '73%']  memcached=216.9%
[monitor] ['75%', '100%', '70%', '76%']  memcached=221.6%
[monitor] ['76%', '100%', '72%', '76%']  memcached=224.4%
[monitor] ['49%', '100%', '42%', '45%']  memcached=136.2%
[MEMCACHED] cores updated to: ['0', '3']
[streamcluster] cores updated to: [2, 1]
[monitor] ['27%', '97%', '93%', '26%']  memcached=52.5%
[MEMCACHED] cores updated to: ['0']
[streamcluster] cores updated to: [2, 1, 3]
[monitor] ['54%', '97%', '80%', '100%']  memcached=53.7%
[monitor] ['55%', '100%', '80%', '97%']  memcached=55.0%
[monitor] ['54%', '100%', '77%', '100%']  memcached=53.8%
[monitor] ['52%', '100%', '79%', '100%']  memcached=52.5%
[monitor] ['56%', '100%', '77%', '100%']  memcached=56.1%
[monitor] ['52%', '97%', '79%', '100%']  memcached=52.5%
[monitor] ['52%', '100%', '77%', '100%']  memcached=52.5%
[monitor] ['52%', '100%', '79%', '100%']  memcached=52.5%
[monitor] ['54%', '100%', '80%', '100%']  memcached=53.8%
[monitor] ['54%', '100%', '77%', '100%']  memcached=53.7%
[monitor] ['57%', '100%', '79%', '100%']  memcached=57.1%
[monitor] ['52%', '100%', '80%', '100%']  memcached=52.5%
[monitor] ['56%', '97%', '77%', '100%']  memcached=56.1%
[monitor] ['54%', '100%', '79%', '100%']  memcached=53.7%
[monitor] ['59%', '100%', '81%', '97%']  memcached=59.0%
[monitor] ['97%', '100%', '79%', '100%']  memcached=96.8%
[MEMCACHED] cores updated to: ['0', '1', '3']
[streamcluster] cores updated to: [2]
[monitor] ['61%', '59%', '100%', '57%']  memcached=176.3%
[monitor] ['58%', '56%', '100%', '56%']  memcached=169.4%
[monitor] ['57%', '57%', '100%', '53%']  memcached=166.5%
[monitor] ['58%', '51%', '100%', '54%']  memcached=163.4%
[monitor] ['62%', '58%', '100%', '56%']  memcached=176.1%
[monitor] ['59%', '51%', '100%', '53%']  memcached=163.2%
[monitor] ['59%', '58%', '100%', '57%']  memcached=174.1%
[monitor] ['62%', '55%', '100%', '53%']  memcached=170.5%
[monitor] ['58%', '53%', '100%', '57%']  memcached=167.6%
[monitor] ['58%', '50%', '100%', '53%']  memcached=160.7%
[monitor] ['62%', '56%', '100%', '55%']  memcached=173.3%
[monitor] ['61%', '54%', '100%', '56%']  memcached=170.1%
[monitor] ['61%', '56%', '100%', '54%']  memcached=170.1%
[monitor] ['58%', '51%', '100%', '54%']  memcached=163.4%
[monitor] ['59%', '56%', '100%', '53%']  memcached=167.3%
[monitor] ['77%', '72%', '100%', '71%']  memcached=220.8%
[monitor] ['85%', '80%', '100%', '80%']  memcached=245.3%
[monitor] ['85%', '81%', '100%', '81%']  memcached=246.9%
[monitor] ['86%', '82%', '100%', '81%']  memcached=248.6%
[monitor] ['85%', '80%', '100%', '80%']  memcached=245.3%
[monitor] ['85%', '81%', '100%', '81%']  memcached=246.9%
[monitor] ['86%', '83%', '100%', '80%']  memcached=248.6%
[monitor] ['85%', '80%', '100%', '81%']  memcached=246.4%
[monitor] ['85%', '81%', '100%', '79%']  memcached=245.3%
[monitor] ['83%', '80%', '100%', '81%']  memcached=243.4%
[monitor] ['85%', '80%', '100%', '81%']  memcached=245.8%
[monitor] ['85%', '80%', '100%', '83%']  memcached=248.2%
[monitor] ['86%', '83%', '100%', '80%']  memcached=248.6%
[monitor] ['86%', '80%', '100%', '81%']  memcached=246.3%
[monitor] ['85%', '80%', '100%', '79%']  memcached=244.3%
[monitor] ['86%', '83%', '100%', '83%']  memcached=251.4%
[monitor] ['86%', '80%', '100%', '80%']  memcached=245.7%
[monitor] ['23%', '18%', '100%', '21%']  memcached=61.9%
[MEMCACHED] cores updated to: ['0', '3']
[streamcluster] cores updated to: [2, 1]
[monitor] ['43%', '97%', '94%', '44%']  memcached=87.3%
[monitor] ['39%', '97%', '93%', '43%']  memcached=82.3%
[monitor] ['41%', '87%', '97%', '36%']  memcached=77.5%
[monitor] ['40%', '93%', '93%', '43%']  memcached=82.9%
[monitor] ['39%', '90%', '94%', '44%']  memcached=83.8%
[monitor] ['41%', '93%', '97%', '44%']  memcached=85.6%
[monitor] ['39%', '93%', '97%', '38%']  memcached=77.6%
[monitor] ['41%', '97%', '90%', '41%']  memcached=82.4%
[monitor] ['41%', '97%', '93%', '41%']  memcached=82.4%
[monitor] ['35%', '97%', '93%', '42%']  memcached=77.2%
[monitor] ['40%', '94%', '97%', '39%']  memcached=79.4%
[monitor] ['41%', '97%', '94%', '39%']  memcached=80.6%
[monitor] ['43%', '94%', '97%', '40%']  memcached=82.9%
[monitor] ['41%', '93%', '93%', '38%']  memcached=78.7%
[monitor] ['38%', '93%', '97%', '39%']  memcached=76.9%
[monitor] ['57%', '93%', '97%', '55%']  memcached=112.0%
[monitor] ['70%', '100%', '93%', '67%']  memcached=136.9%
[monitor] ['66%', '84%', '97%', '71%']  memcached=136.8%
[monitor] ['71%', '93%', '97%', '68%']  memcached=138.6%
[monitor] ['71%', '97%', '97%', '68%']  memcached=138.6%
[monitor] ['72%', '90%', '97%', '70%']  memcached=141.8%
[monitor] ['64%', '94%', '32%', '66%']  memcached=129.7%
[monitor] ['67%', '90%', '64%', '64%']  memcached=130.6%
[monitor] ['73%', '97%', '87%', '72%']  memcached=144.8%
[monitor] ['70%', '90%', '93%', '72%']  memcached=142.5%
[monitor] ['72%', '97%', '90%', '72%']  memcached=143.6%
[monitor] ['68%', '93%', '100%', '68%']  memcached=135.1%
[monitor] ['70%', '90%', '97%', '69%']  memcached=139.5%
[monitor] ['74%', '94%', '97%', '65%']  memcached=138.5%
[monitor] ['71%', '93%', '93%', '67%']  memcached=137.7%
[monitor] ['68%', '93%', '97%', '71%']  memcached=138.6%
[monitor] ['71%', '93%', '93%', '68%']  memcached=138.6%
[monitor] ['97%', '100%', '72%', '94%']  memcached=190.2%
[MEMCACHED] cores updated to: ['0', '2', '3']
[streamcluster] cores updated to: [1]
[monitor] ['94%', '100%', '82%', '91%']  memcached=267.0%
[monitor] ['85%', '100%', '77%', '85%']  memcached=247.7%
[monitor] ['91%', '100%', '81%', '88%']  memcached=259.6%
[monitor] ['85%', '100%', '79%', '82%']  memcached=247.1%
[monitor] ['86%', '100%', '78%', '83%']  memcached=246.3%
[monitor] ['88%', '100%', '80%', '85%']  memcached=252.8%
[monitor] ['88%', '100%', '78%', '83%']  memcached=249.3%
[monitor] ['85%', '100%', '78%', '84%']  memcached=247.4%
[monitor] ['91%', '100%', '83%', '88%']  memcached=262.0%
[monitor] ['86%', '100%', '78%', '85%']  memcached=249.4%
[monitor] ['85%', '100%', '76%', '83%']  memcached=244.6%
[monitor] ['88%', '100%', '80%', '83%']  memcached=251.1%
[monitor] ['85%', '100%', '78%', '86%']  memcached=249.8%
[monitor] ['86%', '100%', '80%', '85%']  memcached=250.6%
[monitor] ['88%', '100%', '80%', '84%']  memcached=251.7%
[monitor] ['85%', '100%', '80%', '85%']  memcached=250.1%
[monitor] ['91%', '100%', '78%', '88%']  memcached=257.5%
[monitor] ['85%', '100%', '78%', '83%']  memcached=245.9%
[monitor] ['86%', '100%', '81%', '86%']  memcached=252.0%
[monitor] ['88%', '100%', '76%', '82%']  memcached=245.7%
[monitor] ['85%', '100%', '78%', '85%']  memcached=248.4%
[monitor] ['86%', '100%', '77%', '85%']  memcached=248.2%
[monitor] ['88%', '100%', '78%', '83%']  memcached=248.5%
[monitor] ['91%', '100%', '81%', '91%']  memcached=262.1%
[monitor] ['86%', '100%', '77%', '83%']  memcached=246.2%
[monitor] ['86%', '100%', '78%', '85%']  memcached=248.8%
[monitor] ['88%', '100%', '78%', '85%']  memcached=251.3%
[monitor] ['88%', '100%', '78%', '86%']  memcached=251.7%
[monitor] ['97%', '100%', '86%', '94%']  memcached=276.2%
[monitor] ['88%', '100%', '76%', '83%']  memcached=247.7%
[monitor] ['86%', '100%', '78%', '85%']  memcached=248.8%
[monitor] ['88%', '100%', '78%', '83%']  memcached=248.7%
[monitor] ['76%', '100%', '69%', '76%']  memcached=221.4%
[monitor] ['78%', '100%', '71%', '78%']  memcached=226.6%
[monitor] ['76%', '100%', '70%', '73%']  memcached=218.9%
[monitor] ['78%', '100%', '70%', '75%']  memcached=223.6%
[monitor] ['76%', '100%', '69%', '75%']  memcached=219.9%
[monitor] ['76%', '100%', '69%', '74%']  memcached=219.4%
[monitor] ['78%', '100%', '71%', '77%']  memcached=226.0%
[monitor] ['76%', '100%', '68%', '73%']  memcached=216.2%
[monitor] ['75%', '100%', '70%', '73%']  memcached=218.2%
[monitor] ['78%', '100%', '68%', '75%']  memcached=221.2%
[monitor] ['76%', '100%', '71%', '76%']  memcached=222.4%
[monitor] ['76%', '100%', '68%', '74%']  memcached=217.6%
[monitor] ['75%', '100%', '69%', '75%']  memcached=218.6%
[monitor] ['76%', '100%', '68%', '74%']  memcached=217.8%
[monitor] ['76%', '100%', '70%', '76%']  memcached=221.6%
[monitor] ['75%', '100%', '68%', '74%']  memcached=216.3%
[monitor] ['70%', '100%', '61%', '67%']  memcached=198.0%
[monitor] ['31%', '100%', '24%', '27%']  memcached=82.1%
[MEMCACHED] cores updated to: ['0', '3']
[streamcluster] cores updated to: [2, 1]
[monitor] ['50%', '86%', '97%', '47%']  memcached=97.2%
[monitor] ['50%', '82%', '97%', '51%']  memcached=101.3%
[monitor] ['50%', '87%', '97%', '50%']  memcached=100.0%
[monitor] ['50%', '93%', '97%', '50%']  memcached=100.0%
[monitor] ['51%', '93%', '97%', '54%']  memcached=105.2%
[monitor] ['49%', '93%', '94%', '49%']  memcached=97.2%
[monitor] ['50%', '97%', '90%', '47%']  memcached=97.2%
[monitor] ['51%', '93%', '97%', '52%']  memcached=103.8%
[monitor] ['50%', '97%', '90%', '51%']  memcached=101.4%
[monitor] ['49%', '90%', '100%', '52%']  memcached=101.1%
[monitor] ['51%', '83%', '97%', '47%']  memcached=98.6%
[monitor] ['49%', '93%', '96%', '50%']  memcached=98.6%
[monitor] ['47%', '87%', '97%', '49%']  memcached=95.9%
[monitor] ['51%', '97%', '93%', '49%']  memcached=100.0%
[monitor] ['49%', '87%', '97%', '51%']  memcached=100.0%
[monitor] ['81%', '93%', '81%', '79%']  memcached=160.7%
[MEMCACHED] cores updated to: ['0', '1', '3']
[streamcluster] cores updated to: [2]
[monitor] ['85%', '82%', '100%', '83%']  memcached=250.5%
[monitor] ['85%', '79%', '100%', '80%']  memcached=244.3%
[monitor] ['86%', '80%', '100%', '80%']  memcached=245.7%
[monitor] ['86%', '81%', '100%', '80%']  memcached=246.3%
[monitor] ['85%', '79%', '100%', '81%']  memcached=244.8%
[monitor] ['88%', '83%', '100%', '86%']  memcached=256.5%
[monitor] ['86%', '80%', '100%', '80%']  memcached=245.7%
[monitor] ['85%', '81%', '100%', '83%']  memcached=249.2%
[monitor] ['83%', '80%', '100%', '81%']  memcached=243.4%
[monitor] ['85%', '81%', '100%', '80%']  memcached=245.8%
[monitor] ['88%', '80%', '100%', '81%']  memcached=248.4%
[monitor] ['86%', '80%', '100%', '80%']  memcached=245.7%
[monitor] ['85%', '81%', '100%', '81%']  memcached=247.5%
[monitor] ['85%', '79%', '100%', '80%']  memcached=244.7%
[monitor] ['86%', '81%', '100%', '80%']  memcached=246.8%
[monitor] ['80%', '77%', '100%', '78%']  memcached=234.9%
[monitor] ['74%', '67%', '100%', '69%']  memcached=209.6%
[monitor] ['74%', '69%', '100%', '70%']  memcached=213.8%
[monitor] ['72%', '69%', '100%', '68%']  memcached=209.4%
[monitor] ['70%', '69%', '100%', '68%']  memcached=207.9%
[monitor] ['71%', '66%', '100%', '66%']  memcached=202.6%
[monitor] ['72%', '68%', '100%', '68%']  memcached=207.8%
[monitor] ['71%', '68%', '100%', '68%']  memcached=207.9%
[monitor] ['72%', '68%', '100%', '66%']  memcached=205.2%
[monitor] ['70%', '67%', '100%', '69%']  memcached=206.2%
[monitor] ['72%', '68%', '100%', '67%']  memcached=206.5%
[monitor] ['72%', '68%', '100%', '69%']  memcached=208.6%
[monitor] ['76%', '71%', '100%', '72%']  memcached=218.5%
[monitor] ['76%', '70%', '100%', '71%']  memcached=217.6%
[monitor] ['71%', '69%', '100%', '66%']  memcached=206.1%
[monitor] ['70%', '66%', '100%', '68%']  memcached=204.5%
[monitor] ['72%', '68%', '100%', '69%']  memcached=209.4%
[monitor] ['73%', '69%', '100%', '69%']  memcached=211.4%
[monitor] ['74%', '71%', '100%', '70%']  memcached=215.0%
[monitor] ['72%', '68%', '100%', '68%']  memcached=209.1%
[monitor] ['74%', '70%', '100%', '69%']  memcached=214.1%
[monitor] ['76%', '72%', '100%', '71%']  memcached=219.2%
[monitor] ['76%', '72%', '100%', '70%']  memcached=217.5%
[monitor] ['78%', '72%', '100%', '73%']  memcached=223.0%
[monitor] ['71%', '69%', '100%', '69%']  memcached=209.5%
[monitor] ['72%', '67%', '100%', '69%']  memcached=208.4%
[monitor] ['73%', '68%', '100%', '68%']  memcached=209.0%
[monitor] ['71%', '71%', '100%', '68%']  memcached=210.5%
[monitor] ['72%', '67%', '100%', '68%']  memcached=206.0%
[monitor] ['74%', '68%', '100%', '66%']  memcached=207.9%
[monitor] ['74%', '68%', '100%', '69%']  memcached=211.3%
[monitor] ['72%', '68%', '100%', '70%']  memcached=209.6%
[monitor] ['74%', '68%', '100%', '68%']  memcached=209.7%
[monitor] ['72%', '68%', '100%', '68%']  memcached=208.6%
[monitor] ['85%', '79%', '100%', '78%']  memcached=242.2%
[monitor] ['83%', '79%', '100%', '80%']  memcached=242.3%
[monitor] ['88%', '79%', '100%', '81%']  memcached=247.7%
[monitor] ['83%', '78%', '100%', '77%']  memcached=237.8%
[monitor] ['82%', '78%', '100%', '76%']  memcached=235.8%
[monitor] ['81%', '77%', '100%', '78%']  memcached=236.0%
[monitor] ['83%', '78%', '100%', '80%']  memcached=241.7%
[monitor] ['81%', '76%', '100%', '77%']  memcached=234.0%
[monitor] ['83%', '76%', '100%', '75%']  memcached=233.5%
[monitor] ['83%', '78%', '100%', '78%']  memcached=239.0%
[monitor] ['81%', '74%', '100%', '78%']  memcached=233.1%
[monitor] ['86%', '78%', '100%', '79%']  memcached=242.4%
[monitor] ['85%', '81%', '100%', '79%']  memcached=244.8%
[monitor] ['83%', '77%', '100%', '78%']  memcached=237.8%
[monitor] ['78%', '76%', '100%', '78%']  memcached=233.1%
[monitor] ['86%', '81%', '100%', '78%']  memcached=244.0%
[monitor] ['58%', '53%', '100%', '55%']  memcached=165.7%
[monitor] ['19%', '11%', '100%', '11%']  memcached=40.8%
[MEMCACHED] cores updated to: ['0', '3']
[streamcluster] cores updated to: [2, 1]
[monitor] ['28%', '97%', '94%', '27%']  memcached=54.3%
[MEMCACHED] cores updated to: ['0']
[streamcluster] cores updated to: [2, 1, 3]
[monitor] ['52%', '97%', '76%', '100%']  memcached=52.5%
[monitor] ['54%', '100%', '80%', '100%']  memcached=53.7%
[monitor] ['51%', '100%', '77%', '100%']  memcached=51.3%
[monitor] ['55%', '100%', '79%', '100%']  memcached=55.0%
[monitor] ['54%', '97%', '77%', '100%']  memcached=53.7%
[monitor] ['52%', '100%', '80%', '100%']  memcached=52.4%
[monitor] ['54%', '100%', '77%', '97%']  memcached=53.7%
[monitor] ['54%', '100%', '80%', '100%']  memcached=53.8%
[monitor] ['55%', '100%', '80%', '100%']  memcached=54.8%
[monitor] ['52%', '100%', '79%', '100%']  memcached=52.5%
[monitor] ['52%', '97%', '77%', '100%']  memcached=52.5%
[monitor] ['54%', '100%', '79%', '100%']  memcached=53.7%
[monitor] ['52%', '100%', '80%', '100%']  memcached=52.5%
[monitor] ['52%', '100%', '77%', '97%']  memcached=52.5%
[monitor] ['69%', '100%', '79%', '100%']  memcached=69.0%
[monitor] ['71%', '97%', '79%', '100%']  memcached=71.4%
[monitor] ['71%', '100%', '77%', '100%']  memcached=71.4%
[monitor] ['71%', '100%', '80%', '100%']  memcached=70.7%
[monitor] ['69%', '100%', '83%', '100%']  memcached=69.0%
[monitor] ['70%', '97%', '77%', '100%']  memcached=69.8%
[monitor] ['71%', '100%', '82%', '100%']  memcached=71.4%
[monitor] ['71%', '100%', '81%', '100%']  memcached=71.4%
[monitor] ['71%', '100%', '83%', '100%']  memcached=70.7%
[monitor] ['70%', '100%', '79%', '100%']  memcached=69.8%
[monitor] ['70%', '100%', '81%', '100%']  memcached=70.0%
[monitor] ['70%', '97%', '82%', '100%']  memcached=70.5%
[monitor] ['69%', '100%', '81%', '97%']  memcached=69.0%
[monitor] ['71%', '100%', '80%', '100%']  memcached=71.4%
[monitor] ['72%', '100%', '83%', '100%']  memcached=72.1%
[monitor] ['71%', '100%', '83%', '100%']  memcached=70.7%
[monitor] ['76%', '97%', '80%', '100%']  memcached=76.3%
[monitor] ['94%', '100%', '83%', '100%']  memcached=93.9%
[MEMCACHED] cores updated to: ['0', '2', '3']
[streamcluster] cores updated to: [1]
[monitor] ['60%', '100%', '50%', '58%']  memcached=167.9%
[monitor] ['56%', '100%', '51%', '54%']  memcached=161.9%
[monitor] ['56%', '100%', '49%', '58%']  memcached=162.0%
[monitor] ['59%', '100%', '54%', '57%']  memcached=170.1%
[monitor] ['58%', '100%', '51%', '59%']  memcached=168.2%
[monitor] ['58%', '100%', '53%', '57%']  memcached=168.2%
[monitor] ['59%', '100%', '50%', '57%']  memcached=166.5%
[monitor] ['56%', '100%', '51%', '57%']  memcached=164.5%
[monitor] ['57%', '100%', '49%', '55%']  memcached=160.6%
[monitor] ['59%', '100%', '47%', '59%']  memcached=164.1%
[monitor] ['57%', '100%', '51%', '55%']  memcached=164.1%
[monitor] ['58%', '100%', '51%', '55%']  memcached=164.6%
[monitor] ['58%', '100%', '53%', '60%']  memcached=170.5%
[monitor] ['56%', '100%', '50%', '56%']  memcached=162.8%
[monitor] ['58%', '100%', '50%', '58%']  memcached=165.8%
[monitor] ['39%', '100%', '30%', '40%']  memcached=109.4%
[MEMCACHED] cores updated to: ['0', '3']
[streamcluster] cores updated to: [2, 1]
[monitor] ['54%', '97%', '97%', '56%']  memcached=110.5%
[monitor] ['53%', '93%', '93%', '54%']  memcached=106.5%
[monitor] ['55%', '90%', '97%', '53%']  memcached=107.9%
[monitor] ['56%', '90%', '93%', '54%']  memcached=109.9%
[monitor] ['54%', '90%', '93%', '55%']  memcached=109.3%
[monitor] ['55%', '93%', '97%', '54%']  memcached=108.8%
[monitor] ['55%', '93%', '97%', '55%']  memcached=110.3%
[monitor] ['53%', '87%', '93%', '55%']  memcached=107.6%
[monitor] ['55%', '90%', '94%', '55%']  memcached=110.3%
[monitor] ['56%', '94%', '97%', '55%']  memcached=111.7%
[monitor] ['54%', '97%', '94%', '54%']  memcached=107.7%
[monitor] ['56%', '90%', '97%', '55%']  memcached=111.4%
[monitor] ['55%', '93%', '96%', '55%']  memcached=110.5%
[monitor] ['56%', '97%', '97%', '53%']  memcached=108.7%
[monitor] ['55%', '97%', '93%', '56%']  memcached=111.7%
[monitor] ['55%', '93%', '97%', '57%']  memcached=112.8%
[monitor] ['62%', '97%', '93%', '62%']  memcached=124.0%
[monitor] ['62%', '86%', '100%', '63%']  memcached=125.0%
[monitor] ['63%', '93%', '97%', '63%']  memcached=126.3%
[monitor] ['64%', '90%', '94%', '63%']  memcached=127.5%
[monitor] ['63%', '93%', '97%', '63%']  memcached=126.8%
[monitor] ['62%', '93%', '94%', '65%']  memcached=126.5%
[monitor] ['64%', '93%', '97%', '61%']  memcached=124.6%
[monitor] ['62%', '90%', '97%', '63%']  memcached=125.9%
[monitor] ['62%', '90%', '97%', '62%']  memcached=124.0%
[monitor] ['61%', '87%', '97%', '63%']  memcached=123.9%
[monitor] ['62%', '86%', '93%', '62%']  memcached=124.0%
[monitor] ['64%', '97%', '97%', '62%']  memcached=126.8%
[monitor] ['64%', '97%', '97%', '62%']  memcached=126.6%
[monitor] ['62%', '97%', '90%', '62%']  memcached=123.1%
[monitor] ['63%', '97%', '97%', '63%']  memcached=126.8%
[monitor] ['63%', '90%', '94%', '64%']  memcached=127.4%
[monitor] ['72%', '90%', '100%', '73%']  memcached=144.8%
[monitor] ['76%', '87%', '97%', '77%']  memcached=152.8%
[monitor] ['71%', '93%', '97%', '81%']  memcached=151.6%
[monitor] ['74%', '89%', '97%', '80%']  memcached=153.7%
[monitor] ['73%', '87%', '96%', '76%']  memcached=149.3%
[monitor] ['73%', '90%', '94%', '81%']  memcached=153.5%
[monitor] ['73%', '83%', '100%', '78%']  memcached=151.4%
[monitor] ['78%', '93%', '93%', '71%']  memcached=148.8%
[monitor] ['76%', '80%', '97%', '78%']  memcached=154.1%
[monitor] ['72%', '79%', '97%', '81%']  memcached=152.9%
[monitor] ['75%', '82%', '96%', '73%']  memcached=148.0%
[monitor] ['74%', '79%', '97%', '78%']  memcached=152.1%
[monitor] ['72%', '87%', '97%', '81%']  memcached=152.4%
[monitor] ['73%', '93%', '100%', '79%']  memcached=151.9%
[monitor] ['75%', '82%', '97%', '75%']  memcached=150.0%
[monitor] ['76%', '97%', '93%', '77%']  memcached=152.8%
[monitor] ['78%', '90%', '100%', '78%']  memcached=156.2%
[monitor] ['97%', '97%', '79%', '97%']  memcached=193.5%
[MEMCACHED] cores updated to: ['0', '1', '3']
[streamcluster] cores updated to: [2]
[monitor] ['91%', '85%', '100%', '88%']  memcached=263.8%
[monitor] ['83%', '78%', '100%', '81%']  memcached=241.7%
[monitor] ['83%', '78%', '100%', '78%']  memcached=239.6%
[monitor] ['83%', '79%', '100%', '81%']  memcached=242.8%
[monitor] ['91%', '84%', '100%', '83%']  memcached=257.6%
[monitor] ['94%', '85%', '100%', '86%']  memcached=264.6%
[monitor] ['89%', '83%', '100%', '86%']  memcached=257.1%
[monitor] ['90%', '85%', '100%', '83%']  memcached=258.5%
[monitor] ['91%', '83%', '100%', '83%']  memcached=256.6%
[monitor] ['83%', '78%', '100%', '81%']  memcached=242.3%
[monitor] ['83%', '80%', '100%', '78%']  memcached=241.2%
[monitor] ['86%', '81%', '100%', '81%']  memcached=246.8%
[monitor] ['85%', '80%', '100%', '78%']  memcached=243.7%
[monitor] ['86%', '80%', '100%', '79%']  memcached=245.1%
[monitor] ['83%', '78%', '100%', '79%']  memcached=240.1%
[monitor] ['66%', '62%', '100%', '58%']  memcached=186.3%
[monitor] ['57%', '54%', '100%', '55%']  memcached=166.6%
[monitor] ['59%', '55%', '100%', '54%']  memcached=168.1%
[monitor] ['56%', '49%', '100%', '50%']  memcached=155.1%
[monitor] ['56%', '53%', '100%', '51%']  memcached=160.4%
[monitor] ['56%', '50%', '100%', '49%']  memcached=155.1%
[monitor] ['55%', '50%', '100%', '51%']  memcached=156.6%
[monitor] ['57%', '50%', '100%', '51%']  memcached=158.9%
[monitor] ['55%', '54%', '100%', '54%']  memcached=163.0%
[monitor] ['56%', '51%', '100%', '51%']  memcached=159.1%
[monitor] ['57%', '56%', '100%', '53%']  memcached=166.5%
[monitor] ['57%', '51%', '100%', '53%']  memcached=161.4%
[monitor] ['55%', '51%', '100%', '53%']  memcached=159.3%
[monitor] ['55%', '51%', '100%', '51%']  memcached=158.0%
[monitor] ['53%', '49%', '100%', '50%']  memcached=151.3%
[monitor] ['54%', '54%', '100%', '54%']  memcached=162.0%
[monitor] ['59%', '55%', '100%', '54%']  memcached=168.3%
[monitor] ['66%', '62%', '100%', '63%']  memcached=190.5%
[monitor] ['66%', '61%', '100%', '60%']  memcached=186.4%
[monitor] ['63%', '62%', '100%', '64%']  memcached=189.8%
[monitor] ['65%', '62%', '100%', '59%']  memcached=186.6%
[monitor] ['66%', '62%', '100%', '61%']  memcached=188.8%
[monitor] ['65%', '62%', '100%', '64%']  memcached=190.6%
[monitor] ['68%', '62%', '100%', '62%']  memcached=192.2%
[monitor] ['66%', '62%', '100%', '62%']  memcached=189.6%
[monitor] ['68%', '62%', '100%', '61%']  memcached=189.6%
[monitor] ['65%', '62%', '100%', '62%']  memcached=188.7%
[monitor] ['66%', '63%', '100%', '62%']  memcached=190.7%
[monitor] ['63%', '62%', '100%', '62%']  memcached=186.5%
[monitor] ['68%', '63%', '100%', '63%']  memcached=194.1%
[monitor] ['67%', '63%', '100%', '62%']  memcached=192.6%
[monitor] ['66%', '62%', '100%', '62%']  memcached=190.1%
[monitor] ['66%', '65%', '100%', '62%']  memcached=192.3%
[monitor] ['74%', '70%', '100%', '72%']  memcached=216.2%
[monitor] ['86%', '78%', '100%', '80%']  memcached=244.1%
[monitor] ['83%', '78%', '100%', '78%']  memcached=238.9%
[monitor] ['83%', '80%', '100%', '81%']  memcached=243.4%
[monitor] ['83%', '77%', '100%', '78%']  memcached=238.4%
[monitor] ['85%', '78%', '100%', '81%']  memcached=243.6%
[monitor] ['83%', '78%', '100%', '78%']  memcached=239.0%
[monitor] ['85%', '80%', '100%', '81%']  memcached=245.8%
[monitor] ['83%', '78%', '100%', '81%']  memcached=241.7%
[monitor] ['83%', '78%', '100%', '80%']  memcached=241.1%
[monitor] ['86%', '80%', '100%', '78%']  memcached=243.5%
[monitor] ['82%', '78%', '100%', '81%']  memcached=241.3%
[monitor] ['86%', '78%', '100%', '78%']  memcached=241.3%
[monitor] ['86%', '81%', '100%', '83%']  memcached=249.7%
[monitor] ['88%', '83%', '100%', '83%']  memcached=254.4%
[monitor] ['88%', '81%', '100%', '81%']  memcached=249.3%
[monitor] ['85%', '78%', '100%', '81%']  memcached=243.7%
[monitor] ['47%', '39%', '100%', '39%']  memcached=125.3%
[MEMCACHED] cores updated to: ['0', '3']
[streamcluster] cores updated to: [2, 1]
[monitor] ['55%', '97%', '94%', '56%']  memcached=111.4%
[monitor] ['56%', '97%', '97%', '54%']  memcached=110.3%
[monitor] ['56%', '90%', '94%', '55%']  memcached=111.7%
[monitor] ['55%', '97%', '97%', '53%']  memcached=107.6%
[monitor] ['53%', '97%', '93%', '51%']  memcached=103.9%
[monitor] ['56%', '93%', '97%', '56%']  memcached=112.8%
[monitor] ['55%', '93%', '93%', '56%']  memcached=111.4%
[monitor] ['56%', '97%', '100%', '53%']  memcached=109.0%
[monitor] ['57%', '90%', '94%', '59%']  memcached=116.0%
[monitor] ['59%', '97%', '96%', '55%']  memcached=113.5%
[monitor] ['55%', '93%', '97%', '59%']  memcached=113.8%
[monitor] ['55%', '93%', '96%', '60%']  memcached=114.5%
[monitor] ['59%', '79%', '97%', '59%']  memcached=117.5%
[monitor] ['59%', '90%', '97%', '59%']  memcached=117.1%
[monitor] ['61%', '89%', '93%', '58%']  memcached=118.9%
[monitor] ['57%', '84%', '100%', '62%']  memcached=118.3%
[monitor] ['67%', '83%', '93%', '67%']  memcached=133.3%
[monitor] ['69%', '90%', '93%', '67%']  memcached=135.9%
[monitor] ['68%', '97%', '94%', '67%']  memcached=134.2%
[monitor] ['69%', '90%', '97%', '68%']  memcached=136.8%
[monitor] ['68%', '97%', '93%', '68%']  memcached=135.1%
[monitor] ['68%', '90%', '93%', '67%']  memcached=135.0%
[monitor] ['68%', '93%', '97%', '69%']  memcached=136.8%
[monitor] ['69%', '93%', '97%', '67%']  memcached=135.9%
[monitor] ['68%', '91%', '96%', '68%']  memcached=135.0%
[monitor] ['68%', '86%', '97%', '66%']  memcached=134.2%
[monitor] ['69%', '93%', '90%', '68%']  memcached=137.7%
[monitor] ['67%', '79%', '97%', '67%']  memcached=133.3%
[monitor] ['68%', '90%', '97%', '68%']  memcached=135.9%
[monitor] ['71%', '87%', '97%', '68%']  memcached=139.2%
[monitor] ['69%', '93%', '97%', '69%']  memcached=138.5%
[monitor] ['67%', '82%', '93%', '68%']  memcached=134.2%
[monitor] ['53%', '90%', '97%', '51%']  memcached=104.0%
[monitor] ['41%', '93%', '93%', '45%']  memcached=85.9%
[monitor] ['44%', '94%', '97%', '46%']  memcached=90.2%
[monitor] ['43%', '97%', '94%', '43%']  memcached=85.7%
[monitor] ['43%', '93%', '93%', '42%']  memcached=84.5%
[monitor] ['44%', '94%', '97%', '46%']  memcached=90.4%
[monitor] ['43%', '93%', '97%', '45%']  memcached=87.6%
[monitor] ['46%', '94%', '97%', '41%']  memcached=86.3%
[monitor] ['45%', '93%', '97%', '43%']  memcached=88.0%
[monitor] ['43%', '97%', '94%', '43%']  memcached=85.7%
[monitor] ['46%', '90%', '97%', '43%']  memcached=88.8%
[monitor] ['44%', '97%', '97%', '40%']  memcached=84.4%
[monitor] ['44%', '93%', '93%', '47%']  memcached=91.8%
[monitor] ['44%', '90%', '97%', '43%']  memcached=87.7%
[monitor] ['43%', '93%', '100%', '40%']  memcached=82.9%
[monitor] ['42%', '97%', '90%', '44%']  memcached=86.1%
[monitor] ['49%', '97%', '93%', '42%']  memcached=91.0%
[monitor] ['86%', '90%', '90%', '83%']  memcached=168.6%
[MEMCACHED] cores updated to: ['0', '2', '3']
[streamcluster] cores updated to: [1]
[monitor] ['72%', '100%', '67%', '71%']  memcached=209.9%
[monitor] ['69%', '100%', '66%', '70%']  memcached=205.3%
[monitor] ['74%', '100%', '69%', '72%']  memcached=216.1%
[monitor] ['70%', '100%', '65%', '71%']  memcached=206.3%
[monitor] ['71%', '100%', '65%', '70%']  memcached=205.9%
[monitor] ['72%', '100%', '68%', '69%']  memcached=208.7%
[monitor] ['72%', '100%', '68%', '70%']  memcached=210.9%
[monitor] ['72%', '100%', '68%', '72%']  memcached=211.1%
[monitor] ['72%', '100%', '68%', '70%']  memcached=209.6%
[monitor] ['71%', '100%', '68%', '72%']  memcached=210.3%
[monitor] ['72%', '100%', '66%', '71%']  memcached=209.3%
[monitor] ['74%', '100%', '68%', '72%']  memcached=213.9%
[monitor] ['72%', '100%', '65%', '71%']  memcached=207.7%
[monitor] ['74%', '100%', '68%', '72%']  memcached=213.7%
[monitor] ['71%', '100%', '67%', '72%']  memcached=209.5%
[monitor] ['76%', '100%', '71%', '76%']  memcached=222.4%
[monitor] ['78%', '100%', '71%', '76%']  memcached=225.1%
[monitor] ['81%', '100%', '73%', '78%']  memcached=231.9%
[monitor] ['78%', '100%', '74%', '78%']  memcached=230.4%
[monitor] ['81%', '100%', '73%', '76%']  memcached=229.7%
[monitor] ['78%', '100%', '73%', '81%']  memcached=232.4%
[monitor] ['83%', '100%', '77%', '81%']  memcached=240.3%
[monitor] ['85%', '100%', '77%', '85%']  memcached=247.7%
[monitor] ['78%', '100%', '73%', '78%']  memcached=229.7%
[monitor] ['81%', '100%', '74%', '78%']  memcached=232.6%
[monitor] ['83%', '100%', '78%', '83%']  memcached=244.1%
[monitor] ['82%', '100%', '76%', '83%']  memcached=242.0%
[monitor] ['79%', '100%', '71%', '76%']  memcached=226.3%
[monitor] ['78%', '100%', '73%', '80%']  memcached=231.4%
[monitor] ['78%', '100%', '71%', '77%']  memcached=225.8%
[monitor] ['78%', '100%', '74%', '78%']  memcached=230.4%
[monitor] ['78%', '100%', '72%', '77%']  memcached=227.1%
[monitor] ['47%', '100%', '42%', '46%']  memcached=135.0%
[MEMCACHED] cores updated to: ['0', '3']
[streamcluster] cores updated to: [2, 1]
[monitor] ['61%', '93%', '93%', '60%']  memcached=121.0%
[monitor] ['59%', '93%', '97%', '61%']  memcached=119.9%
[monitor] ['62%', '90%', '97%', '60%']  memcached=122.5%
[monitor] ['60%', '96%', '97%', '59%']  memcached=119.0%
[monitor] ['62%', '90%', '94%', '61%']  memcached=122.4%
[monitor] ['61%', '93%', '97%', '61%']  memcached=121.5%
[monitor] ['61%', '93%', '97%', '62%']  memcached=122.5%
[monitor] ['62%', '93%', '97%', '60%']  memcached=121.5%
[monitor] ['59%', '90%', '97%', '62%']  memcached=121.5%
[monitor] ['61%', '93%', '93%', '61%']  memcached=121.5%
[monitor] ['59%', '97%', '96%', '62%']  memcached=121.5%
[monitor] ['59%', '83%', '93%', '61%']  memcached=119.9%
[monitor] ['62%', '90%', '97%', '60%']  memcached=121.5%
[monitor] ['59%', '87%', '97%', '59%']  memcached=117.9%
[monitor] ['63%', '100%', '90%', '63%']  memcached=126.8%
[monitor] ['74%', '93%', '97%', '75%']  memcached=149.3%
[monitor] ['88%', '79%', '97%', '91%']  memcached=178.5%
[MEMCACHED] cores updated to: ['0', '1', '3']
[streamcluster] cores updated to: [2]
[monitor] ['80%', '76%', '100%', '73%']  memcached=228.6%
[monitor] ['79%', '74%', '100%', '74%']  memcached=227.0%
[monitor] ['78%', '74%', '100%', '73%']  memcached=225.7%
[monitor] ['78%', '72%', '100%', '73%']  memcached=223.6%
[monitor] ['81%', '76%', '100%', '76%']  memcached=233.7%
[monitor] ['81%', '75%', '100%', '76%']  memcached=231.9%
[monitor] ['76%', '74%', '100%', '74%']  memcached=223.7%
[monitor] ['78%', '74%', '100%', '72%']  memcached=223.7%
[monitor] ['78%', '73%', '100%', '74%']  memcached=225.0%
[monitor] ['76%', '72%', '100%', '72%']  memcached=219.3%
[monitor] ['79%', '74%', '100%', '74%']  memcached=226.3%
[monitor] ['76%', '73%', '100%', '74%']  memcached=223.0%
[monitor] ['78%', '74%', '100%', '74%']  memcached=226.4%
[monitor] ['78%', '76%', '100%', '76%']  memcached=230.4%
[monitor] ['81%', '76%', '100%', '75%']  memcached=231.8%
[monitor] ['81%', '76%', '100%', '76%']  memcached=231.9%
[monitor] ['78%', '74%', '100%', '74%']  memcached=225.8%
[monitor] ['76%', '71%', '100%', '70%']  memcached=217.6%
[monitor] ['76%', '74%', '100%', '73%']  memcached=223.0%
[monitor] ['78%', '74%', '100%', '74%']  memcached=225.7%
[monitor] ['76%', '74%', '100%', '71%']  memcached=221.1%
[monitor] ['81%', '76%', '100%', '76%']  memcached=233.2%
[monitor] ['75%', '73%', '100%', '73%']  memcached=220.9%
[monitor] ['78%', '72%', '100%', '72%']  memcached=222.1%
[monitor] ['74%', '73%', '100%', '74%']  memcached=220.3%
[monitor] ['76%', '74%', '100%', '71%']  memcached=221.1%
[monitor] ['76%', '74%', '100%', '74%']  memcached=223.0%
[monitor] ['78%', '74%', '100%', '71%']  memcached=223.1%
[monitor] ['78%', '74%', '100%', '76%']  memcached=227.7%
[monitor] ['74%', '73%', '100%', '71%']  memcached=217.7%
[monitor] ['75%', '72%', '100%', '72%']  memcached=220.0%
[monitor] ['57%', '48%', '100%', '48%']  memcached=153.7%
[monitor] ['24%', '14%', '100%', '7%']  memcached=45.4%
[MEMCACHED] cores updated to: ['0', '3']
[streamcluster] cores updated to: [2, 1]
[monitor] ['32%', '90%', '97%', '30%']  memcached=62.6%
[MEMCACHED] cores updated to: ['0']
[streamcluster] cores updated to: [2, 1, 3]
[monitor] ['54%', '97%', '77%', '100%']  memcached=53.7%
[monitor] ['52%', '100%', '77%', '100%']  memcached=52.4%
[monitor] ['54%', '100%', '77%', '100%']  memcached=53.7%
[monitor] ['52%', '100%', '80%', '97%']  memcached=52.4%
[monitor] ['56%', '97%', '79%', '100%']  memcached=56.1%
[monitor] ['55%', '100%', '77%', '100%']  memcached=54.8%
[monitor] ['51%', '100%', '80%', '100%']  memcached=51.2%
[monitor] ['54%', '100%', '79%', '100%']  memcached=53.7%
[monitor] ['51%', '100%', '80%', '100%']  memcached=51.2%
[monitor] ['55%', '97%', '77%', '100%']  memcached=54.8%
[monitor] ['49%', '100%', '79%', '100%']  memcached=48.7%
[monitor] ['54%', '100%', '77%', '100%']  memcached=53.7%
[monitor] ['56%', '100%', '80%', '100%']  memcached=55.8%
[monitor] ['55%', '100%', '77%', '97%']  memcached=55.0%
[monitor] ['97%', '97%', '83%', '100%']  memcached=96.7%
[MEMCACHED] cores updated to: ['0', '2', '3']
[streamcluster] cores updated to: [1]
[monitor] ['61%', '100%', '53%', '59%']  memcached=172.7%
[monitor] ['62%', '100%', '55%', '58%']  memcached=174.7%
[monitor] ['62%', '100%', '58%', '61%']  memcached=180.9%
[monitor] ['60%', '100%', '55%', '62%']  memcached=177.2%
[monitor] ['60%', '100%', '54%', '59%']  memcached=173.0%
[monitor] ['62%', '100%', '54%', '62%']  memcached=177.1%
[monitor] ['61%', '100%', '54%', '60%']  memcached=175.0%
[monitor] ['62%', '100%', '56%', '61%']  memcached=178.9%
[monitor] ['63%', '100%', '55%', '59%']  memcached=177.5%
[monitor] ['61%', '100%', '54%', '60%']  memcached=174.6%
[monitor] ['60%', '100%', '54%', '61%']  memcached=175.3%
[monitor] ['62%', '100%', '56%', '61%']  memcached=179.4%
[monitor] ['62%', '100%', '57%', '62%']  memcached=180.8%
[monitor] ['61%', '100%', '57%', '60%']  memcached=178.5%
[monitor] ['63%', '100%', '54%', '62%']  memcached=179.0%
[monitor] ['73%', '100%', '65%', '71%']  memcached=208.9%
[monitor] ['83%', '100%', '77%', '83%']  memcached=242.9%
[monitor] ['83%', '100%', '76%', '81%']  memcached=240.7%
[monitor] ['81%', '100%', '75%', '81%']  memcached=236.6%
[monitor] ['82%', '100%', '76%', '81%']  memcached=238.6%
[monitor] ['81%', '100%', '76%', '80%']  memcached=236.8%
[monitor] ['83%', '100%', '74%', '78%']  memcached=235.0%
[monitor] ['83%', '100%', '76%', '81%']  memcached=240.9%
[monitor] ['83%', '100%', '76%', '81%']  memcached=239.6%
[monitor] ['81%', '100%', '76%', '81%']  memcached=237.3%
[monitor] ['83%', '100%', '78%', '81%']  memcached=241.7%
[monitor] ['83%', '100%', '75%', '83%']  memcached=241.2%
[monitor] ['81%', '100%', '75%', '81%']  memcached=236.1%
[monitor] ['83%', '100%', '76%', '81%']  memcached=239.1%
[monitor] ['83%', '100%', '76%', '80%']  memcached=238.5%
[monitor] ['82%', '100%', '76%', '81%']  memcached=239.1%
[monitor] ['81%', '100%', '76%', '80%']  memcached=236.8%
[monitor] ['88%', '100%', '77%', '86%']  memcached=251.1%
[monitor] ['88%', '100%', '78%', '85%']  memcached=251.6%
[monitor] ['85%', '100%', '80%', '86%']  memcached=251.0%
[monitor] ['89%', '100%', '78%', '86%']  memcached=252.1%
[monitor] ['85%', '100%', '80%', '85%']  memcached=250.6%
[monitor] ['88%', '100%', '78%', '86%']  memcached=252.3%
[monitor] ['88%', '100%', '80%', '85%']  memcached=253.5%
[monitor] ['88%', '100%', '79%', '86%']  memcached=252.9%
[monitor] ['85%', '100%', '80%', '86%']  memcached=251.4%
[monitor] ['88%', '100%', '81%', '85%']  memcached=253.3%
[monitor] ['86%', '100%', '80%', '86%']  memcached=251.4%
[monitor] ['88%', '100%', '79%', '86%']  memcached=253.0%
[monitor] ['88%', '100%', '78%', '85%']  memcached=251.9%
[monitor] ['88%', '100%', '83%', '86%']  memcached=257.3%
[monitor] ['86%', '100%', '78%', '88%']  memcached=251.7%
[monitor] ['88%', '100%', '81%', '85%']  memcached=253.7%
[monitor] ['78%', '100%', '73%', '78%']  memcached=228.5%
[monitor] ['67%', '100%', '61%', '65%']  memcached=192.2%
[monitor] ['68%', '100%', '58%', '66%']  memcached=192.4%
[monitor] ['68%', '100%', '61%', '65%']  memcached=193.0%
[monitor] ['68%', '100%', '62%', '67%']  memcached=195.7%
[monitor] ['67%', '100%', '61%', '64%']  memcached=191.3%
[monitor] ['65%', '100%', '60%', '65%']  memcached=189.9%
[monitor] ['64%', '100%', '58%', '65%']  memcached=187.4%
[monitor] ['67%', '100%', '62%', '67%']  memcached=194.9%
[monitor] ['68%', '100%', '63%', '66%']  memcached=196.5%
[monitor] ['64%', '100%', '58%', '65%']  memcached=187.3%
[monitor] ['68%', '100%', '57%', '67%']  memcached=190.9%
[monitor] ['67%', '100%', '63%', '64%']  memcached=194.2%
[monitor] ['65%', '100%', '61%', '68%']  memcached=193.0%
[monitor] ['64%', '100%', '57%', '65%']  memcached=185.9%
[monitor] ['65%', '100%', '58%', '66%']  memcached=189.0%
[monitor] ['67%', '100%', '61%', '65%']  memcached=192.2%
[monitor] ['70%', '100%', '67%', '70%']  memcached=207.2%
[monitor] ['74%', '100%', '68%', '74%']  memcached=217.1%
[monitor] ['73%', '100%', '68%', '72%']  memcached=213.2%
[monitor] ['72%', '100%', '67%', '72%']  memcached=210.7%
[monitor] ['72%', '100%', '66%', '74%']  memcached=211.3%
[monitor] ['74%', '100%', '68%', '72%']  memcached=213.0%
[monitor] ['72%', '100%', '66%', '72%']  memcached=209.4%
[monitor] ['73%', '100%', '68%', '72%']  memcached=213.2%
[monitor] ['74%', '100%', '68%', '72%']  memcached=213.0%
[monitor] ['71%', '100%', '68%', '71%']  memcached=210.0%
[monitor] ['74%', '100%', '67%', '73%']  memcached=213.5%
[monitor] ['72%', '100%', '67%', '70%']  memcached=208.7%
[monitor] ['74%', '100%', '68%', '74%']  memcached=215.8%
[monitor] ['72%', '100%', '68%', '70%']  memcached=211.2%
[monitor] ['72%', '100%', '66%', '72%']  memcached=210.5%
[monitor] ['72%', '100%', '69%', '74%']  memcached=215.4%
[monitor] ['72%', '100%', '66%', '68%']  memcached=206.0%
[monitor] ['53%', '100%', '47%', '56%']  memcached=156.3%
[monitor] ['57%', '100%', '50%', '55%']  memcached=162.8%
[monitor] ['54%', '100%', '49%', '54%']  memcached=156.5%
[monitor] ['55%', '100%', '50%', '53%']  memcached=158.0%
[monitor] ['55%', '100%', '44%', '53%']  memcached=152.0%
[monitor] ['55%', '100%', '49%', '51%']  memcached=155.2%
[monitor] ['53%', '100%', '50%', '51%']  memcached=154.0%
[monitor] ['62%', '90%', '53%', '58%']  memcached=173.4%
[streamcluster] ended.
[vips] started on cores: [1] with 3 threads.
[monitor] ['56%', '100%', '49%', '57%']  memcached=162.5%
[monitor] ['51%', '100%', '42%', '56%']  memcached=150.2%
[monitor] ['55%', '100%', '46%', '56%']  memcached=157.4%
[monitor] ['54%', '100%', '50%', '54%']  memcached=157.9%
[monitor] ['54%', '100%', '47%', '56%']  memcached=157.3%
[monitor] ['55%', '100%', '49%', '57%']  memcached=161.3%
[monitor] ['53%', '100%', '47%', '55%']  memcached=155.1%
[monitor] ['59%', '100%', '53%', '61%']  memcached=172.8%
[monitor] ['85%', '100%', '78%', '86%']  memcached=248.8%
[monitor] ['85%', '100%', '78%', '83%']  memcached=247.0%
[monitor] ['86%', '100%', '78%', '83%']  memcached=246.9%
[monitor] ['88%', '100%', '80%', '83%']  memcached=250.7%
[monitor] ['86%', '100%', '78%', '81%']  memcached=244.6%
[monitor] ['83%', '100%', '78%', '82%']  memcached=243.6%
[monitor] ['85%', '100%', '80%', '81%']  memcached=245.8%
[monitor] ['85%', '100%', '78%', '81%']  memcached=243.6%
[monitor] ['91%', '100%', '81%', '88%']  memcached=259.7%
[monitor] ['85%', '100%', '80%', '82%']  memcached=247.6%
[monitor] ['86%', '100%', '78%', '83%']  memcached=246.9%
[monitor] ['86%', '100%', '80%', '81%']  memcached=247.2%
[monitor] ['91%', '100%', '94%', '85%']  memcached=269.9%
[monitor] ['91%', '100%', '81%', '85%']  memcached=256.5%
[monitor] ['89%', '100%', '83%', '88%']  memcached=259.7%
[monitor] ['91%', '100%', '83%', '89%']  memcached=262.8%
[monitor] ['75%', '100%', '69%', '69%']  memcached=213.0%
[monitor] ['62%', '100%', '55%', '60%']  memcached=176.8%
[monitor] ['64%', '100%', '58%', '62%']  memcached=184.5%
[monitor] ['59%', '100%', '54%', '58%']  memcached=170.9%
[monitor] ['63%', '100%', '54%', '61%']  memcached=178.2%
[monitor] ['65%', '100%', '62%', '63%']  memcached=190.0%
[monitor] ['63%', '100%', '60%', '64%']  memcached=187.5%
[monitor] ['67%', '100%', '62%', '67%']  memcached=194.9%
[monitor] ['67%', '100%', '62%', '62%']  memcached=190.7%
[monitor] ['63%', '100%', '60%', '65%']  memcached=188.4%
[monitor] ['65%', '100%', '58%', '63%']  memcached=186.3%
[monitor] ['65%', '100%', '61%', '62%']  memcached=187.1%
[monitor] ['65%', '100%', '60%', '66%']  memcached=190.9%
[monitor] ['67%', '100%', '59%', '65%']  memcached=190.6%
[monitor] ['65%', '100%', '65%', '64%']  memcached=194.0%
[monitor] ['79%', '100%', '82%', '62%']  memcached=222.1%
[monitor] ['100%', '100%', '57%', '60%']  memcached=216.8%
[monitor] ['100%', '100%', '57%', '59%']  memcached=216.2%
[monitor] ['73%', '100%', '86%', '60%']  memcached=219.3%
[monitor] ['62%', '100%', '100%', '59%']  memcached=220.5%
[monitor] ['61%', '100%', '100%', '62%']  memcached=222.1%
[monitor] ['65%', '100%', '100%', '62%']  memcached=226.5%
[monitor] ['62%', '100%', '100%', '58%']  memcached=220.4%
[monitor] ['62%', '100%', '100%', '59%']  memcached=222.0%
[monitor] ['84%', '100%', '74%', '60%']  memcached=218.1%
[monitor] ['98%', '100%', '56%', '58%']  memcached=211.4%
[monitor] ['70%', '100%', '87%', '61%']  memcached=218.4%
[monitor] ['100%', '100%', '54%', '59%']  memcached=213.3%
[monitor] ['100%', '100%', '56%', '61%']  memcached=216.1%
[monitor] ['100%', '100%', '58%', '60%']  memcached=217.9%
[monitor] ['100%', '100%', '57%', '59%']  memcached=216.2%
[monitor] ['100%', '100%', '54%', '60%']  memcached=214.3%
[monitor] ['67%', '100%', '95%', '61%']  memcached=221.8%
[monitor] ['51%', '100%', '100%', '49%']  memcached=199.9%
[monitor] ['17%', '100%', '100%', '7%']  memcached=124.6%
[MEMCACHED] cores updated to: ['0', '3']
[vips] cores updated to: [1, 2]
[monitor] ['97%', '100%', '100%', '23%']  memcached=119.9%
[monitor] ['100%', '100%', '100%', '24%']  memcached=124.1%
[monitor] ['100%', '100%', '100%', '26%']  memcached=125.8%
[monitor] ['100%', '100%', '100%', '23%']  memcached=123.3%
[monitor] ['100%', '100%', '100%', '21%']  memcached=120.7%
[monitor] ['100%', '100%', '100%', '20%']  memcached=120.0%
[monitor] ['43%', '100%', '100%', '87%']  memcached=130.4%
[monitor] ['26%', '100%', '100%', '100%']  memcached=125.8%
[monitor] ['24%', '100%', '100%', '100%']  memcached=124.1%
[monitor] ['77%', '100%', '100%', '43%']  memcached=120.0%
[monitor] ['100%', '100%', '100%', '27%']  memcached=126.7%
[monitor] ['100%', '100%', '100%', '26%']  memcached=125.8%
[monitor] ['100%', '100%', '100%', '18%']  memcached=117.9%
[monitor] ['33%', '100%', '100%', '93%']  memcached=126.4%
[monitor] ['24%', '100%', '100%', '100%']  memcached=124.1%
[monitor] ['71%', '100%', '100%', '100%']  memcached=171.4%
[MEMCACHED] cores updated to: ['0', '1', '3']
[vips] cores updated to: [2]
[monitor] ['67%', '68%', '100%', '95%']  memcached=229.8%
[monitor] ['65%', '86%', '100%', '62%']  memcached=213.6%
[monitor] ['65%', '62%', '100%', '62%']  memcached=190.0%
[monitor] ['63%', '62%', '100%', '61%']  memcached=185.2%
[monitor] ['63%', '63%', '100%', '64%']  memcached=190.4%
[monitor] ['65%', '62%', '100%', '64%']  memcached=191.5%
[monitor] ['64%', '65%', '100%', '62%']  memcached=190.6%
[monitor] ['65%', '64%', '100%', '63%']  memcached=192.5%
[monitor] ['66%', '61%', '100%', '63%']  memcached=189.5%
[monitor] ['68%', '65%', '100%', '65%']  memcached=198.3%
[monitor] ['62%', '62%', '100%', '62%']  memcached=185.2%
[monitor] ['67%', '62%', '100%', '64%']  memcached=192.3%
[monitor] ['66%', '64%', '100%', '62%']  memcached=192.4%
[monitor] ['67%', '65%', '100%', '65%']  memcached=196.7%
[monitor] ['65%', '64%', '100%', '64%']  memcached=193.1%
[monitor] ['61%', '58%', '100%', '58%']  memcached=176.3%
[monitor] ['59%', '56%', '100%', '54%']  memcached=169.0%
[monitor] ['58%', '56%', '100%', '56%']  memcached=170.7%
[monitor] ['55%', '54%', '100%', '53%']  memcached=161.7%
[monitor] ['57%', '55%', '100%', '55%']  memcached=168.0%
[monitor] ['54%', '51%', '100%', '51%']  memcached=156.5%
[monitor] ['59%', '55%', '100%', '54%']  memcached=168.3%
[monitor] ['60%', '53%', '100%', '54%']  memcached=166.5%
[monitor] ['56%', '54%', '100%', '55%']  memcached=165.7%
[monitor] ['56%', '59%', '100%', '55%']  memcached=170.2%
[monitor] ['54%', '49%', '100%', '53%']  memcached=155.3%
[monitor] ['56%', '55%', '100%', '54%']  memcached=165.7%
[monitor] ['51%', '53%', '100%', '51%']  memcached=155.3%
[monitor] ['55%', '54%', '100%', '51%']  memcached=160.5%
[monitor] ['54%', '50%', '100%', '51%']  memcached=155.4%
[monitor] ['56%', '56%', '100%', '56%']  memcached=169.2%
[monitor] ['54%', '53%', '100%', '51%']  memcached=158.0%
[monitor] ['32%', '30%', '100%', '30%']  memcached=93.0%
[MEMCACHED] cores updated to: ['0', '3']
[vips] cores updated to: [1, 2]
[monitor] ['14%', '100%', '100%', '14%']  memcached=28.1%
[MEMCACHED] cores updated to: ['0']
[vips] cores updated to: [1, 2, 3]
[monitor] ['36%', '100%', '100%', '100%']  memcached=36.4%
[monitor] ['33%', '100%', '100%', '100%']  memcached=33.3%
[monitor] ['37%', '100%', '100%', '100%']  memcached=37.1%
[monitor] ['32%', '100%', '100%', '100%']  memcached=32.3%
[monitor] ['35%', '100%', '100%', '100%']  memcached=35.3%
[monitor] ['43%', '100%', '100%', '100%']  memcached=42.9%
[monitor] ['34%', '100%', '100%', '100%']  memcached=34.4%
[monitor] ['37%', '100%', '100%', '100%']  memcached=37.1%
[monitor] ['34%', '100%', '100%', '100%']  memcached=34.4%
[monitor] ['37%', '100%', '100%', '100%']  memcached=37.1%
[monitor] ['38%', '100%', '100%', '100%']  memcached=38.2%
[monitor] ['40%', '100%', '100%', '100%']  memcached=40.0%
[monitor] ['40%', '100%', '100%', '100%']  memcached=40.0%
[monitor] ['38%', '100%', '100%', '100%']  memcached=38.2%
[monitor] ['38%', '100%', '100%', '100%']  memcached=38.2%
[monitor] ['29%', '100%', '100%', '100%']  memcached=29.0%
[monitor] ['31%', '100%', '100%', '100%']  memcached=31.2%
[monitor] ['32%', '100%', '100%', '100%']  memcached=32.3%
[monitor] ['29%', '100%', '100%', '100%']  memcached=29.0%
[monitor] ['33%', '100%', '100%', '100%']  memcached=33.3%
[monitor] ['33%', '100%', '100%', '100%']  memcached=33.3%
[monitor] ['33%', '100%', '100%', '100%']  memcached=33.3%
[monitor] ['32%', '100%', '100%', '100%']  memcached=32.3%
[monitor] ['34%', '100%', '100%', '100%']  memcached=34.4%
[monitor] ['34%', '100%', '100%', '100%']  memcached=34.4%
[monitor] ['31%', '100%', '100%', '100%']  memcached=31.2%
[monitor] ['29%', '100%', '100%', '100%']  memcached=29.0%
[monitor] ['35%', '100%', '100%', '100%']  memcached=35.3%
[monitor] ['27%', '100%', '100%', '100%']  memcached=26.7%
[monitor] ['33%', '100%', '100%', '100%']  memcached=33.3%
[monitor] ['31%', '100%', '100%', '100%']  memcached=31.2%
[monitor] ['68%', '100%', '100%', '100%']  memcached=67.6%
[monitor] ['91%', '100%', '100%', '100%']  memcached=90.9%
[MEMCACHED] cores updated to: ['0', '2', '3']
[vips] cores updated to: [1]
[monitor] ['55%', '100%', '51%', '54%']  memcached=160.5%
[monitor] ['57%', '100%', '47%', '55%']  memcached=160.0%
[monitor] ['57%', '100%', '51%', '55%']  memcached=164.1%
[monitor] ['73%', '100%', '53%', '65%']  memcached=191.0%
[monitor] ['63%', '100%', '83%', '66%']  memcached=212.3%
[monitor] ['56%', '100%', '100%', '55%']  memcached=211.7%
[monitor] ['57%', '100%', '100%', '55%']  memcached=212.0%
[monitor] ['56%', '100%', '88%', '65%']  memcached=209.5%
[monitor] ['56%', '100%', '46%', '100%']  memcached=202.1%
[monitor] ['57%', '100%', '53%', '100%']  memcached=210.3%
[monitor] ['95%', '100%', '51%', '92%']  memcached=238.2%
[monitor] ['61%', '100%', '53%', '100%']  memcached=213.8%
[monitor] ['59%', '100%', '51%', '100%']  memcached=210.3%
[monitor] ['84%', '100%', '51%', '72%']  memcached=207.4%
[monitor] ['67%', '100%', '58%', '97%']  memcached=221.9%
[monitor] ['88%', '100%', '88%', '94%']  memcached=270.8%
[monitor] ['85%', '100%', '100%', '81%']  memcached=265.8%
[monitor] ['88%', '100%', '100%', '83%']  memcached=270.8%
[monitor] ['86%', '100%', '100%', '85%']  memcached=270.6%
[monitor] ['88%', '100%', '100%', '86%']  memcached=273.9%
[monitor] ['97%', '100%', '81%', '81%']  memcached=258.7%
[monitor] ['86%', '100%', '95%', '83%']  memcached=263.6%
[monitor] ['88%', '100%', '80%', '83%']  memcached=251.6%
[monitor] ['82%', '100%', '79%', '81%']  memcached=241.9%
[monitor] ['85%', '100%', '81%', '85%']  memcached=251.1%
[monitor] ['91%', '100%', '83%', '83%']  memcached=256.9%
[monitor] ['83%', '100%', '75%', '80%']  memcached=237.9%
[monitor] ['85%', '100%', '78%', '81%']  memcached=244.2%
[monitor] ['83%', '100%', '78%', '81%']  memcached=241.2%
[monitor] ['83%', '100%', '76%', '78%']  memcached=238.0%
[monitor] ['83%', '100%', '77%', '83%']  memcached=242.9%
[monitor] ['69%', '100%', '61%', '65%']  memcached=195.4%
[monitor] ['54%', '100%', '46%', '49%']  memcached=148.2%
[monitor] ['53%', '100%', '46%', '50%']  memcached=148.3%
[monitor] ['51%', '100%', '44%', '50%']  memcached=145.4%
[monitor] ['55%', '100%', '44%', '53%']  memcached=152.0%
[monitor] ['53%', '100%', '47%', '53%']  memcached=152.5%
[monitor] ['55%', '100%', '46%', '54%']  memcached=154.6%
[monitor] ['54%', '100%', '46%', '49%']  memcached=148.3%
[monitor] ['55%', '100%', '46%', '51%']  memcached=152.0%
[monitor] ['51%', '100%', '42%', '50%']  memcached=143.8%
[monitor] ['54%', '100%', '44%', '50%']  memcached=148.0%
[monitor] ['54%', '100%', '46%', '51%']  memcached=150.9%
[monitor] ['55%', '100%', '47%', '49%']  memcached=150.8%
[monitor] ['54%', '100%', '49%', '53%']  memcached=155.3%
[monitor] ['54%', '100%', '44%', '50%']  memcached=148.0%
[monitor] ['53%', '100%', '46%', '51%']  memcached=149.7%
[monitor] ['55%', '100%', '47%', '49%']  memcached=151.1%
[monitor] ['76%', '100%', '71%', '73%']  memcached=220.3%
[monitor] ['81%', '100%', '76%', '78%']  memcached=234.0%
[monitor] ['82%', '100%', '78%', '80%']  memcached=240.1%
[monitor] ['81%', '100%', '73%', '79%']  memcached=232.5%
[monitor] ['80%', '100%', '75%', '78%']  memcached=233.4%
[monitor] ['81%', '100%', '73%', '78%']  memcached=232.4%
[monitor] ['81%', '100%', '76%', '77%']  memcached=234.0%
[monitor] ['83%', '100%', '76%', '78%']  memcached=237.4%
[monitor] ['82%', '100%', '77%', '80%']  memcached=239.5%
[monitor] ['80%', '100%', '74%', '79%']  memcached=233.3%
[monitor] ['83%', '100%', '76%', '77%']  memcached=236.2%
[monitor] ['81%', '100%', '72%', '78%']  memcached=231.2%
[monitor] ['83%', '100%', '76%', '78%']  memcached=237.4%
[monitor] ['83%', '100%', '74%', '83%']  memcached=240.0%
[monitor] ['86%', '100%', '81%', '83%']  memcached=250.1%
[monitor] ['85%', '100%', '80%', '83%']  memcached=248.2%
[monitor] ['71%', '100%', '62%', '69%']  memcached=200.9%
[monitor] ['17%', '100%', '17%', '8%']  memcached=42.2%
[MEMCACHED] cores updated to: ['0', '3']
[vips] cores updated to: [1, 2]
[monitor] ['29%', '100%', '100%', '28%']  memcached=57.2%
[MEMCACHED] cores updated to: ['0']
[vips] cores updated to: [3, 1, 2]
[monitor] ['60%', '100%', '100%', '100%']  memcached=60.5%
[monitor] ['60%', '100%', '100%', '100%']  memcached=60.0%
[monitor] ['55%', '100%', '100%', '100%']  memcached=54.8%
[monitor] ['60%', '100%', '100%', '100%']  memcached=60.0%
[monitor] ['61%', '100%', '100%', '100%']  memcached=61.4%
[monitor] ['58%', '100%', '100%', '100%']  memcached=58.1%
[monitor] ['58%', '100%', '100%', '100%']  memcached=58.1%
[monitor] ['59%', '100%', '100%', '100%']  memcached=59.1%
[monitor] ['58%', '100%', '100%', '100%']  memcached=58.1%
[monitor] ['59%', '100%', '100%', '100%']  memcached=58.5%
[monitor] ['61%', '100%', '100%', '100%']  memcached=60.9%
[monitor] ['58%', '93%', '93%', '87%']  memcached=58.1%
[vips] ended.
[MEMCACHED] cores updated to: ['0', '1', '2', '3']
