Controller pinned to core 3.
Scheduler started.
pulled barnes
pulled radix
pulled blackscholes
pulled canneal
pulled freqmine
pulled streamcluster
pulled vips
[MEMCACHED] cores updated to: ['0', '1', '2']
[radix] started on cores: [3] with 1 threads.
[monitor] ['51%', '53%', '50%', '100%']  memcached=154.4%
[monitor] ['52%', '54%', '53%', '100%']  memcached=158.7%
[monitor] ['53%', '53%', '48%', '100%']  memcached=154.2%
[monitor] ['51%', '49%', '51%', '100%']  memcached=151.4%
[monitor] ['53%', '50%', '54%', '100%']  memcached=157.0%
[monitor] ['51%', '50%', '48%', '100%']  memcached=149.8%
[monitor] ['53%', '56%', '54%', '100%']  memcached=162.6%
[monitor] ['48%', '47%', '50%', '100%']  memcached=145.4%
[monitor] ['51%', '50%', '51%', '100%']  memcached=152.9%
[monitor] ['41%', '41%', '43%', '100%']  memcached=125.2%
[MEMCACHED] cores updated to: ['0', '2']
[radix] paused.
[barnes] started on cores: [1, 3] with 2 threads.
[monitor] ['51%', '65%', '53%', '56%']  memcached=104.2%
[monitor] ['53%', '80%', '54%', '39%']  memcached=106.8%
[monitor] ['55%', '100%', '53%', '4%']  memcached=108.0%
[monitor] ['53%', '100%', '55%', '7%']  memcached=108.0%
[monitor] ['54%', '100%', '57%', '61%']  memcached=110.8%
[monitor] ['53%', '100%', '50%', '100%']  memcached=102.8%
[monitor] ['59%', '100%', '56%', '100%']  memcached=114.5%
[monitor] ['53%', '100%', '54%', '100%']  memcached=106.8%
[monitor] ['51%', '100%', '51%', '83%']  memcached=102.9%
[monitor] ['57%', '100%', '57%', '100%']  memcached=113.5%
[monitor] ['57%', '100%', '55%', '100%']  memcached=112.0%
[monitor] ['54%', '100%', '54%', '100%']  memcached=108.1%
[monitor] ['55%', '100%', '55%', '100%']  memcached=110.5%
[monitor] ['54%', '100%', '60%', '100%']  memcached=114.1%
[monitor] ['56%', '100%', '55%', '100%']  memcached=110.8%
[monitor] ['58%', '100%', '57%', '100%']  memcached=114.7%
[monitor] ['54%', '100%', '56%', '100%']  memcached=110.5%
[monitor] ['55%', '100%', '55%', '100%']  memcached=110.5%
[monitor] ['54%', '100%', '56%', '100%']  memcached=109.6%
[monitor] ['57%', '100%', '53%', '100%']  memcached=109.5%
[monitor] ['53%', '100%', '53%', '100%']  memcached=105.6%
[monitor] ['55%', '100%', '56%', '100%']  memcached=110.8%
[monitor] ['54%', '100%', '55%', '100%']  memcached=109.3%
[monitor] ['54%', '100%', '54%', '100%']  memcached=108.1%
[monitor] ['57%', '100%', '57%', '100%']  memcached=113.5%
[monitor] ['55%', '100%', '57%', '100%']  memcached=112.8%
[monitor] ['55%', '100%', '54%', '100%']  memcached=109.3%
[monitor] ['54%', '100%', '56%', '100%']  memcached=110.5%
[monitor] ['54%', '100%', '54%', '100%']  memcached=108.3%
[monitor] ['57%', '100%', '54%', '100%']  memcached=110.8%
[monitor] ['53%', '100%', '56%', '100%']  memcached=109.2%
[monitor] ['54%', '100%', '54%', '100%']  memcached=108.1%
[monitor] ['54%', '100%', '54%', '100%']  memcached=108.1%
[monitor] ['56%', '100%', '53%', '100%']  memcached=109.2%
[monitor] ['54%', '100%', '55%', '100%']  memcached=109.3%
[monitor] ['51%', '100%', '53%', '100%']  memcached=104.2%
[monitor] ['57%', '100%', '54%', '100%']  memcached=111.6%
[monitor] ['56%', '100%', '58%', '100%']  memcached=113.5%
[monitor] ['51%', '100%', '54%', '100%']  memcached=105.4%
[monitor] ['54%', '100%', '57%', '100%']  memcached=111.6%
[monitor] ['54%', '100%', '54%', '100%']  memcached=108.1%
[monitor] ['54%', '100%', '55%', '100%']  memcached=109.3%
[monitor] ['53%', '100%', '56%', '100%']  memcached=108.3%
[monitor] ['58%', '100%', '55%', '100%']  memcached=113.2%
[monitor] ['55%', '100%', '54%', '100%']  memcached=109.3%
[monitor] ['55%', '100%', '56%', '100%']  memcached=111.7%
[monitor] ['59%', '100%', '56%', '100%']  memcached=115.4%
[monitor] ['64%', '100%', '64%', '100%']  memcached=127.8%
[monitor] ['97%', '100%', '97%', '100%']  memcached=193.3%
[MEMCACHED] cores updated to: ['0', '1', '2']
[radix] unpaused.
[barnes] paused.
[monitor] ['77%', '76%', '76%', '100%']  memcached=228.9%
[monitor] ['81%', '79%', '79%', '100%']  memcached=238.8%
[monitor] ['76%', '76%', '76%', '100%']  memcached=227.3%
[monitor] ['79%', '79%', '79%', '100%']  memcached=237.6%
[monitor] ['78%', '79%', '76%', '100%']  memcached=233.4%
[monitor] ['81%', '79%', '79%', '100%']  memcached=238.8%
[monitor] ['78%', '79%', '80%', '100%']  memcached=236.9%
[monitor] ['81%', '80%', '79%', '100%']  memcached=240.0%
[monitor] ['81%', '81%', '79%', '100%']  memcached=241.3%
[monitor] ['78%', '77%', '77%', '100%']  memcached=232.4%
[monitor] ['82%', '82%', '81%', '100%']  memcached=244.9%
[monitor] ['81%', '75%', '78%', '100%']  memcached=234.4%
[monitor] ['82%', '85%', '82%', '100%']  memcached=249.0%
[monitor] ['84%', '75%', '79%', '100%']  memcached=238.3%
[monitor] ['79%', '79%', '79%', '100%']  memcached=236.4%
[monitor] ['79%', '73%', '79%', '100%']  memcached=230.9%
[monitor] ['79%', '79%', '77%', '100%']  memcached=235.6%
[monitor] ['79%', '76%', '76%', '100%']  memcached=230.3%
[monitor] ['77%', '72%', '75%', '100%']  memcached=224.0%
[monitor] ['77%', '74%', '76%', '100%']  memcached=226.6%
[monitor] ['79%', '76%', '79%', '100%']  memcached=234.7%
[monitor] ['81%', '78%', '78%', '100%']  memcached=236.9%
[monitor] ['75%', '74%', '75%', '100%']  memcached=224.2%
[monitor] ['79%', '79%', '79%', '100%']  memcached=238.2%
[monitor] ['82%', '79%', '80%', '100%']  memcached=241.2%
[monitor] ['81%', '79%', '79%', '100%']  memcached=238.8%
[monitor] ['85%', '84%', '84%', '100%']  memcached=253.1%
[monitor] ['82%', '77%', '79%', '100%']  memcached=239.2%
[monitor] ['87%', '81%', '79%', '100%']  memcached=247.1%
[monitor] ['82%', '82%', '82%', '100%']  memcached=246.0%
[monitor] ['78%', '76%', '77%', '100%']  memcached=231.7%
[monitor] ['84%', '81%', '81%', '100%']  memcached=246.9%
[monitor] ['81%', '79%', '79%', '100%']  memcached=239.4%
[monitor] ['79%', '75%', '78%', '100%']  memcached=231.9%
[monitor] ['84%', '82%', '79%', '100%']  memcached=245.6%
[monitor] ['81%', '78%', '78%', '100%']  memcached=237.5%
[monitor] ['76%', '76%', '76%', '100%']  memcached=227.3%
[monitor] ['79%', '73%', '76%', '100%']  memcached=227.3%
[monitor] ['81%', '81%', '81%', '100%']  memcached=243.1%
[monitor] ['79%', '74%', '75%', '100%']  memcached=228.7%
[monitor] ['82%', '82%', '79%', '100%']  memcached=243.0%
[monitor] ['81%', '78%', '84%', '100%']  memcached=243.8%
[monitor] ['82%', '83%', '83%', '100%']  memcached=247.5%
[monitor] ['81%', '81%', '81%', '100%']  memcached=243.1%
[monitor] ['84%', '82%', '82%', '100%']  memcached=248.0%
[monitor] ['82%', '82%', '81%', '100%']  memcached=244.8%
[monitor] ['82%', '80%', '81%', '100%']  memcached=242.4%
[monitor] ['79%', '77%', '77%', '100%']  memcached=234.3%
[monitor] ['79%', '79%', '76%', '100%']  memcached=234.7%
[monitor] ['79%', '79%', '79%', '100%']  memcached=237.6%
[monitor] ['81%', '76%', '79%', '100%']  memcached=236.5%
[monitor] ['75%', '74%', '76%', '100%']  memcached=225.7%
[monitor] ['82%', '76%', '79%', '100%']  memcached=236.4%
[monitor] ['75%', '76%', '76%', '100%']  memcached=226.5%
[monitor] ['85%', '81%', '84%', '100%']  memcached=250.0%
[monitor] ['74%', '76%', '75%', '100%']  memcached=225.7%
[monitor] ['81%', '77%', '76%', '100%']  memcached=234.9%
[monitor] ['81%', '81%', '79%', '100%']  memcached=241.9%
[monitor] ['82%', '78%', '81%', '100%']  memcached=240.6%
[monitor] ['80%', '79%', '79%', '100%']  memcached=237.6%
[monitor] ['79%', '76%', '79%', '100%']  memcached=234.7%
[monitor] ['78%', '79%', '75%', '100%']  memcached=231.9%
[monitor] ['85%', '81%', '80%', '100%']  memcached=245.5%
[monitor] ['79%', '80%', '76%', '100%']  memcached=235.9%
[monitor] ['78%', '76%', '76%', '100%']  memcached=229.6%
[monitor] ['77%', '75%', '79%', '100%']  memcached=230.9%
[monitor] ['77%', '74%', '76%', '100%']  memcached=226.7%
[monitor] ['85%', '84%', '81%', '100%']  memcached=250.0%
[monitor] ['84%', '82%', '82%', '100%']  memcached=248.0%
[monitor] ['82%', '84%', '82%', '100%']  memcached=248.0%
[monitor] ['85%', '79%', '79%', '100%']  memcached=242.4%
[monitor] ['81%', '79%', '78%', '100%']  memcached=238.2%
[monitor] ['82%', '81%', '79%', '100%']  memcached=241.9%
[monitor] ['85%', '80%', '82%', '100%']  memcached=246.7%
[monitor] ['83%', '84%', '81%', '100%']  memcached=247.4%
[monitor] ['84%', '78%', '82%', '100%']  memcached=244.3%
[monitor] ['82%', '82%', '82%', '100%']  memcached=246.0%
[monitor] ['81%', '85%', '82%', '100%']  memcached=248.5%
[monitor] ['79%', '76%', '79%', '100%']  memcached=233.3%
[monitor] ['81%', '85%', '82%', '100%']  memcached=248.5%
[monitor] ['85%', '82%', '82%', '100%']  memcached=249.0%
[monitor] ['78%', '76%', '77%', '100%']  memcached=231.3%
[monitor] ['79%', '76%', '76%', '100%']  memcached=230.3%
[monitor] ['82%', '82%', '84%', '100%']  memcached=248.5%
[monitor] ['88%', '85%', '82%', '100%']  memcached=254.2%
[monitor] ['78%', '72%', '78%', '100%']  memcached=228.1%
[monitor] ['76%', '79%', '76%', '100%']  memcached=231.0%
[monitor] ['81%', '78%', '77%', '100%']  memcached=236.8%
[monitor] ['82%', '82%', '81%', '100%']  memcached=244.8%
[monitor] ['77%', '76%', '78%', '100%']  memcached=231.0%
[monitor] ['82%', '85%', '81%', '100%']  memcached=247.8%
[monitor] ['78%', '74%', '79%', '100%']  memcached=231.1%
[monitor] ['79%', '77%', '79%', '100%']  memcached=236.2%
[monitor] ['87%', '85%', '82%', '100%']  memcached=253.3%
[monitor] ['82%', '79%', '81%', '100%']  memcached=242.5%
[monitor] ['77%', '76%', '75%', '100%']  memcached=228.1%
[monitor] ['80%', '79%', '78%', '100%']  memcached=236.9%
[monitor] ['81%', '83%', '79%', '100%']  memcached=242.9%
[monitor] ['76%', '72%', '76%', '100%']  memcached=224.1%
[monitor] ['73%', '69%', '69%', '100%']  memcached=210.2%
[monitor] ['73%', '73%', '74%', '100%']  memcached=219.0%
[monitor] ['76%', '74%', '73%', '100%']  memcached=222.0%
[monitor] ['74%', '74%', '73%', '100%']  memcached=219.8%
[monitor] ['78%', '76%', '76%', '100%']  memcached=230.4%
[monitor] ['76%', '73%', '76%', '100%']  memcached=225.0%
[monitor] ['75%', '74%', '69%', '100%']  memcached=217.3%
[monitor] ['71%', '69%', '74%', '100%']  memcached=213.5%
[monitor] ['76%', '73%', '73%', '100%']  memcached=221.2%
[monitor] ['76%', '78%', '76%', '100%']  memcached=229.6%
[monitor] ['76%', '74%', '74%', '100%']  memcached=222.8%
[monitor] ['73%', '72%', '73%', '100%']  memcached=217.3%
[monitor] ['78%', '74%', '76%', '100%']  memcached=228.1%
[monitor] ['76%', '73%', '73%', '100%']  memcached=221.2%
[monitor] ['76%', '76%', '78%', '100%']  memcached=229.6%
[monitor] ['76%', '72%', '72%', '100%']  memcached=219.9%
[monitor] ['72%', '74%', '74%', '100%']  memcached=219.7%
[monitor] ['74%', '79%', '75%', '100%']  memcached=227.9%
[monitor] ['73%', '81%', '71%', '100%']  memcached=224.7%
[monitor] ['74%', '79%', '76%', '100%']  memcached=229.4%
[monitor] ['76%', '79%', '74%', '100%']  memcached=229.4%
[monitor] ['74%', '79%', '74%', '100%']  memcached=226.5%
[monitor] ['78%', '85%', '79%', '100%']  memcached=241.8%
[monitor] ['76%', '82%', '73%', '100%']  memcached=230.3%
[monitor] ['79%', '83%', '76%', '100%']  memcached=238.7%
[monitor] ['76%', '85%', '77%', '100%']  memcached=238.9%
[monitor] ['73%', '80%', '73%', '100%']  memcached=225.5%
[monitor] ['76%', '82%', '74%', '100%']  memcached=231.6%
[monitor] ['77%', '84%', '79%', '100%']  memcached=240.3%
[monitor] ['78%', '83%', '76%', '100%']  memcached=237.5%
[monitor] ['73%', '79%', '71%', '100%']  memcached=222.1%
[monitor] ['74%', '78%', '71%', '100%']  memcached=222.3%
[monitor] ['76%', '81%', '71%', '100%']  memcached=228.0%
[monitor] ['74%', '79%', '73%', '100%']  memcached=225.7%
[monitor] ['74%', '86%', '71%', '100%']  memcached=231.4%
[monitor] ['74%', '85%', '71%', '100%']  memcached=230.2%
[monitor] ['74%', '88%', '76%', '100%']  memcached=238.5%
[monitor] ['75%', '91%', '76%', '100%']  memcached=241.6%
[monitor] ['76%', '88%', '75%', '100%']  memcached=239.0%
[monitor] ['78%', '91%', '77%', '100%']  memcached=245.9%
[monitor] ['78%', '91%', '79%', '100%']  memcached=248.4%
[monitor] ['76%', '88%', '76%', '100%']  memcached=239.4%
[monitor] ['78%', '91%', '77%', '100%']  memcached=246.2%
[monitor] ['73%', '82%', '73%', '100%']  memcached=227.3%
[monitor] ['74%', '77%', '71%', '100%']  memcached=221.3%
[monitor] ['74%', '76%', '73%', '100%']  memcached=222.7%
[monitor] ['79%', '79%', '76%', '100%']  memcached=234.0%
[monitor] ['75%', '74%', '76%', '100%']  memcached=225.8%
[monitor] ['65%', '62%', '65%', '100%']  memcached=191.9%
[radix] ended.
[blackscholes] started on cores: [3] with 3 threads.
[monitor] ['38%', '47%', '42%', '100%']  memcached=127.0%
[MEMCACHED] cores updated to: ['0', '2']
[barnes] unpaused.
[blackscholes] paused.
[monitor] ['56%', '100%', '53%', '100%']  memcached=109.2%
[monitor] ['55%', '100%', '57%', '100%']  memcached=112.8%
[monitor] ['55%', '100%', '55%', '100%']  memcached=110.5%
[monitor] ['53%', '100%', '55%', '100%']  memcached=108.0%
[monitor] ['56%', '100%', '57%', '100%']  memcached=113.2%
[monitor] ['58%', '100%', '57%', '100%']  memcached=115.4%
[monitor] ['53%', '100%', '57%', '100%']  memcached=110.3%
[monitor] ['54%', '100%', '53%', '100%']  memcached=106.8%
[monitor] ['56%', '100%', '55%', '100%']  memcached=111.7%
[monitor] ['54%', '100%', '55%', '100%']  memcached=109.3%
[monitor] ['55%', '100%', '55%', '100%']  memcached=110.5%
[monitor] ['57%', '100%', '59%', '100%']  memcached=116.5%
[monitor] ['54%', '100%', '54%', '100%']  memcached=108.1%
[monitor] ['56%', '100%', '57%', '100%']  memcached=113.9%
[monitor] ['53%', '100%', '56%', '100%']  memcached=109.2%
[monitor] ['55%', '100%', '56%', '100%']  memcached=111.4%
[monitor] ['56%', '100%', '56%', '100%']  memcached=112.8%
[monitor] ['56%', '100%', '55%', '100%']  memcached=111.7%
[monitor] ['56%', '100%', '55%', '100%']  memcached=111.7%
[monitor] ['56%', '100%', '55%', '100%']  memcached=111.7%
[monitor] ['55%', '100%', '56%', '100%']  memcached=111.7%
[monitor] ['54%', '100%', '57%', '100%']  memcached=111.6%
[monitor] ['54%', '100%', '54%', '100%']  memcached=108.1%
[monitor] ['54%', '100%', '57%', '100%']  memcached=111.6%
[monitor] ['56%', '100%', '56%', '100%']  memcached=112.8%
[monitor] ['54%', '100%', '54%', '100%']  memcached=108.1%
[monitor] ['54%', '100%', '56%', '100%']  memcached=110.5%
[monitor] ['55%', '100%', '56%', '100%']  memcached=111.7%
[monitor] ['56%', '100%', '56%', '100%']  memcached=112.8%
[monitor] ['57%', '100%', '58%', '100%']  memcached=115.4%
[monitor] ['53%', '100%', '55%', '100%']  memcached=108.0%
[monitor] ['55%', '100%', '54%', '100%']  memcached=109.3%
[monitor] ['55%', '100%', '53%', '100%']  memcached=107.9%
[monitor] ['51%', '100%', '55%', '21%']  memcached=106.7%
[monitor] ['57%', '100%', '59%', '100%']  memcached=116.5%
[monitor] ['54%', '100%', '54%', '93%']  memcached=107.9%
[monitor] ['56%', '100%', '56%', '80%']  memcached=112.8%
[monitor] ['55%', '100%', '57%', '100%']  memcached=112.0%
[monitor] ['51%', '100%', '55%', '100%']  memcached=106.7%
[monitor] ['54%', '100%', '59%', '100%']  memcached=113.0%
[monitor] ['54%', '100%', '53%', '100%']  memcached=106.8%
[monitor] ['57%', '100%', '57%', '100%']  memcached=114.3%
[monitor] ['57%', '100%', '55%', '100%']  memcached=112.8%
[monitor] ['55%', '100%', '57%', '100%']  memcached=112.8%
[monitor] ['54%', '100%', '53%', '100%']  memcached=106.8%
[monitor] ['57%', '100%', '55%', '100%']  memcached=112.8%
[monitor] ['59%', '100%', '56%', '100%']  memcached=114.5%
[monitor] ['37%', '100%', '40%', '100%']  memcached=77.1%
[monitor] ['21%', '100%', '21%', '100%']  memcached=42.4%
[MEMCACHED] cores updated to: ['0']
[blackscholes] unpaused.
[blackscholes] cores updated to: [2]
[monitor] ['37%', '100%', '100%', '100%']  memcached=37.1%
[monitor] ['39%', '100%', '100%', '100%']  memcached=39.5%
[monitor] ['34%', '100%', '100%', '100%']  memcached=34.3%
[monitor] ['29%', '100%', '100%', '100%']  memcached=29.4%
[monitor] ['35%', '100%', '100%', '100%']  memcached=35.1%
[monitor] ['34%', '100%', '100%', '100%']  memcached=34.3%
[monitor] ['29%', '100%', '100%', '100%']  memcached=29.4%
[monitor] ['33%', '100%', '100%', '100%']  memcached=33.3%
[monitor] ['29%', '100%', '100%', '100%']  memcached=29.4%
[monitor] ['30%', '100%', '100%', '100%']  memcached=30.3%
[monitor] ['32%', '100%', '100%', '100%']  memcached=32.4%
[monitor] ['33%', '100%', '100%', '100%']  memcached=33.3%
[monitor] ['33%', '100%', '100%', '100%']  memcached=33.3%
[monitor] ['33%', '100%', '100%', '100%']  memcached=33.3%
[monitor] ['34%', '100%', '100%', '100%']  memcached=34.3%
[monitor] ['33%', '100%', '100%', '100%']  memcached=33.3%
[monitor] ['35%', '100%', '100%', '100%']  memcached=35.3%
[monitor] ['36%', '100%', '100%', '100%']  memcached=36.1%
[monitor] ['92%', '100%', '100%', '100%']  memcached=91.7%
[MEMCACHED] cores updated to: ['0', '1', '3']
[barnes] paused.
[monitor] ['16%', '13%', '100%', '19%']  memcached=47.8%
[MEMCACHED] cores updated to: ['0', '3']
[barnes] unpaused.
[barnes] cores updated to: [1, 2]
[blackscholes] paused.
[monitor] ['26%', '100%', '100%', '19%']  memcached=44.5%
[MEMCACHED] cores updated to: ['0']
[blackscholes] unpaused.
[blackscholes] cores updated to: [3]
[monitor] ['42%', '100%', '100%', '100%']  memcached=41.7%
[monitor] ['33%', '100%', '100%', '100%']  memcached=33.3%
[monitor] ['36%', '100%', '100%', '100%']  memcached=36.1%
[monitor] ['34%', '100%', '100%', '100%']  memcached=34.3%
[monitor] ['31%', '100%', '100%', '100%']  memcached=31.4%
[monitor] ['31%', '100%', '100%', '100%']  memcached=31.4%
[monitor] ['30%', '100%', '100%', '100%']  memcached=30.3%
[monitor] ['33%', '100%', '100%', '100%']  memcached=33.3%
[monitor] ['30%', '100%', '100%', '100%']  memcached=30.3%
[monitor] ['37%', '100%', '100%', '100%']  memcached=36.8%
[monitor] ['34%', '100%', '100%', '100%']  memcached=34.3%
[monitor] ['34%', '100%', '100%', '100%']  memcached=34.3%
[monitor] ['34%', '100%', '100%', '100%']  memcached=34.3%
[monitor] ['38%', '100%', '100%', '100%']  memcached=37.8%
[monitor] ['34%', '100%', '100%', '100%']  memcached=34.3%
[monitor] ['83%', '100%', '100%', '100%']  memcached=82.9%
[MEMCACHED] cores updated to: ['0', '3']
[blackscholes] paused.
[monitor] ['100%', '100%', '100%', '26%']  memcached=126.5%
[monitor] ['100%', '100%', '100%', '24%']  memcached=124.2%
[monitor] ['100%', '100%', '100%', '26%']  memcached=126.5%
[monitor] ['46%', '100%', '100%', '81%']  memcached=126.4%
[monitor] ['100%', '100%', '100%', '21%']  memcached=121.2%
[monitor] ['100%', '100%', '100%', '24%']  memcached=123.5%
[monitor] ['100%', '100%', '28%', '24%']  memcached=124.2%
[monitor] ['100%', '100%', '7%', '26%']  memcached=126.5%
[monitor] ['100%', '100%', '7%', '47%']  memcached=146.9%
[monitor] ['83%', '100%', '8%', '89%']  memcached=172.2%
[MEMCACHED] cores updated to: ['0', '1', '3']
[barnes] paused.
[blackscholes] unpaused.
[blackscholes] cores updated to: [2]
[monitor] ['62%', '58%', '100%', '55%']  memcached=174.4%
[monitor] ['65%', '61%', '100%', '62%']  memcached=187.1%
[monitor] ['61%', '58%', '100%', '56%']  memcached=174.4%
[monitor] ['62%', '61%', '100%', '56%']  memcached=178.3%
[monitor] ['65%', '59%', '100%', '59%']  memcached=182.4%
[monitor] ['65%', '59%', '100%', '60%']  memcached=184.1%
[monitor] ['61%', '60%', '100%', '53%']  memcached=173.7%
[monitor] ['59%', '59%', '100%', '58%']  memcached=176.8%
[monitor] ['59%', '62%', '100%', '55%']  memcached=175.7%
[monitor] ['63%', '61%', '100%', '59%']  memcached=182.3%
[monitor] ['59%', '56%', '100%', '55%']  memcached=169.3%
[monitor] ['59%', '61%', '100%', '58%']  memcached=177.0%
[monitor] ['63%', '56%', '100%', '55%']  memcached=173.9%
[monitor] ['59%', '61%', '100%', '55%']  memcached=174.0%
[monitor] ['62%', '59%', '100%', '58%']  memcached=179.2%
[monitor] ['64%', '59%', '100%', '55%']  memcached=177.3%
[monitor] ['64%', '59%', '100%', '58%']  memcached=180.8%
[monitor] ['61%', '61%', '100%', '59%']  memcached=180.0%
[monitor] ['59%', '62%', '100%', '55%']  memcached=176.0%
[monitor] ['64%', '56%', '100%', '59%']  memcached=179.0%
[monitor] ['63%', '59%', '100%', '58%']  memcached=179.8%
[monitor] ['61%', '59%', '100%', '55%']  memcached=174.8%
[monitor] ['63%', '63%', '100%', '58%']  memcached=183.3%
[monitor] ['64%', '60%', '100%', '59%']  memcached=182.7%
[monitor] ['62%', '61%', '100%', '59%']  memcached=181.2%
[monitor] ['65%', '55%', '100%', '59%']  memcached=178.4%
[monitor] ['61%', '61%', '100%', '58%']  memcached=179.3%
[monitor] ['65%', '59%', '100%', '58%']  memcached=182.1%
[monitor] ['62%', '63%', '100%', '58%']  memcached=183.4%
[monitor] ['65%', '59%', '100%', '58%']  memcached=181.1%
[monitor] ['63%', '61%', '100%', '58%']  memcached=181.0%
[monitor] ['61%', '59%', '100%', '58%']  memcached=177.6%
[monitor] ['59%', '60%', '100%', '58%']  memcached=176.4%
[monitor] ['65%', '62%', '100%', '57%']  memcached=183.8%
[monitor] ['61%', '59%', '100%', '58%']  memcached=177.5%
[monitor] ['66%', '62%', '100%', '59%']  memcached=187.6%
[monitor] ['61%', '60%', '100%', '58%']  memcached=178.7%
[monitor] ['65%', '59%', '100%', '57%']  memcached=180.8%
[monitor] ['64%', '65%', '100%', '61%']  memcached=189.2%
[monitor] ['63%', '60%', '100%', '59%']  memcached=181.7%
[monitor] ['64%', '62%', '100%', '57%']  memcached=183.5%
[monitor] ['62%', '58%', '100%', '58%']  memcached=176.9%
[monitor] ['63%', '59%', '100%', '60%']  memcached=182.2%
[monitor] ['64%', '61%', '100%', '59%']  memcached=183.9%
[monitor] ['41%', '41%', '100%', '38%']  memcached=119.3%
[MEMCACHED] cores updated to: ['0', '3']
[barnes] unpaused.
[blackscholes] paused.
[monitor] ['27%', '100%', '10%', '29%']  memcached=55.8%
[MEMCACHED] cores updated to: ['0']
[blackscholes] unpaused.
[blackscholes] cores updated to: [3]
[monitor] ['41%', '100%', '100%', '100%']  memcached=40.5%
[monitor] ['38%', '100%', '59%', '100%']  memcached=38.2%
[monitor] ['42%', '100%', '100%', '100%']  memcached=42.1%
[monitor] ['40%', '100%', '100%', '100%']  memcached=40.0%
[monitor] ['38%', '100%', '100%', '100%']  memcached=38.2%
[monitor] ['37%', '100%', '100%', '100%']  memcached=37.1%
[monitor] ['40%', '100%', '100%', '100%']  memcached=40.0%
[monitor] ['42%', '100%', '100%', '100%']  memcached=41.7%
[monitor] ['41%', '100%', '100%', '100%']  memcached=40.5%
[monitor] ['38%', '100%', '100%', '100%']  memcached=38.2%
[monitor] ['37%', '100%', '100%', '100%']  memcached=37.1%
[monitor] ['43%', '100%', '100%', '100%']  memcached=43.2%
[monitor] ['39%', '100%', '100%', '100%']  memcached=39.4%
[monitor] ['44%', '100%', '100%', '100%']  memcached=44.1%
[monitor] ['44%', '100%', '100%', '100%']  memcached=44.4%
[monitor] ['42%', '100%', '100%', '100%']  memcached=41.7%
[monitor] ['40%', '100%', '100%', '100%']  memcached=40.0%
[monitor] ['40%', '100%', '100%', '100%']  memcached=40.0%
[monitor] ['42%', '100%', '100%', '100%']  memcached=41.7%
[monitor] ['39%', '100%', '100%', '100%']  memcached=38.9%
[monitor] ['40%', '100%', '100%', '100%']  memcached=40.0%
[monitor] ['43%', '100%', '100%', '100%']  memcached=43.2%
[monitor] ['42%', '100%', '100%', '100%']  memcached=41.7%
[monitor] ['43%', '100%', '100%', '100%']  memcached=43.2%
[monitor] ['45%', '100%', '100%', '100%']  memcached=44.7%
[monitor] ['40%', '100%', '100%', '100%']  memcached=40.0%
[monitor] ['43%', '100%', '100%', '100%']  memcached=43.2%
[monitor] ['42%', '100%', '100%', '100%']  memcached=41.7%
[monitor] ['40%', '100%', '100%', '100%']  memcached=40.0%
[monitor] ['39%', '100%', '100%', '100%']  memcached=38.9%
[monitor] ['40%', '100%', '100%', '100%']  memcached=40.0%
[monitor] ['40%', '100%', '100%', '100%']  memcached=40.0%
[monitor] ['39%', '100%', '100%', '100%']  memcached=38.9%
[monitor] ['42%', '100%', '100%', '100%']  memcached=41.7%
[monitor] ['39%', '100%', '100%', '100%']  memcached=38.9%
[monitor] ['38%', '100%', '100%', '100%']  memcached=38.2%
[monitor] ['37%', '100%', '100%', '100%']  memcached=37.1%
[monitor] ['45%', '100%', '100%', '100%']  memcached=44.7%
[monitor] ['45%', '100%', '100%', '100%']  memcached=44.7%
[monitor] ['38%', '100%', '100%', '100%']  memcached=38.2%
[monitor] ['41%', '100%', '100%', '100%']  memcached=40.5%
[monitor] ['44%', '100%', '100%', '100%']  memcached=44.4%
[monitor] ['39%', '100%', '100%', '100%']  memcached=38.9%
[monitor] ['34%', '100%', '100%', '100%']  memcached=34.4%
[monitor] ['42%', '100%', '100%', '100%']  memcached=42.1%
[monitor] ['40%', '100%', '100%', '100%']  memcached=40.0%
[monitor] ['40%', '100%', '100%', '100%']  memcached=40.0%
[monitor] ['41%', '100%', '100%', '100%']  memcached=41.2%
[monitor] ['82%', '100%', '100%', '100%']  memcached=81.6%
[MEMCACHED] cores updated to: ['0', '3']
[blackscholes] paused.
[monitor] ['60%', '100%', '100%', '56%']  memcached=116.4%
[monitor] ['56%', '100%', '100%', '59%']  memcached=114.5%
[monitor] ['60%', '100%', '100%', '60%']  memcached=120.0%
[monitor] ['59%', '100%', '100%', '57%']  memcached=116.5%
[monitor] ['61%', '100%', '48%', '57%']  memcached=117.7%
[monitor] ['59%', '100%', '4%', '56%']  memcached=115.0%
[monitor] ['58%', '100%', '8%', '57%']  memcached=114.7%
[monitor] ['58%', '100%', '7%', '54%']  memcached=112.4%
[monitor] ['61%', '100%', '11%', '54%']  memcached=114.8%
[monitor] ['59%', '100%', '7%', '57%']  memcached=115.7%
[monitor] ['57%', '100%', '7%', '54%']  memcached=110.8%
[monitor] ['56%', '100%', '4%', '54%']  memcached=109.6%
[monitor] ['58%', '100%', '14%', '56%']  memcached=113.5%
[monitor] ['61%', '100%', '4%', '54%']  memcached=114.6%
[monitor] ['58%', '100%', '7%', '58%']  memcached=115.8%
[monitor] ['59%', '100%', '4%', '56%']  memcached=115.0%
[monitor] ['59%', '100%', '7%', '56%']  memcached=114.5%
[monitor] ['57%', '100%', '7%', '57%']  memcached=113.5%
[monitor] ['59%', '100%', '97%', '61%']  memcached=120.0%
[monitor] ['63%', '100%', '100%', '61%']  memcached=123.7%
[monitor] ['61%', '100%', '76%', '58%']  memcached=118.9%
[monitor] ['59%', '100%', '100%', '63%']  memcached=122.6%
[monitor] ['62%', '100%', '100%', '61%']  memcached=122.1%
[monitor] ['58%', '100%', '100%', '57%']  memcached=115.4%
[monitor] ['59%', '100%', '100%', '58%']  memcached=117.8%
[monitor] ['61%', '100%', '100%', '62%']  memcached=122.1%
[monitor] ['61%', '100%', '100%', '57%']  memcached=117.7%
[monitor] ['57%', '100%', '100%', '57%']  memcached=113.5%
[monitor] ['58%', '100%', '100%', '57%']  memcached=114.7%
[monitor] ['58%', '100%', '100%', '58%']  memcached=115.8%
[monitor] ['59%', '100%', '100%', '57%']  memcached=116.2%
[monitor] ['58%', '100%', '100%', '54%']  memcached=111.9%
[monitor] ['55%', '100%', '100%', '57%']  memcached=112.0%
[monitor] ['57%', '100%', '100%', '56%']  memcached=113.2%
[monitor] ['57%', '100%', '100%', '56%']  memcached=112.3%
[monitor] ['56%', '100%', '100%', '53%']  memcached=109.2%
[monitor] ['59%', '100%', '100%', '58%']  memcached=116.9%
[monitor] ['57%', '100%', '100%', '55%']  memcached=112.0%
[monitor] ['59%', '100%', '100%', '56%']  memcached=114.5%
[monitor] ['61%', '100%', '100%', '59%']  memcached=120.0%
[monitor] ['57%', '100%', '100%', '53%']  memcached=109.5%
[monitor] ['56%', '100%', '100%', '58%']  memcached=114.3%
[monitor] ['61%', '100%', '100%', '57%']  memcached=117.3%
[monitor] ['57%', '100%', '100%', '55%']  memcached=112.8%
[monitor] ['59%', '100%', '100%', '57%']  memcached=115.7%
[monitor] ['57%', '100%', '100%', '58%']  memcached=114.7%
[monitor] ['57%', '100%', '100%', '56%']  memcached=113.2%
[monitor] ['60%', '100%', '100%', '54%']  memcached=114.3%
[monitor] ['46%', '100%', '100%', '50%']  memcached=95.7%
[monitor] ['42%', '100%', '100%', '37%']  memcached=79.2%
[monitor] ['39%', '100%', '100%', '32%']  memcached=71.2%
[monitor] ['38%', '100%', '100%', '34%']  memcached=72.1%
[monitor] ['42%', '100%', '100%', '35%']  memcached=77.4%
[monitor] ['36%', '100%', '100%', '32%']  memcached=68.5%
[MEMCACHED] cores updated to: ['0']
[blackscholes] unpaused.
[monitor] ['54%', '100%', '100%', '100%']  memcached=53.8%
[monitor] ['55%', '100%', '100%', '100%']  memcached=55.0%
[monitor] ['54%', '100%', '100%', '100%']  memcached=53.8%
[monitor] ['54%', '100%', '100%', '100%']  memcached=53.8%
[monitor] ['55%', '100%', '100%', '100%']  memcached=55.0%
[monitor] ['52%', '100%', '100%', '100%']  memcached=52.5%
[monitor] ['54%', '100%', '100%', '100%']  memcached=53.8%
[monitor] ['55%', '100%', '100%', '100%']  memcached=55.0%
[monitor] ['56%', '100%', '100%', '100%']  memcached=56.4%
[monitor] ['56%', '100%', '100%', '100%']  memcached=56.4%
[monitor] ['54%', '100%', '100%', '100%']  memcached=54.1%
[monitor] ['55%', '100%', '100%', '100%']  memcached=55.0%
[monitor] ['56%', '100%', '100%', '100%']  memcached=56.4%
[monitor] ['56%', '100%', '100%', '100%']  memcached=56.4%
[monitor] ['54%', '100%', '100%', '100%']  memcached=53.8%
[monitor] ['54%', '100%', '100%', '100%']  memcached=53.8%
[monitor] ['54%', '100%', '100%', '100%']  memcached=53.8%
[monitor] ['59%', '100%', '100%', '100%']  memcached=58.5%
[monitor] ['56%', '100%', '100%', '100%']  memcached=56.4%
[monitor] ['57%', '100%', '100%', '100%']  memcached=57.1%
[monitor] ['56%', '100%', '100%', '100%']  memcached=56.4%
[monitor] ['57%', '100%', '100%', '100%']  memcached=57.5%
[monitor] ['57%', '100%', '100%', '100%']  memcached=57.1%
[monitor] ['57%', '100%', '100%', '100%']  memcached=57.5%
[monitor] ['49%', '100%', '17%', '100%']  memcached=48.6%
[monitor] ['49%', '100%', '3%', '100%']  memcached=48.7%
[monitor] ['46%', '100%', '3%', '100%']  memcached=45.7%
[monitor] ['47%', '100%', '4%', '100%']  memcached=47.2%
[monitor] ['53%', '67%', '36%', '100%']  memcached=52.6%
[monitor] ['57%', '33%', '81%', '100%']  memcached=56.8%
[barnes] ended.
[blackscholes] cores updated to: [1, 2, 3]
[monitor] ['51%', '97%', '100%', '100%']  memcached=51.4%
[monitor] ['55%', '100%', '100%', '100%']  memcached=55.0%
[monitor] ['51%', '100%', '100%', '100%']  memcached=51.4%
[monitor] ['54%', '100%', '100%', '100%']  memcached=53.8%
[monitor] ['54%', '100%', '100%', '100%']  memcached=53.8%
[monitor] ['53%', '100%', '100%', '100%']  memcached=52.6%
[monitor] ['54%', '100%', '100%', '100%']  memcached=54.1%
[monitor] ['56%', '100%', '100%', '100%']  memcached=56.4%
[monitor] ['51%', '100%', '100%', '100%']  memcached=51.3%
[monitor] ['53%', '100%', '100%', '100%']  memcached=52.6%
[monitor] ['54%', '100%', '100%', '100%']  memcached=53.8%
[monitor] ['50%', '100%', '100%', '100%']  memcached=50.0%
[monitor] ['49%', '100%', '100%', '100%']  memcached=48.6%
[monitor] ['56%', '100%', '100%', '100%']  memcached=55.6%
[monitor] ['84%', '100%', '100%', '100%']  memcached=84.4%
[MEMCACHED] cores updated to: ['0', '1']
[blackscholes] cores updated to: [2, 3]
[monitor] ['100%', '94%', '100%', '100%']  memcached=193.8%
[MEMCACHED] cores updated to: ['0', '1', '2']
[blackscholes] cores updated to: [3]
[monitor] ['73%', '73%', '74%', '100%']  memcached=219.7%
[monitor] ['76%', '70%', '73%', '100%']  memcached=218.9%
[monitor] ['70%', '70%', '70%', '100%']  memcached=209.1%
[monitor] ['73%', '70%', '73%', '100%']  memcached=215.2%
[monitor] ['76%', '70%', '74%', '100%']  memcached=219.0%
[monitor] ['79%', '76%', '79%', '100%']  memcached=235.3%
[monitor] ['73%', '71%', '73%', '100%']  memcached=216.0%
[monitor] ['74%', '69%', '71%', '100%']  memcached=213.5%
[monitor] ['73%', '71%', '74%', '100%']  memcached=216.8%
[monitor] ['76%', '73%', '75%', '100%']  memcached=223.5%
[monitor] ['78%', '74%', '74%', '100%']  memcached=225.2%
[monitor] ['71%', '69%', '74%', '100%']  memcached=213.5%
[monitor] ['75%', '67%', '72%', '100%']  memcached=213.5%
[monitor] ['77%', '74%', '74%', '100%']  memcached=225.7%
[monitor] ['72%', '71%', '73%', '100%']  memcached=215.2%
[monitor] ['74%', '73%', '73%', '100%']  memcached=219.0%
[monitor] ['75%', '71%', '76%', '100%']  memcached=222.9%
[monitor] ['74%', '71%', '71%', '100%']  memcached=215.5%
[monitor] ['72%', '69%', '73%', '100%']  memcached=213.4%
[monitor] ['75%', '71%', '74%', '100%']  memcached=220.0%
[monitor] ['72%', '69%', '73%', '100%']  memcached=213.4%
[monitor] ['75%', '70%', '76%', '100%']  memcached=220.5%
[monitor] ['73%', '71%', '70%', '100%']  memcached=213.0%
[monitor] ['74%', '68%', '73%', '100%']  memcached=214.7%
[monitor] ['73%', '72%', '73%', '100%']  memcached=217.3%
[monitor] ['73%', '69%', '74%', '100%']  memcached=215.0%
[monitor] ['76%', '71%', '74%', '100%']  memcached=219.9%
[monitor] ['74%', '71%', '73%', '100%']  memcached=218.4%
[monitor] ['74%', '70%', '74%', '100%']  memcached=216.8%
[monitor] ['73%', '74%', '73%', '100%']  memcached=219.0%
[monitor] ['78%', '71%', '79%', '100%']  memcached=227.9%
[monitor] ['76%', '71%', '74%', '100%']  memcached=219.9%
[monitor] ['76%', '68%', '69%', '100%']  memcached=213.0%
[monitor] ['71%', '69%', '74%', '100%']  memcached=213.1%
[monitor] ['76%', '73%', '74%', '100%']  memcached=222.0%
[monitor] ['74%', '73%', '74%', '100%']  memcached=220.5%
[monitor] ['72%', '69%', '73%', '100%']  memcached=213.5%
[monitor] ['79%', '72%', '73%', '100%']  memcached=223.4%
[monitor] ['76%', '76%', '76%', '100%']  memcached=228.7%
[monitor] ['75%', '70%', '73%', '100%']  memcached=217.4%
[monitor] ['74%', '69%', '73%', '100%']  memcached=216.5%
[monitor] ['73%', '68%', '72%', '100%']  memcached=212.7%
[monitor] ['73%', '71%', '74%', '100%']  memcached=217.6%
[monitor] ['78%', '74%', '76%', '100%']  memcached=227.4%
[monitor] ['74%', '71%', '74%', '100%']  memcached=217.6%
[monitor] ['74%', '69%', '73%', '100%']  memcached=215.0%
[monitor] ['73%', '72%', '71%', '100%']  memcached=216.4%
[monitor] ['68%', '64%', '66%', '100%']  memcached=196.9%
[monitor] ['24%', '21%', '19%', '100%']  memcached=63.5%
[MEMCACHED] cores updated to: ['0', '2']
[blackscholes] cores updated to: [1, 3]
[monitor] ['26%', '97%', '29%', '100%']  memcached=55.0%
[MEMCACHED] cores updated to: ['0']
[blackscholes] cores updated to: [1, 2, 3]
[monitor] ['37%', '100%', '100%', '100%']  memcached=37.1%
[monitor] ['36%', '100%', '100%', '100%']  memcached=36.1%
[monitor] ['37%', '100%', '100%', '100%']  memcached=37.1%
[monitor] ['38%', '100%', '100%', '100%']  memcached=37.8%
[monitor] ['41%', '100%', '100%', '100%']  memcached=40.5%
[monitor] ['36%', '100%', '100%', '100%']  memcached=36.1%
[monitor] ['37%', '100%', '100%', '100%']  memcached=36.8%
[monitor] ['39%', '100%', '100%', '100%']  memcached=39.5%
[monitor] ['39%', '100%', '100%', '100%']  memcached=39.5%
[monitor] ['39%', '100%', '100%', '100%']  memcached=38.9%
[monitor] ['39%', '100%', '100%', '100%']  memcached=39.5%
[monitor] ['40%', '100%', '100%', '100%']  memcached=40.0%
[monitor] ['38%', '100%', '100%', '100%']  memcached=37.8%
[monitor] ['40%', '100%', '100%', '100%']  memcached=40.0%
[monitor] ['33%', '100%', '3%', '100%']  memcached=33.3%
[monitor] ['34%', '100%', '7%', '21%']  memcached=34.3%
[monitor] ['34%', '14%', '4%', '87%']  memcached=34.3%
[monitor] ['32%', '0%', '47%', '59%']  memcached=32.4%
[monitor] ['36%', '3%', '100%', '3%']  memcached=36.1%
[monitor] ['38%', '3%', '100%', '0%']  memcached=37.8%
[monitor] ['39%', '0%', '100%', '0%']  memcached=39.5%
[monitor] ['39%', '0%', '100%', '0%']  memcached=38.9%
[monitor] ['41%', '7%', '100%', '0%']  memcached=40.5%
[monitor] ['38%', '0%', '100%', '0%']  memcached=37.8%
[monitor] ['42%', '3%', '100%', '3%']  memcached=42.1%
[monitor] ['30%', '0%', '100%', '0%']  memcached=30.3%
[monitor] ['36%', '3%', '100%', '0%']  memcached=36.1%
[monitor] ['38%', '3%', '100%', '0%']  memcached=37.8%
[monitor] ['39%', '0%', '100%', '0%']  memcached=38.9%
[monitor] ['34%', '3%', '100%', '0%']  memcached=34.3%
[monitor] ['39%', '10%', '93%', '13%']  memcached=38.9%
[blackscholes] ended.
[canneal] started on cores: [1, 2, 3] with 3 threads.
[monitor] ['37%', '38%', '50%', '30%']  memcached=37.1%
[monitor] ['36%', '38%', '62%', '7%']  memcached=36.1%
[monitor] ['36%', '100%', '3%', '0%']  memcached=36.1%
[monitor] ['31%', '100%', '0%', '3%']  memcached=31.4%
[monitor] ['32%', '77%', '3%', '24%']  memcached=32.4%
[monitor] ['33%', '100%', '3%', '0%']  memcached=33.3%
[monitor] ['36%', '47%', '3%', '58%']  memcached=36.1%
[monitor] ['33%', '0%', '0%', '100%']  memcached=33.3%
[monitor] ['32%', '100%', '0%', '3%']  memcached=32.4%
[monitor] ['34%', '100%', '7%', '0%']  memcached=34.3%
[monitor] ['37%', '50%', '7%', '53%']  memcached=37.1%
[monitor] ['42%', '100%', '0%', '0%']  memcached=41.7%
[monitor] ['40%', '100%', '3%', '0%']  memcached=40.0%
[monitor] ['42%', '100%', '3%', '0%']  memcached=41.7%
[monitor] ['40%', '100%', '3%', '3%']  memcached=40.0%
[monitor] ['39%', '100%', '3%', '0%']  memcached=39.4%
[monitor] ['43%', '100%', '3%', '3%']  memcached=43.2%
[monitor] ['42%', '100%', '3%', '0%']  memcached=41.7%
[monitor] ['43%', '100%', '83%', '4%']  memcached=42.9%
[monitor] ['42%', '100%', '17%', '3%']  memcached=41.7%
[monitor] ['40%', '100%', '7%', '0%']  memcached=40.0%
[monitor] ['42%', '100%', '3%', '7%']  memcached=41.7%
[monitor] ['40%', '100%', '3%', '3%']  memcached=40.0%
[monitor] ['38%', '100%', '3%', '0%']  memcached=38.2%
[monitor] ['42%', '100%', '4%', '3%']  memcached=41.7%
[monitor] ['44%', '100%', '3%', '0%']  memcached=44.4%
[monitor] ['40%', '100%', '7%', '3%']  memcached=40.0%
[monitor] ['40%', '100%', '7%', '0%']  memcached=40.0%
[monitor] ['43%', '100%', '3%', '3%']  memcached=42.9%
[monitor] ['43%', '100%', '3%', '3%']  memcached=43.2%
[monitor] ['43%', '100%', '3%', '0%']  memcached=43.2%
[monitor] ['38%', '100%', '3%', '0%']  memcached=38.2%
[monitor] ['42%', '100%', '3%', '0%']  memcached=41.7%
[monitor] ['43%', '100%', '0%', '0%']  memcached=42.9%
[monitor] ['44%', '100%', '3%', '0%']  memcached=44.4%
[monitor] ['45%', '100%', '4%', '3%']  memcached=44.7%
[monitor] ['42%', '100%', '3%', '10%']  memcached=41.7%
[monitor] ['46%', '100%', '13%', '59%']  memcached=46.2%
[monitor] ['42%', '100%', '3%', '0%']  memcached=41.7%
[monitor] ['42%', '100%', '3%', '3%']  memcached=41.7%
[monitor] ['41%', '100%', '4%', '0%']  memcached=41.2%
[monitor] ['42%', '100%', '3%', '0%']  memcached=41.7%
[monitor] ['36%', '100%', '7%', '0%']  memcached=36.4%
[monitor] ['39%', '100%', '3%', '3%']  memcached=39.4%
[monitor] ['43%', '100%', '3%', '3%']  memcached=43.2%
[monitor] ['42%', '100%', '0%', '0%']  memcached=41.7%
[monitor] ['40%', '100%', '7%', '0%']  memcached=40.0%
[monitor] ['44%', '100%', '4%', '3%']  memcached=44.4%
[monitor] ['41%', '100%', '0%', '3%']  memcached=41.2%
[monitor] ['42%', '100%', '3%', '0%']  memcached=41.7%
[monitor] ['42%', '100%', '7%', '0%']  memcached=41.7%
[monitor] ['42%', '100%', '7%', '3%']  memcached=41.7%
[monitor] ['40%', '100%', '3%', '0%']  memcached=40.0%
[monitor] ['41%', '100%', '0%', '3%']  memcached=41.2%
[monitor] ['42%', '100%', '7%', '3%']  memcached=41.7%
[monitor] ['40%', '100%', '3%', '3%']  memcached=40.0%
[monitor] ['42%', '100%', '3%', '3%']  memcached=41.7%
[monitor] ['43%', '100%', '0%', '0%']  memcached=42.9%
[monitor] ['42%', '83%', '3%', '21%']  memcached=41.7%
[monitor] ['41%', '97%', '3%', '0%']  memcached=41.2%
[monitor] ['87%', '100%', '4%', '11%']  memcached=87.1%
[MEMCACHED] cores updated to: ['0', '1']
[canneal] cores updated to: [2, 3]
[monitor] ['84%', '85%', '100%', '8%']  memcached=169.2%
[MEMCACHED] cores updated to: ['0', '1', '2']
[canneal] cores updated to: [3]
[monitor] ['71%', '73%', '71%', '100%']  memcached=213.9%
[monitor] ['70%', '70%', '71%', '100%']  memcached=210.0%
[monitor] ['71%', '74%', '66%', '100%']  memcached=210.6%
[monitor] ['68%', '68%', '67%', '100%']  memcached=202.0%
[monitor] ['68%', '68%', '66%', '100%']  memcached=201.0%
[monitor] ['68%', '70%', '69%', '100%']  memcached=205.9%
[monitor] ['68%', '69%', '68%', '100%']  memcached=203.9%
[monitor] ['71%', '71%', '69%', '100%']  memcached=211.6%
[monitor] ['69%', '74%', '71%', '100%']  memcached=213.6%
[monitor] ['69%', '71%', '69%', '100%']  memcached=209.4%
[monitor] ['71%', '74%', '69%', '100%']  memcached=212.7%
[monitor] ['70%', '73%', '71%', '100%']  memcached=213.0%
[monitor] ['69%', '71%', '71%', '100%']  memcached=209.9%
[monitor] ['71%', '74%', '68%', '100%']  memcached=213.4%
[monitor] ['71%', '74%', '71%', '100%']  memcached=214.7%
[monitor] ['73%', '74%', '73%', '100%']  memcached=219.7%
[monitor] ['74%', '74%', '71%', '100%']  memcached=218.4%
[monitor] ['67%', '70%', '65%', '100%']  memcached=200.9%
[monitor] ['70%', '71%', '71%', '100%']  memcached=210.9%
[monitor] ['68%', '70%', '69%', '100%']  memcached=205.9%
[monitor] ['67%', '71%', '71%', '100%']  memcached=209.5%
[monitor] ['70%', '69%', '66%', '100%']  memcached=204.9%
[monitor] ['71%', '72%', '74%', '100%']  memcached=216.0%
[monitor] ['71%', '74%', '68%', '100%']  memcached=211.9%
[monitor] ['71%', '71%', '68%', '100%']  memcached=208.8%
[monitor] ['71%', '74%', '71%', '100%']  memcached=216.3%
[monitor] ['67%', '72%', '69%', '100%']  memcached=207.5%
[monitor] ['71%', '71%', '68%', '100%']  memcached=209.7%
[monitor] ['69%', '72%', '69%', '100%']  memcached=209.4%
[monitor] ['73%', '72%', '71%', '100%']  memcached=216.4%
[monitor] ['71%', '74%', '71%', '100%']  memcached=215.5%
[monitor] ['71%', '74%', '71%', '100%']  memcached=216.3%
[monitor] ['69%', '69%', '69%', '100%']  memcached=206.6%
[monitor] ['71%', '74%', '71%', '100%']  memcached=215.5%
[monitor] ['71%', '73%', '71%', '100%']  memcached=213.9%
[monitor] ['71%', '75%', '70%', '100%']  memcached=215.3%
[monitor] ['70%', '70%', '69%', '100%']  memcached=208.0%
[monitor] ['71%', '71%', '68%', '100%']  memcached=208.8%
[monitor] ['71%', '74%', '73%', '100%']  memcached=216.8%
[monitor] ['71%', '74%', '69%', '100%']  memcached=215.2%
[monitor] ['70%', '74%', '71%', '100%']  memcached=213.8%
[monitor] ['69%', '72%', '68%', '100%']  memcached=208.4%
[monitor] ['74%', '73%', '72%', '100%']  memcached=218.5%
[monitor] ['69%', '72%', '71%', '100%']  memcached=212.4%
[monitor] ['71%', '74%', '71%', '100%']  memcached=214.7%
[monitor] ['75%', '74%', '70%', '100%']  memcached=219.0%
[monitor] ['71%', '74%', '69%', '100%']  memcached=213.6%
[monitor] ['55%', '58%', '56%', '100%']  memcached=168.0%
[monitor] ['21%', '15%', '16%', '100%']  memcached=51.4%
[MEMCACHED] cores updated to: ['0', '2']
[canneal] cores updated to: [1, 3]
[monitor] ['24%', '3%', '21%', '100%']  memcached=44.7%
[MEMCACHED] cores updated to: ['0']
[canneal] cores updated to: [1, 2, 3]
[monitor] ['28%', '100%', '0%', '0%']  memcached=27.8%
[monitor] ['29%', '100%', '3%', '0%']  memcached=28.6%
[monitor] ['29%', '100%', '3%', '0%']  memcached=28.6%
[monitor] ['19%', '100%', '3%', '0%']  memcached=18.8%
[monitor] ['28%', '100%', '0%', '0%']  memcached=27.8%
[monitor] ['29%', '100%', '10%', '6%']  memcached=28.6%
[monitor] ['29%', '100%', '0%', '0%']  memcached=28.6%
[monitor] ['24%', '100%', '3%', '0%']  memcached=23.5%
[monitor] ['29%', '100%', '10%', '10%']  memcached=28.6%
[monitor] ['32%', '94%', '90%', '97%']  memcached=32.5%
[monitor] ['31%', '97%', '94%', '100%']  memcached=30.6%
[monitor] ['36%', '100%', '97%', '97%']  memcached=35.9%
[monitor] ['29%', '100%', '87%', '100%']  memcached=28.6%
[monitor] ['33%', '97%', '93%', '100%']  memcached=33.3%
[monitor] ['32%', '100%', '94%', '97%']  memcached=32.4%
[monitor] ['32%', '97%', '97%', '97%']  memcached=32.4%
[monitor] ['31%', '100%', '93%', '97%']  memcached=30.6%
[monitor] ['32%', '97%', '97%', '97%']  memcached=32.4%
[monitor] ['37%', '97%', '100%', '97%']  memcached=36.8%
[monitor] ['31%', '100%', '97%', '100%']  memcached=30.6%
[monitor] ['32%', '100%', '93%', '100%']  memcached=32.4%
[monitor] ['36%', '100%', '93%', '97%']  memcached=35.9%
[monitor] ['37%', '97%', '97%', '97%']  memcached=36.8%
[monitor] ['31%', '100%', '94%', '100%']  memcached=30.6%
[monitor] ['32%', '97%', '93%', '100%']  memcached=32.4%
[monitor] ['33%', '100%', '97%', '97%']  memcached=33.3%
[monitor] ['29%', '100%', '94%', '100%']  memcached=28.6%
[monitor] ['34%', '100%', '93%', '100%']  memcached=34.2%
[monitor] ['31%', '100%', '93%', '97%']  memcached=31.4%
[monitor] ['38%', '97%', '94%', '100%']  memcached=38.5%
[monitor] ['33%', '100%', '93%', '100%']  memcached=33.3%
[monitor] ['34%', '100%', '93%', '100%']  memcached=34.2%
[monitor] ['29%', '100%', '91%', '97%']  memcached=28.6%
[monitor] ['31%', '97%', '93%', '100%']  memcached=30.6%
[monitor] ['38%', '100%', '93%', '97%']  memcached=37.8%
[monitor] ['31%', '100%', '93%', '100%']  memcached=30.6%
[monitor] ['38%', '97%', '94%', '97%']  memcached=37.5%
[monitor] ['34%', '100%', '97%', '97%']  memcached=34.2%
[monitor] ['37%', '100%', '93%', '100%']  memcached=36.8%
[monitor] ['31%', '97%', '94%', '97%']  memcached=31.4%
[monitor] ['34%', '100%', '97%', '100%']  memcached=34.2%
[monitor] ['32%', '100%', '94%', '97%']  memcached=32.4%
[monitor] ['34%', '97%', '90%', '100%']  memcached=34.2%
[monitor] ['35%', '100%', '93%', '100%']  memcached=35.1%
[monitor] ['32%', '100%', '93%', '97%']  memcached=32.4%
[monitor] ['34%', '100%', '93%', '100%']  memcached=34.2%
[monitor] ['33%', '100%', '90%', '100%']  memcached=33.3%
[monitor] ['71%', '97%', '97%', '97%']  memcached=71.4%
[monitor] ['94%', '100%', '100%', '93%']  memcached=93.8%
[MEMCACHED] cores updated to: ['0', '1', '3']
[canneal] cores updated to: [2]
[monitor] ['56%', '51%', '100%', '49%']  memcached=155.6%
[monitor] ['57%', '53%', '100%', '51%']  memcached=161.1%
[monitor] ['54%', '51%', '100%', '47%']  memcached=152.5%
[monitor] ['57%', '50%', '100%', '51%']  memcached=158.6%
[monitor] ['53%', '50%', '100%', '48%']  memcached=151.3%
[monitor] ['57%', '51%', '100%', '50%']  memcached=158.6%
[monitor] ['53%', '54%', '100%', '48%']  memcached=155.3%
[monitor] ['56%', '50%', '100%', '51%']  memcached=156.9%
[monitor] ['53%', '53%', '100%', '51%']  memcached=157.3%
[monitor] ['58%', '53%', '100%', '53%']  memcached=163.3%
[monitor] ['53%', '48%', '100%', '50%']  memcached=151.4%
[monitor] ['56%', '51%', '100%', '47%']  memcached=153.9%
[monitor] ['53%', '53%', '100%', '54%']  memcached=160.2%
[monitor] ['56%', '51%', '100%', '49%']  memcached=155.6%
[monitor] ['56%', '50%', '100%', '52%']  memcached=157.4%
[monitor] ['56%', '52%', '100%', '49%']  memcached=155.6%
[monitor] ['54%', '55%', '100%', '53%']  memcached=162.3%
[monitor] ['56%', '48%', '100%', '50%']  memcached=154.0%
[monitor] ['54%', '55%', '100%', '51%']  memcached=161.0%
[monitor] ['54%', '53%', '100%', '54%']  memcached=161.1%
[monitor] ['57%', '52%', '100%', '50%']  memcached=158.3%
[monitor] ['53%', '50%', '100%', '50%']  memcached=152.9%
[monitor] ['57%', '54%', '100%', '53%']  memcached=164.4%
[monitor] ['53%', '54%', '100%', '51%']  memcached=158.2%
[monitor] ['56%', '50%', '100%', '51%']  memcached=157.3%
[monitor] ['56%', '53%', '100%', '51%']  memcached=159.9%
[monitor] ['54%', '54%', '100%', '51%']  memcached=159.8%
[monitor] ['54%', '50%', '100%', '50%']  memcached=154.3%
[monitor] ['57%', '53%', '100%', '52%']  memcached=161.6%
[monitor] ['56%', '54%', '100%', '51%']  memcached=161.0%
[monitor] ['57%', '53%', '100%', '53%']  memcached=163.0%
[monitor] ['59%', '54%', '100%', '50%']  memcached=163.7%
[monitor] ['59%', '50%', '100%', '53%']  memcached=162.4%
[monitor] ['57%', '53%', '100%', '50%']  memcached=160.1%
[monitor] ['58%', '52%', '100%', '48%']  memcached=158.3%
[monitor] ['59%', '53%', '100%', '53%']  memcached=165.3%
[monitor] ['56%', '52%', '100%', '48%']  memcached=155.6%
[monitor] ['59%', '54%', '100%', '53%']  memcached=166.7%
[monitor] ['56%', '48%', '100%', '45%']  memcached=149.5%
[monitor] ['58%', '54%', '100%', '52%']  memcached=164.1%
[monitor] ['61%', '54%', '100%', '50%']  memcached=164.8%
[monitor] ['56%', '52%', '100%', '53%']  memcached=160.2%
[monitor] ['56%', '53%', '100%', '50%']  memcached=158.5%
[monitor] ['57%', '51%', '100%', '50%']  memcached=158.6%
[monitor] ['56%', '53%', '100%', '48%']  memcached=156.9%
[monitor] ['57%', '55%', '100%', '52%']  memcached=163.2%
[monitor] ['56%', '51%', '100%', '51%']  memcached=158.3%
[monitor] ['59%', '52%', '100%', '50%']  memcached=160.3%
[monitor] ['35%', '30%', '100%', '28%']  memcached=93.6%
[MEMCACHED] cores updated to: ['0', '3']
[canneal] cores updated to: [1, 2]
[monitor] ['38%', '93%', '90%', '35%']  memcached=73.5%
[monitor] ['41%', '90%', '90%', '38%']  memcached=78.8%
[monitor] ['38%', '90%', '94%', '37%']  memcached=75.4%
[monitor] ['38%', '87%', '97%', '34%']  memcached=72.6%
[monitor] ['37%', '93%', '93%', '37%']  memcached=74.3%
[monitor] ['36%', '90%', '97%', '37%']  memcached=73.3%
[monitor] ['38%', '87%', '93%', '33%']  memcached=71.6%
[monitor] ['43%', '93%', '93%', '40%']  memcached=83.2%
[monitor] ['36%', '97%', '93%', '38%']  memcached=74.6%
[monitor] ['38%', '93%', '93%', '41%']  memcached=78.8%
[monitor] ['39%', '93%', '90%', '34%']  memcached=73.3%
[monitor] ['38%', '83%', '100%', '39%']  memcached=77.1%
[monitor] ['42%', '83%', '90%', '35%']  memcached=77.4%
[monitor] ['39%', '94%', '90%', '35%']  memcached=74.2%
[monitor] ['42%', '90%', '97%', '38%']  memcached=80.3%
[monitor] ['37%', '90%', '97%', '35%']  memcached=72.4%
[monitor] ['43%', '93%', '93%', '33%']  memcached=76.6%
[monitor] ['35%', '87%', '97%', '35%']  memcached=70.6%
[monitor] ['41%', '90%', '90%', '35%']  memcached=75.8%
[monitor] ['33%', '90%', '97%', '35%']  memcached=68.6%
[MEMCACHED] cores updated to: ['0']
[canneal] cores updated to: [1, 2, 3]
[monitor] ['55%', '97%', '97%', '100%']  memcached=55.3%
[monitor] ['56%', '100%', '97%', '97%']  memcached=56.1%
[monitor] ['54%', '100%', '97%', '100%']  memcached=54.1%
[monitor] ['55%', '100%', '94%', '97%']  memcached=55.3%
[monitor] ['55%', '94%', '100%', '97%']  memcached=55.3%
[monitor] ['55%', '100%', '97%', '97%']  memcached=55.0%
[monitor] ['55%', '100%', '97%', '100%']  memcached=55.3%
[monitor] ['56%', '100%', '97%', '97%']  memcached=56.1%
[monitor] ['55%', '97%', '100%', '93%']  memcached=55.3%
[monitor] ['55%', '97%', '97%', '100%']  memcached=55.3%
[monitor] ['55%', '100%', '97%', '97%']  memcached=55.3%
[monitor] ['55%', '100%', '93%', '97%']  memcached=55.3%
[monitor] ['54%', '100%', '93%', '100%']  memcached=54.1%
[monitor] ['54%', '97%', '97%', '97%']  memcached=53.8%
[monitor] ['53%', '100%', '97%', '97%']  memcached=52.8%
[monitor] ['56%', '100%', '94%', '97%']  memcached=56.1%
[monitor] ['56%', '94%', '100%', '93%']  memcached=55.6%
[monitor] ['56%', '100%', '97%', '97%']  memcached=56.4%
[monitor] ['57%', '94%', '100%', '97%']  memcached=57.5%
[monitor] ['57%', '97%', '100%', '93%']  memcached=57.5%
[monitor] ['58%', '97%', '97%', '97%']  memcached=57.9%
[monitor] ['57%', '100%', '97%', '97%']  memcached=57.5%
[monitor] ['57%', '97%', '100%', '97%']  memcached=57.5%
[monitor] ['56%', '97%', '100%', '93%']  memcached=56.4%
[monitor] ['57%', '96%', '97%', '97%']  memcached=57.5%
[monitor] ['56%', '97%', '100%', '93%']  memcached=56.4%
[monitor] ['59%', '97%', '100%', '97%']  memcached=58.5%
[monitor] ['57%', '97%', '97%', '97%']  memcached=57.5%
[monitor] ['66%', '97%', '100%', '94%']  memcached=65.7%
[monitor] ['100%', '97%', '90%', '93%']  memcached=100.0%
[MEMCACHED] cores updated to: ['0', '2', '3']
[canneal] cores updated to: [1]
[monitor] ['100%', '100%', '97%', '97%']  memcached=293.5%
[monitor] ['81%', '100%', '78%', '76%']  memcached=235.1%
[monitor] ['79%', '100%', '77%', '77%']  memcached=233.2%
[monitor] ['76%', '100%', '76%', '76%']  memcached=228.0%
[monitor] ['79%', '100%', '79%', '76%']  memcached=233.3%
[monitor] ['81%', '100%', '79%', '74%']  memcached=234.3%
[monitor] ['79%', '100%', '78%', '78%']  memcached=235.0%
[monitor] ['75%', '100%', '76%', '74%']  memcached=225.8%
[monitor] ['78%', '100%', '75%', '74%']  memcached=227.0%
[monitor] ['79%', '100%', '76%', '76%']  memcached=231.0%
[monitor] ['78%', '100%', '77%', '73%']  memcached=227.6%
[monitor] ['78%', '100%', '76%', '76%']  memcached=229.6%
[monitor] ['79%', '100%', '76%', '75%']  memcached=230.3%
[monitor] ['76%', '100%', '74%', '71%']  memcached=219.9%
[monitor] ['80%', '100%', '80%', '78%']  memcached=238.1%
[monitor] ['76%', '100%', '77%', '73%']  memcached=226.3%
[monitor] ['78%', '100%', '76%', '76%']  memcached=230.4%
[monitor] ['79%', '100%', '77%', '74%']  memcached=230.8%
[monitor] ['76%', '100%', '74%', '71%']  memcached=221.6%
[monitor] ['81%', '100%', '78%', '74%']  memcached=233.6%
[monitor] ['76%', '100%', '74%', '73%']  memcached=223.5%
[monitor] ['76%', '100%', '76%', '74%']  memcached=225.7%
[monitor] ['78%', '100%', '79%', '76%']  memcached=232.7%
[monitor] ['82%', '100%', '80%', '75%']  memcached=237.4%
[monitor] ['76%', '100%', '76%', '71%']  memcached=222.8%
[monitor] ['76%', '100%', '72%', '71%']  memcached=218.6%
[monitor] ['74%', '100%', '77%', '71%']  memcached=222.9%
[monitor] ['79%', '100%', '76%', '75%']  memcached=230.2%
[monitor] ['76%', '100%', '76%', '75%']  memcached=226.5%
[monitor] ['79%', '100%', '80%', '76%']  memcached=235.2%
[monitor] ['79%', '100%', '76%', '76%']  memcached=231.7%
[monitor] ['76%', '100%', '76%', '74%']  memcached=225.8%
[monitor] ['76%', '100%', '76%', '71%']  memcached=222.8%
[monitor] ['76%', '100%', '75%', '73%']  memcached=223.5%
[monitor] ['74%', '100%', '77%', '71%']  memcached=221.9%
[monitor] ['75%', '100%', '74%', '70%']  memcached=219.3%
[monitor] ['79%', '100%', '79%', '74%']  memcached=231.7%
[monitor] ['79%', '100%', '79%', '76%']  memcached=234.0%
[monitor] ['76%', '100%', '77%', '75%']  memcached=227.9%
[monitor] ['75%', '100%', '77%', '69%']  memcached=220.9%
[monitor] ['79%', '100%', '74%', '73%']  memcached=226.4%
[monitor] ['77%', '100%', '78%', '76%']  memcached=231.7%
[monitor] ['75%', '100%', '76%', '74%']  memcached=224.3%
[monitor] ['76%', '100%', '74%', '70%']  memcached=220.5%
[monitor] ['74%', '100%', '75%', '71%']  memcached=220.0%
[monitor] ['76%', '100%', '74%', '72%']  memcached=222.5%
[monitor] ['76%', '100%', '74%', '71%']  memcached=220.6%
[monitor] ['76%', '100%', '76%', '73%']  memcached=225.7%
[monitor] ['57%', '100%', '56%', '56%']  memcached=168.6%
[monitor] ['38%', '100%', '42%', '33%']  memcached=113.7%
[MEMCACHED] cores updated to: ['0', '3']
[canneal] cores updated to: [1, 2]
[monitor] ['47%', '90%', '97%', '47%']  memcached=94.4%
[monitor] ['51%', '94%', '93%', '50%']  memcached=101.4%
[monitor] ['47%', '93%', '93%', '46%']  memcached=92.9%
[monitor] ['49%', '93%', '93%', '47%']  memcached=95.8%
[monitor] ['53%', '90%', '100%', '49%']  memcached=101.2%
[monitor] ['51%', '90%', '87%', '47%']  memcached=98.5%
[monitor] ['47%', '87%', '97%', '49%']  memcached=95.8%
[monitor] ['50%', '93%', '90%', '47%']  memcached=97.2%
[monitor] ['49%', '90%', '93%', '53%']  memcached=101.3%
[monitor] ['54%', '90%', '94%', '50%']  memcached=103.8%
[monitor] ['51%', '97%', '97%', '49%']  memcached=100.0%
[monitor] ['49%', '94%', '90%', '50%']  memcached=98.6%
[monitor] ['53%', '93%', '97%', '51%']  memcached=104.1%
[monitor] ['50%', '93%', '90%', '49%']  memcached=98.6%
[monitor] ['51%', '97%', '93%', '50%']  memcached=101.4%
[monitor] ['53%', '87%', '93%', '47%']  memcached=99.9%
[monitor] ['51%', '93%', '93%', '47%']  memcached=98.5%
[monitor] ['47%', '90%', '97%', '47%']  memcached=94.4%
[monitor] ['50%', '93%', '97%', '47%']  memcached=97.1%
[monitor] ['50%', '94%', '93%', '49%']  memcached=98.6%
[monitor] ['51%', '89%', '97%', '49%']  memcached=99.9%
[monitor] ['47%', '89%', '97%', '52%']  memcached=99.7%
[monitor] ['53%', '93%', '93%', '49%']  memcached=101.2%
[monitor] ['51%', '90%', '97%', '53%']  memcached=103.9%
[monitor] ['50%', '93%', '97%', '46%']  memcached=95.7%
[monitor] ['51%', '90%', '93%', '47%']  memcached=98.5%
[monitor] ['49%', '94%', '87%', '50%']  memcached=98.6%
[monitor] ['53%', '90%', '96%', '50%']  memcached=102.6%
[monitor] ['49%', '90%', '94%', '44%']  memcached=92.8%
[monitor] ['50%', '93%', '94%', '44%']  memcached=94.1%
[monitor] ['54%', '94%', '93%', '51%']  memcached=105.4%
[monitor] ['47%', '89%', '97%', '46%']  memcached=92.9%
[monitor] ['49%', '94%', '93%', '50%']  memcached=98.6%
[monitor] ['50%', '90%', '97%', '49%']  memcached=98.6%
[monitor] ['44%', '97%', '90%', '46%']  memcached=89.8%
[monitor] ['49%', '90%', '93%', '46%']  memcached=94.3%
[monitor] ['51%', '97%', '90%', '47%']  memcached=98.4%
[monitor] ['50%', '97%', '97%', '44%']  memcached=94.1%
[monitor] ['51%', '86%', '93%', '50%']  memcached=101.4%
[monitor] ['53%', '94%', '97%', '49%']  memcached=101.2%
[monitor] ['51%', '93%', '87%', '50%']  memcached=101.4%
[monitor] ['47%', '90%', '93%', '49%']  memcached=95.9%
[monitor] ['49%', '90%', '93%', '49%']  memcached=97.3%
[monitor] ['53%', '93%', '90%', '47%']  memcached=99.9%
[monitor] ['50%', '91%', '90%', '47%']  memcached=97.2%
[monitor] ['54%', '87%', '93%', '47%']  memcached=100.9%
[monitor] ['53%', '93%', '93%', '53%']  memcached=105.3%
[monitor] ['51%', '90%', '94%', '49%']  memcached=99.9%
[monitor] ['74%', '93%', '93%', '74%']  memcached=148.6%
[monitor] ['71%', '79%', '97%', '85%']  memcached=155.9%
[monitor] ['74%', '77%', '100%', '82%']  memcached=156.6%
[monitor] ['75%', '90%', '97%', '82%']  memcached=157.4%
[monitor] ['74%', '86%', '97%', '88%']  memcached=161.4%
[MEMCACHED] cores updated to: ['0', '1', '3']
[canneal] cores updated to: [2]
[monitor] ['71%', '64%', '100%', '62%']  memcached=197.5%
[monitor] ['65%', '63%', '100%', '64%']  memcached=191.5%
[monitor] ['70%', '65%', '100%', '64%']  memcached=198.9%
[monitor] ['66%', '63%', '100%', '60%']  memcached=188.6%
[monitor] ['66%', '63%', '100%', '59%']  memcached=187.4%
[monitor] ['67%', '62%', '100%', '63%']  memcached=192.0%
[monitor] ['67%', '63%', '100%', '62%']  memcached=191.3%
[monitor] ['66%', '61%', '100%', '58%']  memcached=184.0%
[monitor] ['69%', '65%', '100%', '59%']  memcached=192.7%
[monitor] ['69%', '65%', '100%', '63%']  memcached=196.1%
[monitor] ['69%', '65%', '100%', '64%']  memcached=196.9%
[monitor] ['68%', '64%', '100%', '58%']  memcached=188.9%
[monitor] ['69%', '64%', '100%', '61%']  memcached=192.8%
[monitor] ['66%', '61%', '100%', '58%']  memcached=183.9%
[monitor] ['64%', '64%', '100%', '62%']  memcached=189.5%
[monitor] ['67%', '62%', '100%', '58%']  memcached=186.0%
[monitor] ['69%', '65%', '100%', '59%']  memcached=193.5%
[monitor] ['66%', '62%', '100%', '62%']  memcached=190.0%
[monitor] ['68%', '64%', '100%', '59%']  memcached=190.1%
[monitor] ['69%', '64%', '100%', '61%']  memcached=193.7%
[monitor] ['69%', '65%', '100%', '65%']  memcached=198.0%
[monitor] ['67%', '64%', '100%', '59%']  memcached=189.1%
[monitor] ['66%', '62%', '100%', '59%']  memcached=186.9%
[monitor] ['67%', '62%', '100%', '59%']  memcached=187.3%
[monitor] ['66%', '66%', '100%', '61%']  memcached=192.5%
[monitor] ['65%', '65%', '100%', '59%']  memcached=188.8%
[monitor] ['68%', '64%', '100%', '62%']  memcached=193.0%
[monitor] ['68%', '62%', '100%', '61%']  memcached=190.7%
[monitor] ['67%', '61%', '100%', '62%']  memcached=189.0%
[monitor] ['68%', '62%', '100%', '59%']  memcached=188.2%
[monitor] ['66%', '62%', '100%', '60%']  memcached=187.5%
[monitor] ['65%', '62%', '100%', '61%']  memcached=187.1%
[monitor] ['69%', '58%', '100%', '62%']  memcached=189.3%
[monitor] ['67%', '65%', '100%', '59%']  memcached=190.7%
[monitor] ['68%', '59%', '100%', '59%']  memcached=185.8%
[monitor] ['69%', '64%', '100%', '61%']  memcached=193.7%
[monitor] ['67%', '65%', '100%', '60%']  memcached=191.4%
[monitor] ['65%', '62%', '100%', '60%']  memcached=187.0%
[monitor] ['69%', '64%', '100%', '59%']  memcached=191.6%
[monitor] ['68%', '61%', '100%', '62%']  memcached=189.9%
[monitor] ['67%', '65%', '100%', '60%']  memcached=191.4%
[monitor] ['65%', '61%', '100%', '60%']  memcached=185.8%
[monitor] ['67%', '62%', '100%', '58%']  memcached=186.5%
[monitor] ['68%', '65%', '100%', '60%']  memcached=192.3%
[monitor] ['72%', '64%', '100%', '62%']  memcached=198.4%
[monitor] ['67%', '65%', '100%', '62%']  memcached=193.1%
[monitor] ['66%', '61%', '100%', '61%']  memcached=187.9%
[monitor] ['67%', '62%', '100%', '61%']  memcached=189.8%
[monitor] ['69%', '62%', '100%', '63%']  memcached=194.8%
[monitor] ['69%', '64%', '100%', '62%']  memcached=194.0%
[monitor] ['67%', '61%', '100%', '59%']  memcached=186.6%
[monitor] ['67%', '61%', '100%', '61%']  memcached=188.6%
[monitor] ['67%', '61%', '100%', '60%']  memcached=187.3%
[monitor] ['69%', '66%', '100%', '64%']  memcached=198.7%
[monitor] ['68%', '63%', '100%', '62%']  memcached=192.3%
[monitor] ['68%', '66%', '100%', '61%']  memcached=193.9%
[monitor] ['71%', '62%', '100%', '62%']  memcached=195.3%
[monitor] ['68%', '63%', '100%', '59%']  memcached=189.9%
[monitor] ['68%', '66%', '100%', '61%']  memcached=194.7%
[monitor] ['66%', '65%', '100%', '61%']  memcached=191.0%
[monitor] ['69%', '63%', '100%', '61%']  memcached=192.5%
[monitor] ['69%', '66%', '100%', '61%']  memcached=194.9%
[monitor] ['68%', '67%', '100%', '61%']  memcached=194.8%
[monitor] ['70%', '62%', '100%', '62%']  memcached=193.8%
[monitor] ['66%', '64%', '100%', '59%']  memcached=188.2%
[monitor] ['69%', '61%', '100%', '64%']  memcached=194.4%
[monitor] ['69%', '64%', '100%', '62%']  memcached=194.8%
[monitor] ['69%', '62%', '100%', '59%']  memcached=190.4%
[monitor] ['68%', '62%', '100%', '62%']  memcached=191.2%
[monitor] ['70%', '65%', '100%', '63%']  memcached=197.8%
[monitor] ['66%', '65%', '100%', '58%']  memcached=188.5%
[monitor] ['68%', '63%', '100%', '59%']  memcached=189.3%
[monitor] ['66%', '62%', '100%', '61%']  memcached=188.1%
[monitor] ['68%', '64%', '100%', '58%']  memcached=189.6%
[monitor] ['68%', '62%', '100%', '61%']  memcached=190.0%
[monitor] ['68%', '65%', '100%', '60%']  memcached=192.3%
[monitor] ['69%', '63%', '100%', '59%']  memcached=190.8%
[monitor] ['69%', '66%', '100%', '61%']  memcached=195.7%
[monitor] ['67%', '65%', '100%', '62%']  memcached=193.3%
[monitor] ['69%', '61%', '100%', '61%']  memcached=191.3%
[monitor] ['67%', '63%', '100%', '61%']  memcached=190.6%
[monitor] ['68%', '64%', '100%', '61%']  memcached=191.8%
[monitor] ['71%', '65%', '100%', '59%']  memcached=195.5%
[monitor] ['69%', '65%', '100%', '62%']  memcached=195.9%
[monitor] ['69%', '60%', '100%', '61%']  memcached=190.1%
[monitor] ['69%', '65%', '100%', '59%']  memcached=192.7%
[monitor] ['69%', '65%', '100%', '63%']  memcached=197.0%
[monitor] ['65%', '61%', '100%', '59%']  memcached=185.4%
[monitor] ['69%', '65%', '100%', '62%']  memcached=195.0%
[monitor] ['69%', '65%', '100%', '62%']  memcached=195.0%
[monitor] ['67%', '63%', '100%', '60%']  memcached=189.5%
[monitor] ['69%', '61%', '100%', '59%']  memcached=190.1%
[monitor] ['71%', '64%', '100%', '63%']  memcached=197.9%
[monitor] ['67%', '62%', '100%', '59%']  memcached=187.8%
[monitor] ['62%', '62%', '100%', '59%']  memcached=183.1%
[monitor] ['56%', '48%', '100%', '47%']  memcached=150.9%
[monitor] ['53%', '50%', '100%', '51%']  memcached=154.2%
[monitor] ['52%', '51%', '100%', '45%']  memcached=148.4%
[monitor] ['56%', '48%', '100%', '47%']  memcached=151.1%
[monitor] ['53%', '48%', '100%', '51%']  memcached=152.9%
[monitor] ['51%', '50%', '100%', '44%']  memcached=145.5%
[monitor] ['51%', '50%', '100%', '51%']  memcached=152.9%
[monitor] ['54%', '51%', '100%', '49%']  memcached=154.3%
[monitor] ['56%', '51%', '100%', '50%']  memcached=157.0%
[monitor] ['51%', '45%', '100%', '50%']  memcached=146.9%
[monitor] ['53%', '51%', '100%', '49%']  memcached=152.8%
[monitor] ['54%', '50%', '100%', '45%']  memcached=149.4%
[monitor] ['53%', '50%', '100%', '49%']  memcached=151.5%
[monitor] ['53%', '50%', '100%', '45%']  memcached=148.1%
[monitor] ['56%', '48%', '100%', '49%']  memcached=152.6%
[monitor] ['57%', '53%', '100%', '50%']  memcached=159.9%
[monitor] ['53%', '47%', '100%', '51%']  memcached=151.1%
[monitor] ['54%', '50%', '100%', '45%']  memcached=149.5%
[monitor] ['57%', '51%', '100%', '48%']  memcached=156.7%
[monitor] ['54%', '47%', '100%', '47%']  memcached=148.0%
[monitor] ['58%', '51%', '100%', '49%']  memcached=157.9%
[monitor] ['54%', '48%', '100%', '47%']  memcached=149.8%
[monitor] ['50%', '50%', '100%', '47%']  memcached=147.1%
[monitor] ['54%', '53%', '100%', '47%']  memcached=153.9%
[monitor] ['54%', '51%', '100%', '51%']  memcached=156.9%
[monitor] ['57%', '52%', '100%', '47%']  memcached=155.5%
[monitor] ['56%', '51%', '100%', '48%']  memcached=155.5%
[monitor] ['57%', '48%', '100%', '50%']  memcached=155.2%
[monitor] ['55%', '51%', '100%', '45%']  memcached=152.1%
[monitor] ['55%', '50%', '100%', '50%']  memcached=155.3%
[monitor] ['54%', '50%', '100%', '50%']  memcached=154.3%
[monitor] ['58%', '53%', '100%', '47%']  memcached=157.7%
[monitor] ['54%', '50%', '100%', '48%']  memcached=152.8%
[monitor] ['58%', '51%', '100%', '48%']  memcached=157.8%
[monitor] ['55%', '53%', '100%', '49%']  memcached=156.6%
[monitor] ['57%', '50%', '100%', '48%']  memcached=155.2%
[monitor] ['56%', '53%', '100%', '45%']  memcached=153.8%
[monitor] ['57%', '51%', '100%', '53%']  memcached=161.6%
[monitor] ['54%', '50%', '100%', '45%']  memcached=149.5%
[monitor] ['54%', '50%', '100%', '48%']  memcached=152.8%
[monitor] ['58%', '50%', '100%', '49%']  memcached=156.5%
[monitor] ['55%', '50%', '100%', '50%']  memcached=155.3%
[monitor] ['56%', '50%', '100%', '50%']  memcached=155.6%
[monitor] ['54%', '53%', '100%', '45%']  memcached=152.3%
[monitor] ['56%', '51%', '100%', '48%']  memcached=155.5%
[monitor] ['56%', '49%', '100%', '47%']  memcached=151.2%
[monitor] ['53%', '50%', '100%', '47%']  memcached=149.7%
[monitor] ['57%', '48%', '100%', '45%']  memcached=150.7%
[monitor] ['54%', '53%', '100%', '48%']  memcached=155.3%
[monitor] ['56%', '53%', '100%', '47%']  memcached=155.4%
[monitor] ['61%', '54%', '100%', '54%']  memcached=169.7%
[monitor] ['63%', '55%', '100%', '50%']  memcached=167.7%
[monitor] ['59%', '52%', '100%', '54%']  memcached=165.3%
[monitor] ['58%', '57%', '100%', '53%']  memcached=168.3%
[monitor] ['58%', '56%', '100%', '54%']  memcached=168.2%
[monitor] ['59%', '54%', '100%', '50%']  memcached=163.7%
[monitor] ['58%', '55%', '100%', '52%']  memcached=164.4%
[monitor] ['63%', '54%', '100%', '56%']  memcached=173.0%
[monitor] ['58%', '59%', '100%', '53%']  memcached=170.1%
[monitor] ['61%', '52%', '100%', '53%']  memcached=165.6%
[monitor] ['57%', '57%', '100%', '50%']  memcached=164.3%
[monitor] ['62%', '54%', '100%', '54%']  memcached=170.7%
[monitor] ['59%', '55%', '100%', '53%']  memcached=166.9%
[monitor] ['59%', '55%', '100%', '50%']  memcached=163.4%
[monitor] ['62%', '57%', '100%', '54%']  memcached=173.6%
[monitor] ['58%', '53%', '100%', '53%']  memcached=163.8%
[monitor] ['62%', '56%', '100%', '52%']  memcached=169.6%
[monitor] ['61%', '53%', '100%', '53%']  memcached=166.2%
[monitor] ['61%', '57%', '100%', '54%']  memcached=172.5%
[monitor] ['62%', '56%', '100%', '57%']  memcached=175.2%
[monitor] ['62%', '57%', '100%', '56%']  memcached=174.9%
[monitor] ['59%', '56%', '100%', '56%']  memcached=170.9%
[monitor] ['63%', '54%', '100%', '53%']  memcached=170.4%
[monitor] ['62%', '56%', '100%', '54%']  memcached=172.3%
[monitor] ['62%', '55%', '100%', '53%']  memcached=169.6%
[monitor] ['59%', '53%', '100%', '50%']  memcached=162.4%
[monitor] ['63%', '57%', '100%', '52%']  memcached=171.8%
[monitor] ['59%', '58%', '100%', '55%']  memcached=172.3%
[monitor] ['59%', '53%', '100%', '54%']  memcached=166.7%
[monitor] ['61%', '56%', '100%', '53%']  memcached=169.9%
[monitor] ['59%', '57%', '100%', '53%']  memcached=169.5%
[monitor] ['59%', '56%', '100%', '56%']  memcached=170.6%
[monitor] ['58%', '55%', '100%', '52%']  memcached=163.6%
[monitor] ['57%', '58%', '100%', '54%']  memcached=169.8%
[monitor] ['59%', '54%', '100%', '54%']  memcached=168.0%
[monitor] ['58%', '54%', '100%', '54%']  memcached=166.1%
[monitor] ['62%', '53%', '100%', '56%']  memcached=170.8%
[monitor] ['61%', '53%', '100%', '53%']  memcached=167.0%
[monitor] ['62%', '56%', '100%', '54%']  memcached=172.7%
[monitor] ['58%', '56%', '100%', '53%']  memcached=167.1%
[monitor] ['61%', '57%', '100%', '53%']  memcached=171.2%
[monitor] ['61%', '57%', '100%', '53%']  memcached=170.6%
[monitor] ['63%', '56%', '100%', '56%']  memcached=174.6%
[monitor] ['59%', '55%', '100%', '54%']  memcached=168.3%
[monitor] ['63%', '56%', '100%', '53%']  memcached=171.7%
[monitor] ['59%', '56%', '100%', '55%']  memcached=169.3%
[monitor] ['59%', '56%', '100%', '56%']  memcached=170.9%
[monitor] ['61%', '55%', '100%', '56%']  memcached=170.6%
[monitor] ['64%', '53%', '100%', '52%']  memcached=168.6%
[monitor] ['50%', '49%', '100%', '45%']  memcached=144.0%
[monitor] ['47%', '41%', '100%', '38%']  memcached=126.8%
[MEMCACHED] cores updated to: ['0', '3']
[canneal] cores updated to: [1, 2]
[monitor] ['51%', '93%', '87%', '49%']  memcached=100.0%
[monitor] ['55%', '84%', '93%', '51%']  memcached=106.4%
[monitor] ['50%', '90%', '93%', '54%']  memcached=104.1%
[monitor] ['54%', '87%', '94%', '50%']  memcached=104.1%
[monitor] ['53%', '93%', '93%', '50%']  memcached=102.8%
[monitor] ['50%', '90%', '97%', '51%']  memcached=101.4%
[monitor] ['53%', '93%', '90%', '49%']  memcached=101.2%
[monitor] ['51%', '89%', '97%', '47%']  memcached=98.6%
[monitor] ['53%', '90%', '90%', '53%']  memcached=105.4%
[monitor] ['54%', '90%', '93%', '50%']  memcached=104.3%
[monitor] ['50%', '96%', '97%', '48%']  memcached=98.5%
[monitor] ['51%', '90%', '93%', '46%']  memcached=97.1%
[monitor] ['54%', '93%', '97%', '53%']  memcached=107.2%
[monitor] ['57%', '93%', '97%', '53%']  memcached=109.5%
[monitor] ['56%', '90%', '93%', '51%']  memcached=107.8%
[monitor] ['53%', '93%', '90%', '53%']  memcached=105.3%
[monitor] ['56%', '93%', '97%', '54%']  memcached=109.8%
[monitor] ['51%', '31%', '97%', '45%']  memcached=96.8%
[monitor] ['51%', '7%', '100%', '50%']  memcached=101.4%
[monitor] ['53%', '4%', '100%', '49%']  memcached=101.2%
[monitor] ['50%', '10%', '100%', '50%']  memcached=100.0%
[monitor] ['50%', '4%', '100%', '45%']  memcached=95.5%
[monitor] ['54%', '7%', '100%', '45%']  memcached=99.3%
[monitor] ['53%', '11%', '100%', '47%']  memcached=99.8%
[monitor] ['50%', '7%', '100%', '47%']  memcached=97.1%
[monitor] ['54%', '7%', '100%', '49%']  memcached=102.4%
[monitor] ['54%', '4%', '100%', '50%']  memcached=103.8%
[monitor] ['53%', '10%', '100%', '51%']  memcached=104.1%
[monitor] ['51%', '7%', '100%', '47%']  memcached=98.4%
[monitor] ['54%', '4%', '100%', '47%']  memcached=100.9%
[monitor] ['53%', '7%', '100%', '45%']  memcached=98.2%
[monitor] ['53%', '4%', '100%', '51%']  memcached=104.1%
[monitor] ['50%', '10%', '100%', '49%']  memcached=98.6%
[monitor] ['51%', '7%', '100%', '49%']  memcached=99.9%
[monitor] ['50%', '10%', '100%', '45%']  memcached=95.5%
[monitor] ['60%', '40%', '59%', '57%']  memcached=117.1%
[canneal] ended.
[freqmine] started on cores: [1, 2] with 3 threads.
[monitor] ['54%', '57%', '61%', '51%']  memcached=105.5%
[monitor] ['50%', '50%', '70%', '47%']  memcached=97.1%
[monitor] ['51%', '33%', '84%', '50%']  memcached=101.4%
[monitor] ['51%', '100%', '7%', '44%']  memcached=95.5%
[monitor] ['49%', '100%', '4%', '44%']  memcached=92.8%
[monitor] ['47%', '100%', '10%', '41%']  memcached=87.8%
[monitor] ['50%', '100%', '7%', '44%']  memcached=94.1%
[monitor] ['51%', '100%', '7%', '43%']  memcached=94.2%
[monitor] ['51%', '100%', '72%', '51%']  memcached=102.8%
[monitor] ['59%', '97%', '100%', '51%']  memcached=110.4%
[monitor] ['56%', '63%', '100%', '53%']  memcached=108.3%
[monitor] ['62%', '100%', '100%', '63%']  memcached=124.6%
[monitor] ['75%', '100%', '100%', '82%']  memcached=157.4%
[monitor] ['69%', '100%', '100%', '85%']  memcached=153.9%
[monitor] ['78%', '100%', '100%', '79%']  memcached=157.2%
[monitor] ['74%', '100%', '100%', '86%']  memcached=160.0%
[monitor] ['69%', '100%', '100%', '88%']  memcached=157.7%
[monitor] ['73%', '100%', '100%', '85%']  memcached=157.6%
[monitor] ['86%', '100%', '100%', '82%']  memcached=168.5%
[MEMCACHED] cores updated to: ['0', '1', '3']
[freqmine] cores updated to: [2]
[monitor] ['65%', '68%', '100%', '74%']  memcached=205.9%
[monitor] ['71%', '71%', '100%', '68%']  memcached=209.7%
[monitor] ['70%', '64%', '100%', '63%']  memcached=196.2%
[monitor] ['66%', '59%', '100%', '62%']  memcached=186.9%
[monitor] ['69%', '67%', '100%', '62%']  memcached=198.6%
[monitor] ['68%', '66%', '100%', '62%']  memcached=195.1%
[monitor] ['68%', '65%', '100%', '64%']  memcached=196.2%
[monitor] ['69%', '68%', '100%', '64%']  memcached=200.7%
[monitor] ['70%', '66%', '100%', '65%']  memcached=200.7%
[monitor] ['69%', '67%', '100%', '61%']  memcached=196.7%
[monitor] ['69%', '64%', '100%', '65%']  memcached=196.9%
[monitor] ['67%', '64%', '100%', '64%']  memcached=194.2%
[monitor] ['68%', '67%', '100%', '61%']  memcached=195.6%
[monitor] ['67%', '65%', '100%', '62%']  memcached=193.1%
[monitor] ['68%', '69%', '100%', '63%']  memcached=199.1%
[monitor] ['69%', '67%', '100%', '64%']  memcached=198.9%
[monitor] ['72%', '66%', '100%', '62%']  memcached=199.6%
[monitor] ['67%', '69%', '100%', '64%']  memcached=198.9%
[monitor] ['69%', '88%', '100%', '75%']  memcached=231.6%
[monitor] ['71%', '69%', '100%', '100%']  memcached=240.0%
[monitor] ['69%', '91%', '100%', '76%']  memcached=236.4%
[monitor] ['69%', '70%', '100%', '94%']  memcached=233.1%
[monitor] ['69%', '67%', '100%', '65%']  memcached=199.9%
[monitor] ['70%', '67%', '100%', '62%']  memcached=199.4%
[monitor] ['69%', '68%', '100%', '66%']  memcached=202.8%
[monitor] ['66%', '68%', '100%', '65%']  memcached=198.0%
[monitor] ['69%', '66%', '100%', '65%']  memcached=199.0%
[monitor] ['68%', '68%', '100%', '65%']  memcached=200.0%
[monitor] ['69%', '69%', '100%', '66%']  memcached=202.9%
[monitor] ['68%', '68%', '100%', '65%']  memcached=200.0%
[monitor] ['68%', '66%', '100%', '63%']  memcached=197.0%
[monitor] ['68%', '66%', '100%', '64%']  memcached=196.9%
[monitor] ['68%', '66%', '100%', '65%']  memcached=198.1%
[monitor] ['71%', '67%', '100%', '64%']  memcached=201.7%
[monitor] ['68%', '66%', '100%', '65%']  memcached=198.8%
[monitor] ['68%', '65%', '100%', '62%']  memcached=194.0%
[monitor] ['69%', '67%', '100%', '65%']  memcached=199.9%
[monitor] ['68%', '69%', '100%', '65%']  memcached=200.9%
[monitor] ['71%', '68%', '100%', '62%']  memcached=201.6%
[monitor] ['67%', '67%', '100%', '63%']  memcached=196.2%
[monitor] ['67%', '64%', '100%', '61%']  memcached=191.2%
[monitor] ['68%', '66%', '100%', '63%']  memcached=196.2%
[monitor] ['57%', '54%', '100%', '56%']  memcached=166.6%
[monitor] ['46%', '46%', '100%', '46%']  memcached=137.6%
[MEMCACHED] cores updated to: ['0', '3']
[freqmine] cores updated to: [1, 2]
[monitor] ['57%', '100%', '100%', '57%']  memcached=113.5%
[monitor] ['59%', '100%', '100%', '56%']  memcached=115.0%
[monitor] ['61%', '100%', '100%', '56%']  memcached=116.1%
[monitor] ['59%', '100%', '100%', '56%']  memcached=115.0%
[monitor] ['59%', '100%', '100%', '56%']  memcached=115.0%
[monitor] ['59%', '100%', '100%', '56%']  memcached=115.3%
[monitor] ['59%', '100%', '100%', '58%']  memcached=117.4%
[monitor] ['59%', '100%', '100%', '53%']  memcached=112.4%
[monitor] ['58%', '100%', '100%', '55%']  memcached=113.2%
[monitor] ['56%', '100%', '100%', '51%']  memcached=107.8%
[monitor] ['56%', '100%', '100%', '53%']  memcached=108.3%
[monitor] ['53%', '100%', '100%', '54%']  memcached=106.8%
[monitor] ['62%', '100%', '100%', '57%']  memcached=118.3%
[monitor] ['56%', '100%', '100%', '50%']  memcached=105.6%
[monitor] ['57%', '100%', '100%', '57%']  memcached=114.3%
[monitor] ['58%', '100%', '100%', '50%']  memcached=107.9%
[monitor] ['54%', '100%', '100%', '54%']  memcached=108.1%
[monitor] ['58%', '100%', '100%', '53%']  memcached=110.7%
[monitor] ['56%', '100%', '100%', '56%']  memcached=112.0%
[monitor] ['55%', '100%', '100%', '55%']  memcached=110.5%
[monitor] ['59%', '100%', '100%', '58%']  memcached=117.4%
[monitor] ['58%', '100%', '100%', '58%']  memcached=115.8%
[monitor] ['56%', '100%', '100%', '57%']  memcached=112.3%
[monitor] ['58%', '100%', '100%', '61%']  memcached=118.9%
[monitor] ['60%', '100%', '100%', '57%']  memcached=116.8%
[monitor] ['61%', '100%', '100%', '61%']  memcached=121.1%
[monitor] ['55%', '100%', '100%', '54%']  memcached=109.3%
[monitor] ['58%', '100%', '100%', '53%']  memcached=110.7%
[monitor] ['55%', '100%', '100%', '54%']  memcached=109.3%
[monitor] ['57%', '100%', '100%', '51%']  memcached=108.2%
[monitor] ['55%', '100%', '100%', '53%']  memcached=108.0%
[monitor] ['59%', '100%', '100%', '58%']  memcached=117.8%
[monitor] ['59%', '100%', '100%', '57%']  memcached=116.2%
[monitor] ['59%', '100%', '100%', '58%']  memcached=116.9%
[monitor] ['58%', '100%', '100%', '53%']  memcached=110.7%
[monitor] ['54%', '100%', '100%', '53%']  memcached=106.8%
[monitor] ['59%', '100%', '100%', '58%']  memcached=116.9%
[monitor] ['57%', '100%', '100%', '52%']  memcached=108.3%
[monitor] ['60%', '100%', '100%', '54%']  memcached=114.1%
[monitor] ['56%', '100%', '100%', '54%']  memcached=110.5%
[monitor] ['57%', '100%', '100%', '54%']  memcached=111.0%
[monitor] ['58%', '100%', '100%', '56%']  memcached=113.9%
[monitor] ['57%', '100%', '100%', '54%']  memcached=110.8%
[monitor] ['55%', '100%', '100%', '53%']  memcached=108.0%
[monitor] ['55%', '100%', '100%', '53%']  memcached=108.0%
[monitor] ['57%', '100%', '100%', '56%']  memcached=112.3%
[monitor] ['61%', '100%', '100%', '57%']  memcached=117.3%
[monitor] ['63%', '100%', '100%', '57%']  memcached=120.3%
[monitor] ['59%', '100%', '100%', '63%']  memcached=122.6%
[monitor] ['63%', '100%', '100%', '61%']  memcached=123.7%
[monitor] ['65%', '100%', '100%', '62%']  memcached=127.2%
[monitor] ['62%', '100%', '100%', '60%']  memcached=121.8%
[monitor] ['65%', '100%', '100%', '62%']  memcached=126.5%
[monitor] ['61%', '100%', '100%', '62%']  memcached=122.7%
[monitor] ['62%', '100%', '100%', '62%']  memcached=124.3%
[monitor] ['65%', '100%', '100%', '63%']  memcached=128.0%
[monitor] ['63%', '100%', '100%', '61%']  memcached=123.7%
[monitor] ['67%', '100%', '100%', '69%']  memcached=135.2%
[monitor] ['64%', '100%', '100%', '68%']  memcached=132.3%
[monitor] ['65%', '100%', '100%', '66%']  memcached=130.7%
[monitor] ['63%', '100%', '100%', '67%']  memcached=129.5%
[monitor] ['68%', '100%', '100%', '65%']  memcached=132.4%
[monitor] ['63%', '100%', '100%', '66%']  memcached=128.6%
[monitor] ['63%', '100%', '100%', '65%']  memcached=128.0%
[monitor] ['61%', '100%', '100%', '61%']  memcached=122.2%
[monitor] ['62%', '100%', '100%', '60%']  memcached=122.2%
[monitor] ['62%', '100%', '100%', '59%']  memcached=121.6%
[monitor] ['64%', '100%', '100%', '64%']  memcached=128.0%
[monitor] ['63%', '100%', '100%', '60%']  memcached=123.2%
[monitor] ['61%', '100%', '100%', '61%']  memcached=121.6%
[monitor] ['59%', '100%', '100%', '65%']  memcached=124.3%
[monitor] ['65%', '100%', '100%', '58%']  memcached=123.2%
[monitor] ['63%', '100%', '100%', '61%']  memcached=124.3%
[monitor] ['62%', '100%', '100%', '62%']  memcached=123.7%
[monitor] ['63%', '100%', '100%', '61%']  memcached=124.3%
[monitor] ['65%', '100%', '100%', '59%']  memcached=124.3%
[monitor] ['59%', '100%', '100%', '65%']  memcached=124.3%
[monitor] ['65%', '100%', '100%', '64%']  memcached=128.8%
[monitor] ['67%', '100%', '100%', '62%']  memcached=128.4%
[monitor] ['65%', '100%', '100%', '64%']  memcached=128.8%
[monitor] ['67%', '100%', '100%', '66%']  memcached=132.4%
[monitor] ['66%', '100%', '100%', '63%']  memcached=128.6%
[monitor] ['64%', '100%', '100%', '64%']  memcached=127.8%
[monitor] ['63%', '100%', '100%', '59%']  memcached=122.6%
[monitor] ['62%', '100%', '100%', '62%']  memcached=124.3%
[monitor] ['62%', '100%', '100%', '61%']  memcached=122.9%
[monitor] ['62%', '100%', '100%', '61%']  memcached=123.3%
[monitor] ['61%', '100%', '100%', '62%']  memcached=123.3%
[monitor] ['64%', '100%', '100%', '61%']  memcached=125.2%
[monitor] ['62%', '100%', '100%', '62%']  memcached=124.3%
[monitor] ['66%', '100%', '100%', '67%']  memcached=132.5%
[monitor] ['62%', '100%', '100%', '62%']  memcached=124.7%
[monitor] ['64%', '100%', '100%', '64%']  memcached=127.8%
[monitor] ['63%', '100%', '100%', '61%']  memcached=124.3%
[monitor] ['62%', '100%', '100%', '61%']  memcached=122.7%
[monitor] ['61%', '100%', '100%', '62%']  memcached=123.3%
[monitor] ['62%', '100%', '100%', '63%']  memcached=125.7%
[monitor] ['59%', '100%', '100%', '62%']  memcached=121.6%
[monitor] ['50%', '100%', '100%', '49%']  memcached=98.6%
[monitor] ['54%', '100%', '100%', '51%']  memcached=105.2%
[monitor] ['49%', '100%', '100%', '49%']  memcached=97.1%
[monitor] ['51%', '100%', '100%', '47%']  memcached=98.6%
[monitor] ['51%', '100%', '100%', '51%']  memcached=102.7%
[monitor] ['53%', '100%', '100%', '50%']  memcached=102.6%
[monitor] ['51%', '100%', '100%', '50%']  memcached=101.4%
[monitor] ['52%', '100%', '100%', '54%']  memcached=106.6%
[monitor] ['55%', '100%', '100%', '51%']  memcached=106.6%
[monitor] ['50%', '100%', '100%', '46%']  memcached=95.7%
[monitor] ['53%', '100%', '100%', '49%']  memcached=101.2%
[monitor] ['54%', '100%', '100%', '49%']  memcached=102.4%
[monitor] ['51%', '100%', '100%', '47%']  memcached=98.6%
[monitor] ['49%', '100%', '100%', '51%']  memcached=100.0%
[monitor] ['54%', '100%', '100%', '50%']  memcached=104.1%
[monitor] ['55%', '100%', '100%', '51%']  memcached=106.6%
[monitor] ['54%', '100%', '100%', '50%']  memcached=103.8%
[monitor] ['51%', '100%', '100%', '50%']  memcached=101.4%
[monitor] ['56%', '100%', '100%', '51%']  memcached=107.8%
[monitor] ['50%', '100%', '100%', '49%']  memcached=98.6%
[monitor] ['53%', '100%', '100%', '49%']  memcached=101.2%
[monitor] ['53%', '100%', '100%', '50%']  memcached=102.8%
[monitor] ['51%', '100%', '100%', '50%']  memcached=101.4%
[monitor] ['59%', '100%', '100%', '51%']  memcached=109.9%
[monitor] ['51%', '100%', '100%', '49%']  memcached=99.9%
[monitor] ['50%', '100%', '100%', '50%']  memcached=100.0%
[monitor] ['53%', '100%', '100%', '50%']  memcached=102.8%
[monitor] ['54%', '100%', '100%', '50%']  memcached=103.8%
[monitor] ['44%', '100%', '100%', '51%']  memcached=95.5%
[monitor] ['54%', '100%', '100%', '49%']  memcached=102.6%
[monitor] ['54%', '100%', '100%', '51%']  memcached=105.5%
[monitor] ['53%', '100%', '100%', '51%']  memcached=104.2%
[monitor] ['47%', '100%', '100%', '50%']  memcached=97.1%
[monitor] ['53%', '100%', '100%', '50%']  memcached=102.8%
[monitor] ['51%', '100%', '100%', '50%']  memcached=101.3%
[monitor] ['51%', '100%', '100%', '49%']  memcached=100.1%
[monitor] ['51%', '100%', '100%', '45%']  memcached=96.9%
[monitor] ['51%', '100%', '100%', '54%']  memcached=105.4%
[monitor] ['51%', '100%', '100%', '50%']  memcached=101.4%
[monitor] ['50%', '100%', '100%', '51%']  memcached=101.4%
[monitor] ['50%', '100%', '100%', '51%']  memcached=101.4%
[monitor] ['47%', '100%', '100%', '49%']  memcached=95.6%
[monitor] ['56%', '100%', '100%', '53%']  memcached=109.2%
[monitor] ['53%', '100%', '100%', '51%']  memcached=104.2%
[monitor] ['56%', '100%', '100%', '48%']  memcached=104.0%
[monitor] ['53%', '100%', '100%', '53%']  memcached=105.6%
[monitor] ['56%', '100%', '100%', '50%']  memcached=106.4%
[monitor] ['48%', '100%', '100%', '54%']  memcached=102.8%
[monitor] ['55%', '100%', '100%', '51%']  memcached=106.7%
[monitor] ['53%', '100%', '100%', '51%']  memcached=104.2%
[monitor] ['32%', '100%', '100%', '30%']  memcached=62.7%
[MEMCACHED] cores updated to: ['0']
[freqmine] cores updated to: [1, 2, 3]
[monitor] ['46%', '100%', '100%', '100%']  memcached=45.9%
[monitor] ['45%', '100%', '100%', '100%']  memcached=45.5%
[monitor] ['43%', '100%', '100%', '100%']  memcached=42.9%
[monitor] ['44%', '100%', '100%', '100%']  memcached=44.4%
[monitor] ['47%', '100%', '100%', '100%']  memcached=47.2%
[monitor] ['46%', '100%', '100%', '100%']  memcached=45.9%
[monitor] ['44%', '100%', '100%', '100%']  memcached=44.4%
[monitor] ['44%', '100%', '100%', '100%']  memcached=44.1%
[monitor] ['51%', '100%', '100%', '100%']  memcached=51.3%
[monitor] ['49%', '100%', '100%', '100%']  memcached=48.6%
[monitor] ['44%', '100%', '100%', '100%']  memcached=44.4%
[monitor] ['41%', '100%', '100%', '100%']  memcached=41.2%
[monitor] ['43%', '97%', '100%', '100%']  memcached=43.2%
[monitor] ['44%', '100%', '100%', '100%']  memcached=44.1%
[monitor] ['44%', '100%', '100%', '100%']  memcached=44.4%
[monitor] ['49%', '100%', '100%', '100%']  memcached=48.6%
[monitor] ['43%', '100%', '100%', '100%']  memcached=42.9%
[monitor] ['44%', '100%', '100%', '100%']  memcached=44.4%
[monitor] ['44%', '100%', '100%', '100%']  memcached=44.4%
[monitor] ['43%', '100%', '100%', '100%']  memcached=42.9%
[monitor] ['44%', '100%', '100%', '100%']  memcached=44.1%
[monitor] ['44%', '100%', '100%', '100%']  memcached=44.4%
[monitor] ['44%', '100%', '100%', '100%']  memcached=44.4%
[monitor] ['43%', '100%', '100%', '100%']  memcached=42.9%
[monitor] ['43%', '100%', '100%', '100%']  memcached=42.9%
[monitor] ['46%', '100%', '100%', '100%']  memcached=45.9%
[monitor] ['44%', '100%', '100%', '100%']  memcached=44.4%
[monitor] ['43%', '100%', '100%', '100%']  memcached=42.9%
[monitor] ['44%', '100%', '100%', '100%']  memcached=44.4%
[monitor] ['47%', '100%', '100%', '100%']  memcached=47.2%
[monitor] ['44%', '100%', '100%', '100%']  memcached=44.4%
[monitor] ['42%', '100%', '100%', '100%']  memcached=42.4%
[monitor] ['40%', '100%', '100%', '100%']  memcached=40.0%
[monitor] ['44%', '100%', '100%', '100%']  memcached=44.4%
[monitor] ['41%', '100%', '100%', '100%']  memcached=41.2%
[monitor] ['44%', '100%', '100%', '100%']  memcached=44.4%
[monitor] ['46%', '100%', '100%', '100%']  memcached=45.9%
[monitor] ['50%', '100%', '100%', '100%']  memcached=50.0%
[monitor] ['43%', '100%', '100%', '100%']  memcached=43.2%
[monitor] ['47%', '100%', '100%', '100%']  memcached=47.4%
[monitor] ['44%', '100%', '100%', '100%']  memcached=44.4%
[monitor] ['47%', '100%', '100%', '100%']  memcached=47.1%
[monitor] ['46%', '100%', '100%', '100%']  memcached=45.7%
[monitor] ['44%', '100%', '100%', '100%']  memcached=44.4%
[monitor] ['44%', '100%', '100%', '100%']  memcached=44.4%
[monitor] ['44%', '100%', '100%', '100%']  memcached=44.4%
[monitor] ['49%', '100%', '100%', '100%']  memcached=48.6%
[monitor] ['46%', '100%', '100%', '100%']  memcached=45.9%
[monitor] ['64%', '100%', '100%', '100%']  memcached=63.9%
[monitor] ['100%', '100%', '100%', '100%']  memcached=100.0%
[MEMCACHED] cores updated to: ['0', '2', '3']
[freqmine] cores updated to: [1]
[monitor] ['78%', '100%', '76%', '63%']  memcached=216.4%
[monitor] ['70%', '100%', '68%', '66%']  memcached=203.1%
[monitor] ['68%', '100%', '69%', '65%']  memcached=201.8%
[monitor] ['70%', '100%', '70%', '65%']  memcached=205.4%
[monitor] ['70%', '100%', '67%', '67%']  memcached=203.0%
[monitor] ['71%', '100%', '70%', '64%']  memcached=203.9%
[monitor] ['72%', '100%', '69%', '64%']  memcached=205.6%
[monitor] ['66%', '100%', '67%', '66%']  memcached=198.1%
[monitor] ['70%', '100%', '67%', '63%']  memcached=199.2%
[monitor] ['71%', '100%', '69%', '66%']  memcached=205.7%
[monitor] ['67%', '100%', '69%', '67%']  memcached=202.8%
[monitor] ['68%', '100%', '67%', '64%']  memcached=198.0%
[monitor] ['70%', '100%', '69%', '63%']  memcached=201.7%
[monitor] ['71%', '100%', '68%', '66%']  memcached=203.9%
[monitor] ['71%', '100%', '71%', '66%']  memcached=206.9%
[monitor] ['70%', '100%', '68%', '68%']  memcached=205.6%
[monitor] ['69%', '100%', '68%', '60%']  memcached=197.0%
[monitor] ['71%', '100%', '71%', '67%']  memcached=207.8%
[monitor] ['69%', '100%', '68%', '64%']  memcached=200.1%
[monitor] ['68%', '100%', '65%', '63%']  memcached=196.1%
[monitor] ['69%', '100%', '69%', '64%']  memcached=201.9%
[monitor] ['71%', '100%', '69%', '62%']  memcached=202.6%
[monitor] ['69%', '100%', '69%', '68%']  memcached=205.6%
[monitor] ['69%', '100%', '69%', '62%']  memcached=199.8%
[monitor] ['69%', '100%', '67%', '62%']  memcached=197.0%
[monitor] ['68%', '100%', '69%', '65%']  memcached=201.8%
[monitor] ['71%', '100%', '65%', '63%']  memcached=198.2%
[monitor] ['69%', '100%', '69%', '61%']  memcached=198.6%
[monitor] ['71%', '100%', '68%', '64%']  memcached=201.9%
[monitor] ['68%', '100%', '69%', '65%']  memcached=201.8%
[monitor] ['69%', '100%', '68%', '59%']  memcached=195.9%
[monitor] ['69%', '100%', '69%', '65%']  memcached=202.7%
[monitor] ['69%', '100%', '68%', '65%']  memcached=202.0%
[monitor] ['69%', '100%', '69%', '66%']  memcached=202.9%
[monitor] ['68%', '100%', '68%', '66%']  memcached=201.8%
[monitor] ['72%', '100%', '69%', '62%']  memcached=203.4%
[monitor] ['69%', '100%', '69%', '69%']  memcached=206.6%
[monitor] ['70%', '100%', '72%', '65%']  memcached=206.6%
[monitor] ['69%', '100%', '68%', '63%']  memcached=199.1%
[monitor] ['69%', '100%', '69%', '66%']  memcached=204.5%
[monitor] ['71%', '100%', '68%', '64%']  memcached=202.1%
[monitor] ['69%', '100%', '68%', '68%']  memcached=204.7%
[monitor] ['71%', '100%', '69%', '63%']  memcached=203.7%
[monitor] ['69%', '100%', '65%', '59%']  memcached=192.1%
[monitor] ['69%', '100%', '69%', '65%']  memcached=202.7%
[monitor] ['70%', '100%', '71%', '66%']  memcached=206.0%
[monitor] ['71%', '100%', '68%', '65%']  memcached=202.9%
[monitor] ['68%', '100%', '66%', '59%']  memcached=192.7%
[monitor] ['60%', '100%', '60%', '57%']  memcached=177.1%
[monitor] ['58%', '100%', '58%', '50%']  memcached=166.7%
[monitor] ['60%', '100%', '57%', '53%']  memcached=170.1%
[monitor] ['63%', '100%', '60%', '54%']  memcached=177.4%
[monitor] ['62%', '100%', '61%', '56%']  memcached=179.2%
[monitor] ['58%', '100%', '57%', '56%']  memcached=171.0%
[monitor] ['60%', '100%', '58%', '57%']  memcached=175.5%
[monitor] ['56%', '100%', '58%', '56%']  memcached=169.8%
[monitor] ['57%', '100%', '56%', '56%']  memcached=168.6%
[monitor] ['60%', '100%', '59%', '53%']  memcached=172.4%
[monitor] ['59%', '100%', '61%', '57%']  memcached=177.1%
[monitor] ['60%', '100%', '60%', '56%']  memcached=175.6%
[monitor] ['59%', '100%', '58%', '54%']  memcached=172.1%
[monitor] ['58%', '100%', '57%', '53%']  memcached=168.3%
[monitor] ['62%', '100%', '60%', '58%']  memcached=180.1%
[monitor] ['59%', '100%', '57%', '54%']  memcached=170.9%
[monitor] ['58%', '100%', '56%', '53%']  memcached=167.2%
[monitor] ['60%', '100%', '59%', '54%']  memcached=173.7%
[monitor] ['59%', '100%', '58%', '56%']  memcached=173.3%
[monitor] ['57%', '100%', '59%', '54%']  memcached=170.3%
[monitor] ['60%', '100%', '56%', '56%']  memcached=171.8%
[monitor] ['59%', '100%', '57%', '54%']  memcached=170.9%
[monitor] ['60%', '100%', '61%', '56%']  memcached=176.7%
[monitor] ['58%', '100%', '57%', '55%']  memcached=170.0%
[monitor] ['61%', '100%', '61%', '53%']  memcached=175.2%
[monitor] ['58%', '100%', '54%', '54%']  memcached=166.9%
[monitor] ['59%', '100%', '59%', '56%']  memcached=173.8%
[monitor] ['57%', '100%', '58%', '55%']  memcached=170.0%
[monitor] ['60%', '100%', '56%', '57%']  memcached=172.6%
[monitor] ['59%', '100%', '61%', '53%']  memcached=173.1%
[monitor] ['60%', '100%', '59%', '55%']  memcached=173.4%
[monitor] ['60%', '100%', '57%', '56%']  memcached=173.0%
[monitor] ['59%', '100%', '59%', '57%']  memcached=175.7%
[monitor] ['60%', '100%', '56%', '59%']  memcached=175.3%
[monitor] ['61%', '100%', '60%', '54%']  memcached=174.8%
[monitor] ['60%', '100%', '57%', '56%']  memcached=172.3%
[monitor] ['59%', '100%', '60%', '53%']  memcached=172.4%
[monitor] ['57%', '100%', '55%', '57%']  memcached=168.4%
[monitor] ['58%', '100%', '57%', '57%']  memcached=172.6%
[monitor] ['61%', '100%', '58%', '53%']  memcached=172.4%
[monitor] ['58%', '100%', '58%', '54%']  memcached=171.0%
[monitor] ['60%', '100%', '56%', '54%']  memcached=170.2%
[monitor] ['62%', '100%', '62%', '56%']  memcached=179.3%
[monitor] ['59%', '100%', '61%', '56%']  memcached=175.2%
[monitor] ['57%', '100%', '59%', '53%']  memcached=168.9%
[monitor] ['60%', '100%', '57%', '53%']  memcached=170.1%
[monitor] ['59%', '100%', '59%', '55%']  memcached=173.5%
[monitor] ['56%', '100%', '57%', '51%']  memcached=164.5%
[monitor] ['60%', '100%', '58%', '53%']  memcached=171.5%
[monitor] ['61%', '100%', '61%', '54%']  memcached=176.5%
[monitor] ['67%', '100%', '66%', '62%']  memcached=194.9%
[monitor] ['74%', '100%', '70%', '65%']  memcached=207.9%
[monitor] ['71%', '100%', '72%', '69%']  memcached=211.4%
[monitor] ['74%', '100%', '74%', '69%']  memcached=215.8%
[monitor] ['72%', '100%', '71%', '64%']  memcached=206.4%
[monitor] ['71%', '100%', '69%', '67%']  memcached=206.7%
[monitor] ['74%', '100%', '70%', '66%']  memcached=209.6%
[monitor] ['74%', '100%', '74%', '68%']  memcached=216.2%
[monitor] ['72%', '100%', '69%', '65%']  memcached=206.4%
[monitor] ['69%', '100%', '69%', '63%']  memcached=200.0%
[monitor] ['71%', '100%', '71%', '65%']  memcached=207.6%
[monitor] ['71%', '100%', '72%', '69%']  memcached=212.2%
[monitor] ['75%', '100%', '71%', '65%']  memcached=210.3%
[monitor] ['74%', '100%', '72%', '68%']  memcached=213.4%
[monitor] ['71%', '100%', '74%', '67%']  memcached=211.6%
[monitor] ['75%', '100%', '73%', '70%']  memcached=217.4%
[monitor] ['76%', '100%', '74%', '70%']  memcached=219.7%
[monitor] ['74%', '100%', '75%', '69%']  memcached=218.0%
[monitor] ['76%', '100%', '71%', '71%']  memcached=217.8%
[monitor] ['73%', '100%', '75%', '69%']  memcached=216.5%
[monitor] ['75%', '100%', '72%', '68%']  memcached=214.5%
[monitor] ['71%', '100%', '72%', '69%']  memcached=212.2%
[monitor] ['77%', '100%', '74%', '69%']  memcached=219.2%
[monitor] ['73%', '100%', '71%', '67%']  memcached=210.0%
[monitor] ['74%', '100%', '74%', '71%']  memcached=219.2%
[monitor] ['71%', '100%', '72%', '69%']  memcached=211.4%
[monitor] ['76%', '100%', '76%', '71%']  memcached=222.9%
[monitor] ['76%', '100%', '74%', '71%']  memcached=220.6%
[monitor] ['71%', '100%', '71%', '65%']  memcached=206.7%
[monitor] ['74%', '100%', '71%', '66%']  memcached=211.3%
[monitor] ['74%', '100%', '74%', '70%']  memcached=216.8%
[monitor] ['74%', '100%', '74%', '69%']  memcached=215.8%
[monitor] ['73%', '100%', '73%', '66%']  memcached=211.4%
[monitor] ['73%', '100%', '71%', '67%']  memcached=210.0%
[monitor] ['76%', '100%', '74%', '69%']  memcached=219.3%
[monitor] ['74%', '100%', '72%', '67%']  memcached=213.2%
[monitor] ['73%', '100%', '71%', '67%']  memcached=210.0%
[monitor] ['73%', '100%', '72%', '67%']  memcached=211.3%
[monitor] ['74%', '100%', '71%', '68%']  memcached=213.4%
[monitor] ['71%', '100%', '69%', '64%']  memcached=203.7%
[monitor] ['75%', '100%', '72%', '64%']  memcached=210.5%
[monitor] ['74%', '100%', '71%', '68%']  memcached=212.5%
[monitor] ['72%', '100%', '72%', '70%']  memcached=213.8%
[monitor] ['76%', '100%', '73%', '70%']  memcached=218.2%
[monitor] ['71%', '100%', '71%', '66%']  memcached=208.6%
[monitor] ['71%', '100%', '71%', '67%']  memcached=208.7%
[monitor] ['71%', '100%', '70%', '68%']  memcached=209.3%
[monitor] ['74%', '100%', '74%', '66%']  memcached=213.5%
[monitor] ['73%', '100%', '71%', '68%']  memcached=211.0%
[monitor] ['74%', '100%', '71%', '69%']  memcached=213.6%
[monitor] ['80%', '100%', '81%', '74%']  memcached=234.1%
[monitor] ['87%', '100%', '84%', '79%']  memcached=249.8%
[monitor] ['85%', '100%', '84%', '79%']  memcached=248.6%
[monitor] ['85%', '100%', '78%', '74%']  memcached=237.2%
[monitor] ['81%', '100%', '81%', '74%']  memcached=235.4%
[monitor] ['82%', '100%', '78%', '76%']  memcached=236.4%
[monitor] ['83%', '100%', '79%', '74%']  memcached=236.6%
[monitor] ['81%', '100%', '79%', '74%']  memcached=234.2%
[monitor] ['78%', '100%', '80%', '73%']  memcached=230.9%
[monitor] ['82%', '100%', '80%', '74%']  memcached=236.6%
[monitor] ['82%', '100%', '78%', '76%']  memcached=235.7%
[monitor] ['81%', '100%', '79%', '73%']  memcached=233.4%
[monitor] ['81%', '100%', '79%', '74%']  memcached=234.3%
[monitor] ['82%', '100%', '82%', '78%']  memcached=242.3%
[monitor] ['82%', '100%', '79%', '72%']  memcached=233.1%
[monitor] ['85%', '100%', '81%', '76%']  memcached=243.0%
[monitor] ['84%', '100%', '81%', '76%']  memcached=241.4%
[monitor] ['84%', '100%', '85%', '78%']  memcached=247.3%
[monitor] ['84%', '100%', '79%', '74%']  memcached=237.3%
[monitor] ['79%', '100%', '77%', '76%']  memcached=232.3%
[monitor] ['81%', '100%', '79%', '74%']  memcached=234.9%
[monitor] ['81%', '100%', '81%', '73%']  memcached=235.2%
[monitor] ['85%', '100%', '79%', '76%']  memcached=239.8%
[monitor] ['82%', '100%', '79%', '75%']  memcached=236.2%
[monitor] ['82%', '100%', '80%', '71%']  memcached=232.8%
[monitor] ['82%', '100%', '79%', '74%']  memcached=234.8%
[monitor] ['81%', '100%', '81%', '74%']  memcached=235.5%
[monitor] ['85%', '100%', '81%', '79%']  memcached=245.5%
[monitor] ['82%', '100%', '80%', '75%']  memcached=236.8%
[monitor] ['85%', '100%', '85%', '76%']  memcached=245.5%
[monitor] ['88%', '100%', '84%', '79%']  memcached=251.0%
[monitor] ['81%', '100%', '79%', '74%']  memcached=233.6%
[monitor] ['88%', '100%', '86%', '79%']  memcached=252.0%
[monitor] ['81%', '100%', '78%', '74%']  memcached=233.6%
[monitor] ['82%', '100%', '76%', '74%']  memcached=232.6%
[monitor] ['82%', '100%', '82%', '76%']  memcached=239.4%
[monitor] ['85%', '100%', '84%', '79%']  memcached=249.1%
[monitor] ['90%', '100%', '84%', '77%']  memcached=251.8%
[monitor] ['85%', '100%', '81%', '76%']  memcached=243.0%
[monitor] ['82%', '100%', '79%', '73%']  memcached=234.0%
[monitor] ['82%', '100%', '77%', '74%']  memcached=232.8%
[monitor] ['84%', '100%', '82%', '77%']  memcached=244.1%
[monitor] ['85%', '100%', '84%', '79%']  memcached=248.0%
[monitor] ['90%', '100%', '91%', '80%']  memcached=260.9%
[monitor] ['88%', '100%', '82%', '79%']  memcached=248.1%
[monitor] ['85%', '100%', '82%', '79%']  memcached=245.5%
[monitor] ['82%', '100%', '82%', '76%']  memcached=239.4%
[monitor] ['87%', '100%', '84%', '79%']  memcached=249.8%
[monitor] ['85%', '100%', '84%', '80%']  memcached=249.2%
[monitor] ['81%', '100%', '79%', '76%']  memcached=235.8%
[monitor] ['69%', '100%', '68%', '63%']  memcached=199.9%
[monitor] ['71%', '100%', '71%', '66%']  memcached=207.7%
[monitor] ['69%', '100%', '68%', '62%']  memcached=198.8%
[monitor] ['67%', '100%', '66%', '64%']  memcached=196.3%
[monitor] ['71%', '100%', '69%', '65%']  memcached=204.7%
[monitor] ['71%', '100%', '71%', '64%']  memcached=205.7%
[monitor] ['69%', '100%', '68%', '64%']  memcached=199.9%
[monitor] ['71%', '100%', '68%', '64%']  memcached=202.1%
[monitor] ['72%', '100%', '69%', '66%']  memcached=206.5%
[monitor] ['71%', '100%', '69%', '65%']  memcached=204.7%
[monitor] ['69%', '100%', '69%', '65%']  memcached=201.8%
[monitor] ['68%', '100%', '69%', '64%']  memcached=201.0%
[monitor] ['66%', '100%', '66%', '58%']  memcached=189.0%
[monitor] ['66%', '100%', '67%', '62%']  memcached=194.1%
[monitor] ['69%', '100%', '67%', '65%']  memcached=200.1%
[monitor] ['70%', '100%', '69%', '66%']  memcached=204.6%
[monitor] ['70%', '100%', '71%', '69%']  memcached=208.9%
[monitor] ['71%', '100%', '69%', '67%']  memcached=206.7%
[monitor] ['69%', '100%', '68%', '64%']  memcached=201.0%
[monitor] ['71%', '100%', '69%', '65%']  memcached=204.7%
[monitor] ['69%', '100%', '68%', '65%']  memcached=201.8%
[monitor] ['70%', '100%', '71%', '69%']  memcached=208.9%
[monitor] ['71%', '100%', '71%', '61%']  memcached=202.5%
[monitor] ['70%', '100%', '68%', '64%']  memcached=201.0%
[monitor] ['71%', '100%', '71%', '67%']  memcached=208.7%
[monitor] ['71%', '100%', '69%', '66%']  memcached=205.8%
[monitor] ['71%', '100%', '71%', '69%']  memcached=209.7%
[monitor] ['72%', '100%', '68%', '66%']  memcached=205.6%
[monitor] ['69%', '100%', '69%', '63%']  memcached=200.9%
[monitor] ['70%', '100%', '69%', '62%']  memcached=201.6%
[monitor] ['71%', '100%', '70%', '65%']  memcached=205.8%
[monitor] ['69%', '100%', '69%', '65%']  memcached=201.8%
[monitor] ['69%', '100%', '70%', '66%']  memcached=204.6%
[monitor] ['68%', '100%', '67%', '60%']  memcached=194.2%
[monitor] ['69%', '100%', '67%', '64%']  memcached=199.3%
[monitor] ['71%', '100%', '68%', '62%']  memcached=200.5%
[monitor] ['69%', '100%', '68%', '66%']  memcached=201.9%
[monitor] ['69%', '100%', '69%', '63%']  memcached=200.0%
[monitor] ['70%', '100%', '68%', '63%']  memcached=201.5%
[monitor] ['68%', '100%', '65%', '64%']  memcached=196.2%
[monitor] ['68%', '100%', '69%', '62%']  memcached=198.0%
[monitor] ['68%', '100%', '68%', '63%']  memcached=198.1%
[monitor] ['69%', '100%', '67%', '63%']  memcached=199.0%
[monitor] ['68%', '100%', '70%', '64%']  memcached=201.8%
[monitor] ['71%', '100%', '68%', '64%']  memcached=202.7%
[monitor] ['71%', '100%', '70%', '63%']  memcached=203.7%
[monitor] ['70%', '100%', '71%', '65%']  memcached=205.6%
[monitor] ['70%', '100%', '69%', '66%']  memcached=204.0%
[monitor] ['69%', '100%', '68%', '63%']  memcached=199.9%
[monitor] ['63%', '100%', '66%', '61%']  memcached=189.7%
[monitor] ['44%', '100%', '46%', '42%']  memcached=132.1%
[MEMCACHED] cores updated to: ['0', '3']
[freqmine] cores updated to: [1, 2]
[monitor] ['55%', '100%', '100%', '49%']  memcached=103.8%
[monitor] ['51%', '100%', '100%', '47%']  memcached=98.5%
[monitor] ['53%', '100%', '100%', '49%']  memcached=101.2%
[monitor] ['53%', '100%', '100%', '49%']  memcached=101.2%
[monitor] ['53%', '100%', '100%', '50%']  memcached=102.6%
[monitor] ['51%', '100%', '100%', '53%']  memcached=104.0%
[monitor] ['56%', '100%', '100%', '50%']  memcached=106.1%
[monitor] ['50%', '100%', '100%', '51%']  memcached=101.4%
[monitor] ['53%', '100%', '100%', '47%']  memcached=99.8%
[monitor] ['53%', '100%', '100%', '51%']  memcached=104.0%
[monitor] ['55%', '100%', '100%', '45%']  memcached=100.5%
[monitor] ['51%', '100%', '100%', '48%']  memcached=99.9%
[monitor] ['53%', '100%', '100%', '51%']  memcached=104.2%
[monitor] ['53%', '100%', '100%', '47%']  memcached=99.9%
[monitor] ['50%', '100%', '100%', '45%']  memcached=95.5%
[monitor] ['54%', '100%', '100%', '49%']  memcached=102.4%
[monitor] ['51%', '100%', '100%', '49%']  memcached=99.9%
[monitor] ['54%', '100%', '100%', '47%']  memcached=101.1%
[monitor] ['53%', '100%', '100%', '47%']  memcached=99.7%
[monitor] ['54%', '100%', '100%', '50%']  memcached=104.1%
[monitor] ['53%', '100%', '100%', '51%']  memcached=104.0%
[monitor] ['51%', '100%', '100%', '47%']  memcached=98.4%
[monitor] ['51%', '100%', '100%', '53%']  memcached=104.1%
[monitor] ['54%', '100%', '100%', '49%']  memcached=102.4%
[monitor] ['50%', '100%', '100%', '47%']  memcached=97.1%
[monitor] ['51%', '100%', '100%', '47%']  memcached=98.6%
[monitor] ['53%', '100%', '100%', '49%']  memcached=101.2%
[monitor] ['51%', '100%', '100%', '53%']  memcached=104.2%
[monitor] ['56%', '100%', '100%', '51%']  memcached=107.0%
[monitor] ['51%', '100%', '100%', '54%']  memcached=105.5%
[monitor] ['54%', '100%', '100%', '50%']  memcached=104.1%
[monitor] ['54%', '100%', '100%', '51%']  memcached=105.4%
[monitor] ['53%', '100%', '100%', '50%']  memcached=102.6%
[monitor] ['51%', '100%', '100%', '45%']  memcached=96.8%
[monitor] ['51%', '100%', '100%', '49%']  memcached=99.9%
[monitor] ['53%', '100%', '100%', '49%']  memcached=101.2%
[monitor] ['50%', '100%', '100%', '47%']  memcached=97.2%
[monitor] ['54%', '100%', '100%', '49%']  memcached=102.6%
[monitor] ['53%', '100%', '100%', '47%']  memcached=99.7%
[monitor] ['53%', '100%', '100%', '49%']  memcached=101.2%
[monitor] ['53%', '100%', '100%', '50%']  memcached=102.6%
[monitor] ['51%', '100%', '100%', '51%']  memcached=102.7%
[monitor] ['58%', '100%', '100%', '53%']  memcached=110.7%
[monitor] ['53%', '100%', '100%', '51%']  memcached=104.0%
[monitor] ['53%', '100%', '100%', '47%']  memcached=99.7%
[monitor] ['53%', '100%', '100%', '47%']  memcached=99.7%
[monitor] ['51%', '100%', '100%', '46%']  memcached=97.1%
[monitor] ['50%', '100%', '100%', '50%']  memcached=100.0%
[monitor] ['44%', '100%', '100%', '39%']  memcached=83.8%
[monitor] ['27%', '100%', '100%', '25%']  memcached=52.3%
[MEMCACHED] cores updated to: ['0']
[freqmine] cores updated to: [3, 1, 2]
[monitor] ['40%', '100%', '100%', '100%']  memcached=40.0%
[monitor] ['42%', '100%', '100%', '100%']  memcached=42.1%
[monitor] ['42%', '100%', '100%', '100%']  memcached=41.7%
[monitor] ['39%', '100%', '100%', '100%']  memcached=38.9%
[monitor] ['42%', '100%', '100%', '100%']  memcached=41.7%
[monitor] ['43%', '100%', '100%', '100%']  memcached=43.2%
[monitor] ['41%', '100%', '100%', '100%']  memcached=40.5%
[monitor] ['38%', '100%', '100%', '100%']  memcached=38.2%
[monitor] ['42%', '100%', '100%', '100%']  memcached=41.7%
[monitor] ['36%', '100%', '100%', '100%']  memcached=36.4%
[monitor] ['39%', '100%', '100%', '100%']  memcached=38.9%
[monitor] ['40%', '100%', '100%', '100%']  memcached=40.0%
[monitor] ['46%', '100%', '100%', '100%']  memcached=45.9%
[monitor] ['38%', '100%', '100%', '100%']  memcached=38.2%
[monitor] ['41%', '100%', '100%', '100%']  memcached=41.2%
[monitor] ['40%', '100%', '100%', '100%']  memcached=40.0%
[monitor] ['38%', '100%', '100%', '100%']  memcached=38.2%
[monitor] ['39%', '100%', '100%', '100%']  memcached=39.4%
[monitor] ['40%', '100%', '100%', '100%']  memcached=40.0%
[monitor] ['38%', '100%', '100%', '100%']  memcached=37.5%
[monitor] ['38%', '100%', '100%', '100%']  memcached=38.2%
[monitor] ['42%', '100%', '100%', '100%']  memcached=41.7%
[monitor] ['41%', '100%', '100%', '100%']  memcached=40.5%
[monitor] ['42%', '100%', '100%', '100%']  memcached=41.7%
[monitor] ['38%', '100%', '100%', '100%']  memcached=38.2%
[monitor] ['44%', '100%', '100%', '100%']  memcached=43.8%
[monitor] ['42%', '100%', '100%', '100%']  memcached=42.1%
[monitor] ['42%', '100%', '100%', '100%']  memcached=41.7%
[monitor] ['36%', '100%', '100%', '100%']  memcached=36.4%
[monitor] ['38%', '100%', '100%', '100%']  memcached=38.2%
[monitor] ['40%', '100%', '100%', '100%']  memcached=40.0%
[monitor] ['38%', '100%', '100%', '100%']  memcached=38.2%
[monitor] ['42%', '100%', '100%', '100%']  memcached=41.7%
[monitor] ['38%', '100%', '100%', '100%']  memcached=38.2%
[monitor] ['43%', '100%', '100%', '100%']  memcached=42.9%
[monitor] ['40%', '100%', '100%', '100%']  memcached=40.0%
[monitor] ['43%', '100%', '100%', '100%']  memcached=43.2%
[monitor] ['40%', '100%', '100%', '100%']  memcached=40.0%
[monitor] ['38%', '100%', '100%', '100%']  memcached=38.2%
[monitor] ['38%', '100%', '100%', '100%']  memcached=38.2%
[monitor] ['38%', '100%', '100%', '100%']  memcached=38.2%
[monitor] ['40%', '100%', '100%', '100%']  memcached=40.0%
[monitor] ['41%', '100%', '100%', '100%']  memcached=40.5%
[monitor] ['38%', '100%', '100%', '100%']  memcached=38.2%
[monitor] ['38%', '100%', '100%', '100%']  memcached=38.2%
[monitor] ['38%', '100%', '100%', '100%']  memcached=38.2%
[monitor] ['36%', '100%', '100%', '100%']  memcached=36.4%
[monitor] ['41%', '100%', '100%', '100%']  memcached=41.2%
[monitor] ['76%', '100%', '100%', '100%']  memcached=75.8%
[monitor] ['100%', '100%', '100%', '100%']  memcached=100.0%
[MEMCACHED] cores updated to: ['0', '1', '3']
[freqmine] cores updated to: [2]
[monitor] ['69%', '69%', '100%', '63%']  memcached=200.9%
[monitor] ['67%', '62%', '100%', '60%']  memcached=189.2%
[monitor] ['63%', '59%', '100%', '58%']  memcached=179.3%
[monitor] ['63%', '62%', '100%', '60%']  memcached=184.9%
[monitor] ['64%', '59%', '100%', '59%']  memcached=181.5%
[monitor] ['66%', '62%', '100%', '59%']  memcached=186.4%
[monitor] ['64%', '63%', '100%', '63%']  memcached=189.6%
[monitor] ['63%', '62%', '100%', '58%']  memcached=182.9%
[monitor] ['67%', '64%', '100%', '62%']  memcached=192.3%
[monitor] ['65%', '64%', '100%', '60%']  memcached=188.8%
[monitor] ['67%', '64%', '100%', '59%']  memcached=189.4%
[monitor] ['64%', '64%', '100%', '59%']  memcached=186.3%
[monitor] ['65%', '65%', '100%', '61%']  memcached=190.3%
[monitor] ['67%', '62%', '100%', '61%']  memcached=189.5%
[monitor] ['67%', '65%', '100%', '63%']  memcached=194.4%
[monitor] ['67%', '66%', '100%', '63%']  memcached=195.2%
[monitor] ['67%', '64%', '100%', '61%']  memcached=191.7%
[monitor] ['64%', '64%', '100%', '62%']  memcached=189.5%
[monitor] ['68%', '64%', '100%', '62%']  memcached=193.0%
[monitor] ['68%', '66%', '100%', '59%']  memcached=192.1%
[monitor] ['63%', '62%', '100%', '64%']  memcached=188.5%
[monitor] ['66%', '64%', '100%', '58%']  memcached=187.2%
[monitor] ['68%', '65%', '100%', '59%']  memcached=191.6%
[monitor] ['63%', '61%', '100%', '62%']  memcached=186.4%
[monitor] ['66%', '62%', '100%', '58%']  memcached=186.3%
[monitor] ['63%', '63%', '100%', '60%']  memcached=186.0%
[monitor] ['67%', '60%', '100%', '61%']  memcached=187.8%
[monitor] ['66%', '62%', '100%', '60%']  memcached=187.5%
[monitor] ['67%', '64%', '100%', '63%']  memcached=193.2%
[monitor] ['64%', '66%', '100%', '61%']  memcached=190.2%
[monitor] ['66%', '62%', '100%', '60%']  memcached=187.5%
[monitor] ['68%', '62%', '100%', '62%']  memcached=191.8%
[monitor] ['65%', '64%', '100%', '60%']  memcached=188.8%
[monitor] ['66%', '66%', '100%', '62%']  memcached=193.3%
[monitor] ['65%', '65%', '100%', '63%']  memcached=192.3%
[monitor] ['67%', '64%', '100%', '61%']  memcached=191.2%
[monitor] ['66%', '61%', '100%', '60%']  memcached=186.4%
[monitor] ['66%', '65%', '100%', '62%']  memcached=192.2%
[monitor] ['68%', '62%', '100%', '62%']  memcached=191.1%
[monitor] ['68%', '65%', '100%', '58%']  memcached=190.3%
[monitor] ['67%', '64%', '100%', '61%']  memcached=191.7%
[monitor] ['68%', '67%', '100%', '65%']  memcached=199.8%
[monitor] ['65%', '59%', '100%', '58%']  memcached=181.7%
[monitor] ['66%', '65%', '100%', '61%']  memcached=191.8%
[monitor] ['68%', '65%', '100%', '61%']  memcached=192.9%
[monitor] ['66%', '64%', '100%', '62%']  memcached=191.8%
[monitor] ['67%', '63%', '100%', '60%']  memcached=189.8%
[monitor] ['66%', '65%', '100%', '63%']  memcached=193.4%
[monitor] ['65%', '64%', '100%', '60%']  memcached=188.8%
[monitor] ['66%', '64%', '100%', '62%']  memcached=191.4%
[monitor] ['65%', '64%', '100%', '56%']  memcached=184.6%
[monitor] ['67%', '62%', '100%', '62%']  memcached=190.2%
[monitor] ['65%', '64%', '100%', '62%']  memcached=190.9%
[monitor] ['66%', '62%', '100%', '61%']  memcached=188.7%
[monitor] ['67%', '63%', '100%', '61%']  memcached=190.6%
[monitor] ['64%', '64%', '100%', '60%']  memcached=187.8%
[monitor] ['65%', '62%', '100%', '59%']  memcached=185.5%
[monitor] ['63%', '63%', '100%', '60%']  memcached=185.7%
[monitor] ['67%', '65%', '100%', '63%']  memcached=194.4%
[monitor] ['63%', '62%', '100%', '58%']  memcached=182.2%
[monitor] ['65%', '63%', '100%', '60%']  memcached=187.7%
[monitor] ['64%', '64%', '100%', '60%']  memcached=187.8%
[monitor] ['67%', '63%', '100%', '64%']  memcached=193.4%
[monitor] ['64%', '66%', '100%', '60%']  memcached=189.6%
[monitor] ['65%', '65%', '100%', '61%']  memcached=190.3%
[monitor] ['64%', '64%', '100%', '56%']  memcached=183.7%
[monitor] ['66%', '66%', '100%', '63%']  memcached=194.4%
[monitor] ['65%', '61%', '100%', '58%']  memcached=182.9%
[monitor] ['64%', '65%', '100%', '62%']  memcached=190.5%
[monitor] ['64%', '63%', '100%', '60%']  memcached=186.7%
[monitor] ['68%', '63%', '100%', '59%']  memcached=189.8%
[monitor] ['67%', '61%', '100%', '59%']  memcached=186.6%
[monitor] ['67%', '61%', '100%', '58%']  memcached=185.4%
[monitor] ['63%', '66%', '100%', '61%']  memcached=190.0%
[monitor] ['63%', '62%', '100%', '59%']  memcached=183.8%
[monitor] ['66%', '65%', '100%', '62%']  memcached=192.2%
[monitor] ['65%', '64%', '100%', '61%']  memcached=189.9%
[monitor] ['65%', '62%', '100%', '59%']  memcached=185.9%
[monitor] ['65%', '62%', '100%', '61%']  memcached=188.0%
[monitor] ['64%', '64%', '100%', '58%']  memcached=185.4%
[monitor] ['63%', '61%', '100%', '59%']  memcached=182.3%
[monitor] ['64%', '60%', '100%', '59%']  memcached=182.7%
[monitor] ['68%', '65%', '100%', '61%']  memcached=192.9%
[monitor] ['63%', '61%', '100%', '60%']  memcached=184.3%
[monitor] ['67%', '64%', '100%', '61%']  memcached=190.9%
[monitor] ['63%', '64%', '100%', '58%']  memcached=184.3%
[monitor] ['67%', '61%', '100%', '62%']  memcached=189.0%
[monitor] ['63%', '61%', '100%', '59%']  memcached=182.3%
[monitor] ['67%', '63%', '100%', '63%']  memcached=192.4%
[monitor] ['65%', '63%', '100%', '58%']  memcached=186.2%
[monitor] ['68%', '62%', '100%', '61%']  memcached=189.9%
[monitor] ['64%', '62%', '100%', '58%']  memcached=183.2%
[monitor] ['65%', '63%', '100%', '58%']  memcached=185.3%
[monitor] ['62%', '63%', '100%', '59%']  memcached=183.4%
[monitor] ['64%', '63%', '100%', '59%']  memcached=185.6%
[monitor] ['65%', '64%', '100%', '60%']  memcached=188.8%
[monitor] ['61%', '57%', '100%', '58%']  memcached=176.6%
[monitor] ['67%', '62%', '100%', '63%']  memcached=192.0%
[monitor] ['70%', '71%', '100%', '66%']  memcached=206.6%
[monitor] ['71%', '68%', '100%', '65%']  memcached=202.9%
[monitor] ['71%', '71%', '100%', '69%']  memcached=211.5%
[monitor] ['72%', '71%', '100%', '69%']  memcached=211.4%
[monitor] ['74%', '74%', '100%', '69%']  memcached=216.5%
[monitor] ['72%', '71%', '100%', '69%']  memcached=212.2%
[monitor] ['74%', '74%', '100%', '68%']  memcached=216.2%
[monitor] ['75%', '74%', '100%', '71%']  memcached=220.0%
[monitor] ['73%', '70%', '100%', '69%']  memcached=211.2%
[monitor] ['71%', '71%', '100%', '68%']  memcached=208.8%
[monitor] ['75%', '74%', '100%', '71%']  memcached=219.1%
[monitor] ['74%', '71%', '100%', '70%']  memcached=214.7%
[monitor] ['75%', '73%', '100%', '69%']  memcached=216.3%
[monitor] ['75%', '74%', '100%', '69%']  memcached=218.0%
[monitor] ['72%', '71%', '100%', '68%']  memcached=210.5%
[monitor] ['74%', '72%', '100%', '71%']  memcached=217.1%
[monitor] ['75%', '76%', '100%', '71%']  memcached=221.3%
[monitor] ['70%', '68%', '100%', '66%']  memcached=203.6%
[monitor] ['75%', '75%', '100%', '70%']  memcached=219.7%
[monitor] ['74%', '73%', '100%', '71%']  memcached=218.0%
[monitor] ['77%', '76%', '100%', '71%']  memcached=224.3%
[monitor] ['74%', '71%', '100%', '66%']  memcached=210.6%
[monitor] ['72%', '71%', '100%', '68%']  memcached=210.5%
[monitor] ['76%', '76%', '100%', '73%']  memcached=224.2%
[monitor] ['76%', '73%', '100%', '70%']  memcached=218.9%
[monitor] ['73%', '71%', '100%', '68%']  memcached=211.2%
[monitor] ['79%', '75%', '100%', '71%']  memcached=225.0%
[monitor] ['73%', '71%', '100%', '68%']  memcached=211.2%
[monitor] ['72%', '69%', '100%', '68%']  memcached=208.4%
[monitor] ['74%', '73%', '100%', '69%']  memcached=216.5%
[monitor] ['73%', '74%', '100%', '69%']  memcached=215.0%
[monitor] ['69%', '69%', '100%', '66%']  memcached=203.7%
[monitor] ['71%', '71%', '100%', '68%']  memcached=210.5%
[monitor] ['72%', '71%', '100%', '67%']  memcached=209.5%
[monitor] ['72%', '72%', '100%', '71%']  memcached=215.5%
[monitor] ['75%', '74%', '100%', '71%']  memcached=220.0%
[monitor] ['76%', '72%', '100%', '69%']  memcached=217.1%
[monitor] ['74%', '73%', '100%', '71%']  memcached=217.6%
[monitor] ['77%', '75%', '100%', '71%']  memcached=222.7%
[monitor] ['76%', '73%', '100%', '73%']  memcached=221.9%
[monitor] ['74%', '70%', '100%', '67%']  memcached=209.9%
[monitor] ['73%', '72%', '100%', '67%']  memcached=211.3%
[monitor] ['71%', '71%', '100%', '68%']  memcached=210.5%
[monitor] ['74%', '73%', '100%', '73%']  memcached=219.0%
[monitor] ['76%', '72%', '100%', '68%']  memcached=215.3%
[monitor] ['74%', '73%', '100%', '70%']  memcached=216.0%
[monitor] ['76%', '73%', '100%', '70%']  memcached=218.9%
[monitor] ['76%', '73%', '100%', '72%']  memcached=220.4%
[monitor] ['74%', '73%', '100%', '68%']  memcached=214.7%
[monitor] ['67%', '67%', '100%', '65%']  memcached=197.8%
[monitor] ['55%', '53%', '100%', '50%']  memcached=158.2%
[monitor] ['53%', '54%', '100%', '53%']  memcached=159.8%
[monitor] ['53%', '53%', '100%', '45%']  memcached=151.0%
[monitor] ['57%', '50%', '100%', '51%']  memcached=158.1%
[monitor] ['54%', '54%', '100%', '51%']  memcached=159.5%
[monitor] ['55%', '50%', '100%', '47%']  memcached=152.3%
[monitor] ['54%', '48%', '100%', '50%']  memcached=152.5%
[monitor] ['56%', '54%', '100%', '47%']  memcached=156.7%
[monitor] ['54%', '54%', '100%', '51%']  memcached=159.5%
[monitor] ['53%', '51%', '100%', '50%']  memcached=154.2%
[monitor] ['54%', '51%', '100%', '48%']  memcached=154.2%
[monitor] ['51%', '47%', '100%', '50%']  memcached=148.2%
[monitor] ['51%', '55%', '100%', '47%']  memcached=153.6%
[monitor] ['56%', '53%', '100%', '51%']  memcached=160.3%
[monitor] ['55%', '54%', '100%', '50%']  memcached=159.5%
[monitor] ['58%', '56%', '100%', '56%']  memcached=169.8%
[monitor] ['56%', '52%', '100%', '51%']  memcached=158.4%
[monitor] ['54%', '50%', '100%', '48%']  memcached=152.5%
[monitor] ['53%', '54%', '100%', '53%']  memcached=159.8%
[monitor] ['53%', '48%', '100%', '47%']  memcached=148.3%
[monitor] ['57%', '53%', '100%', '48%']  memcached=158.0%
[monitor] ['54%', '51%', '100%', '50%']  memcached=155.5%
[monitor] ['54%', '50%', '100%', '48%']  memcached=152.8%
[monitor] ['50%', '51%', '100%', '47%']  memcached=148.5%
[monitor] ['54%', '54%', '100%', '47%']  memcached=155.6%
[monitor] ['53%', '49%', '100%', '54%']  memcached=155.4%
[monitor] ['54%', '51%', '100%', '47%']  memcached=152.8%
[monitor] ['57%', '53%', '100%', '52%']  memcached=161.2%
[monitor] ['54%', '53%', '100%', '51%']  memcached=158.5%
[monitor] ['54%', '52%', '100%', '49%']  memcached=154.1%
[monitor] ['54%', '51%', '100%', '50%']  memcached=155.7%
[monitor] ['53%', '50%', '100%', '47%']  memcached=149.8%
[monitor] ['53%', '50%', '100%', '51%']  memcached=154.2%
[monitor] ['57%', '53%', '100%', '50%']  memcached=159.5%
[monitor] ['51%', '50%', '100%', '50%']  memcached=151.4%
[monitor] ['54%', '48%', '100%', '48%']  memcached=151.0%
[monitor] ['56%', '53%', '100%', '50%']  memcached=158.5%
[monitor] ['53%', '48%', '100%', '47%']  memcached=148.3%
[monitor] ['56%', '54%', '100%', '50%']  memcached=159.6%
[monitor] ['54%', '49%', '100%', '49%']  memcached=151.0%
[monitor] ['53%', '54%', '100%', '49%']  memcached=155.8%
[monitor] ['54%', '51%', '100%', '50%']  memcached=155.5%
[monitor] ['53%', '51%', '100%', '50%']  memcached=154.2%
[monitor] ['51%', '53%', '100%', '49%']  memcached=152.9%
[monitor] ['54%', '53%', '100%', '53%']  memcached=160.0%
[monitor] ['54%', '51%', '100%', '47%']  memcached=152.8%
[monitor] ['54%', '50%', '100%', '48%']  memcached=152.8%
[monitor] ['54%', '51%', '100%', '51%']  memcached=157.1%
[monitor] ['54%', '51%', '100%', '51%']  memcached=157.1%
[monitor] ['44%', '47%', '100%', '44%']  memcached=135.3%
[MEMCACHED] cores updated to: ['0', '3']
[freqmine] cores updated to: [1, 2]
[monitor] ['41%', '100%', '100%', '36%']  memcached=77.5%
[monitor] ['40%', '100%', '100%', '37%']  memcached=77.1%
[monitor] ['40%', '100%', '100%', '38%']  memcached=78.2%
[monitor] ['42%', '100%', '100%', '37%']  memcached=78.8%
[monitor] ['42%', '100%', '100%', '32%']  memcached=73.9%
[monitor] ['38%', '100%', '100%', '33%']  memcached=71.6%
[monitor] ['40%', '100%', '100%', '36%']  memcached=76.4%
[monitor] ['39%', '100%', '100%', '34%']  memcached=73.3%
[monitor] ['40%', '100%', '100%', '35%']  memcached=75.3%
[monitor] ['40%', '100%', '100%', '38%']  memcached=78.2%
[monitor] ['42%', '100%', '100%', '36%']  memcached=78.0%
[monitor] ['40%', '100%', '100%', '34%']  memcached=74.4%
[monitor] ['40%', '100%', '100%', '35%']  memcached=75.3%
[monitor] ['40%', '100%', '100%', '38%']  memcached=78.2%
[monitor] ['42%', '100%', '100%', '39%']  memcached=80.6%
[monitor] ['38%', '100%', '100%', '34%']  memcached=72.6%
[monitor] ['43%', '100%', '100%', '38%']  memcached=81.5%
[monitor] ['39%', '100%', '100%', '39%']  memcached=77.8%
[monitor] ['38%', '100%', '100%', '43%']  memcached=81.5%
[monitor] ['37%', '100%', '100%', '33%']  memcached=70.5%
[monitor] ['43%', '100%', '100%', '36%']  memcached=79.6%
[monitor] ['40%', '100%', '100%', '37%']  memcached=77.1%
[monitor] ['41%', '100%', '100%', '31%']  memcached=71.8%
[monitor] ['44%', '100%', '100%', '43%']  memcached=87.3%
[monitor] ['40%', '100%', '100%', '38%']  memcached=77.5%
[monitor] ['42%', '100%', '100%', '39%']  memcached=80.6%
[monitor] ['42%', '100%', '100%', '36%']  memcached=78.0%
[monitor] ['42%', '100%', '100%', '37%']  memcached=78.8%
[monitor] ['41%', '100%', '100%', '35%']  memcached=75.8%
[monitor] ['42%', '100%', '100%', '34%']  memcached=76.0%
[monitor] ['45%', '100%', '100%', '38%']  memcached=83.0%
[monitor] ['39%', '100%', '100%', '38%']  memcached=77.6%
[monitor] ['40%', '100%', '100%', '38%']  memcached=78.2%
[monitor] ['38%', '100%', '100%', '40%']  memcached=78.2%
[monitor] ['39%', '100%', '100%', '33%']  memcached=72.2%
[monitor] ['42%', '100%', '100%', '38%']  memcached=79.9%
[monitor] ['42%', '100%', '100%', '37%']  memcached=78.8%
[monitor] ['38%', '100%', '100%', '38%']  memcached=76.5%
[monitor] ['39%', '100%', '100%', '37%']  memcached=76.0%
[monitor] ['43%', '100%', '100%', '38%']  memcached=81.5%
[monitor] ['40%', '100%', '100%', '37%']  memcached=77.1%
[monitor] ['41%', '100%', '100%', '33%']  memcached=73.9%
[monitor] ['38%', '100%', '100%', '40%']  memcached=78.2%
[monitor] ['44%', '100%', '100%', '36%']  memcached=80.8%
[monitor] ['42%', '100%', '100%', '41%']  memcached=82.2%
[monitor] ['45%', '100%', '100%', '40%']  memcached=84.7%
[monitor] ['37%', '100%', '100%', '41%']  memcached=77.7%
[monitor] ['43%', '100%', '100%', '36%']  memcached=79.6%
[monitor] ['38%', '100%', '100%', '35%']  memcached=73.5%
[monitor] ['58%', '100%', '100%', '61%']  memcached=119.0%
[monitor] ['78%', '100%', '100%', '72%']  memcached=149.7%
[monitor] ['68%', '100%', '100%', '81%']  memcached=148.1%
[monitor] ['71%', '100%', '100%', '85%']  memcached=156.3%
[monitor] ['69%', '100%', '100%', '85%']  memcached=154.7%
[monitor] ['69%', '100%', '100%', '85%']  memcached=154.7%
[monitor] ['72%', '100%', '100%', '83%']  memcached=155.1%
[monitor] ['69%', '100%', '100%', '85%']  memcached=153.4%
[monitor] ['69%', '100%', '100%', '86%']  memcached=154.3%
[monitor] ['70%', '100%', '100%', '83%']  memcached=153.1%
[monitor] ['69%', '100%', '100%', '85%']  memcached=153.4%
[monitor] ['72%', '100%', '100%', '85%']  memcached=157.5%
[monitor] ['72%', '100%', '100%', '85%']  memcached=157.5%
[monitor] ['66%', '100%', '100%', '83%']  memcached=149.0%
[monitor] ['66%', '100%', '100%', '83%']  memcached=149.1%
[monitor] ['66%', '100%', '100%', '80%']  memcached=145.7%
[monitor] ['77%', '100%', '100%', '79%']  memcached=155.9%
[monitor] ['74%', '100%', '100%', '83%']  memcached=156.4%
[monitor] ['69%', '100%', '100%', '86%']  memcached=155.2%
[monitor] ['75%', '100%', '100%', '82%']  memcached=156.8%
[monitor] ['77%', '100%', '100%', '80%']  memcached=157.1%
[monitor] ['69%', '100%', '100%', '86%']  memcached=155.6%
[monitor] ['77%', '100%', '100%', '79%']  memcached=155.9%
[monitor] ['74%', '100%', '100%', '80%']  memcached=153.5%
[monitor] ['72%', '100%', '100%', '83%']  memcached=155.1%
[monitor] ['69%', '100%', '100%', '81%']  memcached=149.7%
[monitor] ['73%', '100%', '100%', '71%']  memcached=144.4%
[monitor] ['78%', '100%', '100%', '78%']  memcached=155.6%
[monitor] ['71%', '100%', '100%', '85%']  memcached=155.9%
[monitor] ['74%', '100%', '100%', '82%']  memcached=155.3%
[monitor] ['76%', '100%', '100%', '76%']  memcached=152.2%
[monitor] ['68%', '100%', '100%', '81%']  memcached=149.5%
[monitor] ['69%', '100%', '100%', '77%']  memcached=146.6%
[monitor] ['71%', '100%', '100%', '71%']  memcached=142.9%
[monitor] ['69%', '100%', '100%', '78%']  memcached=147.2%
[monitor] ['69%', '100%', '100%', '80%']  memcached=148.6%
[monitor] ['69%', '100%', '100%', '74%']  memcached=143.0%
[monitor] ['69%', '100%', '100%', '75%']  memcached=143.6%
[monitor] ['68%', '100%', '100%', '82%']  memcached=149.9%
[monitor] ['69%', '100%', '100%', '74%']  memcached=142.9%
[monitor] ['73%', '100%', '100%', '74%']  memcached=146.7%
[monitor] ['67%', '100%', '100%', '82%']  memcached=149.0%
[monitor] ['68%', '100%', '100%', '77%']  memcached=144.7%
[monitor] ['72%', '100%', '100%', '74%']  memcached=145.8%
[monitor] ['68%', '100%', '100%', '78%']  memcached=146.8%
[monitor] ['66%', '100%', '100%', '76%']  memcached=142.1%
[monitor] ['73%', '100%', '100%', '71%']  memcached=144.4%
[monitor] ['72%', '100%', '100%', '76%']  memcached=148.7%
[monitor] ['67%', '100%', '100%', '78%']  memcached=144.4%
[monitor] ['72%', '100%', '100%', '74%']  memcached=146.5%
[monitor] ['67%', '100%', '100%', '67%']  memcached=133.3%
[monitor] ['63%', '100%', '100%', '66%']  memcached=128.9%
[monitor] ['63%', '100%', '100%', '70%']  memcached=133.1%
[monitor] ['65%', '100%', '100%', '65%']  memcached=129.7%
[monitor] ['65%', '100%', '100%', '65%']  memcached=129.6%
[monitor] ['62%', '100%', '100%', '68%']  memcached=129.7%
[monitor] ['66%', '100%', '100%', '64%']  memcached=129.7%
[monitor] ['63%', '100%', '100%', '69%']  memcached=132.3%
[monitor] ['61%', '100%', '100%', '72%']  memcached=132.8%
[monitor] ['67%', '100%', '100%', '64%']  memcached=130.6%
[monitor] ['68%', '100%', '100%', '65%']  memcached=132.2%
[monitor] ['66%', '100%', '100%', '67%']  memcached=132.5%
[monitor] ['61%', '100%', '100%', '68%']  memcached=128.7%
[monitor] ['69%', '100%', '100%', '61%']  memcached=130.3%
[monitor] ['63%', '100%', '100%', '66%']  memcached=128.6%
[monitor] ['66%', '100%', '100%', '66%']  memcached=131.6%
[monitor] ['68%', '100%', '100%', '62%']  memcached=129.3%
[monitor] ['61%', '100%', '100%', '68%']  memcached=128.7%
[monitor] ['59%', '100%', '100%', '67%']  memcached=126.1%
[monitor] ['67%', '100%', '100%', '63%']  memcached=129.5%
[monitor] ['62%', '100%', '100%', '67%']  memcached=128.8%
[monitor] ['63%', '100%', '100%', '71%']  memcached=134.2%
[monitor] ['62%', '100%', '100%', '67%']  memcached=128.4%
[monitor] ['64%', '100%', '100%', '65%']  memcached=128.8%
[monitor] ['61%', '100%', '100%', '71%']  memcached=132.2%
[monitor] ['63%', '100%', '100%', '68%']  memcached=130.4%
[monitor] ['61%', '100%', '100%', '67%']  memcached=127.8%
[monitor] ['68%', '100%', '100%', '65%']  memcached=132.4%
[monitor] ['63%', '100%', '100%', '71%']  memcached=134.3%
[monitor] ['68%', '100%', '100%', '72%']  memcached=139.9%
[monitor] ['68%', '100%', '100%', '71%']  memcached=138.2%
[monitor] ['59%', '100%', '100%', '73%']  memcached=131.8%
[monitor] ['63%', '100%', '100%', '76%']  memcached=138.5%
[monitor] ['65%', '100%', '100%', '69%']  memcached=133.4%
[monitor] ['65%', '100%', '100%', '66%']  memcached=130.7%
[monitor] ['60%', '100%', '100%', '71%']  memcached=131.1%
[monitor] ['62%', '100%', '100%', '65%']  memcached=126.9%
[monitor] ['66%', '100%', '100%', '68%']  memcached=133.4%
[monitor] ['61%', '100%', '100%', '69%']  memcached=130.0%
[monitor] ['68%', '100%', '100%', '61%']  memcached=129.5%
[monitor] ['70%', '100%', '100%', '64%']  memcached=134.2%
[monitor] ['61%', '100%', '100%', '70%']  memcached=130.8%
[monitor] ['62%', '100%', '100%', '59%']  memcached=120.6%
[monitor] ['65%', '100%', '100%', '68%']  memcached=132.4%
[monitor] ['66%', '100%', '100%', '69%']  memcached=134.4%
[monitor] ['64%', '100%', '100%', '68%']  memcached=132.3%
[monitor] ['66%', '100%', '100%', '63%']  memcached=128.6%
[monitor] ['65%', '100%', '100%', '67%']  memcached=131.5%
[monitor] ['60%', '100%', '100%', '71%']  memcached=131.1%
[monitor] ['64%', '100%', '100%', '65%']  memcached=128.8%
[monitor] ['59%', '100%', '100%', '57%']  memcached=116.1%
[monitor] ['57%', '100%', '100%', '57%']  memcached=113.5%
[monitor] ['58%', '100%', '100%', '57%']  memcached=115.1%
[monitor] ['62%', '100%', '100%', '56%']  memcached=117.1%
[monitor] ['56%', '100%', '100%', '56%']  memcached=111.1%
[monitor] ['59%', '100%', '100%', '57%']  memcached=116.6%
[monitor] ['59%', '100%', '100%', '56%']  memcached=115.3%
[monitor] ['62%', '100%', '100%', '54%']  memcached=115.8%
[monitor] ['61%', '100%', '100%', '53%']  memcached=113.5%
[monitor] ['58%', '100%', '100%', '58%']  memcached=115.8%
[monitor] ['62%', '100%', '100%', '57%']  memcached=118.3%
[monitor] ['56%', '100%', '100%', '56%']  memcached=112.3%
[monitor] ['54%', '100%', '100%', '57%']  memcached=111.0%
[monitor] ['57%', '100%', '100%', '55%']  memcached=112.0%
[monitor] ['62%', '100%', '100%', '58%']  memcached=120.5%
[monitor] ['59%', '100%', '100%', '56%']  memcached=114.5%
[monitor] ['58%', '100%', '100%', '52%']  memcached=109.8%
[monitor] ['60%', '100%', '100%', '57%']  memcached=116.8%
[monitor] ['57%', '100%', '100%', '55%']  memcached=111.3%
[monitor] ['58%', '100%', '100%', '58%']  memcached=115.8%
[monitor] ['59%', '100%', '100%', '57%']  memcached=116.6%
[monitor] ['58%', '100%', '100%', '56%']  memcached=113.5%
[monitor] ['59%', '100%', '100%', '54%']  memcached=113.7%
[monitor] ['55%', '100%', '100%', '54%']  memcached=109.5%
[monitor] ['61%', '100%', '100%', '59%']  memcached=119.5%
[monitor] ['59%', '100%', '100%', '54%']  memcached=113.3%
[monitor] ['59%', '100%', '100%', '57%']  memcached=116.2%
[monitor] ['59%', '100%', '100%', '58%']  memcached=117.4%
[monitor] ['56%', '100%', '100%', '58%']  memcached=113.9%
[monitor] ['58%', '100%', '100%', '56%']  memcached=113.5%
[monitor] ['59%', '100%', '100%', '56%']  memcached=114.5%
[monitor] ['59%', '100%', '100%', '54%']  memcached=113.7%
[monitor] ['58%', '100%', '100%', '57%']  memcached=114.7%
[monitor] ['58%', '100%', '100%', '56%']  memcached=113.8%
[monitor] ['59%', '100%', '100%', '57%']  memcached=115.7%
[monitor] ['62%', '100%', '100%', '55%']  memcached=116.8%
[monitor] ['58%', '100%', '100%', '58%']  memcached=116.2%
[monitor] ['58%', '100%', '100%', '57%']  memcached=115.0%
[monitor] ['61%', '100%', '100%', '57%']  memcached=117.3%
[monitor] ['56%', '100%', '100%', '57%']  memcached=112.3%
[monitor] ['59%', '100%', '100%', '58%']  memcached=116.9%
[monitor] ['56%', '100%', '100%', '56%']  memcached=111.8%
[monitor] ['59%', '100%', '100%', '56%']  memcached=114.5%
[monitor] ['58%', '100%', '100%', '58%']  memcached=116.2%
[monitor] ['58%', '100%', '100%', '56%']  memcached=113.5%
[monitor] ['58%', '100%', '100%', '59%']  memcached=116.9%
[monitor] ['58%', '100%', '100%', '54%']  memcached=112.2%
[monitor] ['57%', '100%', '100%', '58%']  memcached=115.5%
[monitor] ['59%', '100%', '100%', '55%']  memcached=114.2%
[monitor] ['61%', '100%', '100%', '57%']  memcached=117.3%
[monitor] ['63%', '100%', '100%', '61%']  memcached=123.7%
[monitor] ['61%', '100%', '100%', '62%']  memcached=122.7%
[monitor] ['61%', '100%', '100%', '62%']  memcached=122.1%
[monitor] ['61%', '100%', '100%', '59%']  memcached=120.0%
[monitor] ['62%', '100%', '100%', '61%']  memcached=123.3%
[monitor] ['62%', '100%', '100%', '59%']  memcached=122.0%
[monitor] ['62%', '100%', '100%', '66%']  memcached=127.6%
[monitor] ['66%', '100%', '100%', '59%']  memcached=124.6%
[monitor] ['58%', '100%', '100%', '62%']  memcached=120.5%
[monitor] ['64%', '100%', '100%', '58%']  memcached=122.4%
[monitor] ['62%', '100%', '100%', '57%']  memcached=119.3%
[monitor] ['62%', '100%', '100%', '58%']  memcached=120.5%
[monitor] ['61%', '100%', '100%', '59%']  memcached=119.3%
[monitor] ['58%', '100%', '100%', '57%']  memcached=115.5%
[monitor] ['62%', '100%', '100%', '58%']  memcached=120.5%
[monitor] ['62%', '100%', '100%', '63%']  memcached=125.0%
[monitor] ['62%', '100%', '100%', '55%']  memcached=116.7%
[monitor] ['63%', '100%', '100%', '60%']  memcached=123.2%
[monitor] ['59%', '100%', '100%', '59%']  memcached=118.9%
[monitor] ['62%', '100%', '100%', '57%']  memcached=118.7%
[monitor] ['62%', '100%', '100%', '60%']  memcached=122.2%
[monitor] ['62%', '100%', '100%', '61%']  memcached=123.3%
[monitor] ['64%', '100%', '100%', '56%']  memcached=120.0%
[monitor] ['63%', '100%', '100%', '58%']  memcached=121.5%
[monitor] ['62%', '100%', '100%', '59%']  memcached=120.4%
[monitor] ['59%', '100%', '100%', '58%']  memcached=117.8%
[monitor] ['62%', '100%', '100%', '59%']  memcached=121.6%
[monitor] ['59%', '100%', '100%', '61%']  memcached=120.0%
[monitor] ['61%', '100%', '100%', '57%']  memcached=117.7%
[monitor] ['65%', '100%', '100%', '56%']  memcached=120.7%
[monitor] ['62%', '100%', '100%', '61%']  memcached=123.6%
[monitor] ['63%', '100%', '100%', '58%']  memcached=121.5%
[monitor] ['61%', '100%', '100%', '56%']  memcached=117.0%
[monitor] ['64%', '100%', '100%', '59%']  memcached=123.6%
[monitor] ['62%', '100%', '100%', '59%']  memcached=121.0%
[monitor] ['62%', '100%', '100%', '54%']  memcached=116.4%
[monitor] ['61%', '100%', '100%', '56%']  memcached=117.0%
[monitor] ['63%', '100%', '100%', '60%']  memcached=123.2%
[monitor] ['62%', '100%', '100%', '62%']  memcached=123.7%
[monitor] ['61%', '100%', '100%', '57%']  memcached=118.3%
[monitor] ['59%', '100%', '100%', '61%']  memcached=120.6%
[monitor] ['59%', '100%', '100%', '61%']  memcached=120.6%
[monitor] ['59%', '100%', '100%', '56%']  memcached=115.0%
[monitor] ['62%', '100%', '100%', '60%']  memcached=122.2%
[monitor] ['62%', '100%', '100%', '59%']  memcached=121.0%
[monitor] ['61%', '100%', '100%', '58%']  memcached=118.9%
[monitor] ['63%', '100%', '100%', '58%']  memcached=121.5%
[monitor] ['62%', '100%', '100%', '59%']  memcached=121.6%
[monitor] ['59%', '100%', '100%', '61%']  memcached=120.6%
[monitor] ['58%', '100%', '100%', '58%']  memcached=116.7%
[monitor] ['49%', '100%', '100%', '46%']  memcached=94.4%
[monitor] ['49%', '100%', '100%', '42%']  memcached=91.1%
[monitor] ['49%', '100%', '100%', '49%']  memcached=97.1%
[monitor] ['51%', '100%', '100%', '47%']  memcached=98.5%
[monitor] ['50%', '100%', '100%', '44%']  memcached=94.1%
[monitor] ['50%', '100%', '100%', '44%']  memcached=94.1%
[monitor] ['49%', '100%', '100%', '47%']  memcached=95.9%
[monitor] ['47%', '100%', '100%', '45%']  memcached=92.7%
[monitor] ['49%', '100%', '100%', '44%']  memcached=92.7%
[monitor] ['46%', '100%', '100%', '49%']  memcached=94.3%
[monitor] ['50%', '100%', '100%', '46%']  memcached=95.7%
[monitor] ['50%', '100%', '100%', '47%']  memcached=97.2%
[monitor] ['50%', '100%', '100%', '44%']  memcached=94.1%
[monitor] ['53%', '100%', '100%', '47%']  memcached=99.9%
[monitor] ['50%', '100%', '100%', '45%']  memcached=95.5%
[monitor] ['49%', '100%', '100%', '51%']  memcached=99.9%
[monitor] ['50%', '100%', '100%', '46%']  memcached=95.7%
[monitor] ['53%', '100%', '100%', '50%']  memcached=102.6%
[monitor] ['53%', '100%', '100%', '49%']  memcached=101.3%
[monitor] ['50%', '100%', '100%', '53%']  memcached=102.8%
[monitor] ['53%', '100%', '100%', '54%']  memcached=106.7%
[monitor] ['51%', '100%', '100%', '49%']  memcached=99.9%
[monitor] ['51%', '100%', '100%', '46%']  memcached=97.1%
[monitor] ['50%', '100%', '100%', '51%']  memcached=101.3%
[monitor] ['50%', '100%', '100%', '49%']  memcached=98.6%
[monitor] ['59%', '69%', '83%', '53%']  memcached=112.4%
[freqmine] ended.
[streamcluster] started on cores: [1, 2] with 3 threads.
[monitor] ['50%', '62%', '58%', '47%']  memcached=97.1%
[monitor] ['53%', '41%', '78%', '49%']  memcached=101.2%
[monitor] ['47%', '41%', '97%', '45%']  memcached=92.5%
[monitor] ['52%', '90%', '93%', '51%']  memcached=102.9%
[monitor] ['55%', '94%', '93%', '53%']  memcached=108.2%
[monitor] ['53%', '93%', '97%', '49%']  memcached=101.2%
[monitor] ['52%', '90%', '93%', '54%']  memcached=105.6%
[monitor] ['55%', '96%', '97%', '50%']  memcached=105.0%
[monitor] ['51%', '97%', '90%', '50%']  memcached=101.4%
[monitor] ['55%', '90%', '100%', '51%']  memcached=106.7%
[monitor] ['54%', '93%', '97%', '50%']  memcached=104.1%
[monitor] ['54%', '87%', '97%', '51%']  memcached=105.5%
[monitor] ['55%', '94%', '93%', '51%']  memcached=106.7%
[monitor] ['54%', '93%', '97%', '51%']  memcached=105.7%
[monitor] ['56%', '97%', '100%', '52%']  memcached=107.1%
[monitor] ['54%', '94%', '94%', '53%']  memcached=106.8%
[monitor] ['50%', '93%', '97%', '47%']  memcached=97.1%
[monitor] ['51%', '90%', '100%', '53%']  memcached=104.2%
[monitor] ['53%', '94%', '94%', '53%']  memcached=105.7%
[monitor] ['54%', '100%', '97%', '53%']  memcached=106.8%
[monitor] ['53%', '87%', '94%', '45%']  memcached=98.2%
[monitor] ['53%', '87%', '97%', '50%']  memcached=102.6%
[monitor] ['50%', '97%', '97%', '49%']  memcached=98.6%
[monitor] ['68%', '93%', '100%', '74%']  memcached=142.0%
[monitor] ['70%', '86%', '97%', '80%']  memcached=149.7%
[monitor] ['74%', '97%', '97%', '77%']  memcached=151.4%
[monitor] ['76%', '83%', '97%', '74%']  memcached=149.3%
[monitor] ['75%', '97%', '100%', '77%']  memcached=152.1%
[monitor] ['71%', '90%', '97%', '78%']  memcached=149.2%
[monitor] ['76%', '90%', '97%', '72%']  memcached=148.7%
[monitor] ['78%', '97%', '93%', '74%']  memcached=151.3%
[monitor] ['69%', '93%', '97%', '77%']  memcached=146.6%
[monitor] ['69%', '89%', '100%', '76%']  memcached=145.1%
[monitor] ['75%', '87%', '100%', '71%']  memcached=145.6%
[monitor] ['72%', '93%', '97%', '77%']  memcached=149.4%
[monitor] ['71%', '86%', '97%', '76%']  memcached=147.1%
[monitor] ['73%', '93%', '97%', '71%']  memcached=143.6%
[monitor] ['72%', '93%', '97%', '72%']  memcached=144.4%
[monitor] ['71%', '67%', '100%', '82%']  memcached=152.9%
[monitor] ['76%', '93%', '93%', '77%']  memcached=153.6%
[monitor] ['77%', '97%', '100%', '76%']  memcached=152.9%
[monitor] ['71%', '90%', '97%', '82%']  memcached=153.8%
[monitor] ['76%', '90%', '97%', '76%']  memcached=152.9%
[monitor] ['76%', '87%', '93%', '74%']  memcached=150.8%
[monitor] ['72%', '86%', '97%', '79%']  memcached=151.0%
[monitor] ['74%', '90%', '100%', '80%']  memcached=153.5%
[monitor] ['77%', '72%', '97%', '76%']  memcached=152.9%
[monitor] ['71%', '90%', '97%', '75%']  memcached=145.6%
[monitor] ['69%', '97%', '100%', '80%']  memcached=148.6%
[monitor] ['81%', '97%', '97%', '74%']  memcached=154.1%
[monitor] ['76%', '84%', '100%', '76%']  memcached=152.9%
[monitor] ['69%', '86%', '97%', '80%']  memcached=149.4%
[monitor] ['74%', '97%', '100%', '76%']  memcached=150.0%
[monitor] ['80%', '97%', '94%', '76%']  memcached=156.5%
[monitor] ['74%', '90%', '100%', '79%']  memcached=153.7%
[monitor] ['74%', '90%', '97%', '74%']  memcached=147.1%
[monitor] ['78%', '100%', '90%', '69%']  memcached=147.8%
[monitor] ['72%', '90%', '100%', '76%']  memcached=148.7%
[monitor] ['71%', '87%', '97%', '78%']  memcached=149.2%
[monitor] ['76%', '89%', '100%', '71%']  memcached=146.3%
[monitor] ['71%', '90%', '94%', '71%']  memcached=142.0%
[monitor] ['69%', '90%', '100%', '78%']  memcached=146.3%
[monitor] ['71%', '90%', '100%', '71%']  memcached=142.9%
[monitor] ['75%', '93%', '97%', '71%']  memcached=146.4%
[monitor] ['71%', '90%', '90%', '77%']  memcached=147.7%
[monitor] ['74%', '93%', '100%', '80%']  memcached=154.3%
[monitor] ['77%', '93%', '100%', '74%']  memcached=151.4%
[monitor] ['79%', '87%', '97%', '79%']  memcached=158.2%
[monitor] ['68%', '97%', '97%', '79%']  memcached=147.1%
[monitor] ['78%', '90%', '97%', '76%']  memcached=154.2%
[monitor] ['79%', '93%', '100%', '74%']  memcached=153.1%
[monitor] ['72%', '93%', '94%', '77%']  memcached=149.4%
[monitor] ['76%', '83%', '100%', '76%']  memcached=152.2%
[monitor] ['82%', '90%', '97%', '80%']  memcached=162.4%
[MEMCACHED] cores updated to: ['0', '1', '3']
[streamcluster] cores updated to: [2]
[monitor] ['69%', '63%', '100%', '61%']  memcached=192.5%
[monitor] ['67%', '61%', '100%', '62%']  memcached=189.0%
[monitor] ['68%', '63%', '100%', '60%']  memcached=190.5%
[monitor] ['67%', '63%', '100%', '59%']  memcached=188.3%
[monitor] ['66%', '62%', '100%', '59%']  memcached=186.3%
[monitor] ['69%', '67%', '100%', '63%']  memcached=199.0%
[monitor] ['69%', '65%', '100%', '61%']  memcached=193.9%
[monitor] ['69%', '63%', '100%', '61%']  memcached=192.9%
[monitor] ['67%', '63%', '100%', '59%']  memcached=188.3%
[monitor] ['65%', '63%', '100%', '58%']  memcached=185.1%
[monitor] ['70%', '65%', '100%', '62%']  memcached=196.7%
[monitor] ['69%', '64%', '100%', '62%']  memcached=195.1%
[monitor] ['71%', '66%', '100%', '65%']  memcached=201.8%
[monitor] ['67%', '65%', '100%', '58%']  memcached=188.9%
[monitor] ['68%', '64%', '100%', '60%']  memcached=192.3%
[monitor] ['66%', '63%', '100%', '61%']  memcached=189.2%
[monitor] ['69%', '64%', '100%', '63%']  memcached=195.9%
[monitor] ['70%', '64%', '100%', '63%']  memcached=197.0%
[monitor] ['67%', '67%', '100%', '61%']  memcached=193.9%
[monitor] ['67%', '62%', '100%', '60%']  memcached=188.4%
[monitor] ['67%', '65%', '100%', '59%']  memcached=190.7%
[monitor] ['71%', '65%', '100%', '62%']  memcached=197.9%
[monitor] ['68%', '62%', '100%', '61%']  memcached=189.9%
[monitor] ['71%', '64%', '100%', '63%']  memcached=197.9%
[monitor] ['69%', '65%', '100%', '62%']  memcached=195.0%
[monitor] ['70%', '66%', '100%', '62%']  memcached=197.7%
[monitor] ['72%', '67%', '100%', '59%']  memcached=198.3%
[monitor] ['69%', '65%', '100%', '64%']  memcached=197.8%
[monitor] ['69%', '63%', '100%', '60%']  memcached=191.4%
[monitor] ['71%', '62%', '100%', '62%']  memcached=195.3%
[monitor] ['67%', '65%', '100%', '61%']  memcached=192.1%
[monitor] ['68%', '66%', '100%', '59%']  memcached=193.0%
[monitor] ['69%', '64%', '100%', '62%']  memcached=194.2%
[monitor] ['71%', '65%', '100%', '63%']  memcached=198.6%
[monitor] ['65%', '63%', '100%', '63%']  memcached=190.4%
[monitor] ['70%', '65%', '100%', '59%']  memcached=194.4%
[monitor] ['67%', '63%', '100%', '59%']  memcached=188.3%
[monitor] ['69%', '64%', '100%', '64%']  memcached=197.2%
[monitor] ['68%', '65%', '100%', '61%']  memcached=193.4%
[monitor] ['72%', '66%', '100%', '62%']  memcached=200.4%
[monitor] ['71%', '66%', '100%', '62%']  memcached=198.5%
[monitor] ['66%', '63%', '100%', '62%']  memcached=190.7%
[monitor] ['67%', '63%', '100%', '59%']  memcached=188.3%
[monitor] ['69%', '62%', '100%', '63%']  memcached=194.1%
[monitor] ['69%', '67%', '100%', '62%']  memcached=197.9%
[monitor] ['70%', '62%', '100%', '62%']  memcached=193.8%
[monitor] ['69%', '65%', '100%', '63%']  memcached=197.0%
[monitor] ['70%', '68%', '100%', '61%']  memcached=198.5%
[monitor] ['67%', '62%', '100%', '56%']  memcached=185.4%
[monitor] ['57%', '53%', '100%', '54%']  memcached=164.4%
[monitor] ['58%', '53%', '100%', '51%']  memcached=162.1%
[monitor] ['56%', '54%', '100%', '49%']  memcached=158.2%
[monitor] ['58%', '53%', '100%', '50%']  memcached=161.3%
[monitor] ['61%', '54%', '100%', '53%']  memcached=167.8%
[monitor] ['57%', '50%', '100%', '47%']  memcached=153.6%
[monitor] ['57%', '56%', '100%', '50%']  memcached=162.3%
[monitor] ['58%', '53%', '100%', '48%']  memcached=159.8%
[monitor] ['57%', '48%', '100%', '48%']  memcached=153.7%
[monitor] ['57%', '54%', '100%', '49%']  memcached=159.8%
[monitor] ['57%', '53%', '100%', '54%']  memcached=164.6%
[monitor] ['60%', '57%', '100%', '56%']  memcached=173.0%
[monitor] ['56%', '54%', '100%', '48%']  memcached=158.1%
[monitor] ['58%', '53%', '100%', '54%']  memcached=165.3%
[monitor] ['58%', '56%', '100%', '48%']  memcached=162.7%
[monitor] ['58%', '50%', '100%', '50%']  memcached=158.3%
[monitor] ['58%', '54%', '100%', '48%']  memcached=161.1%
[monitor] ['57%', '52%', '100%', '52%']  memcached=160.2%
[monitor] ['57%', '56%', '100%', '50%']  memcached=162.3%
[monitor] ['59%', '52%', '100%', '48%']  memcached=159.5%
[monitor] ['58%', '53%', '100%', '54%']  memcached=165.6%
[monitor] ['62%', '56%', '100%', '50%']  memcached=167.1%
[monitor] ['59%', '57%', '100%', '51%']  memcached=167.6%
[monitor] ['58%', '56%', '100%', '51%']  memcached=164.9%
[monitor] ['61%', '54%', '100%', '52%']  memcached=166.3%
[monitor] ['56%', '48%', '100%', '50%']  memcached=154.0%
[monitor] ['59%', '56%', '100%', '50%']  memcached=165.0%
[monitor] ['58%', '53%', '100%', '48%']  memcached=159.8%
[monitor] ['58%', '53%', '100%', '54%']  memcached=165.6%
[monitor] ['58%', '52%', '100%', '50%']  memcached=159.8%
[monitor] ['61%', '54%', '100%', '54%']  memcached=169.1%
[monitor] ['61%', '55%', '100%', '51%']  memcached=166.5%
[monitor] ['59%', '56%', '100%', '52%']  memcached=166.6%
[monitor] ['62%', '54%', '100%', '53%']  memcached=168.6%
[monitor] ['61%', '53%', '100%', '50%']  memcached=163.5%
[monitor] ['58%', '54%', '100%', '53%']  memcached=165.6%
[monitor] ['57%', '54%', '100%', '53%']  memcached=163.8%
[monitor] ['62%', '57%', '100%', '53%']  memcached=171.9%
[monitor] ['59%', '52%', '100%', '53%']  memcached=163.8%
[monitor] ['59%', '53%', '100%', '48%']  memcached=160.8%
[monitor] ['58%', '54%', '100%', '53%']  memcached=165.4%
[monitor] ['58%', '54%', '100%', '51%']  memcached=163.6%
[monitor] ['59%', '54%', '100%', '53%']  memcached=166.5%
[monitor] ['57%', '52%', '100%', '52%']  memcached=160.2%
[monitor] ['59%', '56%', '100%', '52%']  memcached=166.2%
[monitor] ['59%', '53%', '100%', '51%']  memcached=163.8%
[monitor] ['59%', '52%', '100%', '52%']  memcached=162.5%
[monitor] ['61%', '56%', '100%', '50%']  memcached=166.1%
[monitor] ['57%', '53%', '100%', '50%']  memcached=159.5%
[monitor] ['61%', '53%', '100%', '50%']  memcached=163.5%
[monitor] ['58%', '56%', '100%', '50%']  memcached=163.5%
[monitor] ['58%', '53%', '100%', '51%']  memcached=162.5%
[monitor] ['56%', '50%', '100%', '48%']  memcached=154.0%
[monitor] ['59%', '51%', '100%', '50%']  memcached=160.9%
[monitor] ['57%', '56%', '100%', '48%']  memcached=160.8%
[monitor] ['57%', '50%', '100%', '51%']  memcached=158.2%
[monitor] ['59%', '57%', '100%', '53%']  memcached=169.5%
[monitor] ['56%', '51%', '100%', '50%']  memcached=157.0%
[monitor] ['58%', '53%', '100%', '51%']  memcached=162.7%
[monitor] ['58%', '51%', '100%', '50%']  memcached=159.3%
[monitor] ['58%', '53%', '100%', '50%']  memcached=160.8%
[monitor] ['61%', '53%', '100%', '48%']  memcached=161.8%
[monitor] ['57%', '52%', '100%', '48%']  memcached=156.8%
[monitor] ['58%', '51%', '100%', '50%']  memcached=159.8%
[monitor] ['58%', '53%', '100%', '47%']  memcached=157.7%
[monitor] ['59%', '53%', '100%', '51%']  memcached=164.0%
[monitor] ['57%', '53%', '100%', '50%']  memcached=159.5%
[monitor] ['58%', '54%', '100%', '51%']  memcached=164.0%
[monitor] ['57%', '53%', '100%', '50%']  memcached=159.5%
[monitor] ['58%', '56%', '100%', '47%']  memcached=160.9%
[monitor] ['58%', '48%', '100%', '51%']  memcached=157.8%
[monitor] ['57%', '53%', '100%', '50%']  memcached=159.7%
[monitor] ['59%', '50%', '100%', '50%']  memcached=159.5%
[monitor] ['58%', '51%', '100%', '50%']  memcached=159.3%
[monitor] ['61%', '54%', '100%', '52%']  memcached=166.3%
[monitor] ['56%', '51%', '100%', '51%']  memcached=158.4%
[monitor] ['59%', '54%', '100%', '51%']  memcached=165.2%
[monitor] ['59%', '54%', '100%', '47%']  memcached=160.3%
[monitor] ['61%', '52%', '100%', '53%']  memcached=165.6%
[monitor] ['59%', '50%', '100%', '50%']  memcached=159.5%
[monitor] ['61%', '56%', '100%', '51%']  memcached=167.5%
[monitor] ['61%', '51%', '100%', '50%']  memcached=162.0%
[monitor] ['59%', '50%', '100%', '47%']  memcached=156.3%
[monitor] ['59%', '54%', '100%', '50%']  memcached=163.7%
[monitor] ['57%', '51%', '100%', '48%']  memcached=156.7%
[monitor] ['58%', '53%', '100%', '48%']  memcached=159.8%
[monitor] ['57%', '53%', '100%', '50%']  memcached=159.5%
[monitor] ['58%', '53%', '100%', '48%']  memcached=159.3%
[monitor] ['58%', '50%', '100%', '51%']  memcached=159.8%
[monitor] ['59%', '54%', '100%', '50%']  memcached=163.3%
[monitor] ['58%', '51%', '100%', '51%']  memcached=161.2%
[monitor] ['57%', '54%', '100%', '50%']  memcached=161.0%
[monitor] ['59%', '54%', '100%', '48%']  memcached=162.0%
[monitor] ['56%', '53%', '100%', '50%']  memcached=158.3%
[monitor] ['58%', '53%', '100%', '48%']  memcached=159.3%
[monitor] ['59%', '50%', '100%', '50%']  memcached=159.5%
[monitor] ['59%', '56%', '100%', '51%']  memcached=166.4%
[monitor] ['58%', '54%', '100%', '53%']  memcached=165.0%
[monitor] ['59%', '54%', '100%', '51%']  memcached=165.2%
[monitor] ['71%', '64%', '100%', '62%']  memcached=196.7%
[monitor] ['83%', '79%', '100%', '70%']  memcached=232.0%
[monitor] ['82%', '79%', '100%', '74%']  memcached=234.1%
[monitor] ['84%', '77%', '100%', '75%']  memcached=236.8%
[monitor] ['84%', '82%', '100%', '71%']  memcached=237.2%
[monitor] ['82%', '78%', '100%', '72%']  memcached=232.4%
[monitor] ['82%', '79%', '100%', '72%']  memcached=233.6%
[monitor] ['82%', '81%', '100%', '74%']  memcached=237.3%
[monitor] ['85%', '79%', '100%', '75%']  memcached=238.6%
[monitor] ['82%', '79%', '100%', '71%']  memcached=231.7%
[monitor] ['82%', '76%', '100%', '69%']  memcached=226.3%
[monitor] ['80%', '76%', '100%', '69%']  memcached=225.2%
[monitor] ['82%', '81%', '100%', '77%']  memcached=239.6%
[monitor] ['82%', '76%', '100%', '69%']  memcached=227.6%
[monitor] ['83%', '75%', '100%', '71%']  memcached=229.3%
[monitor] ['80%', '76%', '100%', '72%']  memcached=228.0%
[monitor] ['82%', '79%', '100%', '73%']  memcached=233.3%
[monitor] ['83%', '75%', '100%', '72%']  memcached=230.1%
[monitor] ['84%', '76%', '100%', '76%']  memcached=235.9%
[monitor] ['79%', '76%', '100%', '70%']  memcached=224.9%
[monitor] ['79%', '76%', '100%', '73%']  memcached=227.9%
[monitor] ['85%', '77%', '100%', '73%']  memcached=234.2%
[monitor] ['83%', '76%', '100%', '75%']  memcached=234.3%
[monitor] ['84%', '78%', '100%', '73%']  memcached=234.7%
[monitor] ['85%', '78%', '100%', '76%']  memcached=239.9%
[monitor] ['85%', '75%', '100%', '74%']  memcached=233.4%
[monitor] ['79%', '74%', '100%', '71%']  memcached=224.4%
[monitor] ['85%', '78%', '100%', '75%']  memcached=238.4%
[monitor] ['82%', '77%', '100%', '74%']  memcached=232.8%
[monitor] ['83%', '76%', '100%', '76%']  memcached=235.1%
[monitor] ['82%', '78%', '100%', '73%']  memcached=232.7%
[monitor] ['82%', '77%', '100%', '76%']  memcached=236.2%
[monitor] ['83%', '76%', '100%', '71%']  memcached=229.9%
[monitor] ['82%', '74%', '100%', '71%']  memcached=226.8%
[monitor] ['80%', '76%', '100%', '74%']  memcached=230.0%
[monitor] ['84%', '79%', '100%', '76%']  memcached=240.3%
[monitor] ['79%', '73%', '100%', '71%']  memcached=222.7%
[monitor] ['80%', '72%', '100%', '71%']  memcached=223.3%
[monitor] ['76%', '74%', '100%', '69%']  memcached=219.3%
[monitor] ['85%', '76%', '100%', '74%']  memcached=235.2%
[monitor] ['79%', '76%', '100%', '71%']  memcached=225.8%
[monitor] ['82%', '73%', '100%', '71%']  memcached=225.1%
[monitor] ['80%', '74%', '100%', '71%']  memcached=225.0%
[monitor] ['78%', '73%', '100%', '71%']  memcached=221.1%
[monitor] ['82%', '76%', '100%', '73%']  memcached=230.3%
[monitor] ['85%', '79%', '100%', '76%']  memcached=239.8%
[monitor] ['85%', '79%', '100%', '75%']  memcached=238.6%
[monitor] ['79%', '75%', '100%', '69%']  memcached=222.5%
[monitor] ['85%', '78%', '100%', '74%']  memcached=237.6%
[monitor] ['82%', '77%', '100%', '73%']  memcached=232.0%
[monitor] ['35%', '29%', '100%', '29%']  memcached=93.5%
[MEMCACHED] cores updated to: ['0', '3']
[streamcluster] cores updated to: [1, 2]
[monitor] ['16%', '93%', '94%', '13%']  memcached=29.5%
[MEMCACHED] cores updated to: ['0']
[streamcluster] cores updated to: [1, 2, 3]
[monitor] ['20%', '100%', '79%', '100%']  memcached=20.0%
[monitor] ['17%', '97%', '77%', '100%']  memcached=16.7%
[monitor] ['29%', '100%', '77%', '100%']  memcached=29.4%
[monitor] ['23%', '100%', '81%', '100%']  memcached=22.6%
[monitor] ['22%', '100%', '77%', '97%']  memcached=21.9%
[monitor] ['23%', '100%', '77%', '100%']  memcached=22.6%
[monitor] ['22%', '100%', '77%', '100%']  memcached=21.9%
[monitor] ['19%', '100%', '77%', '100%']  memcached=19.4%
[monitor] ['25%', '100%', '80%', '100%']  memcached=25.0%
[monitor] ['27%', '100%', '80%', '100%']  memcached=27.3%
[monitor] ['19%', '100%', '77%', '97%']  memcached=19.4%
[monitor] ['17%', '100%', '77%', '100%']  memcached=17.2%
[monitor] ['23%', '100%', '77%', '100%']  memcached=23.3%
[monitor] ['23%', '100%', '79%', '97%']  memcached=23.3%
[monitor] ['27%', '100%', '81%', '100%']  memcached=27.3%
[monitor] ['17%', '100%', '80%', '100%']  memcached=16.7%
[monitor] ['33%', '97%', '77%', '97%']  memcached=33.3%
[monitor] ['14%', '24%', '93%', '27%']  memcached=13.8%
[monitor] ['25%', '93%', '71%', '100%']  memcached=25.0%
[monitor] ['23%', '97%', '76%', '100%']  memcached=22.6%
[monitor] ['25%', '97%', '77%', '97%']  memcached=25.0%
[monitor] ['17%', '100%', '80%', '100%']  memcached=16.7%
[monitor] ['25%', '100%', '80%', '100%']  memcached=25.0%
[monitor] ['22%', '100%', '77%', '97%']  memcached=21.9%
[monitor] ['23%', '100%', '80%', '100%']  memcached=22.6%
[monitor] ['23%', '100%', '77%', '100%']  memcached=22.6%
[monitor] ['23%', '100%', '84%', '100%']  memcached=23.3%
[monitor] ['17%', '100%', '77%', '100%']  memcached=16.7%
[monitor] ['27%', '100%', '77%', '97%']  memcached=27.3%
[monitor] ['20%', '100%', '80%', '100%']  memcached=20.0%
[monitor] ['19%', '100%', '79%', '100%']  memcached=19.4%
[monitor] ['14%', '100%', '78%', '97%']  memcached=14.3%
[monitor] ['22%', '100%', '80%', '100%']  memcached=21.9%
[monitor] ['25%', '100%', '80%', '97%']  memcached=25.0%
[monitor] ['17%', '100%', '77%', '100%']  memcached=16.7%
[monitor] ['20%', '100%', '80%', '100%']  memcached=20.0%
[monitor] ['22%', '100%', '80%', '97%']  memcached=21.9%
[monitor] ['23%', '100%', '78%', '100%']  memcached=22.6%
[monitor] ['19%', '97%', '79%', '100%']  memcached=19.4%
[monitor] ['23%', '100%', '80%', '100%']  memcached=22.6%
[monitor] ['19%', '100%', '77%', '100%']  memcached=19.4%
[monitor] ['26%', '100%', '77%', '100%']  memcached=26.5%
[monitor] ['23%', '100%', '80%', '100%']  memcached=22.6%
[monitor] ['22%', '97%', '77%', '100%']  memcached=21.9%
[monitor] ['23%', '100%', '83%', '100%']  memcached=22.6%
[monitor] ['28%', '100%', '81%', '100%']  memcached=28.1%
[monitor] ['19%', '100%', '77%', '100%']  memcached=19.4%
[monitor] ['26%', '100%', '80%', '100%']  memcached=25.8%
[monitor] ['43%', '97%', '83%', '100%']  memcached=42.9%
[monitor] ['38%', '100%', '80%', '97%']  memcached=37.5%
[monitor] ['39%', '100%', '84%', '100%']  memcached=39.4%
[monitor] ['41%', '100%', '77%', '100%']  memcached=40.6%
[monitor] ['38%', '100%', '80%', '97%']  memcached=37.5%
[monitor] ['42%', '100%', '83%', '100%']  memcached=42.4%
[monitor] ['38%', '100%', '80%', '100%']  memcached=37.5%
[monitor] ['38%', '100%', '80%', '100%']  memcached=37.5%
[monitor] ['41%', '100%', '81%', '97%']  memcached=41.2%
[monitor] ['39%', '100%', '83%', '100%']  memcached=39.4%
[monitor] ['32%', '100%', '77%', '100%']  memcached=32.1%
[monitor] ['39%', '100%', '81%', '97%']  memcached=39.4%
[monitor] ['41%', '100%', '83%', '100%']  memcached=40.6%
[monitor] ['39%', '100%', '80%', '100%']  memcached=38.7%
[monitor] ['38%', '100%', '81%', '97%']  memcached=37.5%
[monitor] ['41%', '100%', '81%', '100%']  memcached=40.6%
[monitor] ['34%', '100%', '83%', '100%']  memcached=34.4%
[monitor] ['42%', '100%', '81%', '100%']  memcached=42.4%
[monitor] ['41%', '100%', '79%', '100%']  memcached=41.2%
[monitor] ['38%', '97%', '81%', '100%']  memcached=37.5%
[monitor] ['41%', '100%', '81%', '100%']  memcached=41.2%
[monitor] ['45%', '100%', '83%', '97%']  memcached=45.5%
[monitor] ['39%', '100%', '80%', '100%']  memcached=39.4%
[monitor] ['39%', '100%', '83%', '100%']  memcached=38.7%
[monitor] ['38%', '100%', '81%', '100%']  memcached=37.5%
[monitor] ['44%', '100%', '83%', '97%']  memcached=44.4%
[monitor] ['41%', '100%', '81%', '100%']  memcached=41.2%
[monitor] ['35%', '100%', '82%', '100%']  memcached=35.5%
[monitor] ['42%', '100%', '81%', '100%']  memcached=42.4%
[monitor] ['35%', '100%', '80%', '100%']  memcached=35.5%
[monitor] ['38%', '100%', '83%', '97%']  memcached=37.5%
[monitor] ['42%', '100%', '83%', '100%']  memcached=42.4%
[monitor] ['41%', '100%', '80%', '100%']  memcached=40.6%
[monitor] ['39%', '97%', '83%', '100%']  memcached=39.4%
[monitor] ['37%', '100%', '80%', '100%']  memcached=36.7%
[monitor] ['41%', '100%', '81%', '100%']  memcached=41.2%
[monitor] ['35%', '100%', '83%', '97%']  memcached=35.5%
[monitor] ['46%', '100%', '80%', '100%']  memcached=45.7%
[monitor] ['38%', '100%', '81%', '100%']  memcached=37.5%
[monitor] ['39%', '100%', '80%', '100%']  memcached=39.4%
[monitor] ['35%', '100%', '83%', '100%']  memcached=35.5%
[monitor] ['41%', '100%', '80%', '97%']  memcached=40.6%
[monitor] ['39%', '100%', '80%', '100%']  memcached=39.4%
[monitor] ['44%', '100%', '81%', '100%']  memcached=44.1%
[monitor] ['38%', '100%', '79%', '97%']  memcached=37.5%
[monitor] ['44%', '100%', '84%', '100%']  memcached=43.8%
[monitor] ['35%', '100%', '80%', '100%']  memcached=35.5%
[monitor] ['38%', '100%', '80%', '100%']  memcached=37.5%
[monitor] ['39%', '100%', '83%', '97%']  memcached=39.4%
[monitor] ['34%', '100%', '79%', '100%']  memcached=34.4%
[monitor] ['28%', '97%', '77%', '100%']  memcached=28.1%
[monitor] ['21%', '100%', '78%', '100%']  memcached=20.7%
[monitor] ['21%', '100%', '80%', '100%']  memcached=20.7%
[monitor] ['27%', '100%', '80%', '100%']  memcached=27.3%
[monitor] ['23%', '100%', '77%', '100%']  memcached=23.3%
[monitor] ['21%', '100%', '79%', '97%']  memcached=20.7%
[monitor] ['25%', '100%', '81%', '100%']  memcached=25.0%
[monitor] ['23%', '100%', '77%', '100%']  memcached=23.3%
[monitor] ['28%', '100%', '80%', '100%']  memcached=28.1%
[monitor] ['27%', '100%', '77%', '100%']  memcached=27.3%
[monitor] ['20%', '100%', '79%', '100%']  memcached=20.0%
[monitor] ['23%', '100%', '77%', '97%']  memcached=22.6%
[monitor] ['21%', '97%', '80%', '100%']  memcached=20.7%
[monitor] ['21%', '100%', '77%', '100%']  memcached=20.7%
[monitor] ['23%', '100%', '81%', '100%']  memcached=22.6%
[monitor] ['26%', '100%', '80%', '100%']  memcached=25.8%
[monitor] ['23%', '100%', '77%', '100%']  memcached=23.3%
[monitor] ['28%', '100%', '80%', '100%']  memcached=28.1%
[monitor] ['29%', '100%', '83%', '97%']  memcached=29.0%
[monitor] ['20%', '100%', '77%', '100%']  memcached=20.0%
[monitor] ['23%', '100%', '76%', '100%']  memcached=23.3%
[monitor] ['23%', '48%', '93%', '48%']  memcached=22.6%
[monitor] ['20%', '77%', '74%', '67%']  memcached=20.0%
[monitor] ['26%', '100%', '77%', '97%']  memcached=25.8%
[monitor] ['23%', '100%', '79%', '100%']  memcached=23.3%
[monitor] ['26%', '100%', '81%', '97%']  memcached=25.8%
[monitor] ['26%', '100%', '77%', '100%']  memcached=25.8%
[monitor] ['25%', '100%', '81%', '97%']  memcached=25.0%
[monitor] ['31%', '100%', '80%', '97%']  memcached=31.2%
[monitor] ['21%', '100%', '80%', '100%']  memcached=20.7%
[monitor] ['21%', '100%', '77%', '100%']  memcached=20.7%
[monitor] ['24%', '100%', '80%', '100%']  memcached=24.1%
[monitor] ['20%', '100%', '80%', '100%']  memcached=20.0%
[monitor] ['26%', '97%', '77%', '100%']  memcached=25.8%
[monitor] ['23%', '100%', '77%', '97%']  memcached=23.3%
[monitor] ['25%', '100%', '80%', '100%']  memcached=25.0%
[monitor] ['23%', '100%', '77%', '100%']  memcached=23.3%
[monitor] ['20%', '100%', '77%', '100%']  memcached=20.0%
[monitor] ['23%', '100%', '79%', '100%']  memcached=23.3%
[monitor] ['25%', '100%', '77%', '100%']  memcached=25.0%
[monitor] ['26%', '100%', '77%', '100%']  memcached=25.8%
[monitor] ['23%', '100%', '77%', '97%']  memcached=22.6%
[monitor] ['27%', '100%', '77%', '100%']  memcached=27.3%
[monitor] ['23%', '100%', '77%', '100%']  memcached=23.3%
[monitor] ['27%', '100%', '79%', '100%']  memcached=27.3%
[monitor] ['23%', '100%', '77%', '97%']  memcached=23.3%
[monitor] ['28%', '100%', '80%', '100%']  memcached=28.1%
[monitor] ['23%', '97%', '77%', '100%']  memcached=23.3%
[monitor] ['28%', '100%', '79%', '100%']  memcached=28.1%
[monitor] ['48%', '100%', '81%', '97%']  memcached=48.5%
[monitor] ['88%', '100%', '86%', '97%']  memcached=87.9%
[MEMCACHED] cores updated to: ['0', '2']
[streamcluster] cores updated to: [1, 3]
[monitor] ['60%', '100%', '63%', '97%']  memcached=122.9%
[monitor] ['66%', '97%', '62%', '100%']  memcached=128.0%
[monitor] ['61%', '100%', '61%', '97%']  memcached=122.2%
[monitor] ['62%', '100%', '63%', '97%']  memcached=125.3%
[monitor] ['61%', '97%', '65%', '97%']  memcached=126.0%
[monitor] ['62%', '100%', '62%', '100%']  memcached=124.3%
[monitor] ['65%', '97%', '62%', '97%']  memcached=127.0%
[monitor] ['62%', '100%', '62%', '97%']  memcached=124.3%
[monitor] ['62%', '100%', '63%', '97%']  memcached=125.3%
[monitor] ['61%', '100%', '62%', '100%']  memcached=123.3%
[monitor] ['63%', '97%', '62%', '97%']  memcached=124.6%
[monitor] ['65%', '100%', '65%', '97%']  memcached=129.9%
[monitor] ['61%', '100%', '62%', '97%']  memcached=123.3%
[monitor] ['64%', '100%', '61%', '100%']  memcached=125.0%
[monitor] ['63%', '97%', '63%', '97%']  memcached=126.3%
[monitor] ['66%', '100%', '65%', '97%']  memcached=130.7%
[monitor] ['62%', '100%', '63%', '97%']  memcached=125.3%
[monitor] ['63%', '97%', '60%', '97%']  memcached=123.2%
[monitor] ['62%', '100%', '62%', '100%']  memcached=124.3%
[monitor] ['63%', '100%', '64%', '97%']  memcached=127.0%
[monitor] ['60%', '97%', '63%', '97%']  memcached=123.2%
[monitor] ['63%', '100%', '61%', '97%']  memcached=124.3%
[monitor] ['64%', '100%', '63%', '97%']  memcached=127.0%
[monitor] ['62%', '97%', '62%', '97%']  memcached=124.3%
[monitor] ['63%', '100%', '64%', '100%']  memcached=127.0%
[monitor] ['65%', '100%', '62%', '97%']  memcached=127.0%
[monitor] ['62%', '97%', '62%', '100%']  memcached=124.3%
[monitor] ['64%', '97%', '63%', '97%']  memcached=127.0%
[monitor] ['61%', '100%', '62%', '97%']  memcached=123.3%
[monitor] ['60%', '100%', '62%', '97%']  memcached=122.2%
[monitor] ['62%', '97%', '64%', '100%']  memcached=126.1%
[monitor] ['66%', '97%', '63%', '97%']  memcached=128.6%
[monitor] ['62%', '100%', '63%', '97%']  memcached=125.3%
[monitor] ['62%', '100%', '62%', '97%']  memcached=124.3%
[monitor] ['62%', '97%', '62%', '100%']  memcached=124.3%
[monitor] ['66%', '100%', '62%', '97%']  memcached=128.0%
[monitor] ['62%', '97%', '66%', '97%']  memcached=128.0%
[monitor] ['61%', '100%', '62%', '100%']  memcached=123.3%
[monitor] ['62%', '97%', '62%', '97%']  memcached=124.3%
[monitor] ['64%', '100%', '63%', '97%']  memcached=126.7%
[monitor] ['63%', '97%', '63%', '100%']  memcached=126.3%
[monitor] ['63%', '100%', '61%', '97%']  memcached=124.3%
[monitor] ['62%', '100%', '62%', '97%']  memcached=124.3%
[monitor] ['61%', '100%', '63%', '100%']  memcached=124.3%
[monitor] ['67%', '100%', '67%', '97%']  memcached=133.3%
[monitor] ['60%', '97%', '63%', '97%']  memcached=122.9%
[monitor] ['61%', '100%', '62%', '97%']  memcached=123.3%
[monitor] ['61%', '97%', '61%', '100%']  memcached=122.2%
[monitor] ['43%', '100%', '43%', '97%']  memcached=85.7%
[monitor] ['32%', '100%', '28%', '100%']  memcached=60.5%
[MEMCACHED] cores updated to: ['0']
[streamcluster] cores updated to: [1, 2, 3]
[monitor] ['41%', '100%', '84%', '100%']  memcached=40.6%
[monitor] ['39%', '100%', '83%', '100%']  memcached=38.7%
[monitor] ['42%', '100%', '83%', '97%']  memcached=42.4%
[monitor] ['42%', '100%', '90%', '100%']  memcached=41.9%
[monitor] ['47%', '97%', '90%', '100%']  memcached=47.1%
[monitor] ['44%', '100%', '87%', '100%']  memcached=44.1%
[monitor] ['42%', '100%', '83%', '97%']  memcached=42.4%
[monitor] ['44%', '100%', '81%', '100%']  memcached=44.1%
[monitor] ['38%', '100%', '77%', '100%']  memcached=37.5%
[monitor] ['44%', '100%', '83%', '97%']  memcached=44.1%
[monitor] ['42%', '100%', '80%', '100%']  memcached=42.4%
[monitor] ['42%', '100%', '83%', '100%']  memcached=42.4%
[monitor] ['47%', '100%', '84%', '97%']  memcached=47.1%
[monitor] ['42%', '100%', '84%', '100%']  memcached=41.9%
[monitor] ['44%', '100%', '83%', '100%']  memcached=44.1%
[monitor] ['42%', '100%', '83%', '97%']  memcached=41.9%
[monitor] ['44%', '100%', '84%', '100%']  memcached=43.8%
[monitor] ['41%', '100%', '80%', '100%']  memcached=40.6%
[monitor] ['42%', '100%', '80%', '97%']  memcached=42.4%
[monitor] ['42%', '100%', '81%', '100%']  memcached=42.4%
[monitor] ['42%', '100%', '83%', '100%']  memcached=42.4%
[monitor] ['35%', '100%', '77%', '100%']  memcached=35.5%
[monitor] ['44%', '100%', '80%', '97%']  memcached=44.1%
[monitor] ['42%', '100%', '79%', '100%']  memcached=42.4%
[monitor] ['44%', '100%', '81%', '97%']  memcached=44.1%
[monitor] ['39%', '97%', '80%', '100%']  memcached=38.7%
[monitor] ['44%', '100%', '80%', '100%']  memcached=44.1%
[monitor] ['47%', '100%', '83%', '97%']  memcached=47.1%
[monitor] ['41%', '100%', '80%', '100%']  memcached=40.6%
[monitor] ['42%', '100%', '80%', '100%']  memcached=42.4%
[monitor] ['41%', '100%', '83%', '97%']  memcached=40.6%
[monitor] ['39%', '100%', '79%', '100%']  memcached=38.7%
[monitor] ['42%', '100%', '83%', '97%']  memcached=42.4%
[monitor] ['41%', '100%', '81%', '100%']  memcached=40.6%
[monitor] ['39%', '100%', '83%', '100%']  memcached=38.7%
[monitor] ['41%', '100%', '81%', '97%']  memcached=41.2%
[monitor] ['42%', '100%', '80%', '100%']  memcached=42.4%
[monitor] ['42%', '100%', '83%', '100%']  memcached=42.4%
[monitor] ['42%', '100%', '80%', '97%']  memcached=42.4%
[monitor] ['39%', '100%', '81%', '100%']  memcached=38.7%
[monitor] ['42%', '100%', '80%', '100%']  memcached=41.9%
[monitor] ['44%', '100%', '80%', '100%']  memcached=43.8%
[monitor] ['42%', '100%', '83%', '97%']  memcached=42.4%
[monitor] ['39%', '100%', '81%', '100%']  memcached=38.7%
[monitor] ['42%', '100%', '83%', '100%']  memcached=42.4%
[monitor] ['41%', '100%', '81%', '97%']  memcached=40.6%
[monitor] ['41%', '97%', '81%', '100%']  memcached=40.6%
[monitor] ['44%', '100%', '77%', '93%']  memcached=43.8%
[monitor] ['97%', '100%', '90%', '97%']  memcached=96.8%
[MEMCACHED] cores updated to: ['0', '1', '3']
[streamcluster] cores updated to: [2]
[monitor] ['74%', '71%', '100%', '67%']  memcached=211.5%
[monitor] ['73%', '69%', '100%', '64%']  memcached=205.2%
[monitor] ['72%', '66%', '100%', '63%']  memcached=200.7%
[monitor] ['69%', '68%', '100%', '66%']  memcached=201.9%
[monitor] ['72%', '66%', '100%', '64%']  memcached=201.1%
[monitor] ['69%', '65%', '100%', '61%']  memcached=193.9%
[monitor] ['69%', '65%', '100%', '67%']  memcached=200.8%
[monitor] ['73%', '66%', '100%', '62%']  memcached=201.2%
[monitor] ['71%', '68%', '100%', '62%']  memcached=200.7%
[monitor] ['71%', '66%', '100%', '63%']  memcached=199.9%
[monitor] ['69%', '66%', '100%', '64%']  memcached=197.9%
[monitor] ['74%', '71%', '100%', '65%']  memcached=208.8%
[monitor] ['74%', '67%', '100%', '65%']  memcached=205.7%
[monitor] ['72%', '66%', '100%', '64%']  memcached=201.6%
[monitor] ['74%', '66%', '100%', '65%']  memcached=204.6%
[monitor] ['70%', '68%', '100%', '65%']  memcached=202.6%
[monitor] ['73%', '67%', '100%', '67%']  memcached=206.3%
[monitor] ['71%', '67%', '100%', '64%']  memcached=201.7%
[monitor] ['71%', '62%', '100%', '61%']  memcached=194.5%
[monitor] ['69%', '65%', '100%', '62%']  memcached=195.0%
[monitor] ['69%', '65%', '100%', '67%']  memcached=200.8%
[monitor] ['69%', '65%', '100%', '63%']  memcached=197.0%
[monitor] ['72%', '68%', '100%', '64%']  memcached=203.5%
[monitor] ['72%', '68%', '100%', '63%']  memcached=202.7%
[monitor] ['75%', '70%', '100%', '64%']  memcached=208.3%
[monitor] ['71%', '68%', '100%', '66%']  memcached=203.9%
[monitor] ['74%', '62%', '100%', '63%']  memcached=198.9%
[monitor] ['72%', '69%', '100%', '62%']  memcached=203.3%
[monitor] ['74%', '66%', '100%', '62%']  memcached=202.4%
[monitor] ['70%', '66%', '100%', '64%']  memcached=199.6%
[monitor] ['71%', '65%', '100%', '62%']  memcached=198.4%
[monitor] ['77%', '70%', '100%', '68%']  memcached=214.5%
[monitor] ['71%', '63%', '100%', '64%']  memcached=197.6%
[monitor] ['71%', '68%', '100%', '64%']  memcached=202.7%
[monitor] ['72%', '67%', '100%', '64%']  memcached=202.8%
[monitor] ['71%', '67%', '100%', '64%']  memcached=201.7%
[monitor] ['74%', '67%', '100%', '64%']  memcached=203.8%
[monitor] ['72%', '68%', '100%', '65%']  memcached=204.4%
[monitor] ['72%', '68%', '100%', '62%']  memcached=201.6%
[monitor] ['71%', '68%', '100%', '66%']  memcached=204.8%
[monitor] ['72%', '65%', '100%', '62%']  memcached=198.7%
[monitor] ['69%', '66%', '100%', '64%']  memcached=198.8%
[monitor] ['70%', '64%', '100%', '62%']  memcached=195.7%
[monitor] ['71%', '68%', '100%', '62%']  memcached=200.7%
[monitor] ['74%', '68%', '100%', '68%']  memcached=209.5%
[monitor] ['72%', '66%', '100%', '65%']  memcached=202.6%
[monitor] ['71%', '68%', '100%', '62%']  memcached=201.6%
[monitor] ['74%', '69%', '100%', '65%']  memcached=206.8%
[monitor] ['61%', '55%', '100%', '53%']  memcached=168.8%
[monitor] ['30%', '23%', '100%', '20%']  memcached=72.9%
[MEMCACHED] cores updated to: ['0', '3']
[streamcluster] cores updated to: [1, 2]
[monitor] ['33%', '93%', '97%', '33%']  memcached=66.7%
[MEMCACHED] cores updated to: ['0']
[streamcluster] cores updated to: [1, 2, 3]
[monitor] ['48%', '100%', '83%', '97%']  memcached=48.5%
[monitor] ['53%', '100%', '80%', '97%']  memcached=52.6%
[monitor] ['47%', '100%', '80%', '100%']  memcached=47.1%
[monitor] ['49%', '97%', '87%', '93%']  memcached=48.6%
[monitor] ['51%', '100%', '81%', '100%']  memcached=51.4%
[monitor] ['46%', '17%', '97%', '14%']  memcached=45.7%
[monitor] ['47%', '90%', '83%', '90%']  memcached=47.1%
[monitor] ['47%', '97%', '77%', '97%']  memcached=47.1%
[monitor] ['44%', '100%', '80%', '100%']  memcached=43.8%
[monitor] ['45%', '100%', '83%', '97%']  memcached=45.5%
[monitor] ['47%', '100%', '80%', '100%']  memcached=47.1%
[monitor] ['50%', '100%', '80%', '100%']  memcached=50.0%
[monitor] ['47%', '100%', '80%', '100%']  memcached=47.1%
[monitor] ['51%', '100%', '83%', '97%']  memcached=51.4%
[monitor] ['49%', '100%', '83%', '100%']  memcached=48.6%
[monitor] ['48%', '100%', '79%', '100%']  memcached=48.5%
[monitor] ['51%', '100%', '84%', '97%']  memcached=51.4%
[monitor] ['50%', '100%', '80%', '97%']  memcached=50.0%
[monitor] ['50%', '100%', '84%', '97%']  memcached=50.0%
[monitor] ['47%', '100%', '83%', '97%']  memcached=47.1%
[monitor] ['48%', '100%', '83%', '97%']  memcached=48.5%
[monitor] ['45%', '100%', '84%', '100%']  memcached=45.5%
[monitor] ['50%', '100%', '80%', '97%']  memcached=50.0%
[monitor] ['49%', '100%', '83%', '100%']  memcached=48.6%
[monitor] ['53%', '100%', '80%', '97%']  memcached=52.8%
[monitor] ['50%', '100%', '81%', '100%']  memcached=50.0%
[monitor] ['48%', '100%', '81%', '97%']  memcached=48.5%
[monitor] ['47%', '100%', '83%', '97%']  memcached=47.1%
[monitor] ['47%', '100%', '80%', '100%']  memcached=47.1%
[monitor] ['49%', '100%', '80%', '97%']  memcached=48.6%
[monitor] ['45%', '100%', '81%', '100%']  memcached=45.5%
[monitor] ['50%', '97%', '80%', '100%']  memcached=50.0%
[monitor] ['47%', '100%', '83%', '97%']  memcached=47.1%
[monitor] ['48%', '100%', '81%', '100%']  memcached=48.5%
[monitor] ['47%', '100%', '81%', '100%']  memcached=47.1%
[monitor] ['49%', '100%', '80%', '97%']  memcached=48.6%
[monitor] ['47%', '100%', '82%', '100%']  memcached=47.1%
[monitor] ['47%', '100%', '81%', '100%']  memcached=47.1%
[monitor] ['48%', '100%', '80%', '100%']  memcached=48.5%
[monitor] ['49%', '100%', '80%', '97%']  memcached=48.6%
[monitor] ['49%', '100%', '81%', '100%']  memcached=48.6%
[monitor] ['47%', '100%', '81%', '100%']  memcached=47.1%
[monitor] ['45%', '100%', '83%', '100%']  memcached=45.5%
[monitor] ['51%', '100%', '81%', '97%']  memcached=51.4%
[monitor] ['51%', '100%', '80%', '100%']  memcached=51.4%
[monitor] ['49%', '100%', '80%', '100%']  memcached=48.6%
[monitor] ['52%', '100%', '83%', '97%']  memcached=51.5%
[monitor] ['77%', '100%', '87%', '100%']  memcached=77.4%
[monitor] ['100%', '100%', '90%', '97%']  memcached=100.0%
[MEMCACHED] cores updated to: ['0', '2', '3']
[streamcluster] cores updated to: [1]
[monitor] ['74%', '100%', '78%', '70%']  memcached=222.1%
[monitor] ['69%', '100%', '67%', '64%']  memcached=198.9%
[monitor] ['67%', '100%', '68%', '66%']  memcached=199.9%
[monitor] ['67%', '100%', '67%', '66%']  memcached=199.0%
[monitor] ['66%', '100%', '67%', '61%']  memcached=193.7%
[monitor] ['66%', '100%', '65%', '59%']  memcached=189.8%
[monitor] ['68%', '100%', '65%', '64%']  memcached=196.1%
[monitor] ['66%', '100%', '68%', '64%']  memcached=196.9%
[monitor] ['69%', '100%', '67%', '64%']  memcached=199.7%
[monitor] ['67%', '100%', '67%', '67%']  memcached=200.0%
[monitor] ['65%', '100%', '65%', '64%']  memcached=193.3%
[monitor] ['69%', '100%', '69%', '65%']  memcached=202.5%
[monitor] ['69%', '100%', '66%', '62%']  memcached=196.4%
[monitor] ['67%', '100%', '67%', '67%']  memcached=200.0%
[monitor] ['66%', '100%', '65%', '61%']  memcached=191.0%
[monitor] ['68%', '100%', '66%', '59%']  memcached=192.7%
[monitor] ['67%', '100%', '65%', '65%']  memcached=196.1%
[monitor] ['69%', '100%', '66%', '62%']  memcached=196.8%
[monitor] ['63%', '100%', '66%', '58%']  memcached=186.6%
[monitor] ['68%', '100%', '65%', '65%']  memcached=197.1%
[monitor] ['67%', '100%', '67%', '61%']  memcached=193.9%
[monitor] ['69%', '100%', '65%', '64%']  memcached=198.0%
[monitor] ['67%', '100%', '67%', '64%']  memcached=197.0%
[monitor] ['66%', '100%', '67%', '62%']  memcached=194.1%
[monitor] ['67%', '100%', '64%', '58%']  memcached=188.6%
[monitor] ['66%', '100%', '65%', '62%']  memcached=192.2%
[monitor] ['66%', '100%', '65%', '64%']  memcached=194.5%
[monitor] ['68%', '100%', '69%', '64%']  memcached=200.7%
[monitor] ['65%', '100%', '65%', '64%']  memcached=193.3%
[monitor] ['68%', '100%', '66%', '66%']  memcached=199.1%
[monitor] ['67%', '100%', '66%', '63%']  memcached=195.2%
[monitor] ['69%', '100%', '65%', '61%']  memcached=194.6%
[monitor] ['68%', '100%', '68%', '66%']  memcached=201.0%
[monitor] ['68%', '100%', '67%', '64%']  memcached=198.1%
[monitor] ['65%', '100%', '66%', '66%']  memcached=196.1%
[monitor] ['69%', '100%', '68%', '67%']  memcached=202.9%
[monitor] ['69%', '100%', '66%', '64%']  memcached=197.9%
[monitor] ['68%', '100%', '67%', '69%']  memcached=203.8%
[monitor] ['69%', '100%', '67%', '64%']  memcached=200.0%
[monitor] ['65%', '100%', '67%', '64%']  memcached=195.3%
[monitor] ['64%', '100%', '65%', '62%']  memcached=190.5%
[monitor] ['67%', '100%', '67%', '64%']  memcached=197.2%
[monitor] ['68%', '100%', '65%', '67%']  memcached=199.0%
[monitor] ['68%', '100%', '66%', '67%']  memcached=200.0%
[monitor] ['69%', '100%', '70%', '68%']  memcached=205.9%
[monitor] ['68%', '100%', '65%', '64%']  memcached=196.0%
[monitor] ['68%', '100%', '69%', '66%']  memcached=201.9%
[monitor] ['69%', '100%', '68%', '65%']  memcached=200.8%
[monitor] ['50%', '100%', '51%', '50%']  memcached=151.4%
[monitor] ['51%', '100%', '46%', '44%']  memcached=140.8%
[monitor] ['50%', '100%', '49%', '50%']  memcached=148.6%
[monitor] ['49%', '100%', '49%', '44%']  memcached=141.3%
[monitor] ['49%', '100%', '47%', '50%']  memcached=145.9%
[monitor] ['49%', '100%', '51%', '51%']  memcached=151.3%
[monitor] ['51%', '100%', '49%', '46%']  memcached=145.6%
[monitor] ['50%', '100%', '51%', '50%']  memcached=151.4%
[monitor] ['47%', '100%', '49%', '50%']  memcached=145.6%
[monitor] ['46%', '100%', '46%', '46%']  memcached=137.1%
[MEMCACHED] cores updated to: ['0', '3']
[streamcluster] cores updated to: [1, 2]
[monitor] ['58%', '90%', '97%', '59%']  memcached=117.8%
[monitor] ['61%', '97%', '93%', '59%']  memcached=120.6%
[monitor] ['61%', '90%', '97%', '59%']  memcached=119.9%
[monitor] ['62%', '97%', '94%', '60%']  memcached=122.2%
[monitor] ['63%', '90%', '100%', '58%']  memcached=120.4%
[monitor] ['61%', '97%', '93%', '64%']  memcached=125.0%
[monitor] ['60%', '93%', '97%', '60%']  memcached=120.0%
[monitor] ['58%', '90%', '97%', '58%']  memcached=116.7%
[monitor] ['62%', '97%', '97%', '62%']  memcached=124.3%
[monitor] ['61%', '94%', '97%', '62%']  memcached=122.9%
[monitor] ['62%', '90%', '97%', '60%']  memcached=121.5%
[monitor] ['60%', '90%', '97%', '60%']  memcached=120.0%
[monitor] ['57%', '97%', '94%', '58%']  memcached=115.5%
[monitor] ['62%', '94%', '97%', '61%']  memcached=123.3%
[monitor] ['61%', '94%', '97%', '57%']  memcached=117.7%
[monitor] ['58%', '100%', '87%', '56%']  memcached=113.9%
[monitor] ['59%', '97%', '97%', '58%']  memcached=117.8%
[monitor] ['58%', '93%', '94%', '62%']  memcached=120.5%
[monitor] ['62%', '90%', '100%', '61%']  memcached=123.3%
[monitor] ['59%', '79%', '97%', '64%']  memcached=122.7%
[monitor] ['62%', '97%', '97%', '60%']  memcached=122.2%
[monitor] ['65%', '94%', '97%', '61%']  memcached=126.0%
[monitor] ['58%', '97%', '97%', '63%']  memcached=121.2%
[monitor] ['61%', '93%', '94%', '61%']  memcached=122.2%
[monitor] ['61%', '97%', '97%', '58%']  memcached=119.4%
[monitor] ['58%', '90%', '94%', '61%']  memcached=119.4%
[monitor] ['61%', '97%', '97%', '60%']  memcached=121.1%
[monitor] ['59%', '97%', '97%', '62%']  memcached=121.6%
[monitor] ['61%', '93%', '97%', '62%']  memcached=122.7%
[monitor] ['58%', '93%', '97%', '57%']  memcached=115.5%
[monitor] ['61%', '93%', '97%', '60%']  memcached=121.1%
[monitor] ['60%', '90%', '100%', '60%']  memcached=120.0%
[monitor] ['61%', '87%', '97%', '60%']  memcached=121.1%
[monitor] ['64%', '90%', '97%', '61%']  memcached=125.0%
[monitor] ['61%', '93%', '97%', '61%']  memcached=122.2%
[monitor] ['59%', '90%', '97%', '57%']  memcached=116.2%
[monitor] ['58%', '97%', '93%', '57%']  memcached=115.5%
[monitor] ['58%', '90%', '94%', '58%']  memcached=116.7%
[monitor] ['58%', '93%', '96%', '59%']  memcached=117.4%
[monitor] ['58%', '93%', '97%', '56%']  memcached=114.2%
[monitor] ['32%', '93%', '93%', '29%']  memcached=61.4%
[MEMCACHED] cores updated to: ['0']
[streamcluster] cores updated to: [3, 1, 2]
[monitor] ['47%', '100%', '81%', '100%']  memcached=47.2%
[monitor] ['41%', '100%', '80%', '97%']  memcached=40.6%
[monitor] ['42%', '100%', '80%', '100%']  memcached=42.4%
[monitor] ['41%', '100%', '81%', '100%']  memcached=40.6%
[monitor] ['44%', '100%', '83%', '100%']  memcached=44.1%
[monitor] ['44%', '100%', '81%', '100%']  memcached=44.1%
[monitor] ['42%', '97%', '79%', '97%']  memcached=42.4%
[monitor] ['41%', '100%', '81%', '100%']  memcached=40.6%
[monitor] ['42%', '100%', '80%', '100%']  memcached=42.4%
[monitor] ['42%', '100%', '80%', '97%']  memcached=42.4%
[monitor] ['44%', '100%', '80%', '100%']  memcached=44.1%
[monitor] ['41%', '100%', '83%', '100%']  memcached=40.6%
[monitor] ['44%', '100%', '80%', '100%']  memcached=43.8%
[monitor] ['44%', '100%', '80%', '93%']  memcached=44.1%
[monitor] ['39%', '100%', '81%', '97%']  memcached=38.7%
[monitor] ['44%', '100%', '81%', '100%']  memcached=44.1%
[monitor] ['49%', '100%', '83%', '100%']  memcached=48.6%
[monitor] ['44%', '100%', '81%', '100%']  memcached=44.1%
[monitor] ['41%', '100%', '80%', '97%']  memcached=40.6%
[monitor] ['46%', '100%', '81%', '100%']  memcached=45.7%
[monitor] ['45%', '100%', '79%', '100%']  memcached=45.5%
[monitor] ['44%', '100%', '80%', '97%']  memcached=44.1%
[monitor] ['42%', '100%', '81%', '100%']  memcached=42.4%
[monitor] ['41%', '100%', '80%', '97%']  memcached=40.6%
[monitor] ['46%', '100%', '83%', '100%']  memcached=45.7%
[monitor] ['42%', '100%', '81%', '100%']  memcached=42.4%
[monitor] ['42%', '100%', '79%', '97%']  memcached=42.4%
[monitor] ['41%', '100%', '81%', '100%']  memcached=40.6%
[monitor] ['42%', '100%', '81%', '100%']  memcached=42.4%
[monitor] ['44%', '100%', '83%', '100%']  memcached=43.8%
[monitor] ['39%', '100%', '80%', '97%']  memcached=39.4%
[monitor] ['44%', '100%', '83%', '100%']  memcached=43.8%
[monitor] ['46%', '100%', '81%', '100%']  memcached=45.7%
[monitor] ['44%', '97%', '80%', '97%']  memcached=44.1%
[monitor] ['44%', '100%', '80%', '100%']  memcached=43.8%
[monitor] ['42%', '100%', '84%', '100%']  memcached=42.4%
[monitor] ['41%', '100%', '79%', '100%']  memcached=40.6%
[monitor] ['41%', '100%', '81%', '97%']  memcached=40.6%
[monitor] ['37%', '100%', '80%', '100%']  memcached=36.7%
[monitor] ['44%', '100%', '80%', '100%']  memcached=44.1%
[monitor] ['41%', '100%', '83%', '97%']  memcached=40.6%
[monitor] ['42%', '100%', '77%', '100%']  memcached=42.4%
[monitor] ['40%', '100%', '80%', '100%']  memcached=40.0%
[monitor] ['39%', '100%', '80%', '100%']  memcached=38.7%
[monitor] ['45%', '100%', '81%', '97%']  memcached=45.5%
[monitor] ['47%', '100%', '86%', '100%']  memcached=47.1%
[monitor] ['42%', '100%', '83%', '100%']  memcached=42.4%
[monitor] ['44%', '100%', '80%', '97%']  memcached=44.1%
[monitor] ['62%', '100%', '84%', '100%']  memcached=62.1%
[monitor] ['100%', '100%', '93%', '97%']  memcached=100.0%
[MEMCACHED] cores updated to: ['0', '1', '3']
[streamcluster] cores updated to: [2]
[monitor] ['82%', '82%', '100%', '76%']  memcached=240.6%
[monitor] ['74%', '70%', '100%', '66%']  memcached=209.7%
[monitor] ['72%', '69%', '100%', '66%']  memcached=206.5%
[monitor] ['71%', '69%', '100%', '65%']  memcached=205.6%
[monitor] ['74%', '68%', '100%', '66%']  memcached=207.6%
[monitor] ['71%', '68%', '100%', '67%']  memcached=204.9%
[monitor] ['77%', '72%', '100%', '66%']  memcached=214.6%
[monitor] ['75%', '71%', '100%', '66%']  memcached=211.2%
[monitor] ['74%', '66%', '100%', '64%']  memcached=203.5%
[monitor] ['75%', '71%', '100%', '68%']  memcached=214.1%
[monitor] ['75%', '70%', '100%', '67%']  memcached=211.4%
[monitor] ['76%', '74%', '100%', '67%']  memcached=216.7%
[monitor] ['78%', '68%', '100%', '67%']  memcached=212.2%
[monitor] ['71%', '67%', '100%', '66%']  memcached=203.8%
[monitor] ['80%', '73%', '100%', '68%']  memcached=220.5%
[monitor] ['76%', '74%', '100%', '70%']  memcached=219.7%
[monitor] ['74%', '72%', '100%', '68%']  memcached=213.8%
[monitor] ['75%', '71%', '100%', '68%']  memcached=213.2%
[monitor] ['76%', '72%', '100%', '66%']  memcached=214.0%
[monitor] ['75%', '69%', '100%', '69%']  memcached=212.1%
[monitor] ['71%', '67%', '100%', '64%']  memcached=201.7%
[monitor] ['74%', '70%', '100%', '67%']  memcached=210.6%
[monitor] ['73%', '68%', '100%', '65%']  memcached=205.3%
[monitor] ['74%', '70%', '100%', '66%']  memcached=208.9%
[monitor] ['76%', '73%', '100%', '68%']  memcached=216.8%
[monitor] ['74%', '69%', '100%', '68%']  memcached=210.5%
[monitor] ['72%', '66%', '100%', '64%']  memcached=201.5%
[monitor] ['74%', '71%', '100%', '68%']  memcached=212.5%
[monitor] ['74%', '71%', '100%', '67%']  memcached=212.4%
[monitor] ['70%', '67%', '100%', '65%']  memcached=201.1%
[monitor] ['74%', '69%', '100%', '65%']  memcached=208.4%
[monitor] ['76%', '69%', '100%', '69%']  memcached=213.1%
[monitor] ['74%', '73%', '100%', '66%']  memcached=212.6%
[monitor] ['75%', '68%', '100%', '70%']  memcached=212.3%
[monitor] ['76%', '71%', '100%', '64%']  memcached=211.1%
[monitor] ['76%', '69%', '100%', '69%']  memcached=214.0%
[monitor] ['71%', '69%', '100%', '66%']  memcached=205.7%
[monitor] ['74%', '73%', '100%', '68%']  memcached=214.0%
[monitor] ['76%', '70%', '100%', '68%']  memcached=213.1%
[monitor] ['74%', '69%', '100%', '64%']  memcached=205.9%
[monitor] ['70%', '69%', '100%', '65%']  memcached=203.8%
[monitor] ['79%', '72%', '100%', '67%']  memcached=217.3%
[monitor] ['74%', '72%', '100%', '68%']  memcached=213.8%
[monitor] ['73%', '67%', '100%', '66%']  memcached=205.0%
[monitor] ['74%', '70%', '100%', '69%']  memcached=211.8%
[monitor] ['77%', '71%', '100%', '67%']  memcached=213.9%
[monitor] ['76%', '72%', '100%', '68%']  memcached=216.0%
[monitor] ['74%', '71%', '100%', '70%']  memcached=215.4%
[monitor] ['62%', '59%', '100%', '59%']  memcached=180.0%
[monitor] ['58%', '57%', '100%', '52%']  memcached=165.8%
[monitor] ['60%', '53%', '100%', '50%']  memcached=163.1%
[monitor] ['58%', '54%', '100%', '53%']  memcached=164.8%
[monitor] ['56%', '55%', '100%', '53%']  memcached=162.9%
[monitor] ['56%', '56%', '100%', '54%']  memcached=165.7%
[monitor] ['60%', '52%', '100%', '52%']  memcached=163.0%
[monitor] ['55%', '56%', '100%', '52%']  memcached=161.9%
[monitor] ['60%', '55%', '100%', '57%']  memcached=171.3%
[monitor] ['57%', '54%', '100%', '52%']  memcached=162.9%
[monitor] ['59%', '53%', '100%', '53%']  memcached=164.9%
[monitor] ['60%', '53%', '100%', '53%']  memcached=166.2%
[monitor] ['61%', '57%', '100%', '53%']  memcached=170.8%
[monitor] ['60%', '55%', '100%', '56%']  memcached=170.7%
[monitor] ['60%', '53%', '100%', '52%']  memcached=164.5%
[monitor] ['57%', '55%', '100%', '51%']  memcached=163.1%
[monitor] ['59%', '54%', '100%', '53%']  memcached=166.7%
[monitor] ['62%', '58%', '100%', '53%']  memcached=173.4%
[monitor] ['60%', '54%', '100%', '53%']  memcached=167.2%
[monitor] ['58%', '55%', '100%', '52%']  memcached=164.4%
[monitor] ['57%', '56%', '100%', '54%']  memcached=167.3%
[monitor] ['60%', '54%', '100%', '53%']  memcached=167.2%
[monitor] ['58%', '57%', '100%', '52%']  memcached=167.0%
[monitor] ['60%', '53%', '100%', '50%']  memcached=163.1%
[monitor] ['59%', '54%', '100%', '53%']  memcached=166.1%
[monitor] ['56%', '57%', '100%', '52%']  memcached=164.5%
[monitor] ['60%', '52%', '100%', '52%']  memcached=163.1%
[monitor] ['60%', '57%', '100%', '54%']  memcached=171.0%
[monitor] ['59%', '55%', '100%', '53%']  memcached=166.9%
[monitor] ['53%', '53%', '100%', '50%']  memcached=156.1%
[monitor] ['59%', '56%', '100%', '52%']  memcached=166.2%
[monitor] ['61%', '56%', '100%', '50%']  memcached=167.0%
[monitor] ['61%', '57%', '100%', '53%']  memcached=171.2%
[monitor] ['61%', '55%', '100%', '56%']  memcached=171.5%
[monitor] ['56%', '52%', '100%', '52%']  memcached=159.3%
[monitor] ['58%', '53%', '100%', '52%']  memcached=162.8%
[monitor] ['61%', '56%', '100%', '50%']  memcached=167.0%
[monitor] ['61%', '55%', '100%', '53%']  memcached=168.0%
[monitor] ['60%', '54%', '100%', '53%']  memcached=167.2%
[monitor] ['61%', '53%', '100%', '50%']  memcached=163.5%
[monitor] ['62%', '56%', '100%', '56%']  memcached=173.6%
[monitor] ['61%', '53%', '100%', '52%']  memcached=165.8%
[monitor] ['61%', '55%', '100%', '53%']  memcached=168.0%
[monitor] ['61%', '52%', '100%', '52%']  memcached=164.1%
[monitor] ['62%', '55%', '100%', '52%']  memcached=168.2%
[monitor] ['58%', '54%', '100%', '53%']  memcached=165.1%
[monitor] ['63%', '55%', '100%', '54%']  memcached=172.0%
[monitor] ['59%', '54%', '100%', '54%']  memcached=168.0%
[monitor] ['59%', '54%', '100%', '53%']  memcached=166.7%
[monitor] ['61%', '56%', '100%', '54%']  memcached=171.0%
[monitor] ['80%', '74%', '100%', '74%']  memcached=228.4%
[monitor] ['88%', '82%', '100%', '79%']  memcached=249.1%
[monitor] ['88%', '82%', '100%', '76%']  memcached=246.2%
[monitor] ['90%', '81%', '100%', '78%']  memcached=249.4%
[monitor] ['84%', '82%', '100%', '79%']  memcached=245.6%
[monitor] ['87%', '82%', '100%', '79%']  memcached=247.7%
[monitor] ['85%', '77%', '100%', '76%']  memcached=238.7%
[monitor] ['82%', '76%', '100%', '73%']  memcached=230.3%
[monitor] ['83%', '79%', '100%', '76%']  memcached=237.4%
[monitor] ['82%', '79%', '100%', '73%']  memcached=233.3%
[monitor] ['84%', '78%', '100%', '79%']  memcached=241.3%
[monitor] ['84%', '84%', '100%', '77%']  memcached=245.7%
[monitor] ['82%', '77%', '100%', '75%']  memcached=234.8%
[monitor] ['82%', '79%', '100%', '76%']  memcached=237.1%
[monitor] ['91%', '84%', '100%', '83%']  memcached=257.3%
[monitor] ['81%', '82%', '100%', '76%']  memcached=239.5%
[monitor] ['84%', '79%', '100%', '74%']  memcached=237.5%
[monitor] ['82%', '78%', '100%', '76%']  memcached=235.7%
[monitor] ['87%', '81%', '100%', '77%']  memcached=245.3%
[monitor] ['79%', '76%', '100%', '74%']  memcached=229.5%
[monitor] ['81%', '76%', '100%', '74%']  memcached=231.2%
[monitor] ['81%', '77%', '100%', '73%']  memcached=230.8%
[monitor] ['83%', '76%', '100%', '74%']  memcached=233.5%
[monitor] ['88%', '83%', '100%', '77%']  memcached=248.3%
[monitor] ['84%', '78%', '100%', '77%']  memcached=239.9%
[monitor] ['82%', '76%', '100%', '74%']  memcached=231.6%
[monitor] ['79%', '78%', '100%', '73%']  memcached=229.6%
[monitor] ['84%', '76%', '100%', '74%']  memcached=234.3%
[monitor] ['85%', '81%', '100%', '78%']  memcached=243.6%
[monitor] ['85%', '80%', '100%', '75%']  memcached=239.8%
[monitor] ['88%', '81%', '100%', '78%']  memcached=246.9%
[monitor] ['85%', '84%', '100%', '77%']  memcached=246.6%
[monitor] ['82%', '76%', '100%', '74%']  memcached=231.8%
[monitor] ['79%', '75%', '100%', '74%']  memcached=227.9%
[monitor] ['86%', '78%', '100%', '75%']  memcached=238.8%
[monitor] ['85%', '82%', '100%', '78%']  memcached=244.8%
[monitor] ['88%', '82%', '100%', '78%']  memcached=247.4%
[monitor] ['85%', '81%', '100%', '78%']  memcached=244.2%
[monitor] ['85%', '82%', '100%', '76%']  memcached=244.1%
[monitor] ['84%', '78%', '100%', '76%']  memcached=238.3%
[monitor] ['80%', '76%', '100%', '75%']  memcached=230.8%
[monitor] ['82%', '79%', '100%', '73%']  memcached=233.3%
[monitor] ['86%', '81%', '100%', '78%']  memcached=245.1%
[monitor] ['84%', '76%', '100%', '74%']  memcached=233.2%
[monitor] ['85%', '82%', '100%', '78%']  memcached=244.8%
[monitor] ['82%', '79%', '100%', '73%']  memcached=233.9%
[monitor] ['85%', '78%', '100%', '76%']  memcached=238.7%
[monitor] ['82%', '75%', '100%', '77%']  memcached=234.0%
[monitor] ['85%', '79%', '100%', '76%']  memcached=240.5%
[monitor] ['88%', '84%', '100%', '78%']  memcached=250.4%
[monitor] ['33%', '28%', '100%', '26%']  memcached=87.3%
[MEMCACHED] cores updated to: ['0', '3']
[streamcluster] cores updated to: [1, 2]
[monitor] ['38%', '93%', '93%', '33%']  memcached=71.6%
[monitor] ['38%', '93%', '93%', '28%']  memcached=65.8%
[MEMCACHED] cores updated to: ['0']
[streamcluster] cores updated to: [3, 1, 2]
[monitor] ['57%', '100%', '83%', '100%']  memcached=57.1%
[monitor] ['51%', '100%', '81%', '100%']  memcached=51.4%
[monitor] ['54%', '100%', '83%', '100%']  memcached=54.3%
[monitor] ['54%', '100%', '83%', '97%']  memcached=54.3%
[monitor] ['53%', '100%', '81%', '100%']  memcached=52.8%
[monitor] ['54%', '100%', '83%', '97%']  memcached=54.1%
[monitor] ['53%', '100%', '81%', '100%']  memcached=52.9%
[monitor] ['53%', '97%', '81%', '100%']  memcached=52.8%
[monitor] ['53%', '100%', '83%', '97%']  memcached=52.9%
[monitor] ['53%', '100%', '79%', '100%']  memcached=52.8%
[monitor] ['55%', '100%', '80%', '97%']  memcached=54.5%
[monitor] ['54%', '100%', '84%', '100%']  memcached=54.3%
[monitor] ['53%', '100%', '79%', '97%']  memcached=52.9%
[monitor] ['54%', '100%', '81%', '100%']  memcached=54.1%
[monitor] ['54%', '100%', '80%', '97%']  memcached=54.3%
[monitor] ['56%', '100%', '83%', '100%']  memcached=55.6%
[monitor] ['50%', '100%', '80%', '100%']  memcached=50.0%
[monitor] ['56%', '100%', '81%', '97%']  memcached=55.6%
[monitor] ['51%', '100%', '83%', '100%']  memcached=51.4%
[monitor] ['50%', '100%', '83%', '97%']  memcached=50.0%
[monitor] ['53%', '100%', '83%', '100%']  memcached=52.9%
[monitor] ['54%', '100%', '80%', '97%']  memcached=54.3%
[monitor] ['55%', '100%', '81%', '100%']  memcached=55.3%
[monitor] ['51%', '100%', '81%', '97%']  memcached=51.4%
[monitor] ['55%', '100%', '83%', '97%']  memcached=55.3%
[monitor] ['53%', '100%', '81%', '100%']  memcached=52.9%
[monitor] ['53%', '100%', '83%', '97%']  memcached=52.9%
[monitor] ['57%', '100%', '80%', '100%']  memcached=56.8%
[monitor] ['53%', '100%', '84%', '100%']  memcached=52.8%
[monitor] ['56%', '100%', '83%', '97%']  memcached=55.9%
[monitor] ['52%', '97%', '84%', '100%']  memcached=51.5%
[monitor] ['53%', '100%', '80%', '100%']  memcached=52.8%
[monitor] ['53%', '100%', '80%', '97%']  memcached=52.9%
[monitor] ['53%', '100%', '81%', '100%']  memcached=52.9%
[monitor] ['54%', '100%', '81%', '100%']  memcached=54.1%
[monitor] ['53%', '100%', '82%', '97%']  memcached=52.9%
[monitor] ['51%', '100%', '81%', '100%']  memcached=51.4%
[monitor] ['53%', '100%', '83%', '97%']  memcached=52.8%
[monitor] ['54%', '100%', '83%', '100%']  memcached=54.3%
[monitor] ['51%', '100%', '80%', '100%']  memcached=51.4%
[monitor] ['54%', '100%', '83%', '97%']  memcached=54.3%
[monitor] ['53%', '100%', '83%', '100%']  memcached=52.9%
[monitor] ['51%', '100%', '87%', '97%']  memcached=51.4%
[monitor] ['55%', '100%', '83%', '100%']  memcached=54.5%
[monitor] ['54%', '100%', '80%', '97%']  memcached=54.1%
[monitor] ['54%', '100%', '81%', '100%']  memcached=54.3%
[monitor] ['67%', '100%', '83%', '97%']  memcached=66.7%
[monitor] ['100%', '100%', '90%', '97%']  memcached=100.0%
[MEMCACHED] cores updated to: ['0', '2', '3']
[streamcluster] cores updated to: [1]
[monitor] ['97%', '100%', '97%', '73%']  memcached=266.8%
[monitor] ['74%', '100%', '74%', '73%']  memcached=220.5%
[monitor] ['74%', '100%', '71%', '71%']  memcached=214.7%
[monitor] ['73%', '100%', '71%', '69%']  memcached=211.9%
[monitor] ['71%', '100%', '70%', '68%']  memcached=208.8%
[monitor] ['76%', '100%', '74%', '73%']  memcached=222.7%
[monitor] ['73%', '100%', '73%', '71%']  memcached=216.0%
[monitor] ['72%', '100%', '70%', '69%']  memcached=211.4%
[monitor] ['74%', '100%', '71%', '68%']  memcached=211.8%
[monitor] ['74%', '100%', '74%', '71%']  memcached=220.0%
[monitor] ['74%', '100%', '71%', '70%']  memcached=214.7%
[monitor] ['73%', '100%', '71%', '68%']  memcached=211.8%
[monitor] ['71%', '100%', '74%', '71%']  memcached=217.1%
[monitor] ['74%', '100%', '71%', '68%']  memcached=211.8%
[monitor] ['74%', '100%', '75%', '73%']  memcached=221.3%
[monitor] ['74%', '100%', '71%', '69%']  memcached=215.2%
[monitor] ['77%', '100%', '76%', '73%']  memcached=226.3%
[monitor] ['76%', '100%', '74%', '74%']  memcached=224.3%
[monitor] ['72%', '100%', '74%', '70%']  memcached=215.1%
[monitor] ['74%', '100%', '71%', '70%']  memcached=215.4%
[monitor] ['73%', '100%', '74%', '70%']  memcached=216.7%
[monitor] ['74%', '100%', '73%', '71%']  memcached=217.7%
[monitor] ['74%', '100%', '71%', '71%']  memcached=215.5%
[monitor] ['75%', '100%', '74%', '71%']  memcached=220.0%
[monitor] ['74%', '100%', '74%', '71%']  memcached=217.6%
[monitor] ['76%', '100%', '74%', '69%']  memcached=218.0%
[monitor] ['74%', '100%', '74%', '72%']  memcached=218.9%
[monitor] ['72%', '100%', '73%', '68%']  memcached=212.8%
[monitor] ['73%', '100%', '71%', '68%']  memcached=211.1%
[monitor] ['76%', '100%', '74%', '73%']  memcached=223.5%
[monitor] ['74%', '100%', '74%', '71%']  memcached=219.2%
[monitor] ['76%', '100%', '72%', '72%']  memcached=220.2%
[monitor] ['74%', '100%', '76%', '73%']  memcached=222.8%
[monitor] ['74%', '100%', '71%', '71%']  memcached=215.5%
[monitor] ['74%', '100%', '73%', '69%']  memcached=215.0%
[monitor] ['76%', '100%', '76%', '71%']  memcached=222.9%
[monitor] ['74%', '100%', '74%', '72%']  memcached=218.9%
[monitor] ['75%', '100%', '75%', '70%']  memcached=219.7%
[monitor] ['75%', '100%', '75%', '77%']  memcached=227.1%
[monitor] ['77%', '100%', '76%', '74%']  memcached=227.1%
[monitor] ['76%', '100%', '74%', '74%']  memcached=222.8%
[monitor] ['74%', '100%', '72%', '71%']  memcached=217.1%
[monitor] ['76%', '100%', '74%', '71%']  memcached=220.6%
[monitor] ['74%', '100%', '74%', '71%']  memcached=220.0%
[monitor] ['70%', '100%', '71%', '71%']  memcached=211.7%
[monitor] ['74%', '100%', '72%', '71%']  memcached=216.7%
[monitor] ['77%', '100%', '74%', '75%']  memcached=226.4%
[monitor] ['74%', '100%', '76%', '70%']  memcached=219.7%
[monitor] ['74%', '100%', '71%', '71%']  memcached=215.4%
[monitor] ['74%', '100%', '74%', '71%']  memcached=218.4%
[monitor] ['69%', '100%', '69%', '67%']  memcached=204.7%
[monitor] ['71%', '100%', '71%', '68%']  memcached=209.7%
[monitor] ['74%', '100%', '73%', '71%']  memcached=216.8%
[monitor] ['71%', '100%', '70%', '69%']  memcached=211.1%
[monitor] ['74%', '100%', '71%', '71%']  memcached=215.5%
[monitor] ['69%', '100%', '70%', '67%']  memcached=205.8%
[monitor] ['71%', '100%', '69%', '67%']  memcached=206.7%
[monitor] ['72%', '100%', '70%', '69%']  memcached=211.9%
[monitor] ['71%', '100%', '71%', '69%']  memcached=209.7%
[monitor] ['74%', '100%', '71%', '70%']  memcached=215.4%
[monitor] ['71%', '100%', '68%', '69%']  memcached=208.5%
[monitor] ['72%', '100%', '71%', '69%']  memcached=211.4%
[monitor] ['76%', '100%', '74%', '71%']  memcached=220.7%
[monitor] ['71%', '100%', '71%', '71%']  memcached=212.6%
[monitor] ['72%', '100%', '72%', '69%']  memcached=213.0%
[monitor] ['74%', '100%', '71%', '70%']  memcached=213.8%
[monitor] ['71%', '100%', '71%', '69%']  memcached=210.6%
[monitor] ['72%', '100%', '73%', '69%']  memcached=213.5%
[monitor] ['68%', '100%', '69%', '69%']  memcached=206.5%
[monitor] ['74%', '100%', '71%', '68%']  memcached=212.5%
[monitor] ['69%', '100%', '68%', '68%']  memcached=203.9%
[monitor] ['71%', '100%', '69%', '69%']  memcached=207.7%
[monitor] ['69%', '100%', '72%', '66%']  memcached=207.4%
[monitor] ['72%', '100%', '69%', '68%']  memcached=208.4%
[monitor] ['71%', '100%', '69%', '71%']  memcached=210.6%
[monitor] ['72%', '100%', '70%', '67%']  memcached=208.6%
[monitor] ['72%', '100%', '68%', '69%']  memcached=208.4%
[monitor] ['71%', '100%', '72%', '69%']  memcached=212.2%
[monitor] ['74%', '100%', '70%', '71%']  memcached=213.8%
[monitor] ['71%', '100%', '73%', '69%']  memcached=213.8%
[monitor] ['69%', '100%', '69%', '68%']  memcached=205.6%
[monitor] ['74%', '100%', '73%', '74%']  memcached=219.8%
[monitor] ['73%', '100%', '71%', '69%']  memcached=211.9%
[monitor] ['71%', '100%', '70%', '69%']  memcached=210.3%
[monitor] ['71%', '100%', '73%', '68%']  memcached=211.9%
[monitor] ['74%', '100%', '71%', '72%']  memcached=216.0%
[monitor] ['71%', '100%', '71%', '71%']  memcached=212.6%
[monitor] ['69%', '100%', '71%', '69%']  memcached=208.5%
[monitor] ['73%', '100%', '69%', '67%']  memcached=208.0%
[monitor] ['69%', '100%', '71%', '68%']  memcached=207.6%
[monitor] ['75%', '100%', '71%', '71%']  memcached=217.0%
[monitor] ['69%', '100%', '71%', '67%']  memcached=206.7%
[monitor] ['69%', '100%', '68%', '66%']  memcached=202.0%
[monitor] ['71%', '100%', '71%', '67%']  memcached=207.8%
[monitor] ['71%', '100%', '69%', '68%']  memcached=207.6%
[monitor] ['73%', '100%', '74%', '70%']  memcached=216.7%
[monitor] ['71%', '100%', '71%', '66%']  memcached=207.6%
[monitor] ['71%', '100%', '69%', '69%']  memcached=208.8%
[monitor] ['81%', '100%', '81%', '79%']  memcached=240.7%
[monitor] ['78%', '100%', '78%', '73%']  memcached=228.6%
[monitor] ['79%', '100%', '79%', '78%']  memcached=236.9%
[monitor] ['81%', '100%', '74%', '74%']  memcached=229.0%
[monitor] ['78%', '100%', '76%', '72%']  memcached=225.4%
[monitor] ['78%', '100%', '77%', '76%']  memcached=231.4%
[monitor] ['79%', '100%', '76%', '75%']  memcached=229.5%
[monitor] ['77%', '100%', '78%', '73%']  memcached=228.0%
[monitor] ['78%', '100%', '73%', '72%']  memcached=222.7%
[monitor] ['77%', '100%', '77%', '74%']  memcached=227.8%
[monitor] ['74%', '100%', '76%', '71%']  memcached=221.6%
[monitor] ['76%', '100%', '75%', '72%']  memcached=223.3%
[monitor] ['77%', '100%', '76%', '73%']  memcached=225.6%
[monitor] ['77%', '100%', '76%', '70%']  memcached=223.3%
[monitor] ['81%', '100%', '79%', '78%']  memcached=238.2%
[monitor] ['80%', '100%', '77%', '73%']  memcached=229.9%
[monitor] ['81%', '100%', '84%', '78%']  memcached=243.8%
[monitor] ['81%', '100%', '79%', '78%']  memcached=238.8%
[monitor] ['81%', '100%', '82%', '77%']  memcached=240.5%
[monitor] ['81%', '100%', '78%', '76%']  memcached=235.1%
[monitor] ['78%', '100%', '79%', '76%']  memcached=232.3%
[monitor] ['81%', '100%', '79%', '74%']  memcached=234.9%
[monitor] ['79%', '100%', '78%', '74%']  memcached=231.1%
[monitor] ['81%', '100%', '82%', '77%']  memcached=240.5%
[monitor] ['77%', '100%', '82%', '77%']  memcached=236.7%
[monitor] ['76%', '100%', '74%', '73%']  memcached=223.5%
[monitor] ['79%', '100%', '75%', '74%']  memcached=227.9%
[monitor] ['76%', '100%', '76%', '72%']  memcached=224.1%
[monitor] ['78%', '100%', '76%', '70%']  memcached=223.2%
[monitor] ['82%', '100%', '82%', '77%']  memcached=240.8%
[monitor] ['78%', '100%', '79%', '76%']  memcached=232.7%
[monitor] ['79%', '100%', '76%', '74%']  memcached=228.1%
[monitor] ['76%', '100%', '74%', '74%']  memcached=225.0%
[monitor] ['76%', '100%', '77%', '71%']  memcached=224.2%
[monitor] ['81%', '100%', '78%', '73%']  memcached=231.8%
[monitor] ['79%', '100%', '78%', '74%']  memcached=231.1%
[monitor] ['77%', '100%', '76%', '71%']  memcached=224.3%
[monitor] ['82%', '100%', '76%', '74%']  memcached=231.8%
[monitor] ['79%', '97%', '80%', '76%']  memcached=235.9%
[streamcluster] ended.
[vips] started on cores: [1] with 3 threads.
[monitor] ['79%', '100%', '76%', '82%']  memcached=237.0%
[monitor] ['79%', '100%', '75%', '76%']  memcached=230.3%
[monitor] ['79%', '100%', '76%', '76%']  memcached=232.4%
[monitor] ['82%', '100%', '80%', '81%']  memcached=243.1%
[monitor] ['81%', '100%', '79%', '78%']  memcached=238.2%
[monitor] ['80%', '100%', '79%', '79%']  memcached=238.2%
[monitor] ['81%', '100%', '79%', '82%']  memcached=241.9%
[monitor] ['82%', '100%', '79%', '79%']  memcached=240.0%
[monitor] ['79%', '100%', '76%', '79%']  memcached=234.7%
[monitor] ['80%', '100%', '78%', '78%']  memcached=235.6%
[monitor] ['39%', '100%', '41%', '39%']  memcached=120.0%
[MEMCACHED] cores updated to: ['0', '3']
[vips] cores updated to: [1, 2]
[monitor] ['49%', '94%', '90%', '44%']  memcached=92.7%
[monitor] ['49%', '100%', '100%', '47%']  memcached=95.9%
[monitor] ['47%', '100%', '100%', '39%']  memcached=85.9%
[monitor] ['46%', '100%', '100%', '49%']  memcached=94.3%
[monitor] ['47%', '100%', '100%', '42%']  memcached=89.6%
[monitor] ['51%', '100%', '100%', '46%']  memcached=97.0%
[monitor] ['47%', '100%', '100%', '46%']  memcached=92.8%
[monitor] ['47%', '100%', '100%', '44%']  memcached=91.3%
[monitor] ['45%', '100%', '100%', '41%']  memcached=86.1%
[monitor] ['62%', '100%', '100%', '79%']  memcached=140.6%
[monitor] ['49%', '100%', '100%', '50%']  memcached=98.6%
[monitor] ['47%', '100%', '100%', '44%']  memcached=91.7%
[monitor] ['50%', '100%', '100%', '45%']  memcached=95.5%
[monitor] ['50%', '100%', '100%', '46%']  memcached=95.7%
[monitor] ['46%', '100%', '100%', '46%']  memcached=91.4%
[monitor] ['47%', '100%', '100%', '42%']  memcached=89.6%
[monitor] ['50%', '100%', '100%', '46%']  memcached=95.7%
[monitor] ['47%', '100%', '100%', '44%']  memcached=91.7%
[monitor] ['47%', '100%', '100%', '44%']  memcached=91.3%
[monitor] ['51%', '100%', '100%', '47%']  memcached=98.5%
[monitor] ['49%', '100%', '100%', '44%']  memcached=92.7%
[monitor] ['47%', '100%', '100%', '44%']  memcached=91.2%
[monitor] ['47%', '100%', '100%', '46%']  memcached=92.9%
[monitor] ['47%', '100%', '100%', '44%']  memcached=91.3%
[monitor] ['50%', '100%', '100%', '46%']  memcached=95.7%
[monitor] ['44%', '100%', '100%', '38%']  memcached=81.6%
[monitor] ['47%', '100%', '100%', '46%']  memcached=92.9%
[monitor] ['49%', '100%', '100%', '50%']  memcached=98.6%
[monitor] ['94%', '100%', '100%', '55%']  memcached=148.8%
[monitor] ['100%', '100%', '100%', '50%']  memcached=150.0%
[monitor] ['100%', '100%', '100%', '42%']  memcached=141.9%
[monitor] ['100%', '100%', '100%', '46%']  memcached=145.7%
[monitor] ['100%', '100%', '100%', '45%']  memcached=145.5%
[monitor] ['100%', '100%', '100%', '47%']  memcached=147.2%
[monitor] ['100%', '100%', '100%', '45%']  memcached=145.5%
[monitor] ['100%', '100%', '100%', '44%']  memcached=144.1%
[monitor] ['100%', '100%', '100%', '47%']  memcached=147.1%
[monitor] ['100%', '100%', '100%', '45%']  memcached=145.5%
[monitor] ['100%', '100%', '100%', '42%']  memcached=142.4%
[monitor] ['100%', '100%', '100%', '45%']  memcached=145.5%
[monitor] ['50%', '100%', '100%', '100%']  memcached=150.0%
[monitor] ['51%', '100%', '100%', '100%']  memcached=151.4%
[monitor] ['48%', '100%', '100%', '100%']  memcached=148.5%
[monitor] ['94%', '100%', '100%', '58%']  memcached=152.8%
[monitor] ['100%', '100%', '100%', '47%']  memcached=147.1%
[monitor] ['100%', '100%', '100%', '47%']  memcached=147.1%
[monitor] ['100%', '100%', '100%', '52%']  memcached=151.5%
[monitor] ['100%', '100%', '100%', '47%']  memcached=147.1%
[monitor] ['100%', '100%', '100%', '46%']  memcached=145.7%
[monitor] ['100%', '100%', '100%', '30%']  memcached=130.3%
[monitor] ['100%', '100%', '100%', '29%']  memcached=129.0%
[monitor] ['100%', '100%', '100%', '26%']  memcached=125.8%
[monitor] ['100%', '100%', '100%', '29%']  memcached=129.0%
[monitor] ['100%', '100%', '100%', '26%']  memcached=125.8%
[monitor] ['100%', '100%', '100%', '29%']  memcached=129.0%
[monitor] ['100%', '100%', '100%', '28%']  memcached=128.1%
[monitor] ['100%', '100%', '100%', '28%']  memcached=127.6%
[monitor] ['85%', '100%', '100%', '45%']  memcached=130.0%
[monitor] ['29%', '100%', '100%', '100%']  memcached=129.0%
[monitor] ['31%', '100%', '100%', '100%']  memcached=131.2%
[monitor] ['32%', '100%', '100%', '100%']  memcached=132.4%
[monitor] ['36%', '100%', '100%', '100%']  memcached=136.4%
[monitor] ['33%', '100%', '100%', '100%']  memcached=133.3%
[monitor] ['34%', '100%', '100%', '100%']  memcached=134.4%
[monitor] ['57%', '100%', '100%', '79%']  memcached=135.5%
[monitor] ['100%', '100%', '100%', '24%']  memcached=124.1%
[monitor] ['100%', '100%', '100%', '31%']  memcached=131.2%
[monitor] ['100%', '100%', '100%', '31%']  memcached=131.2%
[monitor] ['100%', '100%', '100%', '26%']  memcached=125.8%
[monitor] ['100%', '100%', '100%', '24%']  memcached=124.1%
[monitor] ['100%', '100%', '100%', '29%']  memcached=129.0%
[monitor] ['100%', '100%', '100%', '27%']  memcached=126.7%
[monitor] ['56%', '100%', '100%', '28%']  memcached=84.4%
[monitor] ['35%', '100%', '100%', '28%']  memcached=63.4%
[MEMCACHED] cores updated to: ['0']
[vips] cores updated to: [1, 2, 3]
[monitor] ['44%', '100%', '100%', '100%']  memcached=44.1%
[monitor] ['46%', '100%', '100%', '100%']  memcached=45.7%
[monitor] ['42%', '100%', '100%', '100%']  memcached=42.4%
[monitor] ['45%', '100%', '100%', '100%']  memcached=45.5%
[monitor] ['41%', '100%', '100%', '100%']  memcached=41.2%
[monitor] ['50%', '100%', '100%', '100%']  memcached=50.0%
[monitor] ['42%', '100%', '100%', '100%']  memcached=42.4%
[monitor] ['42%', '100%', '100%', '100%']  memcached=42.4%
[monitor] ['47%', '100%', '100%', '100%']  memcached=47.1%
[monitor] ['44%', '100%', '100%', '100%']  memcached=44.1%
[monitor] ['44%', '100%', '100%', '100%']  memcached=44.1%
[monitor] ['44%', '100%', '100%', '100%']  memcached=44.1%
[monitor] ['44%', '100%', '100%', '100%']  memcached=44.1%
[monitor] ['47%', '100%', '100%', '100%']  memcached=47.1%
[monitor] ['45%', '100%', '100%', '100%']  memcached=45.5%
[monitor] ['45%', '100%', '100%', '100%']  memcached=45.5%
[monitor] ['46%', '100%', '100%', '100%']  memcached=45.7%
[monitor] ['41%', '100%', '100%', '100%']  memcached=40.6%
[monitor] ['44%', '100%', '100%', '100%']  memcached=44.1%
[monitor] ['42%', '100%', '100%', '100%']  memcached=42.4%
[monitor] ['46%', '100%', '100%', '100%']  memcached=45.7%
[monitor] ['44%', '100%', '100%', '100%']  memcached=43.8%
[monitor] ['45%', '100%', '93%', '100%']  memcached=45.5%
[monitor] ['39%', '100%', '100%', '100%']  memcached=38.7%
[monitor] ['69%', '100%', '100%', '100%']  memcached=68.8%
[monitor] ['100%', '100%', '100%', '100%']  memcached=100.0%
[MEMCACHED] cores updated to: ['0', '1', '2']
[vips] cores updated to: [3]
[monitor] ['61%', '61%', '63%', '100%']  memcached=185.1%
[monitor] ['59%', '61%', '60%', '100%']  memcached=179.9%
[monitor] ['64%', '61%', '61%', '100%']  memcached=186.1%
[monitor] ['65%', '63%', '65%', '100%']  memcached=192.6%
[monitor] ['59%', '62%', '60%', '100%']  memcached=181.0%
[monitor] ['67%', '62%', '63%', '100%']  memcached=191.3%
[monitor] ['92%', '65%', '69%', '100%']  memcached=226.0%
[monitor] ['100%', '77%', '62%', '100%']  memcached=238.9%
[monitor] ['70%', '94%', '68%', '100%']  memcached=231.7%
[monitor] ['64%', '62%', '100%', '100%']  memcached=225.7%
[monitor] ['66%', '61%', '100%', '100%']  memcached=226.3%
[monitor] ['65%', '64%', '100%', '100%']  memcached=228.3%
[monitor] ['66%', '63%', '100%', '100%']  memcached=228.6%
[monitor] ['65%', '61%', '100%', '100%']  memcached=226.0%
[monitor] ['62%', '62%', '100%', '100%']  memcached=223.5%
[monitor] ['66%', '62%', '100%', '100%']  memcached=227.6%
[monitor] ['63%', '63%', '100%', '100%']  memcached=225.7%
[monitor] ['64%', '59%', '100%', '100%']  memcached=222.7%
[monitor] ['65%', '65%', '100%', '100%']  memcached=229.4%
[monitor] ['63%', '58%', '100%', '100%']  memcached=220.9%
[monitor] ['65%', '62%', '73%', '100%']  memcached=199.2%
[monitor] ['64%', '61%', '63%', '100%']  memcached=187.9%
[monitor] ['63%', '62%', '59%', '100%']  memcached=183.8%
[monitor] ['60%', '61%', '60%', '100%']  memcached=180.6%
[monitor] ['62%', '61%', '62%', '100%']  memcached=184.1%
[monitor] ['63%', '62%', '59%', '100%']  memcached=184.0%
[monitor] ['61%', '62%', '63%', '100%']  memcached=185.2%
[monitor] ['61%', '59%', '62%', '100%']  memcached=181.5%
[monitor] ['61%', '58%', '60%', '100%']  memcached=178.7%
[monitor] ['63%', '62%', '62%', '100%']  memcached=186.4%
[monitor] ['61%', '60%', '62%', '100%']  memcached=183.3%
[monitor] ['62%', '63%', '65%', '100%']  memcached=189.3%
[monitor] ['61%', '60%', '60%', '100%']  memcached=181.1%
[monitor] ['62%', '56%', '59%', '100%']  memcached=177.5%
[monitor] ['61%', '63%', '61%', '100%']  memcached=184.1%
[monitor] ['61%', '64%', '59%', '100%']  memcached=184.1%
[monitor] ['64%', '60%', '60%', '100%']  memcached=183.9%
[monitor] ['64%', '64%', '64%', '100%']  memcached=191.7%
[monitor] ['61%', '60%', '59%', '100%']  memcached=180.6%
[monitor] ['61%', '64%', '63%', '100%']  memcached=187.4%
[monitor] ['63%', '62%', '61%', '100%']  memcached=186.0%
[monitor] ['62%', '61%', '62%', '100%']  memcached=184.1%
[monitor] ['64%', '65%', '63%', '100%']  memcached=191.6%
[monitor] ['65%', '62%', '62%', '100%']  memcached=189.2%
[monitor] ['62%', '60%', '61%', '100%']  memcached=182.4%
[monitor] ['65%', '65%', '61%', '100%']  memcached=190.8%
[monitor] ['63%', '62%', '64%', '100%']  memcached=188.3%
[monitor] ['62%', '61%', '62%', '100%']  memcached=185.0%
[monitor] ['56%', '57%', '56%', '100%']  memcached=167.9%
[monitor] ['53%', '51%', '51%', '100%']  memcached=155.6%
[monitor] ['55%', '51%', '54%', '100%']  memcached=160.7%
[monitor] ['50%', '51%', '48%', '100%']  memcached=149.9%
[monitor] ['53%', '54%', '54%', '100%']  memcached=161.1%
[monitor] ['54%', '55%', '54%', '100%']  memcached=163.6%
[monitor] ['51%', '53%', '53%', '100%']  memcached=156.8%
[monitor] ['57%', '53%', '54%', '100%']  memcached=163.6%
[monitor] ['51%', '52%', '54%', '100%']  memcached=157.2%
[monitor] ['50%', '51%', '51%', '100%']  memcached=152.7%
[monitor] ['54%', '56%', '54%', '100%']  memcached=164.1%
[monitor] ['53%', '50%', '54%', '100%']  memcached=156.8%
[monitor] ['51%', '51%', '51%', '100%']  memcached=154.2%
[monitor] ['52%', '51%', '50%', '100%']  memcached=152.9%
[monitor] ['53%', '53%', '55%', '100%']  memcached=161.0%
[monitor] ['57%', '56%', '57%', '100%']  memcached=170.3%
[monitor] ['57%', '59%', '57%', '100%']  memcached=173.1%
[monitor] ['54%', '54%', '54%', '100%']  memcached=162.4%
[monitor] ['55%', '54%', '54%', '100%']  memcached=163.4%
[monitor] ['54%', '55%', '54%', '100%']  memcached=163.6%
[monitor] ['53%', '51%', '53%', '100%']  memcached=157.0%
[monitor] ['56%', '57%', '54%', '100%']  memcached=166.6%
[monitor] ['54%', '54%', '53%', '100%']  memcached=161.1%
[monitor] ['51%', '54%', '54%', '100%']  memcached=160.0%
[monitor] ['53%', '54%', '54%', '100%']  memcached=160.9%
[monitor] ['66%', '64%', '66%', '83%']  memcached=195.0%
[vips] ended.
[MEMCACHED] cores updated to: ['0', '1', '2', '3']
