Controller pinned to core 3.
Scheduler started.
pulled barnes
pulled radix
pulled blackscholes
pulled canneal
pulled freqmine
pulled streamcluster
pulled vips
[MEMCACHED] cores updated to: ['0', '1', '2']
[radix] started on cores: [3] with 1 threads.
[monitor] ['4%', '7%', '7%', '100%']  memcached=17.6%
[MEMCACHED] cores updated to: ['0', '2']
[radix] paused.
[barnes] started on cores: [1, 3] with 2 threads.
[monitor] ['10%', '60%', '4%', '47%']  memcached=14.0%
[MEMCACHED] cores updated to: ['0']
[radix] unpaused.
[radix] cores updated to: [2]
[monitor] ['23%', '28%', '100%', '76%']  memcached=22.6%
[monitor] ['29%', '3%', '100%', '100%']  memcached=28.6%
[monitor] ['17%', '45%', '100%', '100%']  memcached=16.7%
[monitor] ['14%', '100%', '100%', '100%']  memcached=14.3%
[monitor] ['45%', '100%', '100%', '100%']  memcached=45.2%
[monitor] ['86%', '100%', '100%', '100%']  memcached=85.7%
[MEMCACHED] cores updated to: ['0', '2']
[radix] paused.
[monitor] ['69%', '100%', '68%', '100%']  memcached=137.3%
[monitor] ['71%', '100%', '71%', '100%']  memcached=141.5%
[monitor] ['68%', '100%', '68%', '100%']  memcached=135.0%
[monitor] ['69%', '100%', '71%', '100%']  memcached=139.8%
[monitor] ['68%', '100%', '68%', '100%']  memcached=135.0%
[monitor] ['68%', '100%', '70%', '100%']  memcached=137.5%
[monitor] ['71%', '100%', '69%', '100%']  memcached=139.8%
[monitor] ['70%', '100%', '69%', '100%']  memcached=139.0%
[monitor] ['68%', '100%', '68%', '100%']  memcached=136.6%
[monitor] ['69%', '100%', '68%', '100%']  memcached=137.3%
[monitor] ['69%', '100%', '69%', '100%']  memcached=138.3%
[monitor] ['71%', '100%', '71%', '100%']  memcached=142.2%
[monitor] ['70%', '100%', '70%', '100%']  memcached=139.8%
[monitor] ['68%', '100%', '71%', '100%']  memcached=139.7%
[monitor] ['70%', '100%', '70%', '100%']  memcached=140.0%
[monitor] ['97%', '100%', '94%', '100%']  memcached=190.5%
[MEMCACHED] cores updated to: ['0', '1', '2']
[radix] unpaused.
[radix] cores updated to: [3]
[barnes] paused.
[monitor] ['76%', '81%', '85%', '100%']  memcached=241.7%
[monitor] ['77%', '76%', '83%', '100%']  memcached=236.2%
[monitor] ['76%', '78%', '81%', '100%']  memcached=235.8%
[monitor] ['76%', '76%', '80%', '100%']  memcached=232.0%
[monitor] ['76%', '78%', '82%', '100%']  memcached=235.6%
[monitor] ['81%', '83%', '88%', '100%']  memcached=251.8%
[monitor] ['78%', '78%', '81%', '100%']  memcached=236.1%
[monitor] ['79%', '78%', '83%', '100%']  memcached=240.2%
[monitor] ['77%', '80%', '83%', '100%']  memcached=240.5%
[monitor] ['77%', '77%', '81%', '100%']  memcached=234.4%
[monitor] ['78%', '80%', '81%', '100%']  memcached=238.9%
[monitor] ['78%', '81%', '86%', '100%']  memcached=244.6%
[monitor] ['78%', '78%', '83%', '100%']  memcached=238.4%
[monitor] ['77%', '78%', '81%', '100%']  memcached=235.3%
[monitor] ['78%', '79%', '82%', '100%']  memcached=239.7%
[monitor] ['59%', '62%', '68%', '100%']  memcached=189.1%
[monitor] ['61%', '62%', '63%', '100%']  memcached=186.9%
[monitor] ['58%', '61%', '62%', '100%']  memcached=180.9%
[monitor] ['61%', '61%', '65%', '100%']  memcached=186.1%
[monitor] ['58%', '60%', '63%', '100%']  memcached=181.1%
[monitor] ['62%', '61%', '66%', '100%']  memcached=188.9%
[monitor] ['59%', '60%', '62%', '100%']  memcached=181.5%
[monitor] ['59%', '58%', '62%', '100%']  memcached=179.4%
[monitor] ['58%', '63%', '65%', '100%']  memcached=186.4%
[monitor] ['62%', '62%', '65%', '100%']  memcached=188.1%
[monitor] ['58%', '60%', '62%', '100%']  memcached=180.4%
[monitor] ['62%', '62%', '64%', '100%']  memcached=187.2%
[monitor] ['60%', '62%', '62%', '100%']  memcached=184.0%
[monitor] ['59%', '60%', '62%', '100%']  memcached=181.5%
[monitor] ['58%', '63%', '63%', '100%']  memcached=184.5%
[monitor] ['60%', '59%', '64%', '100%']  memcached=183.3%
[monitor] ['57%', '58%', '58%', '100%']  memcached=172.5%
[monitor] ['38%', '38%', '47%', '100%']  memcached=123.7%
[MEMCACHED] cores updated to: ['0', '2']
[radix] paused.
[barnes] unpaused.
[monitor] ['59%', '100%', '61%', '100%']  memcached=119.5%
[monitor] ['62%', '100%', '59%', '100%']  memcached=120.9%
[monitor] ['63%', '100%', '62%', '100%']  memcached=124.7%
[monitor] ['60%', '100%', '60%', '100%']  memcached=120.9%
[monitor] ['61%', '100%', '61%', '100%']  memcached=122.0%
[monitor] ['62%', '100%', '61%', '100%']  memcached=122.9%
[monitor] ['60%', '100%', '62%', '100%']  memcached=121.4%
[monitor] ['62%', '100%', '60%', '100%']  memcached=121.9%
[monitor] ['61%', '100%', '63%', '100%']  memcached=123.8%
[monitor] ['60%', '100%', '62%', '100%']  memcached=122.4%
[monitor] ['62%', '100%', '60%', '100%']  memcached=121.9%
[monitor] ['61%', '100%', '62%', '100%']  memcached=122.9%
[monitor] ['60%', '100%', '62%', '100%']  memcached=122.4%
[monitor] ['64%', '100%', '64%', '100%']  memcached=128.6%
[monitor] ['62%', '100%', '62%', '100%']  memcached=123.8%
[monitor] ['68%', '100%', '66%', '100%']  memcached=134.0%
[monitor] ['68%', '100%', '68%', '100%']  memcached=136.6%
[monitor] ['68%', '100%', '67%', '100%']  memcached=134.2%
[monitor] ['72%', '100%', '72%', '100%']  memcached=143.6%
[monitor] ['68%', '100%', '68%', '100%']  memcached=136.6%
[monitor] ['68%', '100%', '68%', '100%']  memcached=136.6%
[monitor] ['71%', '100%', '71%', '100%']  memcached=142.2%
[monitor] ['70%', '100%', '70%', '100%']  memcached=140.0%
[monitor] ['71%', '100%', '71%', '100%']  memcached=142.2%
[monitor] ['68%', '100%', '68%', '100%']  memcached=135.8%
[monitor] ['71%', '100%', '71%', '100%']  memcached=141.5%
[monitor] ['68%', '100%', '71%', '100%']  memcached=139.0%
[monitor] ['69%', '100%', '68%', '100%']  memcached=136.5%
[monitor] ['71%', '100%', '69%', '100%']  memcached=139.8%
[monitor] ['67%', '100%', '69%', '100%']  memcached=136.7%
[monitor] ['68%', '100%', '68%', '100%']  memcached=136.6%
[monitor] ['68%', '100%', '66%', '100%']  memcached=134.1%
[monitor] ['60%', '100%', '59%', '100%']  memcached=118.1%
[monitor] ['60%', '100%', '59%', '100%']  memcached=118.1%
[monitor] ['60%', '100%', '61%', '100%']  memcached=121.4%
[monitor] ['60%', '100%', '60%', '100%']  memcached=120.5%
[monitor] ['60%', '100%', '57%', '100%']  memcached=118.0%
[monitor] ['60%', '100%', '60%', '100%']  memcached=119.0%
[monitor] ['57%', '100%', '60%', '100%']  memcached=117.0%
[monitor] ['59%', '100%', '59%', '100%']  memcached=117.1%
[monitor] ['60%', '100%', '60%', '100%']  memcached=120.5%
[monitor] ['60%', '100%', '60%', '100%']  memcached=119.0%
[monitor] ['60%', '100%', '57%', '100%']  memcached=117.0%
[monitor] ['60%', '100%', '59%', '100%']  memcached=118.1%
[monitor] ['59%', '100%', '62%', '100%']  memcached=120.4%
[monitor] ['60%', '100%', '59%', '100%']  memcached=119.0%
[monitor] ['57%', '100%', '59%', '100%']  memcached=116.0%
[monitor] ['60%', '100%', '59%', '100%']  memcached=119.0%
[monitor] ['82%', '100%', '81%', '100%']  memcached=162.9%
[MEMCACHED] cores updated to: ['0', '1', '2']
[radix] unpaused.
[barnes] paused.
[monitor] ['78%', '81%', '83%', '100%']  memcached=241.8%
[monitor] ['81%', '81%', '83%', '100%']  memcached=244.5%
[monitor] ['81%', '83%', '85%', '100%']  memcached=248.7%
[monitor] ['78%', '79%', '83%', '100%']  memcached=240.7%
[monitor] ['80%', '81%', '83%', '100%']  memcached=243.9%
[monitor] ['79%', '83%', '86%', '100%']  memcached=247.5%
[monitor] ['83%', '83%', '85%', '100%']  memcached=251.0%
[monitor] ['78%', '81%', '86%', '100%']  memcached=245.2%
[monitor] ['81%', '81%', '83%', '100%']  memcached=244.0%
[monitor] ['80%', '80%', '85%', '100%']  memcached=245.3%
[monitor] ['79%', '81%', '84%', '100%']  memcached=243.8%
[monitor] ['79%', '81%', '85%', '100%']  memcached=244.8%
[monitor] ['78%', '81%', '83%', '100%']  memcached=241.7%
[monitor] ['81%', '78%', '83%', '100%']  memcached=242.3%
[monitor] ['78%', '81%', '82%', '100%']  memcached=241.3%
[monitor] ['81%', '83%', '83%', '100%']  memcached=247.2%
[monitor] ['78%', '79%', '82%', '100%']  memcached=239.5%
[monitor] ['81%', '78%', '83%', '100%']  memcached=242.3%
[monitor] ['81%', '83%', '86%', '100%']  memcached=250.5%
[monitor] ['81%', '81%', '83%', '100%']  memcached=244.0%
[monitor] ['78%', '81%', '83%', '100%']  memcached=242.3%
[monitor] ['78%', '81%', '86%', '100%']  memcached=244.6%
[monitor] ['81%', '81%', '83%', '100%']  memcached=244.4%
[monitor] ['81%', '84%', '86%', '100%']  memcached=250.1%
[monitor] ['81%', '80%', '85%', '100%']  memcached=246.4%
[monitor] ['82%', '88%', '89%', '100%']  memcached=259.2%
[monitor] ['83%', '86%', '91%', '100%']  memcached=259.7%
[monitor] ['86%', '88%', '91%', '100%']  memcached=264.9%
[monitor] ['81%', '83%', '85%', '100%']  memcached=248.7%
[monitor] ['80%', '81%', '84%', '100%']  memcached=244.9%
[monitor] ['78%', '81%', '82%', '100%']  memcached=241.3%
[monitor] ['81%', '81%', '83%', '100%']  memcached=244.4%
[monitor] ['76%', '77%', '81%', '100%']  memcached=234.0%
[monitor] ['74%', '74%', '78%', '100%']  memcached=225.7%
[monitor] ['78%', '81%', '83%', '100%']  memcached=242.3%
[monitor] ['75%', '78%', '81%', '100%']  memcached=233.9%
[monitor] ['79%', '81%', '83%', '100%']  memcached=242.9%
[monitor] ['75%', '78%', '81%', '100%']  memcached=233.3%
[monitor] ['76%', '76%', '78%', '100%']  memcached=229.8%
[monitor] ['73%', '76%', '82%', '100%']  memcached=230.9%
[monitor] ['76%', '76%', '81%', '100%']  memcached=232.5%
[monitor] ['76%', '77%', '79%', '100%']  memcached=231.5%
[monitor] ['75%', '76%', '81%', '100%']  memcached=231.9%
[monitor] ['78%', '81%', '81%', '100%']  memcached=238.9%
[monitor] ['78%', '81%', '86%', '100%']  memcached=244.6%
[monitor] ['78%', '81%', '83%', '100%']  memcached=241.8%
[monitor] ['76%', '76%', '78%', '100%']  memcached=230.4%
[monitor] ['77%', '76%', '79%', '100%']  memcached=232.2%
[monitor] ['68%', '70%', '75%', '100%']  memcached=212.8%
[monitor] ['43%', '38%', '44%', '100%']  memcached=124.8%
[MEMCACHED] cores updated to: ['0', '2']
[radix] paused.
[barnes] unpaused.
[monitor] ['59%', '100%', '56%', '100%']  memcached=115.2%
[monitor] ['61%', '100%', '60%', '100%']  memcached=120.5%
[monitor] ['58%', '100%', '57%', '100%']  memcached=115.6%
[monitor] ['60%', '100%', '60%', '100%']  memcached=120.0%
[monitor] ['59%', '100%', '56%', '100%']  memcached=114.6%
[monitor] ['60%', '100%', '62%', '100%']  memcached=122.4%
[monitor] ['56%', '100%', '59%', '100%']  memcached=114.9%
[monitor] ['60%', '100%', '59%', '100%']  memcached=118.1%
[monitor] ['58%', '100%', '59%', '100%']  memcached=116.7%
[monitor] ['60%', '79%', '59%', '97%']  memcached=119.0%
[monitor] ['59%', '59%', '59%', '100%']  memcached=117.1%
[monitor] ['61%', '100%', '62%', '100%']  memcached=122.9%
[monitor] ['58%', '83%', '57%', '100%']  memcached=115.6%
[monitor] ['60%', '100%', '60%', '100%']  memcached=120.0%
[monitor] ['60%', '100%', '59%', '100%']  memcached=118.1%
[monitor] ['24%', '100%', '26%', '100%']  memcached=50.7%
[MEMCACHED] cores updated to: ['0']
[radix] unpaused.
[radix] cores updated to: [2]
[monitor] ['17%', '100%', '100%', '100%']  memcached=17.2%
[monitor] ['23%', '100%', '100%', '100%']  memcached=22.6%
[monitor] ['21%', '100%', '100%', '100%']  memcached=21.4%
[monitor] ['17%', '100%', '100%', '100%']  memcached=17.2%
[monitor] ['23%', '100%', '100%', '100%']  memcached=22.6%
[monitor] ['20%', '100%', '100%', '100%']  memcached=20.0%
[monitor] ['17%', '100%', '100%', '100%']  memcached=16.7%
[monitor] ['14%', '100%', '100%', '100%']  memcached=14.3%
[monitor] ['23%', '100%', '100%', '100%']  memcached=22.6%
[monitor] ['23%', '100%', '100%', '100%']  memcached=23.3%
[monitor] ['14%', '100%', '100%', '100%']  memcached=14.3%
[monitor] ['17%', '100%', '100%', '100%']  memcached=17.2%
[monitor] ['20%', '100%', '100%', '100%']  memcached=20.0%
[monitor] ['20%', '100%', '100%', '100%']  memcached=20.0%
[monitor] ['17%', '100%', '100%', '100%']  memcached=17.2%
[monitor] ['52%', '100%', '100%', '100%']  memcached=51.6%
[monitor] ['100%', '100%', '100%', '100%']  memcached=100.0%
[MEMCACHED] cores updated to: ['0', '1', '3']
[barnes] paused.
[monitor] ['63%', '66%', '100%', '62%']  memcached=191.4%
[monitor] ['65%', '65%', '100%', '63%']  memcached=193.2%
[monitor] ['61%', '67%', '100%', '63%']  memcached=190.6%
[monitor] ['65%', '62%', '100%', '63%']  memcached=190.7%
[monitor] ['62%', '68%', '100%', '61%']  memcached=189.6%
[monitor] ['64%', '64%', '100%', '65%']  memcached=193.2%
[monitor] ['62%', '64%', '100%', '61%']  memcached=187.1%
[monitor] ['63%', '65%', '100%', '62%']  memcached=190.5%
[monitor] ['63%', '65%', '100%', '64%']  memcached=192.3%
[monitor] ['62%', '64%', '100%', '62%']  memcached=188.8%
[monitor] ['64%', '65%', '100%', '63%']  memcached=192.3%
[monitor] ['68%', '68%', '100%', '65%']  memcached=200.8%
[monitor] ['70%', '67%', '100%', '64%']  memcached=200.8%
[monitor] ['68%', '65%', '100%', '63%']  memcached=195.9%
[monitor] ['69%', '66%', '100%', '63%']  memcached=198.2%
[monitor] ['20%', '10%', '100%', '10%']  memcached=40.7%
[MEMCACHED] cores updated to: ['0', '3']
[radix] paused.
[barnes] unpaused.
[barnes] cores updated to: [1, 2]
[monitor] ['20%', '100%', '100%', '7%']  memcached=27.4%
[MEMCACHED] cores updated to: ['0']
[radix] unpaused.
[radix] cores updated to: [3]
[monitor] ['41%', '100%', '100%', '100%']  memcached=41.2%
[monitor] ['40%', '100%', '100%', '100%']  memcached=40.0%
[monitor] ['37%', '100%', '100%', '100%']  memcached=37.1%
[monitor] ['37%', '100%', '100%', '100%']  memcached=37.1%
[monitor] ['42%', '100%', '100%', '100%']  memcached=41.7%
[monitor] ['39%', '100%', '100%', '100%']  memcached=38.9%
[monitor] ['39%', '100%', '100%', '100%']  memcached=38.9%
[monitor] ['41%', '100%', '100%', '100%']  memcached=41.2%
[monitor] ['42%', '100%', '100%', '100%']  memcached=41.7%
[monitor] ['39%', '100%', '100%', '100%']  memcached=38.9%
[monitor] ['40%', '100%', '100%', '100%']  memcached=40.0%
[monitor] ['42%', '100%', '100%', '100%']  memcached=41.7%
[monitor] ['37%', '100%', '100%', '100%']  memcached=37.1%
[monitor] ['41%', '100%', '100%', '100%']  memcached=40.5%
[monitor] ['71%', '100%', '100%', '100%']  memcached=70.6%
[monitor] ['82%', '100%', '100%', '100%']  memcached=81.6%
[MEMCACHED] cores updated to: ['0', '3']
[radix] paused.
[monitor] ['61%', '100%', '100%', '57%']  memcached=118.5%
[monitor] ['60%', '100%', '100%', '61%']  memcached=121.0%
[monitor] ['60%', '100%', '100%', '58%']  memcached=117.9%
[monitor] ['61%', '100%', '100%', '61%']  memcached=122.0%
[monitor] ['62%', '100%', '100%', '62%']  memcached=125.0%
[monitor] ['59%', '100%', '100%', '61%']  memcached=119.9%
[monitor] ['60%', '100%', '100%', '62%']  memcached=121.9%
[monitor] ['62%', '100%', '100%', '60%']  memcached=121.5%
[monitor] ['62%', '100%', '100%', '60%']  memcached=121.9%
[monitor] ['62%', '100%', '100%', '64%']  memcached=126.4%
[monitor] ['63%', '100%', '100%', '64%']  memcached=127.5%
[monitor] ['59%', '100%', '100%', '61%']  memcached=119.9%
[monitor] ['62%', '100%', '100%', '60%']  memcached=122.5%
[monitor] ['60%', '100%', '100%', '61%']  memcached=121.0%
[monitor] ['51%', '100%', '100%', '53%']  memcached=104.1%
[monitor] ['30%', '100%', '100%', '29%']  memcached=59.3%
[MEMCACHED] cores updated to: ['0']
[radix] unpaused.
[monitor] ['60%', '100%', '100%', '100%']  memcached=60.0%
[monitor] ['62%', '100%', '100%', '100%']  memcached=61.9%
[monitor] ['62%', '100%', '100%', '100%']  memcached=62.2%
[monitor] ['72%', '100%', '100%', '73%']  memcached=71.8%
[radix] ended.
[blackscholes] started on cores: [3] with 3 threads.
[monitor] ['62%', '100%', '100%', '100%']  memcached=62.2%
[monitor] ['61%', '100%', '80%', '100%']  memcached=61.4%
[monitor] ['52%', '100%', '3%', '100%']  memcached=52.4%
[monitor] ['55%', '100%', '4%', '100%']  memcached=54.8%
[monitor] ['51%', '100%', '0%', '100%']  memcached=51.3%
[monitor] ['53%', '100%', '10%', '100%']  memcached=53.5%
[monitor] ['52%', '100%', '0%', '100%']  memcached=52.4%
[monitor] ['55%', '100%', '3%', '100%']  memcached=54.8%
[monitor] ['52%', '100%', '7%', '100%']  memcached=52.4%
[monitor] ['62%', '100%', '100%', '100%']  memcached=61.7%
[monitor] ['78%', '100%', '97%', '100%']  memcached=77.8%
[monitor] ['100%', '100%', '67%', '100%']  memcached=100.0%
[MEMCACHED] cores updated to: ['0', '1', '2']
[barnes] paused.
[monitor] ['91%', '91%', '100%', '100%']  memcached=281.5%
[monitor] ['78%', '89%', '83%', '100%']  memcached=249.8%
[monitor] ['73%', '77%', '78%', '100%']  memcached=227.9%
[monitor] ['74%', '76%', '79%', '100%']  memcached=228.9%
[monitor] ['76%', '76%', '81%', '100%']  memcached=232.5%
[monitor] ['73%', '75%', '78%', '100%']  memcached=226.4%
[monitor] ['77%', '92%', '78%', '100%']  memcached=247.0%
[monitor] ['76%', '76%', '81%', '100%']  memcached=232.5%
[monitor] ['73%', '76%', '81%', '100%']  memcached=229.2%
[monitor] ['76%', '78%', '79%', '100%']  memcached=233.6%
[monitor] ['75%', '76%', '80%', '100%']  memcached=231.3%
[monitor] ['76%', '75%', '79%', '100%']  memcached=229.6%
[monitor] ['74%', '78%', '78%', '100%']  memcached=229.8%
[monitor] ['74%', '75%', '79%', '100%']  memcached=228.3%
[monitor] ['67%', '66%', '71%', '100%']  memcached=203.0%
[monitor] ['10%', '7%', '7%', '100%']  memcached=24.0%
[MEMCACHED] cores updated to: ['0', '2']
[barnes] unpaused.
[barnes] cores updated to: [1, 3]
[blackscholes] paused.
[monitor] ['16%', '100%', '11%', '100%']  memcached=26.8%
[MEMCACHED] cores updated to: ['0']
[blackscholes] unpaused.
[blackscholes] cores updated to: [2]
[monitor] ['32%', '100%', '100%', '100%']  memcached=32.3%
[monitor] ['28%', '100%', '100%', '100%']  memcached=28.1%
[monitor] ['26%', '100%', '100%', '100%']  memcached=25.8%
[monitor] ['30%', '100%', '100%', '100%']  memcached=30.3%
[monitor] ['27%', '100%', '100%', '100%']  memcached=26.7%
[monitor] ['27%', '100%', '100%', '100%']  memcached=26.7%
[monitor] ['28%', '100%', '100%', '100%']  memcached=28.1%
[monitor] ['72%', '100%', '100%', '100%']  memcached=71.9%
[monitor] ['100%', '100%', '100%', '100%']  memcached=100.0%
[MEMCACHED] cores updated to: ['0', '1', '3']
[barnes] paused.
[monitor] ['0%', '7%', '100%', '100%']  memcached=107.1%
[MEMCACHED] cores updated to: ['0', '3']
[barnes] unpaused.
[barnes] cores updated to: [1, 2]
[blackscholes] paused.
[monitor] ['30%', '100%', '100%', '100%']  memcached=130.3%
[monitor] ['28%', '100%', '100%', '100%']  memcached=128.1%
[monitor] ['27%', '100%', '100%', '100%']  memcached=126.7%
[monitor] ['28%', '100%', '100%', '100%']  memcached=128.1%
[monitor] ['56%', '100%', '100%', '100%']  memcached=156.2%
[monitor] ['29%', '100%', '100%', '83%']  memcached=112.4%
[monitor] ['18%', '100%', '100%', '26%']  memcached=43.7%
[MEMCACHED] cores updated to: ['0']
[blackscholes] unpaused.
[blackscholes] cores updated to: [3]
[monitor] ['52%', '100%', '100%', '100%']  memcached=52.4%
[monitor] ['51%', '100%', '100%', '100%']  memcached=51.3%
[monitor] ['55%', '100%', '100%', '100%']  memcached=54.5%
[monitor] ['52%', '100%', '100%', '100%']  memcached=52.4%
[monitor] ['52%', '100%', '100%', '100%']  memcached=52.5%
[monitor] ['78%', '100%', '100%', '100%']  memcached=77.8%
[monitor] ['100%', '100%', '100%', '100%']  memcached=100.0%
[MEMCACHED] cores updated to: ['0', '1', '2']
[barnes] paused.
[monitor] ['82%', '85%', '97%', '100%']  memcached=264.0%
[monitor] ['76%', '76%', '78%', '100%']  memcached=230.4%
[monitor] ['69%', '72%', '76%', '100%']  memcached=217.6%
[monitor] ['70%', '68%', '72%', '100%']  memcached=209.4%
[monitor] ['70%', '70%', '76%', '100%']  memcached=216.2%
[monitor] ['70%', '71%', '75%', '100%']  memcached=216.1%
[monitor] ['69%', '68%', '72%', '100%']  memcached=210.1%
[monitor] ['71%', '71%', '76%', '100%']  memcached=217.8%
[monitor] ['72%', '74%', '76%', '100%']  memcached=222.5%
[monitor] ['71%', '69%', '74%', '100%']  memcached=214.0%
[monitor] ['71%', '72%', '76%', '100%']  memcached=219.2%
[monitor] ['70%', '70%', '74%', '100%']  memcached=214.2%
[monitor] ['72%', '71%', '76%', '100%']  memcached=219.9%
[monitor] ['69%', '69%', '74%', '100%']  memcached=212.1%
[monitor] ['58%', '58%', '58%', '100%']  memcached=175.0%
[monitor] ['12%', '7%', '4%', '100%']  memcached=22.7%
[MEMCACHED] cores updated to: ['0', '2']
[barnes] unpaused.
[barnes] cores updated to: [1, 3]
[blackscholes] paused.
[monitor] ['27%', '100%', '0%', '100%']  memcached=27.0%
[MEMCACHED] cores updated to: ['0']
[blackscholes] unpaused.
[blackscholes] cores updated to: [2]
[monitor] ['7%', '100%', '100%', '100%']  memcached=7.4%
[monitor] ['7%', '100%', '100%', '100%']  memcached=7.4%
[monitor] ['10%', '100%', '100%', '100%']  memcached=10.3%
[monitor] ['11%', '100%', '100%', '100%']  memcached=10.7%
[monitor] ['11%', '100%', '100%', '100%']  memcached=10.7%
[monitor] ['4%', '100%', '100%', '100%']  memcached=3.7%
[monitor] ['23%', '100%', '100%', '100%']  memcached=23.3%
[monitor] ['7%', '100%', '100%', '100%']  memcached=7.1%
[monitor] ['7%', '100%', '100%', '100%']  memcached=7.1%
[monitor] ['15%', '100%', '100%', '100%']  memcached=14.8%
[monitor] ['7%', '100%', '100%', '100%']  memcached=7.4%
[monitor] ['10%', '100%', '100%', '100%']  memcached=10.3%
[monitor] ['7%', '100%', '100%', '100%']  memcached=7.4%
[monitor] ['14%', '100%', '100%', '100%']  memcached=13.8%
[monitor] ['91%', '100%', '100%', '100%']  memcached=90.6%
[MEMCACHED] cores updated to: ['0', '1', '3']
[barnes] paused.
[monitor] ['55%', '57%', '100%', '56%']  memcached=169.2%
[monitor] ['55%', '58%', '100%', '53%']  memcached=165.8%
[monitor] ['54%', '60%', '100%', '58%']  memcached=171.9%
[monitor] ['54%', '55%', '100%', '55%']  memcached=164.6%
[monitor] ['53%', '59%', '100%', '56%']  memcached=168.2%
[monitor] ['56%', '58%', '100%', '55%']  memcached=169.6%
[monitor] ['54%', '59%', '100%', '57%']  memcached=170.3%
[monitor] ['57%', '62%', '100%', '59%']  memcached=177.3%
[monitor] ['56%', '55%', '100%', '56%']  memcached=167.2%
[monitor] ['53%', '59%', '100%', '55%']  memcached=167.0%
[monitor] ['54%', '57%', '100%', '53%']  memcached=164.3%
[monitor] ['53%', '58%', '100%', '56%']  memcached=166.9%
[monitor] ['53%', '57%', '100%', '54%']  memcached=164.3%
[monitor] ['55%', '57%', '100%', '55%']  memcached=167.8%
[monitor] ['54%', '58%', '100%', '56%']  memcached=168.4%
[monitor] ['31%', '38%', '100%', '30%']  memcached=99.5%
[MEMCACHED] cores updated to: ['0', '3']
[barnes] unpaused.
[barnes] cores updated to: [1, 2]
[blackscholes] paused.
[monitor] ['26%', '100%', '100%', '31%']  memcached=57.1%
[MEMCACHED] cores updated to: ['0']
[blackscholes] unpaused.
[blackscholes] cores updated to: [3]
[monitor] ['59%', '100%', '100%', '100%']  memcached=59.1%
[monitor] ['61%', '100%', '100%', '100%']  memcached=61.4%
[monitor] ['59%', '100%', '100%', '100%']  memcached=59.1%
[monitor] ['60%', '100%', '100%', '100%']  memcached=60.0%
[monitor] ['64%', '100%', '100%', '100%']  memcached=63.6%
[monitor] ['59%', '100%', '100%', '100%']  memcached=59.1%
[monitor] ['62%', '100%', '100%', '100%']  memcached=61.7%
[monitor] ['60%', '100%', '100%', '100%']  memcached=60.5%
[monitor] ['60%', '100%', '100%', '100%']  memcached=60.0%
[monitor] ['61%', '100%', '100%', '100%']  memcached=60.9%
[monitor] ['61%', '100%', '100%', '100%']  memcached=61.4%
[monitor] ['60%', '100%', '100%', '100%']  memcached=60.5%
[monitor] ['58%', '48%', '80%', '100%']  memcached=57.8%
[monitor] ['61%', '100%', '100%', '100%']  memcached=61.4%
[monitor] ['75%', '100%', '100%', '100%']  memcached=75.0%
[monitor] ['100%', '68%', '100%', '100%']  memcached=100.0%
[MEMCACHED] cores updated to: ['0', '1', '2']
[barnes] paused.
[monitor] ['97%', '100%', '100%', '100%']  memcached=296.8%
[monitor] ['83%', '85%', '91%', '100%']  memcached=259.3%
[monitor] ['76%', '79%', '81%', '100%']  memcached=235.8%
[monitor] ['78%', '78%', '83%', '100%']  memcached=238.9%
[monitor] ['78%', '75%', '81%', '100%']  memcached=233.9%
[monitor] ['76%', '78%', '81%', '100%']  memcached=235.2%
[monitor] ['75%', '76%', '83%', '100%']  memcached=234.2%
[monitor] ['76%', '76%', '81%', '100%']  memcached=233.2%
[monitor] ['78%', '78%', '81%', '100%']  memcached=237.2%
[monitor] ['76%', '75%', '83%', '100%']  memcached=234.2%
[monitor] ['76%', '76%', '81%', '100%']  memcached=231.9%
[monitor] ['78%', '78%', '81%', '100%']  memcached=237.2%
[monitor] ['76%', '76%', '81%', '100%']  memcached=232.4%
[monitor] ['79%', '81%', '85%', '100%']  memcached=244.8%
[monitor] ['74%', '75%', '77%', '100%']  memcached=226.4%
[monitor] ['33%', '33%', '36%', '100%']  memcached=103.0%
[MEMCACHED] cores updated to: ['0', '2']
[barnes] unpaused.
[barnes] cores updated to: [1, 3]
[blackscholes] paused.
[monitor] ['54%', '100%', '54%', '100%']  memcached=107.3%
[monitor] ['54%', '100%', '54%', '100%']  memcached=107.5%
[monitor] ['57%', '100%', '54%', '100%']  memcached=110.8%
[monitor] ['55%', '100%', '54%', '100%']  memcached=108.6%
[monitor] ['52%', '100%', '51%', '100%']  memcached=103.8%
[monitor] ['54%', '100%', '54%', '100%']  memcached=107.5%
[monitor] ['55%', '100%', '50%', '100%']  memcached=105.0%
[monitor] ['54%', '100%', '52%', '100%']  memcached=106.2%
[monitor] ['54%', '100%', '54%', '100%']  memcached=107.5%
[monitor] ['54%', '100%', '51%', '100%']  memcached=105.1%
[monitor] ['54%', '100%', '55%', '100%']  memcached=108.7%
[monitor] ['54%', '100%', '52%', '100%']  memcached=106.3%
[monitor] ['52%', '100%', '52%', '100%']  memcached=105.0%
[monitor] ['55%', '100%', '54%', '100%']  memcached=108.6%
[monitor] ['52%', '100%', '55%', '100%']  memcached=107.3%
[monitor] ['73%', '100%', '75%', '100%']  memcached=148.0%
[monitor] ['81%', '100%', '78%', '100%']  memcached=159.5%
[monitor] ['78%', '100%', '82%', '100%']  memcached=160.0%
[monitor] ['86%', '100%', '85%', '100%']  memcached=171.0%
[MEMCACHED] cores updated to: ['0', '2', '3']
[barnes] paused.
[blackscholes] unpaused.
[blackscholes] cores updated to: [1]
[monitor] ['68%', '100%', '72%', '65%']  memcached=204.2%
[monitor] ['65%', '100%', '67%', '62%']  memcached=193.2%
[monitor] ['67%', '100%', '69%', '65%']  memcached=200.9%
[monitor] ['64%', '100%', '70%', '65%']  memcached=199.0%
[monitor] ['67%', '100%', '72%', '64%']  memcached=202.6%
[monitor] ['66%', '100%', '68%', '63%']  memcached=197.4%
[monitor] ['68%', '100%', '69%', '64%']  memcached=201.6%
[monitor] ['68%', '100%', '71%', '65%']  memcached=203.2%
[monitor] ['64%', '100%', '69%', '63%']  memcached=196.5%
[monitor] ['68%', '100%', '68%', '63%']  memcached=199.1%
[monitor] ['66%', '100%', '67%', '64%']  memcached=196.6%
[monitor] ['64%', '100%', '71%', '63%']  memcached=198.0%
[monitor] ['67%', '100%', '69%', '64%']  memcached=200.0%
[monitor] ['67%', '100%', '68%', '63%']  memcached=198.2%
[monitor] ['68%', '100%', '72%', '65%']  memcached=204.3%
[monitor] ['66%', '100%', '71%', '64%']  memcached=200.6%
[monitor] ['65%', '100%', '69%', '65%']  memcached=199.2%
[monitor] ['67%', '100%', '68%', '65%']  memcached=200.1%
[monitor] ['67%', '100%', '71%', '66%']  memcached=203.2%
[monitor] ['68%', '100%', '72%', '64%']  memcached=203.5%
[monitor] ['68%', '100%', '68%', '61%']  memcached=197.0%
[monitor] ['67%', '100%', '69%', '65%']  memcached=200.9%
[monitor] ['67%', '100%', '68%', '64%']  memcached=199.2%
[monitor] ['67%', '100%', '70%', '62%']  memcached=199.1%
[monitor] ['68%', '100%', '69%', '64%']  memcached=201.6%
[monitor] ['67%', '100%', '70%', '63%']  memcached=199.8%
[monitor] ['65%', '100%', '71%', '63%']  memcached=199.2%
[monitor] ['64%', '100%', '69%', '65%']  memcached=198.3%
[monitor] ['67%', '100%', '69%', '62%']  memcached=198.1%
[monitor] ['55%', '100%', '60%', '53%']  memcached=167.9%
[monitor] ['50%', '100%', '56%', '46%']  memcached=152.1%
[monitor] ['54%', '100%', '57%', '49%']  memcached=159.9%
[monitor] ['55%', '100%', '60%', '50%']  memcached=165.3%
[monitor] ['55%', '100%', '56%', '47%']  memcached=158.6%
[monitor] ['54%', '100%', '59%', '53%']  memcached=165.2%
[monitor] ['54%', '100%', '57%', '49%']  memcached=159.9%
[monitor] ['55%', '100%', '59%', '49%']  memcached=162.9%
[monitor] ['53%', '100%', '57%', '50%']  memcached=160.1%
[monitor] ['51%', '100%', '56%', '53%']  memcached=160.4%
[monitor] ['57%', '100%', '57%', '51%']  memcached=166.4%
[monitor] ['51%', '100%', '56%', '50%']  memcached=157.8%
[monitor] ['53%', '100%', '56%', '51%']  memcached=160.4%
[monitor] ['51%', '100%', '60%', '49%']  memcached=159.5%
[monitor] ['53%', '100%', '56%', '50%']  memcached=159.0%
[monitor] ['55%', '100%', '57%', '50%']  memcached=162.8%
[monitor] ['53%', '100%', '58%', '50%']  memcached=160.7%
[monitor] ['56%', '100%', '61%', '54%']  memcached=171.4%
[monitor] ['59%', '100%', '64%', '55%']  memcached=178.3%
[monitor] ['59%', '100%', '61%', '55%']  memcached=175.2%
[monitor] ['58%', '100%', '63%', '57%']  memcached=178.1%
[monitor] ['61%', '100%', '62%', '56%']  memcached=178.5%
[monitor] ['61%', '100%', '62%', '54%']  memcached=177.5%
[monitor] ['62%', '100%', '62%', '55%']  memcached=179.3%
[monitor] ['59%', '100%', '61%', '57%']  memcached=176.3%
[monitor] ['59%', '100%', '62%', '53%']  memcached=173.3%
[monitor] ['60%', '100%', '62%', '55%']  memcached=177.8%
[monitor] ['59%', '100%', '64%', '57%']  memcached=180.0%
[monitor] ['59%', '100%', '61%', '56%']  memcached=175.9%
[monitor] ['60%', '100%', '63%', '58%']  memcached=181.3%
[monitor] ['62%', '100%', '63%', '55%']  memcached=180.2%
[monitor] ['59%', '100%', '62%', '57%']  memcached=177.3%
[monitor] ['56%', '100%', '62%', '55%']  memcached=173.2%
[monitor] ['44%', '100%', '49%', '38%']  memcached=130.3%
[MEMCACHED] cores updated to: ['0', '3']
[barnes] unpaused.
[barnes] cores updated to: [1, 2]
[blackscholes] paused.
[monitor] ['55%', '100%', '100%', '54%']  memcached=108.8%
[monitor] ['54%', '100%', '100%', '51%']  memcached=105.1%
[monitor] ['56%', '100%', '100%', '56%']  memcached=112.8%
[monitor] ['50%', '100%', '100%', '55%']  memcached=105.0%
[monitor] ['56%', '100%', '100%', '55%']  memcached=111.1%
[monitor] ['54%', '100%', '100%', '50%']  memcached=103.8%
[monitor] ['54%', '100%', '100%', '56%']  memcached=109.9%
[monitor] ['53%', '100%', '100%', '55%']  memcached=107.6%
[monitor] ['55%', '100%', '100%', '55%']  memcached=110.0%
[monitor] ['54%', '100%', '100%', '56%']  memcached=109.9%
[monitor] ['54%', '100%', '100%', '56%']  memcached=109.9%
[monitor] ['56%', '100%', '100%', '56%']  memcached=112.8%
[monitor] ['59%', '100%', '100%', '59%']  memcached=117.1%
[monitor] ['59%', '100%', '100%', '59%']  memcached=117.1%
[monitor] ['60%', '100%', '100%', '57%']  memcached=118.0%
[monitor] ['65%', '100%', '100%', '65%']  memcached=129.9%
[monitor] ['83%', '100%', '100%', '85%']  memcached=168.6%
[MEMCACHED] cores updated to: ['0', '2', '3']
[barnes] paused.
[blackscholes] unpaused.
[monitor] ['69%', '100%', '72%', '67%']  memcached=207.7%
[monitor] ['70%', '100%', '72%', '66%']  memcached=207.6%
[monitor] ['68%', '100%', '71%', '67%']  memcached=205.3%
[monitor] ['69%', '100%', '71%', '67%']  memcached=207.0%
[monitor] ['68%', '100%', '71%', '66%']  memcached=205.3%
[monitor] ['69%', '100%', '72%', '67%']  memcached=207.7%
[monitor] ['68%', '100%', '72%', '67%']  memcached=206.9%
[monitor] ['68%', '100%', '70%', '64%']  memcached=202.6%
[monitor] ['69%', '100%', '72%', '66%']  memcached=207.5%
[monitor] ['68%', '100%', '72%', '67%']  memcached=206.0%
[monitor] ['69%', '100%', '73%', '65%']  memcached=207.1%
[monitor] ['68%', '100%', '72%', '67%']  memcached=206.0%
[monitor] ['68%', '100%', '70%', '65%']  memcached=202.4%
[monitor] ['68%', '100%', '71%', '67%']  memcached=205.2%
[monitor] ['69%', '100%', '72%', '66%']  memcached=206.8%
[monitor] ['47%', '100%', '54%', '43%']  memcached=143.9%
[monitor] ['39%', '100%', '46%', '39%']  memcached=124.5%
[MEMCACHED] cores updated to: ['0', '3']
[barnes] unpaused.
[blackscholes] paused.
[monitor] ['61%', '100%', '100%', '57%']  memcached=118.5%
[monitor] ['62%', '100%', '100%', '62%']  memcached=124.0%
[monitor] ['59%', '100%', '100%', '61%']  memcached=119.9%
[monitor] ['60%', '100%', '100%', '57%']  memcached=117.0%
[monitor] ['60%', '100%', '100%', '61%']  memcached=121.0%
[monitor] ['59%', '100%', '100%', '60%']  memcached=119.0%
[monitor] ['61%', '100%', '100%', '60%']  memcached=121.0%
[monitor] ['59%', '100%', '100%', '59%']  memcached=117.5%
[monitor] ['59%', '100%', '100%', '60%']  memcached=119.0%
[monitor] ['60%', '100%', '100%', '60%']  memcached=120.0%
[monitor] ['57%', '100%', '100%', '59%']  memcached=116.0%
[monitor] ['61%', '100%', '100%', '59%']  memcached=119.9%
[monitor] ['61%', '100%', '100%', '60%']  memcached=121.0%
[monitor] ['59%', '100%', '100%', '57%']  memcached=116.5%
[monitor] ['61%', '100%', '100%', '65%']  memcached=126.0%
[monitor] ['65%', '100%', '100%', '66%']  memcached=130.9%
[monitor] ['65%', '100%', '100%', '68%']  memcached=133.3%
[monitor] ['63%', '100%', '100%', '68%']  memcached=130.9%
[monitor] ['66%', '100%', '100%', '64%']  memcached=129.9%
[monitor] ['63%', '100%', '100%', '65%']  memcached=128.4%
[monitor] ['64%', '100%', '100%', '68%']  memcached=131.6%
[monitor] ['68%', '100%', '100%', '66%']  memcached=133.4%
[monitor] ['63%', '100%', '100%', '68%']  memcached=131.8%
[monitor] ['63%', '100%', '100%', '68%']  memcached=130.7%
[monitor] ['67%', '100%', '100%', '65%']  memcached=131.7%
[monitor] ['66%', '100%', '100%', '62%']  memcached=128.4%
[monitor] ['67%', '100%', '100%', '67%']  memcached=133.3%
[monitor] ['65%', '93%', '100%', '66%']  memcached=130.8%
[monitor] ['62%', '0%', '100%', '64%']  memcached=125.6%
[monitor] ['68%', '64%', '52%', '66%']  memcached=134.2%
[barnes] ended.
[blackscholes] unpaused.
[blackscholes] cores updated to: [1, 2]
[monitor] ['67%', '100%', '100%', '65%']  memcached=131.5%
[monitor] ['54%', '100%', '100%', '55%']  memcached=108.8%
[monitor] ['55%', '100%', '100%', '54%']  memcached=108.8%
[monitor] ['51%', '100%', '100%', '54%']  memcached=105.2%
[monitor] ['54%', '100%', '100%', '55%']  memcached=109.3%
[monitor] ['54%', '100%', '100%', '51%']  memcached=105.2%
[monitor] ['54%', '100%', '100%', '56%']  memcached=110.2%
[monitor] ['54%', '100%', '100%', '51%']  memcached=105.2%
[monitor] ['53%', '100%', '100%', '55%']  memcached=107.6%
[monitor] ['55%', '100%', '100%', '50%']  memcached=105.0%
[monitor] ['51%', '100%', '100%', '54%']  memcached=105.2%
[monitor] ['53%', '100%', '100%', '55%']  memcached=107.6%
[monitor] ['56%', '100%', '100%', '59%']  memcached=114.9%
[monitor] ['54%', '100%', '100%', '61%']  memcached=115.0%
[monitor] ['60%', '100%', '100%', '56%']  memcached=115.9%
[monitor] ['56%', '100%', '100%', '60%']  memcached=115.9%
[monitor] ['51%', '100%', '100%', '55%']  memcached=106.4%
[monitor] ['41%', '100%', '100%', '41%']  memcached=82.4%
[monitor] ['23%', '100%', '100%', '20%']  memcached=42.6%
[MEMCACHED] cores updated to: ['0']
[blackscholes] cores updated to: [3, 1, 2]
[monitor] ['50%', '100%', '100%', '100%']  memcached=50.0%
[monitor] ['51%', '100%', '100%', '100%']  memcached=51.2%
[monitor] ['49%', '100%', '100%', '100%']  memcached=48.8%
[monitor] ['51%', '100%', '100%', '100%']  memcached=51.2%
[monitor] ['50%', '100%', '100%', '100%']  memcached=50.0%
[monitor] ['54%', '100%', '100%', '100%']  memcached=53.7%
[monitor] ['49%', '100%', '100%', '100%']  memcached=48.8%
[monitor] ['54%', '100%', '100%', '100%']  memcached=53.8%
[monitor] ['51%', '100%', '100%', '100%']  memcached=51.2%
[monitor] ['51%', '100%', '100%', '100%']  memcached=51.2%
[monitor] ['50%', '100%', '100%', '100%']  memcached=50.0%
[monitor] ['50%', '100%', '100%', '100%']  memcached=50.0%
[monitor] ['52%', '100%', '100%', '100%']  memcached=52.4%
[monitor] ['50%', '100%', '100%', '100%']  memcached=50.0%
[monitor] ['49%', '100%', '100%', '100%']  memcached=48.8%
[monitor] ['97%', '100%', '100%', '100%']  memcached=96.7%
[MEMCACHED] cores updated to: ['0', '2', '3']
[blackscholes] cores updated to: [1]
[monitor] ['73%', '100%', '79%', '67%']  memcached=218.6%
[monitor] ['71%', '100%', '74%', '68%']  memcached=212.3%
[monitor] ['69%', '100%', '74%', '67%']  memcached=210.3%
[monitor] ['71%', '100%', '74%', '69%']  memcached=214.0%
[monitor] ['69%', '100%', '71%', '66%']  memcached=206.1%
[monitor] ['70%', '100%', '72%', '67%']  memcached=208.5%
[monitor] ['70%', '100%', '72%', '67%']  memcached=208.5%
[monitor] ['69%', '100%', '70%', '69%']  memcached=208.7%
[monitor] ['67%', '100%', '72%', '63%']  memcached=202.3%
[monitor] ['71%', '100%', '74%', '69%']  memcached=214.6%
[monitor] ['70%', '100%', '71%', '67%']  memcached=207.7%
[monitor] ['69%', '100%', '70%', '66%']  memcached=205.3%
[monitor] ['69%', '100%', '72%', '68%']  memcached=209.2%
[monitor] ['68%', '100%', '71%', '68%']  memcached=207.0%
[monitor] ['69%', '100%', '72%', '66%']  memcached=207.5%
[monitor] ['66%', '100%', '68%', '66%']  memcached=199.1%
[monitor] ['59%', '100%', '66%', '57%']  memcached=181.6%
[monitor] ['62%', '100%', '64%', '63%']  memcached=189.2%
[monitor] ['60%', '100%', '64%', '59%']  memcached=183.1%
[monitor] ['62%', '100%', '63%', '61%']  memcached=185.5%
[monitor] ['61%', '100%', '62%', '59%']  memcached=182.4%
[monitor] ['59%', '100%', '63%', '59%']  memcached=181.1%
[monitor] ['60%', '100%', '63%', '58%']  memcached=181.3%
[monitor] ['60%', '100%', '62%', '59%']  memcached=181.5%
[monitor] ['59%', '100%', '62%', '61%']  memcached=182.0%
[monitor] ['59%', '100%', '66%', '59%']  memcached=183.8%
[monitor] ['59%', '100%', '61%', '59%']  memcached=178.5%
[monitor] ['61%', '100%', '63%', '60%']  memcached=183.9%
[monitor] ['58%', '100%', '62%', '60%']  memcached=180.4%
[monitor] ['64%', '100%', '72%', '62%']  memcached=197.6%
[monitor] ['68%', '100%', '83%', '62%']  memcached=212.0%
[monitor] ['62%', '93%', '68%', '64%']  memcached=193.8%
[blackscholes] ended.
[canneal] started on cores: [1] with 3 threads.
[monitor] ['72%', '100%', '76%', '75%']  memcached=223.1%
[monitor] ['70%', '100%', '74%', '76%']  memcached=220.3%
[monitor] ['74%', '100%', '78%', '76%']  memcached=228.4%
[monitor] ['74%', '100%', '76%', '74%']  memcached=224.4%
[monitor] ['71%', '100%', '73%', '72%']  memcached=216.5%
[monitor] ['71%', '100%', '76%', '76%']  memcached=222.4%
[monitor] ['74%', '100%', '77%', '72%']  memcached=222.8%
[monitor] ['71%', '100%', '76%', '74%']  memcached=221.1%
[monitor] ['72%', '100%', '73%', '71%']  memcached=215.8%
[monitor] ['70%', '100%', '77%', '75%']  memcached=222.2%
[monitor] ['72%', '100%', '76%', '72%']  memcached=220.0%
[monitor] ['71%', '100%', '74%', '74%']  memcached=218.4%
[monitor] ['78%', '100%', '83%', '81%']  memcached=241.7%
[monitor] ['81%', '100%', '85%', '81%']  memcached=246.0%
[monitor] ['81%', '100%', '86%', '83%']  memcached=249.6%
[monitor] ['81%', '100%', '88%', '83%']  memcached=251.3%
[monitor] ['83%', '100%', '85%', '83%']  memcached=251.0%
[monitor] ['85%', '100%', '91%', '85%']  memcached=261.2%
[monitor] ['86%', '100%', '97%', '89%']  memcached=271.2%
[monitor] ['88%', '100%', '94%', '94%']  memcached=275.7%
[monitor] ['88%', '100%', '91%', '85%']  memcached=263.7%
[monitor] ['89%', '100%', '88%', '86%']  memcached=263.2%
[monitor] ['85%', '100%', '91%', '91%']  memcached=266.8%
[monitor] ['81%', '100%', '89%', '82%']  memcached=252.0%
[monitor] ['83%', '100%', '88%', '83%']  memcached=253.6%
[monitor] ['81%', '100%', '86%', '83%']  memcached=249.6%
[monitor] ['83%', '100%', '88%', '81%']  memcached=252.6%
[monitor] ['79%', '100%', '85%', '80%']  memcached=244.7%
[monitor] ['81%', '100%', '84%', '83%']  memcached=247.7%
[monitor] ['69%', '100%', '71%', '69%']  memcached=209.5%
[monitor] ['69%', '100%', '74%', '72%']  memcached=214.7%
[monitor] ['69%', '100%', '74%', '69%']  memcached=212.8%
[monitor] ['67%', '100%', '72%', '69%']  memcached=208.4%
[monitor] ['71%', '100%', '74%', '72%']  memcached=216.5%
[monitor] ['68%', '100%', '71%', '72%']  memcached=211.1%
[monitor] ['69%', '100%', '74%', '70%']  memcached=213.4%
[monitor] ['69%', '100%', '72%', '68%']  memcached=209.4%
[monitor] ['69%', '100%', '74%', '72%']  memcached=215.4%
[monitor] ['70%', '100%', '73%', '71%']  memcached=214.0%
[monitor] ['85%', '100%', '79%', '78%']  memcached=241.9%
[monitor] ['71%', '100%', '73%', '72%']  memcached=215.8%
[monitor] ['68%', '100%', '72%', '72%']  memcached=212.0%
[monitor] ['69%', '100%', '74%', '70%']  memcached=212.9%
[monitor] ['68%', '100%', '72%', '71%']  memcached=212.0%
[monitor] ['70%', '100%', '74%', '71%']  memcached=214.7%
[monitor] ['56%', '100%', '58%', '58%']  memcached=171.8%
[monitor] ['36%', '100%', '45%', '41%']  memcached=122.3%
[MEMCACHED] cores updated to: ['0', '3']
[canneal] cores updated to: [1, 2]
[monitor] ['55%', '100%', '7%', '53%']  memcached=107.6%
[monitor] ['56%', '100%', '4%', '50%']  memcached=106.1%
[monitor] ['55%', '100%', '4%', '54%']  memcached=109.1%
[monitor] ['54%', '100%', '0%', '50%']  memcached=103.8%
[monitor] ['57%', '100%', '4%', '54%']  memcached=111.2%
[monitor] ['55%', '100%', '10%', '53%']  memcached=107.6%
[monitor] ['55%', '100%', '0%', '55%']  memcached=110.0%
[monitor] ['57%', '100%', '4%', '51%']  memcached=108.9%
[monitor] ['54%', '100%', '4%', '51%']  memcached=105.2%
[monitor] ['56%', '100%', '4%', '54%']  memcached=110.2%
[monitor] ['57%', '100%', '7%', '51%']  memcached=108.9%
[monitor] ['55%', '100%', '7%', '53%']  memcached=107.6%
[monitor] ['55%', '100%', '0%', '53%']  memcached=107.6%
[monitor] ['57%', '100%', '0%', '54%']  memcached=111.0%
[monitor] ['54%', '100%', '0%', '51%']  memcached=105.2%
[monitor] ['20%', '100%', '0%', '17%']  memcached=37.2%
[MEMCACHED] cores updated to: ['0']
[canneal] cores updated to: [1, 2, 3]
[monitor] ['31%', '100%', '3%', '3%']  memcached=31.2%
[monitor] ['30%', '100%', '3%', '0%']  memcached=30.3%
[monitor] ['30%', '100%', '3%', '3%']  memcached=30.3%
[monitor] ['33%', '100%', '7%', '0%']  memcached=33.3%
[monitor] ['31%', '100%', '0%', '0%']  memcached=31.2%
[monitor] ['32%', '100%', '3%', '3%']  memcached=32.4%
[monitor] ['26%', '3%', '0%', '100%']  memcached=25.8%
[monitor] ['30%', '0%', '0%', '100%']  memcached=30.3%
[monitor] ['34%', '0%', '3%', '100%']  memcached=34.3%
[monitor] ['28%', '3%', '0%', '100%']  memcached=28.1%
[monitor] ['28%', '3%', '3%', '100%']  memcached=28.1%
[monitor] ['32%', '0%', '0%', '100%']  memcached=32.4%
[monitor] ['33%', '0%', '0%', '100%']  memcached=33.3%
[monitor] ['28%', '100%', '0%', '0%']  memcached=28.1%
[monitor] ['27%', '100%', '0%', '0%']  memcached=26.7%
[monitor] ['56%', '100%', '7%', '4%']  memcached=56.2%
[monitor] ['100%', '100%', '4%', '0%']  memcached=100.0%
[MEMCACHED] cores updated to: ['0', '1', '2']
[canneal] cores updated to: [3]
[monitor] ['67%', '69%', '68%', '100%']  memcached=204.3%
[monitor] ['67%', '69%', '69%', '100%']  memcached=205.1%
[monitor] ['65%', '68%', '68%', '100%']  memcached=200.8%
[monitor] ['64%', '70%', '70%', '100%']  memcached=204.1%
[monitor] ['68%', '68%', '69%', '100%']  memcached=205.2%
[monitor] ['66%', '70%', '69%', '100%']  memcached=205.0%
[monitor] ['66%', '68%', '68%', '100%']  memcached=202.4%
[monitor] ['64%', '68%', '69%', '100%']  memcached=201.6%
[monitor] ['65%', '68%', '68%', '100%']  memcached=201.7%
[monitor] ['67%', '70%', '68%', '100%']  memcached=204.2%
[monitor] ['65%', '69%', '68%', '100%']  memcached=202.7%
[monitor] ['67%', '69%', '69%', '100%']  memcached=205.1%
[monitor] ['64%', '67%', '67%', '100%']  memcached=197.4%
[monitor] ['65%', '68%', '68%', '100%']  memcached=200.0%
[monitor] ['64%', '69%', '67%', '100%']  memcached=200.0%
[monitor] ['67%', '67%', '68%', '100%']  memcached=201.6%
[monitor] ['64%', '67%', '67%', '100%']  memcached=197.4%
[monitor] ['65%', '67%', '70%', '100%']  memcached=201.7%
[monitor] ['65%', '67%', '68%', '100%']  memcached=199.2%
[monitor] ['65%', '69%', '69%', '100%']  memcached=203.5%
[monitor] ['64%', '67%', '68%', '100%']  memcached=198.3%
[monitor] ['65%', '68%', '69%', '100%']  memcached=202.5%
[monitor] ['62%', '68%', '68%', '100%']  memcached=198.3%
[monitor] ['64%', '66%', '68%', '100%']  memcached=198.0%
[monitor] ['65%', '68%', '68%', '100%']  memcached=200.9%
[monitor] ['62%', '69%', '69%', '100%']  memcached=200.8%
[monitor] ['68%', '68%', '69%', '100%']  memcached=205.0%
[monitor] ['63%', '68%', '65%', '100%']  memcached=195.7%
[monitor] ['62%', '68%', '67%', '100%']  memcached=196.7%
[monitor] ['64%', '68%', '68%', '100%']  memcached=199.9%
[monitor] ['65%', '67%', '68%', '100%']  memcached=200.1%
[monitor] ['67%', '71%', '71%', '100%']  memcached=208.8%
[monitor] ['74%', '79%', '77%', '100%']  memcached=229.6%
[monitor] ['76%', '78%', '78%', '100%']  memcached=232.5%
[monitor] ['72%', '79%', '77%', '100%']  memcached=227.9%
[monitor] ['74%', '76%', '78%', '100%']  memcached=228.2%
[monitor] ['74%', '75%', '76%', '100%']  memcached=225.0%
[monitor] ['74%', '76%', '77%', '100%']  memcached=227.1%
[monitor] ['73%', '78%', '78%', '100%']  memcached=228.9%
[monitor] ['74%', '76%', '78%', '100%']  memcached=227.1%
[monitor] ['74%', '76%', '76%', '100%']  memcached=226.3%
[monitor] ['74%', '78%', '78%', '100%']  memcached=229.8%
[monitor] ['72%', '77%', '76%', '100%']  memcached=225.7%
[monitor] ['75%', '78%', '77%', '100%']  memcached=230.5%
[monitor] ['74%', '76%', '76%', '100%']  memcached=225.0%
[monitor] ['73%', '79%', '79%', '100%']  memcached=230.9%
[monitor] ['74%', '76%', '78%', '100%']  memcached=228.4%
[monitor] ['74%', '78%', '76%', '100%']  memcached=229.1%
[monitor] ['58%', '62%', '65%', '100%']  memcached=184.4%
[monitor] ['55%', '60%', '57%', '100%']  memcached=172.8%
[monitor] ['57%', '60%', '61%', '100%']  memcached=178.5%
[monitor] ['54%', '56%', '57%', '100%']  memcached=167.8%
[monitor] ['56%', '60%', '60%', '100%']  memcached=176.4%
[monitor] ['55%', '57%', '56%', '100%']  memcached=169.2%
[monitor] ['54%', '58%', '59%', '100%']  memcached=170.3%
[monitor] ['55%', '57%', '56%', '100%']  memcached=169.2%
[monitor] ['54%', '57%', '60%', '100%']  memcached=171.3%
[monitor] ['55%', '59%', '57%', '100%']  memcached=171.0%
[monitor] ['54%', '57%', '59%', '100%']  memcached=170.5%
[monitor] ['57%', '59%', '60%', '100%']  memcached=176.5%
[monitor] ['56%', '62%', '60%', '100%']  memcached=177.8%
[monitor] ['55%', '59%', '60%', '100%']  memcached=173.5%
[monitor] ['56%', '56%', '59%', '100%']  memcached=171.4%
[monitor] ['53%', '55%', '55%', '100%']  memcached=163.2%
[monitor] ['53%', '56%', '54%', '100%']  memcached=162.6%
[monitor] ['18%', '18%', '23%', '100%']  memcached=59.0%
[MEMCACHED] cores updated to: ['0', '2']
[canneal] cores updated to: [1, 3]
[monitor] ['42%', '94%', '42%', '93%']  memcached=83.3%
[monitor] ['43%', '93%', '42%', '93%']  memcached=84.9%
[monitor] ['39%', '93%', '38%', '93%']  memcached=77.1%
[monitor] ['45%', '93%', '38%', '93%']  memcached=83.0%
[monitor] ['42%', '93%', '42%', '93%']  memcached=83.3%
[monitor] ['43%', '97%', '42%', '93%']  memcached=84.9%
[monitor] ['43%', '90%', '43%', '93%']  memcached=86.1%
[monitor] ['42%', '93%', '42%', '93%']  memcached=83.3%
[monitor] ['42%', '93%', '40%', '93%']  memcached=81.7%
[monitor] ['42%', '93%', '41%', '93%']  memcached=83.3%
[monitor] ['45%', '93%', '39%', '90%']  memcached=83.6%
[monitor] ['43%', '90%', '39%', '97%']  memcached=82.6%
[monitor] ['42%', '97%', '40%', '93%']  memcached=81.7%
[monitor] ['42%', '90%', '40%', '94%']  memcached=81.7%
[monitor] ['42%', '93%', '45%', '93%']  memcached=86.4%
[monitor] ['68%', '97%', '65%', '93%']  memcached=132.3%
[monitor] ['81%', '100%', '82%', '97%']  memcached=162.7%
[MEMCACHED] cores updated to: ['0', '2', '3']
[canneal] cores updated to: [1]
[monitor] ['65%', '100%', '68%', '68%']  memcached=200.0%
[monitor] ['68%', '100%', '69%', '67%']  memcached=204.2%
[monitor] ['68%', '100%', '72%', '67%']  memcached=206.9%
[monitor] ['64%', '100%', '70%', '65%']  memcached=199.1%
[monitor] ['66%', '100%', '68%', '67%']  memcached=200.8%
[monitor] ['67%', '100%', '69%', '67%']  memcached=202.6%
[monitor] ['68%', '100%', '69%', '65%']  memcached=202.5%
[monitor] ['62%', '100%', '68%', '68%']  memcached=198.0%
[monitor] ['67%', '100%', '70%', '66%']  memcached=202.5%
[monitor] ['66%', '100%', '68%', '67%']  memcached=200.9%
[monitor] ['65%', '100%', '69%', '65%']  memcached=199.0%
[monitor] ['68%', '100%', '69%', '66%']  memcached=203.3%
[monitor] ['68%', '100%', '71%', '68%']  memcached=206.8%
[monitor] ['67%', '100%', '68%', '68%']  memcached=203.3%
[monitor] ['64%', '100%', '69%', '64%']  memcached=197.4%
[monitor] ['59%', '100%', '60%', '59%']  memcached=177.9%
[monitor] ['57%', '100%', '62%', '60%']  memcached=179.4%
[monitor] ['58%', '100%', '63%', '60%']  memcached=180.8%
[monitor] ['57%', '100%', '61%', '59%']  memcached=177.4%
[monitor] ['59%', '100%', '62%', '60%']  memcached=180.5%
[monitor] ['59%', '100%', '61%', '59%']  memcached=178.5%
[monitor] ['59%', '100%', '63%', '58%']  memcached=179.8%
[monitor] ['58%', '100%', '61%', '61%']  memcached=179.8%
[monitor] ['57%', '100%', '62%', '60%']  memcached=179.0%
[monitor] ['60%', '100%', '64%', '59%']  memcached=183.3%
[monitor] ['59%', '100%', '60%', '58%']  memcached=176.9%
[monitor] ['61%', '100%', '62%', '61%']  memcached=184.5%
[monitor] ['60%', '100%', '62%', '60%']  memcached=182.5%
[monitor] ['55%', '100%', '63%', '59%']  memcached=177.7%
[monitor] ['57%', '100%', '59%', '59%']  memcached=175.0%
[monitor] ['59%', '100%', '63%', '59%']  memcached=181.4%
[monitor] ['54%', '100%', '56%', '51%']  memcached=161.6%
[monitor] ['50%', '100%', '54%', '53%']  memcached=156.5%
[monitor] ['49%', '100%', '54%', '50%']  memcached=152.5%
[monitor] ['50%', '100%', '51%', '50%']  memcached=151.4%
[monitor] ['51%', '100%', '54%', '51%']  memcached=156.5%
[monitor] ['49%', '100%', '53%', '50%']  memcached=151.3%
[monitor] ['49%', '100%', '54%', '49%']  memcached=151.1%
[monitor] ['47%', '100%', '51%', '47%']  memcached=145.7%
[monitor] ['53%', '100%', '54%', '47%']  memcached=153.9%
[monitor] ['53%', '100%', '51%', '50%']  memcached=153.9%
[monitor] ['49%', '100%', '54%', '50%']  memcached=152.5%
[monitor] ['53%', '100%', '57%', '52%']  memcached=162.6%
[monitor] ['51%', '100%', '53%', '53%']  memcached=156.5%
[monitor] ['49%', '100%', '55%', '49%']  memcached=152.3%
[monitor] ['50%', '100%', '52%', '51%']  memcached=153.9%
[monitor] ['51%', '100%', '53%', '52%']  memcached=156.5%
[monitor] ['50%', '100%', '55%', '50%']  memcached=155.3%
[monitor] ['53%', '100%', '56%', '54%']  memcached=163.1%
[monitor] ['51%', '100%', '55%', '54%']  memcached=160.2%
[monitor] ['54%', '100%', '57%', '50%']  memcached=161.3%
[monitor] ['54%', '100%', '57%', '56%']  memcached=167.8%
[monitor] ['53%', '100%', '57%', '55%']  memcached=165.1%
[monitor] ['54%', '100%', '56%', '54%']  memcached=164.1%
[monitor] ['54%', '100%', '59%', '53%']  memcached=165.0%
[monitor] ['53%', '100%', '55%', '56%']  memcached=164.3%
[monitor] ['54%', '100%', '59%', '54%']  memcached=166.2%
[monitor] ['54%', '100%', '58%', '51%']  memcached=163.3%
[monitor] ['55%', '100%', '60%', '56%']  memcached=171.4%
[monitor] ['56%', '100%', '59%', '60%']  memcached=174.5%
[monitor] ['56%', '100%', '61%', '56%']  memcached=173.8%
[monitor] ['54%', '100%', '56%', '51%']  memcached=161.7%
[monitor] ['54%', '100%', '57%', '54%']  memcached=165.2%
[monitor] ['51%', '100%', '57%', '53%']  memcached=161.5%
[monitor] ['49%', '100%', '53%', '50%']  memcached=151.3%
[monitor] ['34%', '100%', '40%', '36%']  memcached=110.7%
[MEMCACHED] cores updated to: ['0', '3']
[canneal] cores updated to: [1, 2]
[monitor] ['54%', '90%', '93%', '50%']  memcached=103.8%
[monitor] ['54%', '94%', '90%', '51%']  memcached=105.2%
[monitor] ['50%', '90%', '97%', '56%']  memcached=106.1%
[monitor] ['55%', '87%', '90%', '51%']  memcached=106.4%
[monitor] ['50%', '86%', '97%', '56%']  memcached=106.1%
[monitor] ['55%', '87%', '90%', '51%']  memcached=106.4%
[monitor] ['54%', '90%', '90%', '53%']  memcached=106.5%
[monitor] ['56%', '79%', '100%', '55%']  memcached=111.1%
[monitor] ['51%', '83%', '93%', '54%']  memcached=105.2%
[monitor] ['55%', '90%', '94%', '52%']  memcached=107.5%
[monitor] ['54%', '90%', '93%', '55%']  memcached=108.8%
[monitor] ['51%', '87%', '90%', '54%']  memcached=105.1%
[monitor] ['55%', '86%', '93%', '53%']  memcached=107.6%
[monitor] ['51%', '73%', '94%', '57%']  memcached=108.4%
[monitor] ['54%', '90%', '86%', '50%']  memcached=103.8%
[monitor] ['68%', '87%', '97%', '68%']  memcached=135.1%
[monitor] ['78%', '93%', '97%', '72%']  memcached=150.2%
[monitor] ['73%', '93%', '93%', '74%']  memcached=146.7%
[monitor] ['74%', '90%', '96%', '74%']  memcached=148.0%
[monitor] ['77%', '90%', '93%', '73%']  memcached=149.9%
[monitor] ['73%', '87%', '93%', '76%']  memcached=149.3%
[monitor] ['74%', '97%', '93%', '73%']  memcached=146.7%
[monitor] ['74%', '90%', '97%', '76%']  memcached=150.0%
[monitor] ['75%', '86%', '93%', '74%']  memcached=148.7%
[monitor] ['76%', '89%', '93%', '76%']  memcached=151.4%
[monitor] ['74%', '93%', '93%', '74%']  memcached=147.4%
[monitor] ['76%', '93%', '97%', '74%']  memcached=149.4%
[monitor] ['76%', '93%', '90%', '76%']  memcached=152.0%
[monitor] ['74%', '97%', '93%', '76%']  memcached=150.0%
[monitor] ['70%', '90%', '94%', '76%']  memcached=145.9%
[monitor] ['74%', '83%', '100%', '77%']  memcached=150.6%
[monitor] ['74%', '72%', '97%', '74%']  memcached=147.4%
[monitor] ['75%', '83%', '97%', '79%']  memcached=154.4%
[monitor] ['78%', '79%', '93%', '78%']  memcached=156.8%
[monitor] ['76%', '79%', '97%', '83%']  memcached=158.5%
[monitor] ['76%', '80%', '93%', '81%']  memcached=156.2%
[monitor] ['80%', '82%', '100%', '81%']  memcached=161.1%
[MEMCACHED] cores updated to: ['0', '1', '3']
[canneal] cores updated to: [2]
[monitor] ['69%', '70%', '100%', '68%']  memcached=207.3%
[monitor] ['70%', '68%', '100%', '67%']  memcached=204.2%
[monitor] ['68%', '68%', '100%', '65%']  memcached=200.9%
[monitor] ['70%', '70%', '100%', '69%']  memcached=209.2%
[monitor] ['67%', '69%', '100%', '68%']  memcached=203.4%
[monitor] ['68%', '68%', '100%', '68%']  memcached=203.3%
[monitor] ['68%', '68%', '100%', '68%']  memcached=203.3%
[monitor] ['68%', '68%', '100%', '66%']  memcached=201.8%
[monitor] ['67%', '67%', '100%', '67%']  memcached=200.0%
[monitor] ['68%', '68%', '100%', '65%']  memcached=200.0%
[monitor] ['68%', '68%', '100%', '68%']  memcached=202.5%
[monitor] ['61%', '63%', '100%', '59%']  memcached=182.9%
[monitor] ['59%', '59%', '100%', '55%']  memcached=172.8%
[monitor] ['57%', '57%', '100%', '56%']  memcached=171.4%
[monitor] ['59%', '60%', '100%', '56%']  memcached=174.9%
[monitor] ['56%', '57%', '100%', '54%']  memcached=167.8%
[monitor] ['60%', '60%', '100%', '57%']  memcached=177.5%
[monitor] ['60%', '59%', '100%', '56%']  memcached=175.4%
[monitor] ['57%', '59%', '100%', '59%']  memcached=175.0%
[monitor] ['60%', '60%', '100%', '56%']  memcached=175.9%
[monitor] ['59%', '60%', '100%', '60%']  memcached=178.1%
[monitor] ['60%', '59%', '100%', '58%']  memcached=176.9%
[monitor] ['59%', '57%', '100%', '56%']  memcached=172.1%
[monitor] ['59%', '60%', '100%', '56%']  memcached=174.5%
[monitor] ['61%', '62%', '100%', '60%']  memcached=182.5%
[monitor] ['56%', '60%', '100%', '54%']  memcached=170.7%
[monitor] ['57%', '59%', '100%', '57%']  memcached=174.0%
[monitor] ['55%', '57%', '100%', '56%']  memcached=169.2%
[monitor] ['56%', '59%', '100%', '55%']  memcached=170.2%
[monitor] ['56%', '60%', '100%', '54%']  memcached=169.5%
[monitor] ['56%', '59%', '100%', '60%']  memcached=174.5%
[monitor] ['57%', '60%', '100%', '57%']  memcached=175.0%
[monitor] ['58%', '57%', '100%', '56%']  memcached=171.8%
[monitor] ['60%', '57%', '100%', '56%']  memcached=173.4%
[monitor] ['57%', '57%', '100%', '56%']  memcached=171.1%
[monitor] ['54%', '57%', '100%', '54%']  memcached=165.4%
[monitor] ['57%', '55%', '100%', '55%']  memcached=167.8%
[monitor] ['57%', '56%', '100%', '56%']  memcached=170.3%
[monitor] ['56%', '59%', '100%', '54%']  memcached=169.2%
[monitor] ['57%', '55%', '100%', '55%']  memcached=167.8%
[monitor] ['56%', '57%', '100%', '54%']  memcached=167.4%
[monitor] ['61%', '61%', '100%', '59%']  memcached=180.5%
[monitor] ['59%', '57%', '100%', '55%']  memcached=171.0%
[monitor] ['55%', '56%', '100%', '56%']  memcached=167.5%
[monitor] ['70%', '69%', '100%', '68%']  memcached=206.8%
[monitor] ['81%', '81%', '100%', '79%']  memcached=241.1%
[monitor] ['78%', '81%', '100%', '76%']  memcached=234.6%
[monitor] ['78%', '78%', '100%', '75%']  memcached=230.6%
[monitor] ['78%', '81%', '100%', '78%']  memcached=237.3%
[monitor] ['83%', '81%', '100%', '79%']  memcached=243.4%
[monitor] ['78%', '81%', '100%', '78%']  memcached=236.1%
[monitor] ['78%', '81%', '100%', '78%']  memcached=236.6%
[monitor] ['78%', '78%', '100%', '76%']  memcached=233.1%
[monitor] ['79%', '80%', '100%', '78%']  memcached=236.7%
[monitor] ['78%', '78%', '100%', '76%']  memcached=232.4%
[monitor] ['78%', '81%', '100%', '77%']  memcached=235.3%
[monitor] ['78%', '81%', '100%', '77%']  memcached=236.1%
[monitor] ['76%', '78%', '100%', '74%']  memcached=229.1%
[monitor] ['78%', '77%', '100%', '78%']  memcached=233.3%
[monitor] ['76%', '79%', '100%', '76%']  memcached=230.9%
[monitor] ['79%', '78%', '100%', '76%']  memcached=232.4%
[monitor] ['23%', '23%', '100%', '20%']  memcached=66.7%
[MEMCACHED] cores updated to: ['0', '3']
[canneal] cores updated to: [1, 2]
[monitor] ['7%', '94%', '90%', '4%']  memcached=10.5%
[MEMCACHED] cores updated to: ['0']
[canneal] cores updated to: [3, 1, 2]
[monitor] ['10%', '100%', '90%', '100%']  memcached=10.3%
[monitor] ['11%', '100%', '93%', '100%']  memcached=10.7%
[monitor] ['15%', '100%', '90%', '100%']  memcached=14.8%
[monitor] ['7%', '97%', '90%', '100%']  memcached=7.4%
[monitor] ['11%', '100%', '93%', '97%']  memcached=10.7%
[monitor] ['10%', '100%', '87%', '100%']  memcached=10.3%
[monitor] ['11%', '100%', '90%', '100%']  memcached=10.7%
[monitor] ['10%', '97%', '90%', '100%']  memcached=10.3%
[monitor] ['7%', '100%', '90%', '100%']  memcached=7.4%
[monitor] ['14%', '100%', '93%', '97%']  memcached=14.3%
[monitor] ['4%', '97%', '87%', '100%']  memcached=3.7%
[monitor] ['14%', '100%', '90%', '100%']  memcached=13.8%
[monitor] ['7%', '97%', '93%', '97%']  memcached=7.4%
[monitor] ['11%', '96%', '97%', '93%']  memcached=10.7%
[monitor] ['28%', '83%', '100%', '86%']  memcached=28.1%
[monitor] ['52%', '84%', '100%', '83%']  memcached=52.4%
[monitor] ['51%', '97%', '97%', '97%']  memcached=51.2%
[monitor] ['50%', '100%', '94%', '97%']  memcached=50.0%
[monitor] ['50%', '97%', '96%', '100%']  memcached=50.0%
[monitor] ['50%', '100%', '93%', '100%']  memcached=50.0%
[monitor] ['48%', '100%', '94%', '100%']  memcached=47.5%
[monitor] ['50%', '100%', '93%', '97%']  memcached=50.0%
[monitor] ['51%', '100%', '93%', '100%']  memcached=51.2%
[monitor] ['49%', '100%', '97%', '100%']  memcached=48.8%
[monitor] ['49%', '97%', '93%', '100%']  memcached=48.7%
[monitor] ['49%', '100%', '94%', '97%']  memcached=48.8%
[monitor] ['49%', '100%', '97%', '100%']  memcached=48.7%
[monitor] ['50%', '100%', '93%', '100%']  memcached=50.0%
[monitor] ['51%', '100%', '93%', '100%']  memcached=51.2%
[monitor] ['48%', '100%', '93%', '97%']  memcached=47.5%
[monitor] ['51%', '100%', '94%', '100%']  memcached=51.2%
[monitor] ['28%', '100%', '90%', '100%']  memcached=28.1%
[monitor] ['11%', '100%', '90%', '100%']  memcached=10.7%
[monitor] ['23%', '100%', '90%', '97%']  memcached=22.6%
[monitor] ['17%', '100%', '90%', '100%']  memcached=17.2%
[monitor] ['11%', '97%', '93%', '100%']  memcached=11.1%
[monitor] ['27%', '100%', '94%', '100%']  memcached=26.7%
[monitor] ['17%', '100%', '93%', '100%']  memcached=17.2%
[monitor] ['20%', '100%', '93%', '97%']  memcached=20.0%
[monitor] ['17%', '97%', '93%', '100%']  memcached=17.2%
[monitor] ['19%', '100%', '90%', '100%']  memcached=19.4%
[monitor] ['17%', '100%', '90%', '100%']  memcached=17.2%
[monitor] ['17%', '100%', '94%', '100%']  memcached=17.2%
[monitor] ['17%', '100%', '93%', '100%']  memcached=17.2%
[monitor] ['20%', '97%', '93%', '97%']  memcached=20.0%
[monitor] ['14%', '100%', '90%', '100%']  memcached=14.3%
[monitor] ['21%', '100%', '93%', '100%']  memcached=20.7%
[monitor] ['26%', '100%', '90%', '100%']  memcached=25.8%
[monitor] ['88%', '94%', '100%', '93%']  memcached=87.9%
[MEMCACHED] cores updated to: ['0', '2']
[canneal] cores updated to: [3, 1]
[monitor] ['67%', '100%', '69%', '97%']  memcached=135.7%
[monitor] ['67%', '97%', '67%', '94%']  memcached=134.1%
[monitor] ['65%', '97%', '67%', '97%']  memcached=131.7%
[monitor] ['67%', '97%', '67%', '97%']  memcached=134.9%
[monitor] ['66%', '97%', '66%', '97%']  memcached=131.7%
[monitor] ['67%', '97%', '68%', '93%']  memcached=135.0%
[monitor] ['66%', '97%', '67%', '97%']  memcached=132.5%
[monitor] ['67%', '97%', '67%', '97%']  memcached=133.3%
[monitor] ['67%', '97%', '68%', '97%']  memcached=134.9%
[monitor] ['67%', '97%', '67%', '96%']  memcached=133.3%
[monitor] ['66%', '97%', '67%', '97%']  memcached=133.3%
[monitor] ['67%', '94%', '66%', '94%']  memcached=132.5%
[monitor] ['67%', '97%', '68%', '97%']  memcached=135.7%
[monitor] ['67%', '97%', '66%', '97%']  memcached=132.5%
[monitor] ['66%', '97%', '68%', '97%']  memcached=134.2%
[monitor] ['43%', '93%', '43%', '97%']  memcached=85.7%
[monitor] ['23%', '93%', '20%', '90%']  memcached=43.3%
[MEMCACHED] cores updated to: ['0']
[canneal] cores updated to: [3, 1, 2]
[monitor] ['55%', '100%', '94%', '100%']  memcached=54.8%
[monitor] ['56%', '100%', '97%', '97%']  memcached=55.8%
[monitor] ['55%', '94%', '97%', '97%']  memcached=54.5%
[monitor] ['59%', '90%', '100%', '90%']  memcached=58.5%
[monitor] ['57%', '97%', '100%', '93%']  memcached=56.8%
[monitor] ['51%', '100%', '97%', '100%']  memcached=51.2%
[monitor] ['56%', '100%', '97%', '100%']  memcached=55.8%
[monitor] ['52%', '100%', '96%', '97%']  memcached=52.4%
[monitor] ['55%', '97%', '94%', '100%']  memcached=54.8%
[monitor] ['52%', '100%', '97%', '100%']  memcached=52.4%
[monitor] ['55%', '100%', '94%', '100%']  memcached=54.5%
[monitor] ['53%', '100%', '93%', '97%']  memcached=53.5%
[monitor] ['51%', '100%', '97%', '100%']  memcached=51.2%
[monitor] ['52%', '100%', '93%', '100%']  memcached=52.4%
[monitor] ['58%', '97%', '97%', '100%']  memcached=58.1%
[monitor] ['100%', '97%', '100%', '90%']  memcached=100.0%
[MEMCACHED] cores updated to: ['0', '1', '3']
[canneal] cores updated to: [2]
[monitor] ['74%', '75%', '100%', '76%']  memcached=225.0%
[monitor] ['69%', '70%', '100%', '68%']  memcached=206.8%
[monitor] ['69%', '71%', '100%', '68%']  memcached=208.7%
[monitor] ['70%', '69%', '100%', '68%']  memcached=206.7%
[monitor] ['68%', '70%', '100%', '68%']  memcached=206.8%
[monitor] ['70%', '71%', '100%', '72%']  memcached=213.1%
[monitor] ['71%', '71%', '100%', '67%']  memcached=208.8%
[monitor] ['72%', '70%', '100%', '70%']  memcached=211.8%
[monitor] ['68%', '72%', '100%', '67%']  memcached=207.6%
[monitor] ['68%', '68%', '100%', '68%']  memcached=205.1%
[monitor] ['71%', '69%', '100%', '70%']  memcached=210.3%
[monitor] ['72%', '72%', '100%', '70%']  memcached=214.3%
[monitor] ['70%', '72%', '100%', '68%']  memcached=210.9%
[monitor] ['68%', '69%', '100%', '68%']  memcached=205.2%
[monitor] ['70%', '70%', '100%', '69%']  memcached=209.2%
[monitor] ['41%', '41%', '100%', '41%']  memcached=122.4%
[MEMCACHED] cores updated to: ['0', '3']
[canneal] cores updated to: [1, 2]
[monitor] ['26%', '93%', '90%', '28%']  memcached=53.9%
[MEMCACHED] cores updated to: ['0']
[canneal] cores updated to: [3, 1, 2]
[monitor] ['58%', '100%', '93%', '100%']  memcached=57.8%
[monitor] ['60%', '100%', '97%', '97%']  memcached=60.0%
[monitor] ['60%', '100%', '93%', '100%']  memcached=60.0%
[monitor] ['60%', '97%', '94%', '97%']  memcached=59.5%
[monitor] ['60%', '97%', '97%', '97%']  memcached=60.0%
[monitor] ['61%', '90%', '100%', '90%']  memcached=60.9%
[monitor] ['59%', '90%', '97%', '86%']  memcached=59.1%
[monitor] ['62%', '90%', '100%', '90%']  memcached=61.7%
[monitor] ['59%', '94%', '100%', '94%']  memcached=59.1%
[monitor] ['60%', '100%', '94%', '100%']  memcached=60.0%
[monitor] ['59%', '100%', '97%', '100%']  memcached=58.7%
[monitor] ['60%', '100%', '97%', '97%']  memcached=60.0%
[monitor] ['59%', '100%', '93%', '100%']  memcached=59.1%
[monitor] ['59%', '97%', '96%', '97%']  memcached=59.1%
[monitor] ['65%', '100%', '94%', '100%']  memcached=65.1%
[monitor] ['100%', '97%', '100%', '93%']  memcached=100.0%
[MEMCACHED] cores updated to: ['0', '2', '3']
[canneal] cores updated to: [1]
[monitor] ['76%', '100%', '78%', '71%']  memcached=224.5%
[monitor] ['70%', '100%', '72%', '69%']  memcached=211.0%
[monitor] ['69%', '100%', '71%', '70%']  memcached=210.3%
[monitor] ['68%', '100%', '70%', '69%']  memcached=206.7%
[monitor] ['70%', '100%', '72%', '70%']  memcached=211.8%
[monitor] ['68%', '100%', '71%', '68%']  memcached=207.0%
[monitor] ['68%', '100%', '72%', '68%']  memcached=208.3%
[monitor] ['69%', '100%', '70%', '68%']  memcached=207.9%
[monitor] ['67%', '100%', '72%', '68%']  memcached=206.7%
[monitor] ['67%', '100%', '69%', '70%']  memcached=205.9%
[monitor] ['70%', '100%', '72%', '68%']  memcached=210.0%
[monitor] ['67%', '100%', '69%', '69%']  memcached=205.1%
[monitor] ['69%', '100%', '72%', '68%']  memcached=209.3%
[monitor] ['68%', '100%', '69%', '67%']  memcached=203.4%
[monitor] ['66%', '100%', '71%', '68%']  memcached=205.3%
[monitor] ['56%', '100%', '57%', '57%']  memcached=170.7%
[monitor] ['51%', '100%', '52%', '49%']  memcached=152.4%
[monitor] ['50%', '100%', '54%', '50%']  memcached=153.8%
[monitor] ['53%', '100%', '53%', '47%']  memcached=152.5%
[monitor] ['49%', '100%', '56%', '47%']  memcached=152.0%
[monitor] ['49%', '100%', '54%', '49%']  memcached=151.1%
[monitor] ['46%', '100%', '55%', '50%']  memcached=150.9%
[monitor] ['46%', '100%', '51%', '49%']  memcached=145.6%
[monitor] ['51%', '100%', '54%', '49%']  memcached=153.8%
[monitor] ['50%', '100%', '54%', '50%']  memcached=153.8%
[monitor] ['49%', '100%', '50%', '49%']  memcached=147.3%
[monitor] ['49%', '100%', '56%', '54%']  memcached=158.6%
[monitor] ['50%', '100%', '56%', '57%']  memcached=163.2%
[monitor] ['49%', '100%', '54%', '47%']  memcached=149.7%
[monitor] ['46%', '100%', '53%', '49%']  memcached=147.2%
[monitor] ['50%', '100%', '54%', '46%']  memcached=149.6%
[monitor] ['49%', '100%', '50%', '49%']  memcached=147.3%
[monitor] ['14%', '100%', '8%', '17%']  memcached=38.2%
[MEMCACHED] cores updated to: ['0', '3']
[canneal] cores updated to: [2, 1]
[monitor] ['17%', '90%', '93%', '18%']  memcached=35.1%
[MEMCACHED] cores updated to: ['0']
[canneal] cores updated to: [2, 1, 3]
[monitor] ['56%', '100%', '94%', '100%']  memcached=55.6%
[monitor] ['53%', '100%', '93%', '97%']  memcached=53.5%
[monitor] ['55%', '97%', '93%', '100%']  memcached=54.5%
[monitor] ['55%', '100%', '93%', '100%']  memcached=54.8%
[monitor] ['56%', '100%', '97%', '100%']  memcached=55.8%
[monitor] ['53%', '100%', '93%', '97%']  memcached=53.5%
[monitor] ['56%', '100%', '94%', '100%']  memcached=55.8%
[monitor] ['55%', '97%', '96%', '100%']  memcached=54.8%
[monitor] ['56%', '100%', '94%', '100%']  memcached=55.8%
[monitor] ['46%', '100%', '21%', '23%']  memcached=46.2%
[monitor] ['43%', '100%', '3%', '3%']  memcached=43.2%
[monitor] ['46%', '100%', '3%', '0%']  memcached=46.2%
[monitor] ['42%', '100%', '3%', '0%']  memcached=42.1%
[monitor] ['49%', '100%', '4%', '0%']  memcached=48.7%
[monitor] ['75%', '100%', '4%', '0%']  memcached=75.0%
[monitor] ['100%', '44%', '0%', '69%']  memcached=100.0%
[MEMCACHED] cores updated to: ['0', '1', '3']
[canneal] cores updated to: [2]
[monitor] ['80%', '91%', '100%', '78%']  memcached=249.3%
[monitor] ['76%', '76%', '100%', '74%']  memcached=227.0%
[monitor] ['74%', '76%', '100%', '74%']  memcached=223.0%
[monitor] ['76%', '74%', '100%', '71%']  memcached=221.7%
[monitor] ['74%', '74%', '100%', '72%']  memcached=219.2%
[monitor] ['74%', '73%', '100%', '70%']  memcached=216.9%
[monitor] ['74%', '74%', '100%', '72%']  memcached=219.8%
[monitor] ['74%', '74%', '100%', '71%']  memcached=218.4%
[monitor] ['71%', '71%', '100%', '72%']  memcached=213.9%
[monitor] ['72%', '74%', '100%', '69%']  memcached=215.4%
[monitor] ['74%', '74%', '100%', '74%']  memcached=222.4%
[monitor] ['75%', '76%', '89%', '73%']  memcached=223.6%
[canneal] ended.
[MEMCACHED] cores updated to: ['0', '2', '3']
[freqmine] started on cores: [1] with 3 threads.
[monitor] ['72%', '100%', '76%', '77%']  memcached=224.4%
[monitor] ['72%', '100%', '72%', '70%']  memcached=214.6%
[monitor] ['57%', '100%', '64%', '63%']  memcached=184.3%
[monitor] ['60%', '100%', '61%', '62%']  memcached=183.0%
[monitor] ['58%', '100%', '63%', '59%']  memcached=180.3%
[monitor] ['60%', '100%', '62%', '57%']  memcached=180.0%
[monitor] ['59%', '100%', '62%', '59%']  memcached=179.9%
[monitor] ['57%', '100%', '63%', '59%']  memcached=179.9%
[monitor] ['60%', '100%', '64%', '59%']  memcached=183.3%
[monitor] ['56%', '100%', '60%', '57%']  memcached=173.9%
[monitor] ['59%', '100%', '63%', '59%']  memcached=181.4%
[monitor] ['59%', '100%', '62%', '58%']  memcached=178.4%
[monitor] ['60%', '100%', '63%', '63%']  memcached=186.8%
[monitor] ['63%', '100%', '66%', '66%']  memcached=195.1%
[monitor] ['62%', '100%', '65%', '62%']  memcached=188.1%
[monitor] ['59%', '100%', '63%', '61%']  memcached=182.3%
[monitor] ['58%', '100%', '61%', '57%']  memcached=175.9%
[monitor] ['60%', '100%', '63%', '59%']  memcached=182.4%
[monitor] ['72%', '100%', '73%', '72%']  memcached=216.6%
[monitor] ['82%', '100%', '88%', '83%']  memcached=253.4%
[monitor] ['89%', '100%', '97%', '83%']  memcached=268.9%
[monitor] ['86%', '100%', '85%', '80%']  memcached=251.0%
[monitor] ['78%', '100%', '82%', '78%']  memcached=239.1%
[monitor] ['83%', '100%', '88%', '81%']  memcached=251.3%
[monitor] ['80%', '100%', '83%', '78%']  memcached=241.7%
[monitor] ['79%', '100%', '83%', '78%']  memcached=239.6%
[monitor] ['80%', '100%', '85%', '76%']  memcached=241.6%
[monitor] ['77%', '100%', '81%', '76%']  memcached=234.9%
[monitor] ['78%', '100%', '85%', '76%']  memcached=239.4%
[monitor] ['76%', '100%', '82%', '75%']  memcached=233.8%
[monitor] ['76%', '100%', '84%', '77%']  memcached=237.5%
[monitor] ['80%', '100%', '86%', '78%']  memcached=243.5%
[monitor] ['80%', '100%', '85%', '78%']  memcached=243.7%
[monitor] ['81%', '100%', '83%', '80%']  memcached=244.4%
[monitor] ['81%', '100%', '85%', '77%']  memcached=242.8%
[monitor] ['29%', '100%', '29%', '24%']  memcached=82.2%
[MEMCACHED] cores updated to: ['0', '3']
[freqmine] cores updated to: [1, 2]
[monitor] ['35%', '100%', '100%', '35%']  memcached=70.6%
[monitor] ['31%', '100%', '100%', '29%']  memcached=60.3%
[MEMCACHED] cores updated to: ['0']
[freqmine] cores updated to: [1, 2, 3]
[monitor] ['69%', '100%', '100%', '100%']  memcached=68.9%
[monitor] ['100%', '100%', '100%', '100%']  memcached=100.0%
[MEMCACHED] cores updated to: ['0', '1', '2']
[freqmine] cores updated to: [3]
[monitor] ['100%', '17%', '26%', '100%']  memcached=143.0%
[monitor] ['71%', '15%', '50%', '100%']  memcached=135.8%
[MEMCACHED] cores updated to: ['0', '2']
[freqmine] cores updated to: [1, 3]
[monitor] ['36%', '100%', '53%', '100%']  memcached=88.9%
[monitor] ['36%', '100%', '38%', '100%']  memcached=74.6%
[monitor] ['37%', '100%', '31%', '100%']  memcached=68.4%
[MEMCACHED] cores updated to: ['0']
[freqmine] cores updated to: [1, 2, 3]
[monitor] ['60%', '100%', '100%', '100%']  memcached=60.0%
[monitor] ['61%', '45%', '46%', '100%']  memcached=60.9%
[monitor] ['60%', '97%', '52%', '52%']  memcached=60.0%
[monitor] ['61%', '100%', '100%', '100%']  memcached=60.9%
[monitor] ['61%', '100%', '100%', '100%']  memcached=60.9%
[monitor] ['61%', '100%', '100%', '100%']  memcached=61.4%
[monitor] ['91%', '100%', '100%', '100%']  memcached=90.6%
[MEMCACHED] cores updated to: ['0', '1', '3']
[freqmine] cores updated to: [2]
[monitor] ['78%', '82%', '100%', '80%']  memcached=240.1%
[monitor] ['73%', '76%', '100%', '74%']  memcached=222.3%
[monitor] ['72%', '75%', '100%', '72%']  memcached=220.0%
[monitor] ['76%', '77%', '100%', '76%']  memcached=229.8%
[monitor] ['72%', '76%', '100%', '75%']  memcached=222.9%
[monitor] ['75%', '78%', '100%', '74%']  memcached=227.1%
[monitor] ['73%', '77%', '100%', '74%']  memcached=224.3%
[monitor] ['76%', '76%', '100%', '76%']  memcached=227.0%
[monitor] ['71%', '76%', '100%', '72%']  memcached=218.5%
[monitor] ['74%', '76%', '100%', '73%']  memcached=222.3%
[monitor] ['72%', '74%', '100%', '72%']  memcached=217.9%
[monitor] ['72%', '75%', '100%', '74%']  memcached=221.6%
[monitor] ['72%', '74%', '100%', '74%']  memcached=219.9%
[monitor] ['71%', '77%', '100%', '72%']  memcached=219.8%
[monitor] ['71%', '74%', '100%', '72%']  memcached=216.5%
[monitor] ['70%', '75%', '100%', '73%']  memcached=218.2%
[monitor] ['70%', '72%', '100%', '70%']  memcached=212.5%
[monitor] ['70%', '72%', '100%', '71%']  memcached=213.1%
[monitor] ['69%', '74%', '100%', '72%']  memcached=214.7%
[monitor] ['68%', '74%', '100%', '69%']  memcached=211.3%
[monitor] ['68%', '72%', '100%', '70%']  memcached=210.9%
[monitor] ['72%', '74%', '100%', '71%']  memcached=216.5%
[monitor] ['70%', '74%', '100%', '71%']  memcached=214.7%
[monitor] ['71%', '72%', '100%', '70%']  memcached=212.8%
[monitor] ['69%', '74%', '100%', '71%']  memcached=214.0%
[monitor] ['71%', '74%', '100%', '69%']  memcached=214.0%
[monitor] ['69%', '72%', '100%', '72%']  memcached=212.8%
[monitor] ['70%', '74%', '100%', '70%']  memcached=213.7%
[monitor] ['70%', '72%', '100%', '71%']  memcached=213.1%
[monitor] ['70%', '74%', '100%', '70%']  memcached=213.7%
[monitor] ['74%', '74%', '100%', '73%']  memcached=221.0%
[monitor] ['69%', '73%', '100%', '72%']  memcached=214.0%
[monitor] ['76%', '78%', '100%', '75%']  memcached=229.1%
[monitor] ['78%', '83%', '100%', '83%']  memcached=244.1%
[monitor] ['78%', '78%', '100%', '76%']  memcached=233.1%
[monitor] ['76%', '80%', '100%', '78%']  memcached=234.7%
[monitor] ['76%', '78%', '100%', '76%']  memcached=231.0%
[monitor] ['77%', '83%', '100%', '80%']  memcached=240.5%
[monitor] ['76%', '81%', '100%', '75%']  memcached=232.4%
[monitor] ['76%', '80%', '100%', '76%']  memcached=232.0%
[monitor] ['81%', '81%', '100%', '78%']  memcached=240.0%
[monitor] ['76%', '81%', '100%', '78%']  memcached=235.2%
[monitor] ['78%', '81%', '100%', '78%']  memcached=236.1%
[monitor] ['78%', '83%', '100%', '79%']  memcached=240.1%
[monitor] ['76%', '78%', '100%', '78%']  memcached=231.9%
[monitor] ['78%', '81%', '100%', '76%']  memcached=235.2%
[monitor] ['78%', '81%', '100%', '79%']  memcached=237.3%
[monitor] ['76%', '81%', '100%', '76%']  memcached=232.4%
[monitor] ['72%', '74%', '100%', '73%']  memcached=218.7%
[monitor] ['33%', '36%', '100%', '36%']  memcached=106.1%
[MEMCACHED] cores updated to: ['0', '3']
[freqmine] cores updated to: [1, 2]
[monitor] ['50%', '100%', '100%', '49%']  memcached=98.6%
[monitor] ['49%', '100%', '100%', '51%']  memcached=99.9%
[monitor] ['47%', '100%', '100%', '46%']  memcached=93.2%
[monitor] ['51%', '100%', '100%', '51%']  memcached=102.6%
[monitor] ['47%', '100%', '100%', '51%']  memcached=98.7%
[monitor] ['50%', '100%', '100%', '53%']  memcached=102.6%
[monitor] ['47%', '100%', '100%', '47%']  memcached=94.6%
[monitor] ['51%', '100%', '100%', '50%']  memcached=101.3%
[monitor] ['50%', '100%', '100%', '49%']  memcached=98.6%
[monitor] ['51%', '100%', '100%', '44%']  memcached=95.7%
[monitor] ['51%', '100%', '100%', '53%']  memcached=103.9%
[monitor] ['47%', '100%', '100%', '50%']  memcached=97.2%
[monitor] ['55%', '100%', '100%', '46%']  memcached=100.9%
[monitor] ['50%', '100%', '100%', '55%']  memcached=105.0%
[monitor] ['54%', '100%', '100%', '55%']  memcached=108.8%
[monitor] ['43%', '100%', '100%', '43%']  memcached=86.1%
[monitor] ['31%', '100%', '100%', '35%']  memcached=66.5%
[MEMCACHED] cores updated to: ['0']
[freqmine] cores updated to: [1, 2, 3]
[monitor] ['58%', '100%', '100%', '100%']  memcached=57.8%
[monitor] ['59%', '100%', '100%', '100%']  memcached=59.1%
[monitor] ['53%', '100%', '100%', '100%']  memcached=53.5%
[monitor] ['59%', '100%', '100%', '100%']  memcached=58.5%
[monitor] ['57%', '100%', '100%', '100%']  memcached=56.8%
[monitor] ['56%', '100%', '100%', '100%']  memcached=55.8%
[monitor] ['59%', '100%', '100%', '100%']  memcached=58.7%
[monitor] ['55%', '100%', '100%', '100%']  memcached=54.8%
[monitor] ['57%', '100%', '100%', '100%']  memcached=56.8%
[monitor] ['57%', '100%', '100%', '100%']  memcached=56.8%
[monitor] ['52%', '100%', '100%', '100%']  memcached=52.4%
[monitor] ['57%', '100%', '100%', '100%']  memcached=56.8%
[monitor] ['55%', '100%', '100%', '100%']  memcached=54.8%
[monitor] ['55%', '100%', '100%', '100%']  memcached=54.5%
[monitor] ['60%', '100%', '100%', '100%']  memcached=59.5%
[monitor] ['100%', '100%', '100%', '100%']  memcached=100.0%
[MEMCACHED] cores updated to: ['0', '2', '3']
[freqmine] cores updated to: [1]
[monitor] ['64%', '100%', '68%', '63%']  memcached=195.2%
[monitor] ['64%', '100%', '68%', '62%']  memcached=194.1%
[monitor] ['64%', '100%', '68%', '62%']  memcached=194.1%
[monitor] ['65%', '100%', '66%', '62%']  memcached=193.4%
[monitor] ['62%', '100%', '68%', '61%']  memcached=191.3%
[monitor] ['64%', '100%', '68%', '62%']  memcached=194.1%
[monitor] ['63%', '100%', '68%', '62%']  memcached=193.0%
[monitor] ['66%', '100%', '66%', '61%']  memcached=192.2%
[monitor] ['64%', '100%', '68%', '63%']  memcached=195.6%
[monitor] ['64%', '100%', '68%', '62%']  memcached=194.3%
[monitor] ['63%', '100%', '67%', '62%']  memcached=191.4%
[monitor] ['66%', '100%', '68%', '61%']  memcached=193.9%
[monitor] ['65%', '100%', '67%', '62%']  memcached=193.2%
[monitor] ['62%', '100%', '68%', '63%']  memcached=193.4%
[monitor] ['66%', '100%', '66%', '62%']  memcached=193.2%
[monitor] ['58%', '100%', '62%', '55%']  memcached=175.7%
[monitor] ['54%', '100%', '59%', '50%']  memcached=162.4%
[monitor] ['57%', '100%', '59%', '51%']  memcached=167.4%
[monitor] ['54%', '100%', '59%', '53%']  memcached=165.5%
[monitor] ['56%', '100%', '61%', '56%']  memcached=173.8%
[monitor] ['59%', '100%', '61%', '56%']  memcached=176.4%
[monitor] ['56%', '100%', '60%', '54%']  memcached=170.3%
[monitor] ['55%', '100%', '59%', '54%']  memcached=167.6%
[monitor] ['56%', '100%', '59%', '50%']  memcached=165.4%
[monitor] ['55%', '100%', '60%', '53%']  memcached=167.2%
[monitor] ['55%', '100%', '57%', '51%']  memcached=164.1%
[monitor] ['57%', '100%', '59%', '51%']  memcached=167.8%
[monitor] ['55%', '100%', '61%', '54%']  memcached=170.1%
[monitor] ['53%', '100%', '59%', '51%']  memcached=162.5%
[monitor] ['54%', '100%', '59%', '53%']  memcached=165.0%
[monitor] ['55%', '100%', '56%', '53%']  memcached=164.3%
[monitor] ['56%', '100%', '61%', '53%']  memcached=169.7%
[monitor] ['72%', '100%', '71%', '68%']  memcached=211.3%
[monitor] ['70%', '100%', '74%', '68%']  memcached=211.9%
[monitor] ['72%', '100%', '74%', '68%']  memcached=213.0%
[monitor] ['72%', '100%', '74%', '70%']  memcached=215.7%
[monitor] ['72%', '100%', '76%', '70%']  memcached=218.1%
[monitor] ['74%', '100%', '78%', '74%']  memcached=225.8%
[monitor] ['73%', '100%', '78%', '70%']  memcached=220.5%
[monitor] ['72%', '100%', '74%', '68%']  memcached=213.0%
[monitor] ['71%', '100%', '74%', '70%']  memcached=214.7%
[monitor] ['71%', '100%', '74%', '68%']  memcached=213.8%
[monitor] ['72%', '100%', '74%', '68%']  memcached=215.2%
[monitor] ['69%', '100%', '74%', '68%']  memcached=210.5%
[monitor] ['71%', '100%', '74%', '70%']  memcached=215.4%
[monitor] ['72%', '100%', '74%', '70%']  memcached=215.5%
[monitor] ['70%', '100%', '73%', '68%']  memcached=211.4%
[monitor] ['72%', '100%', '76%', '69%']  memcached=216.7%
[monitor] ['56%', '100%', '59%', '54%']  memcached=169.1%
[monitor] ['17%', '100%', '11%', '7%']  memcached=35.4%
[MEMCACHED] cores updated to: ['0', '3']
[freqmine] cores updated to: [1, 2]
[monitor] ['26%', '100%', '100%', '23%']  memcached=49.1%
[MEMCACHED] cores updated to: ['0']
[freqmine] cores updated to: [3, 1, 2]
[monitor] ['58%', '100%', '100%', '100%']  memcached=57.8%
[monitor] ['58%', '100%', '100%', '100%']  memcached=57.8%
[monitor] ['56%', '100%', '100%', '100%']  memcached=55.8%
[monitor] ['61%', '100%', '100%', '100%']  memcached=61.0%
[monitor] ['57%', '100%', '100%', '100%']  memcached=56.8%
[monitor] ['55%', '100%', '100%', '100%']  memcached=54.5%
[monitor] ['56%', '100%', '100%', '100%']  memcached=55.8%
[monitor] ['58%', '100%', '100%', '100%']  memcached=58.1%
[monitor] ['57%', '100%', '100%', '100%']  memcached=56.8%
[monitor] ['52%', '100%', '100%', '100%']  memcached=52.4%
[monitor] ['59%', '100%', '100%', '100%']  memcached=58.7%
[monitor] ['54%', '100%', '100%', '100%']  memcached=53.7%
[monitor] ['58%', '100%', '100%', '100%']  memcached=57.8%
[monitor] ['55%', '100%', '100%', '100%']  memcached=54.8%
[monitor] ['67%', '100%', '100%', '100%']  memcached=67.4%
[monitor] ['68%', '100%', '100%', '100%']  memcached=68.2%
[monitor] ['67%', '100%', '100%', '100%']  memcached=66.7%
[monitor] ['67%', '100%', '100%', '100%']  memcached=67.4%
[monitor] ['67%', '100%', '100%', '100%']  memcached=67.4%
[monitor] ['67%', '100%', '100%', '100%']  memcached=67.4%
[monitor] ['68%', '100%', '100%', '100%']  memcached=68.2%
[monitor] ['67%', '100%', '100%', '100%']  memcached=67.4%
[monitor] ['67%', '100%', '100%', '100%']  memcached=67.4%
[monitor] ['69%', '100%', '100%', '100%']  memcached=69.0%
[monitor] ['68%', '100%', '100%', '100%']  memcached=68.2%
[monitor] ['69%', '100%', '100%', '100%']  memcached=68.9%
[monitor] ['67%', '100%', '100%', '100%']  memcached=67.4%
[monitor] ['68%', '100%', '100%', '100%']  memcached=68.2%
[monitor] ['68%', '100%', '100%', '100%']  memcached=68.2%
[monitor] ['66%', '100%', '100%', '100%']  memcached=65.9%
[monitor] ['77%', '100%', '100%', '100%']  memcached=76.9%
[monitor] ['100%', '100%', '100%', '100%']  memcached=100.0%
[MEMCACHED] cores updated to: ['0', '1', '3']
[freqmine] cores updated to: [2]
[monitor] ['97%', '100%', '100%', '100%']  memcached=296.8%
[monitor] ['85%', '94%', '100%', '88%']  memcached=266.1%
[monitor] ['81%', '83%', '100%', '81%']  memcached=245.0%
[monitor] ['78%', '84%', '100%', '81%']  memcached=242.7%
[monitor] ['81%', '85%', '100%', '81%']  memcached=246.9%
[monitor] ['81%', '83%', '100%', '83%']  memcached=246.3%
[monitor] ['81%', '86%', '100%', '81%']  memcached=247.4%
[monitor] ['81%', '83%', '100%', '81%']  memcached=245.5%
[monitor] ['78%', '83%', '100%', '80%']  memcached=241.2%
[monitor] ['84%', '88%', '100%', '83%']  memcached=255.4%
[monitor] ['82%', '83%', '100%', '81%']  memcached=245.8%
[monitor] ['84%', '88%', '100%', '85%']  memcached=256.9%
[monitor] ['88%', '91%', '100%', '83%']  memcached=262.1%
[monitor] ['86%', '88%', '100%', '85%']  memcached=259.6%
[monitor] ['85%', '88%', '100%', '86%']  memcached=258.8%
[monitor] ['41%', '42%', '100%', '39%']  memcached=122.3%
[MEMCACHED] cores updated to: ['0', '3']
[freqmine] cores updated to: [1, 2]
[monitor] ['50%', '100%', '100%', '50%']  memcached=100.0%
[monitor] ['49%', '100%', '100%', '51%']  memcached=99.9%
[monitor] ['47%', '100%', '100%', '51%']  memcached=98.5%
[monitor] ['50%', '100%', '100%', '49%']  memcached=98.6%
[monitor] ['47%', '100%', '100%', '50%']  memcached=97.2%
[monitor] ['50%', '100%', '100%', '53%']  memcached=102.6%
[monitor] ['50%', '100%', '100%', '50%']  memcached=100.0%
[monitor] ['44%', '100%', '100%', '46%']  memcached=90.4%
[monitor] ['41%', '100%', '100%', '47%']  memcached=88.5%
[monitor] ['43%', '100%', '100%', '42%']  memcached=84.9%
[monitor] ['43%', '100%', '100%', '43%']  memcached=86.1%
[monitor] ['43%', '100%', '100%', '46%']  memcached=89.2%
[monitor] ['43%', '100%', '100%', '46%']  memcached=88.8%
[monitor] ['46%', '100%', '100%', '42%']  memcached=87.8%
[monitor] ['38%', '100%', '100%', '42%']  memcached=79.9%
[monitor] ['51%', '100%', '100%', '47%']  memcached=98.6%
[monitor] ['62%', '100%', '100%', '64%']  memcached=125.6%
[monitor] ['62%', '100%', '100%', '63%']  memcached=125.0%
[monitor] ['64%', '100%', '100%', '62%']  memcached=126.6%
[monitor] ['64%', '100%', '100%', '64%']  memcached=128.2%
[monitor] ['62%', '100%', '100%', '64%']  memcached=126.8%
[monitor] ['63%', '100%', '100%', '64%']  memcached=127.3%
[monitor] ['64%', '100%', '100%', '64%']  memcached=128.2%
[monitor] ['61%', '100%', '100%', '62%']  memcached=123.0%
[monitor] ['64%', '100%', '100%', '62%']  memcached=125.8%
[monitor] ['63%', '100%', '100%', '64%']  memcached=127.3%
[monitor] ['61%', '100%', '100%', '63%']  memcached=123.9%
[monitor] ['63%', '100%', '100%', '63%']  memcached=126.3%
[monitor] ['62%', '100%', '100%', '63%']  memcached=125.9%
[monitor] ['63%', '100%', '100%', '64%']  memcached=127.3%
[monitor] ['62%', '100%', '100%', '62%']  memcached=125.0%
[monitor] ['62%', '100%', '100%', '67%']  memcached=129.2%
[monitor] ['33%', '100%', '100%', '28%']  memcached=61.5%
[MEMCACHED] cores updated to: ['0']
[freqmine] cores updated to: [3, 1, 2]
[monitor] ['21%', '100%', '100%', '100%']  memcached=20.7%
[monitor] ['23%', '100%', '100%', '100%']  memcached=22.6%
[monitor] ['17%', '100%', '100%', '100%']  memcached=17.2%
[monitor] ['21%', '100%', '100%', '100%']  memcached=20.7%
[monitor] ['23%', '100%', '100%', '100%']  memcached=22.6%
[monitor] ['21%', '100%', '100%', '100%']  memcached=20.7%
[monitor] ['23%', '100%', '100%', '100%']  memcached=23.3%
[monitor] ['23%', '100%', '100%', '100%']  memcached=23.3%
[monitor] ['21%', '100%', '100%', '100%']  memcached=20.7%
[monitor] ['23%', '100%', '100%', '100%']  memcached=23.3%
[monitor] ['17%', '100%', '100%', '100%']  memcached=17.2%
[monitor] ['23%', '100%', '100%', '100%']  memcached=23.3%
[monitor] ['23%', '100%', '100%', '100%']  memcached=23.3%
[monitor] ['28%', '100%', '100%', '100%']  memcached=28.1%
[monitor] ['17%', '100%', '100%', '100%']  memcached=17.2%
[monitor] ['31%', '100%', '100%', '100%']  memcached=31.2%
[monitor] ['71%', '100%', '100%', '100%']  memcached=71.4%
[monitor] ['71%', '100%', '100%', '100%']  memcached=71.4%
[monitor] ['72%', '100%', '100%', '100%']  memcached=72.1%
[monitor] ['73%', '100%', '100%', '100%']  memcached=73.2%
[monitor] ['71%', '100%', '100%', '100%']  memcached=71.4%
[monitor] ['75%', '100%', '100%', '100%']  memcached=75.0%
[monitor] ['73%', '100%', '100%', '100%']  memcached=73.2%
[monitor] ['71%', '100%', '100%', '100%']  memcached=70.7%
[monitor] ['72%', '100%', '100%', '100%']  memcached=72.1%
[monitor] ['71%', '100%', '100%', '100%']  memcached=70.7%
[monitor] ['74%', '100%', '100%', '100%']  memcached=73.8%
[monitor] ['73%', '100%', '100%', '100%']  memcached=73.2%
[monitor] ['72%', '100%', '100%', '100%']  memcached=72.5%
[monitor] ['72%', '100%', '100%', '100%']  memcached=72.1%
[monitor] ['71%', '100%', '100%', '100%']  memcached=70.7%
[monitor] ['72%', '100%', '100%', '100%']  memcached=72.1%
[monitor] ['81%', '100%', '100%', '100%']  memcached=81.1%
[MEMCACHED] cores updated to: ['0', '2']
[freqmine] cores updated to: [3, 1]
[monitor] ['69%', '100%', '71%', '100%']  memcached=139.8%
[monitor] ['69%', '100%', '69%', '100%']  memcached=138.1%
[monitor] ['69%', '100%', '68%', '100%']  memcached=136.7%
[monitor] ['67%', '100%', '70%', '100%']  memcached=137.2%
[monitor] ['69%', '100%', '68%', '100%']  memcached=137.3%
[monitor] ['68%', '100%', '68%', '100%']  memcached=135.8%
[monitor] ['68%', '100%', '70%', '100%']  memcached=138.3%
[monitor] ['68%', '100%', '68%', '100%']  memcached=136.6%
[monitor] ['69%', '100%', '71%', '100%']  memcached=139.8%
[monitor] ['68%', '100%', '68%', '100%']  memcached=136.6%
[monitor] ['69%', '100%', '67%', '100%']  memcached=135.7%
[monitor] ['69%', '100%', '72%', '100%']  memcached=141.5%
[monitor] ['69%', '100%', '69%', '100%']  memcached=138.3%
[monitor] ['69%', '100%', '69%', '100%']  memcached=138.1%
[monitor] ['67%', '100%', '68%', '100%']  memcached=135.7%
[monitor] ['71%', '100%', '70%', '100%']  memcached=140.7%
[monitor] ['23%', '100%', '23%', '100%']  memcached=45.2%
[MEMCACHED] cores updated to: ['0']
[freqmine] cores updated to: [3, 1, 2]
[monitor] ['46%', '100%', '100%', '100%']  memcached=46.2%
[monitor] ['49%', '100%', '100%', '100%']  memcached=48.8%
[monitor] ['45%', '100%', '100%', '100%']  memcached=44.7%
[monitor] ['43%', '100%', '100%', '100%']  memcached=43.2%
[monitor] ['49%', '100%', '100%', '100%']  memcached=48.7%
[monitor] ['46%', '100%', '100%', '100%']  memcached=45.9%
[monitor] ['43%', '100%', '100%', '100%']  memcached=43.2%
[monitor] ['50%', '100%', '100%', '100%']  memcached=50.0%
[monitor] ['47%', '100%', '100%', '100%']  memcached=47.4%
[monitor] ['48%', '100%', '100%', '100%']  memcached=47.5%
[monitor] ['43%', '100%', '100%', '100%']  memcached=43.2%
[monitor] ['49%', '100%', '100%', '100%']  memcached=48.7%
[monitor] ['47%', '100%', '100%', '100%']  memcached=47.4%
[monitor] ['45%', '100%', '100%', '100%']  memcached=44.7%
[monitor] ['43%', '100%', '100%', '100%']  memcached=43.2%
[monitor] ['71%', '100%', '100%', '100%']  memcached=71.4%
[monitor] ['100%', '100%', '100%', '100%']  memcached=100.0%
[MEMCACHED] cores updated to: ['0', '1', '3']
[freqmine] cores updated to: [2]
[monitor] ['73%', '78%', '100%', '78%']  memcached=229.7%
[monitor] ['69%', '69%', '100%', '68%']  memcached=206.9%
[monitor] ['68%', '74%', '100%', '72%']  memcached=213.9%
[monitor] ['68%', '70%', '100%', '67%']  memcached=205.0%
[monitor] ['68%', '72%', '100%', '69%']  memcached=208.6%
[monitor] ['67%', '70%', '100%', '67%']  memcached=203.3%
[monitor] ['68%', '71%', '100%', '69%']  memcached=208.7%
[monitor] ['70%', '72%', '100%', '69%']  memcached=211.0%
[monitor] ['68%', '70%', '100%', '68%']  memcached=206.2%
[monitor] ['68%', '70%', '100%', '69%']  memcached=206.8%
[monitor] ['70%', '71%', '100%', '70%']  memcached=211.1%
[monitor] ['68%', '71%', '100%', '69%']  memcached=208.7%
[monitor] ['68%', '69%', '100%', '68%']  memcached=206.1%
[monitor] ['67%', '72%', '100%', '69%']  memcached=207.7%
[monitor] ['68%', '71%', '100%', '69%']  memcached=207.9%
[monitor] ['68%', '70%', '100%', '67%']  memcached=204.2%
[monitor] ['66%', '70%', '100%', '70%']  memcached=205.8%
[monitor] ['70%', '69%', '100%', '66%']  memcached=205.0%
[monitor] ['67%', '72%', '100%', '68%']  memcached=206.9%
[monitor] ['71%', '72%', '100%', '69%']  memcached=211.8%
[monitor] ['69%', '72%', '100%', '70%']  memcached=211.7%
[monitor] ['69%', '71%', '100%', '69%']  memcached=209.5%
[monitor] ['68%', '68%', '100%', '68%']  memcached=203.4%
[monitor] ['68%', '69%', '100%', '66%']  memcached=203.4%
[monitor] ['67%', '71%', '100%', '69%']  memcached=207.0%
[monitor] ['68%', '70%', '100%', '68%']  memcached=206.7%
[monitor] ['68%', '72%', '100%', '68%']  memcached=207.7%
[monitor] ['66%', '69%', '100%', '68%']  memcached=202.5%
[monitor] ['68%', '69%', '100%', '68%']  memcached=205.2%
[monitor] ['67%', '71%', '100%', '68%']  memcached=204.9%
[monitor] ['69%', '71%', '100%', '70%']  memcached=210.3%
[monitor] ['69%', '71%', '100%', '70%']  memcached=210.3%
[monitor] ['74%', '76%', '100%', '74%']  memcached=223.7%
[monitor] ['74%', '79%', '100%', '74%']  memcached=227.0%
[monitor] ['74%', '76%', '100%', '74%']  memcached=223.0%
[monitor] ['73%', '76%', '100%', '76%']  memcached=225.0%
[monitor] ['74%', '76%', '100%', '73%']  memcached=222.3%
[monitor] ['74%', '76%', '100%', '74%']  memcached=224.4%
[monitor] ['76%', '78%', '100%', '74%']  memcached=227.7%
[monitor] ['72%', '75%', '100%', '74%']  memcached=221.2%
[monitor] ['73%', '76%', '100%', '74%']  memcached=223.0%
[monitor] ['76%', '81%', '100%', '79%']  memcached=235.7%
[monitor] ['74%', '78%', '100%', '74%']  memcached=225.1%
[monitor] ['74%', '76%', '100%', '76%']  memcached=225.7%
[monitor] ['77%', '78%', '100%', '76%']  memcached=231.0%
[monitor] ['76%', '78%', '100%', '77%']  memcached=231.0%
[monitor] ['72%', '76%', '100%', '74%']  memcached=221.8%
[monitor] ['74%', '74%', '100%', '73%']  memcached=221.0%
[monitor] ['47%', '55%', '100%', '51%']  memcached=153.7%
[monitor] ['40%', '44%', '100%', '43%']  memcached=127.3%
[MEMCACHED] cores updated to: ['0', '3']
[freqmine] cores updated to: [1, 2]
[monitor] ['56%', '100%', '100%', '54%']  memcached=110.5%
[monitor] ['57%', '100%', '100%', '56%']  memcached=113.9%
[monitor] ['53%', '100%', '100%', '55%']  memcached=107.6%
[monitor] ['56%', '100%', '100%', '56%']  memcached=112.5%
[monitor] ['57%', '100%', '100%', '58%']  memcached=115.4%
[monitor] ['54%', '100%', '100%', '55%']  memcached=109.1%
[monitor] ['54%', '100%', '100%', '57%']  memcached=111.6%
[monitor] ['56%', '100%', '100%', '57%']  memcached=113.6%
[monitor] ['57%', '100%', '100%', '53%']  memcached=110.1%
[monitor] ['56%', '100%', '100%', '57%']  memcached=113.9%
[monitor] ['54%', '100%', '100%', '57%']  memcached=111.3%
[monitor] ['55%', '100%', '100%', '60%']  memcached=114.8%
[monitor] ['58%', '100%', '100%', '55%']  memcached=113.2%
[monitor] ['54%', '100%', '100%', '57%']  memcached=111.3%
[monitor] ['47%', '100%', '100%', '49%']  memcached=95.9%
[monitor] ['23%', '100%', '100%', '28%']  memcached=51.5%
[MEMCACHED] cores updated to: ['0']
[freqmine] cores updated to: [3, 1, 2]
[monitor] ['59%', '100%', '100%', '100%']  memcached=59.1%
[monitor] ['57%', '100%', '100%', '100%']  memcached=56.8%
[monitor] ['60%', '100%', '100%', '100%']  memcached=60.0%
[monitor] ['58%', '100%', '100%', '100%']  memcached=57.8%
[monitor] ['58%', '100%', '100%', '100%']  memcached=57.8%
[monitor] ['58%', '100%', '100%', '100%']  memcached=58.1%
[monitor] ['58%', '100%', '100%', '100%']  memcached=57.8%
[monitor] ['61%', '100%', '100%', '100%']  memcached=61.4%
[monitor] ['58%', '100%', '100%', '100%']  memcached=57.8%
[monitor] ['58%', '100%', '100%', '100%']  memcached=58.1%
[monitor] ['60%', '100%', '100%', '100%']  memcached=60.5%
[monitor] ['57%', '100%', '100%', '100%']  memcached=56.8%
[monitor] ['61%', '100%', '100%', '100%']  memcached=60.9%
[monitor] ['59%', '100%', '100%', '100%']  memcached=59.1%
[monitor] ['58%', '100%', '100%', '100%']  memcached=58.1%
[monitor] ['88%', '100%', '100%', '100%']  memcached=88.2%
[MEMCACHED] cores updated to: ['0', '2']
[freqmine] cores updated to: [3, 1]
[monitor] ['78%', '100%', '78%', '100%']  memcached=156.8%
[monitor] ['78%', '100%', '81%', '100%']  memcached=159.5%
[monitor] ['79%', '100%', '81%', '100%']  memcached=160.0%
[MEMCACHED] cores updated to: ['0', '2', '3']
[freqmine] cores updated to: [1]
[monitor] ['65%', '100%', '68%', '63%']  memcached=195.7%
[monitor] ['67%', '100%', '68%', '61%']  memcached=195.5%
[monitor] ['68%', '100%', '72%', '67%']  memcached=206.0%
[monitor] ['64%', '100%', '67%', '65%']  memcached=195.8%
[monitor] ['68%', '100%', '69%', '62%']  memcached=199.2%
[monitor] ['64%', '100%', '69%', '61%']  memcached=194.3%
[monitor] ['66%', '100%', '69%', '64%']  memcached=199.2%
[monitor] ['64%', '100%', '67%', '63%']  memcached=194.2%
[monitor] ['66%', '100%', '68%', '62%']  memcached=196.6%
[monitor] ['65%', '100%', '70%', '64%']  memcached=199.1%
[monitor] ['66%', '100%', '68%', '66%']  memcached=200.0%
[monitor] ['64%', '100%', '71%', '62%']  memcached=197.3%
[monitor] ['51%', '100%', '53%', '49%']  memcached=152.8%
[monitor] ['23%', '100%', '21%', '11%']  memcached=54.4%
[MEMCACHED] cores updated to: ['0', '3']
[freqmine] cores updated to: [2, 1]
[monitor] ['31%', '100%', '100%', '31%']  memcached=62.5%
[MEMCACHED] cores updated to: ['0']
[freqmine] cores updated to: [2, 1, 3]
[monitor] ['62%', '100%', '100%', '100%']  memcached=62.2%
[monitor] ['63%', '100%', '100%', '100%']  memcached=63.0%
[monitor] ['59%', '100%', '100%', '100%']  memcached=59.1%
[monitor] ['61%', '100%', '100%', '100%']  memcached=60.9%
[monitor] ['62%', '100%', '100%', '100%']  memcached=62.2%
[monitor] ['61%', '100%', '100%', '100%']  memcached=60.9%
[monitor] ['62%', '100%', '100%', '100%']  memcached=62.2%
[monitor] ['60%', '100%', '100%', '100%']  memcached=60.5%
[monitor] ['59%', '100%', '100%', '100%']  memcached=59.1%
[monitor] ['60%', '100%', '100%', '100%']  memcached=60.0%
[monitor] ['63%', '100%', '100%', '100%']  memcached=63.0%
[monitor] ['59%', '100%', '100%', '100%']  memcached=59.1%
[monitor] ['61%', '100%', '100%', '100%']  memcached=60.9%
[monitor] ['61%', '100%', '100%', '100%']  memcached=60.9%
[monitor] ['97%', '100%', '100%', '100%']  memcached=96.7%
[MEMCACHED] cores updated to: ['0', '1', '3']
[freqmine] cores updated to: [2]
[monitor] ['85%', '91%', '100%', '76%']  memcached=252.4%
[monitor] ['74%', '78%', '100%', '74%']  memcached=226.4%
[monitor] ['75%', '78%', '100%', '74%']  memcached=227.7%
[monitor] ['74%', '76%', '100%', '75%']  memcached=225.0%
[monitor] ['73%', '76%', '100%', '74%']  memcached=222.3%
[monitor] ['75%', '76%', '100%', '75%']  memcached=226.3%
[monitor] ['72%', '76%', '100%', '74%']  memcached=221.8%
[monitor] ['74%', '76%', '100%', '72%']  memcached=222.5%
[monitor] ['72%', '76%', '100%', '73%']  memcached=221.5%
[monitor] ['71%', '76%', '100%', '74%']  memcached=221.1%
[monitor] ['72%', '74%', '100%', '73%']  memcached=219.2%
[monitor] ['74%', '76%', '100%', '74%']  memcached=223.7%
[monitor] ['76%', '79%', '100%', '74%']  memcached=229.6%
[monitor] ['71%', '76%', '100%', '74%']  memcached=220.4%
[monitor] ['74%', '74%', '100%', '74%']  memcached=221.7%
[monitor] ['59%', '62%', '100%', '61%']  memcached=182.1%
[monitor] ['40%', '47%', '100%', '44%']  memcached=131.8%
[MEMCACHED] cores updated to: ['0', '3']
[freqmine] cores updated to: [2, 1]
[monitor] ['55%', '100%', '100%', '57%']  memcached=112.8%
[monitor] ['53%', '100%', '100%', '57%']  memcached=110.1%
[monitor] ['59%', '100%', '100%', '55%']  memcached=113.5%
[monitor] ['55%', '100%', '100%', '57%']  memcached=112.8%
[monitor] ['59%', '100%', '100%', '55%']  memcached=113.8%
[monitor] ['57%', '100%', '100%', '59%']  memcached=116.0%
[monitor] ['56%', '100%', '100%', '54%']  memcached=110.3%
[monitor] ['57%', '100%', '100%', '57%']  memcached=115.0%
[monitor] ['56%', '100%', '100%', '59%']  memcached=114.9%
[monitor] ['55%', '100%', '100%', '57%']  memcached=112.8%
[monitor] ['56%', '100%', '100%', '57%']  memcached=113.9%
[monitor] ['60%', '100%', '100%', '56%']  memcached=116.4%
[monitor] ['54%', '100%', '100%', '57%']  memcached=111.3%
[monitor] ['56%', '100%', '100%', '55%']  memcached=111.1%
[monitor] ['57%', '100%', '100%', '56%']  memcached=113.2%
[monitor] ['56%', '100%', '100%', '57%']  memcached=113.9%
[monitor] ['55%', '100%', '100%', '56%']  memcached=111.7%
[monitor] ['55%', '100%', '100%', '59%']  memcached=114.2%
[monitor] ['60%', '100%', '100%', '59%']  memcached=118.5%
[monitor] ['54%', '100%', '100%', '59%']  memcached=112.6%
[monitor] ['57%', '100%', '100%', '56%']  memcached=113.9%
[monitor] ['58%', '100%', '100%', '60%']  memcached=117.9%
[monitor] ['56%', '100%', '100%', '56%']  memcached=112.5%
[monitor] ['56%', '100%', '100%', '59%']  memcached=114.9%
[monitor] ['56%', '100%', '100%', '57%']  memcached=113.9%
[monitor] ['58%', '100%', '100%', '57%']  memcached=115.4%
[monitor] ['59%', '100%', '100%', '62%']  memcached=121.5%
[monitor] ['54%', '100%', '100%', '60%']  memcached=113.4%
[monitor] ['59%', '100%', '100%', '61%']  memcached=119.9%
[monitor] ['56%', '100%', '100%', '59%']  memcached=115.4%
[monitor] ['60%', '100%', '100%', '57%']  memcached=117.5%
[monitor] ['63%', '100%', '100%', '60%']  memcached=123.2%
[monitor] ['78%', '100%', '100%', '59%']  memcached=137.8%
[monitor] ['68%', '100%', '100%', '74%']  memcached=141.9%
[monitor] ['77%', '100%', '100%', '62%']  memcached=139.4%
[monitor] ['79%', '100%', '100%', '61%']  memcached=139.5%
[monitor] ['70%', '100%', '100%', '71%']  memcached=141.3%
[monitor] ['72%', '100%', '100%', '68%']  memcached=140.0%
[monitor] ['74%', '100%', '100%', '68%']  memcached=142.1%
[monitor] ['74%', '100%', '100%', '68%']  memcached=141.9%
[monitor] ['68%', '100%', '100%', '74%']  memcached=141.3%
[monitor] ['80%', '100%', '100%', '62%']  memcached=141.5%
[monitor] ['71%', '100%', '100%', '68%']  memcached=138.6%
[monitor] ['72%', '100%', '100%', '73%']  memcached=144.8%
[monitor] ['74%', '100%', '100%', '67%']  memcached=140.4%
[monitor] ['79%', '100%', '100%', '59%']  memcached=138.4%
[monitor] ['70%', '100%', '100%', '71%']  memcached=141.3%
[monitor] ['68%', '100%', '100%', '68%']  memcached=135.9%
[monitor] ['35%', '100%', '100%', '33%']  memcached=68.8%
[MEMCACHED] cores updated to: ['0']
[freqmine] cores updated to: [2, 1, 3]
[monitor] ['50%', '100%', '100%', '100%']  memcached=50.0%
[monitor] ['49%', '100%', '100%', '100%']  memcached=48.8%
[monitor] ['52%', '100%', '100%', '100%']  memcached=52.5%
[monitor] ['50%', '100%', '100%', '100%']  memcached=50.0%
[monitor] ['50%', '100%', '100%', '100%']  memcached=50.0%
[monitor] ['54%', '100%', '100%', '100%']  memcached=53.7%
[monitor] ['49%', '100%', '100%', '100%']  memcached=48.8%
[monitor] ['49%', '100%', '100%', '100%']  memcached=48.7%
[monitor] ['48%', '100%', '100%', '100%']  memcached=47.5%
[monitor] ['50%', '100%', '100%', '100%']  memcached=50.0%
[monitor] ['46%', '100%', '100%', '100%']  memcached=46.2%
[monitor] ['49%', '100%', '100%', '100%']  memcached=48.7%
[monitor] ['49%', '100%', '100%', '100%']  memcached=48.8%
[monitor] ['50%', '100%', '100%', '100%']  memcached=50.0%
[monitor] ['48%', '100%', '100%', '100%']  memcached=47.5%
[monitor] ['55%', '100%', '100%', '100%']  memcached=55.3%
[monitor] ['100%', '100%', '100%', '100%']  memcached=100.0%
[MEMCACHED] cores updated to: ['0', '1', '2']
[freqmine] cores updated to: [3]
[monitor] ['100%', '57%', '100%', '100%']  memcached=256.7%
[monitor] ['100%', '97%', '100%', '100%']  memcached=296.7%
[monitor] ['86%', '83%', '91%', '100%']  memcached=260.2%
[monitor] ['80%', '83%', '85%', '100%']  memcached=248.2%
[monitor] ['83%', '81%', '88%', '100%']  memcached=252.1%
[monitor] ['83%', '83%', '89%', '100%']  memcached=254.8%
[monitor] ['81%', '83%', '85%', '100%']  memcached=249.2%
[monitor] ['81%', '81%', '85%', '100%']  memcached=246.4%
[monitor] ['81%', '83%', '89%', '100%']  memcached=252.5%
[monitor] ['80%', '80%', '85%', '100%']  memcached=245.3%
[monitor] ['86%', '86%', '91%', '100%']  memcached=263.1%
[monitor] ['88%', '88%', '94%', '100%']  memcached=269.5%
[monitor] ['85%', '88%', '91%', '100%']  memcached=264.0%
[monitor] ['86%', '88%', '91%', '100%']  memcached=264.5%
[monitor] ['86%', '86%', '94%', '100%']  memcached=265.0%
[monitor] ['47%', '50%', '54%', '100%']  memcached=151.1%
[monitor] ['36%', '35%', '44%', '100%']  memcached=116.1%
[MEMCACHED] cores updated to: ['0', '2']
[freqmine] cores updated to: [1, 3]
[monitor] ['59%', '100%', '56%', '100%']  memcached=115.2%
[monitor] ['57%', '100%', '56%', '100%']  memcached=113.2%
[monitor] ['59%', '100%', '58%', '100%']  memcached=117.2%
[monitor] ['56%', '100%', '55%', '100%']  memcached=110.8%
[monitor] ['59%', '100%', '55%', '100%']  memcached=113.5%
[monitor] ['54%', '100%', '55%', '100%']  memcached=108.7%
[monitor] ['57%', '100%', '55%', '100%']  memcached=112.1%
[monitor] ['54%', '100%', '54%', '100%']  memcached=107.3%
[monitor] ['56%', '100%', '56%', '100%']  memcached=112.2%
[monitor] ['56%', '100%', '56%', '100%']  memcached=112.2%
[monitor] ['57%', '100%', '56%', '100%']  memcached=112.9%
[monitor] ['56%', '100%', '54%', '100%']  memcached=109.8%
[monitor] ['56%', '100%', '55%', '100%']  memcached=111.1%
[monitor] ['56%', '100%', '56%', '100%']  memcached=111.6%
[monitor] ['63%', '100%', '62%', '100%']  memcached=124.3%
[monitor] ['71%', '100%', '72%', '100%']  memcached=143.9%
[monitor] ['71%', '100%', '72%', '100%']  memcached=143.2%
[monitor] ['72%', '100%', '73%', '100%']  memcached=145.7%
[monitor] ['72%', '100%', '72%', '100%']  memcached=145.0%
[monitor] ['72%', '100%', '73%', '100%']  memcached=145.7%
[monitor] ['72%', '100%', '74%', '100%']  memcached=146.9%
[monitor] ['74%', '100%', '74%', '100%']  memcached=148.0%
[monitor] ['73%', '100%', '73%', '100%']  memcached=146.3%
[monitor] ['72%', '100%', '72%', '100%']  memcached=145.0%
[monitor] ['72%', '100%', '72%', '100%']  memcached=144.3%
[monitor] ['72%', '100%', '72%', '100%']  memcached=145.0%
[monitor] ['71%', '100%', '73%', '100%']  memcached=143.9%
[monitor] ['72%', '100%', '72%', '100%']  memcached=145.0%
[monitor] ['72%', '100%', '72%', '100%']  memcached=145.0%
[monitor] ['72%', '100%', '72%', '100%']  memcached=145.0%
[monitor] ['71%', '100%', '72%', '100%']  memcached=142.5%
[monitor] ['54%', '100%', '55%', '100%']  memcached=109.3%
[monitor] ['41%', '100%', '40%', '100%']  memcached=80.5%
[monitor] ['46%', '100%', '42%', '100%']  memcached=87.8%
[monitor] ['42%', '100%', '38%', '100%']  memcached=79.9%
[monitor] ['45%', '100%', '43%', '100%']  memcached=88.2%
[monitor] ['42%', '100%', '38%', '100%']  memcached=79.9%
[monitor] ['46%', '100%', '44%', '100%']  memcached=90.4%
[monitor] ['45%', '100%', '43%', '100%']  memcached=88.0%
[monitor] ['39%', '100%', '41%', '100%']  memcached=79.4%
[monitor] ['42%', '100%', '43%', '100%']  memcached=84.9%
[monitor] ['45%', '100%', '43%', '100%']  memcached=87.6%
[monitor] ['39%', '100%', '41%', '100%']  memcached=79.4%
[monitor] ['43%', '100%', '36%', '100%']  memcached=79.6%
[monitor] ['37%', '100%', '41%', '100%']  memcached=77.7%
[monitor] ['40%', '100%', '42%', '100%']  memcached=81.7%
[monitor] ['48%', '100%', '38%', '100%']  memcached=85.7%
[monitor] ['45%', '100%', '43%', '100%']  memcached=88.0%
[monitor] ['68%', '100%', '70%', '100%']  memcached=137.5%
[monitor] ['71%', '100%', '69%', '100%']  memcached=140.5%
[monitor] ['68%', '100%', '71%', '100%']  memcached=139.0%
[monitor] ['71%', '100%', '70%', '100%']  memcached=140.7%
[monitor] ['70%', '100%', '69%', '100%']  memcached=138.8%
[monitor] ['70%', '100%', '72%', '100%']  memcached=141.8%
[monitor] ['72%', '100%', '71%', '100%']  memcached=143.9%
[monitor] ['68%', '100%', '70%', '100%']  memcached=138.3%
[monitor] ['70%', '100%', '71%', '100%']  memcached=140.7%
[monitor] ['69%', '100%', '71%', '100%']  memcached=139.8%
[monitor] ['71%', '100%', '71%', '100%']  memcached=141.5%
[monitor] ['71%', '100%', '68%', '100%']  memcached=139.0%
[monitor] ['71%', '100%', '72%', '100%']  memcached=143.2%
[monitor] ['70%', '100%', '71%', '100%']  memcached=140.7%
[monitor] ['71%', '100%', '70%', '100%']  memcached=140.7%
[monitor] ['70%', '100%', '71%', '100%']  memcached=140.5%
[monitor] ['74%', '100%', '72%', '100%']  memcached=146.9%
[monitor] ['73%', '100%', '74%', '100%']  memcached=147.5%
[monitor] ['72%', '100%', '74%', '100%']  memcached=146.9%
[monitor] ['75%', '100%', '75%', '100%']  memcached=150.0%
[monitor] ['74%', '100%', '72%', '100%']  memcached=146.9%
[monitor] ['72%', '100%', '72%', '100%']  memcached=145.0%
[monitor] ['72%', '100%', '74%', '100%']  memcached=146.9%
[monitor] ['76%', '100%', '75%', '100%']  memcached=150.6%
[monitor] ['72%', '100%', '74%', '100%']  memcached=146.2%
[monitor] ['73%', '100%', '72%', '100%']  memcached=145.7%
[monitor] ['74%', '100%', '74%', '100%']  memcached=148.7%
[monitor] ['73%', '100%', '72%', '100%']  memcached=145.0%
[monitor] ['74%', '100%', '75%', '100%']  memcached=149.4%
[monitor] ['75%', '100%', '76%', '100%']  memcached=151.3%
[monitor] ['77%', '100%', '74%', '100%']  memcached=151.3%
[monitor] ['74%', '100%', '72%', '100%']  memcached=146.9%
[monitor] ['75%', '100%', '74%', '100%']  memcached=149.4%
[monitor] ['83%', '100%', '79%', '100%']  memcached=161.8%
[MEMCACHED] cores updated to: ['0', '2', '3']
[freqmine] cores updated to: [1]
[monitor] ['70%', '100%', '73%', '69%']  memcached=212.4%
[monitor] ['70%', '100%', '71%', '69%']  memcached=210.1%
[monitor] ['68%', '100%', '71%', '67%']  memcached=204.9%
[monitor] ['68%', '100%', '69%', '61%']  memcached=197.3%
[monitor] ['68%', '100%', '70%', '65%']  memcached=203.3%
[monitor] ['69%', '100%', '72%', '71%']  memcached=211.8%
[monitor] ['65%', '100%', '68%', '62%']  memcached=194.5%
[monitor] ['69%', '100%', '71%', '66%']  memcached=206.0%
[monitor] ['65%', '100%', '68%', '63%']  memcached=195.7%
[monitor] ['68%', '100%', '69%', '64%']  memcached=200.8%
[monitor] ['66%', '100%', '71%', '63%']  memcached=200.0%
[monitor] ['65%', '100%', '69%', '65%']  memcached=199.2%
[monitor] ['69%', '100%', '72%', '67%']  memcached=207.7%
[monitor] ['68%', '100%', '70%', '68%']  memcached=205.8%
[monitor] ['66%', '100%', '69%', '64%']  memcached=199.1%
[monitor] ['64%', '100%', '68%', '61%']  memcached=193.1%
[monitor] ['62%', '100%', '66%', '61%']  memcached=189.3%
[monitor] ['61%', '100%', '63%', '56%']  memcached=180.8%
[monitor] ['57%', '100%', '62%', '55%']  memcached=175.3%
[monitor] ['61%', '100%', '63%', '59%']  memcached=183.4%
[monitor] ['59%', '100%', '63%', '53%']  memcached=174.1%
[monitor] ['60%', '100%', '62%', '57%']  memcached=180.0%
[monitor] ['58%', '100%', '63%', '59%']  memcached=180.3%
[monitor] ['60%', '100%', '62%', '57%']  memcached=180.0%
[monitor] ['60%', '100%', '64%', '56%']  memcached=180.7%
[monitor] ['59%', '100%', '62%', '60%']  memcached=181.5%
[monitor] ['60%', '100%', '65%', '55%']  memcached=179.9%
[monitor] ['59%', '100%', '63%', '57%']  memcached=179.9%
[monitor] ['60%', '100%', '63%', '58%']  memcached=181.3%
[monitor] ['60%', '100%', '64%', '57%']  memcached=181.8%
[monitor] ['59%', '100%', '62%', '56%']  memcached=176.9%
[monitor] ['59%', '100%', '63%', '59%']  memcached=180.9%
[monitor] ['46%', '100%', '50%', '41%']  memcached=136.9%
[MEMCACHED] cores updated to: ['0', '3']
[freqmine] cores updated to: [2, 1]
[monitor] ['55%', '100%', '100%', '51%']  memcached=106.3%
[monitor] ['56%', '100%', '100%', '52%']  memcached=108.6%
[monitor] ['50%', '100%', '100%', '53%']  memcached=102.6%
[monitor] ['53%', '100%', '100%', '54%']  memcached=106.3%
[monitor] ['49%', '100%', '100%', '55%']  memcached=103.6%
[monitor] ['50%', '100%', '100%', '55%']  memcached=105.0%
[monitor] ['50%', '100%', '100%', '54%']  memcached=103.8%
[monitor] ['49%', '100%', '100%', '55%']  memcached=103.4%
[monitor] ['50%', '100%', '100%', '53%']  memcached=102.6%
[monitor] ['51%', '100%', '100%', '54%']  memcached=105.2%
[monitor] ['49%', '100%', '100%', '52%']  memcached=101.1%
[monitor] ['51%', '100%', '100%', '53%']  memcached=104.0%
[monitor] ['56%', '100%', '100%', '55%']  memcached=111.4%
[monitor] ['54%', '100%', '100%', '49%']  memcached=102.3%
[monitor] ['53%', '100%', '100%', '54%']  memcached=106.5%
[monitor] ['58%', '100%', '100%', '58%']  memcached=115.8%
[monitor] ['94%', '100%', '100%', '85%']  memcached=179.0%
[MEMCACHED] cores updated to: ['0', '2', '3']
[freqmine] cores updated to: [1]
[monitor] ['85%', '100%', '91%', '75%']  memcached=250.8%
[monitor] ['78%', '100%', '83%', '78%']  memcached=240.1%
[monitor] ['81%', '100%', '85%', '76%']  memcached=242.2%
[monitor] ['81%', '100%', '83%', '78%']  memcached=242.3%
[monitor] ['81%', '100%', '85%', '76%']  memcached=242.2%
[monitor] ['81%', '100%', '86%', '81%']  memcached=246.8%
[monitor] ['81%', '100%', '83%', '76%']  memcached=240.1%
[monitor] ['81%', '100%', '83%', '76%']  memcached=240.3%
[monitor] ['82%', '100%', '88%', '81%']  memcached=251.1%
[monitor] ['86%', '100%', '88%', '76%']  memcached=250.4%
[monitor] ['78%', '100%', '85%', '78%']  memcached=241.5%
[monitor] ['80%', '100%', '84%', '78%']  memcached=241.6%
[monitor] ['78%', '100%', '83%', '76%']  memcached=237.6%
[monitor] ['78%', '100%', '83%', '78%']  memcached=239.6%
[monitor] ['81%', '100%', '86%', '78%']  memcached=244.0%
[monitor] ['58%', '100%', '62%', '57%']  memcached=177.3%
[monitor] ['46%', '100%', '51%', '49%']  memcached=145.9%
[monitor] ['47%', '100%', '54%', '47%']  memcached=148.4%
[monitor] ['49%', '100%', '47%', '46%']  memcached=142.0%
[monitor] ['49%', '100%', '54%', '49%']  memcached=151.0%
[monitor] ['47%', '100%', '51%', '46%']  memcached=144.6%
[monitor] ['42%', '100%', '47%', '38%']  memcached=126.5%
[MEMCACHED] cores updated to: ['0', '3']
[freqmine] cores updated to: [2, 1]
[monitor] ['59%', '100%', '100%', '55%']  memcached=114.2%
[monitor] ['53%', '100%', '100%', '57%']  memcached=110.1%
[monitor] ['57%', '100%', '100%', '57%']  memcached=115.0%
[monitor] ['55%', '100%', '100%', '54%']  memcached=109.3%
[monitor] ['57%', '100%', '100%', '55%']  memcached=112.5%
[monitor] ['56%', '100%', '100%', '61%']  memcached=117.4%
[monitor] ['56%', '100%', '100%', '55%']  memcached=111.7%
[monitor] ['56%', '100%', '100%', '55%']  memcached=111.4%
[monitor] ['54%', '100%', '100%', '57%']  memcached=111.0%
[monitor] ['62%', '100%', '100%', '61%']  memcached=122.1%
[monitor] ['74%', '100%', '100%', '85%']  memcached=159.0%
[monitor] ['71%', '100%', '100%', '94%']  memcached=164.6%
[MEMCACHED] cores updated to: ['0', '1', '3']
[freqmine] cores updated to: [2]
[monitor] ['69%', '74%', '100%', '71%']  memcached=214.0%
[monitor] ['71%', '74%', '100%', '71%']  memcached=216.5%
[monitor] ['70%', '74%', '100%', '72%']  memcached=215.7%
[monitor] ['72%', '74%', '100%', '72%']  memcached=217.3%
[monitor] ['74%', '79%', '100%', '72%']  memcached=224.4%
[monitor] ['72%', '74%', '100%', '72%']  memcached=217.9%
[monitor] ['74%', '76%', '100%', '74%']  memcached=223.7%
[monitor] ['72%', '74%', '100%', '73%']  memcached=219.3%
[monitor] ['71%', '72%', '100%', '72%']  memcached=214.6%
[monitor] ['68%', '71%', '100%', '69%']  memcached=208.7%
[monitor] ['69%', '74%', '100%', '72%']  memcached=216.1%
[monitor] ['72%', '72%', '100%', '69%']  memcached=212.8%
[monitor] ['71%', '74%', '100%', '71%']  memcached=215.5%
[monitor] ['70%', '72%', '100%', '69%']  memcached=212.0%
[monitor] ['60%', '65%', '100%', '62%']  memcached=187.5%
[monitor] ['56%', '60%', '100%', '59%']  memcached=174.1%
[monitor] ['57%', '60%', '100%', '60%']  memcached=177.0%
[monitor] ['59%', '62%', '100%', '56%']  memcached=177.4%
[monitor] ['61%', '63%', '100%', '62%']  memcached=185.8%
[monitor] ['54%', '60%', '100%', '59%']  memcached=173.0%
[monitor] ['59%', '64%', '100%', '61%']  memcached=184.2%
[monitor] ['59%', '60%', '100%', '60%']  memcached=179.0%
[monitor] ['55%', '61%', '100%', '60%']  memcached=175.8%
[monitor] ['59%', '62%', '100%', '60%']  memcached=181.5%
[monitor] ['59%', '59%', '100%', '59%']  memcached=176.9%
[monitor] ['57%', '61%', '100%', '59%']  memcached=177.0%
[monitor] ['57%', '59%', '100%', '60%']  memcached=176.5%
[monitor] ['59%', '61%', '100%', '61%']  memcached=180.9%
[monitor] ['56%', '59%', '100%', '56%']  memcached=171.8%
[monitor] ['56%', '60%', '100%', '57%']  memcached=173.9%
[monitor] ['58%', '60%', '100%', '59%']  memcached=176.9%
[monitor] ['72%', '74%', '100%', '72%']  memcached=218.0%
[monitor] ['68%', '74%', '100%', '71%']  memcached=213.2%
[monitor] ['72%', '74%', '100%', '72%']  memcached=218.0%
[monitor] ['72%', '74%', '100%', '72%']  memcached=217.9%
[monitor] ['74%', '74%', '100%', '74%']  memcached=221.1%
[monitor] ['69%', '74%', '100%', '72%']  memcached=215.4%
[monitor] ['73%', '76%', '100%', '74%']  memcached=223.6%
[monitor] ['71%', '73%', '100%', '72%']  memcached=215.8%
[monitor] ['71%', '74%', '100%', '72%']  memcached=217.2%
[monitor] ['72%', '74%', '100%', '73%']  memcached=219.2%
[monitor] ['70%', '74%', '100%', '73%']  memcached=217.8%
[monitor] ['74%', '77%', '100%', '73%']  memcached=223.6%
[monitor] ['72%', '73%', '100%', '72%']  memcached=217.3%
[monitor] ['72%', '74%', '100%', '71%']  memcached=217.2%
[monitor] ['70%', '74%', '100%', '72%']  memcached=216.2%
[monitor] ['70%', '74%', '100%', '71%']  memcached=215.7%
[monitor] ['54%', '59%', '100%', '56%']  memcached=169.3%
[monitor] ['35%', '37%', '100%', '36%']  memcached=108.8%
[MEMCACHED] cores updated to: ['0', '3']
[freqmine] cores updated to: [2, 1]
[monitor] ['50%', '100%', '100%', '52%']  memcached=102.5%
[monitor] ['50%', '100%', '100%', '53%']  memcached=102.6%
[monitor] ['55%', '100%', '100%', '51%']  memcached=106.3%
[monitor] ['49%', '100%', '100%', '54%']  memcached=102.5%
[monitor] ['53%', '100%', '100%', '51%']  memcached=103.9%
[monitor] ['52%', '100%', '100%', '55%']  memcached=107.5%
[monitor] ['52%', '100%', '100%', '50%']  memcached=102.5%
[monitor] ['49%', '100%', '100%', '52%']  memcached=101.1%
[monitor] ['54%', '100%', '100%', '54%']  memcached=107.5%
[monitor] ['51%', '100%', '100%', '50%']  memcached=101.3%
[monitor] ['51%', '100%', '100%', '51%']  memcached=102.6%
[monitor] ['54%', '100%', '100%', '56%']  memcached=109.9%
[monitor] ['60%', '100%', '100%', '56%']  memcached=115.9%
[monitor] ['51%', '100%', '100%', '51%']  memcached=102.6%
[monitor] ['50%', '100%', '100%', '54%']  memcached=103.7%
[monitor] ['81%', '100%', '100%', '68%']  memcached=148.1%
[monitor] ['68%', '100%', '100%', '78%']  memcached=145.3%
[monitor] ['63%', '100%', '100%', '81%']  memcached=144.2%
[monitor] ['68%', '100%', '100%', '76%']  memcached=143.8%
[monitor] ['67%', '100%', '100%', '77%']  memcached=143.6%
[monitor] ['66%', '100%', '100%', '81%']  memcached=146.9%
[monitor] ['66%', '100%', '100%', '78%']  memcached=144.2%
[monitor] ['72%', '100%', '100%', '76%']  memcached=148.1%
[monitor] ['66%', '100%', '100%', '79%']  memcached=144.8%
[monitor] ['64%', '100%', '100%', '82%']  memcached=145.7%
[monitor] ['66%', '100%', '100%', '78%']  memcached=143.6%
[monitor] ['65%', '100%', '100%', '78%']  memcached=143.4%
[monitor] ['63%', '100%', '100%', '81%']  memcached=144.2%
[monitor] ['62%', '100%', '100%', '81%']  memcached=143.1%
[monitor] ['68%', '100%', '100%', '79%']  memcached=147.0%
[monitor] ['62%', '100%', '100%', '81%']  memcached=143.6%
[monitor] ['66%', '100%', '100%', '82%']  memcached=147.4%
[monitor] ['72%', '100%', '100%', '81%']  memcached=153.1%
[monitor] ['69%', '100%', '100%', '86%']  memcached=154.9%
[monitor] ['69%', '100%', '100%', '86%']  memcached=154.9%
[monitor] ['69%', '100%', '100%', '83%']  memcached=152.6%
[monitor] ['68%', '100%', '100%', '86%']  memcached=153.3%
[monitor] ['70%', '100%', '100%', '85%']  memcached=155.3%
[monitor] ['72%', '100%', '100%', '89%']  memcached=161.1%
[MEMCACHED] cores updated to: ['0', '2', '3']
[freqmine] cores updated to: [1]
[monitor] ['72%', '100%', '72%', '69%']  memcached=212.8%
[monitor] ['66%', '100%', '69%', '64%']  memcached=199.2%
[monitor] ['67%', '100%', '72%', '64%']  memcached=202.6%
[monitor] ['68%', '100%', '71%', '65%']  memcached=203.2%
[monitor] ['68%', '100%', '71%', '68%']  memcached=206.5%
[monitor] ['69%', '100%', '71%', '65%']  memcached=205.1%
[monitor] ['68%', '100%', '70%', '64%']  memcached=201.6%
[monitor] ['67%', '100%', '69%', '65%']  memcached=200.9%
[monitor] ['68%', '100%', '69%', '64%']  memcached=200.8%
[monitor] ['75%', '100%', '81%', '73%']  memcached=228.5%
[monitor] ['76%', '100%', '83%', '77%']  memcached=236.6%
[monitor] ['78%', '100%', '81%', '76%']  memcached=235.1%
[monitor] ['80%', '100%', '88%', '81%']  memcached=248.4%
[monitor] ['78%', '100%', '83%', '74%']  memcached=235.4%
[monitor] ['78%', '100%', '81%', '76%']  memcached=234.5%
[monitor] ['78%', '100%', '83%', '77%']  memcached=238.2%
[monitor] ['79%', '100%', '83%', '78%']  memcached=240.1%
[monitor] ['78%', '100%', '85%', '76%']  memcached=240.0%
[monitor] ['81%', '100%', '83%', '76%']  memcached=239.1%
[monitor] ['78%', '100%', '83%', '76%']  memcached=236.8%
[monitor] ['78%', '100%', '83%', '77%']  memcached=238.2%
[monitor] ['79%', '100%', '83%', '76%']  memcached=237.5%
[monitor] ['78%', '100%', '81%', '76%']  memcached=234.5%
[monitor] ['77%', '100%', '84%', '74%']  memcached=235.1%
[monitor] ['78%', '100%', '80%', '74%']  memcached=232.1%
[monitor] ['80%', '100%', '88%', '81%']  memcached=249.3%
[monitor] ['88%', '100%', '94%', '82%']  memcached=264.3%
[monitor] ['81%', '100%', '85%', '81%']  memcached=246.9%
[monitor] ['83%', '100%', '88%', '80%']  memcached=251.1%
[monitor] ['81%', '100%', '88%', '79%']  memcached=248.3%
[monitor] ['83%', '100%', '86%', '80%']  memcached=248.6%
[monitor] ['83%', '100%', '94%', '83%']  memcached=259.7%
[monitor] ['88%', '100%', '94%', '82%']  memcached=264.0%
[monitor] ['86%', '100%', '91%', '84%']  memcached=260.4%
[monitor] ['81%', '100%', '88%', '78%']  memcached=247.2%
[monitor] ['83%', '100%', '88%', '78%']  memcached=249.9%
[monitor] ['82%', '100%', '88%', '78%']  memcached=249.0%
[monitor] ['82%', '100%', '85%', '78%']  memcached=245.3%
[monitor] ['82%', '100%', '91%', '80%']  memcached=253.5%
[monitor] ['83%', '100%', '88%', '81%']  memcached=252.3%
[monitor] ['81%', '100%', '88%', '78%']  memcached=247.7%
[monitor] ['80%', '100%', '85%', '80%']  memcached=245.3%
[monitor] ['81%', '100%', '84%', '76%']  memcached=240.0%
[monitor] ['74%', '100%', '78%', '74%']  memcached=226.4%
[monitor] ['76%', '100%', '81%', '74%']  memcached=231.2%
[monitor] ['74%', '100%', '79%', '72%']  memcached=225.1%
[monitor] ['75%', '100%', '78%', '73%']  memcached=225.8%
[monitor] ['75%', '100%', '81%', '73%']  memcached=229.1%
[monitor] ['78%', '100%', '78%', '74%']  memcached=230.5%
[monitor] ['78%', '100%', '81%', '74%']  memcached=232.0%
[monitor] ['78%', '100%', '83%', '76%']  memcached=237.4%
[monitor] ['76%', '100%', '80%', '73%']  memcached=228.6%
[monitor] ['78%', '100%', '81%', '76%']  memcached=235.1%
[monitor] ['74%', '100%', '78%', '74%']  memcached=226.4%
[monitor] ['76%', '100%', '78%', '71%']  memcached=225.7%
[monitor] ['76%', '100%', '81%', '73%']  memcached=229.7%
[monitor] ['76%', '100%', '81%', '74%']  memcached=230.4%
[monitor] ['76%', '100%', '78%', '74%']  memcached=229.1%
[monitor] ['74%', '100%', '81%', '74%']  memcached=228.4%
[monitor] ['50%', '100%', '51%', '46%']  memcached=147.1%
[monitor] ['47%', '100%', '52%', '44%']  memcached=144.2%
[monitor] ['46%', '100%', '53%', '44%']  memcached=142.5%
[monitor] ['49%', '100%', '52%', '44%']  memcached=145.7%
[monitor] ['49%', '100%', '53%', '47%']  memcached=148.5%
[monitor] ['47%', '100%', '52%', '44%']  memcached=144.2%
[monitor] ['51%', '100%', '51%', '47%']  memcached=149.9%
[monitor] ['47%', '100%', '53%', '44%']  memcached=144.3%
[monitor] ['50%', '100%', '52%', '43%']  memcached=145.4%
[monitor] ['49%', '100%', '54%', '47%']  memcached=149.7%
[monitor] ['44%', '100%', '55%', '44%']  memcached=143.9%
[monitor] ['51%', '100%', '54%', '50%']  memcached=154.9%
[monitor] ['53%', '100%', '55%', '50%']  memcached=157.6%
[monitor] ['47%', '100%', '55%', '46%']  memcached=148.3%
[monitor] ['50%', '100%', '55%', '47%']  memcached=152.2%
[monitor] ['51%', '100%', '57%', '54%']  memcached=162.3%
[monitor] ['62%', '100%', '67%', '61%']  memcached=188.7%
[monitor] ['78%', '100%', '83%', '74%']  memcached=235.5%
[monitor] ['81%', '100%', '83%', '75%']  memcached=238.9%
[monitor] ['81%', '100%', '85%', '76%']  memcached=241.5%
[monitor] ['78%', '100%', '83%', '76%']  memcached=237.4%
[monitor] ['79%', '100%', '83%', '76%']  memcached=238.6%
[monitor] ['80%', '100%', '85%', '78%']  memcached=243.7%
[monitor] ['81%', '100%', '83%', '78%']  memcached=242.8%
[monitor] ['78%', '100%', '81%', '76%']  memcached=234.0%
[monitor] ['78%', '100%', '86%', '76%']  memcached=240.4%
[monitor] ['81%', '100%', '85%', '78%']  memcached=244.2%
[monitor] ['82%', '100%', '89%', '81%']  memcached=252.0%
[monitor] ['81%', '100%', '85%', '81%']  memcached=246.9%
[monitor] ['81%', '100%', '85%', '76%']  memcached=242.7%
[monitor] ['80%', '100%', '88%', '80%']  memcached=247.9%
[monitor] ['79%', '100%', '84%', '79%']  memcached=242.2%
[monitor] ['79%', '100%', '88%', '76%']  memcached=243.3%
[monitor] ['34%', '100%', '28%', '30%']  memcached=92.0%
[MEMCACHED] cores updated to: ['0', '3']
[freqmine] cores updated to: [2, 1]
[monitor] ['10%', '100%', '100%', '7%']  memcached=17.5%
[MEMCACHED] cores updated to: ['0']
[freqmine] cores updated to: [2, 1, 3]
[monitor] ['17%', '100%', '100%', '100%']  memcached=17.2%
[monitor] ['20%', '100%', '100%', '100%']  memcached=20.0%
[monitor] ['14%', '100%', '100%', '100%']  memcached=14.3%
[monitor] ['25%', '100%', '100%', '100%']  memcached=25.0%
[monitor] ['21%', '100%', '100%', '100%']  memcached=20.7%
[monitor] ['21%', '100%', '100%', '100%']  memcached=20.7%
[monitor] ['17%', '100%', '100%', '100%']  memcached=17.2%
[monitor] ['27%', '100%', '100%', '100%']  memcached=27.3%
[monitor] ['21%', '100%', '100%', '100%']  memcached=20.7%
[monitor] ['23%', '100%', '100%', '100%']  memcached=23.3%
[monitor] ['26%', '100%', '100%', '100%']  memcached=25.8%
[monitor] ['18%', '100%', '100%', '100%']  memcached=17.9%
[monitor] ['29%', '100%', '100%', '100%']  memcached=29.4%
[monitor] ['20%', '100%', '100%', '100%']  memcached=20.0%
[monitor] ['45%', '100%', '100%', '100%']  memcached=45.2%
[monitor] ['91%', '100%', '100%', '100%']  memcached=90.9%
[MEMCACHED] cores updated to: ['0', '1', '3']
[freqmine] cores updated to: [2]
[monitor] ['58%', '62%', '100%', '57%']  memcached=177.9%
[monitor] ['56%', '61%', '100%', '60%']  memcached=176.5%
[monitor] ['57%', '61%', '100%', '59%']  memcached=177.0%
[monitor] ['59%', '64%', '100%', '60%']  memcached=183.3%
[monitor] ['57%', '60%', '100%', '61%']  memcached=178.5%
[monitor] ['61%', '62%', '100%', '62%']  memcached=183.6%
[monitor] ['59%', '62%', '100%', '59%']  memcached=178.6%
[monitor] ['60%', '62%', '100%', '59%']  memcached=181.5%
[monitor] ['58%', '61%', '100%', '60%']  memcached=178.9%
[monitor] ['60%', '63%', '100%', '60%']  memcached=183.4%
[monitor] ['57%', '59%', '100%', '59%']  memcached=175.4%
[monitor] ['62%', '63%', '100%', '60%']  memcached=185.3%
[monitor] ['62%', '60%', '100%', '63%']  memcached=184.3%
[monitor] ['56%', '63%', '100%', '59%']  memcached=178.8%
[monitor] ['62%', '63%', '100%', '61%']  memcached=185.9%
[monitor] ['22%', '19%', '100%', '17%']  memcached=57.9%
[MEMCACHED] cores updated to: ['0', '3']
[freqmine] cores updated to: [2, 1]
[monitor] ['10%', '100%', '100%', '7%']  memcached=17.5%
[MEMCACHED] cores updated to: ['0']
[freqmine] cores updated to: [2, 1, 3]
[monitor] ['11%', '100%', '100%', '100%']  memcached=11.1%
[monitor] ['14%', '100%', '100%', '100%']  memcached=14.3%
[monitor] ['20%', '100%', '100%', '100%']  memcached=20.0%
[monitor] ['14%', '100%', '100%', '100%']  memcached=14.3%
[monitor] ['21%', '100%', '100%', '100%']  memcached=20.7%
[monitor] ['11%', '100%', '100%', '100%']  memcached=10.7%
[monitor] ['20%', '100%', '100%', '100%']  memcached=20.0%
[monitor] ['17%', '100%', '100%', '100%']  memcached=17.2%
[monitor] ['18%', '100%', '100%', '100%']  memcached=17.9%
[monitor] ['23%', '100%', '100%', '100%']  memcached=22.6%
[monitor] ['23%', '100%', '100%', '100%']  memcached=23.3%
[monitor] ['11%', '100%', '100%', '100%']  memcached=11.1%
[monitor] ['17%', '100%', '100%', '100%']  memcached=16.7%
[monitor] ['11%', '100%', '100%', '100%']  memcached=11.1%
[monitor] ['43%', '100%', '100%', '100%']  memcached=43.3%
[monitor] ['97%', '100%', '100%', '100%']  memcached=96.7%
[MEMCACHED] cores updated to: ['0', '1', '2']
[freqmine] cores updated to: [3]
[monitor] ['60%', '61%', '64%', '100%']  memcached=185.3%
[monitor] ['61%', '60%', '65%', '100%']  memcached=186.0%
[monitor] ['61%', '61%', '64%', '100%']  memcached=185.6%
[monitor] ['60%', '61%', '62%', '100%']  memcached=183.5%
[monitor] ['62%', '65%', '66%', '100%']  memcached=192.4%
[monitor] ['62%', '61%', '65%', '100%']  memcached=187.5%
[monitor] ['62%', '59%', '63%', '100%']  memcached=184.9%
[monitor] ['62%', '63%', '64%', '100%']  memcached=189.4%
[monitor] ['62%', '62%', '67%', '100%']  memcached=191.7%
[monitor] ['60%', '59%', '63%', '100%']  memcached=182.4%
[monitor] ['61%', '62%', '62%', '100%']  memcached=185.0%
[monitor] ['62%', '59%', '64%', '100%']  memcached=184.8%
[monitor] ['60%', '59%', '62%', '100%']  memcached=181.0%
[monitor] ['60%', '60%', '63%', '100%']  memcached=183.4%
[monitor] ['61%', '63%', '65%', '100%']  memcached=189.4%
[monitor] ['52%', '47%', '54%', '100%']  memcached=153.6%
[monitor] ['47%', '50%', '52%', '100%']  memcached=149.7%
[monitor] ['51%', '49%', '53%', '100%']  memcached=152.6%
[monitor] ['47%', '49%', '52%', '100%']  memcached=148.5%
[monitor] ['50%', '47%', '54%', '100%']  memcached=151.0%
[monitor] ['49%', '47%', '51%', '100%']  memcached=147.2%
[monitor] ['49%', '47%', '54%', '100%']  memcached=149.7%
[monitor] ['49%', '50%', '52%', '100%']  memcached=151.2%
[monitor] ['49%', '49%', '53%', '100%']  memcached=149.9%
[monitor] ['50%', '50%', '54%', '100%']  memcached=153.8%
[monitor] ['51%', '47%', '54%', '100%']  memcached=152.4%
[monitor] ['44%', '50%', '51%', '100%']  memcached=145.7%
[monitor] ['49%', '50%', '50%', '100%']  memcached=148.6%
[monitor] ['49%', '49%', '55%', '100%']  memcached=152.3%
[monitor] ['50%', '47%', '55%', '100%']  memcached=152.0%
[monitor] ['50%', '46%', '53%', '100%']  memcached=148.6%
[monitor] ['51%', '54%', '57%', '100%']  memcached=162.7%
[monitor] ['63%', '64%', '66%', '100%']  memcached=193.4%
[monitor] ['65%', '63%', '65%', '100%']  memcached=193.4%
[monitor] ['62%', '63%', '67%', '100%']  memcached=191.6%
[monitor] ['64%', '64%', '67%', '100%']  memcached=194.9%
[monitor] ['62%', '65%', '67%', '100%']  memcached=194.2%
[monitor] ['62%', '65%', '68%', '100%']  memcached=195.0%
[monitor] ['64%', '63%', '68%', '100%']  memcached=195.0%
[monitor] ['65%', '65%', '68%', '100%']  memcached=197.5%
[monitor] ['64%', '65%', '68%', '100%']  memcached=197.6%
[monitor] ['64%', '63%', '68%', '100%']  memcached=195.6%
[monitor] ['67%', '63%', '67%', '100%']  memcached=196.7%
[monitor] ['62%', '65%', '68%', '100%']  memcached=195.8%
[monitor] ['62%', '64%', '67%', '100%']  memcached=193.3%
[monitor] ['68%', '68%', '70%', '100%']  memcached=206.6%
[monitor] ['64%', '66%', '69%', '100%']  memcached=199.2%
[monitor] ['63%', '66%', '66%', '100%']  memcached=195.1%
[monitor] ['41%', '38%', '41%', '100%']  memcached=120.6%
[MEMCACHED] cores updated to: ['0', '2']
[freqmine] cores updated to: [1, 3]
[monitor] ['46%', '100%', '47%', '100%']  memcached=93.5%
[monitor] ['45%', '100%', '46%', '100%']  memcached=90.9%
[monitor] ['47%', '100%', '42%', '100%']  memcached=89.0%
[monitor] ['46%', '100%', '46%', '100%']  memcached=92.1%
[monitor] ['46%', '100%', '46%', '100%']  memcached=92.3%
[monitor] ['47%', '100%', '46%', '100%']  memcached=93.3%
[monitor] ['48%', '100%', '43%', '100%']  memcached=90.7%
[monitor] ['49%', '100%', '43%', '100%']  memcached=92.0%
[monitor] ['48%', '100%', '47%', '100%']  memcached=94.9%
[monitor] ['46%', '100%', '43%', '100%']  memcached=88.8%
[monitor] ['46%', '100%', '43%', '100%']  memcached=89.4%
[monitor] ['46%', '100%', '46%', '100%']  memcached=91.9%
[monitor] ['50%', '100%', '47%', '100%']  memcached=97.4%
[monitor] ['45%', '100%', '47%', '100%']  memcached=92.1%
[monitor] ['48%', '100%', '46%', '100%']  memcached=93.7%
[monitor] ['55%', '100%', '53%', '100%']  memcached=108.0%
[monitor] ['78%', '100%', '78%', '100%']  memcached=156.2%
[monitor] ['79%', '100%', '81%', '100%']  memcached=159.5%
[monitor] ['79%', '100%', '78%', '100%']  memcached=157.9%
[monitor] ['81%', '100%', '79%', '100%']  memcached=160.0%
[MEMCACHED] cores updated to: ['0', '2', '3']
[freqmine] cores updated to: [1]
[monitor] ['63%', '100%', '68%', '64%']  memcached=195.6%
[monitor] ['66%', '100%', '70%', '62%']  memcached=198.4%
[monitor] ['67%', '100%', '70%', '64%']  memcached=200.8%
[monitor] ['68%', '100%', '69%', '64%']  memcached=200.8%
[monitor] ['63%', '100%', '68%', '62%']  memcached=192.8%
[monitor] ['67%', '100%', '69%', '64%']  memcached=200.0%
[monitor] ['66%', '100%', '70%', '65%']  memcached=200.9%
[monitor] ['68%', '100%', '71%', '67%']  memcached=205.7%
[monitor] ['68%', '100%', '72%', '68%']  memcached=208.4%
[monitor] ['69%', '100%', '72%', '68%']  memcached=210.2%
[monitor] ['71%', '100%', '72%', '68%']  memcached=210.8%
[monitor] ['68%', '100%', '73%', '68%']  memcached=209.0%
[monitor] ['80%', '100%', '85%', '78%']  memcached=243.1%
[monitor] ['83%', '100%', '86%', '81%']  memcached=249.7%
[monitor] ['82%', '100%', '88%', '81%']  memcached=251.1%
[monitor] ['83%', '100%', '88%', '79%']  memcached=249.7%
[monitor] ['83%', '100%', '86%', '78%']  memcached=246.3%
[monitor] ['83%', '100%', '88%', '81%']  memcached=251.3%
[monitor] ['84%', '100%', '89%', '79%']  memcached=251.3%
[monitor] ['81%', '100%', '85%', '80%']  memcached=245.8%
[monitor] ['83%', '100%', '88%', '78%']  memcached=249.5%
[monitor] ['83%', '100%', '88%', '78%']  memcached=249.9%
[monitor] ['83%', '100%', '86%', '79%']  memcached=247.5%
[monitor] ['83%', '100%', '88%', '82%']  memcached=253.4%
[monitor] ['83%', '100%', '88%', '81%']  memcached=252.2%
[monitor] ['81%', '100%', '88%', '78%']  memcached=246.8%
[monitor] ['83%', '100%', '86%', '81%']  memcached=249.5%
[monitor] ['83%', '100%', '85%', '78%']  memcached=246.1%
[monitor] ['77%', '100%', '80%', '72%']  memcached=229.4%
[monitor] ['19%', '100%', '7%', '7%']  memcached=33.6%
[MEMCACHED] cores updated to: ['0', '3']
[freqmine] cores updated to: [2, 1]
[monitor] ['14%', '100%', '100%', '14%']  memcached=27.6%
[MEMCACHED] cores updated to: ['0']
[freqmine] cores updated to: [2, 1, 3]
[monitor] ['42%', '100%', '100%', '100%']  memcached=41.7%
[monitor] ['41%', '100%', '100%', '100%']  memcached=40.5%
[monitor] ['43%', '100%', '100%', '100%']  memcached=43.2%
[monitor] ['48%', '100%', '100%', '100%']  memcached=47.5%
[monitor] ['41%', '100%', '100%', '100%']  memcached=40.5%
[monitor] ['43%', '100%', '100%', '100%']  memcached=42.9%
[monitor] ['42%', '100%', '100%', '100%']  memcached=42.1%
[monitor] ['40%', '100%', '100%', '100%']  memcached=40.0%
[monitor] ['41%', '100%', '100%', '100%']  memcached=40.5%
[monitor] ['45%', '100%', '100%', '100%']  memcached=44.7%
[monitor] ['42%', '100%', '100%', '100%']  memcached=42.1%
[monitor] ['38%', '100%', '100%', '100%']  memcached=38.2%
[monitor] ['44%', '100%', '100%', '100%']  memcached=43.6%
[monitor] ['38%', '100%', '100%', '100%']  memcached=38.2%
[monitor] ['75%', '100%', '100%', '100%']  memcached=75.0%
[monitor] ['97%', '100%', '100%', '100%']  memcached=96.9%
[MEMCACHED] cores updated to: ['0', '1', '2']
[freqmine] cores updated to: [3]
[monitor] ['61%', '60%', '65%', '100%']  memcached=186.0%
[monitor] ['62%', '62%', '65%', '100%']  memcached=190.1%
[monitor] ['61%', '61%', '65%', '100%']  memcached=187.0%
[monitor] ['59%', '62%', '63%', '100%']  memcached=184.9%
[monitor] ['62%', '62%', '65%', '100%']  memcached=189.0%
[monitor] ['62%', '59%', '63%', '100%']  memcached=183.9%
[monitor] ['62%', '62%', '65%', '100%']  memcached=188.4%
[monitor] ['63%', '59%', '62%', '100%']  memcached=184.9%
[monitor] ['60%', '64%', '66%', '97%']  memcached=190.0%
[freqmine] ended.
[MEMCACHED] cores updated to: ['0', '2', '3']
[streamcluster] started on cores: [1] with 3 threads.
[monitor] ['62%', '100%', '66%', '65%']  memcached=193.4%
[monitor] ['61%', '100%', '66%', '62%']  memcached=188.9%
[monitor] ['61%', '100%', '63%', '59%']  memcached=183.4%
[monitor] ['64%', '100%', '63%', '60%']  memcached=187.7%
[monitor] ['63%', '100%', '69%', '67%']  memcached=199.1%
[monitor] ['71%', '100%', '74%', '71%']  memcached=216.5%
[monitor] ['72%', '100%', '76%', '72%']  memcached=220.0%
[monitor] ['74%', '100%', '76%', '74%']  memcached=223.7%
[monitor] ['72%', '100%', '74%', '72%']  memcached=217.3%
[monitor] ['70%', '100%', '75%', '72%']  memcached=217.5%
[monitor] ['72%', '100%', '76%', '72%']  memcached=220.7%
[monitor] ['72%', '100%', '76%', '74%']  memcached=221.8%
[monitor] ['74%', '100%', '76%', '74%']  memcached=223.7%
[monitor] ['72%', '100%', '74%', '71%']  memcached=217.2%
[monitor] ['71%', '100%', '75%', '70%']  memcached=216.1%
[monitor] ['72%', '100%', '75%', '72%']  memcached=218.6%
[monitor] ['72%', '100%', '76%', '74%']  memcached=222.5%
[monitor] ['72%', '100%', '74%', '71%']  memcached=217.2%
[monitor] ['72%', '100%', '76%', '72%']  memcached=219.3%
[monitor] ['74%', '100%', '76%', '73%']  memcached=223.2%
[monitor] ['71%', '100%', '74%', '70%']  memcached=215.7%
[monitor] ['68%', '100%', '74%', '74%']  memcached=217.1%
[monitor] ['72%', '100%', '72%', '72%']  memcached=216.8%
[monitor] ['72%', '100%', '74%', '72%']  memcached=218.0%
[monitor] ['68%', '100%', '74%', '70%']  memcached=212.8%
[monitor] ['70%', '100%', '73%', '72%']  memcached=215.5%
[monitor] ['72%', '100%', '74%', '72%']  memcached=218.7%
[monitor] ['70%', '100%', '74%', '70%']  memcached=214.4%
[monitor] ['74%', '100%', '76%', '70%']  memcached=220.3%
[monitor] ['69%', '100%', '72%', '72%']  memcached=213.5%
[monitor] ['72%', '100%', '76%', '71%']  memcached=218.5%
[monitor] ['70%', '100%', '72%', '72%']  memcached=214.3%
[monitor] ['72%', '100%', '74%', '70%']  memcached=216.2%
[monitor] ['72%', '100%', '76%', '74%']  memcached=221.8%
[monitor] ['72%', '100%', '72%', '71%']  memcached=214.6%
[monitor] ['72%', '100%', '79%', '76%']  memcached=227.1%
[monitor] ['74%', '100%', '76%', '74%']  memcached=225.0%
[monitor] ['71%', '100%', '74%', '70%']  memcached=215.0%
[monitor] ['32%', '100%', '39%', '38%']  memcached=109.9%
[MEMCACHED] cores updated to: ['0', '3']
[streamcluster] cores updated to: [1, 2]
[monitor] ['47%', '97%', '97%', '49%']  memcached=96.1%
[monitor] ['50%', '93%', '90%', '49%']  memcached=98.6%
[monitor] ['54%', '97%', '97%', '51%']  memcached=104.9%
[monitor] ['52%', '93%', '93%', '52%']  memcached=105.0%
[monitor] ['54%', '93%', '93%', '54%']  memcached=107.5%
[monitor] ['49%', '90%', '93%', '52%']  memcached=101.1%
[monitor] ['50%', '93%', '93%', '52%']  memcached=102.5%
[monitor] ['49%', '97%', '97%', '49%']  memcached=97.3%
[monitor] ['45%', '87%', '97%', '47%']  memcached=92.1%
[monitor] ['51%', '97%', '97%', '51%']  memcached=102.5%
[monitor] ['49%', '93%', '97%', '50%']  memcached=98.6%
[monitor] ['50%', '97%', '97%', '49%']  memcached=98.7%
[monitor] ['50%', '93%', '97%', '50%']  memcached=100.0%
[monitor] ['49%', '90%', '97%', '49%']  memcached=97.4%
[monitor] ['47%', '100%', '93%', '50%']  memcached=97.4%
[monitor] ['66%', '86%', '93%', '66%']  memcached=131.6%
[monitor] ['94%', '83%', '100%', '100%']  memcached=193.5%
[MEMCACHED] cores updated to: ['0', '1', '3']
[streamcluster] cores updated to: [2]
[monitor] ['81%', '81%', '100%', '77%']  memcached=238.0%
[monitor] ['78%', '79%', '100%', '78%']  memcached=235.1%
[monitor] ['78%', '81%', '100%', '76%']  memcached=235.8%
[monitor] ['80%', '81%', '100%', '78%']  memcached=238.9%
[monitor] ['78%', '81%', '100%', '76%']  memcached=234.6%
[monitor] ['86%', '83%', '100%', '83%']  memcached=251.8%
[monitor] ['81%', '83%', '100%', '78%']  memcached=241.8%
[monitor] ['79%', '80%', '100%', '78%']  memcached=237.9%
[monitor] ['78%', '79%', '100%', '76%']  memcached=233.0%
[monitor] ['78%', '81%', '100%', '76%']  memcached=234.5%
[monitor] ['81%', '80%', '100%', '76%']  memcached=237.4%
[monitor] ['80%', '81%', '100%', '78%']  memcached=239.5%
[monitor] ['76%', '78%', '100%', '76%']  memcached=229.8%
[monitor] ['81%', '81%', '100%', '79%']  memcached=240.6%
[monitor] ['78%', '78%', '100%', '77%']  memcached=233.9%
[monitor] ['83%', '88%', '100%', '81%']  memcached=252.6%
[monitor] ['88%', '89%', '100%', '85%']  memcached=262.1%
[monitor] ['86%', '85%', '100%', '83%']  memcached=254.3%
[monitor] ['81%', '82%', '100%', '81%']  memcached=244.0%
[monitor] ['83%', '83%', '100%', '81%']  memcached=247.2%
[monitor] ['83%', '83%', '100%', '78%']  memcached=244.1%
[monitor] ['83%', '83%', '100%', '81%']  memcached=247.2%
[monitor] ['83%', '83%', '100%', '81%']  memcached=246.7%
[monitor] ['83%', '83%', '100%', '81%']  memcached=246.7%
[monitor] ['81%', '83%', '100%', '78%']  memcached=242.3%
[monitor] ['83%', '83%', '100%', '81%']  memcached=246.7%
[monitor] ['86%', '86%', '100%', '86%']  memcached=257.1%
[monitor] ['81%', '83%', '100%', '78%']  memcached=241.8%
[monitor] ['83%', '83%', '100%', '80%']  memcached=246.7%
[monitor] ['81%', '85%', '100%', '81%']  memcached=246.9%
[monitor] ['83%', '83%', '100%', '80%']  memcached=246.2%
[monitor] ['83%', '83%', '100%', '83%']  memcached=249.0%
[monitor] ['81%', '81%', '100%', '78%']  memcached=239.4%
[monitor] ['83%', '85%', '100%', '81%']  memcached=248.8%
[monitor] ['83%', '81%', '100%', '78%']  memcached=242.8%
[monitor] ['81%', '83%', '100%', '80%']  memcached=243.9%
[monitor] ['85%', '86%', '100%', '83%']  memcached=254.3%
[monitor] ['83%', '85%', '100%', '78%']  memcached=247.0%
[monitor] ['83%', '83%', '100%', '80%']  memcached=246.7%
[monitor] ['81%', '86%', '100%', '79%']  memcached=245.7%
[monitor] ['83%', '81%', '100%', '80%']  memcached=243.4%
[monitor] ['81%', '83%', '100%', '81%']  memcached=244.0%
[monitor] ['86%', '88%', '100%', '84%']  memcached=257.4%
[monitor] ['85%', '86%', '100%', '83%']  memcached=253.9%
[monitor] ['89%', '89%', '100%', '83%']  memcached=260.5%
[monitor] ['80%', '83%', '100%', '81%']  memcached=243.4%
[monitor] ['81%', '81%', '100%', '81%']  memcached=242.7%
[monitor] ['82%', '83%', '100%', '78%']  memcached=243.5%
[monitor] ['78%', '78%', '100%', '78%']  memcached=235.1%
[monitor] ['76%', '77%', '100%', '74%']  memcached=227.1%
[monitor] ['81%', '81%', '100%', '78%']  memcached=239.5%
[monitor] ['78%', '78%', '100%', '76%']  memcached=233.1%
[monitor] ['76%', '79%', '100%', '76%']  memcached=230.9%
[monitor] ['79%', '78%', '100%', '76%']  memcached=233.6%
[monitor] ['78%', '78%', '100%', '76%']  memcached=231.8%
[monitor] ['76%', '78%', '100%', '76%']  memcached=229.1%
[monitor] ['81%', '83%', '100%', '78%']  memcached=241.8%
[monitor] ['76%', '79%', '100%', '76%']  memcached=230.9%
[monitor] ['80%', '78%', '100%', '76%']  memcached=234.1%
[monitor] ['78%', '78%', '100%', '76%']  memcached=233.1%
[monitor] ['76%', '78%', '100%', '76%']  memcached=229.1%
[monitor] ['78%', '79%', '100%', '76%']  memcached=233.6%
[monitor] ['79%', '78%', '100%', '76%']  memcached=233.6%
[monitor] ['78%', '78%', '100%', '76%']  memcached=233.1%
[monitor] ['78%', '75%', '100%', '76%']  memcached=229.1%
[monitor] ['76%', '76%', '100%', '72%']  memcached=224.4%
[monitor] ['74%', '74%', '100%', '73%']  memcached=221.0%
[monitor] ['74%', '74%', '100%', '72%']  memcached=219.8%
[monitor] ['77%', '76%', '100%', '74%']  memcached=226.3%
[monitor] ['78%', '78%', '100%', '76%']  memcached=233.1%
[monitor] ['78%', '76%', '100%', '77%']  memcached=231.6%
[monitor] ['74%', '76%', '100%', '72%']  memcached=221.8%
[monitor] ['77%', '76%', '100%', '74%']  memcached=227.6%
[monitor] ['76%', '74%', '100%', '74%']  memcached=223.7%
[monitor] ['78%', '78%', '100%', '77%']  memcached=233.1%
[monitor] ['74%', '76%', '100%', '72%']  memcached=221.8%
[monitor] ['76%', '74%', '100%', '71%']  memcached=221.1%
[monitor] ['76%', '78%', '100%', '76%']  memcached=229.1%
[monitor] ['77%', '74%', '100%', '72%']  memcached=222.4%
[monitor] ['73%', '75%', '100%', '74%']  memcached=221.7%
[monitor] ['74%', '76%', '100%', '72%']  memcached=222.5%
[monitor] ['69%', '66%', '100%', '66%']  memcached=200.8%
[monitor] ['55%', '57%', '100%', '51%']  memcached=163.8%
[monitor] ['56%', '56%', '100%', '54%']  memcached=166.4%
[monitor] ['56%', '55%', '100%', '53%']  memcached=164.0%
[monitor] ['57%', '54%', '100%', '54%']  memcached=165.2%
[monitor] ['56%', '56%', '100%', '54%']  memcached=166.7%
[monitor] ['60%', '59%', '100%', '59%']  memcached=176.6%
[monitor] ['56%', '56%', '100%', '56%']  memcached=168.3%
[monitor] ['59%', '59%', '100%', '55%']  memcached=173.2%
[monitor] ['56%', '56%', '100%', '54%']  memcached=166.4%
[monitor] ['56%', '55%', '100%', '53%']  memcached=164.0%
[monitor] ['56%', '56%', '100%', '54%']  memcached=166.4%
[monitor] ['56%', '56%', '100%', '56%']  memcached=168.9%
[monitor] ['55%', '56%', '100%', '55%']  memcached=166.4%
[monitor] ['59%', '55%', '100%', '55%']  memcached=169.0%
[monitor] ['55%', '57%', '100%', '55%']  memcached=167.8%
[monitor] ['57%', '59%', '100%', '55%']  memcached=171.0%
[monitor] ['28%', '28%', '100%', '24%']  memcached=80.4%
[MEMCACHED] cores updated to: ['0', '3']
[streamcluster] cores updated to: [1, 2]
[monitor] ['37%', '97%', '93%', '40%']  memcached=77.1%
[monitor] ['40%', '93%', '96%', '40%']  memcached=80.0%
[monitor] ['42%', '97%', '94%', '39%']  memcached=80.6%
[monitor] ['39%', '93%', '97%', '42%']  memcached=80.6%
[monitor] ['40%', '93%', '93%', '42%']  memcached=81.7%
[monitor] ['42%', '97%', '100%', '39%']  memcached=80.6%
[monitor] ['45%', '97%', '93%', '42%']  memcached=86.4%
[monitor] ['40%', '97%', '97%', '39%']  memcached=78.9%
[monitor] ['42%', '93%', '97%', '38%']  memcached=79.9%
[monitor] ['41%', '97%', '93%', '43%']  memcached=83.8%
[monitor] ['38%', '100%', '96%', '41%']  memcached=78.8%
[monitor] ['40%', '93%', '91%', '40%']  memcached=80.0%
[monitor] ['42%', '97%', '97%', '40%']  memcached=81.7%
[monitor] ['35%', '93%', '97%', '40%']  memcached=75.3%
[monitor] ['39%', '97%', '93%', '31%']  memcached=70.1%
[monitor] ['46%', '97%', '90%', '47%']  memcached=93.1%
[monitor] ['65%', '87%', '97%', '64%']  memcached=129.1%
[monitor] ['66%', '94%', '93%', '65%']  memcached=130.9%
[monitor] ['66%', '89%', '90%', '62%']  memcached=128.4%
[monitor] ['65%', '89%', '97%', '68%']  memcached=132.5%
[monitor] ['65%', '79%', '100%', '65%']  memcached=130.0%
[monitor] ['66%', '83%', '97%', '68%']  memcached=134.1%
[monitor] ['70%', '86%', '100%', '69%']  memcached=139.2%
[monitor] ['70%', '90%', '97%', '69%']  memcached=139.2%
[monitor] ['65%', '93%', '100%', '64%']  memcached=129.1%
[monitor] ['67%', '93%', '93%', '65%']  memcached=131.7%
[monitor] ['67%', '87%', '100%', '67%']  memcached=133.3%
[monitor] ['65%', '97%', '93%', '67%']  memcached=131.7%
[monitor] ['68%', '97%', '97%', '65%']  memcached=132.5%
[monitor] ['64%', '93%', '97%', '66%']  memcached=129.9%
[monitor] ['67%', '97%', '93%', '67%']  memcached=133.3%
[monitor] ['68%', '94%', '93%', '65%']  memcached=132.5%
[monitor] ['85%', '97%', '87%', '81%']  memcached=165.4%
[MEMCACHED] cores updated to: ['0', '2', '3']
[streamcluster] cores updated to: [1]
[monitor] ['74%', '100%', '81%', '76%']  memcached=230.4%
[monitor] ['76%', '100%', '81%', '76%']  memcached=233.1%
[monitor] ['76%', '100%', '78%', '76%']  memcached=230.4%
[monitor] ['76%', '100%', '81%', '76%']  memcached=232.5%
[monitor] ['76%', '100%', '81%', '78%']  memcached=234.6%
[monitor] ['79%', '100%', '81%', '76%']  memcached=235.8%
[monitor] ['76%', '100%', '81%', '76%']  memcached=233.1%
[monitor] ['76%', '100%', '81%', '74%']  memcached=230.6%
[monitor] ['78%', '100%', '86%', '81%']  memcached=244.6%
[monitor] ['81%', '100%', '86%', '81%']  memcached=247.4%
[monitor] ['81%', '100%', '85%', '83%']  memcached=249.2%
[monitor] ['76%', '100%', '84%', '76%']  memcached=235.8%
[monitor] ['76%', '100%', '81%', '77%']  memcached=233.8%
[monitor] ['76%', '100%', '81%', '76%']  memcached=232.5%
[monitor] ['76%', '100%', '78%', '76%']  memcached=231.0%
[monitor] ['74%', '100%', '79%', '74%']  memcached=226.3%
[monitor] ['62%', '100%', '65%', '62%']  memcached=189.0%
[monitor] ['65%', '100%', '68%', '66%']  memcached=199.1%
[monitor] ['62%', '100%', '66%', '62%']  memcached=189.9%
[monitor] ['64%', '100%', '65%', '63%']  memcached=192.7%
[monitor] ['62%', '100%', '67%', '63%']  memcached=192.6%
[monitor] ['62%', '100%', '65%', '65%']  memcached=192.5%
[monitor] ['63%', '100%', '65%', '63%']  memcached=191.8%
[monitor] ['63%', '100%', '65%', '63%']  memcached=191.8%
[monitor] ['62%', '100%', '68%', '64%']  memcached=194.9%
[monitor] ['63%', '100%', '65%', '62%']  memcached=190.0%
[monitor] ['64%', '100%', '65%', '64%']  memcached=193.4%
[monitor] ['63%', '100%', '68%', '63%']  memcached=194.9%
[monitor] ['62%', '100%', '64%', '64%']  memcached=191.1%
[monitor] ['62%', '100%', '66%', '62%']  memcached=189.9%
[monitor] ['64%', '100%', '65%', '63%']  memcached=192.7%
[monitor] ['63%', '100%', '67%', '62%']  memcached=192.6%
[monitor] ['63%', '100%', '68%', '63%']  memcached=195.1%
[monitor] ['63%', '100%', '66%', '64%']  memcached=193.6%
[monitor] ['65%', '100%', '67%', '66%']  memcached=197.5%
[monitor] ['65%', '100%', '66%', '64%']  memcached=195.0%
[monitor] ['64%', '100%', '67%', '64%']  memcached=195.2%
[monitor] ['62%', '100%', '68%', '66%']  memcached=195.9%
[monitor] ['65%', '100%', '66%', '63%']  memcached=194.3%
[monitor] ['66%', '100%', '69%', '68%']  memcached=203.4%
[monitor] ['65%', '100%', '65%', '65%']  memcached=195.0%
[monitor] ['62%', '100%', '68%', '65%']  memcached=195.0%
[monitor] ['62%', '100%', '65%', '64%']  memcached=191.8%
[monitor] ['62%', '100%', '66%', '63%']  memcached=190.8%
[monitor] ['68%', '100%', '68%', '68%']  memcached=202.5%
[monitor] ['66%', '100%', '67%', '62%']  memcached=195.0%
[monitor] ['62%', '100%', '68%', '65%']  memcached=195.8%
[monitor] ['62%', '100%', '63%', '62%']  memcached=188.4%
[monitor] ['62%', '100%', '68%', '64%']  memcached=195.1%
[monitor] ['67%', '100%', '69%', '67%']  memcached=202.6%
[monitor] ['70%', '100%', '72%', '69%']  memcached=211.7%
[monitor] ['68%', '100%', '71%', '70%']  memcached=208.6%
[monitor] ['68%', '100%', '72%', '69%']  memcached=210.2%
[monitor] ['71%', '100%', '71%', '69%']  memcached=211.0%
[monitor] ['67%', '100%', '69%', '68%']  memcached=204.2%
[monitor] ['70%', '100%', '72%', '69%']  memcached=211.7%
[monitor] ['68%', '100%', '72%', '69%']  memcached=210.2%
[monitor] ['72%', '100%', '76%', '74%']  memcached=221.8%
[monitor] ['70%', '100%', '71%', '69%']  memcached=210.3%
[monitor] ['70%', '100%', '73%', '71%']  memcached=213.9%
[monitor] ['68%', '100%', '72%', '68%']  memcached=206.8%
[monitor] ['69%', '100%', '69%', '69%']  memcached=207.7%
[monitor] ['68%', '100%', '72%', '68%']  memcached=207.7%
[monitor] ['68%', '100%', '71%', '68%']  memcached=206.1%
[monitor] ['70%', '100%', '69%', '70%']  memcached=209.2%
[monitor] ['56%', '100%', '59%', '58%']  memcached=173.3%
[monitor] ['29%', '100%', '32%', '33%']  memcached=94.6%
[MEMCACHED] cores updated to: ['0', '3']
[streamcluster] cores updated to: [1, 2]
[monitor] ['50%', '90%', '97%', '52%']  memcached=102.5%
[monitor] ['51%', '93%', '94%', '55%']  memcached=106.3%
[monitor] ['50%', '93%', '100%', '52%']  memcached=102.5%
[monitor] ['51%', '97%', '97%', '50%']  memcached=101.3%
[monitor] ['49%', '87%', '93%', '54%']  memcached=102.3%
[monitor] ['51%', '93%', '97%', '49%']  memcached=100.0%
[monitor] ['49%', '93%', '97%', '50%']  memcached=98.6%
[monitor] ['52%', '97%', '93%', '52%']  memcached=105.0%
[monitor] ['51%', '90%', '94%', '49%']  memcached=99.9%
[monitor] ['50%', '87%', '100%', '55%']  memcached=104.8%
[monitor] ['52%', '97%', '97%', '49%']  memcached=101.1%
[monitor] ['49%', '90%', '97%', '51%']  memcached=99.9%
[monitor] ['50%', '90%', '97%', '51%']  memcached=101.3%
[monitor] ['50%', '90%', '100%', '52%']  memcached=102.5%
[monitor] ['50%', '93%', '97%', '54%']  memcached=103.7%
[monitor] ['74%', '96%', '93%', '69%']  memcached=142.9%
[monitor] ['72%', '97%', '89%', '74%']  memcached=146.2%
[monitor] ['74%', '93%', '94%', '73%']  memcached=146.7%
[monitor] ['76%', '94%', '97%', '76%']  memcached=152.0%
[monitor] ['81%', '93%', '93%', '69%']  memcached=150.3%
[monitor] ['76%', '86%', '97%', '78%']  memcached=153.5%
[monitor] ['74%', '93%', '100%', '74%']  memcached=148.7%
[monitor] ['72%', '93%', '93%', '76%']  memcached=148.2%
[monitor] ['75%', '93%', '97%', '78%']  memcached=152.8%
[monitor] ['74%', '97%', '93%', '77%']  memcached=151.3%
[monitor] ['74%', '93%', '100%', '74%']  memcached=148.0%
[monitor] ['74%', '86%', '93%', '76%']  memcached=149.4%
[monitor] ['71%', '86%', '100%', '76%']  memcached=147.4%
[monitor] ['73%', '77%', '100%', '73%']  memcached=145.9%
[monitor] ['72%', '86%', '97%', '76%']  memcached=148.1%
[monitor] ['72%', '87%', '100%', '76%']  memcached=148.8%
[monitor] ['68%', '90%', '93%', '67%']  memcached=134.2%
[monitor] ['35%', '93%', '97%', '31%']  memcached=66.5%
[MEMCACHED] cores updated to: ['0']
[streamcluster] cores updated to: [1, 2, 3]
[monitor] ['60%', '97%', '79%', '100%']  memcached=60.0%
[monitor] ['64%', '100%', '81%', '97%']  memcached=64.4%
[monitor] ['62%', '100%', '83%', '100%']  memcached=62.2%
[monitor] ['63%', '100%', '80%', '100%']  memcached=63.0%
[monitor] ['61%', '100%', '83%', '100%']  memcached=61.4%
[monitor] ['64%', '100%', '83%', '97%']  memcached=64.4%
[monitor] ['58%', '100%', '32%', '41%']  memcached=57.8%
[monitor] ['60%', '100%', '69%', '83%']  memcached=60.5%
[monitor] ['63%', '100%', '80%', '93%']  memcached=63.0%
[monitor] ['61%', '100%', '81%', '100%']  memcached=61.4%
[monitor] ['64%', '100%', '82%', '100%']  memcached=64.4%
[monitor] ['62%', '97%', '87%', '100%']  memcached=62.2%
[monitor] ['64%', '100%', '80%', '100%']  memcached=63.6%
[monitor] ['63%', '100%', '83%', '97%']  memcached=63.0%
[monitor] ['61%', '100%', '83%', '100%']  memcached=61.4%
[monitor] ['86%', '100%', '87%', '100%']  memcached=85.7%
[MEMCACHED] cores updated to: ['0', '3']
[streamcluster] cores updated to: [1, 2]
[monitor] ['94%', '75%', '100%', '94%']  memcached=187.3%
[MEMCACHED] cores updated to: ['0', '1', '3']
[streamcluster] cores updated to: [2]
[monitor] ['74%', '74%', '100%', '72%']  memcached=220.5%
[monitor] ['74%', '73%', '100%', '70%']  memcached=216.9%
[monitor] ['74%', '72%', '100%', '72%']  memcached=219.4%
[monitor] ['74%', '74%', '100%', '70%']  memcached=218.3%
[monitor] ['74%', '74%', '100%', '72%']  memcached=219.8%
[monitor] ['74%', '74%', '100%', '71%']  memcached=219.1%
[monitor] ['74%', '76%', '100%', '71%']  memcached=221.1%
[monitor] ['74%', '74%', '100%', '72%']  memcached=220.5%
[monitor] ['74%', '74%', '100%', '71%']  memcached=219.1%
[monitor] ['71%', '74%', '100%', '72%']  memcached=217.2%
[monitor] ['74%', '72%', '100%', '71%']  memcached=217.2%
[monitor] ['73%', '74%', '100%', '72%']  memcached=219.4%
[monitor] ['74%', '74%', '100%', '71%']  memcached=219.1%
[monitor] ['74%', '73%', '100%', '72%']  memcached=219.1%
[monitor] ['69%', '72%', '100%', '70%']  memcached=211.0%
[monitor] ['64%', '62%', '100%', '59%']  memcached=185.8%
[monitor] ['62%', '61%', '100%', '62%']  memcached=185.0%
[monitor] ['64%', '66%', '100%', '62%']  memcached=192.6%
[monitor] ['63%', '63%', '100%', '61%']  memcached=187.5%
[monitor] ['63%', '62%', '100%', '62%']  memcached=188.4%
[monitor] ['63%', '63%', '100%', '61%']  memcached=187.8%
[monitor] ['62%', '65%', '100%', '61%']  memcached=188.0%
[monitor] ['63%', '64%', '100%', '60%']  memcached=187.7%
[monitor] ['64%', '63%', '100%', '62%']  memcached=190.2%
[monitor] ['65%', '62%', '100%', '61%']  memcached=188.5%
[monitor] ['64%', '66%', '100%', '66%']  memcached=196.0%
[monitor] ['65%', '64%', '100%', '62%']  memcached=190.6%
[monitor] ['61%', '65%', '100%', '61%']  memcached=186.5%
[monitor] ['63%', '61%', '100%', '62%']  memcached=185.9%
[monitor] ['63%', '65%', '100%', '58%']  memcached=186.3%
[monitor] ['63%', '63%', '100%', '62%']  memcached=189.3%
[monitor] ['59%', '56%', '100%', '55%']  memcached=169.9%
[monitor] ['57%', '55%', '100%', '53%']  memcached=165.1%
[monitor] ['56%', '56%', '100%', '55%']  memcached=168.1%
[monitor] ['56%', '56%', '100%', '54%']  memcached=166.0%
[monitor] ['55%', '56%', '100%', '54%']  memcached=165.5%
[monitor] ['56%', '56%', '100%', '55%']  memcached=167.2%
[monitor] ['57%', '56%', '100%', '54%']  memcached=167.8%
[monitor] ['55%', '56%', '100%', '53%']  memcached=164.0%
[monitor] ['56%', '59%', '100%', '56%']  memcached=171.8%
[monitor] ['55%', '56%', '100%', '54%']  memcached=165.3%
[monitor] ['59%', '56%', '100%', '57%']  memcached=172.4%
[monitor] ['60%', '57%', '100%', '57%']  memcached=174.5%
[monitor] ['57%', '59%', '100%', '53%']  memcached=168.7%
[monitor] ['56%', '54%', '100%', '56%']  memcached=166.0%
[monitor] ['57%', '56%', '100%', '51%']  memcached=164.9%
[monitor] ['55%', '56%', '100%', '53%']  memcached=164.0%
[monitor] ['59%', '60%', '100%', '59%']  memcached=177.5%
[monitor] ['70%', '69%', '100%', '68%']  memcached=206.7%
[monitor] ['69%', '68%', '100%', '65%']  memcached=202.5%
[monitor] ['68%', '68%', '100%', '67%']  memcached=203.3%
[monitor] ['68%', '68%', '100%', '68%']  memcached=203.3%
[monitor] ['67%', '68%', '100%', '67%']  memcached=200.8%
[monitor] ['68%', '67%', '100%', '64%']  memcached=199.1%
[monitor] ['70%', '69%', '100%', '67%']  memcached=205.9%
[monitor] ['67%', '68%', '100%', '66%']  memcached=200.8%
[monitor] ['68%', '66%', '100%', '66%']  memcached=199.9%
[monitor] ['67%', '68%', '100%', '67%']  memcached=200.8%
[monitor] ['68%', '68%', '100%', '65%']  memcached=200.0%
[monitor] ['68%', '68%', '100%', '68%']  memcached=202.5%
[monitor] ['70%', '70%', '100%', '68%']  memcached=207.5%
[monitor] ['68%', '65%', '100%', '65%']  memcached=197.5%
[monitor] ['68%', '68%', '100%', '65%']  memcached=200.0%
[monitor] ['68%', '68%', '100%', '65%']  memcached=200.0%
[monitor] ['68%', '68%', '100%', '67%']  memcached=203.4%
[monitor] ['68%', '70%', '100%', '65%']  memcached=202.3%
[monitor] ['68%', '67%', '100%', '66%']  memcached=200.8%
[monitor] ['67%', '69%', '100%', '67%']  memcached=202.6%
[monitor] ['68%', '68%', '100%', '67%']  memcached=203.3%
[monitor] ['65%', '68%', '100%', '63%']  memcached=195.9%
[monitor] ['66%', '67%', '100%', '68%']  memcached=200.0%
[monitor] ['68%', '68%', '100%', '64%']  memcached=199.1%
[monitor] ['69%', '67%', '100%', '68%']  memcached=203.4%
[monitor] ['68%', '68%', '100%', '65%']  memcached=200.9%
[monitor] ['68%', '69%', '100%', '68%']  memcached=205.0%
[monitor] ['68%', '66%', '100%', '66%']  memcached=199.2%
[monitor] ['68%', '67%', '100%', '64%']  memcached=198.3%
[monitor] ['68%', '67%', '100%', '66%']  memcached=200.0%
[monitor] ['68%', '68%', '100%', '63%']  memcached=199.0%
[monitor] ['66%', '68%', '100%', '65%']  memcached=198.4%
[monitor] ['70%', '68%', '100%', '68%']  memcached=205.8%
[monitor] ['23%', '26%', '100%', '23%']  memcached=72.5%
[MEMCACHED] cores updated to: ['0', '3']
[streamcluster] cores updated to: [1, 2]
[monitor] ['37%', '97%', '97%', '31%']  memcached=68.4%
[MEMCACHED] cores updated to: ['0']
[streamcluster] cores updated to: [1, 2, 3]
[monitor] ['62%', '100%', '80%', '97%']  memcached=61.7%
[monitor] ['61%', '100%', '83%', '100%']  memcached=61.4%
[monitor] ['61%', '100%', '81%', '100%']  memcached=60.9%
[monitor] ['62%', '100%', '83%', '100%']  memcached=62.2%
[monitor] ['60%', '100%', '83%', '97%']  memcached=60.0%
[monitor] ['62%', '100%', '80%', '100%']  memcached=61.7%
[monitor] ['60%', '97%', '83%', '100%']  memcached=60.0%
[monitor] ['61%', '100%', '81%', '97%']  memcached=61.4%
[monitor] ['61%', '100%', '83%', '100%']  memcached=61.4%
[monitor] ['60%', '100%', '80%', '100%']  memcached=60.0%
[monitor] ['61%', '100%', '83%', '100%']  memcached=60.9%
[monitor] ['61%', '100%', '81%', '100%']  memcached=61.4%
[monitor] ['59%', '100%', '80%', '97%']  memcached=59.1%
[monitor] ['62%', '100%', '83%', '100%']  memcached=62.2%
[monitor] ['62%', '100%', '83%', '100%']  memcached=62.2%
[monitor] ['66%', '100%', '83%', '100%']  memcached=65.9%
[monitor] ['67%', '100%', '86%', '97%']  memcached=66.7%
[monitor] ['68%', '100%', '83%', '100%']  memcached=68.2%
[monitor] ['64%', '100%', '83%', '100%']  memcached=63.6%
[monitor] ['66%', '100%', '83%', '97%']  memcached=65.9%
[monitor] ['67%', '100%', '83%', '100%']  memcached=66.7%
[monitor] ['65%', '100%', '83%', '100%']  memcached=65.1%
[monitor] ['67%', '100%', '83%', '97%']  memcached=66.7%
[monitor] ['68%', '97%', '86%', '100%']  memcached=68.2%
[monitor] ['66%', '100%', '83%', '97%']  memcached=65.9%
[monitor] ['67%', '100%', '83%', '100%']  memcached=66.7%
[monitor] ['66%', '100%', '83%', '100%']  memcached=65.9%
[monitor] ['66%', '100%', '86%', '97%']  memcached=65.9%
[monitor] ['66%', '100%', '83%', '100%']  memcached=65.9%
[monitor] ['67%', '100%', '83%', '100%']  memcached=67.4%
[monitor] ['65%', '100%', '86%', '100%']  memcached=65.1%
[monitor] ['94%', '100%', '90%', '97%']  memcached=93.8%
[MEMCACHED] cores updated to: ['0', '2', '3']
[streamcluster] cores updated to: [1]
[monitor] ['78%', '100%', '81%', '73%']  memcached=231.9%
[monitor] ['70%', '100%', '74%', '70%']  memcached=214.4%
[monitor] ['70%', '100%', '72%', '72%']  memcached=214.3%
[monitor] ['70%', '100%', '74%', '72%']  memcached=215.7%
[monitor] ['72%', '100%', '74%', '72%']  memcached=217.9%
[monitor] ['72%', '100%', '76%', '72%']  memcached=219.3%
[monitor] ['72%', '100%', '73%', '72%']  memcached=216.6%
[monitor] ['69%', '100%', '74%', '72%']  memcached=216.1%
[monitor] ['75%', '100%', '77%', '72%']  memcached=223.7%
[monitor] ['68%', '100%', '74%', '72%']  memcached=213.9%
[monitor] ['72%', '100%', '74%', '72%']  memcached=218.7%
[monitor] ['72%', '100%', '76%', '74%']  memcached=221.2%
[monitor] ['71%', '100%', '74%', '71%']  memcached=216.1%
[monitor] ['72%', '100%', '76%', '72%']  memcached=219.9%
[monitor] ['71%', '100%', '74%', '71%']  memcached=215.5%
[monitor] ['56%', '100%', '60%', '58%']  memcached=174.2%
[monitor] ['28%', '100%', '30%', '23%']  memcached=81.8%
[MEMCACHED] cores updated to: ['0', '3']
[streamcluster] cores updated to: [1, 2]
[monitor] ['49%', '90%', '100%', '50%']  memcached=98.7%
[monitor] ['47%', '97%', '90%', '50%']  memcached=97.4%
[monitor] ['46%', '97%', '93%', '46%']  memcached=91.9%
[monitor] ['46%', '90%', '93%', '47%']  memcached=93.3%
[monitor] ['49%', '94%', '97%', '49%']  memcached=97.4%
[monitor] ['46%', '93%', '97%', '46%']  memcached=91.9%
[monitor] ['47%', '86%', '100%', '47%']  memcached=94.7%
[monitor] ['49%', '96%', '94%', '47%']  memcached=96.0%
[monitor] ['44%', '93%', '97%', '50%']  memcached=94.4%
[monitor] ['49%', '93%', '97%', '43%']  memcached=92.0%
[monitor] ['46%', '93%', '93%', '47%']  memcached=93.3%
[monitor] ['44%', '86%', '97%', '50%']  memcached=94.4%
[monitor] ['49%', '94%', '97%', '46%']  memcached=94.7%
[monitor] ['43%', '93%', '97%', '47%']  memcached=90.6%
[monitor] ['50%', '97%', '87%', '47%']  memcached=97.4%
[monitor] ['43%', '87%', '97%', '47%']  memcached=90.6%
[monitor] ['41%', '93%', '97%', '40%']  memcached=81.2%
[monitor] ['45%', '90%', '97%', '40%']  memcached=84.7%
[monitor] ['47%', '93%', '93%', '46%']  memcached=93.5%
[monitor] ['40%', '97%', '90%', '44%']  memcached=84.4%
[monitor] ['43%', '90%', '97%', '43%']  memcached=86.5%
[monitor] ['47%', '94%', '97%', '49%']  memcached=96.1%
[monitor] ['46%', '90%', '97%', '50%']  memcached=95.9%
[monitor] ['47%', '97%', '97%', '47%']  memcached=94.6%
[monitor] ['50%', '90%', '93%', '49%']  memcached=98.7%
[monitor] ['44%', '93%', '90%', '47%']  memcached=91.8%
[monitor] ['47%', '97%', '90%', '44%']  memcached=91.8%
[monitor] ['42%', '90%', '97%', '49%']  memcached=90.4%
[monitor] ['47%', '93%', '97%', '44%']  memcached=91.8%
[monitor] ['43%', '93%', '97%', '42%']  memcached=84.9%
[monitor] ['46%', '86%', '97%', '45%']  memcached=90.7%
[monitor] ['43%', '97%', '93%', '43%']  memcached=86.1%
[monitor] ['52%', '97%', '93%', '50%']  memcached=102.5%
[monitor] ['50%', '100%', '29%', '43%']  memcached=92.9%
[monitor] ['49%', '83%', '90%', '52%']  memcached=101.1%
[monitor] ['49%', '83%', '97%', '52%']  memcached=101.0%
[monitor] ['49%', '97%', '93%', '50%']  memcached=98.7%
[monitor] ['50%', '94%', '97%', '51%']  memcached=101.3%
[monitor] ['52%', '97%', '93%', '52%']  memcached=105.0%
[monitor] ['51%', '94%', '97%', '47%']  memcached=98.5%
[monitor] ['50%', '97%', '97%', '53%']  memcached=102.6%
[monitor] ['51%', '97%', '97%', '54%']  memcached=105.0%
[monitor] ['47%', '93%', '97%', '54%']  memcached=100.9%
[monitor] ['54%', '94%', '97%', '54%']  memcached=107.3%
[monitor] ['50%', '96%', '90%', '52%']  memcached=102.5%
[monitor] ['52%', '97%', '93%', '51%']  memcached=103.8%
[monitor] ['51%', '90%', '97%', '49%']  memcached=99.9%
[monitor] ['51%', '97%', '93%', '51%']  memcached=102.6%
[monitor] ['71%', '93%', '93%', '77%']  memcached=148.6%
[monitor] ['91%', '86%', '97%', '97%']  memcached=187.8%
[MEMCACHED] cores updated to: ['0', '1', '3']
[streamcluster] cores updated to: [2]
[monitor] ['85%', '86%', '100%', '81%']  memcached=251.6%
[monitor] ['82%', '81%', '100%', '82%']  memcached=244.2%
[monitor] ['80%', '83%', '100%', '78%']  memcached=240.6%
[monitor] ['81%', '81%', '100%', '81%']  memcached=242.7%
[monitor] ['81%', '82%', '100%', '78%']  memcached=240.5%
[monitor] ['81%', '82%', '100%', '80%']  memcached=243.4%
[monitor] ['80%', '81%', '100%', '79%']  memcached=239.5%
[monitor] ['83%', '83%', '100%', '80%']  memcached=246.2%
[monitor] ['81%', '83%', '100%', '78%']  memcached=242.3%
[monitor] ['80%', '82%', '100%', '81%']  memcached=243.4%
[monitor] ['83%', '83%', '100%', '79%']  memcached=245.6%
[monitor] ['78%', '82%', '100%', '80%']  memcached=240.0%
[monitor] ['81%', '83%', '100%', '76%']  memcached=240.3%
[monitor] ['80%', '83%', '100%', '81%']  memcached=243.4%
[monitor] ['81%', '78%', '100%', '77%']  memcached=235.9%
[monitor] ['66%', '68%', '100%', '64%']  memcached=198.2%
[monitor] ['68%', '68%', '100%', '66%']  memcached=200.9%
[monitor] ['66%', '66%', '100%', '64%']  memcached=195.8%
[monitor] ['69%', '68%', '100%', '65%']  memcached=201.7%
[monitor] ['69%', '70%', '100%', '68%']  memcached=206.5%
[monitor] ['69%', '68%', '100%', '69%']  memcached=206.6%
[monitor] ['68%', '67%', '100%', '65%']  memcached=199.2%
[monitor] ['64%', '64%', '100%', '65%']  memcached=193.2%
[monitor] ['72%', '72%', '100%', '69%']  memcached=213.5%
[monitor] ['67%', '66%', '100%', '68%']  memcached=200.0%
[monitor] ['67%', '66%', '100%', '62%']  memcached=195.0%
[monitor] ['70%', '68%', '100%', '68%']  memcached=205.0%
[monitor] ['66%', '67%', '100%', '66%']  memcached=198.4%
[monitor] ['67%', '68%', '100%', '64%']  memcached=198.3%
[monitor] ['68%', '67%', '100%', '66%']  memcached=200.8%
[monitor] ['68%', '67%', '100%', '65%']  memcached=199.2%
[monitor] ['66%', '67%', '100%', '66%']  memcached=198.3%
[monitor] ['66%', '65%', '100%', '65%']  memcached=196.1%
[monitor] ['63%', '62%', '100%', '61%']  memcached=185.5%
[monitor] ['62%', '64%', '100%', '61%']  memcached=187.2%
[monitor] ['63%', '63%', '100%', '59%']  memcached=185.8%
[monitor] ['63%', '63%', '100%', '62%']  memcached=188.7%
[monitor] ['62%', '62%', '100%', '61%']  memcached=185.0%
[monitor] ['61%', '62%', '100%', '62%']  memcached=186.0%
[monitor] ['62%', '62%', '100%', '61%']  memcached=186.0%
[monitor] ['67%', '65%', '100%', '62%']  memcached=194.2%
[monitor] ['64%', '63%', '100%', '64%']  memcached=192.0%
[monitor] ['62%', '62%', '100%', '62%']  memcached=185.9%
[monitor] ['62%', '63%', '100%', '62%']  memcached=188.4%
[monitor] ['65%', '62%', '100%', '63%']  memcached=190.9%
[monitor] ['61%', '63%', '100%', '60%']  memcached=184.4%
[monitor] ['63%', '62%', '100%', '61%']  memcached=186.9%
[monitor] ['62%', '63%', '100%', '62%']  memcached=187.5%
[monitor] ['59%', '55%', '100%', '53%']  memcached=166.2%
[monitor] ['56%', '55%', '100%', '55%']  memcached=166.4%
[monitor] ['59%', '57%', '100%', '54%']  memcached=169.5%
[monitor] ['56%', '57%', '100%', '53%']  memcached=166.2%
[monitor] ['55%', '55%', '100%', '56%']  memcached=166.4%
[monitor] ['56%', '55%', '100%', '55%']  memcached=166.1%
[monitor] ['55%', '55%', '100%', '53%']  memcached=162.6%
[monitor] ['55%', '55%', '100%', '57%']  memcached=167.4%
[monitor] ['54%', '59%', '100%', '51%']  memcached=164.2%
[monitor] ['57%', '56%', '100%', '57%']  memcached=170.7%
[monitor] ['56%', '56%', '100%', '53%']  memcached=165.5%
[monitor] ['55%', '55%', '100%', '54%']  memcached=163.8%
[monitor] ['56%', '54%', '100%', '53%']  memcached=162.9%
[monitor] ['56%', '54%', '100%', '53%']  memcached=162.6%
[monitor] ['57%', '55%', '100%', '54%']  memcached=166.6%
[monitor] ['56%', '56%', '100%', '55%']  memcached=167.2%
[monitor] ['49%', '47%', '100%', '44%']  memcached=140.3%
[monitor] ['14%', '11%', '100%', '11%']  memcached=35.7%
[MEMCACHED] cores updated to: ['0', '3']
[streamcluster] cores updated to: [1, 2]
[monitor] ['31%', '93%', '100%', '34%']  memcached=65.5%
[MEMCACHED] cores updated to: ['0']
[streamcluster] cores updated to: [3, 1, 2]
[monitor] ['61%', '97%', '81%', '100%']  memcached=61.4%
[monitor] ['60%', '100%', '83%', '100%']  memcached=60.0%
[monitor] ['60%', '100%', '80%', '97%']  memcached=60.5%
[monitor] ['63%', '100%', '83%', '100%']  memcached=63.0%
[monitor] ['59%', '100%', '83%', '100%']  memcached=59.1%
[monitor] ['61%', '100%', '83%', '100%']  memcached=61.4%
[monitor] ['61%', '100%', '83%', '97%']  memcached=60.9%
[monitor] ['61%', '100%', '83%', '100%']  memcached=61.4%
[monitor] ['59%', '100%', '83%', '100%']  memcached=59.1%
[monitor] ['60%', '100%', '83%', '100%']  memcached=60.0%
[monitor] ['61%', '100%', '83%', '100%']  memcached=61.4%
[monitor] ['62%', '100%', '83%', '100%']  memcached=62.2%
[monitor] ['59%', '97%', '81%', '97%']  memcached=59.1%
[monitor] ['59%', '100%', '83%', '100%']  memcached=59.1%
[monitor] ['40%', '100%', '80%', '100%']  memcached=40.0%
[monitor] ['28%', '100%', '80%', '100%']  memcached=28.1%
[monitor] ['26%', '100%', '80%', '100%']  memcached=25.8%
[monitor] ['33%', '100%', '77%', '100%']  memcached=33.3%
[monitor] ['23%', '100%', '79%', '100%']  memcached=23.3%
[monitor] ['28%', '100%', '81%', '100%']  memcached=28.1%
[monitor] ['29%', '100%', '77%', '100%']  memcached=29.0%
[monitor] ['26%', '97%', '79%', '100%']  memcached=25.8%
[monitor] ['23%', '100%', '80%', '100%']  memcached=23.3%
[monitor] ['33%', '100%', '80%', '97%']  memcached=33.3%
[monitor] ['31%', '100%', '79%', '100%']  memcached=31.2%
[monitor] ['28%', '100%', '77%', '100%']  memcached=28.1%
[monitor] ['28%', '100%', '81%', '100%']  memcached=28.1%
[monitor] ['23%', '100%', '79%', '100%']  memcached=23.3%
[monitor] ['28%', '100%', '81%', '100%']  memcached=28.1%
[monitor] ['25%', '100%', '77%', '100%']  memcached=25.0%
[monitor] ['48%', '100%', '83%', '97%']  memcached=48.4%
[monitor] ['100%', '100%', '90%', '97%']  memcached=100.0%
[MEMCACHED] cores updated to: ['0', '2', '3']
[streamcluster] cores updated to: [1]
[monitor] ['88%', '100%', '100%', '85%']  memcached=273.1%
[monitor] ['81%', '100%', '91%', '75%']  memcached=246.2%
[monitor] ['76%', '100%', '81%', '78%']  memcached=234.6%
[monitor] ['74%', '100%', '78%', '76%']  memcached=228.4%
[monitor] ['76%', '100%', '81%', '78%']  memcached=235.2%
[monitor] ['78%', '100%', '83%', '77%']  memcached=238.0%
[monitor] ['74%', '100%', '78%', '75%']  memcached=227.7%
[monitor] ['76%', '100%', '81%', '77%']  memcached=233.2%
[monitor] ['76%', '100%', '81%', '76%']  memcached=233.1%
[monitor] ['79%', '100%', '81%', '78%']  memcached=237.3%
[monitor] ['75%', '100%', '80%', '76%']  memcached=231.3%
[monitor] ['76%', '100%', '81%', '76%']  memcached=233.7%
[monitor] ['76%', '100%', '81%', '76%']  memcached=233.1%
[monitor] ['76%', '100%', '80%', '78%']  memcached=234.7%
[monitor] ['76%', '100%', '79%', '77%']  memcached=231.5%
[monitor] ['35%', '100%', '41%', '38%']  memcached=113.6%
[MEMCACHED] cores updated to: ['0', '3']
[streamcluster] cores updated to: [2, 1]
[monitor] ['46%', '93%', '97%', '45%']  memcached=90.7%
[monitor] ['42%', '94%', '97%', '49%']  memcached=90.4%
[monitor] ['44%', '100%', '93%', '46%']  memcached=90.4%
[monitor] ['45%', '90%', '97%', '45%']  memcached=89.5%
[monitor] ['43%', '90%', '90%', '47%']  memcached=90.6%
[monitor] ['43%', '97%', '96%', '43%']  memcached=86.5%
[monitor] ['44%', '97%', '90%', '40%']  memcached=84.4%
[monitor] ['42%', '90%', '93%', '43%']  memcached=84.5%
[monitor] ['46%', '97%', '93%', '43%']  memcached=89.2%
[monitor] ['43%', '90%', '93%', '43%']  memcached=85.7%
[monitor] ['43%', '97%', '93%', '48%']  memcached=90.7%
[monitor] ['49%', '97%', '97%', '47%']  memcached=96.1%
[monitor] ['43%', '86%', '97%', '40%']  memcached=83.2%
[monitor] ['38%', '86%', '96%', '46%']  memcached=84.2%
[monitor] ['40%', '90%', '97%', '45%']  memcached=84.7%
[monitor] ['58%', '100%', '97%', '57%']  memcached=115.5%
[monitor] ['79%', '86%', '90%', '78%']  memcached=157.3%
[monitor] ['74%', '90%', '93%', '81%']  memcached=154.2%
[monitor] ['76%', '90%', '97%', '80%']  memcached=155.7%
[monitor] ['81%', '83%', '100%', '79%']  memcached=159.5%
[monitor] ['78%', '90%', '97%', '81%']  memcached=158.3%
[monitor] ['74%', '82%', '100%', '81%']  memcached=154.2%
[monitor] ['78%', '86%', '100%', '83%']  memcached=161.1%
[MEMCACHED] cores updated to: ['0', '1', '3']
[streamcluster] cores updated to: [2]
[monitor] ['66%', '69%', '100%', '64%']  memcached=199.2%
[monitor] ['66%', '68%', '100%', '68%']  memcached=201.6%
[monitor] ['68%', '68%', '100%', '64%']  memcached=200.8%
[monitor] ['67%', '67%', '100%', '66%']  memcached=200.0%
[monitor] ['66%', '70%', '100%', '68%']  memcached=203.3%
[monitor] ['70%', '68%', '100%', '66%']  memcached=204.2%
[monitor] ['70%', '71%', '100%', '68%']  memcached=209.7%
[monitor] ['72%', '70%', '100%', '69%']  memcached=211.5%
[monitor] ['68%', '69%', '100%', '68%']  memcached=205.2%
[monitor] ['77%', '74%', '100%', '73%']  memcached=224.3%
[monitor] ['76%', '79%', '100%', '76%']  memcached=230.9%
[monitor] ['76%', '78%', '100%', '74%']  memcached=227.8%
[monitor] ['76%', '79%', '100%', '74%']  memcached=229.0%
[monitor] ['79%', '76%', '100%', '76%']  memcached=230.9%
[monitor] ['75%', '78%', '100%', '74%']  memcached=227.1%
[monitor] ['79%', '79%', '100%', '74%']  memcached=232.3%
[monitor] ['78%', '76%', '100%', '76%']  memcached=229.1%
[monitor] ['77%', '78%', '100%', '74%']  memcached=229.7%
[monitor] ['78%', '79%', '100%', '76%']  memcached=233.0%
[monitor] ['78%', '78%', '100%', '74%']  memcached=230.5%
[monitor] ['76%', '76%', '100%', '74%']  memcached=225.7%
[monitor] ['78%', '78%', '100%', '76%']  memcached=232.5%
[monitor] ['76%', '78%', '100%', '76%']  memcached=231.0%
[monitor] ['78%', '78%', '100%', '74%']  memcached=231.1%
[monitor] ['77%', '78%', '100%', '76%']  memcached=231.0%
[monitor] ['67%', '66%', '100%', '64%']  memcached=196.3%
[monitor] ['14%', '20%', '100%', '17%']  memcached=51.5%
[MEMCACHED] cores updated to: ['0', '3']
[streamcluster] cores updated to: [2, 1]
[monitor] ['33%', '93%', '97%', '38%']  memcached=71.6%
[monitor] ['36%', '97%', '93%', '39%']  memcached=75.3%
[monitor] ['37%', '100%', '93%', '35%']  memcached=72.4%
[monitor] ['33%', '93%', '96%', '35%']  memcached=68.6%
[MEMCACHED] cores updated to: ['0']
[streamcluster] cores updated to: [2, 1, 3]
[monitor] ['62%', '100%', '81%', '100%']  memcached=62.2%
[monitor] ['61%', '100%', '80%', '100%']  memcached=61.4%
[monitor] ['62%', '100%', '79%', '97%']  memcached=62.2%
[monitor] ['62%', '100%', '80%', '100%']  memcached=61.7%
[monitor] ['63%', '97%', '83%', '100%']  memcached=62.8%
[monitor] ['62%', '100%', '80%', '100%']  memcached=62.2%
[monitor] ['61%', '100%', '83%', '97%']  memcached=61.4%
[monitor] ['62%', '100%', '81%', '100%']  memcached=62.2%
[monitor] ['62%', '100%', '79%', '100%']  memcached=62.2%
[monitor] ['61%', '100%', '83%', '100%']  memcached=61.4%
[monitor] ['63%', '100%', '83%', '100%']  memcached=63.0%
[monitor] ['75%', '100%', '87%', '97%']  memcached=75.0%
[monitor] ['81%', '100%', '87%', '100%']  memcached=81.1%
[MEMCACHED] cores updated to: ['0', '3']
[streamcluster] cores updated to: [2, 1]
[monitor] ['62%', '90%', '97%', '63%']  memcached=125.9%
[monitor] ['62%', '90%', '97%', '60%']  memcached=122.5%
[monitor] ['62%', '93%', '97%', '62%']  memcached=124.4%
[monitor] ['62%', '90%', '94%', '61%']  memcached=123.5%
[monitor] ['63%', '97%', '97%', '65%']  memcached=128.4%
[monitor] ['61%', '83%', '100%', '60%']  memcached=120.5%
[monitor] ['59%', '90%', '93%', '64%']  memcached=123.3%
[monitor] ['62%', '93%', '97%', '63%']  memcached=125.6%
[monitor] ['61%', '93%', '97%', '62%']  memcached=123.5%
[monitor] ['63%', '86%', '97%', '62%']  memcached=125.9%
[monitor] ['62%', '93%', '90%', '63%']  memcached=125.9%
[monitor] ['61%', '97%', '93%', '63%']  memcached=124.4%
[monitor] ['63%', '93%', '97%', '62%']  memcached=125.9%
[monitor] ['62%', '87%', '100%', '62%']  memcached=125.0%
[monitor] ['72%', '90%', '93%', '70%']  memcached=141.8%
[monitor] ['85%', '89%', '89%', '79%']  memcached=164.2%
[MEMCACHED] cores updated to: ['0', '2', '3']
[streamcluster] cores updated to: [1]
[monitor] ['70%', '100%', '72%', '70%']  memcached=212.5%
[monitor] ['67%', '100%', '69%', '68%']  memcached=203.4%
[monitor] ['68%', '100%', '70%', '67%']  memcached=204.2%
[monitor] ['66%', '100%', '69%', '68%']  memcached=202.6%
[monitor] ['67%', '100%', '69%', '67%']  memcached=202.6%
[monitor] ['68%', '100%', '70%', '68%']  memcached=205.8%
[monitor] ['68%', '100%', '70%', '66%']  memcached=203.4%
[monitor] ['66%', '100%', '69%', '69%']  memcached=204.1%
[monitor] ['68%', '100%', '69%', '69%']  memcached=206.0%
[monitor] ['67%', '100%', '70%', '66%']  memcached=202.5%
[monitor] ['67%', '100%', '71%', '68%']  memcached=205.8%
[monitor] ['68%', '100%', '72%', '65%']  memcached=204.3%
[monitor] ['68%', '100%', '67%', '67%']  memcached=200.8%
[monitor] ['67%', '100%', '70%', '66%']  memcached=202.5%
[monitor] ['66%', '100%', '71%', '67%']  memcached=203.2%
[monitor] ['71%', '100%', '72%', '71%']  memcached=213.3%
[monitor] ['69%', '100%', '71%', '71%']  memcached=211.3%
[monitor] ['70%', '100%', '74%', '70%']  memcached=213.7%
[monitor] ['69%', '100%', '74%', '69%']  memcached=212.1%
[monitor] ['68%', '100%', '71%', '70%']  memcached=209.7%
[monitor] ['68%', '100%', '72%', '68%']  memcached=207.4%
[monitor] ['66%', '100%', '69%', '67%']  memcached=201.8%
[monitor] ['67%', '100%', '70%', '66%']  memcached=202.1%
[monitor] ['70%', '100%', '72%', '68%']  memcached=210.1%
[monitor] ['71%', '100%', '76%', '72%']  memcached=219.9%
[monitor] ['70%', '100%', '74%', '71%']  memcached=214.7%
[monitor] ['69%', '100%', '74%', '69%']  memcached=212.8%
[monitor] ['70%', '100%', '72%', '72%']  memcached=213.6%
[monitor] ['71%', '100%', '75%', '69%']  memcached=215.3%
[monitor] ['69%', '100%', '71%', '71%']  memcached=211.3%
[monitor] ['69%', '100%', '74%', '70%']  memcached=213.6%
[monitor] ['66%', '100%', '71%', '69%']  memcached=206.1%
[monitor] ['56%', '100%', '55%', '55%']  memcached=166.1%
[monitor] ['54%', '100%', '59%', '56%']  memcached=168.5%
[monitor] ['54%', '100%', '56%', '53%']  memcached=162.9%
[monitor] ['55%', '100%', '59%', '59%']  memcached=172.1%
[monitor] ['54%', '100%', '59%', '53%']  memcached=165.0%
[monitor] ['54%', '100%', '56%', '53%']  memcached=162.9%
[monitor] ['55%', '100%', '59%', '56%']  memcached=169.9%
[monitor] ['53%', '100%', '55%', '53%']  memcached=160.5%
[monitor] ['55%', '100%', '57%', '57%']  memcached=169.3%
[monitor] ['55%', '100%', '56%', '55%']  memcached=166.7%
[monitor] ['54%', '100%', '57%', '55%']  memcached=166.3%
[monitor] ['56%', '100%', '57%', '56%']  memcached=170.3%
[monitor] ['55%', '100%', '59%', '56%']  memcached=169.6%
[monitor] ['55%', '100%', '57%', '57%']  memcached=170.0%
[monitor] ['54%', '100%', '56%', '54%']  memcached=163.8%
[monitor] ['51%', '100%', '57%', '56%']  memcached=164.9%
[monitor] ['67%', '100%', '71%', '68%']  memcached=206.1%
[monitor] ['74%', '100%', '78%', '76%']  memcached=228.4%
[monitor] ['76%', '100%', '78%', '74%']  memcached=228.4%
[monitor] ['74%', '100%', '78%', '78%']  memcached=231.1%
[monitor] ['73%', '100%', '78%', '74%']  memcached=225.7%
[monitor] ['76%', '100%', '78%', '76%']  memcached=230.4%
[monitor] ['76%', '100%', '78%', '74%']  memcached=229.1%
[monitor] ['74%', '100%', '78%', '76%']  memcached=227.7%
[monitor] ['76%', '100%', '78%', '76%']  memcached=230.4%
[monitor] ['76%', '100%', '81%', '76%']  memcached=233.2%
[monitor] ['76%', '100%', '79%', '78%']  memcached=233.5%
[monitor] ['77%', '100%', '81%', '77%']  memcached=234.9%
[monitor] ['76%', '100%', '81%', '76%']  memcached=232.5%
[monitor] ['76%', '100%', '78%', '74%']  memcached=228.4%
[monitor] ['74%', '100%', '78%', '76%']  memcached=228.4%
[monitor] ['73%', '100%', '79%', '74%']  memcached=225.6%
[monitor] ['76%', '100%', '78%', '76%']  memcached=230.4%
[monitor] ['60%', '100%', '64%', '61%']  memcached=185.3%
[monitor] ['59%', '100%', '62%', '61%']  memcached=181.1%
[monitor] ['60%', '100%', '63%', '62%']  memcached=185.3%
[monitor] ['59%', '100%', '63%', '61%']  memcached=183.4%
[monitor] ['61%', '100%', '62%', '62%']  memcached=184.4%
[monitor] ['60%', '100%', '62%', '59%']  memcached=180.0%
[monitor] ['60%', '100%', '63%', '62%']  memcached=185.3%
[monitor] ['60%', '100%', '61%', '61%']  memcached=181.5%
[monitor] ['60%', '100%', '63%', '60%']  memcached=183.3%
[monitor] ['61%', '100%', '62%', '59%']  memcached=182.4%
[monitor] ['59%', '100%', '63%', '63%']  memcached=184.7%
[monitor] ['62%', '100%', '62%', '60%']  memcached=184.4%
[monitor] ['62%', '100%', '66%', '61%']  memcached=188.4%
[monitor] ['60%', '100%', '60%', '62%']  memcached=181.4%
[monitor] ['59%', '100%', '63%', '61%']  memcached=183.4%
[monitor] ['60%', '100%', '65%', '59%']  memcached=183.7%
[monitor] ['64%', '100%', '65%', '62%']  memcached=191.6%
[monitor] ['68%', '100%', '72%', '71%']  memcached=210.0%
[monitor] ['70%', '100%', '72%', '70%']  memcached=211.8%
[monitor] ['69%', '100%', '72%', '69%']  memcached=211.0%
[monitor] ['70%', '100%', '75%', '72%']  memcached=217.5%
[monitor] ['69%', '100%', '72%', '70%']  memcached=211.0%
[monitor] ['70%', '100%', '74%', '70%']  memcached=214.4%
[monitor] ['68%', '100%', '71%', '68%']  memcached=207.0%
[monitor] ['71%', '100%', '72%', '68%']  memcached=210.8%
[monitor] ['71%', '100%', '74%', '72%']  memcached=216.5%
[monitor] ['68%', '100%', '74%', '70%']  memcached=212.1%
[monitor] ['69%', '100%', '72%', '71%']  memcached=211.6%
[monitor] ['69%', '100%', '71%', '71%']  memcached=211.0%
[monitor] ['70%', '100%', '72%', '70%']  memcached=212.1%
[monitor] ['71%', '100%', '74%', '71%']  memcached=216.2%
[monitor] ['68%', '100%', '73%', '68%']  memcached=209.9%
[monitor] ['72%', '100%', '76%', '71%']  memcached=219.2%
[monitor] ['70%', '100%', '72%', '72%']  memcached=213.6%
[monitor] ['70%', '100%', '74%', '71%']  memcached=214.4%
[monitor] ['68%', '100%', '73%', '71%']  memcached=212.2%
[monitor] ['68%', '100%', '69%', '67%']  memcached=203.4%
[monitor] ['66%', '100%', '71%', '68%']  memcached=204.1%
[monitor] ['66%', '100%', '70%', '68%']  memcached=203.4%
[monitor] ['68%', '100%', '72%', '69%']  memcached=209.3%
[monitor] ['66%', '100%', '68%', '68%']  memcached=201.6%
[monitor] ['65%', '100%', '70%', '66%']  memcached=200.9%
[monitor] ['68%', '100%', '71%', '69%']  memcached=208.6%
[monitor] ['67%', '100%', '69%', '69%']  memcached=204.8%
[monitor] ['68%', '100%', '70%', '65%']  memcached=202.5%
[monitor] ['65%', '100%', '71%', '68%']  memcached=204.0%
[monitor] ['68%', '100%', '72%', '68%']  memcached=208.6%
[monitor] ['65%', '100%', '68%', '68%']  memcached=200.8%
[monitor] ['67%', '100%', '70%', '65%']  memcached=202.4%
[monitor] ['66%', '100%', '70%', '68%']  memcached=203.3%
[monitor] ['66%', '100%', '71%', '68%']  memcached=204.9%
[monitor] ['67%', '100%', '69%', '68%']  memcached=203.4%
[monitor] ['68%', '100%', '70%', '68%']  memcached=205.8%
[monitor] ['67%', '100%', '71%', '68%']  memcached=204.9%
[monitor] ['67%', '100%', '69%', '68%']  memcached=203.4%
[monitor] ['66%', '100%', '70%', '67%']  memcached=202.5%
[monitor] ['67%', '100%', '68%', '68%']  memcached=203.4%
[monitor] ['68%', '100%', '70%', '68%']  memcached=205.8%
[monitor] ['68%', '100%', '70%', '68%']  memcached=205.3%
[monitor] ['69%', '100%', '72%', '68%']  memcached=209.2%
[monitor] ['67%', '100%', '70%', '68%']  memcached=204.2%
[monitor] ['65%', '100%', '69%', '68%']  memcached=201.7%
[monitor] ['71%', '100%', '69%', '69%']  memcached=209.2%
[monitor] ['64%', '100%', '70%', '65%']  memcached=199.1%
[monitor] ['68%', '100%', '69%', '68%']  memcached=205.0%
[monitor] ['68%', '100%', '71%', '68%']  memcached=205.7%
[monitor] ['74%', '100%', '78%', '76%']  memcached=227.8%
[monitor] ['81%', '100%', '88%', '81%']  memcached=249.0%
[monitor] ['83%', '100%', '86%', '83%']  memcached=251.8%
[monitor] ['81%', '100%', '88%', '84%']  memcached=252.2%
[monitor] ['81%', '100%', '85%', '83%']  memcached=248.7%
[monitor] ['81%', '100%', '88%', '81%']  memcached=248.6%
[monitor] ['85%', '100%', '89%', '81%']  memcached=254.4%
[monitor] ['83%', '100%', '88%', '86%']  memcached=256.9%
[monitor] ['82%', '100%', '88%', '81%']  memcached=250.8%
[monitor] ['81%', '100%', '86%', '83%']  memcached=249.5%
[monitor] ['83%', '100%', '88%', '83%']  memcached=254.9%
[monitor] ['83%', '100%', '88%', '80%']  memcached=250.7%
[monitor] ['83%', '100%', '88%', '84%']  memcached=255.4%
[monitor] ['83%', '100%', '88%', '83%']  memcached=253.9%
[monitor] ['81%', '100%', '88%', '83%']  memcached=251.6%
[monitor] ['83%', '100%', '86%', '81%']  memcached=249.1%
[monitor] ['81%', '100%', '88%', '84%']  memcached=252.7%
[monitor] ['74%', '100%', '76%', '76%']  memcached=225.7%
[monitor] ['74%', '100%', '76%', '72%']  memcached=221.8%
[monitor] ['72%', '100%', '76%', '74%']  memcached=221.8%
[monitor] ['72%', '100%', '77%', '72%']  memcached=221.2%
[monitor] ['74%', '100%', '76%', '74%']  memcached=225.0%
[monitor] ['73%', '100%', '76%', '72%']  memcached=221.1%
[monitor] ['72%', '100%', '78%', '74%']  memcached=223.7%
[monitor] ['71%', '100%', '76%', '74%']  memcached=221.7%
[monitor] ['73%', '100%', '76%', '74%']  memcached=222.3%
[monitor] ['74%', '100%', '79%', '74%']  memcached=227.7%
[monitor] ['74%', '100%', '76%', '74%']  memcached=223.7%
[monitor] ['71%', '100%', '76%', '74%']  memcached=220.4%
[monitor] ['74%', '100%', '77%', '72%']  memcached=223.8%
[monitor] ['76%', '100%', '81%', '78%']  memcached=234.6%
[monitor] ['75%', '100%', '76%', '75%']  memcached=225.7%
[monitor] ['72%', '100%', '76%', '72%']  memcached=219.9%
[monitor] ['60%', '100%', '63%', '63%']  memcached=185.7%
[monitor] ['17%', '100%', '11%', '11%']  memcached=38.1%
[MEMCACHED] cores updated to: ['0', '3']
[streamcluster] cores updated to: [2, 1]
[monitor] ['26%', '93%', '97%', '28%']  memcached=53.9%
[MEMCACHED] cores updated to: ['0']
[streamcluster] cores updated to: [2, 1, 3]
[monitor] ['58%', '97%', '80%', '100%']  memcached=57.8%
[monitor] ['55%', '100%', '80%', '100%']  memcached=54.8%
[monitor] ['56%', '100%', '79%', '100%']  memcached=55.8%
[monitor] ['57%', '100%', '83%', '100%']  memcached=56.8%
[monitor] ['60%', '100%', '80%', '100%']  memcached=60.0%
[monitor] ['55%', '97%', '81%', '100%']  memcached=54.8%
[monitor] ['55%', '100%', '83%', '100%']  memcached=54.8%
[monitor] ['59%', '100%', '79%', '97%']  memcached=59.1%
[monitor] ['56%', '100%', '83%', '100%']  memcached=55.8%
[monitor] ['56%', '100%', '80%', '100%']  memcached=55.8%
[monitor] ['58%', '100%', '83%', '100%']  memcached=57.8%
[monitor] ['56%', '100%', '81%', '100%']  memcached=55.8%
[monitor] ['54%', '100%', '81%', '100%']  memcached=53.7%
[monitor] ['56%', '97%', '83%', '100%']  memcached=55.8%
[monitor] ['91%', '100%', '90%', '93%']  memcached=90.6%
[MEMCACHED] cores updated to: ['0', '1', '3']
[streamcluster] cores updated to: [2]
[monitor] ['85%', '80%', '100%', '76%']  memcached=241.6%
[monitor] ['73%', '74%', '100%', '72%']  memcached=218.5%
[monitor] ['72%', '74%', '100%', '71%']  memcached=217.2%
[monitor] ['74%', '74%', '100%', '71%']  memcached=219.1%
[monitor] ['71%', '72%', '100%', '71%']  memcached=213.6%
[monitor] ['74%', '74%', '100%', '73%']  memcached=221.7%
[monitor] ['76%', '76%', '100%', '74%']  memcached=225.7%
[monitor] ['76%', '76%', '100%', '75%']  memcached=227.0%
[monitor] ['79%', '78%', '100%', '74%']  memcached=231.1%
[monitor] ['76%', '77%', '100%', '76%']  memcached=228.9%
[monitor] ['76%', '76%', '100%', '74%']  memcached=227.0%
[monitor] ['77%', '76%', '100%', '74%']  memcached=227.6%
[monitor] ['74%', '74%', '100%', '72%']  memcached=219.8%
[monitor] ['72%', '72%', '100%', '69%']  memcached=212.8%
[monitor] ['74%', '74%', '100%', '72%']  memcached=219.9%
[monitor] ['70%', '71%', '100%', '68%']  memcached=209.2%
[monitor] ['68%', '68%', '100%', '66%']  memcached=202.7%
[monitor] ['67%', '68%', '100%', '68%']  memcached=201.7%
[monitor] ['68%', '69%', '100%', '65%']  memcached=202.5%
[monitor] ['68%', '68%', '100%', '68%']  memcached=203.3%
[monitor] ['69%', '68%', '100%', '64%']  memcached=200.8%
[monitor] ['68%', '68%', '100%', '68%']  memcached=204.1%
[monitor] ['70%', '69%', '100%', '68%']  memcached=206.7%
[monitor] ['68%', '68%', '100%', '64%']  memcached=200.7%
[monitor] ['67%', '68%', '100%', '69%']  memcached=203.2%
[monitor] ['68%', '68%', '100%', '64%']  memcached=200.8%
[monitor] ['67%', '68%', '100%', '67%']  memcached=200.8%
[monitor] ['68%', '69%', '100%', '68%']  memcached=205.0%
[monitor] ['68%', '71%', '100%', '65%']  memcached=203.2%
[monitor] ['68%', '67%', '100%', '67%']  memcached=200.8%
[monitor] ['68%', '68%', '100%', '65%']  memcached=200.0%
[monitor] ['68%', '69%', '100%', '67%']  memcached=203.4%
[monitor] ['61%', '62%', '100%', '59%']  memcached=181.4%
[monitor] ['56%', '55%', '100%', '53%']  memcached=164.3%
[monitor] ['56%', '56%', '100%', '53%']  memcached=164.8%
[monitor] ['55%', '57%', '100%', '54%']  memcached=166.6%
[monitor] ['57%', '56%', '100%', '54%']  memcached=167.1%
[monitor] ['54%', '56%', '100%', '53%']  memcached=162.6%
[monitor] ['59%', '59%', '100%', '54%']  memcached=170.9%
[monitor] ['51%', '54%', '100%', '55%']  memcached=160.2%
[monitor] ['57%', '55%', '100%', '53%']  memcached=165.1%
[monitor] ['55%', '55%', '100%', '51%']  memcached=161.9%
[monitor] ['55%', '54%', '100%', '55%']  memcached=164.3%
[monitor] ['60%', '55%', '100%', '56%']  memcached=170.6%
[monitor] ['54%', '55%', '100%', '53%']  memcached=161.5%
[monitor] ['56%', '55%', '100%', '53%']  memcached=164.0%
[monitor] ['56%', '55%', '100%', '54%']  memcached=165.3%
[monitor] ['56%', '56%', '100%', '54%']  memcached=166.0%
[monitor] ['56%', '57%', '100%', '56%']  memcached=170.0%
[monitor] ['63%', '63%', '100%', '62%']  memcached=188.4%
[monitor] ['64%', '63%', '100%', '62%']  memcached=190.2%
[monitor] ['63%', '62%', '100%', '61%']  memcached=185.9%
[monitor] ['62%', '63%', '100%', '63%']  memcached=189.3%
[monitor] ['65%', '63%', '100%', '62%']  memcached=189.8%
[monitor] ['63%', '62%', '100%', '63%']  memcached=189.1%
[monitor] ['64%', '63%', '100%', '59%']  memcached=186.7%
[monitor] ['63%', '66%', '100%', '63%']  memcached=192.7%
[monitor] ['63%', '63%', '100%', '62%']  memcached=189.3%
[monitor] ['65%', '64%', '100%', '62%']  memcached=191.8%
[monitor] ['63%', '63%', '100%', '61%']  memcached=187.8%
[monitor] ['64%', '62%', '100%', '63%']  memcached=190.2%
[monitor] ['65%', '63%', '100%', '63%']  memcached=191.6%
[monitor] ['64%', '63%', '100%', '60%']  memcached=187.7%
[monitor] ['63%', '64%', '100%', '62%']  memcached=189.2%
[monitor] ['64%', '65%', '100%', '62%']  memcached=191.2%
[monitor] ['69%', '68%', '100%', '67%']  memcached=203.4%
[monitor] ['74%', '74%', '100%', '72%']  memcached=221.2%
[monitor] ['76%', '76%', '100%', '72%']  memcached=223.1%
[monitor] ['70%', '72%', '100%', '72%']  memcached=215.3%
[monitor] ['74%', '72%', '100%', '71%']  memcached=217.2%
[monitor] ['70%', '72%', '100%', '69%']  memcached=211.7%
[monitor] ['71%', '72%', '100%', '70%']  memcached=212.8%
[monitor] ['72%', '74%', '100%', '72%']  memcached=217.3%
[monitor] ['77%', '74%', '100%', '74%']  memcached=225.6%
[monitor] ['70%', '72%', '100%', '68%']  memcached=210.2%
[monitor] ['74%', '73%', '100%', '72%']  memcached=219.2%
[monitor] ['72%', '71%', '100%', '68%']  memcached=212.0%
[monitor] ['69%', '70%', '100%', '71%']  memcached=210.0%
[monitor] ['72%', '72%', '100%', '69%']  memcached=213.5%
[monitor] ['74%', '74%', '100%', '72%']  memcached=219.9%
[monitor] ['72%', '72%', '100%', '68%']  memcached=212.0%
[monitor] ['72%', '71%', '100%', '70%']  memcached=212.5%
[monitor] ['21%', '19%', '100%', '21%']  memcached=59.9%
[MEMCACHED] cores updated to: ['0', '3']
[streamcluster] cores updated to: [2, 1]
[monitor] ['26%', '100%', '90%', '28%']  memcached=53.9%
[MEMCACHED] cores updated to: ['0']
[streamcluster] cores updated to: [2, 1, 3]
[monitor] ['58%', '97%', '83%', '100%']  memcached=57.8%
[monitor] ['55%', '100%', '80%', '100%']  memcached=54.8%
[monitor] ['56%', '100%', '80%', '100%']  memcached=55.8%
[monitor] ['55%', '100%', '80%', '97%']  memcached=54.5%
[monitor] ['57%', '100%', '83%', '100%']  memcached=57.1%
[monitor] ['57%', '100%', '82%', '100%']  memcached=56.8%
[monitor] ['57%', '100%', '81%', '100%']  memcached=56.5%
[monitor] ['58%', '100%', '83%', '100%']  memcached=58.1%
[monitor] ['56%', '100%', '80%', '100%']  memcached=55.8%
[monitor] ['58%', '97%', '83%', '97%']  memcached=57.8%
[monitor] ['57%', '100%', '80%', '100%']  memcached=57.1%
[monitor] ['57%', '100%', '80%', '100%']  memcached=56.8%
[monitor] ['55%', '100%', '77%', '100%']  memcached=54.8%
[monitor] ['58%', '100%', '79%', '100%']  memcached=57.8%
[monitor] ['71%', '100%', '83%', '97%']  memcached=71.1%
[monitor] ['97%', '100%', '87%', '97%']  memcached=96.7%
[MEMCACHED] cores updated to: ['0', '1', '2']
[streamcluster] cores updated to: [3]
[monitor] ['61%', '64%', '62%', '100%']  memcached=187.8%
[monitor] ['60%', '66%', '64%', '100%']  memcached=189.5%
[monitor] ['60%', '64%', '62%', '100%']  memcached=187.3%
[monitor] ['58%', '61%', '61%', '100%']  memcached=179.8%
[monitor] ['57%', '63%', '61%', '100%']  memcached=181.9%
[monitor] ['61%', '63%', '64%', '100%']  memcached=188.1%
[monitor] ['60%', '63%', '62%', '100%']  memcached=185.4%
[monitor] ['56%', '61%', '59%', '100%']  memcached=175.9%
[monitor] ['60%', '63%', '62%', '100%']  memcached=185.9%
[monitor] ['56%', '59%', '63%', '100%']  memcached=178.8%
[monitor] ['57%', '61%', '60%', '100%']  memcached=178.0%
[monitor] ['57%', '60%', '60%', '100%']  memcached=178.0%
[monitor] ['57%', '59%', '62%', '100%']  memcached=178.4%
[monitor] ['60%', '59%', '61%', '100%']  memcached=179.0%
[monitor] ['56%', '61%', '61%', '100%']  memcached=178.4%
[monitor] ['81%', '82%', '86%', '100%']  memcached=248.6%
[monitor] ['79%', '84%', '83%', '100%']  memcached=246.1%
[monitor] ['81%', '83%', '85%', '100%']  memcached=248.7%
[monitor] ['81%', '86%', '83%', '100%']  memcached=249.6%
[monitor] ['81%', '83%', '86%', '100%']  memcached=249.6%
[monitor] ['78%', '80%', '82%', '100%']  memcached=240.7%
[monitor] ['78%', '83%', '83%', '100%']  memcached=244.4%
[monitor] ['81%', '83%', '86%', '100%']  memcached=250.1%
[monitor] ['81%', '83%', '83%', '100%']  memcached=246.3%
[monitor] ['81%', '86%', '83%', '100%']  memcached=249.7%
[monitor] ['78%', '83%', '86%', '100%']  memcached=246.9%
[monitor] ['81%', '83%', '86%', '100%']  memcached=249.6%
[monitor] ['81%', '83%', '83%', '100%']  memcached=247.2%
[monitor] ['80%', '85%', '85%', '100%']  memcached=250.1%
[monitor] ['81%', '83%', '86%', '100%']  memcached=250.1%
[monitor] ['81%', '83%', '83%', '100%']  memcached=246.7%
[monitor] ['58%', '63%', '62%', '100%']  memcached=182.2%
[monitor] ['23%', '26%', '21%', '100%']  memcached=69.8%
[MEMCACHED] cores updated to: ['0', '2']
[streamcluster] cores updated to: [1, 3]
[monitor] ['45%', '97%', '46%', '100%']  memcached=90.7%
[monitor] ['43%', '97%', '43%', '97%']  memcached=86.1%
[monitor] ['46%', '100%', '43%', '100%']  memcached=89.4%
[monitor] ['39%', '100%', '42%', '97%']  memcached=80.6%
[monitor] ['45%', '97%', '45%', '100%']  memcached=89.5%
[monitor] ['45%', '100%', '43%', '97%']  memcached=88.0%
[monitor] ['46%', '97%', '47%', '100%']  memcached=93.5%
[monitor] ['45%', '100%', '40%', '97%']  memcached=84.7%
[monitor] ['50%', '100%', '46%', '97%']  memcached=95.9%
[monitor] ['45%', '97%', '44%', '97%']  memcached=89.2%
[monitor] ['45%', '100%', '48%', '97%']  memcached=92.2%
[monitor] ['46%', '100%', '43%', '100%']  memcached=89.4%
[monitor] ['43%', '97%', '44%', '97%']  memcached=87.7%
[monitor] ['43%', '100%', '43%', '97%']  memcached=86.5%
[monitor] ['45%', '100%', '42%', '100%']  memcached=86.4%
[monitor] ['68%', '100%', '68%', '97%']  memcached=136.6%
[monitor] ['69%', '97%', '70%', '100%']  memcached=139.0%
[monitor] ['68%', '100%', '69%', '97%']  memcached=137.3%
[monitor] ['71%', '100%', '71%', '100%']  memcached=141.5%
[monitor] ['68%', '97%', '68%', '97%']  memcached=135.8%
[monitor] ['69%', '100%', '69%', '97%']  memcached=138.1%
[monitor] ['71%', '100%', '73%', '100%']  memcached=143.9%
[monitor] ['71%', '100%', '70%', '97%']  memcached=141.4%
[monitor] ['70%', '97%', '70%', '100%']  memcached=140.0%
[monitor] ['73%', '100%', '73%', '97%']  memcached=146.3%
[monitor] ['69%', '100%', '70%', '97%']  memcached=139.0%
[monitor] ['70%', '97%', '71%', '97%']  memcached=140.7%
[monitor] ['70%', '100%', '71%', '100%']  memcached=141.4%
[monitor] ['68%', '100%', '70%', '97%']  memcached=138.3%
[monitor] ['70%', '73%', '68%', '83%']  memcached=138.1%
[monitor] ['68%', '64%', '68%', '94%']  memcached=136.6%
[monitor] ['78%', '97%', '79%', '97%']  memcached=157.3%
[monitor] ['100%', '97%', '100%', '100%']  memcached=200.0%
[MEMCACHED] cores updated to: ['0', '2', '3']
[streamcluster] cores updated to: [1]
[monitor] ['83%', '100%', '88%', '75%']  memcached=246.6%
[monitor] ['80%', '100%', '88%', '81%']  memcached=248.4%
[monitor] ['81%', '100%', '88%', '81%']  memcached=249.9%
[monitor] ['83%', '100%', '86%', '81%']  memcached=249.1%
[monitor] ['81%', '100%', '86%', '81%']  memcached=247.4%
[monitor] ['82%', '100%', '88%', '83%']  memcached=253.6%
[monitor] ['81%', '100%', '86%', '81%']  memcached=247.4%
[monitor] ['81%', '100%', '85%', '82%']  memcached=247.4%
[monitor] ['86%', '100%', '89%', '82%']  memcached=256.6%
[monitor] ['83%', '100%', '85%', '81%']  memcached=248.3%
[monitor] ['81%', '100%', '88%', '81%']  memcached=249.9%
[monitor] ['83%', '100%', '88%', '83%']  memcached=254.1%
[monitor] ['86%', '100%', '91%', '88%']  memcached=264.9%
[monitor] ['86%', '100%', '91%', '85%']  memcached=262.0%
[monitor] ['82%', '100%', '88%', '81%']  memcached=251.1%
[monitor] ['81%', '100%', '86%', '81%']  memcached=246.8%
[monitor] ['82%', '100%', '85%', '81%']  memcached=248.2%
[monitor] ['79%', '100%', '86%', '81%']  memcached=245.7%
[monitor] ['85%', '100%', '88%', '82%']  memcached=255.9%
[monitor] ['83%', '100%', '91%', '84%']  memcached=258.3%
[monitor] ['81%', '100%', '85%', '81%']  memcached=246.4%
[monitor] ['81%', '100%', '86%', '83%']  memcached=250.1%
[monitor] ['83%', '100%', '88%', '81%']  memcached=251.3%
[monitor] ['81%', '100%', '89%', '81%']  memcached=249.7%
[monitor] ['81%', '100%', '86%', '83%']  memcached=250.1%
[monitor] ['81%', '100%', '85%', '80%']  memcached=246.4%
[monitor] ['81%', '100%', '85%', '80%']  memcached=245.8%
[monitor] ['81%', '100%', '86%', '79%']  memcached=245.7%
[monitor] ['80%', '100%', '88%', '83%']  memcached=251.1%
[monitor] ['83%', '100%', '83%', '82%']  memcached=248.2%
[monitor] ['83%', '100%', '88%', '80%']  memcached=251.6%
[monitor] ['78%', '100%', '83%', '81%']  memcached=241.7%
[monitor] ['74%', '100%', '78%', '73%']  memcached=225.0%
[monitor] ['74%', '100%', '76%', '74%']  memcached=225.0%
[monitor] ['71%', '100%', '76%', '74%']  memcached=221.1%
[monitor] ['74%', '100%', '76%', '74%']  memcached=225.0%
[monitor] ['74%', '100%', '76%', '72%']  memcached=222.5%
[monitor] ['72%', '100%', '76%', '74%']  memcached=222.5%
[monitor] ['74%', '100%', '77%', '71%']  memcached=221.7%
[monitor] ['72%', '100%', '76%', '74%']  memcached=223.2%
[monitor] ['74%', '100%', '76%', '72%']  memcached=221.9%
[monitor] ['76%', '100%', '78%', '78%']  memcached=232.4%
[monitor] ['74%', '100%', '78%', '74%']  memcached=226.4%
[monitor] ['74%', '100%', '77%', '74%']  memcached=225.6%
[monitor] ['74%', '100%', '78%', '74%']  memcached=225.7%
[monitor] ['74%', '100%', '77%', '75%']  memcached=226.3%
[monitor] ['74%', '100%', '76%', '74%']  memcached=223.7%
[monitor] ['74%', '100%', '81%', '74%']  memcached=229.8%
[monitor] ['51%', '100%', '50%', '53%']  memcached=154.4%
[monitor] ['27%', '100%', '33%', '33%']  memcached=93.3%
[MEMCACHED] cores updated to: ['0', '3']
[streamcluster] cores updated to: [2, 1]
[monitor] ['49%', '93%', '96%', '52%']  memcached=101.2%
[monitor] ['50%', '90%', '94%', '54%']  memcached=103.7%
[monitor] ['51%', '97%', '97%', '50%']  memcached=101.3%
[monitor] ['49%', '93%', '97%', '50%']  memcached=98.7%
[monitor] ['51%', '93%', '97%', '49%']  memcached=100.0%
[monitor] ['50%', '93%', '100%', '50%']  memcached=100.0%
[monitor] ['51%', '97%', '93%', '49%']  memcached=99.9%
[monitor] ['49%', '93%', '97%', '54%']  memcached=102.3%
[monitor] ['51%', '97%', '97%', '50%']  memcached=101.3%
[monitor] ['50%', '97%', '97%', '50%']  memcached=100.0%
[monitor] ['52%', '90%', '93%', '50%']  memcached=102.5%
[monitor] ['50%', '83%', '100%', '50%']  memcached=100.0%
[monitor] ['49%', '90%', '93%', '51%']  memcached=99.9%
[monitor] ['55%', '90%', '97%', '56%']  memcached=111.1%
[monitor] ['51%', '90%', '93%', '55%']  memcached=106.6%
[monitor] ['94%', '85%', '90%', '94%']  memcached=187.5%
[MEMCACHED] cores updated to: ['0', '2', '3']
[streamcluster] cores updated to: [1]
[monitor] ['81%', '100%', '86%', '81%']  memcached=247.4%
[monitor] ['81%', '100%', '82%', '81%']  memcached=243.5%
[monitor] ['79%', '100%', '83%', '78%']  memcached=239.6%
[monitor] ['78%', '100%', '83%', '79%']  memcached=240.7%
[monitor] ['81%', '100%', '83%', '81%']  memcached=244.0%
[monitor] ['78%', '100%', '86%', '81%']  memcached=244.6%
[monitor] ['81%', '100%', '83%', '78%']  memcached=242.8%
[monitor] ['78%', '100%', '83%', '80%']  memcached=241.2%
[monitor] ['82%', '100%', '88%', '79%']  memcached=249.5%
[monitor] ['79%', '100%', '83%', '78%']  memcached=240.1%
[monitor] ['78%', '100%', '83%', '78%']  memcached=239.5%
[monitor] ['81%', '100%', '83%', '81%']  memcached=244.0%
[monitor] ['78%', '100%', '84%', '78%']  memcached=239.9%
[monitor] ['78%', '100%', '83%', '79%']  memcached=240.7%
[monitor] ['78%', '100%', '83%', '78%']  memcached=239.6%
[monitor] ['72%', '100%', '76%', '71%']  memcached=219.2%
[monitor] ['67%', '100%', '70%', '68%']  memcached=204.2%
[monitor] ['70%', '100%', '72%', '67%']  memcached=209.2%
[monitor] ['67%', '100%', '70%', '68%']  memcached=205.0%
[monitor] ['68%', '100%', '71%', '68%']  memcached=207.6%
[monitor] ['67%', '100%', '71%', '68%']  memcached=204.9%
[monitor] ['68%', '100%', '69%', '67%']  memcached=203.4%
[monitor] ['68%', '100%', '72%', '69%']  memcached=209.4%
[monitor] ['69%', '100%', '70%', '68%']  memcached=207.3%
[monitor] ['68%', '100%', '70%', '69%']  memcached=207.7%
[monitor] ['68%', '100%', '72%', '68%']  memcached=207.6%
[monitor] ['68%', '100%', '70%', '69%']  memcached=206.5%
[monitor] ['68%', '100%', '70%', '69%']  memcached=206.7%
[monitor] ['70%', '100%', '71%', '68%']  memcached=208.6%
[monitor] ['68%', '100%', '73%', '69%']  memcached=209.9%
[monitor] ['70%', '100%', '73%', '72%']  memcached=215.5%
[monitor] ['69%', '100%', '73%', '68%']  memcached=209.9%
[monitor] ['68%', '100%', '70%', '70%']  memcached=207.5%
[monitor] ['69%', '100%', '71%', '70%']  memcached=210.3%
[monitor] ['68%', '100%', '70%', '68%']  memcached=206.6%
[monitor] ['69%', '100%', '74%', '68%']  memcached=212.0%
[monitor] ['69%', '100%', '70%', '70%']  memcached=209.0%
[monitor] ['70%', '100%', '72%', '67%']  memcached=208.5%
[monitor] ['69%', '100%', '70%', '71%']  memcached=210.0%
[monitor] ['68%', '100%', '72%', '68%']  memcached=208.3%
[monitor] ['69%', '100%', '71%', '68%']  memcached=208.7%
[monitor] ['68%', '100%', '71%', '68%']  memcached=207.4%
[monitor] ['72%', '100%', '76%', '71%']  memcached=218.2%
[monitor] ['69%', '100%', '74%', '72%']  memcached=214.7%
[monitor] ['70%', '100%', '72%', '70%']  memcached=211.8%
[monitor] ['69%', '100%', '72%', '68%']  memcached=210.2%
[monitor] ['70%', '100%', '72%', '69%']  memcached=211.0%
[monitor] ['68%', '100%', '72%', '68%']  memcached=208.4%
[monitor] ['71%', '100%', '74%', '72%']  memcached=217.2%
[monitor] ['76%', '100%', '81%', '79%']  memcached=235.8%
[monitor] ['78%', '100%', '82%', '78%']  memcached=237.9%
[monitor] ['76%', '100%', '81%', '78%']  memcached=234.6%
[monitor] ['76%', '100%', '85%', '81%']  memcached=242.2%
[monitor] ['76%', '100%', '82%', '78%']  memcached=235.7%
[monitor] ['76%', '100%', '81%', '77%']  memcached=233.8%
[monitor] ['76%', '100%', '81%', '75%']  memcached=231.2%
[monitor] ['76%', '100%', '83%', '78%']  memcached=237.6%
[monitor] ['75%', '100%', '79%', '76%']  memcached=230.3%
[monitor] ['76%', '100%', '80%', '76%']  memcached=232.0%
[monitor] ['77%', '100%', '81%', '78%']  memcached=236.0%
[monitor] ['74%', '100%', '81%', '76%']  memcached=230.4%
[monitor] ['76%', '100%', '81%', '76%']  memcached=233.2%
[monitor] ['76%', '100%', '80%', '79%']  memcached=234.6%
[monitor] ['75%', '100%', '81%', '76%']  memcached=231.2%
[monitor] ['76%', '100%', '81%', '76%']  memcached=233.7%
[monitor] ['30%', '100%', '28%', '28%']  memcached=85.2%
[MEMCACHED] cores updated to: ['0', '3']
[streamcluster] cores updated to: [2, 1]
[monitor] ['26%', '94%', '93%', '26%']  memcached=51.6%
[MEMCACHED] cores updated to: ['0']
[streamcluster] cores updated to: [2, 1, 3]
[monitor] ['54%', '97%', '81%', '100%']  memcached=53.7%
[monitor] ['53%', '100%', '79%', '100%']  memcached=53.5%
[monitor] ['57%', '100%', '81%', '100%']  memcached=57.1%
[monitor] ['53%', '100%', '79%', '97%']  memcached=53.5%
[monitor] ['56%', '100%', '80%', '100%']  memcached=55.8%
[monitor] ['53%', '100%', '80%', '100%']  memcached=53.5%
[monitor] ['54%', '100%', '80%', '100%']  memcached=53.7%
[monitor] ['53%', '100%', '79%', '100%']  memcached=53.5%
[monitor] ['59%', '97%', '83%', '97%']  memcached=58.5%
[monitor] ['56%', '100%', '80%', '100%']  memcached=55.6%
[monitor] ['53%', '100%', '80%', '100%']  memcached=53.5%
[monitor] ['56%', '100%', '82%', '100%']  memcached=56.1%
[monitor] ['55%', '100%', '80%', '97%']  memcached=54.5%
[monitor] ['56%', '100%', '81%', '100%']  memcached=55.8%
[monitor] ['60%', '100%', '83%', '100%']  memcached=59.5%
[monitor] ['71%', '100%', '87%', '100%']  memcached=71.4%
[monitor] ['67%', '100%', '83%', '97%']  memcached=67.4%
[monitor] ['70%', '100%', '86%', '100%']  memcached=70.5%
[monitor] ['71%', '100%', '86%', '97%']  memcached=70.7%
[monitor] ['70%', '100%', '87%', '100%']  memcached=69.8%
[monitor] ['68%', '100%', '83%', '100%']  memcached=68.2%
[monitor] ['71%', '100%', '83%', '97%']  memcached=71.4%
[monitor] ['70%', '100%', '83%', '100%']  memcached=69.8%
[monitor] ['67%', '100%', '86%', '97%']  memcached=67.4%
[monitor] ['72%', '100%', '84%', '100%']  memcached=72.1%
[monitor] ['70%', '100%', '86%', '100%']  memcached=69.8%
[monitor] ['70%', '100%', '83%', '100%']  memcached=69.8%
[monitor] ['69%', '100%', '86%', '97%']  memcached=69.0%
[monitor] ['68%', '100%', '83%', '100%']  memcached=68.2%
[monitor] ['72%', '97%', '84%', '100%']  memcached=72.1%
[monitor] ['68%', '100%', '83%', '100%']  memcached=68.2%
[monitor] ['85%', '100%', '90%', '97%']  memcached=85.3%
[MEMCACHED] cores updated to: ['0', '1']
[streamcluster] cores updated to: [2, 3]
[monitor] ['69%', '67%', '94%', '89%']  memcached=135.9%
[monitor] ['68%', '70%', '93%', '97%']  memcached=137.5%
[monitor] ['70%', '68%', '100%', '79%']  memcached=138.4%
[monitor] ['68%', '68%', '90%', '97%']  memcached=136.6%
[monitor] ['68%', '68%', '97%', '93%']  memcached=135.1%
[monitor] ['71%', '68%', '93%', '97%']  memcached=138.2%
[monitor] ['69%', '68%', '90%', '93%']  memcached=136.7%
[monitor] ['68%', '66%', '97%', '93%']  memcached=133.3%
[monitor] ['68%', '70%', '90%', '93%']  memcached=137.5%
[monitor] ['72%', '69%', '93%', '90%']  memcached=141.7%
[monitor] ['68%', '68%', '93%', '90%']  memcached=135.0%
[monitor] ['70%', '68%', '97%', '79%']  memcached=137.5%
[monitor] ['66%', '67%', '86%', '90%']  memcached=132.5%
[monitor] ['70%', '68%', '94%', '83%']  memcached=137.5%
[monitor] ['68%', '69%', '93%', '93%']  memcached=137.5%
[monitor] ['64%', '65%', '97%', '90%']  memcached=129.1%
[monitor] ['57%', '55%', '97%', '90%']  memcached=112.4%
[monitor] ['55%', '56%', '97%', '90%']  memcached=111.1%
[monitor] ['55%', '52%', '93%', '97%']  memcached=107.5%
[monitor] ['57%', '56%', '94%', '87%']  memcached=113.2%
[monitor] ['57%', '61%', '93%', '93%']  memcached=118.5%
[monitor] ['57%', '57%', '97%', '93%']  memcached=115.0%
[monitor] ['61%', '62%', '93%', '94%']  memcached=122.9%
[monitor] ['59%', '60%', '97%', '93%']  memcached=118.1%
[monitor] ['56%', '54%', '97%', '97%']  memcached=109.9%
[monitor] ['55%', '57%', '93%', '83%']  memcached=112.5%
[monitor] ['54%', '56%', '93%', '97%']  memcached=109.9%
[monitor] ['56%', '56%', '97%', '90%']  memcached=112.5%
[monitor] ['56%', '54%', '93%', '93%']  memcached=109.9%
[monitor] ['56%', '54%', '97%', '93%']  memcached=109.9%
[monitor] ['56%', '55%', '90%', '97%']  memcached=111.1%
[monitor] ['54%', '56%', '97%', '83%']  memcached=109.9%
[monitor] ['62%', '62%', '96%', '94%']  memcached=123.8%
[monitor] ['66%', '66%', '97%', '93%']  memcached=131.7%
[monitor] ['63%', '62%', '90%', '97%']  memcached=125.9%
[monitor] ['61%', '64%', '100%', '90%']  memcached=125.3%
[monitor] ['63%', '61%', '80%', '97%']  memcached=124.4%
[monitor] ['63%', '62%', '87%', '97%']  memcached=125.3%
[monitor] ['63%', '62%', '96%', '93%']  memcached=125.3%
[monitor] ['63%', '61%', '97%', '97%']  memcached=124.4%
[monitor] ['60%', '64%', '90%', '97%']  memcached=124.3%
[monitor] ['62%', '61%', '90%', '97%']  memcached=123.5%
[monitor] ['66%', '64%', '97%', '97%']  memcached=130.0%
[monitor] ['64%', '61%', '93%', '97%']  memcached=125.3%
[monitor] ['60%', '62%', '90%', '97%']  memcached=121.5%
[monitor] ['63%', '62%', '97%', '93%']  memcached=125.3%
[monitor] ['63%', '62%', '90%', '90%']  memcached=125.3%
[monitor] ['61%', '62%', '94%', '90%']  memcached=123.5%
[monitor] ['62%', '62%', '90%', '94%']  memcached=124.4%
[monitor] ['78%', '73%', '93%', '97%']  memcached=151.4%
[monitor] ['74%', '76%', '90%', '86%']  memcached=150.7%
[monitor] ['74%', '76%', '93%', '90%']  memcached=149.4%
[monitor] ['76%', '76%', '97%', '86%']  memcached=152.0%
[monitor] ['74%', '76%', '86%', '90%']  memcached=150.0%
[monitor] ['74%', '78%', '93%', '83%']  memcached=152.7%
[monitor] ['76%', '74%', '86%', '97%']  memcached=150.0%
[monitor] ['76%', '74%', '93%', '90%']  memcached=149.4%
[monitor] ['72%', '78%', '90%', '75%']  memcached=149.6%
[monitor] ['78%', '79%', '90%', '93%']  memcached=157.3%
[monitor] ['81%', '78%', '100%', '86%']  memcached=158.9%
[monitor] ['78%', '78%', '97%', '93%']  memcached=155.6%
[monitor] ['76%', '81%', '97%', '93%']  memcached=156.9%
[monitor] ['78%', '78%', '83%', '97%']  memcached=156.8%
[monitor] ['78%', '76%', '97%', '90%']  memcached=154.7%
[monitor] ['78%', '79%', '93%', '83%']  memcached=157.8%
[monitor] ['85%', '83%', '93%', '86%']  memcached=168.6%
[MEMCACHED] cores updated to: ['0', '1', '3']
[streamcluster] cores updated to: [2]
[monitor] ['83%', '86%', '100%', '83%']  memcached=252.3%
[monitor] ['86%', '81%', '100%', '81%']  memcached=247.4%
[monitor] ['83%', '83%', '100%', '80%']  memcached=246.2%
[monitor] ['83%', '83%', '100%', '81%']  memcached=247.3%
[monitor] ['83%', '86%', '100%', '81%']  memcached=250.1%
[monitor] ['83%', '83%', '100%', '81%']  memcached=246.7%
[monitor] ['83%', '81%', '100%', '81%']  memcached=244.4%
[monitor] ['82%', '83%', '100%', '83%']  memcached=247.8%
[monitor] ['83%', '85%', '100%', '81%']  memcached=248.7%
[monitor] ['83%', '86%', '100%', '83%']  memcached=251.9%
[monitor] ['84%', '83%', '100%', '83%']  memcached=250.0%
[monitor] ['82%', '86%', '100%', '82%']  memcached=250.4%
[monitor] ['84%', '83%', '100%', '81%']  memcached=247.7%
[monitor] ['91%', '94%', '83%', '91%']  memcached=275.1%
[streamcluster] ended.
[MEMCACHED] cores updated to: ['0', '2', '3']
[vips] started on cores: [1] with 3 threads.
[monitor] ['80%', '100%', '88%', '85%']  memcached=253.5%
[monitor] ['57%', '100%', '61%', '62%']  memcached=180.4%
[monitor] ['58%', '100%', '61%', '62%']  memcached=181.0%
[monitor] ['60%', '100%', '60%', '61%']  memcached=180.0%
[monitor] ['56%', '100%', '60%', '60%']  memcached=176.1%
[monitor] ['54%', '100%', '59%', '59%']  memcached=170.9%
[monitor] ['56%', '100%', '56%', '60%']  memcached=171.7%
[monitor] ['55%', '100%', '59%', '57%']  memcached=171.0%
[monitor] ['55%', '100%', '55%', '56%']  memcached=166.4%
[monitor] ['50%', '100%', '56%', '51%']  memcached=157.8%
[monitor] ['53%', '100%', '55%', '50%']  memcached=157.6%
[monitor] ['53%', '100%', '59%', '53%']  memcached=163.8%
[monitor] ['56%', '100%', '56%', '54%']  memcached=166.0%
[monitor] ['51%', '100%', '56%', '50%']  memcached=157.8%
[monitor] ['56%', '100%', '60%', '55%']  memcached=170.6%
[monitor] ['49%', '100%', '54%', '50%']  memcached=152.5%
[monitor] ['52%', '100%', '56%', '53%']  memcached=161.2%
[monitor] ['57%', '100%', '59%', '55%']  memcached=171.0%
[monitor] ['61%', '100%', '66%', '61%']  memcached=187.8%
[monitor] ['62%', '100%', '64%', '62%']  memcached=187.2%
[monitor] ['70%', '100%', '66%', '84%']  memcached=220.1%
[monitor] ['60%', '100%', '66%', '62%']  memcached=187.4%
[monitor] ['62%', '100%', '67%', '61%']  memcached=189.2%
[monitor] ['62%', '100%', '65%', '59%']  memcached=186.5%
[monitor] ['61%', '100%', '62%', '59%']  memcached=182.4%
[monitor] ['66%', '100%', '68%', '66%']  memcached=199.2%
[monitor] ['65%', '100%', '68%', '64%']  memcached=196.6%
[monitor] ['63%', '100%', '64%', '59%']  memcached=186.1%
[monitor] ['62%', '100%', '65%', '64%']  memcached=190.8%
[monitor] ['59%', '100%', '65%', '62%']  memcached=185.5%
[monitor] ['62%', '100%', '65%', '60%']  memcached=186.5%
[monitor] ['63%', '100%', '65%', '61%']  memcached=189.1%
[monitor] ['62%', '100%', '65%', '62%']  memcached=188.8%
[monitor] ['62%', '100%', '65%', '62%']  memcached=188.1%
[monitor] ['73%', '100%', '78%', '74%']  memcached=225.0%
[monitor] ['78%', '100%', '84%', '76%']  memcached=237.8%
[monitor] ['78%', '100%', '81%', '77%']  memcached=235.9%
[monitor] ['78%', '100%', '81%', '77%']  memcached=235.8%
[monitor] ['86%', '100%', '85%', '77%']  memcached=248.5%
[monitor] ['78%', '100%', '100%', '79%']  memcached=257.3%
[monitor] ['97%', '100%', '89%', '78%']  memcached=264.2%
[monitor] ['100%', '100%', '82%', '78%']  memcached=260.7%
[monitor] ['91%', '100%', '91%', '81%']  memcached=263.7%
[monitor] ['95%', '100%', '89%', '78%']  memcached=260.9%
[monitor] ['100%', '100%', '82%', '78%']  memcached=260.7%
[monitor] ['100%', '100%', '83%', '76%']  memcached=259.2%
[monitor] ['100%', '100%', '85%', '78%']  memcached=263.1%
[monitor] ['100%', '100%', '86%', '78%']  memcached=264.5%
[monitor] ['78%', '100%', '94%', '84%']  memcached=256.1%
[monitor] ['78%', '100%', '92%', '87%']  memcached=256.3%
[monitor] ['94%', '100%', '81%', '73%']  memcached=247.8%
[monitor] ['100%', '100%', '40%', '34%']  memcached=174.4%
[monitor] ['71%', '100%', '69%', '33%']  memcached=173.3%
[monitor] ['42%', '100%', '100%', '38%']  memcached=180.7%
[monitor] ['46%', '100%', '56%', '84%']  memcached=185.6%
[monitor] ['35%', '100%', '100%', '34%']  memcached=169.7%
[monitor] ['79%', '100%', '65%', '31%']  memcached=174.9%
[monitor] ['100%', '100%', '41%', '38%']  memcached=179.4%
[monitor] ['100%', '100%', '42%', '34%']  memcached=176.0%
[monitor] ['100%', '100%', '42%', '38%']  memcached=179.9%
[monitor] ['100%', '100%', '43%', '38%']  memcached=181.1%
[monitor] ['100%', '100%', '46%', '34%']  memcached=180.3%
[monitor] ['100%', '100%', '40%', '36%']  memcached=176.4%
[monitor] ['51%', '100%', '42%', '86%']  memcached=178.8%
[monitor] ['100%', '100%', '41%', '38%']  memcached=179.4%
[monitor] ['100%', '100%', '44%', '40%']  memcached=184.4%
[monitor] ['53%', '100%', '46%', '83%']  memcached=182.2%
[monitor] ['51%', '100%', '50%', '100%']  memcached=201.3%
[monitor] ['56%', '100%', '59%', '100%']  memcached=214.6%
[monitor] ['85%', '100%', '57%', '70%']  memcached=212.5%
[monitor] ['65%', '100%', '90%', '57%']  memcached=212.6%
[monitor] ['84%', '100%', '57%', '100%']  memcached=241.7%
[monitor] ['55%', '100%', '60%', '100%']  memcached=214.5%
[monitor] ['60%', '100%', '62%', '97%']  memcached=219.9%
[monitor] ['57%', '100%', '100%', '56%']  memcached=213.9%
[monitor] ['56%', '100%', '100%', '54%']  memcached=210.3%
[monitor] ['88%', '100%', '70%', '59%']  memcached=216.0%
[monitor] ['56%', '100%', '59%', '53%']  memcached=168.0%
[monitor] ['54%', '100%', '59%', '53%']  memcached=165.0%
[monitor] ['54%', '100%', '57%', '54%']  memcached=165.2%
[monitor] ['54%', '100%', '60%', '55%']  memcached=168.4%
[monitor] ['54%', '100%', '57%', '53%']  memcached=164.0%
[monitor] ['54%', '100%', '57%', '54%']  memcached=164.8%
[monitor] ['56%', '100%', '60%', '53%']  memcached=168.3%
[monitor] ['26%', '100%', '27%', '23%']  memcached=75.8%
[MEMCACHED] cores updated to: ['0', '3']
[vips] cores updated to: [1, 2]
[monitor] ['45%', '97%', '100%', '38%']  memcached=83.0%
[monitor] ['34%', '100%', '100%', '46%']  memcached=80.5%
[monitor] ['40%', '100%', '100%', '41%']  memcached=81.2%
[monitor] ['46%', '100%', '100%', '38%']  memcached=84.4%
[monitor] ['36%', '100%', '100%', '45%']  memcached=81.1%
[monitor] ['42%', '100%', '100%', '40%']  memcached=81.7%
[monitor] ['36%', '100%', '100%', '42%']  memcached=78.0%
[monitor] ['44%', '100%', '100%', '40%']  memcached=84.4%
[monitor] ['46%', '100%', '100%', '39%']  memcached=84.8%
[monitor] ['46%', '100%', '100%', '46%']  memcached=91.7%
[monitor] ['42%', '100%', '100%', '38%']  memcached=79.9%
[monitor] ['40%', '100%', '100%', '43%']  memcached=83.2%
[monitor] ['40%', '100%', '100%', '45%']  memcached=84.7%
[monitor] ['42%', '100%', '100%', '43%']  memcached=84.9%
[monitor] ['46%', '100%', '100%', '35%']  memcached=81.4%
[monitor] ['54%', '100%', '100%', '57%']  memcached=111.4%
[monitor] ['74%', '100%', '100%', '91%']  memcached=165.3%
[MEMCACHED] cores updated to: ['0', '1', '3']
[vips] cores updated to: [2]
[monitor] ['70%', '72%', '100%', '70%']  memcached=211.8%
[monitor] ['69%', '72%', '100%', '69%']  memcached=210.3%
[monitor] ['68%', '69%', '100%', '68%']  memcached=205.0%
[monitor] ['68%', '69%', '100%', '68%']  memcached=205.9%
[monitor] ['68%', '70%', '100%', '68%']  memcached=205.9%
[monitor] ['70%', '72%', '100%', '69%']  memcached=211.0%
[monitor] ['69%', '69%', '100%', '71%']  memcached=209.2%
[monitor] ['68%', '69%', '100%', '65%']  memcached=202.7%
[monitor] ['70%', '72%', '100%', '70%']  memcached=211.8%
[monitor] ['68%', '69%', '100%', '68%']  memcached=204.2%
[monitor] ['69%', '71%', '100%', '68%']  memcached=207.5%
[monitor] ['70%', '68%', '100%', '69%']  memcached=207.7%
[monitor] ['69%', '69%', '100%', '68%']  memcached=206.8%
[monitor] ['70%', '70%', '100%', '69%']  memcached=209.2%
[monitor] ['69%', '71%', '100%', '68%']  memcached=208.3%
[monitor] ['71%', '74%', '100%', '73%']  memcached=217.7%
[monitor] ['76%', '78%', '100%', '73%']  memcached=227.7%
[monitor] ['74%', '76%', '100%', '72%']  memcached=222.5%
[monitor] ['76%', '79%', '100%', '78%']  memcached=233.6%
[monitor] ['74%', '76%', '100%', '74%']  memcached=223.7%
[monitor] ['76%', '79%', '100%', '76%']  memcached=230.9%
[monitor] ['79%', '81%', '100%', '76%']  memcached=236.3%
[monitor] ['78%', '78%', '100%', '76%']  memcached=232.5%
[monitor] ['78%', '81%', '100%', '77%']  memcached=235.9%
[monitor] ['76%', '74%', '100%', '75%']  memcached=225.7%
[monitor] ['76%', '80%', '100%', '74%']  memcached=230.0%
[monitor] ['76%', '76%', '100%', '76%']  memcached=227.7%
[monitor] ['79%', '78%', '100%', '76%']  memcached=233.6%
[monitor] ['76%', '78%', '100%', '76%']  memcached=231.0%
[monitor] ['78%', '79%', '100%', '77%']  memcached=233.6%
[monitor] ['74%', '76%', '100%', '75%']  memcached=225.0%
[monitor] ['68%', '70%', '100%', '66%']  memcached=203.6%
[monitor] ['45%', '47%', '100%', '46%']  memcached=138.1%
[MEMCACHED] cores updated to: ['0', '3']
[vips] cores updated to: [1, 2]
[monitor] ['57%', '100%', '100%', '61%']  memcached=118.5%
[monitor] ['60%', '100%', '100%', '54%']  memcached=113.8%
[monitor] ['57%', '100%', '100%', '63%']  memcached=120.3%
[monitor] ['56%', '100%', '100%', '57%']  memcached=113.9%
[monitor] ['60%', '100%', '100%', '60%']  memcached=120.0%
[monitor] ['58%', '100%', '100%', '60%']  memcached=117.9%
[monitor] ['57%', '100%', '100%', '57%']  memcached=115.0%
[monitor] ['60%', '100%', '100%', '59%']  memcached=118.1%
[monitor] ['59%', '100%', '100%', '57%']  memcached=116.5%
[monitor] ['55%', '100%', '100%', '62%']  memcached=117.2%
[monitor] ['74%', '100%', '100%', '64%']  memcached=138.5%
[monitor] ['100%', '100%', '100%', '62%']  memcached=161.5%
[MEMCACHED] cores updated to: ['0', '2', '3']
[vips] cores updated to: [1]
[monitor] ['100%', '100%', '51%', '46%']  memcached=197.2%
[monitor] ['100%', '100%', '47%', '44%']  memcached=191.7%
[monitor] ['100%', '100%', '51%', '47%']  memcached=198.5%
[monitor] ['90%', '100%', '84%', '68%']  memcached=242.4%
[monitor] ['71%', '100%', '84%', '92%']  memcached=247.2%
[monitor] ['74%', '100%', '76%', '100%']  memcached=250.7%
[monitor] ['76%', '100%', '81%', '100%']  memcached=256.2%
[monitor] ['92%', '100%', '78%', '82%']  memcached=252.5%
[monitor] ['79%', '100%', '79%', '95%']  memcached=252.8%
[monitor] ['100%', '100%', '76%', '74%']  memcached=249.4%
[monitor] ['84%', '100%', '76%', '70%']  memcached=230.2%
[monitor] ['78%', '100%', '81%', '76%']  memcached=235.8%
[monitor] ['74%', '100%', '79%', '72%']  memcached=225.1%
[monitor] ['78%', '100%', '83%', '76%']  memcached=237.0%
[monitor] ['73%', '100%', '76%', '74%']  memcached=223.0%
[monitor] ['72%', '100%', '76%', '72%']  memcached=220.0%
[monitor] ['72%', '100%', '77%', '72%']  memcached=220.5%
[monitor] ['73%', '100%', '76%', '72%']  memcached=221.1%
[monitor] ['72%', '100%', '76%', '72%']  memcached=219.9%
[monitor] ['74%', '100%', '76%', '72%']  memcached=221.8%
[monitor] ['72%', '100%', '76%', '74%']  memcached=223.2%
[monitor] ['74%', '100%', '79%', '72%']  memcached=225.8%
[monitor] ['72%', '100%', '74%', '71%']  memcached=216.5%
[monitor] ['70%', '100%', '76%', '72%']  memcached=217.7%
[monitor] ['71%', '100%', '74%', '67%']  memcached=211.8%
[monitor] ['73%', '100%', '76%', '74%']  memcached=223.0%
[monitor] ['75%', '100%', '76%', '74%']  memcached=225.7%
[monitor] ['74%', '100%', '78%', '72%']  memcached=224.0%
[monitor] ['75%', '100%', '76%', '72%']  memcached=223.1%
[monitor] ['71%', '100%', '76%', '72%']  memcached=219.2%
[monitor] ['71%', '100%', '74%', '69%']  memcached=214.6%
[monitor] ['71%', '100%', '74%', '69%']  memcached=214.3%
[monitor] ['70%', '100%', '74%', '71%']  memcached=215.7%
[monitor] ['72%', '100%', '76%', '70%']  memcached=217.5%
[monitor] ['71%', '100%', '74%', '69%']  memcached=214.6%
[monitor] ['69%', '100%', '74%', '72%']  memcached=214.7%
[monitor] ['39%', '100%', '38%', '34%']  memcached=111.3%
[MEMCACHED] cores updated to: ['0', '3']
[vips] cores updated to: [1, 2]
[monitor] ['26%', '100%', '100%', '18%']  memcached=43.7%
[MEMCACHED] cores updated to: ['0']
[vips] cores updated to: [1, 2, 3]
[monitor] ['50%', '100%', '100%', '100%']  memcached=50.0%
[monitor] ['51%', '100%', '100%', '100%']  memcached=51.2%
[monitor] ['50%', '100%', '100%', '100%']  memcached=50.0%
[monitor] ['51%', '100%', '100%', '100%']  memcached=51.2%
[monitor] ['51%', '100%', '100%', '100%']  memcached=51.2%
[monitor] ['48%', '100%', '100%', '100%']  memcached=47.5%
[monitor] ['50%', '100%', '100%', '100%']  memcached=50.0%
[monitor] ['50%', '100%', '100%', '100%']  memcached=50.0%
[monitor] ['50%', '100%', '100%', '100%']  memcached=50.0%
[monitor] ['54%', '100%', '100%', '100%']  memcached=53.7%
[monitor] ['49%', '100%', '100%', '100%']  memcached=48.7%
[monitor] ['50%', '100%', '100%', '100%']  memcached=50.0%
[monitor] ['50%', '100%', '100%', '100%']  memcached=50.0%
[monitor] ['49%', '100%', '100%', '100%']  memcached=48.7%
[monitor] ['59%', '100%', '100%', '100%']  memcached=59.0%
[monitor] ['94%', '100%', '100%', '100%']  memcached=93.5%
[MEMCACHED] cores updated to: ['0', '1', '3']
[vips] cores updated to: [2]
[monitor] ['60%', '60%', '100%', '57%']  memcached=177.0%
[monitor] ['60%', '59%', '100%', '59%']  memcached=177.5%
[monitor] ['60%', '60%', '100%', '60%']  memcached=179.5%
[monitor] ['60%', '60%', '100%', '59%']  memcached=179.0%
[monitor] ['56%', '59%', '100%', '57%']  memcached=172.9%
[monitor] ['61%', '59%', '100%', '58%']  memcached=177.8%
[monitor] ['59%', '61%', '100%', '60%']  memcached=179.5%
[monitor] ['57%', '57%', '100%', '59%']  memcached=174.0%
[monitor] ['59%', '62%', '100%', '59%']  memcached=179.0%
[monitor] ['59%', '61%', '100%', '59%']  memcached=178.9%
[monitor] ['57%', '61%', '100%', '59%']  memcached=177.0%
[monitor] ['59%', '61%', '100%', '58%']  memcached=177.8%
[monitor] ['60%', '59%', '100%', '57%']  memcached=176.5%
[monitor] ['59%', '59%', '100%', '57%']  memcached=175.0%
[monitor] ['57%', '56%', '100%', '56%']  memcached=169.6%
[monitor] ['72%', '74%', '100%', '70%']  memcached=216.4%
[monitor] ['79%', '81%', '100%', '78%']  memcached=238.4%
[monitor] ['78%', '78%', '100%', '76%']  memcached=231.9%
[monitor] ['76%', '81%', '100%', '75%']  memcached=231.9%
[monitor] ['75%', '78%', '100%', '76%']  memcached=229.7%
[monitor] ['76%', '78%', '100%', '74%']  memcached=227.8%
[monitor] ['76%', '76%', '100%', '78%']  memcached=231.0%
[monitor] ['76%', '78%', '100%', '74%']  memcached=228.4%
[monitor] ['77%', '80%', '100%', '78%']  memcached=234.9%
[monitor] ['76%', '79%', '100%', '74%']  memcached=228.3%
[monitor] ['76%', '78%', '100%', '76%']  memcached=231.0%
[monitor] ['78%', '81%', '100%', '77%']  memcached=236.1%
[monitor] ['76%', '78%', '100%', '77%']  memcached=230.4%
[monitor] ['81%', '83%', '100%', '81%']  memcached=245.0%
[monitor] ['76%', '78%', '100%', '76%']  memcached=231.0%
[monitor] ['76%', '78%', '100%', '76%']  memcached=230.4%
[monitor] ['81%', '83%', '100%', '79%']  memcached=242.8%
[monitor] ['83%', '88%', '100%', '85%']  memcached=256.4%
[monitor] ['83%', '86%', '100%', '81%']  memcached=249.6%
[monitor] ['86%', '88%', '100%', '83%']  memcached=257.3%
[monitor] ['82%', '86%', '100%', '81%']  memcached=249.1%
[monitor] ['81%', '83%', '100%', '78%']  memcached=242.8%
[monitor] ['81%', '83%', '100%', '81%']  memcached=244.0%
[monitor] ['83%', '86%', '100%', '81%']  memcached=249.6%
[monitor] ['81%', '83%', '100%', '82%']  memcached=245.8%
[monitor] ['83%', '84%', '100%', '79%']  memcached=245.6%
[monitor] ['85%', '88%', '100%', '85%']  memcached=258.0%
[monitor] ['81%', '83%', '100%', '81%']  memcached=244.5%
[monitor] ['81%', '86%', '100%', '80%']  memcached=246.3%
[monitor] ['83%', '85%', '100%', '83%']  memcached=251.0%
[monitor] ['83%', '83%', '100%', '81%']  memcached=247.3%
[monitor] ['80%', '83%', '100%', '78%']  memcached=240.6%
[monitor] ['81%', '84%', '100%', '81%']  memcached=245.4%
[monitor] ['70%', '72%', '100%', '71%']  memcached=213.5%
[monitor] ['65%', '67%', '100%', '62%']  memcached=194.3%
[monitor] ['64%', '64%', '100%', '62%']  memcached=189.9%
[monitor] ['63%', '68%', '100%', '65%']  memcached=196.0%
[monitor] ['62%', '64%', '100%', '63%']  memcached=190.0%
[monitor] ['63%', '65%', '100%', '61%']  memcached=189.1%
[monitor] ['65%', '65%', '100%', '63%']  memcached=193.4%
[monitor] ['62%', '66%', '100%', '63%']  memcached=190.8%
[monitor] ['63%', '62%', '100%', '62%']  memcached=187.5%
[monitor] ['65%', '65%', '100%', '62%']  memcached=192.5%
[monitor] ['63%', '67%', '100%', '66%']  memcached=195.9%
[monitor] ['66%', '69%', '100%', '71%']  memcached=206.1%
[monitor] ['69%', '70%', '100%', '93%']  memcached=231.9%
[monitor] ['62%', '83%', '100%', '98%']  memcached=243.3%
[monitor] ['65%', '100%', '100%', '64%']  memcached=229.1%
[monitor] ['62%', '80%', '100%', '83%']  memcached=224.5%
[monitor] ['64%', '66%', '100%', '100%']  memcached=230.0%
[monitor] ['70%', '82%', '100%', '92%']  memcached=243.9%
[monitor] ['72%', '100%', '100%', '71%']  memcached=242.5%
[monitor] ['74%', '100%', '100%', '73%']  memcached=246.7%
[monitor] ['70%', '72%', '100%', '100%']  memcached=241.8%
[monitor] ['70%', '85%', '100%', '85%']  memcached=240.0%
[monitor] ['69%', '79%', '100%', '69%']  memcached=217.9%
[monitor] ['69%', '70%', '100%', '68%']  memcached=207.7%
[monitor] ['68%', '72%', '100%', '70%']  memcached=210.2%
[monitor] ['70%', '70%', '100%', '70%']  memcached=210.0%
[monitor] ['72%', '73%', '100%', '69%']  memcached=214.7%
[monitor] ['69%', '71%', '100%', '69%']  memcached=209.2%
[monitor] ['70%', '69%', '100%', '68%']  memcached=207.5%
[monitor] ['70%', '72%', '100%', '69%']  memcached=211.3%
[monitor] ['68%', '72%', '100%', '70%']  memcached=210.9%
[monitor] ['68%', '69%', '100%', '69%']  memcached=206.0%
[monitor] ['69%', '70%', '100%', '67%']  memcached=205.9%
[monitor] ['63%', '68%', '100%', '64%']  memcached=194.8%
[monitor] ['53%', '55%', '100%', '50%']  memcached=157.6%
[monitor] ['52%', '55%', '100%', '53%']  memcached=160.1%
[monitor] ['53%', '50%', '100%', '51%']  memcached=153.9%
[monitor] ['54%', '56%', '100%', '55%']  memcached=165.3%
[monitor] ['54%', '54%', '100%', '51%']  memcached=158.8%
[monitor] ['50%', '55%', '100%', '53%']  memcached=157.6%
[monitor] ['54%', '53%', '100%', '52%']  memcached=159.0%
[monitor] ['54%', '55%', '100%', '51%']  memcached=160.2%
[monitor] ['51%', '55%', '100%', '54%']  memcached=160.2%
[monitor] ['51%', '55%', '100%', '50%']  memcached=156.3%
[monitor] ['69%', '68%', '86%', '68%']  memcached=204.6%
[vips] ended.
[MEMCACHED] cores updated to: ['0', '1', '2', '3']
