Scheduler started.
[MEMCACHED] cores updated to: ['0', '1', '2']
[radix] started on cores: [3] with 1 threads.
[monitor] ['11%', '8%', '3%', '100%']  memcached=21.4%
[MEMCACHED] cores updated to: ['0']
[barnes] started on cores: [1, 2] with 2 threads.
[monitor] ['14%', '32%', '74%', '100%']  memcached=13.9%
[monitor] ['22%', '13%', '92%', '100%']  memcached=22.5%
[monitor] ['20%', '0%', '100%', '100%']  memcached=20.0%
[monitor] ['16%', '66%', '100%', '100%']  memcached=16.2%
[monitor] ['21%', '100%', '100%', '100%']  memcached=20.5%
[monitor] ['11%', '100%', '100%', '100%']  memcached=10.8%
[monitor] ['23%', '100%', '100%', '100%']  memcached=23.1%
[monitor] ['14%', '59%', '100%', '100%']  memcached=14.3%
[monitor] ['83%', '92%', '100%', '100%']  memcached=83.3%
[monitor] ['92%', '100%', '100%', '100%']  memcached=92.1%
[MEMCACHED] cores updated to: ['0', '3']
[radix] paused.
[monitor] ['48%', '100%', '100%', '37%']  memcached=85.3%
[monitor] ['43%', '100%', '100%', '50%']  memcached=93.3%
[monitor] ['32%', '100%', '100%', '50%']  memcached=82.1%
[monitor] ['36%', '100%', '100%', '46%']  memcached=82.1%
[monitor] ['48%', '100%', '100%', '50%']  memcached=98.4%
[monitor] ['39%', '100%', '100%', '48%']  memcached=87.6%
[monitor] ['40%', '100%', '100%', '39%']  memcached=79.3%
[MEMCACHED] cores updated to: ['0']
[radix] unpaused.
[monitor] ['83%', '100%', '100%', '100%']  memcached=83.3%
[monitor] ['88%', '100%', '100%', '100%']  memcached=88.2%
[MEMCACHED] cores updated to: ['0', '3']
[radix] paused.
[monitor] ['50%', '100%', '100%', '34%']  memcached=84.5%
[monitor] ['43%', '100%', '100%', '43%']  memcached=85.7%
[monitor] ['33%', '100%', '100%', '48%']  memcached=81.6%
[monitor] ['38%', '100%', '100%', '43%']  memcached=80.8%
[monitor] ['31%', '100%', '100%', '35%']  memcached=65.4%
[MEMCACHED] cores updated to: ['0']
[radix] unpaused.
[monitor] ['89%', '100%', '100%', '100%']  memcached=88.6%
[MEMCACHED] cores updated to: ['0', '3']
[radix] paused.
[monitor] ['53%', '100%', '100%', '39%']  memcached=92.6%
[monitor] ['38%', '100%', '100%', '37%']  memcached=75.0%
[MEMCACHED] cores updated to: ['0']
[radix] unpaused.
[monitor] ['88%', '100%', '100%', '100%']  memcached=87.5%
[MEMCACHED] cores updated to: ['0', '3']
[radix] paused.
[monitor] ['31%', '100%', '100%', '38%']  memcached=69.2%
[MEMCACHED] cores updated to: ['0']
[radix] unpaused.
[monitor] ['89%', '100%', '100%', '100%']  memcached=88.9%
[MEMCACHED] cores updated to: ['0', '3']
[radix] paused.
[monitor] ['45%', '100%', '100%', '46%']  memcached=91.3%
[monitor] ['40%', '100%', '100%', '48%']  memcached=88.3%
[monitor] ['37%', '100%', '100%', '41%']  memcached=77.8%
[MEMCACHED] cores updated to: ['0']
[radix] unpaused.
[monitor] ['85%', '100%', '100%', '100%']  memcached=85.3%
[MEMCACHED] cores updated to: ['0', '3']
[radix] paused.
[monitor] ['39%', '100%', '100%', '43%']  memcached=82.6%
[monitor] ['43%', '100%', '100%', '46%']  memcached=89.3%
[monitor] ['47%', '100%', '100%', '52%']  memcached=98.4%
[monitor] ['52%', '100%', '100%', '57%']  memcached=108.4%
[monitor] ['47%', '100%', '100%', '55%']  memcached=101.8%
[monitor] ['50%', '100%', '100%', '50%']  memcached=100.0%
[monitor] ['33%', '100%', '100%', '37%']  memcached=70.4%
[MEMCACHED] cores updated to: ['0']
[radix] unpaused.
[monitor] ['97%', '100%', '100%', '100%']  memcached=97.2%
[MEMCACHED] cores updated to: ['0', '1', '2']
[barnes] paused.
[monitor] ['42%', '50%', '32%', '100%']  memcached=124.1%
[MEMCACHED] cores updated to: ['0', '2']
[radix] paused.
[barnes] unpaused.
[barnes] cores updated to: [1, 3]
[monitor] ['92%', '100%', '95%', '100%']  memcached=186.5%
[MEMCACHED] cores updated to: ['0', '2', '3']
[radix] unpaused.
[radix] cores updated to: [1]
[barnes] paused.
[monitor] ['71%', '100%', '57%', '82%']  memcached=210.4%
[monitor] ['76%', '100%', '67%', '93%']  memcached=235.8%
[monitor] ['71%', '100%', '62%', '79%']  memcached=212.5%
[monitor] ['72%', '100%', '57%', '89%']  memcached=218.4%
[monitor] ['70%', '100%', '62%', '79%']  memcached=211.0%
[monitor] ['77%', '100%', '68%', '84%']  memcached=229.1%
[monitor] ['73%', '100%', '58%', '76%']  memcached=206.5%
[monitor] ['74%', '100%', '61%', '80%']  memcached=214.8%
[monitor] ['70%', '100%', '59%', '82%']  memcached=209.9%
[monitor] ['66%', '100%', '57%', '81%']  memcached=203.3%
[monitor] ['77%', '100%', '67%', '85%']  memcached=228.4%
[monitor] ['74%', '100%', '68%', '83%']  memcached=224.6%
[monitor] ['74%', '100%', '64%', '81%']  memcached=218.5%
[monitor] ['74%', '100%', '66%', '86%']  memcached=225.3%
[monitor] ['74%', '100%', '59%', '77%']  memcached=209.3%
[monitor] ['76%', '100%', '60%', '83%']  memcached=218.5%
[monitor] ['71%', '100%', '65%', '80%']  memcached=215.1%
[monitor] ['74%', '100%', '64%', '83%']  memcached=220.5%
[monitor] ['69%', '100%', '60%', '78%']  memcached=207.1%
[monitor] ['68%', '100%', '65%', '83%']  memcached=215.5%
[monitor] ['74%', '100%', '63%', '90%']  memcached=226.6%
[monitor] ['74%', '100%', '62%', '80%']  memcached=216.4%
[monitor] ['69%', '100%', '62%', '76%']  memcached=207.0%
[monitor] ['70%', '100%', '62%', '80%']  memcached=212.2%
[monitor] ['70%', '100%', '59%', '79%']  memcached=207.7%
[monitor] ['67%', '100%', '58%', '75%']  memcached=199.7%
[monitor] ['69%', '100%', '59%', '80%']  memcached=207.4%
[monitor] ['68%', '100%', '58%', '77%']  memcached=202.9%
[monitor] ['72%', '100%', '60%', '79%']  memcached=211.3%
[monitor] ['69%', '100%', '61%', '77%']  memcached=207.2%
[monitor] ['70%', '100%', '55%', '80%']  memcached=204.9%
[monitor] ['69%', '100%', '61%', '78%']  memcached=207.8%
[monitor] ['73%', '100%', '61%', '81%']  memcached=214.6%
[monitor] ['68%', '100%', '53%', '77%']  memcached=198.1%
[monitor] ['62%', '100%', '48%', '66%']  memcached=176.4%
[monitor] ['34%', '100%', '31%', '36%']  memcached=101.2%
[MEMCACHED] cores updated to: ['0', '3']
[radix] paused.
[barnes] unpaused.
[barnes] cores updated to: [1, 2]
[monitor] ['50%', '100%', '100%', '58%']  memcached=108.1%
[monitor] ['59%', '100%', '100%', '65%']  memcached=123.9%
[monitor] ['45%', '100%', '100%', '59%']  memcached=104.2%
[monitor] ['57%', '100%', '100%', '58%']  memcached=114.7%
[monitor] ['52%', '100%', '100%', '58%']  memcached=109.7%
[monitor] ['56%', '100%', '100%', '68%']  memcached=123.9%
[monitor] ['55%', '100%', '100%', '59%']  memcached=113.8%
[monitor] ['47%', '100%', '100%', '60%']  memcached=106.7%
[monitor] ['50%', '100%', '100%', '55%']  memcached=104.8%
[monitor] ['70%', '100%', '100%', '72%']  memcached=141.6%
[monitor] ['44%', '100%', '100%', '52%']  memcached=96.1%
[monitor] ['55%', '100%', '100%', '54%']  memcached=108.4%
[monitor] ['48%', '100%', '100%', '61%']  memcached=109.6%
[monitor] ['52%', '100%', '100%', '59%']  memcached=110.3%
[monitor] ['52%', '100%', '100%', '62%']  memcached=114.2%
[monitor] ['50%', '100%', '100%', '59%']  memcached=108.6%
[monitor] ['44%', '100%', '100%', '55%']  memcached=98.8%
[monitor] ['43%', '100%', '100%', '57%']  memcached=99.5%
[monitor] ['48%', '100%', '100%', '50%']  memcached=98.3%
[monitor] ['43%', '100%', '100%', '59%']  memcached=101.5%
[monitor] ['50%', '100%', '100%', '60%']  memcached=110.0%
[monitor] ['50%', '100%', '100%', '58%']  memcached=108.1%
[monitor] ['47%', '59%', '100%', '61%']  memcached=108.0%
[monitor] ['52%', '12%', '100%', '57%']  memcached=108.9%
[monitor] ['53%', '65%', '100%', '63%']  memcached=116.5%
[monitor] ['52%', '100%', '100%', '61%']  memcached=112.5%
[monitor] ['50%', '100%', '55%', '55%']  memcached=104.8%
[monitor] ['54%', '100%', '77%', '65%']  memcached=118.1%
[monitor] ['48%', '100%', '100%', '53%']  memcached=101.6%
[monitor] ['52%', '100%', '100%', '61%']  memcached=113.0%
[monitor] ['46%', '100%', '100%', '48%']  memcached=94.7%
[monitor] ['58%', '100%', '100%', '58%']  memcached=116.1%
[monitor] ['41%', '100%', '100%', '50%']  memcached=90.7%
[monitor] ['53%', '100%', '100%', '61%']  memcached=114.6%
[monitor] ['43%', '100%', '100%', '53%']  memcached=96.2%
[monitor] ['38%', '100%', '100%', '33%']  memcached=71.3%
[MEMCACHED] cores updated to: ['0']
[radix] unpaused.
[radix] cores updated to: [3]
[monitor] ['54%', '100%', '100%', '100%']  memcached=53.8%
[monitor] ['46%', '100%', '100%', '100%']  memcached=45.8%
[monitor] ['50%', '100%', '100%', '100%']  memcached=50.0%
[monitor] ['54%', '100%', '100%', '100%']  memcached=53.8%
[monitor] ['59%', '100%', '100%', '100%']  memcached=59.3%
[monitor] ['56%', '100%', '100%', '100%']  memcached=55.6%
[monitor] ['48%', '100%', '100%', '100%']  memcached=47.8%
[monitor] ['64%', '100%', '100%', '100%']  memcached=64.3%
[monitor] ['63%', '100%', '100%', '100%']  memcached=63.0%
[monitor] ['58%', '100%', '100%', '100%']  memcached=57.7%
[monitor] ['56%', '100%', '100%', '100%']  memcached=56.0%
[monitor] ['52%', '100%', '100%', '100%']  memcached=51.9%
[monitor] ['54%', '100%', '100%', '100%']  memcached=54.2%
[monitor] ['56%', '100%', '100%', '100%']  memcached=56.0%
[monitor] ['48%', '100%', '100%', '100%']  memcached=48.0%
[monitor] ['59%', '100%', '100%', '100%']  memcached=59.3%
[monitor] ['92%', '100%', '100%', '100%']  memcached=91.9%
[MEMCACHED] cores updated to: ['0', '3']
[radix] paused.
[monitor] ['26%', '100%', '100%', '19%']  memcached=45.2%
[MEMCACHED] cores updated to: ['0']
[radix] unpaused.
[monitor] ['81%', '100%', '100%', '100%']  memcached=81.2%
[monitor] ['75%', '100%', '100%', '100%']  memcached=75.0%
[monitor] ['63%', '100%', '100%', '100%']  memcached=63.3%
[monitor] ['57%', '100%', '100%', '100%']  memcached=57.1%
[monitor] ['62%', '100%', '100%', '100%']  memcached=61.5%
[monitor] ['62%', '100%', '100%', '100%']  memcached=62.1%
[monitor] ['62%', '100%', '100%', '100%']  memcached=61.5%
[monitor] ['62%', '100%', '100%', '100%']  memcached=61.5%
[monitor] ['61%', '100%', '100%', '100%']  memcached=60.7%
[monitor] ['66%', '100%', '100%', '100%']  memcached=65.5%
[monitor] ['64%', '100%', '100%', '100%']  memcached=64.3%
[monitor] ['58%', '100%', '100%', '100%']  memcached=57.7%
[monitor] ['54%', '100%', '100%', '100%']  memcached=53.8%
[monitor] ['66%', '100%', '100%', '100%']  memcached=65.5%
[monitor] ['63%', '100%', '100%', '100%']  memcached=63.0%
[monitor] ['59%', '100%', '100%', '100%']  memcached=58.6%
[monitor] ['50%', '100%', '100%', '100%']  memcached=50.0%
[monitor] ['56%', '100%', '100%', '100%']  memcached=55.6%
[monitor] ['85%', '100%', '100%', '100%']  memcached=84.8%
[monitor] ['89%', '100%', '100%', '100%']  memcached=89.2%
[MEMCACHED] cores updated to: ['0', '3']
[radix] paused.
[monitor] ['50%', '100%', '100%', '45%']  memcached=94.8%
[monitor] ['43%', '100%', '100%', '41%']  memcached=83.6%
[monitor] ['37%', '100%', '100%', '38%']  memcached=75.5%
[MEMCACHED] cores updated to: ['0']
[radix] unpaused.
[monitor] ['82%', '100%', '100%', '100%']  memcached=81.8%
[monitor] ['79%', '100%', '90%', '100%']  memcached=79.4%
[monitor] ['69%', '100%', '3%', '100%']  memcached=69.0%
[monitor] ['73%', '100%', '6%', '100%']  memcached=73.3%
[monitor] ['71%', '100%', '3%', '100%']  memcached=71.4%
[monitor] ['74%', '100%', '8%', '100%']  memcached=74.2%
[monitor] ['82%', '100%', '3%', '100%']  memcached=81.8%
[monitor] ['82%', '100%', '3%', '100%']  memcached=81.8%
[monitor] ['73%', '100%', '8%', '100%']  memcached=73.3%
[monitor] ['70%', '100%', '5%', '100%']  memcached=70.0%
[monitor] ['75%', '100%', '5%', '100%']  memcached=75.0%
[monitor] ['77%', '100%', '5%', '100%']  memcached=77.4%
[monitor] ['71%', '100%', '3%', '100%']  memcached=71.0%
[monitor] ['79%', '100%', '85%', '100%']  memcached=79.4%
[monitor] ['86%', '100%', '100%', '100%']  memcached=86.1%
[MEMCACHED] cores updated to: ['0', '3']
[radix] paused.
[monitor] ['43%', '100%', '24%', '45%']  memcached=88.2%
[monitor] ['52%', '100%', '95%', '44%']  memcached=96.2%
[monitor] ['38%', '100%', '100%', '43%']  memcached=81.3%
[monitor] ['44%', '100%', '100%', '41%']  memcached=85.2%
[monitor] ['52%', '100%', '100%', '38%']  memcached=89.8%
[monitor] ['52%', '100%', '100%', '41%']  memcached=93.2%
[monitor] ['57%', '100%', '100%', '47%']  memcached=103.3%
[monitor] ['44%', '100%', '100%', '36%']  memcached=80.2%
[monitor] ['41%', '100%', '100%', '33%']  memcached=74.1%
[MEMCACHED] cores updated to: ['0']
[radix] unpaused.
[monitor] ['89%', '100%', '100%', '100%']  memcached=89.5%
[MEMCACHED] cores updated to: ['0', '3']
[radix] paused.
[monitor] ['54%', '100%', '100%', '37%']  memcached=90.2%
[monitor] ['46%', '100%', '100%', '31%']  memcached=77.2%
[MEMCACHED] cores updated to: ['0']
[radix] unpaused.
[monitor] ['85%', '100%', '100%', '100%']  memcached=85.3%
[MEMCACHED] cores updated to: ['0', '3']
[radix] paused.
[monitor] ['44%', '100%', '100%', '38%']  memcached=82.4%
[monitor] ['41%', '100%', '100%', '43%']  memcached=84.7%
[monitor] ['33%', '100%', '100%', '36%']  memcached=69.0%
[MEMCACHED] cores updated to: ['0']
[radix] unpaused.
[monitor] ['46%', '100%', '100%', '100%']  memcached=46.2%
[monitor] ['56%', '100%', '100%', '100%']  memcached=55.6%
[monitor] ['59%', '100%', '100%', '100%']  memcached=59.3%
[monitor] ['50%', '100%', '100%', '100%']  memcached=50.0%
[monitor] ['52%', '100%', '100%', '100%']  memcached=51.9%
[monitor] ['42%', '100%', '100%', '100%']  memcached=42.3%
[monitor] ['52%', '100%', '100%', '100%']  memcached=52.0%
[monitor] ['56%', '100%', '100%', '100%']  memcached=55.6%
[monitor] ['66%', '100%', '100%', '100%']  memcached=65.5%
[monitor] ['46%', '100%', '100%', '100%']  memcached=45.8%
[monitor] ['50%', '100%', '100%', '100%']  memcached=50.0%
[monitor] ['54%', '100%', '100%', '100%']  memcached=53.8%
[monitor] ['57%', '100%', '100%', '100%']  memcached=57.1%
[monitor] ['58%', '100%', '100%', '55%']  memcached=57.7%
[radix] ended.
[blackscholes] started on cores: [3] with 3 threads.
[monitor] ['38%', '100%', '100%', '100%']  memcached=37.5%
[monitor] ['46%', '100%', '100%', '100%']  memcached=45.8%
[monitor] ['48%', '100%', '100%', '100%']  memcached=48.1%
[monitor] ['54%', '100%', '100%', '100%']  memcached=53.8%
[monitor] ['39%', '100%', '100%', '100%']  memcached=39.1%
[monitor] ['57%', '100%', '100%', '100%']  memcached=57.1%
[monitor] ['44%', '100%', '100%', '100%']  memcached=44.0%
[monitor] ['48%', '100%', '100%', '100%']  memcached=47.8%
[monitor] ['46%', '100%', '100%', '100%']  memcached=45.8%
[monitor] ['68%', '100%', '100%', '100%']  memcached=67.7%
[monitor] ['56%', '100%', '100%', '100%']  memcached=56.0%
[monitor] ['66%', '100%', '100%', '100%']  memcached=65.5%
[monitor] ['56%', '100%', '100%', '100%']  memcached=55.6%
[monitor] ['59%', '100%', '100%', '100%']  memcached=59.3%
[monitor] ['70%', '100%', '100%', '100%']  memcached=70.4%
[monitor] ['42%', '100%', '100%', '100%']  memcached=41.7%
[monitor] ['52%', '100%', '100%', '100%']  memcached=52.0%
[monitor] ['44%', '100%', '100%', '100%']  memcached=44.0%
[monitor] ['52%', '100%', '100%', '100%']  memcached=52.0%
[monitor] ['54%', '100%', '100%', '100%']  memcached=53.8%
[monitor] ['48%', '100%', '100%', '100%']  memcached=48.0%
[monitor] ['59%', '100%', '100%', '100%']  memcached=59.3%
[monitor] ['100%', '100%', '100%', '100%']  memcached=100.0%
[MEMCACHED] cores updated to: ['0', '1', '2']
[barnes] paused.
[monitor] ['97%', '100%', '82%', '100%']  memcached=279.8%
[monitor] ['95%', '92%', '69%', '100%']  memcached=255.7%
[monitor] ['76%', '92%', '68%', '100%']  memcached=236.1%
[monitor] ['74%', '87%', '66%', '100%']  memcached=226.3%
[monitor] ['80%', '95%', '85%', '100%']  memcached=260.2%
[monitor] ['76%', '93%', '100%', '100%']  memcached=268.4%
[monitor] ['78%', '95%', '82%', '100%']  memcached=254.9%
[monitor] ['76%', '92%', '100%', '100%']  memcached=267.4%
[monitor] ['74%', '92%', '100%', '100%']  memcached=266.4%
[monitor] ['74%', '85%', '100%', '100%']  memcached=258.1%
[monitor] ['80%', '92%', '100%', '100%']  memcached=271.9%
[monitor] ['76%', '89%', '100%', '100%']  memcached=265.9%
[monitor] ['77%', '92%', '100%', '100%']  memcached=269.5%
[monitor] ['83%', '100%', '74%', '100%']  memcached=257.1%
[monitor] ['74%', '100%', '71%', '100%']  memcached=244.5%
[monitor] ['71%', '100%', '63%', '100%']  memcached=234.3%
[monitor] ['74%', '84%', '60%', '100%']  memcached=218.1%
[monitor] ['69%', '83%', '59%', '100%']  memcached=211.5%
[monitor] ['69%', '82%', '61%', '100%']  memcached=210.9%
[monitor] ['71%', '84%', '60%', '100%']  memcached=214.4%
[monitor] ['74%', '88%', '60%', '100%']  memcached=221.0%
[monitor] ['74%', '82%', '55%', '100%']  memcached=210.3%
[monitor] ['73%', '82%', '62%', '100%']  memcached=216.8%
[monitor] ['87%', '97%', '79%', '100%']  memcached=263.1%
[monitor] ['79%', '100%', '72%', '100%']  memcached=250.7%
[monitor] ['74%', '88%', '59%', '100%']  memcached=219.7%
[monitor] ['83%', '92%', '71%', '100%']  memcached=245.7%
[monitor] ['71%', '86%', '68%', '100%']  memcached=225.7%
[monitor] ['76%', '87%', '59%', '100%']  memcached=222.3%
[monitor] ['76%', '95%', '69%', '100%']  memcached=239.5%
[monitor] ['76%', '86%', '60%', '100%']  memcached=222.6%
[monitor] ['77%', '90%', '62%', '100%']  memcached=229.4%
[monitor] ['73%', '92%', '57%', '100%']  memcached=222.2%
[monitor] ['76%', '87%', '63%', '100%']  memcached=226.6%
[monitor] ['73%', '89%', '66%', '100%']  memcached=227.5%
[monitor] ['78%', '90%', '66%', '100%']  memcached=233.1%
[monitor] ['78%', '90%', '66%', '100%']  memcached=233.1%
[monitor] ['83%', '87%', '67%', '100%']  memcached=236.8%
[monitor] ['75%', '86%', '62%', '100%']  memcached=223.2%
[monitor] ['76%', '87%', '69%', '100%']  memcached=232.1%
[monitor] ['78%', '86%', '62%', '100%']  memcached=226.3%
[monitor] ['71%', '83%', '63%', '100%']  memcached=217.6%
[monitor] ['75%', '89%', '61%', '100%']  memcached=225.8%
[monitor] ['74%', '85%', '59%', '100%']  memcached=217.4%
[monitor] ['76%', '84%', '67%', '100%']  memcached=226.2%
[monitor] ['76%', '89%', '66%', '100%']  memcached=230.8%
[monitor] ['73%', '79%', '60%', '100%']  memcached=212.1%
[monitor] ['71%', '80%', '60%', '100%']  memcached=211.4%
[monitor] ['79%', '87%', '68%', '100%']  memcached=234.3%
[monitor] ['70%', '81%', '57%', '100%']  memcached=207.9%
[monitor] ['76%', '89%', '66%', '100%']  memcached=231.6%
[monitor] ['76%', '84%', '69%', '100%']  memcached=228.7%
[monitor] ['70%', '81%', '58%', '100%']  memcached=208.3%
[monitor] ['73%', '81%', '59%', '100%']  memcached=211.9%
[monitor] ['71%', '85%', '60%', '100%']  memcached=215.2%
[monitor] ['89%', '97%', '71%', '100%']  memcached=257.0%
[monitor] ['79%', '86%', '63%', '100%']  memcached=228.2%
[monitor] ['71%', '83%', '61%', '100%']  memcached=214.7%
[monitor] ['72%', '86%', '65%', '100%']  memcached=222.9%
[monitor] ['79%', '86%', '70%', '100%']  memcached=235.5%
[monitor] ['79%', '100%', '72%', '100%']  memcached=250.7%
[monitor] ['71%', '82%', '61%', '100%']  memcached=213.9%
[monitor] ['74%', '86%', '63%', '100%']  memcached=223.3%
[monitor] ['77%', '86%', '62%', '100%']  memcached=225.7%
[monitor] ['74%', '83%', '60%', '100%']  memcached=216.4%
[monitor] ['70%', '79%', '59%', '100%']  memcached=208.5%
[monitor] ['74%', '89%', '67%', '100%']  memcached=230.1%
[monitor] ['79%', '95%', '66%', '100%']  memcached=239.8%
[monitor] ['79%', '90%', '63%', '100%']  memcached=232.7%
[monitor] ['70%', '81%', '60%', '100%']  memcached=210.8%
[monitor] ['74%', '83%', '60%', '100%']  memcached=216.9%
[monitor] ['77%', '89%', '67%', '100%']  memcached=233.0%
[monitor] ['66%', '76%', '50%', '100%']  memcached=191.3%
[monitor] ['66%', '79%', '57%', '100%']  memcached=201.1%
[monitor] ['65%', '78%', '57%', '100%']  memcached=199.0%
[monitor] ['62%', '78%', '53%', '100%']  memcached=193.6%
[monitor] ['58%', '70%', '52%', '100%']  memcached=179.5%
[monitor] ['62%', '74%', '44%', '100%']  memcached=180.5%
[monitor] ['70%', '79%', '57%', '100%']  memcached=205.8%
[monitor] ['68%', '75%', '55%', '100%']  memcached=197.5%
[monitor] ['63%', '73%', '54%', '100%']  memcached=189.6%
[monitor] ['58%', '68%', '50%', '100%']  memcached=175.7%
[monitor] ['61%', '73%', '57%', '100%']  memcached=190.7%
[monitor] ['66%', '81%', '55%', '100%']  memcached=200.9%
[monitor] ['60%', '74%', '55%', '100%']  memcached=189.5%
[monitor] ['62%', '77%', '55%', '100%']  memcached=194.5%
[monitor] ['70%', '82%', '59%', '100%']  memcached=210.7%
[monitor] ['66%', '75%', '55%', '100%']  memcached=195.8%
[monitor] ['61%', '73%', '48%', '100%']  memcached=182.2%
[monitor] ['66%', '76%', '53%', '100%']  memcached=194.7%
[monitor] ['65%', '75%', '60%', '100%']  memcached=199.5%
[monitor] ['71%', '81%', '59%', '100%']  memcached=210.5%
[monitor] ['72%', '86%', '61%', '100%']  memcached=220.0%
[monitor] ['61%', '71%', '55%', '100%']  memcached=187.6%
[monitor] ['63%', '71%', '46%', '100%']  memcached=180.1%
[monitor] ['66%', '73%', '57%', '100%']  memcached=195.0%
[monitor] ['66%', '77%', '53%', '100%']  memcached=196.1%
[monitor] ['65%', '73%', '52%', '100%']  memcached=189.3%
[monitor] ['66%', '68%', '55%', '100%']  memcached=188.5%
[monitor] ['73%', '81%', '57%', '100%']  memcached=209.9%
[monitor] ['62%', '72%', '57%', '100%']  memcached=191.0%
[monitor] ['61%', '72%', '50%', '100%']  memcached=183.5%
[monitor] ['65%', '71%', '54%', '100%']  memcached=188.7%
[monitor] ['62%', '75%', '53%', '100%']  memcached=190.8%
[monitor] ['66%', '74%', '55%', '100%']  memcached=194.7%
[monitor] ['71%', '79%', '61%', '100%']  memcached=211.7%
[monitor] ['62%', '76%', '54%', '100%']  memcached=192.1%
[monitor] ['62%', '71%', '48%', '100%']  memcached=181.2%
[monitor] ['66%', '75%', '55%', '100%']  memcached=195.8%
[monitor] ['35%', '23%', '23%', '100%']  memcached=81.2%
[MEMCACHED] cores updated to: ['0', '2']
[barnes] unpaused.
[barnes] cores updated to: [1, 3]
[blackscholes] paused.
[monitor] ['29%', '100%', '19%', '100%']  memcached=47.6%
[MEMCACHED] cores updated to: ['0']
[blackscholes] unpaused.
[blackscholes] cores updated to: [2]
[monitor] ['56%', '100%', '100%', '100%']  memcached=56.0%
[monitor] ['48%', '100%', '100%', '87%']  memcached=48.0%
[monitor] ['59%', '100%', '100%', '3%']  memcached=59.3%
[monitor] ['58%', '100%', '100%', '77%']  memcached=57.7%
[monitor] ['44%', '100%', '100%', '100%']  memcached=44.0%
[monitor] ['42%', '85%', '100%', '100%']  memcached=41.7%
[monitor] ['46%', '100%', '100%', '100%']  memcached=45.8%
[monitor] ['38%', '100%', '100%', '100%']  memcached=37.5%
[monitor] ['42%', '100%', '100%', '100%']  memcached=41.7%
[monitor] ['35%', '100%', '100%', '100%']  memcached=34.8%
[monitor] ['44%', '100%', '100%', '100%']  memcached=44.0%
[monitor] ['46%', '100%', '100%', '100%']  memcached=45.8%
[monitor] ['46%', '100%', '100%', '100%']  memcached=45.8%
[monitor] ['56%', '100%', '100%', '100%']  memcached=56.0%
[monitor] ['48%', '100%', '100%', '100%']  memcached=48.0%
[monitor] ['52%', '100%', '100%', '100%']  memcached=52.0%
[monitor] ['52%', '100%', '100%', '100%']  memcached=51.9%
[monitor] ['42%', '100%', '100%', '100%']  memcached=41.7%
[monitor] ['52%', '100%', '100%', '100%']  memcached=51.9%
[monitor] ['46%', '100%', '100%', '100%']  memcached=45.8%
[monitor] ['57%', '100%', '100%', '100%']  memcached=57.1%
[monitor] ['52%', '100%', '100%', '100%']  memcached=52.0%
[monitor] ['54%', '100%', '100%', '100%']  memcached=53.8%
[monitor] ['54%', '100%', '100%', '100%']  memcached=53.8%
[monitor] ['32%', '100%', '100%', '100%']  memcached=31.8%
[monitor] ['42%', '100%', '100%', '100%']  memcached=41.7%
[monitor] ['46%', '100%', '100%', '100%']  memcached=46.2%
[monitor] ['42%', '100%', '100%', '100%']  memcached=41.7%
[monitor] ['46%', '100%', '100%', '100%']  memcached=45.8%
[monitor] ['39%', '100%', '100%', '100%']  memcached=39.1%
[monitor] ['44%', '100%', '100%', '100%']  memcached=44.0%
[monitor] ['42%', '100%', '100%', '100%']  memcached=41.7%
[monitor] ['58%', '100%', '100%', '100%']  memcached=57.7%
[monitor] ['54%', '100%', '100%', '100%']  memcached=53.8%
[monitor] ['29%', '100%', '100%', '100%']  memcached=28.6%
[monitor] ['11%', '100%', '100%', '100%']  memcached=11.1%
[monitor] ['17%', '100%', '100%', '100%']  memcached=16.7%
[monitor] ['12%', '100%', '100%', '100%']  memcached=11.8%
[monitor] ['11%', '100%', '100%', '100%']  memcached=11.1%
[monitor] ['6%', '100%', '100%', '100%']  memcached=6.5%
[monitor] ['9%', '100%', '100%', '100%']  memcached=8.8%
[monitor] ['9%', '100%', '100%', '100%']  memcached=8.8%
[monitor] ['11%', '100%', '100%', '100%']  memcached=11.4%
[monitor] ['3%', '100%', '100%', '100%']  memcached=3.0%
[monitor] ['14%', '100%', '100%', '100%']  memcached=13.9%
[monitor] ['17%', '100%', '100%', '100%']  memcached=17.1%
[monitor] ['9%', '100%', '100%', '100%']  memcached=8.8%
[monitor] ['3%', '100%', '100%', '100%']  memcached=3.1%
[monitor] ['14%', '100%', '100%', '100%']  memcached=14.3%
[monitor] ['3%', '100%', '100%', '100%']  memcached=3.1%
[monitor] ['3%', '100%', '100%', '100%']  memcached=3.1%
[monitor] ['6%', '100%', '100%', '100%']  memcached=6.2%
[monitor] ['6%', '100%', '100%', '100%']  memcached=6.1%
[monitor] ['9%', '100%', '100%', '100%']  memcached=8.8%
[monitor] ['6%', '100%', '100%', '100%']  memcached=6.1%
[monitor] ['6%', '100%', '100%', '100%']  memcached=6.1%
[monitor] ['6%', '100%', '100%', '100%']  memcached=6.1%
[monitor] ['11%', '100%', '100%', '100%']  memcached=11.1%
[monitor] ['9%', '100%', '100%', '100%']  memcached=8.8%
[monitor] ['6%', '100%', '100%', '100%']  memcached=6.1%
[monitor] ['14%', '100%', '100%', '100%']  memcached=14.3%
[monitor] ['6%', '100%', '100%', '92%']  memcached=6.1%
[monitor] ['29%', '63%', '100%', '44%']  memcached=28.9%
[barnes] ended.
[blackscholes] cores updated to: [1, 2, 3]
[monitor] ['0%', '100%', '100%', '100%']  memcached=0.0%
[monitor] ['6%', '100%', '100%', '100%']  memcached=6.1%
[monitor] ['11%', '100%', '100%', '100%']  memcached=11.4%
[monitor] ['3%', '100%', '100%', '100%']  memcached=3.0%
[monitor] ['17%', '100%', '100%', '100%']  memcached=17.1%
[monitor] ['6%', '100%', '100%', '100%']  memcached=5.9%
[monitor] ['14%', '100%', '100%', '100%']  memcached=13.9%
[monitor] ['16%', '100%', '100%', '100%']  memcached=16.2%
[monitor] ['58%', '100%', '100%', '100%']  memcached=57.9%
[monitor] ['100%', '100%', '100%', '100%']  memcached=100.0%
[MEMCACHED] cores updated to: ['0', '1', '2']
[blackscholes] cores updated to: [3]
[monitor] ['52%', '55%', '32%', '100%']  memcached=138.3%
[MEMCACHED] cores updated to: ['0', '2']
[blackscholes] cores updated to: [1, 3]
[monitor] ['60%', '100%', '64%', '100%']  memcached=124.3%
[monitor] ['52%', '100%', '67%', '100%']  memcached=118.4%
[monitor] ['52%', '100%', '62%', '100%']  memcached=113.8%
[monitor] ['55%', '100%', '62%', '100%']  memcached=116.7%
[monitor] ['56%', '100%', '55%', '100%']  memcached=111.4%
[monitor] ['59%', '100%', '57%', '100%']  memcached=115.8%
[monitor] ['57%', '100%', '54%', '100%']  memcached=110.2%
[monitor] ['55%', '100%', '59%', '100%']  memcached=113.5%
[monitor] ['67%', '100%', '60%', '100%']  memcached=126.7%
[monitor] ['66%', '100%', '66%', '100%']  memcached=131.2%
[monitor] ['65%', '100%', '61%', '100%']  memcached=125.8%
[monitor] ['55%', '100%', '52%', '100%']  memcached=107.0%
[monitor] ['62%', '100%', '55%', '100%']  memcached=117.7%
[monitor] ['60%', '100%', '60%', '100%']  memcached=120.0%
[monitor] ['57%', '100%', '60%', '100%']  memcached=116.7%
[monitor] ['63%', '100%', '57%', '100%']  memcached=120.5%
[monitor] ['55%', '100%', '54%', '100%']  memcached=108.7%
[monitor] ['65%', '100%', '57%', '100%']  memcached=121.7%
[monitor] ['57%', '100%', '55%', '100%']  memcached=111.8%
[monitor] ['53%', '100%', '55%', '100%']  memcached=108.5%
[monitor] ['57%', '100%', '59%', '100%']  memcached=115.3%
[monitor] ['65%', '100%', '60%', '100%']  memcached=124.5%
[monitor] ['63%', '100%', '61%', '100%']  memcached=124.0%
[monitor] ['66%', '100%', '69%', '100%']  memcached=134.4%
[monitor] ['59%', '100%', '52%', '100%']  memcached=110.5%
[monitor] ['60%', '100%', '62%', '100%']  memcached=122.1%
[monitor] ['59%', '100%', '50%', '100%']  memcached=109.4%
[monitor] ['54%', '82%', '48%', '50%']  memcached=101.7%
[monitor] ['62%', '3%', '55%', '100%']  memcached=117.7%
[monitor] ['61%', '6%', '54%', '100%']  memcached=115.1%
[monitor] ['60%', '10%', '57%', '100%']  memcached=117.1%
[monitor] ['60%', '7%', '59%', '100%']  memcached=118.6%
[monitor] ['66%', '7%', '59%', '100%']  memcached=124.2%
[monitor] ['69%', '3%', '69%', '100%']  memcached=137.5%
[monitor] ['19%', '5%', '3%', '100%']  memcached=22.8%
[MEMCACHED] cores updated to: ['0']
[blackscholes] cores updated to: [1, 2, 3]
[monitor] ['7%', '6%', '5%', '100%']  memcached=6.7%
[monitor] ['9%', '3%', '0%', '100%']  memcached=9.4%
[monitor] ['6%', '3%', '3%', '100%']  memcached=6.2%
[monitor] ['6%', '3%', '0%', '100%']  memcached=6.2%
[monitor] ['13%', '15%', '8%', '90%']  memcached=13.3%
[blackscholes] ended.
[canneal] started on cores: [1, 2, 3] with 3 threads.
[monitor] ['10%', '21%', '42%', '51%']  memcached=9.7%
[monitor] ['3%', '8%', '45%', '55%']  memcached=3.2%
[monitor] ['3%', '3%', '0%', '100%']  memcached=3.4%
[monitor] ['3%', '3%', '0%', '100%']  memcached=3.3%
[monitor] ['3%', '0%', '0%', '100%']  memcached=3.4%
[monitor] ['6%', '3%', '3%', '100%']  memcached=6.5%
[monitor] ['9%', '0%', '0%', '100%']  memcached=9.4%
[monitor] ['10%', '5%', '0%', '98%']  memcached=9.7%
[monitor] ['3%', '100%', '3%', '0%']  memcached=3.3%
[monitor] ['3%', '100%', '0%', '3%']  memcached=3.3%
[monitor] ['9%', '100%', '0%', '0%']  memcached=9.4%
[monitor] ['6%', '100%', '3%', '3%']  memcached=6.2%
[monitor] ['6%', '100%', '3%', '0%']  memcached=6.5%
[monitor] ['3%', '10%', '3%', '93%']  memcached=3.3%
[monitor] ['50%', '16%', '0%', '100%']  memcached=50.0%
[monitor] ['3%', '0%', '3%', '100%']  memcached=3.2%
[monitor] ['6%', '0%', '0%', '100%']  memcached=6.5%
[monitor] ['3%', '7%', '0%', '100%']  memcached=3.3%
[monitor] ['3%', '0%', '3%', '100%']  memcached=3.3%
[monitor] ['6%', '0%', '3%', '100%']  memcached=6.5%
[monitor] ['0%', '0%', '0%', '100%']  memcached=0.0%
[monitor] ['9%', '3%', '0%', '100%']  memcached=9.4%
[monitor] ['9%', '3%', '0%', '100%']  memcached=9.4%
[monitor] ['3%', '3%', '0%', '100%']  memcached=3.3%
[monitor] ['3%', '3%', '0%', '100%']  memcached=3.4%
[monitor] ['6%', '0%', '0%', '100%']  memcached=6.2%
[monitor] ['30%', '3%', '3%', '100%']  memcached=30.0%
[monitor] ['38%', '0%', '3%', '100%']  memcached=37.5%
[monitor] ['46%', '12%', '43%', '100%']  memcached=46.2%
[monitor] ['42%', '6%', '3%', '100%']  memcached=41.7%
[monitor] ['48%', '3%', '0%', '100%']  memcached=48.0%
[monitor] ['57%', '0%', '0%', '100%']  memcached=57.1%
[monitor] ['69%', '6%', '3%', '100%']  memcached=69.0%
[monitor] ['61%', '3%', '3%', '100%']  memcached=61.3%
[monitor] ['48%', '3%', '0%', '100%']  memcached=48.0%
[monitor] ['54%', '6%', '0%', '100%']  memcached=53.8%
[monitor] ['54%', '3%', '0%', '100%']  memcached=53.6%
[monitor] ['50%', '6%', '3%', '100%']  memcached=50.0%
[monitor] ['57%', '6%', '3%', '100%']  memcached=57.1%
[monitor] ['44%', '3%', '0%', '100%']  memcached=44.0%
[monitor] ['75%', '12%', '6%', '100%']  memcached=75.0%
[monitor] ['50%', '3%', '0%', '100%']  memcached=50.0%
[monitor] ['54%', '6%', '3%', '100%']  memcached=53.6%
[monitor] ['48%', '0%', '0%', '100%']  memcached=48.0%
[monitor] ['46%', '3%', '0%', '100%']  memcached=45.8%
[monitor] ['67%', '3%', '0%', '100%']  memcached=66.7%
[monitor] ['48%', '3%', '0%', '100%']  memcached=48.1%
[monitor] ['46%', '3%', '0%', '100%']  memcached=45.8%
[monitor] ['54%', '0%', '5%', '100%']  memcached=53.8%
[monitor] ['46%', '6%', '3%', '100%']  memcached=46.2%
[monitor] ['50%', '3%', '0%', '100%']  memcached=50.0%
[monitor] ['42%', '0%', '0%', '100%']  memcached=41.7%
[monitor] ['44%', '6%', '5%', '100%']  memcached=44.0%
[monitor] ['42%', '0%', '3%', '100%']  memcached=42.3%
[monitor] ['48%', '3%', '0%', '100%']  memcached=48.0%
[monitor] ['44%', '3%', '3%', '100%']  memcached=44.0%
[monitor] ['42%', '0%', '0%', '100%']  memcached=42.3%
[monitor] ['42%', '6%', '5%', '100%']  memcached=41.7%
[monitor] ['46%', '0%', '0%', '100%']  memcached=46.2%
[monitor] ['48%', '3%', '3%', '100%']  memcached=48.0%
[monitor] ['46%', '3%', '0%', '100%']  memcached=46.2%
[monitor] ['44%', '0%', '0%', '100%']  memcached=44.0%
[monitor] ['44%', '6%', '0%', '100%']  memcached=44.0%
[monitor] ['41%', '3%', '0%', '100%']  memcached=40.7%
[monitor] ['7%', '19%', '0%', '85%']  memcached=7.1%
[monitor] ['0%', '3%', '5%', '100%']  memcached=0.0%
[monitor] ['7%', '0%', '0%', '100%']  memcached=7.4%
[monitor] ['4%', '3%', '0%', '100%']  memcached=3.7%
[monitor] ['11%', '0%', '0%', '100%']  memcached=10.7%
[monitor] ['7%', '0%', '3%', '100%']  memcached=7.4%
[monitor] ['4%', '3%', '0%', '100%']  memcached=3.8%
[monitor] ['7%', '0%', '0%', '100%']  memcached=7.4%
[monitor] ['11%', '0%', '0%', '100%']  memcached=10.7%
[monitor] ['4%', '0%', '3%', '100%']  memcached=3.8%
[monitor] ['7%', '5%', '0%', '100%']  memcached=7.4%
[monitor] ['7%', '3%', '3%', '100%']  memcached=7.1%
[monitor] ['7%', '0%', '3%', '100%']  memcached=7.4%
[monitor] ['7%', '0%', '5%', '100%']  memcached=7.4%
[monitor] ['4%', '0%', '0%', '100%']  memcached=3.7%
[monitor] ['8%', '3%', '0%', '100%']  memcached=7.7%
[monitor] ['10%', '3%', '0%', '100%']  memcached=10.3%
[monitor] ['4%', '0%', '3%', '100%']  memcached=3.6%
[monitor] ['11%', '5%', '0%', '100%']  memcached=10.7%
[monitor] ['7%', '0%', '0%', '100%']  memcached=6.9%
[monitor] ['4%', '79%', '5%', '24%']  memcached=3.7%
[monitor] ['7%', '100%', '3%', '0%']  memcached=7.1%
[monitor] ['0%', '100%', '0%', '0%']  memcached=0.0%
[monitor] ['7%', '100%', '5%', '5%']  memcached=7.4%
[monitor] ['4%', '100%', '0%', '0%']  memcached=3.8%
[monitor] ['11%', '100%', '3%', '0%']  memcached=10.7%
[monitor] ['0%', '100%', '5%', '0%']  memcached=0.0%
[monitor] ['7%', '100%', '0%', '0%']  memcached=7.4%
[monitor] ['4%', '100%', '7%', '5%']  memcached=3.7%
[monitor] ['4%', '100%', '0%', '0%']  memcached=3.6%
[monitor] ['7%', '100%', '3%', '0%']  memcached=7.1%
[monitor] ['0%', '100%', '3%', '0%']  memcached=0.0%
[monitor] ['10%', '100%', '5%', '3%']  memcached=10.3%
[monitor] ['4%', '100%', '3%', '0%']  memcached=3.7%
[monitor] ['0%', '100%', '3%', '0%']  memcached=0.0%
[monitor] ['4%', '100%', '3%', '3%']  memcached=3.7%
[monitor] ['20%', '100%', '3%', '3%']  memcached=20.0%
[monitor] ['100%', '100%', '5%', '0%']  memcached=100.0%
[MEMCACHED] cores updated to: ['0', '1', '2']
[canneal] cores updated to: [3]
[monitor] ['83%', '89%', '62%', '100%']  memcached=234.9%
[monitor] ['73%', '100%', '66%', '100%']  memcached=238.4%
[monitor] ['62%', '78%', '48%', '100%']  memcached=188.6%
[monitor] ['68%', '83%', '61%', '100%']  memcached=212.3%
[monitor] ['68%', '86%', '50%', '100%']  memcached=204.2%
[monitor] ['67%', '81%', '59%', '100%']  memcached=206.4%
[monitor] ['67%', '81%', '56%', '100%']  memcached=203.5%
[monitor] ['66%', '80%', '55%', '100%']  memcached=200.8%
[monitor] ['68%', '78%', '52%', '100%']  memcached=197.2%
[monitor] ['63%', '78%', '50%', '100%']  memcached=191.1%
[monitor] ['66%', '77%', '55%', '100%']  memcached=197.9%
[monitor] ['62%', '82%', '55%', '100%']  memcached=198.9%
[monitor] ['70%', '80%', '52%', '100%']  memcached=201.4%
[monitor] ['66%', '77%', '57%', '100%']  memcached=199.4%
[monitor] ['78%', '83%', '69%', '100%']  memcached=229.9%
[monitor] ['66%', '82%', '54%', '100%']  memcached=201.2%
[monitor] ['68%', '81%', '58%', '100%']  memcached=206.8%
[monitor] ['67%', '83%', '53%', '100%']  memcached=202.9%
[monitor] ['60%', '78%', '55%', '100%']  memcached=193.0%
[monitor] ['66%', '86%', '50%', '100%']  memcached=201.7%
[monitor] ['64%', '76%', '56%', '100%']  memcached=195.6%
[monitor] ['66%', '78%', '52%', '100%']  memcached=195.1%
[monitor] ['62%', '74%', '55%', '100%']  memcached=190.6%
[monitor] ['66%', '81%', '54%', '100%']  memcached=199.8%
[monitor] ['77%', '81%', '62%', '100%']  memcached=220.2%
[monitor] ['69%', '84%', '55%', '100%']  memcached=207.6%
[monitor] ['73%', '84%', '60%', '100%']  memcached=216.5%
[monitor] ['67%', '84%', '57%', '100%']  memcached=207.1%
[monitor] ['69%', '84%', '58%', '100%']  memcached=211.0%
[monitor] ['71%', '83%', '57%', '100%']  memcached=210.6%
[monitor] ['74%', '89%', '58%', '100%']  memcached=221.1%
[monitor] ['68%', '83%', '55%', '100%']  memcached=205.9%
[monitor] ['65%', '85%', '50%', '100%']  memcached=199.3%
[monitor] ['70%', '89%', '58%', '100%']  memcached=217.0%
[monitor] ['65%', '77%', '53%', '100%']  memcached=195.2%
[monitor] ['53%', '63%', '44%', '100%']  memcached=159.7%
[MEMCACHED] cores updated to: ['0', '2']
[canneal] cores updated to: [1, 3]
[monitor] ['9%', '56%', '6%', '47%']  memcached=14.3%
[MEMCACHED] cores updated to: ['0']
[canneal] cores updated to: [1, 2, 3]
[monitor] ['6%', '100%', '5%', '3%']  memcached=6.2%
[monitor] ['6%', '98%', '39%', '42%']  memcached=6.2%
[monitor] ['19%', '98%', '93%', '98%']  memcached=19.4%
[monitor] ['12%', '98%', '95%', '95%']  memcached=12.5%
[monitor] ['12%', '100%', '90%', '100%']  memcached=11.8%
[monitor] ['9%', '98%', '95%', '98%']  memcached=9.4%
[monitor] ['12%', '100%', '85%', '100%']  memcached=11.8%
[monitor] ['15%', '95%', '95%', '95%']  memcached=15.2%
[monitor] ['15%', '100%', '92%', '98%']  memcached=14.7%
[monitor] ['24%', '90%', '92%', '88%']  memcached=23.5%
[monitor] ['12%', '95%', '95%', '95%']  memcached=12.1%
[monitor] ['19%', '100%', '93%', '100%']  memcached=19.4%
[monitor] ['12%', '98%', '95%', '98%']  memcached=12.5%
[monitor] ['9%', '100%', '95%', '98%']  memcached=9.4%
[monitor] ['9%', '100%', '92%', '100%']  memcached=9.1%
[monitor] ['12%', '95%', '93%', '95%']  memcached=12.5%
[monitor] ['12%', '98%', '95%', '97%']  memcached=12.1%
[monitor] ['13%', '98%', '90%', '97%']  memcached=12.9%
[monitor] ['21%', '97%', '95%', '97%']  memcached=21.1%
[monitor] ['16%', '87%', '97%', '85%']  memcached=16.1%
[monitor] ['12%', '100%', '93%', '100%']  memcached=11.8%
[monitor] ['17%', '100%', '92%', '98%']  memcached=17.1%
[monitor] ['12%', '95%', '98%', '95%']  memcached=12.5%
[monitor] ['15%', '98%', '92%', '98%']  memcached=14.7%
[monitor] ['15%', '100%', '92%', '100%']  memcached=14.7%
[monitor] ['18%', '98%', '92%', '98%']  memcached=18.2%
[monitor] ['12%', '100%', '90%', '98%']  memcached=12.1%
[monitor] ['15%', '98%', '92%', '98%']  memcached=15.2%
[monitor] ['15%', '98%', '93%', '98%']  memcached=14.7%
[monitor] ['17%', '100%', '95%', '100%']  memcached=17.1%
[monitor] ['9%', '100%', '92%', '98%']  memcached=9.4%
[monitor] ['17%', '98%', '92%', '100%']  memcached=16.7%
[monitor] ['12%', '97%', '98%', '93%']  memcached=12.5%
[monitor] ['15%', '100%', '88%', '100%']  memcached=15.2%
[monitor] ['16%', '88%', '95%', '89%']  memcached=15.6%
[monitor] ['12%', '100%', '92%', '97%']  memcached=12.5%
[monitor] ['11%', '98%', '92%', '98%']  memcached=10.7%
[monitor] ['4%', '95%', '95%', '92%']  memcached=4.0%
[monitor] ['17%', '95%', '88%', '95%']  memcached=16.7%
[monitor] ['11%', '100%', '90%', '100%']  memcached=10.7%
[monitor] ['0%', '98%', '95%', '98%']  memcached=0.0%
[monitor] ['11%', '100%', '90%', '98%']  memcached=10.7%
[monitor] ['14%', '100%', '90%', '100%']  memcached=13.8%
[monitor] ['19%', '100%', '78%', '98%']  memcached=19.4%
[monitor] ['12%', '90%', '92%', '88%']  memcached=11.5%
[monitor] ['4%', '92%', '100%', '92%']  memcached=4.0%
[monitor] ['10%', '98%', '88%', '98%']  memcached=10.3%
[monitor] ['14%', '98%', '90%', '95%']  memcached=14.3%
[monitor] ['11%', '98%', '95%', '98%']  memcached=11.1%
[monitor] ['18%', '90%', '97%', '88%']  memcached=17.9%
[monitor] ['11%', '98%', '92%', '98%']  memcached=11.1%
[monitor] ['11%', '98%', '92%', '98%']  memcached=11.1%
[monitor] ['14%', '98%', '95%', '98%']  memcached=13.8%
[monitor] ['4%', '100%', '92%', '98%']  memcached=3.8%
[monitor] ['7%', '100%', '92%', '98%']  memcached=7.1%
[monitor] ['7%', '98%', '92%', '100%']  memcached=7.4%
[monitor] ['15%', '100%', '79%', '97%']  memcached=14.8%
[monitor] ['14%', '100%', '95%', '100%']  memcached=13.8%
[monitor] ['17%', '98%', '92%', '98%']  memcached=16.7%
[monitor] ['14%', '98%', '92%', '98%']  memcached=14.3%
[monitor] ['7%', '98%', '95%', '98%']  memcached=7.1%
[monitor] ['7%', '100%', '90%', '98%']  memcached=7.4%
[monitor] ['7%', '100%', '92%', '98%']  memcached=7.4%
[monitor] ['17%', '95%', '95%', '95%']  memcached=17.2%
[monitor] ['23%', '95%', '92%', '95%']  memcached=23.3%
[monitor] ['0%', '98%', '93%', '98%']  memcached=0.0%
[monitor] ['11%', '100%', '95%', '98%']  memcached=10.7%
[monitor] ['14%', '98%', '95%', '98%']  memcached=13.8%
[monitor] ['0%', '100%', '90%', '100%']  memcached=0.0%
[monitor] ['7%', '98%', '95%', '98%']  memcached=7.1%
[monitor] ['14%', '100%', '92%', '98%']  memcached=13.8%
[monitor] ['17%', '98%', '95%', '98%']  memcached=16.7%
[monitor] ['31%', '100%', '90%', '100%']  memcached=31.2%
[monitor] ['100%', '100%', '85%', '95%']  memcached=100.0%
[MEMCACHED] cores updated to: ['0', '1', '3']
[canneal] cores updated to: [2]
[monitor] ['76%', '89%', '100%', '89%']  memcached=254.1%
[monitor] ['53%', '65%', '100%', '64%']  memcached=181.5%
[monitor] ['59%', '71%', '100%', '69%']  memcached=198.7%
[monitor] ['58%', '67%', '100%', '63%']  memcached=188.1%
[monitor] ['55%', '62%', '100%', '58%']  memcached=175.4%
[monitor] ['50%', '61%', '100%', '60%']  memcached=171.3%
[monitor] ['59%', '66%', '100%', '64%']  memcached=188.6%
[monitor] ['53%', '64%', '100%', '62%']  memcached=179.5%
[monitor] ['64%', '70%', '100%', '66%']  memcached=199.0%
[monitor] ['50%', '65%', '100%', '61%']  memcached=175.8%
[monitor] ['53%', '64%', '100%', '65%']  memcached=181.7%
[monitor] ['52%', '65%', '100%', '58%']  memcached=174.4%
[monitor] ['53%', '64%', '100%', '61%']  memcached=178.3%
[monitor] ['58%', '65%', '100%', '62%']  memcached=185.1%
[monitor] ['57%', '70%', '100%', '61%']  memcached=188.2%
[monitor] ['53%', '67%', '100%', '62%']  memcached=182.5%
[monitor] ['59%', '65%', '100%', '62%']  memcached=186.0%
[monitor] ['55%', '64%', '100%', '60%']  memcached=178.5%
[monitor] ['59%', '66%', '100%', '66%']  memcached=190.7%
[monitor] ['62%', '66%', '100%', '61%']  memcached=189.4%
[monitor] ['55%', '64%', '100%', '61%']  memcached=179.8%
[monitor] ['61%', '65%', '100%', '66%']  memcached=190.7%
[monitor] ['57%', '69%', '100%', '67%']  memcached=191.9%
[monitor] ['53%', '66%', '100%', '64%']  memcached=182.6%
[monitor] ['55%', '65%', '100%', '61%']  memcached=180.3%
[monitor] ['55%', '68%', '100%', '69%']  memcached=191.2%
[monitor] ['61%', '71%', '100%', '65%']  memcached=196.4%
[monitor] ['61%', '74%', '100%', '68%']  memcached=203.3%
[monitor] ['61%', '65%', '100%', '61%']  memcached=187.3%
[monitor] ['55%', '61%', '100%', '60%']  memcached=176.1%
[monitor] ['65%', '73%', '100%', '69%']  memcached=206.2%
[monitor] ['58%', '65%', '100%', '61%']  memcached=183.9%
[monitor] ['56%', '64%', '100%', '63%']  memcached=183.2%
[monitor] ['52%', '67%', '100%', '65%']  memcached=182.9%
[monitor] ['57%', '66%', '100%', '62%']  memcached=184.9%
[monitor] ['36%', '44%', '100%', '45%']  memcached=125.6%
[MEMCACHED] cores updated to: ['0', '3']
[canneal] cores updated to: [1, 2]
[monitor] ['15%', '98%', '95%', '5%']  memcached=20.0%
[MEMCACHED] cores updated to: ['0']
[canneal] cores updated to: [1, 2, 3]
[monitor] ['18%', '98%', '93%', '98%']  memcached=17.9%
[monitor] ['8%', '100%', '92%', '98%']  memcached=8.3%
[monitor] ['18%', '100%', '95%', '100%']  memcached=17.5%
[monitor] ['13%', '98%', '92%', '100%']  memcached=13.2%
[monitor] ['18%', '100%', '95%', '98%']  memcached=17.5%
[monitor] ['13%', '100%', '92%', '100%']  memcached=13.2%
[monitor] ['15%', '98%', '95%', '98%']  memcached=15.4%
[monitor] ['16%', '100%', '88%', '100%']  memcached=15.8%
[monitor] ['18%', '98%', '92%', '98%']  memcached=17.5%
[monitor] ['9%', '100%', '95%', '97%']  memcached=8.6%
[monitor] ['18%', '100%', '95%', '100%']  memcached=17.5%
[monitor] ['11%', '98%', '95%', '98%']  memcached=10.8%
[monitor] ['11%', '98%', '92%', '98%']  memcached=11.1%
[monitor] ['14%', '100%', '95%', '100%']  memcached=13.5%
[monitor] ['18%', '100%', '92%', '98%']  memcached=17.5%
[monitor] ['13%', '98%', '92%', '100%']  memcached=13.2%
[monitor] ['16%', '100%', '98%', '98%']  memcached=15.8%
[monitor] ['20%', '88%', '98%', '88%']  memcached=20.0%
[monitor] ['16%', '98%', '95%', '100%']  memcached=15.8%
[monitor] ['16%', '100%', '92%', '98%']  memcached=15.8%
[monitor] ['6%', '90%', '100%', '92%']  memcached=5.9%
[monitor] ['8%', '100%', '98%', '97%']  memcached=8.3%
[monitor] ['14%', '98%', '95%', '100%']  memcached=13.5%
[monitor] ['9%', '100%', '92%', '98%']  memcached=8.6%
[monitor] ['20%', '98%', '90%', '98%']  memcached=19.5%
[monitor] ['14%', '100%', '92%', '100%']  memcached=13.5%
[monitor] ['23%', '100%', '90%', '98%']  memcached=23.3%
[monitor] ['20%', '98%', '92%', '100%']  memcached=20.0%
[monitor] ['18%', '100%', '95%', '98%']  memcached=17.5%
[monitor] ['21%', '100%', '88%', '100%']  memcached=21.4%
[monitor] ['20%', '98%', '95%', '98%']  memcached=19.5%
[monitor] ['18%', '100%', '85%', '100%']  memcached=17.9%
[monitor] ['20%', '98%', '90%', '100%']  memcached=19.5%
[monitor] ['13%', '100%', '93%', '98%']  memcached=13.2%
[monitor] ['15%', '100%', '92%', '100%']  memcached=15.4%
[monitor] ['31%', '98%', '95%', '98%']  memcached=30.6%
[monitor] ['90%', '100%', '90%', '98%']  memcached=90.0%
[MEMCACHED] cores updated to: ['0', '2']
[canneal] cores updated to: [1, 3]
[monitor] ['45%', '100%', '44%', '97%']  memcached=89.3%
[monitor] ['38%', '98%', '42%', '100%']  memcached=80.8%
[monitor] ['45%', '100%', '46%', '95%']  memcached=91.0%
[monitor] ['41%', '97%', '41%', '97%']  memcached=81.5%
[monitor] ['46%', '98%', '44%', '98%']  memcached=90.9%
[monitor] ['45%', '100%', '38%', '97%']  memcached=83.3%
[monitor] ['41%', '98%', '36%', '95%']  memcached=76.7%
[MEMCACHED] cores updated to: ['0']
[canneal] cores updated to: [1, 2, 3]
[monitor] ['89%', '100%', '85%', '98%']  memcached=89.2%
[MEMCACHED] cores updated to: ['0', '3']
[canneal] cores updated to: [1, 2]
[monitor] ['50%', '95%', '95%', '59%']  memcached=108.6%
[monitor] ['45%', '98%', '92%', '55%']  memcached=100.0%
[monitor] ['44%', '95%', '97%', '48%']  memcached=92.7%
[monitor] ['45%', '95%', '95%', '50%']  memcached=94.8%
[monitor] ['38%', '95%', '92%', '48%']  memcached=86.6%
[monitor] ['46%', '100%', '92%', '46%']  memcached=92.9%
[monitor] ['44%', '97%', '92%', '53%']  memcached=97.8%
[monitor] ['43%', '95%', '92%', '47%']  memcached=89.5%
[monitor] ['43%', '97%', '95%', '42%']  memcached=85.2%
[monitor] ['46%', '95%', '93%', '52%']  memcached=98.0%
[monitor] ['50%', '97%', '95%', '50%']  memcached=100.0%
[monitor] ['42%', '97%', '92%', '52%']  memcached=93.9%
[monitor] ['32%', '98%', '95%', '42%']  memcached=74.3%
[MEMCACHED] cores updated to: ['0']
[canneal] cores updated to: [1, 2, 3]
[monitor] ['92%', '100%', '82%', '98%']  memcached=92.3%
[MEMCACHED] cores updated to: ['0', '1']
[canneal] cores updated to: [2, 3]
[monitor] ['57%', '58%', '95%', '97%']  memcached=114.2%
[monitor] ['43%', '48%', '90%', '98%']  memcached=91.1%
[monitor] ['45%', '55%', '95%', '95%']  memcached=100.0%
[monitor] ['38%', '48%', '92%', '98%']  memcached=86.7%
[monitor] ['48%', '56%', '98%', '92%']  memcached=104.6%
[monitor] ['43%', '52%', '95%', '98%']  memcached=94.5%
[monitor] ['38%', '46%', '92%', '97%']  memcached=84.9%
[monitor] ['43%', '43%', '92%', '95%']  memcached=86.2%
[monitor] ['50%', '47%', '90%', '100%']  memcached=96.7%
[monitor] ['44%', '47%', '95%', '98%']  memcached=91.1%
[monitor] ['45%', '45%', '95%', '90%']  memcached=90.0%
[monitor] ['48%', '47%', '92%', '97%']  memcached=94.9%
[monitor] ['41%', '40%', '90%', '98%']  memcached=81.4%
[monitor] ['15%', '10%', '95%', '95%']  memcached=24.8%
[MEMCACHED] cores updated to: ['0']
[canneal] cores updated to: [1, 2, 3]
[monitor] ['15%', '100%', '93%', '98%']  memcached=14.8%
[monitor] ['8%', '98%', '95%', '98%']  memcached=8.0%
[monitor] ['4%', '100%', '95%', '98%']  memcached=4.2%
[monitor] ['12%', '100%', '90%', '98%']  memcached=12.0%
[monitor] ['16%', '97%', '92%', '97%']  memcached=16.0%
[monitor] ['35%', '77%', '90%', '77%']  memcached=34.6%
[monitor] ['4%', '97%', '95%', '95%']  memcached=4.3%
[monitor] ['18%', '100%', '90%', '98%']  memcached=17.9%
[monitor] ['12%', '98%', '90%', '100%']  memcached=12.0%
[monitor] ['15%', '100%', '85%', '97%']  memcached=15.4%
[monitor] ['8%', '98%', '92%', '98%']  memcached=8.0%
[monitor] ['16%', '95%', '90%', '95%']  memcached=16.0%
[monitor] ['14%', '100%', '92%', '98%']  memcached=14.3%
[monitor] ['19%', '100%', '92%', '98%']  memcached=19.2%
[monitor] ['8%', '100%', '92%', '98%']  memcached=8.0%
[monitor] ['15%', '100%', '85%', '98%']  memcached=14.8%
[monitor] ['8%', '100%', '92%', '100%']  memcached=8.0%
[monitor] ['12%', '98%', '87%', '98%']  memcached=11.5%
[monitor] ['12%', '100%', '92%', '98%']  memcached=11.5%
[monitor] ['15%', '100%', '92%', '100%']  memcached=15.4%
[monitor] ['4%', '98%', '92%', '98%']  memcached=4.2%
[monitor] ['12%', '100%', '90%', '100%']  memcached=11.5%
[monitor] ['8%', '100%', '95%', '98%']  memcached=8.3%
[monitor] ['12%', '98%', '92%', '98%']  memcached=11.5%
[monitor] ['4%', '100%', '92%', '100%']  memcached=4.2%
[monitor] ['11%', '100%', '95%', '98%']  memcached=11.1%
[monitor] ['8%', '100%', '92%', '100%']  memcached=8.0%
[monitor] ['11%', '98%', '92%', '98%']  memcached=11.1%
[monitor] ['8%', '100%', '92%', '100%']  memcached=7.7%
[monitor] ['4%', '100%', '92%', '97%']  memcached=4.3%
[monitor] ['8%', '98%', '95%', '98%']  memcached=7.7%
[monitor] ['8%', '100%', '92%', '98%']  memcached=8.0%
[monitor] ['8%', '98%', '95%', '98%']  memcached=8.0%
[monitor] ['12%', '100%', '95%', '98%']  memcached=11.5%
[monitor] ['12%', '98%', '88%', '98%']  memcached=11.5%
[monitor] ['19%', '100%', '90%', '98%']  memcached=18.5%
[monitor] ['100%', '100%', '85%', '98%']  memcached=100.0%
[MEMCACHED] cores updated to: ['0', '2', '3']
[canneal] cores updated to: [1]
[monitor] ['89%', '100%', '86%', '100%']  memcached=274.7%
[monitor] ['68%', '100%', '62%', '80%']  memcached=210.1%
[monitor] ['68%', '100%', '59%', '81%']  memcached=206.9%
[monitor] ['67%', '100%', '57%', '79%']  memcached=202.1%
[monitor] ['66%', '100%', '60%', '80%']  memcached=205.6%
[monitor] ['69%', '100%', '59%', '81%']  memcached=207.9%
[monitor] ['62%', '100%', '52%', '76%']  memcached=190.0%
[monitor] ['75%', '100%', '60%', '78%']  memcached=213.4%
[monitor] ['68%', '100%', '57%', '80%']  memcached=204.9%
[monitor] ['69%', '100%', '58%', '84%']  memcached=211.0%
[monitor] ['72%', '100%', '60%', '81%']  memcached=213.0%
[monitor] ['67%', '100%', '52%', '80%']  memcached=198.4%
[monitor] ['69%', '100%', '61%', '81%']  memcached=211.1%
[monitor] ['61%', '100%', '54%', '73%']  memcached=187.6%
[monitor] ['63%', '100%', '55%', '77%']  memcached=195.6%
[monitor] ['66%', '100%', '59%', '76%']  memcached=200.0%
[monitor] ['70%', '100%', '57%', '81%']  memcached=207.4%
[monitor] ['69%', '100%', '59%', '81%']  memcached=207.9%
[monitor] ['70%', '100%', '58%', '76%']  memcached=204.2%
[monitor] ['66%', '100%', '54%', '72%']  memcached=191.1%
[monitor] ['67%', '100%', '57%', '77%']  memcached=200.5%
[monitor] ['69%', '100%', '53%', '77%']  memcached=199.0%
[monitor] ['65%', '100%', '58%', '77%']  memcached=199.7%
[monitor] ['70%', '100%', '57%', '77%']  memcached=203.5%
[monitor] ['70%', '100%', '52%', '74%']  memcached=195.8%
[monitor] ['63%', '100%', '57%', '76%']  memcached=196.5%
[monitor] ['70%', '100%', '59%', '82%']  memcached=211.0%
[monitor] ['70%', '100%', '57%', '80%']  memcached=206.8%
[monitor] ['72%', '100%', '61%', '82%']  memcached=214.4%
[monitor] ['70%', '100%', '57%', '76%']  memcached=202.1%
[monitor] ['69%', '100%', '58%', '76%']  memcached=202.3%
[monitor] ['73%', '100%', '63%', '86%']  memcached=222.2%
[monitor] ['68%', '100%', '56%', '80%']  memcached=203.2%
[monitor] ['73%', '100%', '62%', '78%']  memcached=213.0%
[monitor] ['74%', '100%', '66%', '81%']  memcached=219.7%
[monitor] ['61%', '100%', '52%', '67%']  memcached=179.4%
[monitor] ['23%', '100%', '9%', '7%']  memcached=39.1%
[MEMCACHED] cores updated to: ['0']
[canneal] cores updated to: [3, 1, 2]
[monitor] ['38%', '100%', '90%', '98%']  memcached=37.5%
[monitor] ['44%', '100%', '90%', '97%']  memcached=44.0%
[monitor] ['36%', '100%', '95%', '100%']  memcached=36.0%
[monitor] ['38%', '100%', '90%', '100%']  memcached=38.5%
[monitor] ['42%', '98%', '90%', '98%']  memcached=42.3%
[monitor] ['38%', '100%', '95%', '98%']  memcached=37.5%
[monitor] ['46%', '100%', '90%', '98%']  memcached=46.2%
[monitor] ['50%', '98%', '93%', '95%']  memcached=50.0%
[monitor] ['42%', '100%', '92%', '100%']  memcached=42.3%
[monitor] ['44%', '97%', '92%', '98%']  memcached=44.0%
[monitor] ['55%', '97%', '92%', '95%']  memcached=55.2%
[monitor] ['38%', '98%', '90%', '95%']  memcached=37.5%
[monitor] ['40%', '100%', '92%', '100%']  memcached=40.0%
[monitor] ['50%', '92%', '95%', '92%']  memcached=50.0%
[monitor] ['30%', '100%', '90%', '95%']  memcached=30.4%
[monitor] ['40%', '98%', '92%', '98%']  memcached=40.0%
[monitor] ['40%', '100%', '92%', '98%']  memcached=40.0%
[monitor] ['35%', '100%', '92%', '98%']  memcached=34.8%
[monitor] ['33%', '98%', '93%', '97%']  memcached=33.3%
[monitor] ['42%', '98%', '95%', '98%']  memcached=42.3%
[monitor] ['46%', '97%', '88%', '95%']  memcached=45.8%
[monitor] ['38%', '95%', '95%', '98%']  memcached=38.5%
[monitor] ['33%', '100%', '92%', '98%']  memcached=33.3%
[monitor] ['40%', '95%', '95%', '95%']  memcached=40.0%
[monitor] ['36%', '98%', '93%', '95%']  memcached=36.0%
[monitor] ['48%', '100%', '97%', '95%']  memcached=48.0%
[monitor] ['36%', '98%', '95%', '98%']  memcached=36.0%
[monitor] ['48%', '100%', '90%', '97%']  memcached=48.1%
[monitor] ['29%', '98%', '92%', '98%']  memcached=28.6%
[monitor] ['33%', '100%', '93%', '97%']  memcached=33.3%
[monitor] ['36%', '98%', '92%', '97%']  memcached=36.0%
[monitor] ['40%', '100%', '92%', '95%']  memcached=40.0%
[monitor] ['33%', '98%', '92%', '100%']  memcached=33.3%
[monitor] ['36%', '100%', '92%', '97%']  memcached=36.0%
[monitor] ['39%', '100%', '84%', '95%']  memcached=39.1%
[monitor] ['55%', '98%', '80%', '92%']  memcached=55.2%
[monitor] ['100%', '98%', '42%', '57%']  memcached=100.0%
[MEMCACHED] cores updated to: ['0', '1', '3']
[canneal] cores updated to: [2]
[monitor] ['43%', '52%', '100%', '46%']  memcached=141.4%
[MEMCACHED] cores updated to: ['0', '3']
[canneal] cores updated to: [1, 2]
[monitor] ['74%', '100%', '3%', '84%']  memcached=157.3%
[monitor] ['65%', '100%', '8%', '74%']  memcached=138.0%
[monitor] ['73%', '100%', '11%', '84%']  memcached=156.5%
[monitor] ['65%', '100%', '3%', '80%']  memcached=144.5%
[monitor] ['71%', '100%', '6%', '76%']  memcached=147.1%
[monitor] ['74%', '100%', '8%', '83%']  memcached=156.9%
[monitor] ['69%', '100%', '11%', '81%']  memcached=149.3%
[monitor] ['83%', '79%', '54%', '89%']  memcached=172.5%
[MEMCACHED] cores updated to: ['0', '2', '3']
[canneal] cores updated to: [1]
[monitor] ['61%', '100%', '56%', '68%']  memcached=184.5%
[monitor] ['55%', '100%', '48%', '65%']  memcached=167.8%
[monitor] ['53%', '100%', '50%', '62%']  memcached=165.6%
[monitor] ['65%', '100%', '53%', '69%']  memcached=186.8%
[monitor] ['50%', '100%', '39%', '59%']  memcached=148.1%
[MEMCACHED] cores updated to: ['0', '3']
[canneal] cores updated to: [2, 1]
[monitor] ['72%', '100%', '9%', '85%']  memcached=157.2%
[monitor] ['74%', '100%', '6%', '86%']  memcached=160.0%
[monitor] ['72%', '100%', '9%', '79%']  memcached=150.7%
[monitor] ['68%', '100%', '8%', '76%']  memcached=144.2%
[monitor] ['67%', '100%', '6%', '77%']  memcached=143.8%
[monitor] ['69%', '100%', '9%', '79%']  memcached=147.5%
[monitor] ['69%', '100%', '6%', '83%']  memcached=151.6%
[monitor] ['65%', '100%', '11%', '79%']  memcached=143.9%
[monitor] ['67%', '100%', '6%', '83%']  memcached=150.0%
[monitor] ['68%', '100%', '6%', '82%']  memcached=150.1%
[monitor] ['71%', '100%', '11%', '80%']  memcached=151.4%
[monitor] ['73%', '100%', '11%', '81%']  memcached=153.3%
[monitor] ['73%', '100%', '9%', '76%']  memcached=149.2%
[monitor] ['66%', '100%', '8%', '76%']  memcached=142.1%
[monitor] ['65%', '100%', '3%', '76%']  memcached=140.3%
[monitor] ['65%', '100%', '3%', '74%']  memcached=138.8%
[monitor] ['67%', '100%', '8%', '77%']  memcached=143.8%
[monitor] ['79%', '85%', '41%', '83%']  memcached=162.1%
[canneal] ended.
[freqmine] started on cores: [1, 2] with 3 threads.
[monitor] ['74%', '73%', '50%', '77%']  memcached=151.3%
[monitor] ['71%', '71%', '55%', '76%']  memcached=147.1%
[monitor] ['79%', '26%', '98%', '76%']  memcached=155.3%
[monitor] ['67%', '95%', '19%', '77%']  memcached=143.8%
[monitor] ['66%', '100%', '8%', '76%']  memcached=142.1%
[monitor] ['72%', '100%', '9%', '86%']  memcached=158.4%
[monitor] ['68%', '100%', '8%', '76%']  memcached=143.4%
[monitor] ['68%', '100%', '6%', '77%']  memcached=144.9%
[monitor] ['71%', '100%', '11%', '80%']  memcached=151.0%
[monitor] ['68%', '100%', '6%', '80%']  memcached=147.7%
[monitor] ['68%', '100%', '6%', '81%']  memcached=148.2%
[monitor] ['82%', '100%', '85%', '95%']  memcached=177.1%
[MEMCACHED] cores updated to: ['0', '1', '3']
[freqmine] cores updated to: [2]
[monitor] ['59%', '69%', '100%', '65%']  memcached=192.7%
[monitor] ['61%', '65%', '100%', '64%']  memcached=189.6%
[monitor] ['58%', '71%', '100%', '61%']  memcached=189.9%
[monitor] ['67%', '65%', '100%', '68%']  memcached=199.1%
[monitor] ['52%', '67%', '100%', '62%']  memcached=180.0%
[monitor] ['52%', '58%', '100%', '61%']  memcached=171.0%
[monitor] ['55%', '67%', '100%', '66%']  memcached=187.1%
[monitor] ['55%', '64%', '100%', '61%']  memcached=179.8%
[monitor] ['56%', '68%', '100%', '62%']  memcached=186.4%
[monitor] ['58%', '70%', '100%', '67%']  memcached=194.4%
[monitor] ['52%', '58%', '100%', '57%']  memcached=166.2%
[monitor] ['55%', '71%', '100%', '67%']  memcached=192.1%
[monitor] ['50%', '65%', '100%', '61%']  memcached=175.8%
[monitor] ['53%', '59%', '100%', '59%']  memcached=171.9%
[monitor] ['55%', '58%', '100%', '59%']  memcached=172.3%
[monitor] ['50%', '62%', '100%', '55%']  memcached=167.7%
[monitor] ['64%', '75%', '100%', '74%']  memcached=212.9%
[monitor] ['50%', '70%', '100%', '97%']  memcached=216.5%
[monitor] ['79%', '85%', '100%', '62%']  memcached=226.1%
[monitor] ['85%', '71%', '100%', '69%']  memcached=225.0%
[monitor] ['48%', '65%', '100%', '62%']  memcached=174.6%
[monitor] ['61%', '71%', '100%', '65%']  memcached=195.9%
[monitor] ['52%', '65%', '100%', '57%']  memcached=173.0%
[monitor] ['48%', '66%', '100%', '57%']  memcached=170.6%
[monitor] ['48%', '68%', '100%', '64%']  memcached=179.7%
[monitor] ['48%', '61%', '100%', '59%']  memcached=168.9%
[monitor] ['50%', '59%', '100%', '55%']  memcached=163.8%
[monitor] ['28%', '38%', '100%', '34%']  memcached=100.0%
[MEMCACHED] cores updated to: ['0', '3']
[freqmine] cores updated to: [1, 2]
[monitor] ['48%', '100%', '100%', '52%']  memcached=99.9%
[monitor] ['45%', '100%', '100%', '52%']  memcached=96.4%
[monitor] ['47%', '100%', '100%', '47%']  memcached=93.3%
[monitor] ['52%', '100%', '100%', '45%']  memcached=96.6%
[monitor] ['37%', '100%', '100%', '48%']  memcached=85.3%
[monitor] ['41%', '100%', '100%', '46%']  memcached=87.8%
[monitor] ['30%', '100%', '100%', '39%']  memcached=68.9%
[MEMCACHED] cores updated to: ['0']
[freqmine] cores updated to: [1, 2, 3]
[monitor] ['95%', '100%', '100%', '100%']  memcached=94.9%
[MEMCACHED] cores updated to: ['0', '2']
[freqmine] cores updated to: [1, 3]
[monitor] ['40%', '100%', '41%', '100%']  memcached=80.7%
[monitor] ['41%', '100%', '41%', '90%']  memcached=82.1%
[monitor] ['38%', '98%', '30%', '28%']  memcached=67.6%
[MEMCACHED] cores updated to: ['0']
[freqmine] cores updated to: [1, 2, 3]
[monitor] ['83%', '100%', '100%', '100%']  memcached=82.9%
[monitor] ['84%', '100%', '100%', '100%']  memcached=84.4%
[monitor] ['78%', '100%', '100%', '100%']  memcached=78.1%
[monitor] ['82%', '100%', '100%', '100%']  memcached=81.8%
[monitor] ['81%', '100%', '100%', '100%']  memcached=80.6%
[monitor] ['86%', '100%', '100%', '100%']  memcached=86.1%
[MEMCACHED] cores updated to: ['0', '3']
[freqmine] cores updated to: [1, 2]
[monitor] ['47%', '100%', '100%', '34%']  memcached=81.1%
[monitor] ['46%', '100%', '100%', '43%']  memcached=89.5%
[monitor] ['43%', '100%', '100%', '48%']  memcached=91.1%
[monitor] ['38%', '100%', '100%', '38%']  memcached=75.9%
[MEMCACHED] cores updated to: ['0']
[freqmine] cores updated to: [1, 2, 3]
[monitor] ['88%', '100%', '100%', '100%']  memcached=87.9%
[MEMCACHED] cores updated to: ['0', '1']
[freqmine] cores updated to: [2, 3]
[monitor] ['31%', '39%', '100%', '100%']  memcached=70.1%
[MEMCACHED] cores updated to: ['0']
[freqmine] cores updated to: [1, 2, 3]
[monitor] ['71%', '100%', '100%', '100%']  memcached=71.0%
[monitor] ['85%', '100%', '100%', '100%']  memcached=84.8%
[monitor] ['86%', '100%', '100%', '100%']  memcached=86.5%
[MEMCACHED] cores updated to: ['0', '2']
[freqmine] cores updated to: [1, 3]
[monitor] ['38%', '100%', '36%', '100%']  memcached=73.9%
[MEMCACHED] cores updated to: ['0']
[freqmine] cores updated to: [1, 2, 3]
[monitor] ['79%', '100%', '100%', '100%']  memcached=79.4%
[monitor] ['82%', '100%', '100%', '100%']  memcached=81.8%
[monitor] ['88%', '100%', '100%', '100%']  memcached=88.2%
[MEMCACHED] cores updated to: ['0', '3']
[freqmine] cores updated to: [1, 2]
[monitor] ['43%', '100%', '100%', '30%']  memcached=72.5%
[MEMCACHED] cores updated to: ['0']
[freqmine] cores updated to: [1, 2, 3]
[monitor] ['86%', '100%', '100%', '100%']  memcached=86.1%
[MEMCACHED] cores updated to: ['0', '1']
[freqmine] cores updated to: [2, 3]
[monitor] ['31%', '45%', '100%', '100%']  memcached=75.9%
[MEMCACHED] cores updated to: ['0']
[freqmine] cores updated to: [1, 2, 3]
[monitor] ['85%', '100%', '100%', '100%']  memcached=85.3%
[MEMCACHED] cores updated to: ['0', '2']
[freqmine] cores updated to: [1, 3]
[monitor] ['55%', '100%', '52%', '100%']  memcached=106.6%
[monitor] ['52%', '100%', '52%', '100%']  memcached=103.6%
[monitor] ['52%', '100%', '44%', '100%']  memcached=96.2%
[monitor] ['48%', '100%', '45%', '100%']  memcached=93.1%
[monitor] ['57%', '100%', '46%', '100%']  memcached=103.1%
[monitor] ['48%', '100%', '41%', '100%']  memcached=89.5%
[monitor] ['52%', '100%', '37%', '100%']  memcached=88.8%
[monitor] ['53%', '100%', '41%', '100%']  memcached=94.7%
[monitor] ['55%', '100%', '43%', '100%']  memcached=97.7%
[monitor] ['46%', '100%', '43%', '100%']  memcached=89.0%
[monitor] ['57%', '100%', '45%', '100%']  memcached=101.5%
[monitor] ['59%', '100%', '44%', '100%']  memcached=103.1%
[monitor] ['61%', '100%', '52%', '100%']  memcached=113.0%
[monitor] ['54%', '100%', '38%', '100%']  memcached=92.0%
[monitor] ['61%', '100%', '52%', '100%']  memcached=112.9%
[monitor] ['52%', '100%', '43%', '100%']  memcached=94.6%
[monitor] ['52%', '100%', '43%', '100%']  memcached=94.7%
[monitor] ['59%', '100%', '50%', '100%']  memcached=108.6%
[monitor] ['61%', '100%', '50%', '100%']  memcached=111.3%
[monitor] ['54%', '100%', '48%', '100%']  memcached=101.8%
[monitor] ['68%', '100%', '57%', '100%']  memcached=124.4%
[monitor] ['53%', '100%', '39%', '100%']  memcached=92.6%
[monitor] ['59%', '100%', '46%', '100%']  memcached=105.0%
[monitor] ['58%', '100%', '52%', '100%']  memcached=109.7%
[monitor] ['50%', '100%', '43%', '100%']  memcached=92.9%
[monitor] ['57%', '100%', '44%', '100%']  memcached=101.1%
[monitor] ['52%', '100%', '37%', '100%']  memcached=88.8%
[monitor] ['52%', '100%', '43%', '100%']  memcached=94.7%
[monitor] ['57%', '100%', '39%', '100%']  memcached=96.0%
[monitor] ['50%', '100%', '39%', '100%']  memcached=89.3%
[monitor] ['54%', '100%', '48%', '100%']  memcached=102.0%
[monitor] ['58%', '100%', '46%', '100%']  memcached=104.5%
[monitor] ['60%', '100%', '47%', '100%']  memcached=106.7%
[monitor] ['67%', '100%', '53%', '100%']  memcached=120.0%
[monitor] ['52%', '100%', '43%', '100%']  memcached=94.6%
[monitor] ['59%', '100%', '44%', '100%']  memcached=103.1%
[monitor] ['48%', '100%', '39%', '100%']  memcached=87.6%
[monitor] ['28%', '100%', '17%', '100%']  memcached=45.4%
[MEMCACHED] cores updated to: ['0']
[freqmine] cores updated to: [1, 2, 3]
[monitor] ['38%', '100%', '100%', '100%']  memcached=37.5%
[monitor] ['44%', '100%', '100%', '100%']  memcached=44.0%
[monitor] ['44%', '100%', '100%', '100%']  memcached=44.0%
[monitor] ['56%', '100%', '100%', '100%']  memcached=56.0%
[monitor] ['42%', '100%', '100%', '100%']  memcached=41.7%
[monitor] ['36%', '100%', '100%', '100%']  memcached=36.0%
[monitor] ['48%', '100%', '100%', '100%']  memcached=48.0%
[monitor] ['52%', '100%', '100%', '100%']  memcached=51.9%
[monitor] ['39%', '100%', '100%', '100%']  memcached=39.1%
[monitor] ['48%', '100%', '100%', '100%']  memcached=48.0%
[monitor] ['40%', '100%', '100%', '100%']  memcached=40.0%
[monitor] ['48%', '100%', '100%', '100%']  memcached=48.0%
[monitor] ['38%', '100%', '100%', '100%']  memcached=38.1%
[monitor] ['59%', '100%', '100%', '100%']  memcached=58.6%
[monitor] ['46%', '100%', '100%', '100%']  memcached=45.8%
[monitor] ['42%', '100%', '100%', '100%']  memcached=41.7%
[monitor] ['48%', '100%', '100%', '100%']  memcached=48.1%
[monitor] ['40%', '100%', '100%', '100%']  memcached=40.0%
[monitor] ['35%', '100%', '100%', '100%']  memcached=34.8%
[monitor] ['44%', '100%', '100%', '100%']  memcached=44.0%
[monitor] ['40%', '100%', '100%', '100%']  memcached=40.0%
[monitor] ['46%', '100%', '100%', '100%']  memcached=45.8%
[monitor] ['44%', '100%', '100%', '100%']  memcached=44.0%
[monitor] ['59%', '100%', '100%', '100%']  memcached=59.3%
[monitor] ['42%', '100%', '100%', '100%']  memcached=41.7%
[monitor] ['50%', '100%', '100%', '100%']  memcached=50.0%
[monitor] ['67%', '100%', '100%', '100%']  memcached=66.7%
[monitor] ['46%', '100%', '100%', '100%']  memcached=46.2%
[monitor] ['40%', '100%', '100%', '100%']  memcached=40.0%
[monitor] ['42%', '100%', '100%', '100%']  memcached=41.7%
[monitor] ['40%', '100%', '100%', '100%']  memcached=40.0%
[monitor] ['46%', '100%', '100%', '100%']  memcached=46.2%
[monitor] ['48%', '100%', '100%', '100%']  memcached=48.1%
[monitor] ['48%', '100%', '100%', '100%']  memcached=48.0%
[monitor] ['38%', '100%', '100%', '100%']  memcached=37.5%
[monitor] ['59%', '100%', '100%', '100%']  memcached=59.3%
[monitor] ['100%', '100%', '100%', '100%']  memcached=100.0%
[MEMCACHED] cores updated to: ['0', '1', '3']
[freqmine] cores updated to: [2]
[monitor] ['62%', '74%', '100%', '69%']  memcached=204.8%
[monitor] ['39%', '52%', '100%', '52%']  memcached=142.7%
[MEMCACHED] cores updated to: ['0', '3']
[freqmine] cores updated to: [1, 2]
[monitor] ['80%', '98%', '100%', '74%']  memcached=153.5%
[monitor] ['74%', '100%', '100%', '80%']  memcached=154.3%
[monitor] ['77%', '100%', '100%', '70%']  memcached=147.1%
[monitor] ['68%', '100%', '100%', '78%']  memcached=145.4%
[monitor] ['79%', '100%', '100%', '78%']  memcached=156.6%
[monitor] ['70%', '100%', '100%', '86%']  memcached=156.2%
[monitor] ['81%', '100%', '100%', '80%']  memcached=160.6%
[monitor] ['76%', '100%', '100%', '76%']  memcached=152.2%
[monitor] ['71%', '100%', '100%', '74%']  memcached=144.1%
[monitor] ['68%', '100%', '100%', '89%']  memcached=156.6%
[monitor] ['71%', '100%', '100%', '77%']  memcached=147.7%
[monitor] ['74%', '100%', '100%', '92%']  memcached=165.6%
[monitor] ['72%', '100%', '100%', '87%']  memcached=158.7%
[monitor] ['78%', '100%', '100%', '78%']  memcached=155.6%
[monitor] ['72%', '100%', '100%', '86%']  memcached=158.0%
[monitor] ['76%', '100%', '100%', '86%']  memcached=162.2%
[monitor] ['70%', '100%', '100%', '92%']  memcached=161.6%
[monitor] ['74%', '100%', '100%', '83%']  memcached=157.1%
[monitor] ['79%', '100%', '100%', '92%']  memcached=170.5%
[MEMCACHED] cores updated to: ['0', '2', '3']
[freqmine] cores updated to: [1]
[monitor] ['52%', '100%', '45%', '56%']  memcached=152.8%
[MEMCACHED] cores updated to: ['0', '3']
[freqmine] cores updated to: [1, 2]
[monitor] ['74%', '100%', '100%', '81%']  memcached=154.6%
[monitor] ['73%', '100%', '100%', '83%']  memcached=155.6%
[monitor] ['66%', '100%', '100%', '80%']  memcached=145.6%
[monitor] ['76%', '100%', '100%', '77%']  memcached=152.9%
[monitor] ['74%', '100%', '100%', '89%']  memcached=162.1%
[monitor] ['80%', '100%', '100%', '85%']  memcached=164.6%
[monitor] ['79%', '100%', '100%', '86%']  memcached=164.9%
[monitor] ['81%', '100%', '100%', '84%']  memcached=164.8%
[monitor] ['79%', '100%', '100%', '86%']  memcached=165.5%
[monitor] ['76%', '100%', '100%', '76%']  memcached=152.2%
[monitor] ['78%', '100%', '100%', '82%']  memcached=160.7%
[monitor] ['73%', '100%', '100%', '77%']  memcached=149.9%
[monitor] ['73%', '100%', '100%', '80%']  memcached=152.7%
[monitor] ['40%', '100%', '100%', '39%']  memcached=79.3%
[MEMCACHED] cores updated to: ['0']
[freqmine] cores updated to: [3, 1, 2]
[monitor] ['69%', '100%', '100%', '100%']  memcached=68.8%
[monitor] ['67%', '100%', '100%', '100%']  memcached=66.7%
[monitor] ['54%', '100%', '100%', '100%']  memcached=53.6%
[monitor] ['58%', '100%', '100%', '100%']  memcached=57.7%
[monitor] ['54%', '100%', '100%', '100%']  memcached=53.8%
[monitor] ['61%', '100%', '100%', '100%']  memcached=60.7%
[monitor] ['56%', '100%', '100%', '100%']  memcached=56.0%
[monitor] ['59%', '100%', '100%', '100%']  memcached=59.3%
[monitor] ['61%', '100%', '100%', '100%']  memcached=60.7%
[monitor] ['63%', '100%', '100%', '100%']  memcached=63.0%
[monitor] ['56%', '100%', '100%', '100%']  memcached=55.6%
[monitor] ['69%', '100%', '100%', '100%']  memcached=69.0%
[monitor] ['59%', '100%', '100%', '100%']  memcached=59.3%
[monitor] ['75%', '100%', '100%', '100%']  memcached=75.0%
[monitor] ['64%', '100%', '100%', '100%']  memcached=64.3%
[monitor] ['64%', '100%', '100%', '100%']  memcached=64.3%
[monitor] ['64%', '100%', '100%', '100%']  memcached=64.3%
[monitor] ['56%', '100%', '100%', '100%']  memcached=55.6%
[monitor] ['52%', '100%', '100%', '100%']  memcached=51.9%
[monitor] ['61%', '100%', '100%', '100%']  memcached=60.7%
[monitor] ['58%', '100%', '100%', '100%']  memcached=57.7%
[monitor] ['64%', '100%', '100%', '100%']  memcached=64.3%
[monitor] ['67%', '100%', '100%', '100%']  memcached=66.7%
[monitor] ['66%', '100%', '100%', '100%']  memcached=65.5%
[monitor] ['64%', '100%', '100%', '100%']  memcached=64.3%
[monitor] ['58%', '100%', '100%', '100%']  memcached=57.7%
[monitor] ['57%', '100%', '100%', '100%']  memcached=57.1%
[monitor] ['50%', '100%', '100%', '100%']  memcached=50.0%
[monitor] ['89%', '100%', '100%', '100%']  memcached=88.9%
[MEMCACHED] cores updated to: ['0', '2']
[freqmine] cores updated to: [3, 1]
[monitor] ['33%', '100%', '25%', '100%']  memcached=58.3%
[MEMCACHED] cores updated to: ['0']
[freqmine] cores updated to: [3, 1, 2]
[monitor] ['63%', '100%', '100%', '100%']  memcached=63.0%
[monitor] ['64%', '100%', '100%', '100%']  memcached=64.3%
[monitor] ['63%', '100%', '100%', '100%']  memcached=63.0%
[monitor] ['66%', '100%', '100%', '100%']  memcached=65.5%
[monitor] ['67%', '100%', '100%', '100%']  memcached=66.7%
[monitor] ['64%', '100%', '100%', '100%']  memcached=64.3%
[monitor] ['90%', '100%', '100%', '100%']  memcached=89.7%
[MEMCACHED] cores updated to: ['0', '3']
[freqmine] cores updated to: [1, 2]
[monitor] ['50%', '100%', '100%', '40%']  memcached=90.0%
[monitor] ['41%', '100%', '100%', '37%']  memcached=78.4%
[MEMCACHED] cores updated to: ['0']
[freqmine] cores updated to: [3, 1, 2]
[monitor] ['89%', '100%', '100%', '100%']  memcached=88.6%
[MEMCACHED] cores updated to: ['0', '1']
[freqmine] cores updated to: [3, 2]
[monitor] ['35%', '47%', '100%', '100%']  memcached=81.3%
[monitor] ['37%', '43%', '100%', '100%']  memcached=79.9%
[MEMCACHED] cores updated to: ['0']
[freqmine] cores updated to: [3, 1, 2]
[monitor] ['79%', '100%', '100%', '100%']  memcached=78.8%
[monitor] ['81%', '100%', '100%', '100%']  memcached=80.6%
[monitor] ['82%', '100%', '100%', '100%']  memcached=81.8%
[monitor] ['79%', '100%', '100%', '100%']  memcached=79.3%
[monitor] ['79%', '100%', '100%', '100%']  memcached=78.8%
[monitor] ['85%', '100%', '100%', '100%']  memcached=85.3%
[MEMCACHED] cores updated to: ['0', '2']
[freqmine] cores updated to: [3, 1]
[monitor] ['37%', '100%', '36%', '100%']  memcached=73.0%
[MEMCACHED] cores updated to: ['0']
[freqmine] cores updated to: [3, 1, 2]
[monitor] ['86%', '100%', '100%', '100%']  memcached=85.7%
[MEMCACHED] cores updated to: ['0', '3']
[freqmine] cores updated to: [1, 2]
[monitor] ['48%', '100%', '100%', '50%']  memcached=98.3%
[monitor] ['37%', '100%', '100%', '37%']  memcached=74.1%
[MEMCACHED] cores updated to: ['0']
[freqmine] cores updated to: [3, 1, 2]
[monitor] ['86%', '100%', '100%', '100%']  memcached=85.7%
[MEMCACHED] cores updated to: ['0', '1']
[freqmine] cores updated to: [3, 2]
[monitor] ['39%', '47%', '100%', '100%']  memcached=86.0%
[monitor] ['54%', '45%', '100%', '100%']  memcached=99.0%
[monitor] ['52%', '48%', '100%', '100%']  memcached=100.1%
[monitor] ['42%', '45%', '100%', '100%']  memcached=87.5%
[monitor] ['43%', '36%', '100%', '100%']  memcached=78.6%
[MEMCACHED] cores updated to: ['0']
[freqmine] cores updated to: [3, 1, 2]
[monitor] ['80%', '100%', '100%', '100%']  memcached=80.0%
[monitor] ['79%', '100%', '100%', '100%']  memcached=78.8%
[monitor] ['85%', '100%', '100%', '100%']  memcached=85.3%
[MEMCACHED] cores updated to: ['0', '2']
[freqmine] cores updated to: [3, 1]
[monitor] ['38%', '100%', '37%', '100%']  memcached=75.0%
[MEMCACHED] cores updated to: ['0']
[freqmine] cores updated to: [3, 1, 2]
[monitor] ['77%', '100%', '100%', '100%']  memcached=77.4%
[monitor] ['86%', '100%', '100%', '100%']  memcached=86.1%
[MEMCACHED] cores updated to: ['0', '3']
[freqmine] cores updated to: [1, 2]
[monitor] ['39%', '100%', '100%', '39%']  memcached=78.0%
[MEMCACHED] cores updated to: ['0']
[freqmine] cores updated to: [3, 1, 2]
[monitor] ['86%', '100%', '100%', '100%']  memcached=85.7%
[MEMCACHED] cores updated to: ['0', '1']
[freqmine] cores updated to: [3, 2]
[monitor] ['39%', '50%', '100%', '100%']  memcached=89.3%
[monitor] ['37%', '38%', '100%', '100%']  memcached=75.5%
[MEMCACHED] cores updated to: ['0']
[freqmine] cores updated to: [3, 1, 2]
[monitor] ['46%', '100%', '100%', '100%']  memcached=46.2%
[monitor] ['52%', '100%', '100%', '100%']  memcached=52.0%
[monitor] ['52%', '100%', '100%', '100%']  memcached=51.9%
[monitor] ['62%', '100%', '100%', '100%']  memcached=62.1%
[monitor] ['42%', '100%', '100%', '100%']  memcached=41.7%
[monitor] ['52%', '100%', '100%', '100%']  memcached=52.0%
[monitor] ['44%', '100%', '100%', '100%']  memcached=44.0%
[monitor] ['42%', '100%', '100%', '100%']  memcached=41.7%
[monitor] ['78%', '100%', '100%', '100%']  memcached=78.1%
[monitor] ['44%', '100%', '100%', '100%']  memcached=44.0%
[monitor] ['38%', '100%', '100%', '100%']  memcached=37.5%
[monitor] ['44%', '100%', '100%', '100%']  memcached=44.0%
[monitor] ['38%', '100%', '100%', '100%']  memcached=37.5%
[monitor] ['39%', '100%', '100%', '100%']  memcached=39.1%
[monitor] ['48%', '100%', '100%', '100%']  memcached=48.0%
[monitor] ['42%', '100%', '100%', '100%']  memcached=41.7%
[monitor] ['40%', '100%', '100%', '100%']  memcached=40.0%
[monitor] ['54%', '100%', '100%', '100%']  memcached=53.8%
[monitor] ['61%', '100%', '100%', '100%']  memcached=60.7%
[monitor] ['48%', '100%', '100%', '100%']  memcached=48.1%
[monitor] ['54%', '100%', '100%', '100%']  memcached=53.8%
[monitor] ['50%', '100%', '100%', '100%']  memcached=50.0%
[monitor] ['61%', '100%', '100%', '98%']  memcached=60.7%
[monitor] ['56%', '100%', '100%', '100%']  memcached=55.6%
[monitor] ['54%', '100%', '100%', '100%']  memcached=53.8%
[monitor] ['50%', '100%', '100%', '100%']  memcached=50.0%
[monitor] ['56%', '100%', '100%', '100%']  memcached=55.6%
[monitor] ['59%', '100%', '100%', '100%']  memcached=59.3%
[monitor] ['50%', '100%', '100%', '100%']  memcached=50.0%
[monitor] ['39%', '100%', '100%', '100%']  memcached=39.1%
[monitor] ['39%', '100%', '100%', '100%']  memcached=39.1%
[monitor] ['50%', '100%', '100%', '100%']  memcached=50.0%
[monitor] ['46%', '100%', '100%', '100%']  memcached=45.8%
[monitor] ['50%', '100%', '100%', '100%']  memcached=50.0%
[monitor] ['42%', '100%', '100%', '100%']  memcached=41.7%
[monitor] ['54%', '100%', '100%', '100%']  memcached=53.8%
[monitor] ['50%', '100%', '100%', '100%']  memcached=50.0%
[monitor] ['15%', '100%', '100%', '100%']  memcached=14.8%
[monitor] ['7%', '100%', '100%', '100%']  memcached=7.4%
[monitor] ['10%', '100%', '100%', '100%']  memcached=10.0%
[monitor] ['4%', '100%', '100%', '100%']  memcached=3.7%
[monitor] ['4%', '100%', '100%', '100%']  memcached=3.8%
[monitor] ['13%', '100%', '100%', '100%']  memcached=13.3%
[monitor] ['10%', '100%', '100%', '100%']  memcached=10.3%
[monitor] ['14%', '100%', '100%', '100%']  memcached=13.8%
[monitor] ['16%', '100%', '100%', '100%']  memcached=15.6%
[monitor] ['14%', '100%', '100%', '100%']  memcached=13.8%
[monitor] ['10%', '100%', '100%', '100%']  memcached=10.0%
[monitor] ['19%', '100%', '100%', '100%']  memcached=18.8%
[monitor] ['7%', '100%', '100%', '100%']  memcached=7.1%
[monitor] ['11%', '100%', '100%', '100%']  memcached=11.1%
[monitor] ['16%', '100%', '100%', '100%']  memcached=16.1%
[monitor] ['14%', '100%', '100%', '100%']  memcached=14.3%
[monitor] ['11%', '100%', '100%', '100%']  memcached=10.7%
[monitor] ['7%', '100%', '100%', '100%']  memcached=7.1%
[monitor] ['7%', '100%', '100%', '100%']  memcached=7.1%
[monitor] ['17%', '100%', '100%', '100%']  memcached=17.2%
[monitor] ['10%', '100%', '100%', '100%']  memcached=10.3%
[monitor] ['14%', '100%', '100%', '100%']  memcached=13.8%
[monitor] ['10%', '100%', '100%', '100%']  memcached=10.3%
[monitor] ['14%', '100%', '100%', '100%']  memcached=13.8%
[monitor] ['14%', '100%', '100%', '100%']  memcached=13.8%
[monitor] ['7%', '100%', '100%', '100%']  memcached=6.9%
[monitor] ['17%', '100%', '100%', '100%']  memcached=16.7%
[monitor] ['16%', '100%', '100%', '100%']  memcached=16.1%
[monitor] ['4%', '100%', '100%', '100%']  memcached=3.7%
[monitor] ['13%', '100%', '100%', '100%']  memcached=13.3%
[monitor] ['10%', '100%', '100%', '100%']  memcached=10.3%
[monitor] ['4%', '100%', '100%', '100%']  memcached=3.8%
[monitor] ['4%', '100%', '100%', '100%']  memcached=3.6%
[monitor] ['11%', '100%', '100%', '100%']  memcached=11.1%
[monitor] ['0%', '100%', '100%', '100%']  memcached=0.0%
[monitor] ['7%', '100%', '100%', '100%']  memcached=6.9%
[monitor] ['7%', '100%', '100%', '100%']  memcached=7.4%
[monitor] ['87%', '100%', '100%', '100%']  memcached=86.8%
[MEMCACHED] cores updated to: ['0', '2']
[freqmine] cores updated to: [3, 1]
[monitor] ['86%', '100%', '89%', '100%']  memcached=174.7%
[MEMCACHED] cores updated to: ['0', '2', '3']
[freqmine] cores updated to: [1]
[monitor] ['45%', '100%', '39%', '53%']  memcached=137.4%
[MEMCACHED] cores updated to: ['0', '3']
[freqmine] cores updated to: [2, 1]
[monitor] ['76%', '100%', '100%', '78%']  memcached=154.2%
[monitor] ['68%', '100%', '100%', '76%']  memcached=143.5%
[monitor] ['74%', '100%', '100%', '89%']  memcached=163.5%
[monitor] ['77%', '100%', '100%', '84%']  memcached=160.9%
[monitor] ['74%', '100%', '100%', '80%']  memcached=153.5%
[monitor] ['78%', '100%', '100%', '82%']  memcached=160.7%
[monitor] ['83%', '100%', '100%', '80%']  memcached=162.9%
[monitor] ['70%', '100%', '100%', '77%']  memcached=146.8%
[monitor] ['83%', '100%', '100%', '80%']  memcached=162.9%
[monitor] ['73%', '100%', '100%', '89%']  memcached=161.6%
[monitor] ['74%', '100%', '100%', '74%']  memcached=147.1%
[monitor] ['74%', '100%', '100%', '80%']  memcached=154.2%
[monitor] ['74%', '100%', '100%', '72%']  memcached=146.2%
[monitor] ['80%', '100%', '100%', '86%']  memcached=165.7%
[monitor] ['71%', '100%', '100%', '81%']  memcached=152.0%
[monitor] ['76%', '100%', '100%', '80%']  memcached=155.8%
[monitor] ['76%', '100%', '100%', '80%']  memcached=155.8%
[monitor] ['70%', '100%', '100%', '77%']  memcached=146.8%
[monitor] ['73%', '100%', '100%', '76%']  memcached=149.2%
[monitor] ['79%', '100%', '100%', '81%']  memcached=159.9%
[monitor] ['76%', '100%', '100%', '81%']  memcached=157.0%
[monitor] ['69%', '100%', '100%', '83%']  memcached=151.6%
[monitor] ['76%', '100%', '100%', '81%']  memcached=157.0%
[monitor] ['81%', '100%', '100%', '81%']  memcached=161.1%
[monitor] ['79%', '100%', '100%', '84%']  memcached=163.2%
[monitor] ['74%', '100%', '100%', '80%']  memcached=154.3%
[monitor] ['76%', '100%', '100%', '86%']  memcached=163.0%
[monitor] ['81%', '100%', '100%', '80%']  memcached=161.1%
[monitor] ['73%', '100%', '100%', '78%']  memcached=150.5%
[monitor] ['73%', '100%', '100%', '82%']  memcached=155.1%
[monitor] ['71%', '100%', '100%', '81%']  memcached=151.7%
[monitor] ['76%', '100%', '100%', '79%']  memcached=155.9%
[monitor] ['71%', '100%', '100%', '78%']  memcached=148.7%
[monitor] ['69%', '100%', '100%', '70%']  memcached=138.4%
[monitor] ['52%', '100%', '100%', '58%']  memcached=109.3%
[monitor] ['48%', '100%', '100%', '53%']  memcached=101.5%
[monitor] ['44%', '100%', '100%', '48%']  memcached=92.7%
[monitor] ['48%', '100%', '100%', '55%']  memcached=103.0%
[monitor] ['50%', '100%', '100%', '52%']  memcached=101.7%
[monitor] ['52%', '100%', '100%', '55%']  memcached=106.9%
[monitor] ['43%', '100%', '100%', '53%']  memcached=96.2%
[monitor] ['48%', '100%', '100%', '55%']  memcached=103.0%
[monitor] ['58%', '100%', '100%', '55%']  memcached=112.9%
[monitor] ['67%', '100%', '100%', '59%']  memcached=126.0%
[monitor] ['57%', '100%', '100%', '56%']  memcached=112.9%
[monitor] ['52%', '100%', '100%', '55%']  memcached=106.6%
[monitor] ['65%', '100%', '100%', '50%']  memcached=114.5%
[monitor] ['38%', '100%', '100%', '48%']  memcached=86.7%
[monitor] ['43%', '100%', '100%', '38%']  memcached=81.3%
[monitor] ['55%', '100%', '100%', '48%']  memcached=103.6%
[monitor] ['50%', '100%', '100%', '50%']  memcached=100.0%
[monitor] ['56%', '100%', '100%', '39%']  memcached=94.8%
[monitor] ['53%', '100%', '100%', '58%']  memcached=111.4%
[monitor] ['48%', '100%', '100%', '43%']  memcached=91.0%
[monitor] ['57%', '100%', '100%', '48%']  memcached=105.1%
[monitor] ['45%', '100%', '100%', '57%']  memcached=101.5%
[monitor] ['57%', '100%', '100%', '61%']  memcached=118.4%
[monitor] ['62%', '100%', '100%', '69%']  memcached=130.8%
[monitor] ['48%', '100%', '100%', '50%']  memcached=98.3%
[monitor] ['45%', '100%', '100%', '54%']  memcached=98.4%
[monitor] ['48%', '100%', '100%', '53%']  memcached=101.6%
[monitor] ['43%', '100%', '100%', '50%']  memcached=92.9%
[monitor] ['57%', '100%', '100%', '60%']  memcached=116.7%
[monitor] ['62%', '100%', '100%', '55%']  memcached=117.3%
[monitor] ['52%', '100%', '100%', '47%']  memcached=98.7%
[monitor] ['50%', '100%', '100%', '50%']  memcached=100.0%
[monitor] ['61%', '100%', '100%', '48%']  memcached=109.7%
[monitor] ['52%', '100%', '100%', '52%']  memcached=103.3%
[monitor] ['61%', '100%', '100%', '52%']  memcached=112.9%
[monitor] ['60%', '100%', '100%', '50%']  memcached=110.0%
[monitor] ['65%', '100%', '100%', '59%']  memcached=123.9%
[monitor] ['75%', '100%', '100%', '92%']  memcached=167.1%
[monitor] ['83%', '100%', '100%', '89%']  memcached=172.5%
[MEMCACHED] cores updated to: ['0', '1', '3']
[freqmine] cores updated to: [2]
[monitor] ['64%', '74%', '100%', '69%']  memcached=206.7%
[monitor] ['58%', '73%', '100%', '69%']  memcached=199.4%
[monitor] ['53%', '68%', '100%', '66%']  memcached=186.6%
[monitor] ['58%', '74%', '100%', '67%']  memcached=198.3%
[monitor] ['58%', '71%', '100%', '67%']  memcached=195.7%
[monitor] ['57%', '72%', '100%', '68%']  memcached=196.5%
[monitor] ['61%', '76%', '100%', '71%']  memcached=208.5%
[monitor] ['62%', '72%', '100%', '69%']  memcached=202.6%
[monitor] ['61%', '76%', '100%', '70%']  memcached=206.6%
[monitor] ['71%', '76%', '100%', '71%']  memcached=217.7%
[monitor] ['61%', '71%', '100%', '71%']  memcached=201.8%
[monitor] ['56%', '71%', '100%', '64%']  memcached=191.3%
[monitor] ['61%', '70%', '100%', '65%']  memcached=194.8%
[monitor] ['57%', '71%', '100%', '70%']  memcached=197.8%
[monitor] ['52%', '71%', '100%', '65%']  memcached=187.0%
[monitor] ['60%', '76%', '100%', '71%']  memcached=207.1%
[monitor] ['57%', '71%', '100%', '68%']  memcached=195.0%
[monitor] ['61%', '70%', '100%', '66%']  memcached=196.6%
[monitor] ['59%', '71%', '100%', '67%']  memcached=197.5%
[monitor] ['58%', '74%', '100%', '67%']  memcached=198.3%
[monitor] ['59%', '69%', '100%', '68%']  memcached=195.8%
[monitor] ['59%', '72%', '100%', '70%']  memcached=201.3%
[monitor] ['58%', '73%', '100%', '71%']  memcached=201.4%
[monitor] ['61%', '71%', '100%', '67%']  memcached=199.4%
[monitor] ['57%', '69%', '100%', '68%']  memcached=192.9%
[monitor] ['60%', '74%', '100%', '70%']  memcached=203.2%
[monitor] ['62%', '72%', '100%', '71%']  memcached=206.2%
[monitor] ['57%', '70%', '100%', '67%']  memcached=193.0%
[monitor] ['57%', '72%', '100%', '69%']  memcached=197.6%
[monitor] ['59%', '71%', '100%', '70%']  memcached=199.7%
[monitor] ['55%', '73%', '100%', '68%']  memcached=195.6%
[monitor] ['58%', '74%', '100%', '70%']  memcached=202.0%
[monitor] ['59%', '73%', '100%', '68%']  memcached=200.0%
[monitor] ['56%', '67%', '100%', '67%']  memcached=189.6%
[monitor] ['58%', '76%', '100%', '71%']  memcached=205.3%
[monitor] ['81%', '90%', '100%', '87%']  memcached=257.1%
[monitor] ['83%', '92%', '100%', '89%']  memcached=264.6%
[monitor] ['83%', '92%', '100%', '92%']  memcached=266.6%
[monitor] ['74%', '87%', '100%', '85%']  memcached=245.7%
[monitor] ['76%', '89%', '100%', '87%']  memcached=252.8%
[monitor] ['73%', '86%', '100%', '84%']  memcached=242.6%
[monitor] ['75%', '90%', '100%', '84%']  memcached=248.5%
[monitor] ['76%', '90%', '100%', '86%']  memcached=252.7%
[monitor] ['74%', '90%', '100%', '90%']  memcached=254.0%
[monitor] ['81%', '93%', '100%', '86%']  memcached=259.7%
[monitor] ['76%', '89%', '100%', '87%']  memcached=252.1%
[monitor] ['71%', '84%', '100%', '83%']  memcached=237.2%
[monitor] ['75%', '90%', '100%', '85%']  memcached=249.4%
[monitor] ['81%', '100%', '100%', '92%']  memcached=273.1%
[monitor] ['71%', '86%', '100%', '83%']  memcached=240.8%
[monitor] ['74%', '89%', '100%', '86%']  memcached=250.2%
[monitor] ['79%', '92%', '100%', '89%']  memcached=261.2%
[monitor] ['75%', '89%', '100%', '86%']  memcached=251.0%
[monitor] ['81%', '92%', '100%', '89%']  memcached=262.1%
[monitor] ['77%', '87%', '100%', '86%']  memcached=250.4%
[monitor] ['71%', '89%', '100%', '84%']  memcached=243.8%
[monitor] ['80%', '92%', '100%', '86%']  memcached=258.4%
[monitor] ['81%', '90%', '100%', '89%']  memcached=260.0%
[monitor] ['75%', '92%', '100%', '84%']  memcached=251.3%
[monitor] ['76%', '88%', '100%', '86%']  memcached=250.2%
[monitor] ['74%', '90%', '100%', '86%']  memcached=250.1%
[monitor] ['72%', '85%', '100%', '82%']  memcached=238.8%
[monitor] ['76%', '87%', '100%', '85%']  memcached=247.5%
[monitor] ['75%', '89%', '100%', '87%']  memcached=251.3%
[monitor] ['78%', '88%', '100%', '85%']  memcached=250.5%
[monitor] ['76%', '90%', '100%', '86%']  memcached=252.3%
[monitor] ['81%', '95%', '100%', '90%']  memcached=265.0%
[monitor] ['84%', '95%', '100%', '92%']  memcached=270.8%
[monitor] ['77%', '90%', '100%', '85%']  memcached=251.8%
[monitor] ['70%', '90%', '100%', '83%']  memcached=242.8%
[monitor] ['82%', '92%', '100%', '89%']  memcached=264.1%
[monitor] ['71%', '81%', '100%', '77%']  memcached=228.8%
[monitor] ['43%', '61%', '100%', '58%']  memcached=162.2%
[monitor] ['47%', '59%', '100%', '54%']  memcached=159.1%
[MEMCACHED] cores updated to: ['0', '3']
[freqmine] cores updated to: [2, 1]
[monitor] ['69%', '100%', '100%', '81%']  memcached=149.3%
[monitor] ['85%', '100%', '100%', '95%']  memcached=180.0%
[MEMCACHED] cores updated to: ['0', '2', '3']
[freqmine] cores updated to: [1]
[monitor] ['45%', '100%', '41%', '56%']  memcached=142.5%
[MEMCACHED] cores updated to: ['0', '3']
[freqmine] cores updated to: [2, 1]
[monitor] ['71%', '100%', '100%', '82%']  memcached=152.5%
[monitor] ['70%', '100%', '100%', '80%']  memcached=149.7%
[monitor] ['76%', '100%', '100%', '73%']  memcached=148.5%
[monitor] ['74%', '100%', '100%', '76%']  memcached=150.0%
[monitor] ['81%', '100%', '100%', '81%']  memcached=161.1%
[monitor] ['86%', '100%', '100%', '95%']  memcached=181.5%
[MEMCACHED] cores updated to: ['0', '1', '3']
[freqmine] cores updated to: [2]
[monitor] ['47%', '58%', '100%', '59%']  memcached=164.1%
[monitor] ['44%', '65%', '100%', '62%']  memcached=171.7%
[monitor] ['48%', '61%', '100%', '57%']  memcached=166.3%
[monitor] ['47%', '59%', '100%', '59%']  memcached=164.9%
[monitor] ['50%', '61%', '100%', '58%']  memcached=169.4%
[monitor] ['47%', '59%', '100%', '55%']  memcached=161.2%
[monitor] ['53%', '65%', '100%', '67%']  memcached=184.3%
[monitor] ['46%', '64%', '100%', '61%']  memcached=170.7%
[monitor] ['52%', '64%', '100%', '57%']  memcached=171.9%
[monitor] ['50%', '58%', '100%', '57%']  memcached=164.7%
[monitor] ['47%', '61%', '100%', '59%']  memcached=167.3%
[monitor] ['50%', '65%', '100%', '61%']  memcached=176.0%
[monitor] ['47%', '60%', '100%', '54%']  memcached=160.2%
[monitor] ['45%', '65%', '100%', '60%']  memcached=169.5%
[monitor] ['47%', '62%', '100%', '58%']  memcached=167.2%
[monitor] ['52%', '64%', '100%', '61%']  memcached=176.5%
[monitor] ['45%', '59%', '100%', '58%']  memcached=162.3%
[monitor] ['50%', '62%', '100%', '59%']  memcached=171.1%
[monitor] ['50%', '64%', '100%', '65%']  memcached=178.3%
[monitor] ['52%', '64%', '100%', '58%']  memcached=173.3%
[monitor] ['48%', '62%', '100%', '60%']  memcached=170.0%
[monitor] ['50%', '59%', '100%', '59%']  memcached=168.0%
[monitor] ['48%', '62%', '100%', '60%']  memcached=170.8%
[monitor] ['45%', '58%', '100%', '61%']  memcached=163.7%
[monitor] ['50%', '74%', '100%', '68%']  memcached=191.2%
[monitor] ['25%', '19%', '100%', '17%']  memcached=61.6%
[MEMCACHED] cores updated to: ['0']
[freqmine] cores updated to: [2, 1, 3]
[monitor] ['44%', '100%', '100%', '100%']  memcached=44.0%
[monitor] ['36%', '100%', '100%', '100%']  memcached=36.4%
[monitor] ['42%', '100%', '100%', '100%']  memcached=41.7%
[monitor] ['50%', '100%', '100%', '100%']  memcached=50.0%
[monitor] ['48%', '100%', '100%', '100%']  memcached=48.0%
[monitor] ['48%', '100%', '100%', '100%']  memcached=48.0%
[monitor] ['50%', '100%', '100%', '100%']  memcached=50.0%
[monitor] ['50%', '100%', '100%', '100%']  memcached=50.0%
[monitor] ['39%', '100%', '100%', '100%']  memcached=39.1%
[monitor] ['44%', '100%', '100%', '100%']  memcached=44.0%
[monitor] ['46%', '100%', '100%', '100%']  memcached=45.8%
[monitor] ['44%', '100%', '100%', '100%']  memcached=44.0%
[monitor] ['44%', '100%', '100%', '100%']  memcached=44.0%
[monitor] ['46%', '100%', '100%', '100%']  memcached=45.8%
[monitor] ['44%', '100%', '100%', '100%']  memcached=44.0%
[monitor] ['56%', '100%', '100%', '100%']  memcached=55.6%
[monitor] ['42%', '100%', '100%', '100%']  memcached=41.7%
[monitor] ['52%', '100%', '100%', '100%']  memcached=52.0%
[monitor] ['44%', '100%', '100%', '100%']  memcached=44.0%
[monitor] ['46%', '100%', '100%', '100%']  memcached=45.8%
[monitor] ['54%', '100%', '100%', '100%']  memcached=53.8%
[monitor] ['42%', '100%', '100%', '100%']  memcached=41.7%
[monitor] ['42%', '100%', '100%', '100%']  memcached=41.7%
[monitor] ['50%', '100%', '100%', '100%']  memcached=50.0%
[monitor] ['56%', '100%', '100%', '100%']  memcached=55.6%
[monitor] ['44%', '100%', '100%', '100%']  memcached=44.0%
[monitor] ['50%', '100%', '100%', '100%']  memcached=50.0%
[monitor] ['70%', '100%', '100%', '100%']  memcached=70.0%
[monitor] ['46%', '100%', '100%', '100%']  memcached=45.8%
[monitor] ['54%', '100%', '100%', '100%']  memcached=53.8%
[monitor] ['44%', '100%', '100%', '100%']  memcached=44.0%
[monitor] ['63%', '100%', '100%', '100%']  memcached=63.0%
[monitor] ['43%', '100%', '100%', '100%']  memcached=43.5%
[monitor] ['69%', '100%', '100%', '100%']  memcached=68.8%
[monitor] ['66%', '100%', '100%', '100%']  memcached=65.5%
[monitor] ['52%', '100%', '100%', '100%']  memcached=51.9%
[monitor] ['11%', '100%', '100%', '100%']  memcached=10.7%
[monitor] ['7%', '100%', '100%', '100%']  memcached=6.7%
[monitor] ['7%', '100%', '100%', '100%']  memcached=6.9%
[monitor] ['16%', '100%', '100%', '100%']  memcached=16.1%
[monitor] ['3%', '100%', '100%', '100%']  memcached=3.4%
[monitor] ['21%', '100%', '100%', '100%']  memcached=21.4%
[monitor] ['10%', '100%', '100%', '100%']  memcached=9.7%
[monitor] ['3%', '100%', '100%', '100%']  memcached=3.4%
[monitor] ['17%', '100%', '100%', '100%']  memcached=16.7%
[monitor] ['3%', '100%', '100%', '100%']  memcached=3.3%
[monitor] ['7%', '100%', '100%', '100%']  memcached=6.7%
[monitor] ['13%', '100%', '100%', '100%']  memcached=13.3%
[monitor] ['7%', '100%', '100%', '100%']  memcached=6.9%
[monitor] ['7%', '100%', '100%', '100%']  memcached=6.9%
[monitor] ['7%', '100%', '100%', '100%']  memcached=6.7%
[monitor] ['3%', '100%', '100%', '100%']  memcached=3.3%
[monitor] ['10%', '100%', '100%', '100%']  memcached=9.7%
[monitor] ['7%', '100%', '100%', '100%']  memcached=6.7%
[monitor] ['10%', '100%', '100%', '100%']  memcached=10.0%
[monitor] ['15%', '100%', '100%', '100%']  memcached=15.2%
[monitor] ['3%', '100%', '100%', '100%']  memcached=3.4%
[monitor] ['7%', '100%', '100%', '100%']  memcached=6.7%
[monitor] ['10%', '100%', '100%', '100%']  memcached=9.7%
[monitor] ['7%', '100%', '100%', '100%']  memcached=6.9%
[monitor] ['3%', '100%', '100%', '100%']  memcached=3.4%
[monitor] ['7%', '100%', '100%', '100%']  memcached=6.9%
[monitor] ['12%', '100%', '100%', '100%']  memcached=12.5%
[monitor] ['0%', '100%', '100%', '100%']  memcached=0.0%
[monitor] ['16%', '100%', '100%', '100%']  memcached=16.1%
[monitor] ['7%', '100%', '100%', '100%']  memcached=6.7%
[monitor] ['10%', '100%', '100%', '100%']  memcached=10.3%
[monitor] ['3%', '100%', '100%', '100%']  memcached=3.4%
[monitor] ['7%', '100%', '100%', '100%']  memcached=6.7%
[monitor] ['10%', '100%', '100%', '100%']  memcached=10.0%
[monitor] ['7%', '100%', '100%', '100%']  memcached=6.9%
[monitor] ['7%', '100%', '100%', '100%']  memcached=6.9%
[monitor] ['7%', '100%', '100%', '100%']  memcached=6.7%
[monitor] ['82%', '100%', '100%', '100%']  memcached=81.6%
[monitor] ['100%', '100%', '100%', '100%']  memcached=100.0%
[MEMCACHED] cores updated to: ['0', '2', '3']
[freqmine] cores updated to: [1]
[monitor] ['61%', '100%', '58%', '71%']  memcached=190.8%
[monitor] ['41%', '100%', '32%', '45%']  memcached=118.3%
[MEMCACHED] cores updated to: ['0', '3']
[freqmine] cores updated to: [2, 1]
[monitor] ['66%', '100%', '100%', '55%']  memcached=120.4%
[monitor] ['68%', '100%', '100%', '67%']  memcached=134.3%
[monitor] ['76%', '100%', '100%', '61%']  memcached=137.8%
[monitor] ['70%', '100%', '100%', '72%']  memcached=141.9%
[monitor] ['73%', '100%', '100%', '69%']  memcached=141.5%
[monitor] ['68%', '100%', '100%', '66%']  memcached=133.4%
[monitor] ['70%', '100%', '100%', '67%']  memcached=136.4%
[monitor] ['82%', '100%', '100%', '61%']  memcached=143.6%
[monitor] ['71%', '100%', '100%', '70%']  memcached=140.3%
[monitor] ['78%', '100%', '100%', '74%']  memcached=151.7%
[monitor] ['66%', '100%', '100%', '66%']  memcached=131.2%
[monitor] ['74%', '100%', '100%', '70%']  memcached=144.0%
[monitor] ['83%', '100%', '100%', '65%']  memcached=147.8%
[monitor] ['74%', '100%', '100%', '75%']  memcached=149.3%
[monitor] ['70%', '100%', '100%', '71%']  memcached=140.3%
[monitor] ['76%', '100%', '100%', '73%']  memcached=149.2%
[monitor] ['84%', '100%', '100%', '80%']  memcached=163.8%
[monitor] ['74%', '100%', '100%', '79%']  memcached=152.5%
[monitor] ['69%', '100%', '100%', '71%']  memcached=139.3%
[monitor] ['76%', '100%', '100%', '80%']  memcached=155.8%
[monitor] ['74%', '100%', '100%', '74%']  memcached=147.8%
[monitor] ['76%', '100%', '100%', '77%']  memcached=153.6%
[monitor] ['68%', '100%', '100%', '71%']  memcached=138.3%
[monitor] ['60%', '100%', '100%', '70%']  memcached=129.7%
[monitor] ['76%', '100%', '100%', '70%']  memcached=145.5%
[monitor] ['74%', '100%', '100%', '74%']  memcached=147.8%
[monitor] ['69%', '100%', '100%', '76%']  memcached=145.2%
[monitor] ['76%', '100%', '100%', '68%']  memcached=144.1%
[monitor] ['66%', '100%', '100%', '71%']  memcached=136.1%
[monitor] ['70%', '100%', '100%', '78%']  memcached=147.5%
[monitor] ['60%', '100%', '100%', '72%']  memcached=131.9%
[monitor] ['67%', '100%', '100%', '75%']  memcached=141.7%
[monitor] ['70%', '100%', '100%', '74%']  memcached=143.2%
[monitor] ['64%', '100%', '100%', '64%']  memcached=127.3%
[monitor] ['74%', '100%', '100%', '74%']  memcached=147.8%
[monitor] ['69%', '100%', '100%', '71%']  memcached=139.3%
[monitor] ['63%', '100%', '100%', '66%']  memcached=128.9%
[monitor] ['66%', '100%', '100%', '62%']  memcached=128.1%
[monitor] ['71%', '100%', '100%', '71%']  memcached=141.6%
[monitor] ['68%', '100%', '100%', '71%']  memcached=138.2%
[monitor] ['65%', '100%', '100%', '64%']  memcached=128.2%
[monitor] ['70%', '100%', '100%', '76%']  memcached=145.4%
[monitor] ['59%', '100%', '100%', '60%']  memcached=118.6%
[monitor] ['64%', '100%', '100%', '65%']  memcached=128.2%
[monitor] ['71%', '100%', '100%', '57%']  memcached=127.6%
[monitor] ['59%', '100%', '100%', '68%']  memcached=126.3%
[monitor] ['63%', '100%', '100%', '66%']  memcached=129.0%
[monitor] ['68%', '100%', '100%', '66%']  memcached=133.5%
[monitor] ['68%', '100%', '100%', '67%']  memcached=134.4%
[monitor] ['80%', '100%', '100%', '71%']  memcached=150.6%
[monitor] ['77%', '100%', '100%', '70%']  memcached=146.8%
[monitor] ['68%', '100%', '100%', '70%']  memcached=137.4%
[monitor] ['68%', '100%', '100%', '60%']  memcached=127.7%
[monitor] ['66%', '100%', '100%', '68%']  memcached=133.4%
[monitor] ['72%', '100%', '100%', '68%']  memcached=139.5%
[monitor] ['71%', '100%', '100%', '76%']  memcached=146.3%
[monitor] ['72%', '100%', '100%', '62%']  memcached=134.4%
[monitor] ['72%', '100%', '100%', '67%']  memcached=138.5%
[monitor] ['65%', '100%', '100%', '69%']  memcached=133.3%
[monitor] ['72%', '100%', '100%', '64%']  memcached=135.5%
[monitor] ['57%', '100%', '100%', '72%']  memcached=128.5%
[monitor] ['76%', '100%', '100%', '73%']  memcached=149.2%
[monitor] ['68%', '100%', '100%', '76%']  memcached=144.2%
[monitor] ['62%', '100%', '100%', '68%']  memcached=130.1%
[monitor] ['75%', '100%', '100%', '66%']  memcached=140.6%
[monitor] ['67%', '100%', '100%', '71%']  memcached=137.3%
[monitor] ['65%', '100%', '100%', '68%']  memcached=132.2%
[monitor] ['70%', '100%', '100%', '64%']  memcached=133.3%
[monitor] ['61%', '100%', '100%', '61%']  memcached=122.6%
[monitor] ['76%', '100%', '100%', '65%']  memcached=140.3%
[monitor] ['86%', '100%', '100%', '89%']  memcached=175.3%
[MEMCACHED] cores updated to: ['0', '1', '3']
[freqmine] cores updated to: [2]
[monitor] ['61%', '74%', '100%', '73%']  memcached=208.3%
[monitor] ['66%', '78%', '100%', '74%']  memcached=217.7%
[monitor] ['61%', '71%', '100%', '65%']  memcached=196.6%
[monitor] ['77%', '83%', '100%', '81%']  memcached=241.1%
[monitor] ['67%', '77%', '100%', '74%']  memcached=218.1%
[monitor] ['66%', '81%', '100%', '76%']  memcached=222.5%
[monitor] ['61%', '78%', '100%', '74%']  memcached=212.6%
[monitor] ['65%', '81%', '100%', '76%']  memcached=222.1%
[monitor] ['70%', '84%', '100%', '78%']  memcached=231.7%
[monitor] ['73%', '84%', '100%', '78%']  memcached=234.3%
[monitor] ['69%', '84%', '100%', '81%']  memcached=233.5%
[monitor] ['64%', '81%', '100%', '77%']  memcached=221.9%
[monitor] ['57%', '78%', '100%', '73%']  memcached=207.2%
[monitor] ['63%', '78%', '100%', '77%']  memcached=218.9%
[monitor] ['62%', '76%', '100%', '74%']  memcached=212.5%
[monitor] ['66%', '83%', '100%', '76%']  memcached=225.0%
[monitor] ['63%', '82%', '100%', '77%']  memcached=222.1%
[monitor] ['66%', '78%', '100%', '71%']  memcached=214.8%
[monitor] ['64%', '75%', '100%', '73%']  memcached=211.4%
[monitor] ['61%', '74%', '100%', '71%']  memcached=207.0%
[monitor] ['65%', '80%', '100%', '76%']  memcached=221.2%
[monitor] ['65%', '79%', '100%', '74%']  memcached=217.0%
[monitor] ['71%', '86%', '100%', '84%']  memcached=240.5%
[monitor] ['64%', '74%', '100%', '73%']  memcached=209.9%
[monitor] ['60%', '82%', '100%', '71%']  memcached=213.2%
[monitor] ['61%', '72%', '100%', '72%']  memcached=205.1%
[monitor] ['62%', '77%', '100%', '69%']  memcached=207.7%
[monitor] ['62%', '75%', '100%', '70%']  memcached=207.2%
[monitor] ['61%', '76%', '100%', '72%']  memcached=209.0%
[monitor] ['63%', '77%', '100%', '71%']  memcached=211.1%
[monitor] ['71%', '89%', '100%', '84%']  memcached=245.1%
[monitor] ['57%', '76%', '100%', '74%']  memcached=206.7%
[monitor] ['70%', '79%', '100%', '73%']  memcached=221.9%
[monitor] ['64%', '76%', '100%', '70%']  memcached=209.8%
[monitor] ['61%', '73%', '100%', '70%']  memcached=203.0%
[monitor] ['55%', '70%', '100%', '64%']  memcached=188.2%
[monitor] ['23%', '27%', '100%', '19%']  memcached=69.2%
[MEMCACHED] cores updated to: ['0']
[freqmine] cores updated to: [2, 1, 3]
[monitor] ['82%', '100%', '100%', '100%']  memcached=81.8%
[monitor] ['89%', '100%', '100%', '100%']  memcached=88.6%
[MEMCACHED] cores updated to: ['0', '3']
[freqmine] cores updated to: [2, 1]
[monitor] ['33%', '100%', '100%', '41%']  memcached=74.1%
[MEMCACHED] cores updated to: ['0']
[freqmine] cores updated to: [2, 1, 3]
[monitor] ['85%', '100%', '100%', '100%']  memcached=85.3%
[MEMCACHED] cores updated to: ['0', '2']
[freqmine] cores updated to: [1, 3]
[monitor] ['45%', '100%', '37%', '100%']  memcached=81.9%
[monitor] ['38%', '100%', '28%', '100%']  memcached=66.5%
[MEMCACHED] cores updated to: ['0']
[freqmine] cores updated to: [2, 1, 3]
[monitor] ['85%', '100%', '100%', '100%']  memcached=85.3%
[MEMCACHED] cores updated to: ['0', '1']
[freqmine] cores updated to: [2, 3]
[monitor] ['36%', '41%', '100%', '100%']  memcached=76.5%
[MEMCACHED] cores updated to: ['0']
[freqmine] cores updated to: [2, 1, 3]
[monitor] ['85%', '100%', '100%', '100%']  memcached=85.3%
[MEMCACHED] cores updated to: ['0', '3']
[freqmine] cores updated to: [2, 1]
[monitor] ['36%', '100%', '100%', '39%']  memcached=75.0%
[MEMCACHED] cores updated to: ['0']
[freqmine] cores updated to: [2, 1, 3]
[monitor] ['82%', '100%', '100%', '100%']  memcached=82.4%
[monitor] ['86%', '100%', '100%', '100%']  memcached=85.7%
[MEMCACHED] cores updated to: ['0', '2']
[freqmine] cores updated to: [1, 3]
[monitor] ['39%', '100%', '30%', '100%']  memcached=68.9%
[MEMCACHED] cores updated to: ['0']
[freqmine] cores updated to: [2, 1, 3]
[monitor] ['85%', '100%', '100%', '100%']  memcached=85.3%
[MEMCACHED] cores updated to: ['0', '1']
[freqmine] cores updated to: [2, 3]
[monitor] ['36%', '43%', '100%', '100%']  memcached=79.0%
[MEMCACHED] cores updated to: ['0']
[freqmine] cores updated to: [2, 1, 3]
[monitor] ['85%', '100%', '100%', '100%']  memcached=85.3%
[MEMCACHED] cores updated to: ['0', '3']
[freqmine] cores updated to: [2, 1]
[monitor] ['38%', '100%', '100%', '45%']  memcached=83.3%
[monitor] ['36%', '100%', '100%', '39%']  memcached=75.0%
[MEMCACHED] cores updated to: ['0']
[freqmine] cores updated to: [2, 1, 3]
[monitor] ['84%', '100%', '100%', '100%']  memcached=84.4%
[monitor] ['86%', '88%', '98%', '84%']  memcached=85.7%
[MEMCACHED] cores updated to: ['0', '2']
[monitor] ['32%', '3%', '28%', '6%']  memcached=60.0%
[freqmine] ended.
[MEMCACHED] cores updated to: ['0']
[streamcluster] started on cores: [1, 2, 3] with 3 threads.
[monitor] ['82%', '54%', '27%', '50%']  memcached=82.4%
[monitor] ['74%', '42%', '11%', '74%']  memcached=74.2%
[monitor] ['82%', '49%', '36%', '95%']  memcached=81.8%
[monitor] ['86%', '95%', '74%', '89%']  memcached=86.1%
[MEMCACHED] cores updated to: ['0', '1']
[streamcluster] cores updated to: [2, 3]
[monitor] ['44%', '50%', '92%', '98%']  memcached=94.4%
[monitor] ['50%', '45%', '98%', '95%']  memcached=94.8%
[monitor] ['38%', '45%', '95%', '98%']  memcached=83.3%
[monitor] ['48%', '47%', '95%', '97%']  memcached=94.9%
[monitor] ['50%', '55%', '92%', '95%']  memcached=104.8%
[monitor] ['43%', '50%', '92%', '97%']  memcached=92.9%
[monitor] ['48%', '55%', '97%', '98%']  memcached=103.0%
[monitor] ['27%', '35%', '95%', '98%']  memcached=62.2%
[MEMCACHED] cores updated to: ['0']
[streamcluster] cores updated to: [1, 2, 3]
[monitor] ['31%', '100%', '85%', '98%']  memcached=30.8%
[monitor] ['28%', '95%', '87%', '95%']  memcached=28.0%
[monitor] ['26%', '98%', '90%', '100%']  memcached=26.1%
[monitor] ['20%', '100%', '82%', '98%']  memcached=20.0%
[monitor] ['32%', '100%', '82%', '100%']  memcached=32.0%
[monitor] ['35%', '95%', '92%', '93%']  memcached=34.6%
[monitor] ['21%', '98%', '79%', '98%']  memcached=20.8%
[monitor] ['21%', '100%', '82%', '100%']  memcached=20.8%
[monitor] ['17%', '100%', '82%', '100%']  memcached=16.7%
[monitor] ['17%', '100%', '82%', '98%']  memcached=16.7%
[monitor] ['12%', '100%', '77%', '100%']  memcached=12.5%
[monitor] ['16%', '100%', '79%', '98%']  memcached=16.0%
[monitor] ['9%', '100%', '82%', '98%']  memcached=9.1%
[monitor] ['5%', '100%', '79%', '98%']  memcached=4.5%
[monitor] ['9%', '100%', '79%', '100%']  memcached=8.7%
[monitor] ['20%', '98%', '78%', '98%']  memcached=20.0%
[monitor] ['24%', '100%', '82%', '100%']  memcached=24.0%
[monitor] ['13%', '100%', '78%', '98%']  memcached=13.0%
[monitor] ['8%', '98%', '77%', '100%']  memcached=8.3%
[monitor] ['8%', '100%', '78%', '100%']  memcached=8.3%
[monitor] ['19%', '100%', '78%', '98%']  memcached=19.2%
[monitor] ['9%', '100%', '80%', '97%']  memcached=9.1%
[monitor] ['16%', '100%', '77%', '98%']  memcached=16.0%
[monitor] ['21%', '100%', '79%', '97%']  memcached=20.8%
[monitor] ['24%', '98%', '75%', '100%']  memcached=24.0%
[monitor] ['21%', '100%', '86%', '98%']  memcached=20.8%
[monitor] ['20%', '100%', '82%', '98%']  memcached=20.0%
[monitor] ['24%', '100%', '85%', '98%']  memcached=24.0%
[monitor] ['24%', '100%', '82%', '100%']  memcached=24.0%
[monitor] ['16%', '100%', '78%', '98%']  memcached=16.0%
[monitor] ['27%', '100%', '82%', '100%']  memcached=26.9%
[monitor] ['21%', '100%', '85%', '98%']  memcached=20.8%
[monitor] ['20%', '100%', '82%', '98%']  memcached=20.0%
[monitor] ['20%', '100%', '78%', '100%']  memcached=20.0%
[monitor] ['25%', '98%', '83%', '100%']  memcached=25.0%
[monitor] ['23%', '100%', '82%', '98%']  memcached=23.1%
[monitor] ['83%', '100%', '78%', '98%']  memcached=82.9%
[monitor] ['100%', '100%', '70%', '95%']  memcached=100.0%
[MEMCACHED] cores updated to: ['0', '2', '3']
[streamcluster] cores updated to: [1]
[monitor] ['55%', '100%', '46%', '69%']  memcached=169.7%
[monitor] ['48%', '100%', '41%', '52%']  memcached=141.4%
[MEMCACHED] cores updated to: ['0', '3']
[streamcluster] cores updated to: [1, 2]
[monitor] ['69%', '97%', '95%', '77%']  memcached=145.9%
[monitor] ['69%', '98%', '87%', '74%']  memcached=143.0%
[monitor] ['73%', '97%', '92%', '86%']  memcached=158.8%
[monitor] ['62%', '98%', '83%', '77%']  memcached=139.6%
[monitor] ['67%', '100%', '92%', '74%']  memcached=140.2%
[monitor] ['69%', '95%', '85%', '80%']  memcached=148.8%
[monitor] ['68%', '95%', '98%', '76%']  memcached=144.1%
[monitor] ['76%', '95%', '90%', '74%']  memcached=149.2%
[monitor] ['69%', '100%', '90%', '74%']  memcached=142.3%
[monitor] ['69%', '95%', '92%', '76%']  memcached=145.2%
[monitor] ['70%', '98%', '87%', '74%']  memcached=143.2%
[monitor] ['71%', '92%', '98%', '78%']  memcached=148.4%
[monitor] ['70%', '97%', '87%', '76%']  memcached=146.2%
[monitor] ['70%', '98%', '92%', '74%']  memcached=143.5%
[monitor] ['74%', '100%', '85%', '78%']  memcached=152.1%
[monitor] ['65%', '92%', '92%', '92%']  memcached=156.4%
[monitor] ['74%', '90%', '95%', '82%']  memcached=155.9%
[monitor] ['71%', '98%', '92%', '70%']  memcached=140.7%
[monitor] ['76%', '98%', '93%', '79%']  memcached=155.9%
[monitor] ['70%', '97%', '92%', '76%']  memcached=145.5%
[monitor] ['67%', '98%', '90%', '71%']  memcached=137.3%
[monitor] ['70%', '100%', '88%', '74%']  memcached=144.0%
[monitor] ['74%', '98%', '92%', '76%']  memcached=149.3%
[monitor] ['72%', '95%', '90%', '77%']  memcached=149.0%
[monitor] ['80%', '98%', '90%', '79%']  memcached=158.8%
[monitor] ['69%', '92%', '95%', '83%']  memcached=151.6%
[monitor] ['74%', '92%', '87%', '80%']  memcached=153.5%
[monitor] ['76%', '95%', '95%', '79%']  memcached=155.9%
[monitor] ['79%', '100%', '88%', '79%']  memcached=158.2%
[monitor] ['71%', '98%', '92%', '81%']  memcached=151.7%
[monitor] ['68%', '95%', '85%', '73%']  memcached=140.4%
[monitor] ['76%', '95%', '92%', '78%']  memcached=153.5%
[monitor] ['74%', '100%', '92%', '76%']  memcached=150.8%
[monitor] ['53%', '98%', '92%', '57%']  memcached=110.0%
[monitor] ['59%', '95%', '90%', '57%']  memcached=115.3%
[monitor] ['50%', '100%', '85%', '58%']  memcached=108.1%
[monitor] ['50%', '98%', '92%', '53%']  memcached=103.3%
[monitor] ['55%', '98%', '90%', '55%']  memcached=109.7%
[monitor] ['48%', '95%', '92%', '55%']  memcached=103.4%
[monitor] ['53%', '100%', '93%', '58%']  memcached=111.4%
[monitor] ['48%', '98%', '92%', '52%']  memcached=99.9%
[monitor] ['50%', '97%', '95%', '58%']  memcached=108.1%
[monitor] ['50%', '97%', '90%', '53%']  memcached=103.3%
[monitor] ['50%', '98%', '95%', '53%']  memcached=103.3%
[monitor] ['57%', '98%', '92%', '60%']  memcached=116.7%
[monitor] ['57%', '97%', '98%', '48%']  memcached=104.9%
[monitor] ['52%', '95%', '92%', '45%']  memcached=96.6%
[monitor] ['57%', '100%', '85%', '57%']  memcached=113.3%
[monitor] ['57%', '95%', '90%', '52%']  memcached=108.8%
[monitor] ['66%', '95%', '82%', '68%']  memcached=133.3%
[monitor] ['52%', '95%', '90%', '53%']  memcached=104.9%
[monitor] ['46%', '98%', '95%', '48%']  memcached=94.7%
[monitor] ['60%', '97%', '92%', '53%']  memcached=113.3%
[monitor] ['52%', '98%', '92%', '48%']  memcached=100.0%
[monitor] ['50%', '97%', '85%', '50%']  memcached=100.0%
[monitor] ['55%', '95%', '95%', '57%']  memcached=111.5%
[monitor] ['55%', '100%', '90%', '53%']  memcached=108.3%
[monitor] ['53%', '100%', '92%', '48%']  memcached=101.5%
[monitor] ['48%', '98%', '82%', '44%']  memcached=92.6%
[monitor] ['53%', '97%', '90%', '53%']  memcached=106.5%
[monitor] ['55%', '98%', '90%', '58%']  memcached=113.2%
[monitor] ['68%', '97%', '92%', '66%']  memcached=133.4%
[monitor] ['58%', '100%', '84%', '61%']  memcached=119.4%
[monitor] ['52%', '98%', '90%', '46%']  memcached=98.2%
[monitor] ['52%', '100%', '90%', '50%']  memcached=101.6%
[monitor] ['48%', '98%', '85%', '53%']  memcached=101.5%
[monitor] ['52%', '97%', '95%', '55%']  memcached=106.6%
[monitor] ['58%', '100%', '92%', '55%']  memcached=112.9%
[monitor] ['46%', '92%', '92%', '46%']  memcached=92.9%
[monitor] ['43%', '97%', '80%', '50%']  memcached=92.9%
[monitor] ['34%', '95%', '97%', '37%']  memcached=71.5%
[MEMCACHED] cores updated to: ['0']
[streamcluster] cores updated to: [3, 1, 2]
[monitor] ['73%', '100%', '76%', '98%']  memcached=73.3%
[monitor] ['74%', '100%', '77%', '97%']  memcached=74.2%
[monitor] ['74%', '100%', '82%', '90%']  memcached=74.2%
[monitor] ['76%', '100%', '83%', '98%']  memcached=75.8%
[monitor] ['72%', '98%', '82%', '98%']  memcached=72.4%
[monitor] ['79%', '100%', '82%', '100%']  memcached=79.4%
[monitor] ['79%', '100%', '85%', '98%']  memcached=78.8%
[monitor] ['70%', '100%', '72%', '100%']  memcached=70.0%
[monitor] ['79%', '100%', '82%', '98%']  memcached=78.8%
[monitor] ['73%', '98%', '80%', '100%']  memcached=73.3%
[monitor] ['73%', '100%', '82%', '98%']  memcached=73.3%
[monitor] ['66%', '100%', '75%', '97%']  memcached=65.5%
[monitor] ['77%', '100%', '82%', '98%']  memcached=77.4%
[monitor] ['70%', '100%', '72%', '98%']  memcached=70.0%
[monitor] ['71%', '100%', '79%', '98%']  memcached=71.0%
[monitor] ['71%', '100%', '78%', '100%']  memcached=71.0%
[monitor] ['71%', '100%', '74%', '98%']  memcached=71.0%
[monitor] ['69%', '100%', '74%', '97%']  memcached=69.0%
[monitor] ['73%', '100%', '79%', '98%']  memcached=73.3%
[monitor] ['70%', '98%', '79%', '100%']  memcached=70.0%
[monitor] ['69%', '100%', '77%', '98%']  memcached=69.0%
[monitor] ['64%', '100%', '78%', '98%']  memcached=64.3%
[monitor] ['76%', '100%', '82%', '97%']  memcached=75.8%
[monitor] ['73%', '100%', '79%', '98%']  memcached=73.3%
[monitor] ['67%', '100%', '79%', '98%']  memcached=66.7%
[monitor] ['70%', '100%', '79%', '100%']  memcached=70.0%
[monitor] ['74%', '100%', '80%', '98%']  memcached=74.2%
[monitor] ['69%', '100%', '80%', '98%']  memcached=69.0%
[monitor] ['79%', '100%', '74%', '98%']  memcached=78.8%
[monitor] ['69%', '100%', '79%', '98%']  memcached=69.0%
[monitor] ['69%', '100%', '77%', '98%']  memcached=69.0%
[monitor] ['71%', '98%', '77%', '100%']  memcached=71.0%
[monitor] ['70%', '100%', '76%', '95%']  memcached=70.0%
[monitor] ['73%', '100%', '78%', '98%']  memcached=73.3%
[monitor] ['71%', '100%', '79%', '98%']  memcached=71.0%
[monitor] ['69%', '100%', '74%', '97%']  memcached=69.0%
[monitor] ['82%', '100%', '77%', '100%']  memcached=81.8%
[monitor] ['82%', '100%', '74%', '95%']  memcached=82.4%
[monitor] ['85%', '100%', '79%', '98%']  memcached=85.3%
[MEMCACHED] cores updated to: ['0', '3']
[streamcluster] cores updated to: [1, 2]
[monitor] ['33%', '95%', '98%', '37%']  memcached=70.4%
[MEMCACHED] cores updated to: ['0']
[streamcluster] cores updated to: [3, 1, 2]
[monitor] ['82%', '100%', '78%', '100%']  memcached=81.8%
[monitor] ['82%', '100%', '74%', '95%']  memcached=81.8%
[monitor] ['82%', '100%', '75%', '100%']  memcached=81.8%
[monitor] ['86%', '100%', '74%', '95%']  memcached=85.7%
[MEMCACHED] cores updated to: ['0', '1']
[streamcluster] cores updated to: [3, 2]
[monitor] ['37%', '45%', '92%', '98%']  memcached=81.9%
[monitor] ['33%', '39%', '95%', '98%']  memcached=72.6%
[MEMCACHED] cores updated to: ['0']
[streamcluster] cores updated to: [3, 1, 2]
[monitor] ['78%', '100%', '77%', '98%']  memcached=78.1%
[monitor] ['80%', '98%', '75%', '98%']  memcached=80.0%
[monitor] ['77%', '100%', '74%', '98%']  memcached=77.4%
[monitor] ['74%', '61%', '87%', '59%']  memcached=74.2%
[monitor] ['77%', '69%', '82%', '59%']  memcached=76.7%
[monitor] ['77%', '95%', '75%', '98%']  memcached=77.4%
[monitor] ['83%', '97%', '79%', '98%']  memcached=83.3%
[monitor] ['77%', '100%', '74%', '98%']  memcached=77.4%
[monitor] ['79%', '100%', '75%', '98%']  memcached=79.4%
[monitor] ['82%', '100%', '77%', '98%']  memcached=82.4%
[monitor] ['82%', '100%', '78%', '95%']  memcached=82.4%
[monitor] ['89%', '100%', '77%', '95%']  memcached=88.9%
[MEMCACHED] cores updated to: ['0', '2']
[streamcluster] cores updated to: [3, 1]
[monitor] ['32%', '98%', '28%', '100%']  memcached=60.1%
[MEMCACHED] cores updated to: ['0']
[streamcluster] cores updated to: [3, 1, 2]
[monitor] ['81%', '100%', '78%', '97%']  memcached=80.6%
[monitor] ['83%', '100%', '83%', '95%']  memcached=83.3%
[monitor] ['75%', '100%', '77%', '97%']  memcached=75.0%
[monitor] ['82%', '100%', '78%', '98%']  memcached=81.8%
[monitor] ['81%', '100%', '74%', '98%']  memcached=80.6%
[monitor] ['86%', '100%', '75%', '98%']  memcached=85.7%
[MEMCACHED] cores updated to: ['0', '3']
[streamcluster] cores updated to: [1, 2]
[monitor] ['37%', '100%', '92%', '45%']  memcached=81.9%
[monitor] ['39%', '95%', '93%', '38%']  memcached=77.7%
[MEMCACHED] cores updated to: ['0']
[streamcluster] cores updated to: [3, 1, 2]
[monitor] ['82%', '100%', '82%', '100%']  memcached=82.4%
[monitor] ['89%', '100%', '87%', '95%']  memcached=88.6%
[MEMCACHED] cores updated to: ['0', '1']
[streamcluster] cores updated to: [3, 2]
[monitor] ['31%', '48%', '95%', '97%']  memcached=79.0%
[MEMCACHED] cores updated to: ['0']
[streamcluster] cores updated to: [3, 1, 2]
[monitor] ['81%', '98%', '78%', '98%']  memcached=81.2%
[monitor] ['63%', '100%', '78%', '98%']  memcached=63.0%
[monitor] ['36%', '100%', '78%', '100%']  memcached=36.0%
[monitor] ['27%', '100%', '77%', '98%']  memcached=27.3%
[monitor] ['32%', '100%', '79%', '100%']  memcached=31.8%
[monitor] ['48%', '100%', '82%', '97%']  memcached=48.1%
[monitor] ['36%', '100%', '82%', '98%']  memcached=36.4%
[monitor] ['59%', '95%', '88%', '95%']  memcached=58.6%
[monitor] ['56%', '98%', '77%', '95%']  memcached=55.6%
[monitor] ['64%', '97%', '80%', '95%']  memcached=64.3%
[monitor] ['57%', '100%', '82%', '98%']  memcached=57.1%
[monitor] ['50%', '98%', '87%', '95%']  memcached=50.0%
[monitor] ['82%', '78%', '90%', '78%']  memcached=82.4%
[monitor] ['56%', '95%', '85%', '92%']  memcached=55.6%
[monitor] ['48%', '98%', '85%', '98%']  memcached=48.0%
[monitor] ['35%', '100%', '78%', '98%']  memcached=34.8%
[monitor] ['62%', '92%', '79%', '92%']  memcached=62.1%
[monitor] ['46%', '100%', '79%', '98%']  memcached=46.2%
[monitor] ['56%', '100%', '84%', '98%']  memcached=55.6%
[monitor] ['50%', '95%', '90%', '95%']  memcached=50.0%
[monitor] ['38%', '98%', '76%', '98%']  memcached=37.5%
[monitor] ['38%', '100%', '76%', '100%']  memcached=37.5%
[monitor] ['48%', '97%', '85%', '98%']  memcached=48.0%
[monitor] ['40%', '100%', '75%', '98%']  memcached=40.0%
[monitor] ['38%', '100%', '79%', '98%']  memcached=37.5%
[monitor] ['33%', '98%', '78%', '100%']  memcached=33.3%
[monitor] ['42%', '100%', '82%', '97%']  memcached=41.7%
[monitor] ['30%', '100%', '77%', '100%']  memcached=30.4%
[monitor] ['38%', '100%', '77%', '98%']  memcached=37.5%
[monitor] ['48%', '100%', '74%', '98%']  memcached=48.0%
[monitor] ['50%', '100%', '79%', '98%']  memcached=50.0%
[monitor] ['33%', '100%', '76%', '100%']  memcached=33.3%
[monitor] ['44%', '100%', '82%', '98%']  memcached=44.0%
[monitor] ['50%', '100%', '80%', '100%']  memcached=50.0%
[monitor] ['42%', '100%', '79%', '98%']  memcached=41.7%
[monitor] ['44%', '100%', '77%', '97%']  memcached=44.0%
[monitor] ['48%', '100%', '82%', '98%']  memcached=48.1%
[monitor] ['32%', '98%', '78%', '98%']  memcached=31.8%
[monitor] ['61%', '100%', '79%', '98%']  memcached=60.7%
[monitor] ['100%', '100%', '73%', '95%']  memcached=100.0%
[MEMCACHED] cores updated to: ['0', '2', '3']
[streamcluster] cores updated to: [1]
[monitor] ['40%', '100%', '36%', '48%']  memcached=124.1%
[MEMCACHED] cores updated to: ['0', '3']
[streamcluster] cores updated to: [2, 1]
[monitor] ['60%', '95%', '95%', '72%']  memcached=131.9%
[monitor] ['62%', '98%', '90%', '66%']  memcached=128.1%
[monitor] ['64%', '100%', '90%', '68%']  memcached=131.4%
[monitor] ['72%', '98%', '85%', '71%']  memcached=142.5%
[monitor] ['65%', '100%', '95%', '69%']  memcached=133.1%
[monitor] ['55%', '92%', '95%', '62%']  memcached=117.7%
[monitor] ['59%', '95%', '88%', '68%']  memcached=127.1%
[monitor] ['55%', '95%', '89%', '67%']  memcached=121.8%
[monitor] ['61%', '90%', '95%', '66%']  memcached=126.9%
[monitor] ['54%', '100%', '82%', '61%']  memcached=114.9%
[monitor] ['52%', '90%', '88%', '71%']  memcached=122.6%
[monitor] ['66%', '100%', '85%', '62%']  memcached=128.1%
[monitor] ['58%', '100%', '85%', '74%']  memcached=131.6%
[monitor] ['61%', '98%', '87%', '63%']  memcached=124.6%
[monitor] ['66%', '95%', '92%', '71%']  memcached=136.2%
[monitor] ['57%', '98%', '87%', '66%']  memcached=122.3%
[monitor] ['63%', '100%', '90%', '70%']  memcached=133.0%
[monitor] ['69%', '95%', '82%', '65%']  memcached=133.1%
[monitor] ['68%', '100%', '95%', '68%']  memcached=135.4%
[monitor] ['61%', '100%', '87%', '69%']  memcached=130.0%
[monitor] ['58%', '95%', '92%', '66%']  memcached=123.7%
[monitor] ['62%', '98%', '87%', '66%']  memcached=128.1%
[monitor] ['63%', '98%', '88%', '66%']  memcached=129.0%
[monitor] ['64%', '95%', '87%', '65%']  memcached=128.3%
[monitor] ['59%', '98%', '90%', '65%']  memcached=123.1%
[monitor] ['61%', '100%', '85%', '70%']  memcached=131.0%
[monitor] ['65%', '98%', '98%', '69%']  memcached=133.5%
[monitor] ['63%', '98%', '95%', '62%']  memcached=125.4%
[monitor] ['61%', '98%', '85%', '69%']  memcached=130.0%
[monitor] ['64%', '98%', '89%', '69%']  memcached=132.2%
[monitor] ['63%', '100%', '90%', '73%']  memcached=136.1%
[monitor] ['56%', '97%', '90%', '61%']  memcached=117.5%
[monitor] ['60%', '95%', '92%', '68%']  memcached=127.6%
[monitor] ['66%', '97%', '92%', '66%']  memcached=131.2%
[monitor] ['67%', '95%', '85%', '74%']  memcached=140.2%
[monitor] ['76%', '98%', '90%', '73%']  memcached=148.5%
[monitor] ['68%', '97%', '95%', '76%']  memcached=143.5%
[monitor] ['70%', '100%', '82%', '83%']  memcached=153.0%
[monitor] ['73%', '98%', '92%', '73%']  memcached=145.5%
[monitor] ['70%', '92%', '95%', '83%']  memcached=152.6%
[monitor] ['73%', '92%', '95%', '80%']  memcached=152.7%
[monitor] ['69%', '95%', '95%', '89%']  memcached=157.9%
[monitor] ['66%', '95%', '92%', '78%']  memcached=143.4%
[monitor] ['74%', '98%', '90%', '83%']  memcached=156.4%
[monitor] ['70%', '88%', '97%', '89%']  memcached=158.6%
[monitor] ['71%', '95%', '95%', '81%']  memcached=151.1%
[monitor] ['71%', '95%', '90%', '81%']  memcached=151.1%
[monitor] ['71%', '92%', '97%', '76%']  memcached=146.3%
[monitor] ['74%', '100%', '93%', '84%']  memcached=158.1%
[monitor] ['73%', '95%', '98%', '77%']  memcached=149.9%
[monitor] ['70%', '95%', '92%', '79%']  memcached=149.1%
[monitor] ['71%', '98%', '90%', '81%']  memcached=152.0%
[monitor] ['65%', '92%', '89%', '73%']  memcached=137.2%
[monitor] ['72%', '95%', '95%', '74%']  memcached=145.4%
[monitor] ['73%', '92%', '95%', '80%']  memcached=152.7%
[monitor] ['73%', '97%', '87%', '79%']  memcached=152.1%
[monitor] ['69%', '95%', '92%', '81%']  memcached=150.0%
[monitor] ['72%', '97%', '87%', '77%']  memcached=149.0%
[monitor] ['71%', '92%', '93%', '74%']  memcached=144.1%
[monitor] ['74%', '95%', '88%', '79%']  memcached=152.3%
[monitor] ['70%', '97%', '90%', '73%']  memcached=142.4%
[monitor] ['67%', '98%', '95%', '74%']  memcached=140.2%
[monitor] ['74%', '89%', '95%', '84%']  memcached=157.3%
[monitor] ['78%', '97%', '92%', '79%']  memcached=157.2%
[monitor] ['73%', '95%', '92%', '76%']  memcached=148.5%
[monitor] ['73%', '97%', '95%', '76%']  memcached=149.2%
[monitor] ['70%', '100%', '90%', '81%']  memcached=150.3%
[monitor] ['73%', '93%', '95%', '83%']  memcached=156.1%
[monitor] ['76%', '100%', '90%', '80%']  memcached=156.5%
[monitor] ['76%', '98%', '90%', '80%']  memcached=155.8%
[monitor] ['72%', '100%', '82%', '79%']  memcached=151.3%
[monitor] ['60%', '98%', '92%', '60%']  memcached=120.0%
[monitor] ['43%', '97%', '92%', '48%']  memcached=91.0%
[monitor] ['52%', '100%', '92%', '43%']  memcached=94.6%
[monitor] ['48%', '100%', '92%', '53%']  memcached=101.6%
[monitor] ['46%', '95%', '95%', '43%']  memcached=89.3%
[monitor] ['41%', '95%', '88%', '46%']  memcached=87.2%
[monitor] ['24%', '100%', '14%', '36%']  memcached=60.0%
[MEMCACHED] cores updated to: ['0']
[streamcluster] cores updated to: [2, 1, 3]
[monitor] ['86%', '90%', '70%', '98%']  memcached=86.1%
[MEMCACHED] cores updated to: ['0', '1']
[streamcluster] cores updated to: [2, 3]
[monitor] ['44%', '58%', '95%', '95%']  memcached=102.5%
[monitor] ['41%', '46%', '93%', '95%']  memcached=87.2%
[monitor] ['37%', '52%', '92%', '98%']  memcached=88.8%
[monitor] ['41%', '52%', '90%', '97%']  memcached=92.5%
[monitor] ['48%', '50%', '92%', '100%']  memcached=98.3%
[monitor] ['47%', '48%', '92%', '92%']  memcached=94.9%
[monitor] ['44%', '41%', '88%', '98%']  memcached=85.8%
[monitor] ['39%', '46%', '95%', '95%']  memcached=85.7%
[monitor] ['41%', '45%', '97%', '95%']  memcached=85.6%
[monitor] ['59%', '55%', '95%', '97%']  memcached=113.5%
[monitor] ['48%', '59%', '95%', '95%']  memcached=107.8%
[monitor] ['48%', '48%', '88%', '97%']  memcached=96.4%
[monitor] ['47%', '53%', '92%', '97%']  memcached=100.0%
[monitor] ['50%', '58%', '92%', '98%']  memcached=108.1%
[monitor] ['46%', '43%', '95%', '98%']  memcached=89.3%
[monitor] ['52%', '59%', '95%', '95%']  memcached=111.0%
[monitor] ['53%', '46%', '90%', '100%']  memcached=99.8%
[monitor] ['38%', '53%', '85%', '97%']  memcached=91.8%
[monitor] ['50%', '52%', '95%', '97%']  memcached=101.6%
[monitor] ['53%', '55%', '88%', '98%']  memcached=108.0%
[monitor] ['46%', '53%', '95%', '95%']  memcached=99.8%
[monitor] ['44%', '41%', '92%', '95%']  memcached=85.2%
[monitor] ['44%', '48%', '92%', '95%']  memcached=92.7%
[monitor] ['48%', '48%', '95%', '95%']  memcached=96.7%
[monitor] ['55%', '52%', '95%', '93%']  memcached=106.9%
[monitor] ['40%', '53%', '90%', '95%']  memcached=93.3%
[monitor] ['44%', '43%', '95%', '100%']  memcached=87.8%
[monitor] ['38%', '48%', '90%', '98%']  memcached=86.7%
[monitor] ['43%', '41%', '90%', '98%']  memcached=83.6%
[monitor] ['42%', '44%', '95%', '98%']  memcached=86.4%
[monitor] ['44%', '52%', '100%', '95%']  memcached=96.1%
[monitor] ['46%', '45%', '90%', '98%']  memcached=91.3%
[monitor] ['48%', '50%', '95%', '95%']  memcached=98.3%
[monitor] ['43%', '40%', '92%', '100%']  memcached=82.9%
[monitor] ['44%', '45%', '90%', '97%']  memcached=89.3%
[monitor] ['33%', '41%', '98%', '92%']  memcached=74.1%
[MEMCACHED] cores updated to: ['0']
[streamcluster] cores updated to: [2, 1, 3]
[monitor] ['83%', '100%', '79%', '98%']  memcached=83.3%
[monitor] ['89%', '100%', '70%', '95%']  memcached=88.9%
[MEMCACHED] cores updated to: ['0', '3']
[streamcluster] cores updated to: [2, 1]
[monitor] ['45%', '100%', '90%', '48%']  memcached=93.1%
[monitor] ['41%', '98%', '92%', '46%']  memcached=87.2%
[monitor] ['41%', '98%', '95%', '45%']  memcached=86.2%
[monitor] ['38%', '97%', '95%', '48%']  memcached=86.6%
[monitor] ['43%', '92%', '95%', '50%']  memcached=93.3%
[monitor] ['45%', '100%', '95%', '48%']  memcached=93.1%
[monitor] ['43%', '98%', '93%', '50%']  memcached=92.9%
[monitor] ['50%', '100%', '92%', '53%']  memcached=103.1%
[monitor] ['44%', '95%', '90%', '47%']  memcached=91.1%
[monitor] ['45%', '97%', '98%', '50%']  memcached=94.8%
[monitor] ['48%', '95%', '100%', '52%']  memcached=100.0%
[monitor] ['39%', '100%', '90%', '46%']  memcached=85.7%
[monitor] ['53%', '95%', '95%', '55%']  memcached=108.2%
[monitor] ['50%', '100%', '89%', '50%']  memcached=100.0%
[monitor] ['46%', '95%', '98%', '48%']  memcached=94.7%
[monitor] ['54%', '100%', '83%', '62%']  memcached=116.1%
[monitor] ['45%', '98%', '95%', '55%']  memcached=100.0%
[monitor] ['46%', '95%', '95%', '46%']  memcached=92.9%
[monitor] ['44%', '97%', '92%', '52%']  memcached=96.1%
[monitor] ['45%', '95%', '92%', '48%']  memcached=93.1%
[monitor] ['48%', '100%', '92%', '52%']  memcached=99.9%
[monitor] ['43%', '93%', '95%', '48%']  memcached=91.1%
[monitor] ['39%', '100%', '92%', '48%']  memcached=87.6%
[monitor] ['37%', '97%', '92%', '35%']  memcached=71.7%
[MEMCACHED] cores updated to: ['0']
[streamcluster] cores updated to: [2, 1, 3]
[monitor] ['95%', '100%', '85%', '98%']  memcached=94.6%
[MEMCACHED] cores updated to: ['0', '2']
[streamcluster] cores updated to: [1, 3]
[monitor] ['43%', '98%', '41%', '97%']  memcached=84.7%
[monitor] ['43%', '98%', '39%', '97%']  memcached=82.1%
[monitor] ['65%', '100%', '66%', '98%']  memcached=130.1%
[monitor] ['97%', '100%', '95%', '98%']  memcached=192.4%
[MEMCACHED] cores updated to: ['0', '1', '2']
[streamcluster] cores updated to: [3]
[monitor] ['71%', '81%', '66%', '100%']  memcached=218.1%
[monitor] ['79%', '89%', '66%', '100%']  memcached=234.5%
[monitor] ['76%', '100%', '63%', '100%']  memcached=239.1%
[monitor] ['70%', '90%', '63%', '100%']  memcached=222.8%
[monitor] ['70%', '87%', '62%', '100%']  memcached=219.4%
[monitor] ['72%', '89%', '62%', '100%']  memcached=223.8%
[monitor] ['72%', '83%', '59%', '100%']  memcached=214.6%
[monitor] ['72%', '87%', '59%', '100%']  memcached=217.3%
[monitor] ['71%', '82%', '59%', '100%']  memcached=210.8%
[monitor] ['70%', '83%', '58%', '100%']  memcached=211.1%
[monitor] ['81%', '89%', '77%', '100%']  memcached=247.4%
[monitor] ['83%', '95%', '71%', '100%']  memcached=248.8%
[monitor] ['74%', '90%', '58%', '100%']  memcached=221.3%
[monitor] ['76%', '83%', '68%', '100%']  memcached=226.8%
[monitor] ['67%', '83%', '62%', '100%']  memcached=212.5%
[monitor] ['77%', '86%', '66%', '100%']  memcached=229.3%
[monitor] ['75%', '90%', '65%', '100%']  memcached=229.3%
[monitor] ['76%', '87%', '59%', '100%']  memcached=221.8%
[monitor] ['83%', '95%', '69%', '100%']  memcached=246.5%
[monitor] ['71%', '89%', '65%', '100%']  memcached=225.6%
[monitor] ['80%', '92%', '66%', '100%']  memcached=237.7%
[monitor] ['73%', '84%', '62%', '100%']  memcached=218.6%
[monitor] ['83%', '92%', '72%', '100%']  memcached=247.0%
[monitor] ['77%', '92%', '67%', '100%']  memcached=236.1%
[monitor] ['79%', '89%', '64%', '100%']  memcached=232.5%
[monitor] ['83%', '89%', '76%', '100%']  memcached=248.6%
[monitor] ['68%', '83%', '57%', '100%']  memcached=207.7%
[monitor] ['74%', '86%', '61%', '100%']  memcached=221.7%
[monitor] ['69%', '81%', '60%', '100%']  memcached=209.8%
[monitor] ['68%', '83%', '55%', '100%']  memcached=206.2%
[monitor] ['70%', '84%', '60%', '100%']  memcached=213.5%
[monitor] ['72%', '89%', '62%', '100%']  memcached=223.6%
[monitor] ['69%', '80%', '57%', '100%']  memcached=205.2%
[monitor] ['66%', '83%', '57%', '100%']  memcached=205.5%
[monitor] ['74%', '89%', '61%', '100%']  memcached=224.3%
[monitor] ['31%', '44%', '24%', '100%']  memcached=100.1%
[MEMCACHED] cores updated to: ['0', '2']
[streamcluster] cores updated to: [1, 3]
[monitor] ['27%', '97%', '3%', '100%']  memcached=29.5%
[MEMCACHED] cores updated to: ['0']
[streamcluster] cores updated to: [2, 1, 3]
[monitor] ['11%', '100%', '83%', '100%']  memcached=11.1%
[monitor] ['6%', '100%', '79%', '100%']  memcached=5.7%
[monitor] ['9%', '98%', '79%', '100%']  memcached=8.6%
[monitor] ['11%', '100%', '77%', '100%']  memcached=11.4%
[monitor] ['9%', '100%', '82%', '98%']  memcached=8.6%
[monitor] ['14%', '98%', '75%', '100%']  memcached=13.5%
[monitor] ['11%', '100%', '75%', '100%']  memcached=10.8%
[monitor] ['6%', '100%', '70%', '100%']  memcached=5.9%
[monitor] ['8%', '100%', '70%', '100%']  memcached=8.3%
[monitor] ['9%', '98%', '75%', '100%']  memcached=8.6%
[monitor] ['6%', '100%', '77%', '100%']  memcached=5.7%
[monitor] ['11%', '100%', '77%', '98%']  memcached=11.1%
[monitor] ['9%', '100%', '73%', '100%']  memcached=8.6%
[monitor] ['8%', '100%', '74%', '100%']  memcached=8.3%
[monitor] ['6%', '100%', '78%', '100%']  memcached=5.7%
[monitor] ['9%', '98%', '80%', '100%']  memcached=8.6%
[monitor] ['6%', '100%', '72%', '100%']  memcached=5.9%
[monitor] ['9%', '100%', '69%', '98%']  memcached=8.6%
[monitor] ['8%', '100%', '80%', '100%']  memcached=8.3%
[monitor] ['0%', '100%', '78%', '100%']  memcached=0.0%
[monitor] ['11%', '100%', '78%', '100%']  memcached=10.8%
[monitor] ['12%', '88%', '87%', '87%']  memcached=11.8%
[monitor] ['3%', '100%', '78%', '100%']  memcached=2.9%
[monitor] ['0%', '100%', '75%', '100%']  memcached=0.0%
[monitor] ['11%', '100%', '78%', '100%']  memcached=11.1%
[monitor] ['13%', '100%', '74%', '100%']  memcached=13.2%
[monitor] ['9%', '100%', '78%', '98%']  memcached=8.6%
[monitor] ['9%', '98%', '78%', '100%']  memcached=8.6%
[monitor] ['11%', '100%', '75%', '100%']  memcached=11.1%
[monitor] ['6%', '100%', '77%', '100%']  memcached=5.9%
[monitor] ['3%', '100%', '80%', '100%']  memcached=3.0%
[monitor] ['14%', '98%', '77%', '98%']  memcached=14.3%
[monitor] ['6%', '100%', '80%', '100%']  memcached=5.9%
[monitor] ['15%', '100%', '78%', '100%']  memcached=15.4%
[monitor] ['9%', '100%', '78%', '100%']  memcached=8.6%
[monitor] ['7%', '100%', '65%', '98%']  memcached=6.9%
[monitor] ['10%', '100%', '79%', '100%']  memcached=10.3%
[monitor] ['4%', '98%', '77%', '100%']  memcached=3.7%
[monitor] ['13%', '100%', '78%', '98%']  memcached=13.3%
[monitor] ['0%', '100%', '79%', '100%']  memcached=0.0%
[monitor] ['7%', '100%', '77%', '100%']  memcached=7.1%
[monitor] ['10%', '100%', '79%', '98%']  memcached=10.0%
[monitor] ['4%', '100%', '78%', '100%']  memcached=3.6%
[monitor] ['7%', '100%', '78%', '100%']  memcached=7.1%
[monitor] ['10%', '100%', '80%', '100%']  memcached=10.0%
[monitor] ['7%', '100%', '75%', '98%']  memcached=6.9%
[monitor] ['7%', '100%', '79%', '100%']  memcached=7.4%
[monitor] ['10%', '100%', '79%', '100%']  memcached=10.0%
[monitor] ['7%', '98%', '78%', '100%']  memcached=6.9%
[monitor] ['4%', '100%', '77%', '98%']  memcached=3.7%
[monitor] ['7%', '100%', '79%', '100%']  memcached=6.9%
[monitor] ['7%', '100%', '82%', '100%']  memcached=7.1%
[monitor] ['4%', '100%', '78%', '100%']  memcached=3.7%
[monitor] ['4%', '100%', '82%', '98%']  memcached=3.7%
[monitor] ['4%', '100%', '76%', '100%']  memcached=3.6%
[monitor] ['4%', '100%', '77%', '100%']  memcached=3.6%
[monitor] ['14%', '100%', '80%', '98%']  memcached=13.8%
[monitor] ['7%', '100%', '79%', '100%']  memcached=7.1%
[monitor] ['7%', '100%', '79%', '100%']  memcached=7.1%
[monitor] ['10%', '98%', '78%', '98%']  memcached=10.3%
[monitor] ['3%', '100%', '78%', '100%']  memcached=3.4%
[monitor] ['4%', '100%', '79%', '100%']  memcached=3.7%
[monitor] ['10%', '100%', '80%', '100%']  memcached=10.3%
[monitor] ['4%', '100%', '78%', '98%']  memcached=3.7%
[monitor] ['10%', '100%', '80%', '100%']  memcached=10.0%
[monitor] ['7%', '100%', '79%', '100%']  memcached=7.1%
[monitor] ['11%', '100%', '80%', '100%']  memcached=10.7%
[monitor] ['0%', '100%', '78%', '100%']  memcached=0.0%
[monitor] ['10%', '100%', '80%', '98%']  memcached=10.3%
[monitor] ['0%', '100%', '80%', '100%']  memcached=0.0%
[monitor] ['10%', '83%', '57%', '92%']  memcached=9.7%
[monitor] ['4%', '64%', '49%', '98%']  memcached=3.6%
[monitor] ['3%', '95%', '77%', '98%']  memcached=3.4%
[monitor] ['6%', '100%', '78%', '100%']  memcached=5.9%
[monitor] ['3%', '100%', '78%', '100%']  memcached=3.1%
[monitor] ['9%', '100%', '74%', '100%']  memcached=8.6%
[monitor] ['6%', '100%', '77%', '98%']  memcached=6.2%
[monitor] ['6%', '100%', '68%', '100%']  memcached=6.1%
[monitor] ['9%', '100%', '75%', '100%']  memcached=8.6%
[monitor] ['11%', '100%', '78%', '100%']  memcached=11.4%
[monitor] ['6%', '100%', '75%', '100%']  memcached=6.1%
[monitor] ['6%', '98%', '75%', '100%']  memcached=6.1%
[monitor] ['9%', '100%', '80%', '98%']  memcached=8.6%
[monitor] ['6%', '100%', '78%', '100%']  memcached=6.1%
[monitor] ['9%', '100%', '82%', '98%']  memcached=8.8%
[monitor] ['11%', '98%', '85%', '100%']  memcached=11.4%
[monitor] ['9%', '100%', '75%', '100%']  memcached=8.8%
[monitor] ['11%', '100%', '78%', '100%']  memcached=11.4%
[monitor] ['11%', '100%', '75%', '100%']  memcached=11.4%
[monitor] ['11%', '100%', '77%', '98%']  memcached=11.1%
[monitor] ['3%', '100%', '64%', '100%']  memcached=3.1%
[monitor] ['9%', '100%', '68%', '100%']  memcached=8.8%
[monitor] ['6%', '100%', '73%', '100%']  memcached=6.1%
[monitor] ['6%', '100%', '77%', '100%']  memcached=6.1%
[monitor] ['14%', '100%', '79%', '100%']  memcached=13.9%
[monitor] ['9%', '100%', '78%', '98%']  memcached=8.6%
[monitor] ['18%', '100%', '73%', '100%']  memcached=18.4%
[monitor] ['9%', '100%', '79%', '100%']  memcached=8.8%
[monitor] ['9%', '100%', '78%', '100%']  memcached=8.8%
[monitor] ['6%', '100%', '78%', '100%']  memcached=5.9%
[monitor] ['11%', '100%', '76%', '100%']  memcached=11.4%
[monitor] ['6%', '100%', '78%', '98%']  memcached=6.1%
[monitor] ['12%', '100%', '77%', '100%']  memcached=11.8%
[monitor] ['6%', '98%', '78%', '100%']  memcached=6.1%
[monitor] ['6%', '100%', '75%', '100%']  memcached=6.1%
[monitor] ['6%', '100%', '80%', '100%']  memcached=5.9%
[monitor] ['9%', '100%', '77%', '98%']  memcached=8.8%
[monitor] ['14%', '100%', '75%', '100%']  memcached=13.9%
[monitor] ['9%', '100%', '78%', '100%']  memcached=8.8%
[monitor] ['21%', '98%', '77%', '100%']  memcached=21.2%
[monitor] ['76%', '100%', '78%', '98%']  memcached=76.5%
[monitor] ['83%', '100%', '72%', '97%']  memcached=82.9%
[monitor] ['77%', '100%', '75%', '100%']  memcached=76.7%
[monitor] ['74%', '100%', '78%', '98%']  memcached=74.2%
[monitor] ['78%', '100%', '79%', '98%']  memcached=78.1%
[monitor] ['75%', '100%', '77%', '98%']  memcached=75.0%
[monitor] ['82%', '98%', '82%', '97%']  memcached=82.4%
[monitor] ['75%', '100%', '74%', '98%']  memcached=75.0%
[monitor] ['77%', '100%', '78%', '98%']  memcached=77.4%
[monitor] ['78%', '100%', '79%', '97%']  memcached=78.1%
[monitor] ['78%', '100%', '77%', '98%']  memcached=78.1%
[monitor] ['82%', '100%', '80%', '100%']  memcached=81.8%
[monitor] ['78%', '100%', '79%', '98%']  memcached=78.1%
[monitor] ['73%', '98%', '72%', '100%']  memcached=73.3%
[monitor] ['79%', '100%', '76%', '98%']  memcached=79.4%
[monitor] ['73%', '100%', '75%', '98%']  memcached=73.3%
[monitor] ['76%', '100%', '75%', '100%']  memcached=75.8%
[monitor] ['79%', '98%', '79%', '100%']  memcached=78.8%
[monitor] ['72%', '100%', '75%', '98%']  memcached=72.4%
[monitor] ['82%', '100%', '77%', '98%']  memcached=81.8%
[monitor] ['72%', '100%', '76%', '100%']  memcached=71.9%
[monitor] ['73%', '100%', '78%', '98%']  memcached=73.3%
[monitor] ['75%', '100%', '76%', '98%']  memcached=75.0%
[monitor] ['73%', '100%', '77%', '98%']  memcached=73.3%
[monitor] ['79%', '100%', '78%', '98%']  memcached=78.8%
[monitor] ['77%', '100%', '78%', '100%']  memcached=77.4%
[monitor] ['74%', '100%', '76%', '98%']  memcached=74.2%
[monitor] ['78%', '100%', '75%', '97%']  memcached=78.1%
[monitor] ['82%', '100%', '79%', '98%']  memcached=81.8%
[monitor] ['78%', '98%', '78%', '98%']  memcached=78.1%
[monitor] ['78%', '100%', '75%', '98%']  memcached=78.1%
[monitor] ['79%', '100%', '74%', '95%']  memcached=78.8%
[monitor] ['77%', '100%', '77%', '98%']  memcached=76.7%
[monitor] ['75%', '100%', '79%', '100%']  memcached=75.0%
[monitor] ['73%', '100%', '76%', '98%']  memcached=73.3%
[monitor] ['74%', '100%', '77%', '98%']  memcached=74.2%
[monitor] ['73%', '100%', '77%', '98%']  memcached=72.7%
[monitor] ['0%', '100%', '78%', '100%']  memcached=0.0%
[monitor] ['14%', '100%', '82%', '98%']  memcached=13.8%
[monitor] ['0%', '100%', '78%', '100%']  memcached=0.0%
[monitor] ['10%', '98%', '80%', '100%']  memcached=10.3%
[monitor] ['7%', '100%', '77%', '98%']  memcached=7.1%
[monitor] ['11%', '100%', '77%', '100%']  memcached=11.1%
[monitor] ['4%', '100%', '78%', '100%']  memcached=3.7%
[monitor] ['7%', '100%', '78%', '100%']  memcached=7.1%
[monitor] ['7%', '100%', '80%', '98%']  memcached=7.4%
[monitor] ['7%', '100%', '78%', '100%']  memcached=6.9%
[monitor] ['11%', '100%', '80%', '100%']  memcached=10.7%
[monitor] ['4%', '100%', '79%', '100%']  memcached=3.7%
[monitor] ['7%', '98%', '75%', '98%']  memcached=7.1%
[monitor] ['4%', '100%', '75%', '100%']  memcached=3.8%
[monitor] ['4%', '100%', '77%', '100%']  memcached=3.7%
[monitor] ['7%', '100%', '76%', '98%']  memcached=6.9%
[monitor] ['4%', '100%', '75%', '100%']  memcached=3.7%
[monitor] ['7%', '100%', '75%', '100%']  memcached=7.1%
[monitor] ['7%', '100%', '77%', '100%']  memcached=7.1%
[monitor] ['4%', '100%', '77%', '98%']  memcached=3.8%
[monitor] ['4%', '100%', '76%', '100%']  memcached=3.7%
[monitor] ['7%', '100%', '87%', '98%']  memcached=7.4%
[monitor] ['4%', '98%', '76%', '100%']  memcached=3.7%
[monitor] ['10%', '100%', '78%', '98%']  memcached=10.3%
[monitor] ['14%', '100%', '80%', '98%']  memcached=14.3%
[monitor] ['11%', '98%', '85%', '97%']  memcached=11.1%
[monitor] ['4%', '100%', '77%', '100%']  memcached=3.7%
[monitor] ['7%', '100%', '77%', '98%']  memcached=7.4%
[monitor] ['8%', '100%', '82%', '100%']  memcached=7.7%
[monitor] ['25%', '95%', '87%', '95%']  memcached=25.0%
[monitor] ['14%', '100%', '82%', '98%']  memcached=14.3%
[monitor] ['7%', '98%', '79%', '100%']  memcached=7.4%
[monitor] ['4%', '100%', '78%', '98%']  memcached=3.7%
[monitor] ['19%', '100%', '80%', '100%']  memcached=18.5%
[monitor] ['4%', '100%', '77%', '100%']  memcached=3.7%
[monitor] ['8%', '100%', '80%', '98%']  memcached=7.7%
[monitor] ['7%', '100%', '79%', '100%']  memcached=7.1%
[monitor] ['98%', '100%', '75%', '98%']  memcached=97.5%
[MEMCACHED] cores updated to: ['0', '2', '3']
[streamcluster] cores updated to: [1]
[monitor] ['76%', '100%', '66%', '71%']  memcached=212.7%
[monitor] ['48%', '100%', '41%', '57%']  memcached=145.7%
[MEMCACHED] cores updated to: ['0', '3']
[streamcluster] cores updated to: [2, 1]
[monitor] ['73%', '95%', '95%', '92%']  memcached=164.8%
[monitor] ['76%', '95%', '92%', '86%']  memcached=162.2%
[monitor] ['71%', '90%', '93%', '95%']  memcached=165.6%
[monitor] ['73%', '89%', '92%', '92%']  memcached=165.0%
[monitor] ['67%', '89%', '100%', '97%']  memcached=164.0%
[monitor] ['76%', '98%', '85%', '89%']  memcached=165.4%
[monitor] ['79%', '100%', '90%', '83%']  memcached=162.3%
[monitor] ['78%', '92%', '95%', '97%']  memcached=175.2%
[MEMCACHED] cores updated to: ['0', '1', '3']
[streamcluster] cores updated to: [2]
[monitor] ['52%', '59%', '100%', '62%']  memcached=173.5%
[monitor] ['55%', '59%', '100%', '59%']  memcached=173.2%
[monitor] ['53%', '64%', '100%', '61%']  memcached=178.3%
[monitor] ['64%', '68%', '100%', '67%']  memcached=198.0%
[monitor] ['55%', '61%', '100%', '57%']  memcached=172.1%
[monitor] ['53%', '57%', '100%', '61%']  memcached=171.3%
[monitor] ['58%', '67%', '100%', '65%']  memcached=189.2%
[monitor] ['56%', '62%', '100%', '61%']  memcached=178.6%
[monitor] ['47%', '58%', '100%', '57%']  memcached=161.4%
[monitor] ['55%', '61%', '100%', '59%']  memcached=174.8%
[monitor] ['48%', '58%', '100%', '59%']  memcached=165.2%
[monitor] ['55%', '60%', '100%', '58%']  memcached=172.9%
[monitor] ['55%', '61%', '100%', '65%']  memcached=180.2%
[monitor] ['50%', '59%', '100%', '57%']  memcached=166.0%
[monitor] ['50%', '55%', '100%', '52%']  memcached=156.3%
[MEMCACHED] cores updated to: ['0', '3']
[streamcluster] cores updated to: [2, 1]
[monitor] ['78%', '92%', '98%', '89%']  memcached=166.7%
[monitor] ['76%', '90%', '95%', '83%']  memcached=159.1%
[monitor] ['76%', '95%', '89%', '80%']  memcached=156.5%
[monitor] ['80%', '95%', '85%', '97%']  memcached=177.4%
[MEMCACHED] cores updated to: ['0', '2', '3']
[streamcluster] cores updated to: [1]
[monitor] ['47%', '100%', '43%', '59%']  memcached=149.4%
[MEMCACHED] cores updated to: ['0', '3']
[streamcluster] cores updated to: [2, 1]
[monitor] ['81%', '95%', '93%', '82%']  memcached=162.9%
[monitor] ['81%', '92%', '95%', '84%']  memcached=164.3%
[monitor] ['81%', '98%', '90%', '83%']  memcached=163.4%
[monitor] ['76%', '92%', '88%', '86%']  memcached=162.2%
[monitor] ['75%', '92%', '95%', '80%']  memcached=155.0%
[monitor] ['22%', '98%', '88%', '28%']  memcached=50.0%
[MEMCACHED] cores updated to: ['0']
[streamcluster] cores updated to: [2, 1, 3]
[monitor] ['11%', '98%', '78%', '100%']  memcached=11.1%
[monitor] ['4%', '100%', '78%', '98%']  memcached=4.0%
[monitor] ['14%', '100%', '77%', '100%']  memcached=14.3%
[monitor] ['8%', '100%', '77%', '100%']  memcached=7.7%
[monitor] ['19%', '100%', '85%', '98%']  memcached=19.2%
[monitor] ['15%', '100%', '85%', '100%']  memcached=14.8%
[monitor] ['4%', '100%', '77%', '98%']  memcached=3.8%
[monitor] ['14%', '100%', '77%', '100%']  memcached=14.3%
[monitor] ['8%', '98%', '73%', '88%']  memcached=8.0%
[monitor] ['4%', '90%', '44%', '41%']  memcached=3.8%
[monitor] ['11%', '95%', '79%', '95%']  memcached=11.1%
[monitor] ['7%', '98%', '78%', '98%']  memcached=7.4%
[monitor] ['15%', '100%', '78%', '100%']  memcached=14.8%
[monitor] ['8%', '100%', '78%', '100%']  memcached=7.7%
[monitor] ['4%', '100%', '79%', '100%']  memcached=4.0%
[monitor] ['8%', '98%', '77%', '98%']  memcached=8.0%
[monitor] ['4%', '100%', '76%', '100%']  memcached=4.0%
[monitor] ['8%', '100%', '74%', '100%']  memcached=7.7%
[monitor] ['8%', '98%', '79%', '100%']  memcached=7.7%
[monitor] ['4%', '100%', '78%', '98%']  memcached=4.2%
[monitor] ['7%', '100%', '78%', '100%']  memcached=7.4%
[monitor] ['4%', '100%', '77%', '100%']  memcached=4.0%
[monitor] ['14%', '100%', '80%', '100%']  memcached=14.3%
[monitor] ['8%', '100%', '82%', '100%']  memcached=7.7%
[monitor] ['4%', '98%', '80%', '100%']  memcached=4.2%
[monitor] ['8%', '100%', '78%', '98%']  memcached=7.7%
[monitor] ['11%', '100%', '80%', '100%']  memcached=11.1%
[monitor] ['11%', '100%', '77%', '100%']  memcached=10.7%
[monitor] ['0%', '100%', '78%', '100%']  memcached=0.0%
[monitor] ['4%', '100%', '78%', '100%']  memcached=4.0%
[monitor] ['11%', '98%', '77%', '100%']  memcached=11.1%
[monitor] ['8%', '100%', '78%', '98%']  memcached=7.7%
[monitor] ['15%', '100%', '82%', '100%']  memcached=15.4%
[monitor] ['11%', '100%', '82%', '100%']  memcached=11.1%
[monitor] ['8%', '100%', '79%', '100%']  memcached=8.0%
[monitor] ['11%', '100%', '80%', '100%']  memcached=11.1%
[monitor] ['97%', '100%', '80%', '95%']  memcached=97.4%
[MEMCACHED] cores updated to: ['0', '1', '3']
[streamcluster] cores updated to: [2]
[monitor] ['62%', '73%', '100%', '71%']  memcached=206.2%
[monitor] ['50%', '61%', '100%', '55%']  memcached=165.8%
[monitor] ['45%', '55%', '100%', '54%']  memcached=153.2%
[MEMCACHED] cores updated to: ['0', '3']
[streamcluster] cores updated to: [2, 1]
[monitor] ['76%', '95%', '90%', '85%']  memcached=161.8%
[monitor] ['77%', '98%', '92%', '83%']  memcached=160.5%
[monitor] ['78%', '95%', '95%', '82%']  memcached=159.6%
[monitor] ['74%', '97%', '85%', '76%']  memcached=149.3%
[monitor] ['79%', '98%', '77%', '79%']  memcached=158.2%
[monitor] ['80%', '100%', '85%', '81%']  memcached=160.6%
[monitor] ['76%', '95%', '92%', '76%']  memcached=151.5%
[monitor] ['71%', '95%', '95%', '79%']  memcached=150.0%
[monitor] ['76%', '100%', '85%', '84%']  memcached=159.5%
[monitor] ['69%', '93%', '90%', '79%']  memcached=148.2%
[monitor] ['80%', '92%', '95%', '77%']  memcached=157.1%
[monitor] ['82%', '82%', '95%', '92%']  memcached=174.5%
[MEMCACHED] cores updated to: ['0', '2', '3']
[streamcluster] cores updated to: [1]
[monitor] ['47%', '100%', '39%', '52%']  memcached=137.7%
[MEMCACHED] cores updated to: ['0', '3']
[streamcluster] cores updated to: [2, 1]
[monitor] ['79%', '98%', '89%', '83%']  memcached=162.1%
[monitor] ['74%', '95%', '95%', '81%']  memcached=154.8%
[monitor] ['76%', '95%', '95%', '86%']  memcached=163.0%
[monitor] ['74%', '97%', '92%', '74%']  memcached=147.1%
[monitor] ['73%', '97%', '90%', '79%']  memcached=152.1%
[monitor] ['86%', '98%', '87%', '86%']  memcached=172.2%
[MEMCACHED] cores updated to: ['0', '1', '3']
[streamcluster] cores updated to: [2]
[monitor] ['48%', '56%', '100%', '57%']  memcached=161.2%
[monitor] ['50%', '56%', '100%', '57%']  memcached=162.9%
[monitor] ['47%', '48%', '100%', '52%']  memcached=146.7%
[MEMCACHED] cores updated to: ['0', '3']
[streamcluster] cores updated to: [2, 1]
[monitor] ['79%', '97%', '92%', '83%']  memcached=162.3%
[monitor] ['76%', '95%', '98%', '83%']  memcached=159.3%
[monitor] ['83%', '95%', '95%', '83%']  memcached=166.2%
[monitor] ['73%', '95%', '92%', '81%']  memcached=153.3%
[monitor] ['83%', '98%', '95%', '84%']  memcached=167.1%
[monitor] ['73%', '95%', '93%', '79%']  memcached=151.5%
[monitor] ['76%', '97%', '95%', '83%']  memcached=159.8%
[monitor] ['76%', '95%', '95%', '86%']  memcached=162.2%
[monitor] ['77%', '97%', '90%', '78%']  memcached=154.9%
[monitor] ['76%', '92%', '97%', '83%']  memcached=159.8%
[monitor] ['41%', '95%', '97%', '43%']  memcached=84.2%
[monitor] ['27%', '95%', '98%', '27%']  memcached=53.8%
[MEMCACHED] cores updated to: ['0']
[streamcluster] cores updated to: [2, 1, 3]
[monitor] ['69%', '100%', '76%', '100%']  memcached=69.0%
[monitor] ['69%', '98%', '80%', '98%']  memcached=69.0%
[monitor] ['68%', '100%', '77%', '98%']  memcached=67.9%
[monitor] ['64%', '100%', '76%', '100%']  memcached=64.3%
[monitor] ['75%', '100%', '80%', '98%']  memcached=75.0%
[monitor] ['72%', '100%', '77%', '95%']  memcached=72.4%
[monitor] ['68%', '100%', '80%', '100%']  memcached=67.7%
[monitor] ['71%', '100%', '82%', '98%']  memcached=71.4%
[monitor] ['69%', '100%', '77%', '97%']  memcached=69.0%
[monitor] ['77%', '97%', '77%', '95%']  memcached=77.4%
[monitor] ['71%', '100%', '79%', '97%']  memcached=71.0%
[monitor] ['67%', '100%', '78%', '98%']  memcached=66.7%
[monitor] ['64%', '100%', '78%', '98%']  memcached=64.3%
[monitor] ['67%', '100%', '77%', '100%']  memcached=66.7%
[monitor] ['69%', '100%', '77%', '98%']  memcached=69.0%
[monitor] ['67%', '100%', '78%', '98%']  memcached=66.7%
[monitor] ['68%', '100%', '78%', '98%']  memcached=67.7%
[monitor] ['64%', '100%', '77%', '97%']  memcached=64.3%
[monitor] ['68%', '100%', '78%', '98%']  memcached=67.9%
[monitor] ['70%', '100%', '79%', '100%']  memcached=70.0%
[monitor] ['83%', '100%', '85%', '95%']  memcached=82.9%
[monitor] ['70%', '98%', '80%', '100%']  memcached=70.4%
[monitor] ['71%', '100%', '76%', '95%']  memcached=71.0%
[monitor] ['71%', '100%', '78%', '100%']  memcached=71.0%
[monitor] ['70%', '100%', '82%', '98%']  memcached=70.0%
[monitor] ['75%', '100%', '78%', '98%']  memcached=75.0%
[monitor] ['68%', '100%', '79%', '98%']  memcached=67.9%
[monitor] ['69%', '100%', '78%', '98%']  memcached=69.0%
[monitor] ['64%', '100%', '76%', '98%']  memcached=64.3%
[monitor] ['67%', '100%', '76%', '100%']  memcached=66.7%
[monitor] ['69%', '100%', '76%', '98%']  memcached=69.0%
[monitor] ['73%', '100%', '82%', '98%']  memcached=73.3%
[monitor] ['77%', '100%', '82%', '100%']  memcached=77.4%
[monitor] ['69%', '100%', '78%', '98%']  memcached=69.0%
[monitor] ['69%', '100%', '76%', '100%']  memcached=69.0%
[monitor] ['21%', '98%', '82%', '98%']  memcached=21.4%
[monitor] ['7%', '100%', '79%', '100%']  memcached=7.4%
[monitor] ['12%', '100%', '82%', '100%']  memcached=11.5%
[monitor] ['7%', '100%', '75%', '98%']  memcached=7.1%
[monitor] ['0%', '100%', '79%', '100%']  memcached=0.0%
[monitor] ['14%', '100%', '75%', '100%']  memcached=14.3%
[monitor] ['15%', '100%', '76%', '100%']  memcached=14.8%
[monitor] ['4%', '100%', '79%', '98%']  memcached=3.8%
[monitor] ['10%', '100%', '78%', '100%']  memcached=10.3%
[monitor] ['4%', '98%', '75%', '100%']  memcached=3.8%
[monitor] ['4%', '100%', '78%', '98%']  memcached=3.7%
[monitor] ['8%', '100%', '80%', '100%']  memcached=7.7%
[monitor] ['11%', '100%', '75%', '100%']  memcached=10.7%
[monitor] ['11%', '100%', '82%', '98%']  memcached=11.1%
[monitor] ['4%', '100%', '77%', '100%']  memcached=3.8%
[monitor] ['11%', '100%', '82%', '100%']  memcached=11.1%
[monitor] ['7%', '100%', '79%', '98%']  memcached=7.4%
[monitor] ['12%', '100%', '74%', '100%']  memcached=11.5%
[monitor] ['4%', '100%', '82%', '100%']  memcached=4.0%
[monitor] ['4%', '100%', '78%', '98%']  memcached=3.8%
[monitor] ['8%', '98%', '85%', '100%']  memcached=7.7%
[monitor] ['17%', '100%', '79%', '98%']  memcached=17.2%
[monitor] ['4%', '100%', '78%', '100%']  memcached=3.8%
[monitor] ['12%', '100%', '85%', '100%']  memcached=11.5%
[monitor] ['14%', '98%', '78%', '97%']  memcached=14.3%
[monitor] ['8%', '100%', '84%', '98%']  memcached=7.7%
[monitor] ['7%', '98%', '78%', '100%']  memcached=7.4%
[monitor] ['11%', '100%', '79%', '98%']  memcached=11.1%
[monitor] ['4%', '100%', '76%', '100%']  memcached=3.7%
[monitor] ['4%', '100%', '72%', '100%']  memcached=3.6%
[monitor] ['10%', '100%', '78%', '100%']  memcached=10.3%
[monitor] ['4%', '100%', '77%', '98%']  memcached=4.0%
[monitor] ['4%', '100%', '75%', '100%']  memcached=3.7%
[monitor] ['15%', '100%', '82%', '100%']  memcached=14.8%
[monitor] ['7%', '100%', '78%', '100%']  memcached=7.4%
[monitor] ['7%', '100%', '77%', '98%']  memcached=7.1%
[monitor] ['4%', '100%', '77%', '100%']  memcached=3.7%
[monitor] ['77%', '100%', '72%', '97%']  memcached=77.1%
[monitor] ['100%', '98%', '77%', '95%']  memcached=100.0%
[MEMCACHED] cores updated to: ['0', '2', '3']
[streamcluster] cores updated to: [1]
[monitor] ['79%', '100%', '68%', '92%']  memcached=238.6%
[monitor] ['56%', '100%', '44%', '69%']  memcached=169.4%
[monitor] ['54%', '100%', '42%', '65%']  memcached=160.4%
[monitor] ['59%', '100%', '53%', '70%']  memcached=182.4%
[monitor] ['61%', '100%', '53%', '69%']  memcached=183.4%
[monitor] ['62%', '100%', '53%', '73%']  memcached=188.6%
[monitor] ['61%', '100%', '57%', '71%']  memcached=188.5%
[monitor] ['62%', '100%', '52%', '72%']  memcached=186.1%
[monitor] ['65%', '100%', '55%', '68%']  memcached=187.1%
[monitor] ['62%', '100%', '50%', '70%']  memcached=181.5%
[monitor] ['57%', '100%', '48%', '69%']  memcached=173.7%
[monitor] ['57%', '100%', '52%', '69%']  memcached=177.1%
[monitor] ['60%', '100%', '48%', '65%']  memcached=172.8%
[monitor] ['52%', '100%', '43%', '67%']  memcached=161.1%
[monitor] ['58%', '100%', '48%', '67%']  memcached=173.0%
[monitor] ['52%', '100%', '41%', '64%']  memcached=156.1%
[MEMCACHED] cores updated to: ['0', '3']
[streamcluster] cores updated to: [2, 1]
[monitor] ['85%', '92%', '92%', '89%']  memcached=174.8%
[MEMCACHED] cores updated to: ['0', '1', '3']
[streamcluster] cores updated to: [2]
[monitor] ['60%', '70%', '100%', '66%']  memcached=195.3%
[monitor] ['58%', '68%', '100%', '68%']  memcached=193.5%
[monitor] ['64%', '67%', '100%', '71%']  memcached=200.9%
[monitor] ['57%', '66%', '100%', '67%']  memcached=189.0%
[monitor] ['68%', '72%', '100%', '69%']  memcached=208.4%
[monitor] ['62%', '71%', '100%', '70%']  memcached=203.6%
[monitor] ['60%', '67%', '100%', '69%']  memcached=195.4%
[monitor] ['65%', '71%', '100%', '72%']  memcached=208.2%
[monitor] ['65%', '71%', '100%', '67%']  memcached=202.6%
[monitor] ['59%', '69%', '100%', '68%']  memcached=194.8%
[monitor] ['62%', '71%', '100%', '68%']  memcached=201.6%
[monitor] ['66%', '74%', '100%', '73%']  memcached=212.6%
[monitor] ['63%', '74%', '100%', '72%']  memcached=208.9%
[monitor] ['77%', '84%', '68%', '82%']  memcached=242.5%
[streamcluster] ended.
[MEMCACHED] cores updated to: ['0', '2', '3']
[vips] started on cores: [1] with 3 threads.
[monitor] ['65%', '100%', '50%', '73%']  memcached=187.2%
[monitor] ['59%', '100%', '52%', '74%']  memcached=184.6%
[monitor] ['62%', '100%', '58%', '76%']  memcached=196.3%
[monitor] ['39%', '100%', '30%', '39%']  memcached=108.0%
[MEMCACHED] cores updated to: ['0', '3']
[vips] cores updated to: [1, 2]
[monitor] ['58%', '100%', '3%', '60%']  memcached=118.1%
[monitor] ['59%', '100%', '8%', '65%']  memcached=123.9%
[monitor] ['60%', '100%', '3%', '72%']  memcached=131.9%
[monitor] ['52%', '100%', '8%', '62%']  memcached=114.2%
[monitor] ['64%', '100%', '6%', '76%']  memcached=139.4%
[monitor] ['61%', '95%', '24%', '66%']  memcached=126.9%
[monitor] ['48%', '100%', '100%', '53%']  memcached=101.6%
[monitor] ['58%', '100%', '100%', '60%']  memcached=118.1%
[monitor] ['53%', '100%', '100%', '59%']  memcached=112.7%
[monitor] ['52%', '100%', '100%', '60%']  memcached=111.9%
[monitor] ['66%', '100%', '100%', '62%']  memcached=128.1%
[monitor] ['89%', '100%', '100%', '86%']  memcached=175.1%
[MEMCACHED] cores updated to: ['0', '1', '3']
[vips] cores updated to: [2]
[monitor] ['48%', '59%', '100%', '56%']  memcached=164.0%
[monitor] ['38%', '50%', '100%', '50%']  memcached=137.9%
[MEMCACHED] cores updated to: ['0', '3']
[vips] cores updated to: [1, 2]
[monitor] ['71%', '100%', '100%', '71%']  memcached=142.0%
[monitor] ['57%', '100%', '100%', '59%']  memcached=116.0%
[monitor] ['65%', '100%', '100%', '66%']  memcached=130.1%
[monitor] ['61%', '100%', '100%', '66%']  memcached=126.2%
[monitor] ['54%', '100%', '100%', '59%']  memcached=112.9%
[monitor] ['58%', '100%', '100%', '57%']  memcached=114.7%
[monitor] ['55%', '100%', '100%', '64%']  memcached=118.8%
[monitor] ['55%', '100%', '100%', '58%']  memcached=112.9%
[monitor] ['63%', '100%', '100%', '61%']  memcached=124.6%
[monitor] ['52%', '100%', '100%', '53%']  memcached=105.1%
[monitor] ['62%', '100%', '100%', '70%']  memcached=132.5%
[monitor] ['90%', '100%', '100%', '76%']  memcached=166.1%
[monitor] ['100%', '100%', '100%', '72%']  memcached=171.9%
[MEMCACHED] cores updated to: ['0', '2', '3']
[vips] cores updated to: [1]
[monitor] ['100%', '100%', '33%', '33%']  memcached=166.7%
[monitor] ['100%', '100%', '32%', '41%']  memcached=173.5%
[monitor] ['100%', '100%', '47%', '43%']  memcached=190.2%
[monitor] ['100%', '100%', '31%', '36%']  memcached=166.7%
[monitor] ['100%', '100%', '25%', '32%']  memcached=157.1%
[MEMCACHED] cores updated to: ['0', '3']
[vips] cores updated to: [1, 2]
[monitor] ['97%', '100%', '100%', '80%']  memcached=177.4%
[MEMCACHED] cores updated to: ['0', '1', '3']
[vips] cores updated to: [2]
[monitor] ['89%', '100%', '100%', '95%']  memcached=284.2%
[monitor] ['82%', '98%', '100%', '90%']  memcached=269.1%
[monitor] ['92%', '95%', '100%', '95%']  memcached=281.5%
[monitor] ['83%', '92%', '100%', '100%']  memcached=275.0%
[monitor] ['74%', '95%', '100%', '95%']  memcached=264.1%
[monitor] ['77%', '100%', '100%', '89%']  memcached=266.6%
[monitor] ['76%', '95%', '100%', '92%']  memcached=263.0%
[monitor] ['100%', '84%', '100%', '86%']  memcached=270.3%
[monitor] ['91%', '92%', '100%', '95%']  memcached=278.0%
[monitor] ['83%', '92%', '100%', '97%']  memcached=272.5%
[monitor] ['78%', '95%', '100%', '95%']  memcached=267.4%
[monitor] ['81%', '100%', '100%', '87%']  memcached=267.4%
[monitor] ['81%', '97%', '100%', '89%']  memcached=266.6%
[monitor] ['78%', '90%', '100%', '97%']  memcached=265.1%
[monitor] ['94%', '97%', '100%', '92%']  memcached=284.2%
[monitor] ['84%', '100%', '100%', '92%']  memcached=276.1%
[monitor] ['81%', '92%', '100%', '86%']  memcached=259.5%
[monitor] ['77%', '87%', '100%', '83%']  memcached=247.2%
[monitor] ['74%', '84%', '100%', '84%']  memcached=242.7%
[monitor] ['79%', '89%', '100%', '83%']  memcached=251.6%
[monitor] ['76%', '90%', '100%', '84%']  memcached=250.0%
[monitor] ['87%', '95%', '100%', '92%']  memcached=274.1%
[monitor] ['83%', '95%', '100%', '89%']  memcached=267.1%
[monitor] ['83%', '92%', '100%', '88%']  memcached=263.1%
[monitor] ['80%', '87%', '100%', '86%']  memcached=253.7%
[monitor] ['77%', '92%', '100%', '87%']  memcached=256.5%
[monitor] ['77%', '89%', '100%', '87%']  memcached=253.5%
[monitor] ['84%', '93%', '100%', '87%']  memcached=263.6%
[monitor] ['92%', '98%', '100%', '95%']  memcached=284.3%
[monitor] ['84%', '93%', '100%', '89%']  memcached=265.7%
[monitor] ['83%', '92%', '100%', '87%']  memcached=262.5%
[monitor] ['81%', '92%', '100%', '89%']  memcached=262.5%
[monitor] ['81%', '95%', '100%', '87%']  memcached=263.3%
[monitor] ['82%', '92%', '100%', '89%']  memcached=263.8%
[monitor] ['66%', '78%', '100%', '75%']  memcached=219.1%
[monitor] ['19%', '18%', '100%', '13%']  memcached=50.0%
[MEMCACHED] cores updated to: ['0']
[vips] cores updated to: [1, 2, 3]
[monitor] ['16%', '100%', '100%', '100%']  memcached=16.0%
[monitor] ['16%', '100%', '100%', '100%']  memcached=16.0%
[monitor] ['24%', '100%', '100%', '100%']  memcached=24.0%
[monitor] ['19%', '100%', '100%', '100%']  memcached=19.2%
[monitor] ['20%', '100%', '100%', '100%']  memcached=20.0%
[monitor] ['16%', '100%', '100%', '100%']  memcached=16.0%
[monitor] ['17%', '100%', '100%', '100%']  memcached=16.7%
[monitor] ['13%', '100%', '100%', '100%']  memcached=13.0%
[monitor] ['23%', '100%', '98%', '100%']  memcached=23.1%
[monitor] ['27%', '100%', '100%', '100%']  memcached=26.9%
[monitor] ['16%', '100%', '98%', '100%']  memcached=16.0%
[monitor] ['23%', '100%', '100%', '100%']  memcached=23.1%
[monitor] ['13%', '100%', '100%', '100%']  memcached=13.0%
[monitor] ['12%', '100%', '100%', '100%']  memcached=12.0%
[monitor] ['26%', '100%', '100%', '100%']  memcached=25.9%
[monitor] ['17%', '100%', '100%', '100%']  memcached=16.7%
[monitor] ['12%', '100%', '100%', '100%']  memcached=12.0%
[monitor] ['37%', '100%', '100%', '100%']  memcached=37.0%
[monitor] ['12%', '100%', '100%', '100%']  memcached=12.0%
[monitor] ['27%', '100%', '100%', '100%']  memcached=26.9%
[monitor] ['41%', '100%', '100%', '100%']  memcached=40.7%
[monitor] ['17%', '100%', '100%', '100%']  memcached=16.7%
[monitor] ['26%', '100%', '100%', '100%']  memcached=25.9%
[monitor] ['20%', '100%', '100%', '100%']  memcached=20.0%
[monitor] ['19%', '100%', '100%', '100%']  memcached=19.2%
[monitor] ['9%', '100%', '100%', '100%']  memcached=8.7%
[monitor] ['19%', '100%', '100%', '100%']  memcached=19.2%
[monitor] ['17%', '100%', '100%', '100%']  memcached=16.7%
[monitor] ['21%', '100%', '100%', '100%']  memcached=20.8%
[monitor] ['28%', '100%', '100%', '100%']  memcached=28.0%
[monitor] ['19%', '100%', '100%', '100%']  memcached=19.2%
[monitor] ['62%', '100%', '100%', '100%']  memcached=61.5%
[monitor] ['93%', '100%', '100%', '100%']  memcached=93.1%
[MEMCACHED] cores updated to: ['0', '2']
[vips] cores updated to: [1, 3]
[monitor] ['97%', '100%', '72%', '100%']  memcached=169.4%
[monitor] ['89%', '100%', '100%', '100%']  memcached=188.9%
[MEMCACHED] cores updated to: ['0', '2', '3']
[vips] cores updated to: [1]
[monitor] ['65%', '100%', '100%', '74%']  memcached=238.8%
[monitor] ['66%', '100%', '100%', '75%']  memcached=240.6%
[monitor] ['64%', '100%', '100%', '76%']  memcached=240.1%
[monitor] ['66%', '100%', '75%', '92%']  memcached=232.3%
[monitor] ['74%', '100%', '80%', '77%']  memcached=230.7%
[monitor] ['67%', '100%', '55%', '71%']  memcached=192.1%
[monitor] ['64%', '100%', '57%', '74%']  memcached=193.8%
[monitor] ['66%', '100%', '56%', '74%']  memcached=196.2%
[monitor] ['67%', '100%', '56%', '76%']  memcached=198.0%
[monitor] ['66%', '100%', '59%', '75%']  memcached=200.0%
[monitor] ['62%', '100%', '52%', '70%']  memcached=183.9%
[monitor] ['65%', '100%', '55%', '71%']  memcached=190.1%
[monitor] ['64%', '100%', '53%', '74%']  memcached=191.3%
[monitor] ['64%', '100%', '52%', '72%']  memcached=187.2%
[monitor] ['64%', '100%', '61%', '70%']  memcached=193.9%
[monitor] ['62%', '100%', '53%', '70%']  memcached=185.5%
[monitor] ['64%', '100%', '59%', '71%']  memcached=194.4%
[monitor] ['62%', '100%', '55%', '71%']  memcached=188.6%
[monitor] ['67%', '100%', '52%', '74%']  memcached=192.7%
[monitor] ['64%', '100%', '58%', '69%']  memcached=190.5%
[monitor] ['64%', '100%', '48%', '69%']  memcached=180.7%
[monitor] ['59%', '100%', '55%', '72%']  memcached=186.4%
[monitor] ['64%', '100%', '50%', '71%']  memcached=184.2%
[monitor] ['62%', '100%', '53%', '71%']  memcached=186.4%
[monitor] ['62%', '100%', '55%', '72%']  memcached=189.6%
[monitor] ['66%', '100%', '53%', '74%']  memcached=192.5%
[monitor] ['62%', '100%', '55%', '72%']  memcached=189.5%
[monitor] ['65%', '100%', '52%', '71%']  memcached=187.0%
[monitor] ['66%', '100%', '55%', '77%']  memcached=197.6%
[monitor] ['61%', '100%', '48%', '74%']  memcached=183.1%
[monitor] ['58%', '100%', '52%', '71%']  memcached=181.2%
[monitor] ['67%', '100%', '50%', '69%']  memcached=185.4%
[monitor] ['64%', '100%', '53%', '69%']  memcached=185.7%
[monitor] ['68%', '100%', '58%', '74%']  memcached=199.2%
[monitor] ['67%', '100%', '58%', '77%']  memcached=201.9%
[monitor] ['59%', '100%', '46%', '67%']  memcached=172.5%
[monitor] ['57%', '100%', '47%', '65%']  memcached=167.8%
[monitor] ['62%', '100%', '53%', '69%']  memcached=183.6%
[monitor] ['62%', '100%', '52%', '70%']  memcached=183.9%
[monitor] ['61%', '100%', '50%', '69%']  memcached=180.0%
[monitor] ['64%', '100%', '58%', '71%']  memcached=192.6%
[monitor] ['67%', '100%', '52%', '74%']  memcached=191.9%
[monitor] ['64%', '100%', '55%', '68%']  memcached=186.1%
[monitor] ['64%', '100%', '55%', '69%']  memcached=187.6%
[monitor] ['57%', '100%', '48%', '67%']  memcached=171.6%
[monitor] ['62%', '100%', '52%', '69%']  memcached=182.9%
[monitor] ['65%', '100%', '55%', '71%']  memcached=190.1%
[monitor] ['68%', '100%', '56%', '70%']  memcached=193.6%
[monitor] ['71%', '100%', '64%', '86%']  memcached=221.6%
[monitor] ['61%', '100%', '52%', '62%']  memcached=175.4%
[monitor] ['60%', '100%', '52%', '67%']  memcached=178.3%
[monitor] ['66%', '100%', '53%', '66%']  memcached=184.6%
[monitor] ['56%', '100%', '48%', '66%']  memcached=170.3%
[monitor] ['64%', '100%', '55%', '67%']  memcached=185.1%
[monitor] ['53%', '100%', '50%', '66%']  memcached=169.0%
[monitor] ['59%', '100%', '48%', '71%']  memcached=178.4%
[monitor] ['74%', '100%', '67%', '70%']  memcached=209.9%
[monitor] ['59%', '100%', '48%', '65%']  memcached=172.2%
[monitor] ['62%', '100%', '48%', '66%']  memcached=176.4%
[monitor] ['61%', '100%', '52%', '68%']  memcached=179.9%
[monitor] ['67%', '100%', '58%', '70%']  memcached=194.4%
[monitor] ['61%', '100%', '48%', '62%']  memcached=171.4%
[monitor] ['64%', '100%', '55%', '74%']  memcached=192.8%
[monitor] ['61%', '100%', '48%', '71%']  memcached=180.2%
[monitor] ['61%', '100%', '48%', '67%']  memcached=176.3%
[monitor] ['59%', '100%', '50%', '67%']  memcached=176.0%
[monitor] ['58%', '100%', '50%', '68%']  memcached=175.7%
[monitor] ['56%', '100%', '50%', '66%']  memcached=171.9%
[monitor] ['58%', '100%', '55%', '67%']  memcached=179.3%
[monitor] ['57%', '100%', '47%', '68%']  memcached=171.1%
[monitor] ['62%', '100%', '48%', '67%']  memcached=176.7%
[monitor] ['61%', '100%', '52%', '69%']  memcached=181.0%
[monitor] ['89%', '100%', '83%', '92%']  memcached=264.8%
[monitor] ['77%', '100%', '65%', '87%']  memcached=228.5%
[monitor] ['79%', '100%', '65%', '83%']  memcached=227.3%
[monitor] ['77%', '100%', '62%', '84%']  memcached=223.4%
[monitor] ['74%', '100%', '65%', '83%']  memcached=220.9%
[monitor] ['81%', '100%', '69%', '89%']  memcached=238.5%
[monitor] ['75%', '100%', '67%', '84%']  memcached=225.5%
[monitor] ['74%', '100%', '61%', '84%']  memcached=218.6%
[monitor] ['84%', '100%', '71%', '87%']  memcached=241.2%
[monitor] ['82%', '100%', '74%', '92%']  memcached=248.0%
[monitor] ['95%', '100%', '89%', '92%']  memcached=276.5%
[monitor] ['100%', '100%', '82%', '95%']  memcached=277.2%
[monitor] ['89%', '100%', '91%', '89%']  memcached=269.5%
[monitor] ['84%', '100%', '89%', '92%']  memcached=265.5%
[monitor] ['84%', '100%', '74%', '89%']  memcached=246.8%
[monitor] ['81%', '100%', '70%', '86%']  memcached=236.7%
[monitor] ['89%', '100%', '81%', '95%']  memcached=264.7%
[monitor] ['84%', '100%', '76%', '87%']  memcached=247.1%
[monitor] ['86%', '100%', '74%', '89%']  memcached=250.2%
[monitor] ['81%', '100%', '74%', '87%']  memcached=240.9%
[monitor] ['89%', '100%', '80%', '95%']  memcached=264.2%
[monitor] ['86%', '100%', '73%', '92%']  memcached=251.3%
[monitor] ['82%', '100%', '75%', '89%']  memcached=246.5%
[monitor] ['89%', '100%', '81%', '92%']  memcached=262.2%
[monitor] ['79%', '100%', '65%', '84%']  memcached=227.7%
[monitor] ['86%', '100%', '78%', '95%']  memcached=259.1%
[monitor] ['82%', '100%', '73%', '92%']  memcached=246.9%
[monitor] ['86%', '100%', '73%', '89%']  memcached=247.6%
[monitor] ['84%', '100%', '74%', '92%']  memcached=250.5%
[monitor] ['86%', '100%', '70%', '90%']  memcached=245.2%
[monitor] ['81%', '100%', '71%', '89%']  memcached=241.5%
[monitor] ['86%', '100%', '76%', '95%']  memcached=257.3%
[monitor] ['86%', '100%', '72%', '89%']  memcached=247.2%
[monitor] ['83%', '100%', '69%', '89%']  memcached=240.5%
[monitor] ['89%', '100%', '82%', '92%']  memcached=263.3%
[monitor] ['81%', '100%', '69%', '86%']  memcached=235.4%
[monitor] ['81%', '100%', '69%', '86%']  memcached=235.4%
[monitor] ['36%', '100%', '27%', '16%']  memcached=79.5%
[MEMCACHED] cores updated to: ['0']
[vips] cores updated to: [3, 1, 2]
[monitor] ['44%', '100%', '100%', '100%']  memcached=44.0%
[monitor] ['48%', '100%', '100%', '100%']  memcached=48.0%
[monitor] ['38%', '100%', '100%', '100%']  memcached=37.5%
[monitor] ['41%', '100%', '100%', '100%']  memcached=40.7%
[monitor] ['46%', '100%', '100%', '100%']  memcached=46.2%
[monitor] ['35%', '100%', '100%', '100%']  memcached=34.8%
[monitor] ['33%', '100%', '100%', '100%']  memcached=33.3%
[monitor] ['52%', '86%', '70%', '78%']  memcached=52.0%
[vips] ended.
[MEMCACHED] cores updated to: ['0', '1', '2', '3']
