Controller pinned to cores 1,2,3.
Scheduler started.
pulled barnes
pulled radix
pulled blackscholes
pulled canneal
pulled freqmine
pulled streamcluster
pulled vips
[MEMCACHED] cores updated to: ['0', '1', '2']
[radix] starting in background on cores: [3] with 1 threads.
[monitor] ['97%', '97%', '100%', '87%']  memcached=293.5%
[monitor] ['61%', '62%', '64%', '100%']  memcached=187.8%
[monitor] ['54%', '55%', '55%', '100%']  memcached=163.4%
[monitor] ['51%', '52%', '55%', '100%']  memcached=158.4%
[monitor] ['54%', '52%', '56%', '100%']  memcached=162.4%
[monitor] ['57%', '57%', '61%', '100%']  memcached=175.6%
[monitor] ['57%', '60%', '57%', '100%']  memcached=174.5%
[monitor] ['60%', '57%', '62%', '100%']  memcached=180.0%
[monitor] ['54%', '55%', '52%', '100%']  memcached=160.9%
[monitor] ['52%', '53%', '51%', '100%']  memcached=157.1%
[monitor] ['50%', '53%', '52%', '100%']  memcached=156.0%
[monitor] ['67%', '67%', '70%', '100%']  memcached=203.6%
[monitor] ['81%', '79%', '83%', '100%']  memcached=243.3%
[monitor] ['78%', '77%', '80%', '100%']  memcached=234.7%
[monitor] ['78%', '78%', '83%', '100%']  memcached=239.5%
[monitor] ['81%', '78%', '85%', '100%']  memcached=244.8%
[monitor] ['82%', '83%', '85%', '100%']  memcached=250.1%
[monitor] ['81%', '78%', '83%', '100%']  memcached=242.3%
[monitor] ['78%', '76%', '79%', '100%']  memcached=233.5%
[monitor] ['76%', '74%', '79%', '100%']  memcached=229.0%
[monitor] ['76%', '72%', '77%', '100%']  memcached=224.6%
[monitor] ['61%', '61%', '62%', '100%']  memcached=183.9%
[monitor] ['55%', '53%', '55%', '100%']  memcached=162.8%
[monitor] ['55%', '54%', '55%', '100%']  memcached=163.4%
[monitor] ['49%', '51%', '48%', '100%']  memcached=147.6%
[monitor] ['37%', '33%', '41%', '100%']  memcached=110.8%
[MEMCACHED] cores updated to: ['0', '2']
[radix] paused.
[barnes] starting in background on cores: [1, 3] with 2 threads.
[monitor] ['51%', '62%', '52%', '58%']  memcached=103.5%
[monitor] ['43%', '55%', '41%', '65%']  memcached=84.1%
[monitor] ['73%', '25%', '78%', '100%']  memcached=150.8%
[monitor] ['76%', '14%', '76%', '100%']  memcached=152.1%
[monitor] ['74%', '14%', '76%', '100%']  memcached=150.0%
[monitor] ['52%', '100%', '57%', '100%']  memcached=109.2%
[monitor] ['47%', '97%', '45%', '100%']  memcached=92.1%
[monitor] ['48%', '100%', '48%', '100%']  memcached=95.7%
[monitor] ['51%', '100%', '54%', '100%']  memcached=105.5%
[monitor] ['63%', '97%', '62%', '100%']  memcached=125.9%
[monitor] ['64%', '100%', '63%', '100%']  memcached=127.7%
[monitor] ['63%', '100%', '64%', '100%']  memcached=127.7%
[monitor] ['50%', '100%', '52%', '100%']  memcached=102.2%
[monitor] ['53%', '100%', '50%', '100%']  memcached=103.2%
[monitor] ['48%', '100%', '52%', '100%']  memcached=99.8%
[monitor] ['76%', '100%', '77%', '100%']  memcached=152.8%
[monitor] ['86%', '100%', '94%', '100%']  memcached=179.3%
[MEMCACHED] cores updated to: ['0', '1', '2']
[radix] unpaused.
[barnes] paused.
[monitor] ['78%', '76%', '80%', '100%']  memcached=234.1%
[monitor] ['60%', '64%', '62%', '100%']  memcached=186.8%
[monitor] ['40%', '39%', '43%', '100%']  memcached=121.7%
[MEMCACHED] cores updated to: ['0', '2']
[radix] paused.
[barnes] unpaused.
[monitor] ['47%', '100%', '47%', '100%']  memcached=93.5%
[monitor] ['44%', '100%', '46%', '100%']  memcached=90.1%
[monitor] ['52%', '100%', '50%', '100%']  memcached=102.2%
[monitor] ['48%', '100%', '51%', '100%']  memcached=98.8%
[monitor] ['52%', '100%', '52%', '100%']  memcached=104.2%
[monitor] ['70%', '100%', '76%', '100%']  memcached=145.7%
[monitor] ['83%', '100%', '91%', '100%']  memcached=174.0%
[MEMCACHED] cores updated to: ['0', '1', '2']
[radix] unpaused.
[barnes] paused.
[monitor] ['74%', '72%', '76%', '100%']  memcached=221.8%
[monitor] ['54%', '54%', '57%', '100%']  memcached=165.2%
[monitor] ['35%', '34%', '36%', '100%']  memcached=104.7%
[MEMCACHED] cores updated to: ['0', '2']
[radix] paused.
[barnes] unpaused.
[monitor] ['40%', '100%', '41%', '100%']  memcached=80.8%
[monitor] ['42%', '100%', '42%', '100%']  memcached=84.4%
[monitor] ['69%', '100%', '70%', '100%']  memcached=139.2%
[monitor] ['68%', '100%', '70%', '100%']  memcached=137.6%
[monitor] ['71%', '100%', '70%', '100%']  memcached=140.7%
[monitor] ['57%', '100%', '58%', '100%']  memcached=114.6%
[monitor] ['53%', '100%', '53%', '100%']  memcached=106.5%
[monitor] ['53%', '100%', '55%', '100%']  memcached=108.3%
[monitor] ['66%', '100%', '65%', '100%']  memcached=130.8%
[monitor] ['94%', '100%', '91%', '100%']  memcached=184.2%
[MEMCACHED] cores updated to: ['0', '1', '2']
[radix] unpaused.
[barnes] paused.
[monitor] ['76%', '76%', '78%', '100%']  memcached=231.0%
[monitor] ['74%', '71%', '76%', '100%']  memcached=220.1%
[monitor] ['53%', '52%', '53%', '100%']  memcached=159.2%
[monitor] ['50%', '53%', '53%', '100%']  memcached=156.8%
[monitor] ['53%', '53%', '52%', '100%']  memcached=158.9%
[monitor] ['65%', '65%', '65%', '100%']  memcached=195.0%
[monitor] ['67%', '68%', '72%', '100%']  memcached=207.5%
[monitor] ['70%', '67%', '69%', '100%']  memcached=205.9%
[monitor] ['68%', '65%', '70%', '100%']  memcached=202.8%
[monitor] ['66%', '67%', '68%', '100%']  memcached=200.0%
[monitor] ['69%', '68%', '70%', '100%']  memcached=206.7%
[monitor] ['68%', '71%', '71%', '100%']  memcached=209.3%
[monitor] ['61%', '59%', '60%', '100%']  memcached=179.0%
[monitor] ['60%', '58%', '62%', '100%']  memcached=179.6%
[monitor] ['59%', '60%', '62%', '100%']  memcached=180.0%
[monitor] ['64%', '66%', '64%', '100%']  memcached=194.4%
[monitor] ['62%', '61%', '66%', '100%']  memcached=189.3%
[monitor] ['63%', '63%', '63%', '100%']  memcached=189.6%
[monitor] ['57%', '57%', '60%', '100%']  memcached=174.8%
[monitor] ['52%', '53%', '55%', '100%']  memcached=160.2%
[monitor] ['52%', '54%', '55%', '100%']  memcached=161.2%
[monitor] ['57%', '57%', '57%', '100%']  memcached=170.5%
[monitor] ['71%', '71%', '72%', '100%']  memcached=213.6%
[monitor] ['71%', '71%', '73%', '100%']  memcached=215.1%
[monitor] ['72%', '69%', '75%', '100%']  memcached=216.0%
[monitor] ['56%', '58%', '59%', '100%']  memcached=172.8%
[monitor] ['56%', '56%', '56%', '100%']  memcached=167.4%
[monitor] ['56%', '56%', '57%', '100%']  memcached=168.4%
[monitor] ['57%', '59%', '61%', '100%']  memcached=177.6%
[monitor] ['62%', '60%', '62%', '100%']  memcached=183.3%
[monitor] ['60%', '62%', '61%', '100%']  memcached=183.3%
[monitor] ['58%', '57%', '60%', '100%']  memcached=174.8%
[monitor] ['52%', '55%', '53%', '100%']  memcached=160.4%
[monitor] ['55%', '53%', '55%', '100%']  memcached=162.6%
[monitor] ['55%', '53%', '55%', '100%']  memcached=162.6%
[monitor] ['45%', '47%', '49%', '100%']  memcached=141.0%
[monitor] ['43%', '44%', '43%', '100%']  memcached=129.9%
[MEMCACHED] cores updated to: ['0', '2']
[radix] paused.
[barnes] unpaused.
[monitor] ['49%', '100%', '52%', '100%']  memcached=101.0%
[monitor] ['66%', '100%', '65%', '100%']  memcached=130.9%
[monitor] ['85%', '100%', '83%', '100%']  memcached=168.2%
[MEMCACHED] cores updated to: ['0', '1', '2']
[radix] unpaused.
[barnes] paused.
[monitor] ['71%', '70%', '71%', '100%']  memcached=212.1%
[monitor] ['67%', '68%', '70%', '100%']  memcached=205.0%
[monitor] ['64%', '63%', '67%', '100%']  memcached=194.4%
[monitor] ['65%', '63%', '65%', '100%']  memcached=193.5%
[monitor] ['63%', '65%', '66%', '100%']  memcached=194.4%
[monitor] ['75%', '74%', '76%', '100%']  memcached=224.4%
[monitor] ['74%', '73%', '78%', '100%']  memcached=225.7%
[monitor] ['74%', '72%', '75%', '100%']  memcached=221.2%
[monitor] ['83%', '81%', '84%', '100%']  memcached=247.2%
[monitor] ['83%', '85%', '88%', '100%']  memcached=255.7%
[monitor] ['84%', '83%', '88%', '100%']  memcached=254.7%
[monitor] ['79%', '78%', '80%', '100%']  memcached=237.8%
[monitor] ['71%', '71%', '72%', '100%']  memcached=214.3%
[monitor] ['72%', '70%', '72%', '100%']  memcached=214.3%
[monitor] ['72%', '69%', '74%', '100%']  memcached=214.7%
[monitor] ['52%', '55%', '57%', '100%']  memcached=163.7%
[monitor] ['51%', '52%', '52%', '100%']  memcached=155.9%
[monitor] ['53%', '56%', '53%', '100%']  memcached=162.5%
[monitor] ['49%', '49%', '49%', '100%']  memcached=146.7%
[monitor] ['42%', '40%', '47%', '100%']  memcached=129.5%
[MEMCACHED] cores updated to: ['0', '2']
[radix] paused.
[barnes] unpaused.
[monitor] ['49%', '100%', '51%', '100%']  memcached=100.0%
[monitor] ['58%', '100%', '57%', '100%']  memcached=114.3%
[monitor] ['82%', '100%', '78%', '100%']  memcached=159.6%
[monitor] ['81%', '100%', '78%', '100%']  memcached=158.9%
[monitor] ['81%', '100%', '78%', '100%']  memcached=158.3%
[monitor] ['79%', '100%', '76%', '100%']  memcached=155.1%
[monitor] ['78%', '100%', '74%', '100%']  memcached=152.7%
[monitor] ['78%', '100%', '76%', '100%']  memcached=153.5%
[monitor] ['86%', '100%', '86%', '100%']  memcached=171.4%
[MEMCACHED] cores updated to: ['0', '1', '2']
[radix] unpaused.
[barnes] paused.
[monitor] ['74%', '72%', '75%', '100%']  memcached=221.2%
[monitor] ['78%', '76%', '81%', '100%']  memcached=235.8%
[monitor] ['72%', '72%', '70%', '100%']  memcached=213.9%
[monitor] ['60%', '60%', '63%', '100%']  memcached=183.4%
[monitor] ['60%', '59%', '60%', '100%']  memcached=179.6%
[monitor] ['60%', '61%', '62%', '100%']  memcached=182.4%
[monitor] ['47%', '48%', '49%', '100%']  memcached=143.1%
[monitor] ['48%', '48%', '49%', '100%']  memcached=144.3%
[monitor] ['49%', '47%', '50%', '100%']  memcached=145.4%
[monitor] ['61%', '61%', '62%', '100%']  memcached=184.5%
[monitor] ['69%', '68%', '72%', '100%']  memcached=209.3%
[monitor] ['70%', '67%', '70%', '100%']  memcached=206.7%
[monitor] ['68%', '66%', '68%', '100%']  memcached=200.9%
[monitor] ['64%', '65%', '66%', '100%']  memcached=195.3%
[monitor] ['62%', '62%', '64%', '100%']  memcached=188.1%
[monitor] ['62%', '62%', '64%', '100%']  memcached=188.1%
[monitor] ['58%', '60%', '57%', '100%']  memcached=175.3%
[monitor] ['59%', '55%', '60%', '100%']  memcached=174.6%
[monitor] ['56%', '57%', '57%', '100%']  memcached=170.1%
[monitor] ['58%', '58%', '60%', '100%']  memcached=176.7%
[monitor] ['60%', '60%', '61%', '100%']  memcached=180.0%
[monitor] ['59%', '60%', '59%', '100%']  memcached=176.6%
[monitor] ['56%', '57%', '58%', '100%']  memcached=170.8%
[monitor] ['52%', '55%', '53%', '100%']  memcached=160.3%
[monitor] ['53%', '52%', '53%', '100%']  memcached=159.2%
[monitor] ['55%', '53%', '56%', '100%']  memcached=163.6%
[monitor] ['64%', '66%', '69%', '100%']  memcached=199.1%
[monitor] ['65%', '64%', '67%', '100%']  memcached=195.8%
[monitor] ['63%', '62%', '65%', '100%']  memcached=190.7%
[monitor] ['68%', '68%', '69%', '100%']  memcached=205.0%
[monitor] ['70%', '72%', '70%', '100%']  memcached=212.5%
[monitor] ['69%', '73%', '71%', '100%']  memcached=212.8%
[monitor] ['66%', '69%', '70%', '100%']  memcached=205.0%
[monitor] ['60%', '62%', '63%', '100%']  memcached=184.3%
[monitor] ['62%', '64%', '63%', '100%']  memcached=189.4%
[monitor] ['62%', '64%', '61%', '100%']  memcached=187.2%
[monitor] ['60%', '65%', '62%', '100%']  memcached=187.1%
[monitor] ['60%', '62%', '60%', '100%']  memcached=182.5%
[monitor] ['60%', '64%', '63%', '100%']  memcached=186.6%
[monitor] ['74%', '76%', '75%', '100%']  memcached=224.4%
[monitor] ['81%', '85%', '81%', '100%']  memcached=246.5%
[monitor] ['81%', '85%', '82%', '100%']  memcached=248.2%
[monitor] ['58%', '58%', '58%', '100%']  memcached=173.7%
[monitor] ['30%', '34%', '36%', '100%']  memcached=99.9%
[MEMCACHED] cores updated to: ['0', '2']
[radix] paused.
[barnes] unpaused.
[monitor] ['43%', '100%', '41%', '100%']  memcached=84.8%
[monitor] ['42%', '100%', '45%', '100%']  memcached=86.9%
[monitor] ['54%', '100%', '53%', '100%']  memcached=107.2%
[monitor] ['50%', '100%', '51%', '100%']  memcached=101.1%
[monitor] ['49%', '100%', '49%', '100%']  memcached=97.9%
[monitor] ['46%', '100%', '46%', '100%']  memcached=91.3%
[monitor] ['46%', '100%', '46%', '100%']  memcached=91.7%
[monitor] ['43%', '100%', '46%', '100%']  memcached=89.3%
[monitor] ['55%', '100%', '56%', '100%']  memcached=110.1%
[monitor] ['65%', '100%', '67%', '100%']  memcached=131.7%
[monitor] ['67%', '100%', '67%', '100%']  memcached=133.3%
[monitor] ['63%', '100%', '65%', '100%']  memcached=128.5%
[monitor] ['48%', '100%', '51%', '100%']  memcached=98.8%
[monitor] ['50%', '100%', '51%', '100%']  memcached=101.1%
[monitor] ['50%', '100%', '50%', '100%']  memcached=100.0%
[monitor] ['78%', '100%', '78%', '100%']  memcached=156.8%
[monitor] ['85%', '100%', '81%', '100%']  memcached=165.8%
[MEMCACHED] cores updated to: ['0', '1', '2']
[radix] unpaused.
[barnes] paused.
[monitor] ['70%', '74%', '73%', '100%']  memcached=216.7%
[monitor] ['57%', '60%', '60%', '100%']  memcached=176.7%
[monitor] ['46%', '44%', '46%', '100%']  memcached=135.2%
[MEMCACHED] cores updated to: ['0', '2']
[radix] paused.
[barnes] unpaused.
[monitor] ['52%', '100%', '55%', '100%']  memcached=107.3%
[monitor] ['54%', '100%', '56%', '100%']  memcached=109.5%
[monitor] ['83%', '100%', '83%', '100%']  memcached=165.7%
[MEMCACHED] cores updated to: ['0', '1', '2']
[radix] unpaused.
[barnes] paused.
[monitor] ['72%', '77%', '71%', '100%']  memcached=220.0%
[monitor] ['67%', '76%', '72%', '100%']  memcached=214.1%
[monitor] ['59%', '61%', '60%', '100%']  memcached=178.6%
[monitor] ['57%', '59%', '60%', '100%']  memcached=175.3%
[monitor] ['57%', '60%', '58%', '100%']  memcached=174.4%
[monitor] ['48%', '50%', '49%', '100%']  memcached=146.4%
[monitor] ['44%', '44%', '42%', '100%']  memcached=130.5%
[MEMCACHED] cores updated to: ['0', '2']
[radix] paused.
[barnes] unpaused.
[monitor] ['51%', '100%', '50%', '100%']  memcached=101.1%
[monitor] ['57%', '100%', '58%', '100%']  memcached=114.9%
[monitor] ['94%', '100%', '82%', '100%']  memcached=176.3%
[MEMCACHED] cores updated to: ['0', '1', '2']
[radix] unpaused.
[barnes] paused.
[monitor] ['73%', '76%', '76%', '100%']  memcached=225.0%
[monitor] ['73%', '73%', '76%', '100%']  memcached=221.6%
[monitor] ['66%', '62%', '68%', '100%']  memcached=195.9%
[monitor] ['71%', '71%', '72%', '71%']  memcached=213.9%
[radix] ended.
[blackscholes] starting in background on cores: [3] with 3 threads.
[monitor] ['74%', '74%', '74%', '88%']  memcached=221.1%
[monitor] ['76%', '76%', '75%', '100%']  memcached=227.6%
[monitor] ['82%', '85%', '86%', '100%']  memcached=252.9%
[monitor] ['82%', '85%', '85%', '100%']  memcached=252.9%
[monitor] ['71%', '71%', '71%', '100%']  memcached=213.2%
[monitor] ['49%', '47%', '50%', '100%']  memcached=145.4%
[monitor] ['49%', '47%', '50%', '100%']  memcached=145.4%
[monitor] ['48%', '49%', '48%', '100%']  memcached=144.5%
[monitor] ['73%', '71%', '76%', '100%']  memcached=220.3%
[monitor] ['73%', '74%', '76%', '100%']  memcached=223.6%
[monitor] ['76%', '74%', '78%', '100%']  memcached=228.5%
[monitor] ['76%', '74%', '81%', '100%']  memcached=231.2%
[monitor] ['73%', '72%', '76%', '100%']  memcached=221.8%
[monitor] ['74%', '74%', '76%', '100%']  memcached=223.7%
[monitor] ['76%', '74%', '78%', '100%']  memcached=227.8%
[monitor] ['81%', '78%', '85%', '100%']  memcached=244.2%
[monitor] ['83%', '78%', '85%', '100%']  memcached=245.5%
[monitor] ['78%', '78%', '82%', '100%']  memcached=238.5%
[monitor] ['51%', '54%', '53%', '100%']  memcached=159.0%
[monitor] ['53%', '52%', '55%', '100%']  memcached=160.4%
[monitor] ['90%', '57%', '56%', '100%']  memcached=202.8%
[monitor] ['47%', '47%', '48%', '100%']  memcached=140.8%
[monitor] ['41%', '45%', '44%', '100%']  memcached=131.1%
[MEMCACHED] cores updated to: ['0', '2']
[barnes] unpaused.
[blackscholes] paused.
[monitor] ['51%', '100%', '52%', '100%']  memcached=103.1%
[monitor] ['59%', '100%', '58%', '100%']  memcached=116.7%
[monitor] ['78%', '100%', '78%', '100%']  memcached=156.2%
[monitor] ['76%', '100%', '74%', '100%']  memcached=150.7%
[monitor] ['75%', '100%', '76%', '100%']  memcached=150.7%
[monitor] ['68%', '100%', '70%', '100%']  memcached=138.1%
[monitor] ['68%', '100%', '68%', '100%']  memcached=135.0%
[monitor] ['70%', '100%', '69%', '100%']  memcached=139.2%
[monitor] ['83%', '100%', '81%', '100%']  memcached=163.4%
[MEMCACHED] cores updated to: ['0', '1', '2']
[barnes] paused.
[blackscholes] unpaused.
[monitor] ['74%', '73%', '75%', '100%']  memcached=222.3%
[monitor] ['73%', '72%', '74%', '100%']  memcached=219.8%
[monitor] ['62%', '62%', '62%', '100%']  memcached=185.7%
[monitor] ['44%', '45%', '45%', '100%']  memcached=135.1%
[MEMCACHED] cores updated to: ['0', '2']
[barnes] unpaused.
[blackscholes] paused.
[monitor] ['48%', '100%', '51%', '100%']  memcached=98.8%
[monitor] ['53%', '100%', '56%', '100%']  memcached=109.2%
[monitor] ['67%', '100%', '59%', '100%']  memcached=126.1%
[monitor] ['84%', '100%', '71%', '100%']  memcached=155.6%
[monitor] ['100%', '100%', '56%', '100%']  memcached=155.8%
[monitor] ['100%', '100%', '85%', '100%']  memcached=184.8%
[MEMCACHED] cores updated to: ['0', '1', '2']
[barnes] paused.
[blackscholes] unpaused.
[monitor] ['80%', '78%', '100%', '100%']  memcached=258.4%
[monitor] ['85%', '83%', '100%', '100%']  memcached=268.2%
[monitor] ['68%', '65%', '100%', '100%']  memcached=232.5%
[monitor] ['51%', '50%', '100%', '100%']  memcached=201.2%
[monitor] ['49%', '51%', '100%', '100%']  memcached=199.9%
[monitor] ['51%', '52%', '100%', '100%']  memcached=203.4%
[monitor] ['61%', '60%', '100%', '100%']  memcached=220.9%
[monitor] ['59%', '60%', '100%', '100%']  memcached=219.0%
[monitor] ['70%', '59%', '100%', '100%']  memcached=228.3%
[monitor] ['45%', '47%', '100%', '100%']  memcached=192.1%
[monitor] ['59%', '55%', '83%', '100%']  memcached=197.0%
[monitor] ['42%', '100%', '41%', '100%']  memcached=183.1%
[monitor] ['48%', '88%', '49%', '100%']  memcached=185.0%
[monitor] ['52%', '52%', '51%', '100%']  memcached=155.8%
[monitor] ['53%', '55%', '55%', '100%']  memcached=162.6%
[monitor] ['53%', '52%', '55%', '100%']  memcached=160.2%
[monitor] ['61%', '60%', '60%', '100%']  memcached=180.5%
[monitor] ['59%', '60%', '60%', '100%']  memcached=178.5%
[monitor] ['60%', '60%', '63%', '100%']  memcached=184.3%
[monitor] ['49%', '45%', '47%', '100%']  memcached=141.0%
[monitor] ['41%', '43%', '44%', '100%']  memcached=128.5%
[MEMCACHED] cores updated to: ['0', '2']
[barnes] unpaused.
[blackscholes] paused.
[monitor] ['47%', '100%', '47%', '48%']  memcached=93.0%
[monitor] ['63%', '100%', '61%', '67%']  memcached=123.9%
[monitor] ['85%', '100%', '83%', '100%']  memcached=168.6%
[MEMCACHED] cores updated to: ['0', '1', '2']
[barnes] paused.
[blackscholes] unpaused.
[monitor] ['74%', '71%', '74%', '100%']  memcached=219.8%
[monitor] ['72%', '72%', '74%', '100%']  memcached=217.3%
[monitor] ['71%', '72%', '74%', '100%']  memcached=216.5%
[monitor] ['72%', '69%', '74%', '100%']  memcached=215.4%
[monitor] ['69%', '71%', '73%', '100%']  memcached=212.9%
[monitor] ['76%', '79%', '80%', '100%']  memcached=235.7%
[monitor] ['77%', '76%', '81%', '100%']  memcached=234.0%
[monitor] ['78%', '76%', '78%', '100%']  memcached=233.2%
[monitor] ['62%', '62%', '67%', '100%']  memcached=190.7%
[monitor] ['55%', '51%', '53%', '100%']  memcached=159.2%
[monitor] ['55%', '51%', '57%', '100%']  memcached=163.2%
[monitor] ['52%', '49%', '53%', '100%']  memcached=154.6%
[monitor] ['48%', '48%', '47%', '100%']  memcached=142.5%
[monitor] ['47%', '44%', '49%', '100%']  memcached=140.0%
[monitor] ['46%', '42%', '47%', '100%']  memcached=134.2%
[MEMCACHED] cores updated to: ['0', '2']
[barnes] unpaused.
[blackscholes] paused.
[monitor] ['72%', '80%', '70%', '100%']  memcached=142.5%
[monitor] ['78%', '97%', '77%', '100%']  memcached=155.5%
[monitor] ['74%', '100%', '78%', '100%']  memcached=152.1%
[monitor] ['63%', '100%', '65%', '100%']  memcached=127.9%
[monitor] ['54%', '100%', '53%', '100%']  memcached=107.4%
[monitor] ['53%', '100%', '55%', '100%']  memcached=108.5%
[monitor] ['62%', '100%', '62%', '100%']  memcached=124.1%
[monitor] ['85%', '100%', '97%', '100%']  memcached=181.5%
[MEMCACHED] cores updated to: ['0', '1', '2']
[barnes] paused.
[blackscholes] unpaused.
[monitor] ['76%', '76%', '81%', '100%']  memcached=233.7%
[monitor] ['76%', '74%', '78%', '100%']  memcached=227.8%
[monitor] ['56%', '55%', '58%', '100%']  memcached=168.7%
[monitor] ['56%', '56%', '58%', '100%']  memcached=169.1%
[monitor] ['51%', '57%', '56%', '100%']  memcached=163.6%
[monitor] ['57%', '53%', '58%', '100%']  memcached=168.4%
[monitor] ['56%', '55%', '58%', '100%']  memcached=167.9%
[monitor] ['56%', '58%', '57%', '100%']  memcached=170.7%
[monitor] ['56%', '56%', '58%', '100%']  memcached=170.1%
[monitor] ['66%', '66%', '68%', '100%']  memcached=200.0%
[monitor] ['65%', '64%', '68%', '100%']  memcached=197.6%
[monitor] ['65%', '62%', '66%', '100%']  memcached=193.4%
[monitor] ['43%', '43%', '47%', '100%']  memcached=132.4%
[MEMCACHED] cores updated to: ['0', '2']
[barnes] unpaused.
[blackscholes] paused.
[monitor] ['51%', '100%', '52%', '100%']  memcached=103.1%
[monitor] ['52%', '100%', '52%', '100%']  memcached=104.0%
[monitor] ['74%', '100%', '76%', '100%']  memcached=150.0%
[monitor] ['94%', '100%', '100%', '100%']  memcached=193.8%
[MEMCACHED] cores updated to: ['0', '1', '2']
[barnes] paused.
[blackscholes] unpaused.
[monitor] ['85%', '80%', '90%', '100%']  memcached=255.6%
[monitor] ['72%', '68%', '73%', '100%']  memcached=213.2%
[monitor] ['49%', '53%', '52%', '100%']  memcached=154.5%
[monitor] ['52%', '51%', '55%', '100%']  memcached=158.8%
[monitor] ['52%', '50%', '52%', '100%']  memcached=154.7%
[monitor] ['63%', '63%', '64%', '100%']  memcached=190.5%
[monitor] ['64%', '60%', '66%', '100%']  memcached=190.1%
[monitor] ['65%', '64%', '63%', '100%']  memcached=192.8%
[monitor] ['50%', '52%', '56%', '100%']  memcached=157.8%
[monitor] ['49%', '49%', '44%', '100%']  memcached=141.7%
[monitor] ['47%', '47%', '51%', '100%']  memcached=144.2%
[monitor] ['52%', '53%', '53%', '100%']  memcached=159.4%
[monitor] ['62%', '60%', '62%', '100%']  memcached=183.9%
[monitor] ['62%', '64%', '65%', '100%']  memcached=190.7%
[monitor] ['62%', '60%', '64%', '100%']  memcached=186.3%
[monitor] ['62%', '62%', '65%', '100%']  memcached=189.4%
[monitor] ['62%', '63%', '63%', '100%']  memcached=188.7%
[monitor] ['65%', '63%', '66%', '100%']  memcached=193.6%
[monitor] ['68%', '63%', '68%', '100%']  memcached=199.0%
[monitor] ['68%', '67%', '69%', '100%']  memcached=204.3%
[monitor] ['68%', '68%', '70%', '100%']  memcached=205.8%
[monitor] ['65%', '66%', '64%', '100%']  memcached=195.0%
[monitor] ['63%', '59%', '65%', '100%']  memcached=187.0%
[monitor] ['62%', '63%', '62%', '100%']  memcached=188.4%
[monitor] ['61%', '59%', '62%', '100%']  memcached=182.0%
[monitor] ['55%', '53%', '57%', '100%']  memcached=165.1%
[monitor] ['52%', '51%', '52%', '100%']  memcached=156.0%
[monitor] ['51%', '51%', '53%', '100%']  memcached=155.8%
[monitor] ['72%', '71%', '74%', '100%']  memcached=217.1%
[monitor] ['77%', '76%', '81%', '100%']  memcached=234.0%
[monitor] ['81%', '78%', '83%', '100%']  memcached=242.8%
[monitor] ['68%', '66%', '68%', '100%']  memcached=201.8%
[monitor] ['53%', '55%', '54%', '100%']  memcached=161.7%
[monitor] ['55%', '56%', '56%', '100%']  memcached=166.1%
[monitor] ['57%', '57%', '57%', '100%']  memcached=170.8%
[monitor] ['74%', '69%', '75%', '100%']  memcached=217.9%
[monitor] ['72%', '69%', '74%', '100%']  memcached=216.1%
[monitor] ['72%', '70%', '74%', '100%']  memcached=216.2%
[monitor] ['64%', '63%', '66%', '100%']  memcached=192.9%
[monitor] ['62%', '59%', '63%', '100%']  memcached=183.5%
[monitor] ['63%', '62%', '63%', '100%']  memcached=188.1%
[monitor] ['67%', '65%', '68%', '100%']  memcached=200.1%
[monitor] ['72%', '72%', '74%', '100%']  memcached=217.9%
[monitor] ['74%', '74%', '78%', '100%']  memcached=226.4%
[monitor] ['69%', '68%', '72%', '100%']  memcached=209.3%
[monitor] ['54%', '54%', '53%', '100%']  memcached=162.2%
[monitor] ['53%', '51%', '56%', '100%']  memcached=160.2%
[monitor] ['51%', '52%', '51%', '100%']  memcached=154.6%
[monitor] ['64%', '61%', '64%', '100%']  memcached=189.5%
[monitor] ['65%', '64%', '67%', '100%']  memcached=196.0%
[monitor] ['66%', '63%', '68%', '100%']  memcached=196.8%
[monitor] ['66%', '64%', '69%', '100%']  memcached=199.4%
[monitor] ['71%', '67%', '70%', '100%']  memcached=207.4%
[monitor] ['68%', '65%', '69%', '100%']  memcached=201.7%
[monitor] ['69%', '68%', '72%', '100%']  memcached=208.5%
[monitor] ['80%', '77%', '82%', '100%']  memcached=239.0%
[monitor] ['76%', '76%', '81%', '100%']  memcached=232.5%
[monitor] ['78%', '77%', '82%', '100%']  memcached=237.7%
[monitor] ['80%', '78%', '83%', '100%']  memcached=241.1%
[monitor] ['83%', '80%', '85%', '100%']  memcached=248.6%
[monitor] ['83%', '81%', '85%', '100%']  memcached=248.7%
[monitor] ['80%', '77%', '85%', '100%']  memcached=242.0%
[monitor] ['74%', '74%', '78%', '100%']  memcached=226.2%
[monitor] ['74%', '74%', '75%', '100%']  memcached=223.0%
[monitor] ['70%', '68%', '72%', '100%']  memcached=210.0%
[monitor] ['59%', '56%', '58%', '100%']  memcached=173.0%
[monitor] ['57%', '57%', '56%', '100%']  memcached=170.1%
[monitor] ['55%', '55%', '58%', '100%']  memcached=167.7%
[monitor] ['78%', '76%', '78%', '100%']  memcached=231.9%
[monitor] ['76%', '76%', '81%', '100%']  memcached=232.5%
[monitor] ['81%', '81%', '79%', '100%']  memcached=240.5%
[monitor] ['54%', '55%', '59%', '100%']  memcached=167.4%
[monitor] ['39%', '37%', '40%', '100%']  memcached=115.4%
[MEMCACHED] cores updated to: ['0', '2']
[barnes] unpaused.
[blackscholes] paused.
[monitor] ['43%', '100%', '46%', '100%']  memcached=88.8%
[monitor] ['51%', '100%', '50%', '100%']  memcached=101.1%
[monitor] ['72%', '100%', '73%', '100%']  memcached=145.0%
[monitor] ['72%', '100%', '70%', '100%']  memcached=142.5%
[monitor] ['74%', '100%', '72%', '100%']  memcached=145.5%
[monitor] ['47%', '100%', '47%', '100%']  memcached=93.3%
[monitor] ['46%', '100%', '43%', '100%']  memcached=89.3%
[monitor] ['46%', '100%', '50%', '100%']  memcached=95.8%
[monitor] ['59%', '100%', '59%', '100%']  memcached=117.1%
[monitor] ['74%', '100%', '72%', '100%']  memcached=146.9%
[monitor] ['73%', '100%', '70%', '100%']  memcached=143.2%
[monitor] ['71%', '100%', '70%', '100%']  memcached=140.7%
[monitor] ['65%', '100%', '64%', '100%']  memcached=129.4%
[monitor] ['65%', '100%', '64%', '100%']  memcached=129.3%
[monitor] ['63%', '100%', '64%', '100%']  memcached=127.7%
[monitor] ['76%', '100%', '76%', '100%']  memcached=151.4%
[monitor] ['78%', '100%', '74%', '100%']  memcached=152.7%
[monitor] ['76%', '100%', '76%', '100%']  memcached=152.6%
[monitor] ['62%', '100%', '62%', '100%']  memcached=124.4%
[monitor] ['56%', '100%', '58%', '100%']  memcached=113.6%
[monitor] ['53%', '100%', '56%', '100%']  memcached=108.9%
[monitor] ['62%', '100%', '62%', '100%']  memcached=123.8%
[monitor] ['80%', '100%', '76%', '100%']  memcached=155.7%
[monitor] ['77%', '100%', '76%', '100%']  memcached=153.5%
[monitor] ['78%', '100%', '76%', '100%']  memcached=153.5%
[monitor] ['100%', '100%', '97%', '100%']  memcached=196.8%
[MEMCACHED] cores updated to: ['0', '1', '2']
[barnes] paused.
[blackscholes] unpaused.
[monitor] ['85%', '81%', '88%', '100%']  memcached=254.4%
[monitor] ['82%', '83%', '90%', '100%']  memcached=255.5%
[monitor] ['52%', '53%', '55%', '100%']  memcached=160.8%
[monitor] ['43%', '40%', '42%', '100%']  memcached=125.5%
[MEMCACHED] cores updated to: ['0', '2']
[barnes] unpaused.
[blackscholes] paused.
[monitor] ['47%', '100%', '48%', '100%']  memcached=94.5%
[monitor] ['55%', '100%', '57%', '100%']  memcached=111.6%
[monitor] ['73%', '100%', '74%', '100%']  memcached=146.7%
[monitor] ['74%', '100%', '72%', '100%']  memcached=145.5%
[monitor] ['72%', '100%', '68%', '100%']  memcached=140.2%
[monitor] ['84%', '100%', '85%', '100%']  memcached=169.2%
[MEMCACHED] cores updated to: ['0', '1', '2']
[barnes] paused.
[blackscholes] unpaused.
[monitor] ['73%', '68%', '72%', '100%']  memcached=213.6%
[monitor] ['72%', '70%', '74%', '100%']  memcached=215.7%
[monitor] ['70%', '69%', '73%', '100%']  memcached=212.5%
[monitor] ['72%', '68%', '73%', '100%']  memcached=213.1%
[monitor] ['74%', '73%', '76%', '100%']  memcached=222.3%
[monitor] ['62%', '60%', '63%', '100%']  memcached=184.8%
[monitor] ['50%', '48%', '49%', '100%']  memcached=146.5%
[monitor] ['48%', '50%', '50%', '100%']  memcached=147.6%
[monitor] ['53%', '52%', '55%', '100%']  memcached=160.3%
[monitor] ['80%', '78%', '86%', '100%']  memcached=243.5%
[monitor] ['78%', '76%', '78%', '100%']  memcached=231.8%
[monitor] ['76%', '74%', '80%', '100%']  memcached=230.0%
[monitor] ['83%', '83%', '88%', '100%']  memcached=254.2%
[monitor] ['85%', '82%', '88%', '100%']  memcached=255.5%
[monitor] ['85%', '83%', '88%', '100%']  memcached=256.0%
[monitor] ['86%', '82%', '85%', '100%']  memcached=252.4%
[monitor] ['85%', '81%', '91%', '100%']  memcached=257.6%
[monitor] ['85%', '82%', '88%', '100%']  memcached=255.5%
[monitor] ['85%', '81%', '88%', '100%']  memcached=253.3%
[monitor] ['80%', '77%', '85%', '100%']  memcached=242.4%
[monitor] ['78%', '79%', '83%', '100%']  memcached=240.2%
[monitor] ['75%', '71%', '78%', '100%']  memcached=224.4%
[monitor] ['73%', '74%', '74%', '100%']  memcached=221.0%
[monitor] ['74%', '69%', '74%', '100%']  memcached=217.2%
[monitor] ['76%', '73%', '78%', '100%']  memcached=227.0%
[monitor] ['66%', '65%', '70%', '100%']  memcached=200.9%
[monitor] ['59%', '58%', '57%', '100%']  memcached=174.2%
[monitor] ['60%', '57%', '62%', '100%']  memcached=179.5%
[monitor] ['58%', '55%', '57%', '100%']  memcached=169.7%
[monitor] ['48%', '48%', '49%', '100%']  memcached=144.2%
[monitor] ['45%', '44%', '48%', '100%']  memcached=137.4%
[MEMCACHED] cores updated to: ['0', '2']
[barnes] unpaused.
[blackscholes] paused.
[monitor] ['53%', '100%', '52%', '100%']  memcached=105.5%
[monitor] ['63%', '100%', '66%', '100%']  memcached=129.3%
[monitor] ['65%', '100%', '68%', '100%']  memcached=132.5%
[monitor] ['67%', '100%', '64%', '100%']  memcached=130.8%
[monitor] ['78%', '100%', '78%', '100%']  memcached=155.6%
[monitor] ['97%', '100%', '94%', '100%']  memcached=190.5%
[MEMCACHED] cores updated to: ['0', '1', '2']
[barnes] paused.
[blackscholes] unpaused.
[monitor] ['78%', '76%', '81%', '100%']  memcached=234.0%
[monitor] ['73%', '71%', '76%', '100%']  memcached=220.3%
[monitor] ['66%', '64%', '66%', '100%']  memcached=195.3%
[monitor] ['65%', '63%', '66%', '100%']  memcached=194.3%
[monitor] ['64%', '63%', '68%', '100%']  memcached=194.6%
[monitor] ['66%', '63%', '66%', '100%']  memcached=194.5%
[monitor] ['62%', '60%', '66%', '100%']  memcached=187.4%
[monitor] ['65%', '64%', '64%', '100%']  memcached=193.5%
[monitor] ['69%', '68%', '71%', '100%']  memcached=207.5%
[monitor] ['72%', '68%', '73%', '100%']  memcached=213.1%
[monitor] ['71%', '68%', '72%', '100%']  memcached=210.0%
[monitor] ['63%', '61%', '65%', '100%']  memcached=189.1%
[monitor] ['50%', '52%', '52%', '100%']  memcached=154.5%
[monitor] ['51%', '51%', '53%', '100%']  memcached=155.7%
[monitor] ['48%', '51%', '51%', '100%']  memcached=149.9%
[monitor] ['63%', '65%', '66%', '100%']  memcached=194.4%
[monitor] ['65%', '63%', '66%', '100%']  memcached=194.2%
[monitor] ['65%', '67%', '68%', '100%']  memcached=200.0%
[monitor] ['53%', '50%', '55%', '100%']  memcached=158.3%
[monitor] ['44%', '45%', '47%', '100%']  memcached=135.9%
[MEMCACHED] cores updated to: ['0', '2']
[barnes] unpaused.
[blackscholes] paused.
[monitor] ['52%', '100%', '51%', '100%']  memcached=103.3%
[monitor] ['60%', '100%', '58%', '100%']  memcached=117.7%
[monitor] ['85%', '100%', '85%', '100%']  memcached=170.6%
[MEMCACHED] cores updated to: ['0', '1', '2']
[barnes] paused.
[blackscholes] unpaused.
[monitor] ['74%', '69%', '74%', '100%']  memcached=217.9%
[monitor] ['74%', '69%', '75%', '100%']  memcached=217.9%
[monitor] ['63%', '64%', '66%', '100%']  memcached=192.9%
[monitor] ['64%', '63%', '66%', '100%']  memcached=192.3%
[monitor] ['62%', '63%', '64%', '100%']  memcached=189.4%
[monitor] ['60%', '57%', '63%', '100%']  memcached=180.4%
[monitor] ['60%', '60%', '62%', '100%']  memcached=181.9%
[monitor] ['60%', '57%', '60%', '100%']  memcached=176.8%
[monitor] ['61%', '60%', '63%', '100%']  memcached=184.4%
[monitor] ['68%', '64%', '68%', '100%']  memcached=200.9%
[monitor] ['68%', '66%', '70%', '100%']  memcached=204.1%
[monitor] ['66%', '66%', '68%', '100%']  memcached=200.0%
[monitor] ['68%', '66%', '69%', '100%']  memcached=203.4%
[monitor] ['67%', '64%', '70%', '100%']  memcached=201.0%
[monitor] ['66%', '67%', '67%', '100%']  memcached=199.2%
[monitor] ['52%', '52%', '55%', '100%']  memcached=159.2%
[monitor] ['45%', '47%', '47%', '100%']  memcached=138.6%
[MEMCACHED] cores updated to: ['0', '2']
[barnes] unpaused.
[blackscholes] paused.
[monitor] ['50%', '100%', '52%', '100%']  memcached=102.2%
[monitor] ['53%', '100%', '50%', '100%']  memcached=103.3%
[monitor] ['55%', '100%', '55%', '100%']  memcached=109.1%
[monitor] ['56%', '100%', '55%', '100%']  memcached=110.1%
[monitor] ['56%', '100%', '52%', '100%']  memcached=107.8%
[monitor] ['86%', '100%', '86%', '100%']  memcached=171.8%
[MEMCACHED] cores updated to: ['0', '1', '2']
[barnes] paused.
[blackscholes] unpaused.
[monitor] ['72%', '69%', '74%', '100%']  memcached=215.4%
[monitor] ['72%', '69%', '74%', '100%']  memcached=214.7%
[monitor] ['55%', '55%', '55%', '100%']  memcached=164.1%
[monitor] ['48%', '48%', '48%', '100%']  memcached=143.0%
[monitor] ['47%', '48%', '48%', '100%']  memcached=141.7%
[monitor] ['48%', '48%', '46%', '100%']  memcached=141.7%
[monitor] ['50%', '49%', '51%', '100%']  memcached=150.0%
[monitor] ['46%', '48%', '50%', '100%']  memcached=144.1%
[monitor] ['49%', '49%', '49%', '100%']  memcached=146.7%
[monitor] ['49%', '50%', '49%', '100%']  memcached=147.6%
[monitor] ['51%', '51%', '51%', '100%']  memcached=153.5%
[monitor] ['50%', '51%', '49%', '100%']  memcached=149.9%
[monitor] ['70%', '67%', '73%', '100%']  memcached=209.9%
[monitor] ['78%', '76%', '83%', '100%']  memcached=237.6%
[monitor] ['79%', '75%', '83%', '100%']  memcached=236.8%
[monitor] ['75%', '73%', '78%', '100%']  memcached=226.4%
[monitor] ['67%', '66%', '67%', '100%']  memcached=199.2%
[monitor] ['66%', '65%', '67%', '100%']  memcached=197.6%
[monitor] ['68%', '66%', '70%', '100%']  memcached=204.1%
[monitor] ['64%', '64%', '66%', '100%']  memcached=194.2%
[monitor] ['66%', '62%', '65%', '100%']  memcached=192.8%
[monitor] ['62%', '63%', '66%', '100%']  memcached=191.8%
[monitor] ['60%', '58%', '61%', '100%']  memcached=178.6%
[monitor] ['61%', '60%', '62%', '100%']  memcached=182.4%
[monitor] ['60%', '58%', '61%', '100%']  memcached=180.0%
[monitor] ['51%', '52%', '56%', '100%']  memcached=159.4%
[monitor] ['45%', '48%', '43%', '100%']  memcached=136.1%
[MEMCACHED] cores updated to: ['0', '2']
[barnes] unpaused.
[blackscholes] paused.
[monitor] ['52%', '100%', '51%', '100%']  memcached=103.3%
[monitor] ['50%', '100%', '47%', '100%']  memcached=96.5%
[monitor] ['46%', '100%', '47%', '100%']  memcached=92.5%
[monitor] ['46%', '100%', '47%', '100%']  memcached=92.5%
[monitor] ['45%', '100%', '46%', '100%']  memcached=90.3%
[monitor] ['75%', '100%', '74%', '100%']  memcached=149.3%
[monitor] ['90%', '100%', '94%', '100%']  memcached=184.1%
[MEMCACHED] cores updated to: ['0', '1', '2']
[barnes] paused.
[blackscholes] unpaused.
[monitor] ['74%', '72%', '78%', '100%']  memcached=223.9%
[monitor] ['62%', '60%', '64%', '100%']  memcached=186.3%
[monitor] ['48%', '48%', '48%', '100%']  memcached=143.2%
[monitor] ['47%', '48%', '50%', '100%']  memcached=144.2%
[monitor] ['51%', '51%', '49%', '100%']  memcached=151.1%
[monitor] ['66%', '65%', '70%', '100%']  memcached=200.9%
[monitor] ['67%', '64%', '70%', '100%']  memcached=201.0%
[monitor] ['68%', '65%', '70%', '100%']  memcached=203.3%
[monitor] ['76%', '74%', '78%', '100%']  memcached=227.8%
[monitor] ['75%', '72%', '78%', '100%']  memcached=224.6%
[monitor] ['74%', '74%', '78%', '100%']  memcached=225.7%
[monitor] ['59%', '57%', '60%', '100%']  memcached=175.7%
[monitor] ['45%', '48%', '47%', '100%']  memcached=139.5%
[MEMCACHED] cores updated to: ['0', '2']
[barnes] unpaused.
[blackscholes] paused.
[monitor] ['51%', '100%', '53%', '100%']  memcached=104.3%
[monitor] ['52%', '100%', '54%', '100%']  memcached=106.6%
[monitor] ['63%', '100%', '63%', '100%']  memcached=126.8%
[monitor] ['62%', '100%', '62%', '100%']  memcached=123.8%
[monitor] ['63%', '100%', '60%', '100%']  memcached=123.4%
[monitor] ['76%', '100%', '80%', '100%']  memcached=155.7%
[monitor] ['77%', '100%', '81%', '100%']  memcached=157.7%
[monitor] ['78%', '100%', '79%', '100%']  memcached=157.8%
[monitor] ['78%', '100%', '80%', '100%']  memcached=158.4%
[monitor] ['80%', '100%', '86%', '100%']  memcached=165.7%
[MEMCACHED] cores updated to: ['0', '1', '2']
[barnes] paused.
[blackscholes] unpaused.
[monitor] ['69%', '71%', '74%', '100%']  memcached=213.6%
[monitor] ['68%', '64%', '68%', '100%']  memcached=199.2%
[monitor] ['60%', '60%', '61%', '100%']  memcached=181.8%
[monitor] ['60%', '57%', '59%', '100%']  memcached=176.1%
[monitor] ['57%', '57%', '60%', '100%']  memcached=174.4%
[monitor] ['76%', '69%', '76%', '100%']  memcached=220.5%
[monitor] ['73%', '72%', '76%', '100%']  memcached=221.1%
[monitor] ['76%', '75%', '78%', '100%']  memcached=228.5%
[monitor] ['70%', '66%', '70%', '100%']  memcached=206.1%
[monitor] ['64%', '61%', '63%', '100%']  memcached=188.7%
[monitor] ['63%', '61%', '65%', '100%']  memcached=189.3%
[monitor] ['62%', '63%', '66%', '100%']  memcached=190.8%
[monitor] ['72%', '67%', '72%', '100%']  memcached=210.3%
[monitor] ['70%', '70%', '71%', '100%']  memcached=211.1%
[monitor] ['68%', '66%', '71%', '100%']  memcached=204.4%
[monitor] ['70%', '66%', '72%', '100%']  memcached=207.6%
[monitor] ['65%', '67%', '67%', '100%']  memcached=198.2%
[monitor] ['68%', '66%', '71%', '100%']  memcached=204.3%
[monitor] ['68%', '67%', '68%', '100%']  memcached=203.3%
[monitor] ['68%', '67%', '71%', '100%']  memcached=205.2%
[monitor] ['70%', '68%', '72%', '100%']  memcached=210.1%
[monitor] ['73%', '72%', '74%', '100%']  memcached=219.2%
[monitor] ['86%', '82%', '88%', '100%']  memcached=255.9%
[monitor] ['83%', '78%', '85%', '100%']  memcached=246.5%
[monitor] ['81%', '78%', '85%', '100%']  memcached=243.6%
[monitor] ['73%', '71%', '74%', '100%']  memcached=219.0%
[monitor] ['76%', '70%', '76%', '100%']  memcached=221.6%
[monitor] ['74%', '74%', '78%', '100%']  memcached=225.8%
[monitor] ['54%', '55%', '55%', '100%']  memcached=163.2%
[monitor] ['48%', '44%', '48%', '100%']  memcached=140.1%
[monitor] ['44%', '47%', '46%', '100%']  memcached=136.9%
[MEMCACHED] cores updated to: ['0', '2']
[barnes] unpaused.
[blackscholes] paused.
[monitor] ['59%', '100%', '59%', '59%']  memcached=117.1%
[monitor] ['86%', '100%', '83%', '100%']  memcached=168.6%
[MEMCACHED] cores updated to: ['0', '1', '2']
[barnes] paused.
[blackscholes] unpaused.
[monitor] ['71%', '71%', '74%', '100%']  memcached=215.8%
[monitor] ['74%', '72%', '75%', '100%']  memcached=220.5%
[monitor] ['68%', '66%', '70%', '100%']  memcached=203.4%
[monitor] ['67%', '66%', '68%', '100%']  memcached=200.8%
[monitor] ['65%', '64%', '67%', '100%']  memcached=195.6%
[monitor] ['62%', '63%', '62%', '100%']  memcached=187.8%
[monitor] ['59%', '57%', '59%', '100%']  memcached=174.7%
[monitor] ['58%', '60%', '60%', '100%']  memcached=178.6%
[monitor] ['62%', '59%', '62%', '100%']  memcached=182.9%
[monitor] ['67%', '66%', '66%', '100%']  memcached=198.4%
[monitor] ['66%', '64%', '68%', '100%']  memcached=197.6%
[monitor] ['65%', '62%', '66%', '100%']  memcached=192.8%
[monitor] ['69%', '70%', '74%', '100%']  memcached=212.9%
[monitor] ['72%', '71%', '74%', '100%']  memcached=216.9%
[monitor] ['72%', '70%', '72%', '100%']  memcached=214.3%
[monitor] ['49%', '51%', '50%', '100%']  memcached=149.9%
[monitor] ['47%', '43%', '44%', '100%']  memcached=134.0%
[MEMCACHED] cores updated to: ['0', '2']
[barnes] unpaused.
[blackscholes] paused.
[monitor] ['49%', '100%', '50%', '100%']  memcached=98.9%
[monitor] ['55%', '73%', '58%', '100%']  memcached=112.5%
[monitor] ['69%', '100%', '70%', '100%']  memcached=139.2%
[monitor] ['70%', '100%', '69%', '100%']  memcached=139.2%
[monitor] ['69%', '100%', '70%', '100%']  memcached=139.2%
[monitor] ['97%', '100%', '97%', '100%']  memcached=193.5%
[MEMCACHED] cores updated to: ['0', '1', '2']
[barnes] paused.
[blackscholes] unpaused.
[monitor] ['81%', '79%', '83%', '100%']  memcached=242.9%
[monitor] ['81%', '78%', '82%', '100%']  memcached=240.2%
[monitor] ['56%', '55%', '56%', '100%']  memcached=166.2%
[monitor] ['48%', '49%', '50%', '100%']  memcached=146.6%
[monitor] ['49%', '47%', '45%', '100%']  memcached=140.6%
[monitor] ['50%', '53%', '56%', '100%']  memcached=159.0%
[monitor] ['61%', '60%', '62%', '100%']  memcached=183.0%
[monitor] ['64%', '60%', '63%', '100%']  memcached=187.5%
[monitor] ['62%', '62%', '64%', '100%']  memcached=188.7%
[monitor] ['81%', '78%', '85%', '100%']  memcached=244.8%
[monitor] ['83%', '79%', '83%', '100%']  memcached=245.1%
[monitor] ['83%', '78%', '85%', '100%']  memcached=246.6%
[monitor] ['82%', '80%', '85%', '100%']  memcached=247.2%
[monitor] ['82%', '81%', '88%', '100%']  memcached=250.8%
[monitor] ['88%', '82%', '88%', '100%']  memcached=258.1%
[monitor] ['78%', '78%', '81%', '100%']  memcached=236.7%
[monitor] ['73%', '72%', '75%', '100%']  memcached=219.8%
[monitor] ['74%', '70%', '77%', '100%']  memcached=221.6%
[monitor] ['67%', '70%', '70%', '100%']  memcached=206.9%
[monitor] ['51%', '48%', '50%', '100%']  memcached=148.8%
[monitor] ['50%', '52%', '51%', '100%']  memcached=153.5%
[monitor] ['49%', '52%', '50%', '100%']  memcached=151.1%
[monitor] ['72%', '70%', '72%', '100%']  memcached=214.3%
[monitor] ['78%', '78%', '80%', '100%']  memcached=236.2%
[monitor] ['80%', '81%', '85%', '100%']  memcached=245.8%
[monitor] ['75%', '73%', '78%', '100%']  memcached=225.8%
[monitor] ['68%', '67%', '69%', '100%']  memcached=204.5%
[monitor] ['68%', '71%', '70%', '100%']  memcached=209.3%
[monitor] ['70%', '68%', '68%', '100%']  memcached=205.9%
[monitor] ['68%', '68%', '73%', '100%']  memcached=209.0%
[monitor] ['69%', '69%', '72%', '100%']  memcached=210.3%
[monitor] ['69%', '69%', '72%', '100%']  memcached=210.3%
[monitor] ['78%', '76%', '80%', '100%']  memcached=234.7%
[monitor] ['77%', '78%', '78%', '100%']  memcached=232.5%
[monitor] ['78%', '78%', '83%', '100%']  memcached=238.4%
[monitor] ['56%', '59%', '59%', '100%']  memcached=173.5%
[monitor] ['43%', '43%', '47%', '100%']  memcached=133.0%
[MEMCACHED] cores updated to: ['0', '2']
[barnes] unpaused.
[blackscholes] paused.
[monitor] ['49%', '100%', '48%', '100%']  memcached=96.7%
[monitor] ['50%', '100%', '51%', '100%']  memcached=101.1%
[monitor] ['57%', '100%', '55%', '100%']  memcached=111.6%
[monitor] ['56%', '100%', '57%', '100%']  memcached=112.3%
[monitor] ['57%', '100%', '57%', '100%']  memcached=113.6%
[monitor] ['66%', '100%', '67%', '100%']  memcached=132.6%
[monitor] ['69%', '100%', '69%', '100%']  memcached=138.5%
[monitor] ['68%', '100%', '68%', '100%']  memcached=135.8%
[monitor] ['62%', '100%', '61%', '100%']  memcached=122.9%
[monitor] ['59%', '100%', '61%', '100%']  memcached=120.0%
[monitor] ['56%', '100%', '60%', '100%']  memcached=116.3%
[monitor] ['59%', '100%', '60%', '100%']  memcached=119.1%
[monitor] ['64%', '100%', '63%', '100%']  memcached=127.1%
[monitor] ['63%', '100%', '64%', '100%']  memcached=127.1%
[monitor] ['61%', '100%', '63%', '100%']  memcached=123.8%
[monitor] ['74%', '100%', '74%', '100%']  memcached=147.4%
[monitor] ['76%', '100%', '77%', '100%']  memcached=153.2%
[monitor] ['74%', '100%', '73%', '100%']  memcached=146.7%
[monitor] ['85%', '100%', '85%', '100%']  memcached=170.6%
[MEMCACHED] cores updated to: ['0', '1', '2']
[barnes] paused.
[blackscholes] unpaused.
[monitor] ['78%', '78%', '80%', '100%']  memcached=236.8%
[monitor] ['76%', '76%', '80%', '100%']  memcached=232.0%
[monitor] ['78%', '78%', '81%', '91%']  memcached=237.2%
[blackscholes] ended.
[monitor] ['72%', '62%', '68%', '79%']  memcached=202.7%
[monitor] ['56%', '59%', '58%', '100%']  memcached=173.3%
[monitor] ['58%', '57%', '60%', '100%']  memcached=174.5%
[monitor] ['62%', '63%', '63%', '100%']  memcached=188.7%
[monitor] ['66%', '63%', '65%', '100%']  memcached=193.6%
[monitor] ['88%', '64%', '66%', '90%']  memcached=218.5%
[monitor] ['74%', '72%', '76%', '12%']  memcached=221.2%
[monitor] ['78%', '78%', '83%', '17%']  memcached=239.0%
[monitor] ['78%', '78%', '79%', '16%']  memcached=235.6%
[monitor] ['68%', '63%', '71%', '11%']  memcached=201.8%
[monitor] ['51%', '51%', '51%', '10%']  memcached=153.4%
[monitor] ['52%', '51%', '49%', '13%']  memcached=152.2%
[monitor] ['48%', '50%', '51%', '7%']  memcached=148.7%
[monitor] ['59%', '58%', '61%', '17%']  memcached=177.7%
[monitor] ['59%', '59%', '59%', '7%']  memcached=176.2%
[monitor] ['59%', '57%', '59%', '17%']  memcached=174.4%
[monitor] ['52%', '50%', '53%', '4%']  memcached=155.6%
[monitor] ['45%', '47%', '47%', '7%']  memcached=138.3%
[MEMCACHED] cores updated to: ['0', '2']
[barnes] unpaused.
[monitor] ['51%', '100%', '52%', '100%']  memcached=103.4%
[monitor] ['61%', '100%', '62%', '100%']  memcached=122.9%
[monitor] ['82%', '100%', '83%', '100%']  memcached=164.7%
[MEMCACHED] cores updated to: ['0', '1', '2']
[barnes] paused.
[monitor] ['70%', '68%', '71%', '18%']  memcached=208.6%
[monitor] ['68%', '68%', '69%', '12%']  memcached=205.8%
[monitor] ['74%', '72%', '78%', '19%']  memcached=224.6%
[monitor] ['76%', '74%', '76%', '22%']  memcached=226.3%
[monitor] ['73%', '73%', '75%', '21%']  memcached=220.9%
[monitor] ['59%', '59%', '61%', '14%']  memcached=178.5%
[monitor] ['52%', '53%', '53%', '7%']  memcached=159.1%
[monitor] ['56%', '53%', '59%', '17%']  memcached=168.4%
[monitor] ['61%', '58%', '61%', '7%']  memcached=180.5%
[monitor] ['72%', '72%', '74%', '15%']  memcached=218.7%
[monitor] ['72%', '71%', '76%', '19%']  memcached=218.5%
[monitor] ['74%', '72%', '74%', '15%']  memcached=220.5%
[monitor] ['70%', '70%', '73%', '15%']  memcached=213.0%
[monitor] ['72%', '69%', '73%', '15%']  memcached=214.0%
[monitor] ['72%', '69%', '74%', '21%']  memcached=215.4%
[monitor] ['48%', '51%', '53%', '10%']  memcached=152.1%
[monitor] ['39%', '44%', '43%', '10%']  memcached=126.7%
[MEMCACHED] cores updated to: ['0', '2']
[barnes] unpaused.
[monitor] ['50%', '100%', '48%', '100%']  memcached=97.8%
[monitor] ['54%', '100%', '57%', '100%']  memcached=110.5%
[monitor] ['70%', '100%', '70%', '100%']  memcached=140.0%
[monitor] ['70%', '100%', '71%', '100%']  memcached=141.3%
[monitor] ['71%', '100%', '72%', '100%']  memcached=142.8%
[monitor] ['97%', '100%', '91%', '100%']  memcached=187.4%
[MEMCACHED] cores updated to: ['0', '1', '2']
[barnes] paused.
[monitor] ['76%', '76%', '81%', '25%']  memcached=232.5%
[monitor] ['78%', '73%', '80%', '19%']  memcached=231.4%
[monitor] ['80%', '78%', '85%', '23%']  memcached=243.7%
[monitor] ['82%', '83%', '88%', '24%']  memcached=253.4%
[monitor] ['86%', '82%', '88%', '27%']  memcached=255.6%
[monitor] ['71%', '70%', '75%', '12%']  memcached=216.3%
[monitor] ['65%', '64%', '65%', '23%']  memcached=194.3%
[monitor] ['65%', '60%', '65%', '11%']  memcached=190.0%
[monitor] ['63%', '67%', '68%', '14%']  memcached=198.4%
[monitor] ['68%', '68%', '72%', '19%']  memcached=208.1%
[monitor] ['70%', '69%', '74%', '18%']  memcached=213.6%
[monitor] ['68%', '68%', '72%', '12%']  memcached=208.2%
[monitor] ['60%', '60%', '60%', '14%']  memcached=178.6%
[monitor] ['55%', '55%', '59%', '13%']  memcached=168.3%
[monitor] ['57%', '57%', '60%', '17%']  memcached=173.5%
[monitor] ['65%', '64%', '69%', '11%']  memcached=198.3%
[monitor] ['81%', '78%', '82%', '29%']  memcached=240.7%
[monitor] ['83%', '81%', '86%', '29%']  memcached=249.1%
[monitor] ['78%', '74%', '79%', '16%']  memcached=230.9%
[monitor] ['62%', '61%', '63%', '14%']  memcached=186.1%
[monitor] ['62%', '61%', '64%', '17%']  memcached=186.9%
[monitor] ['64%', '60%', '62%', '20%']  memcached=185.6%
[monitor] ['62%', '62%', '64%', '11%']  memcached=188.1%
[monitor] ['60%', '61%', '61%', '14%']  memcached=182.8%
[monitor] ['61%', '60%', '64%', '17%']  memcached=184.1%
[monitor] ['51%', '50%', '53%', '7%']  memcached=154.7%
[monitor] ['43%', '44%', '43%', '6%']  memcached=130.8%
[MEMCACHED] cores updated to: ['0', '2']
[barnes] unpaused.
[monitor] ['49%', '100%', '52%', '100%']  memcached=100.9%
[monitor] ['53%', '100%', '53%', '100%']  memcached=106.5%
[monitor] ['76%', '100%', '76%', '100%']  memcached=152.0%
[monitor] ['76%', '100%', '76%', '100%']  memcached=152.0%
[monitor] ['74%', '100%', '72%', '100%']  memcached=145.9%
[monitor] ['67%', '100%', '69%', '100%']  memcached=135.7%
[monitor] ['65%', '100%', '66%', '100%']  memcached=130.9%
[monitor] ['67%', '100%', '65%', '100%']  memcached=131.7%
[monitor] ['57%', '100%', '58%', '100%']  memcached=115.0%
[monitor] ['49%', '100%', '47%', '100%']  memcached=95.7%
[monitor] ['50%', '100%', '51%', '100%']  memcached=101.0%
[monitor] ['48%', '100%', '47%', '100%']  memcached=94.6%
[monitor] ['46%', '100%', '50%', '100%']  memcached=95.8%
[monitor] ['47%', '100%', '47%', '100%']  memcached=93.3%
[monitor] ['47%', '100%', '47%', '100%']  memcached=93.6%
[monitor] ['62%', '100%', '63%', '100%']  memcached=125.3%
[monitor] ['68%', '100%', '68%', '100%']  memcached=136.6%
[monitor] ['68%', '100%', '68%', '100%']  memcached=135.8%
[monitor] ['80%', '100%', '81%', '100%']  memcached=160.6%
[MEMCACHED] cores updated to: ['0', '1', '2']
[barnes] paused.
[monitor] ['80%', '78%', '85%', '17%']  memcached=242.6%
[monitor] ['83%', '78%', '85%', '25%']  memcached=245.9%
[monitor] ['72%', '72%', '74%', '12%']  memcached=217.9%
[monitor] ['56%', '56%', '58%', '13%']  memcached=169.5%
[monitor] ['58%', '58%', '59%', '17%']  memcached=174.8%
[monitor] ['56%', '57%', '59%', '7%']  memcached=171.4%
[monitor] ['73%', '71%', '76%', '15%']  memcached=220.3%
[monitor] ['78%', '76%', '80%', '19%']  memcached=234.1%
[monitor] ['76%', '77%', '81%', '19%']  memcached=233.8%
[monitor] ['55%', '55%', '57%', '7%']  memcached=167.4%
[monitor] ['48%', '46%', '45%', '7%']  memcached=138.9%
[MEMCACHED] cores updated to: ['0', '2']
[barnes] unpaused.
[monitor] ['52%', '100%', '53%', '100%']  memcached=105.2%
[monitor] ['53%', '100%', '53%', '100%']  memcached=106.4%
[monitor] ['51%', '100%', '54%', '100%']  memcached=105.3%
[monitor] ['53%', '100%', '50%', '100%']  memcached=103.2%
[monitor] ['53%', '100%', '52%', '100%']  memcached=105.4%
[monitor] ['65%', '100%', '64%', '100%']  memcached=129.4%
[monitor] ['63%', '100%', '61%', '100%']  memcached=123.8%
[monitor] ['65%', '100%', '65%', '100%']  memcached=130.2%
[monitor] ['69%', '100%', '70%', '100%']  memcached=139.2%
[monitor] ['78%', '100%', '79%', '100%']  memcached=157.3%
[monitor] ['76%', '100%', '75%', '100%']  memcached=150.7%
[monitor] ['72%', '100%', '72%', '100%']  memcached=143.6%
[monitor] ['60%', '100%', '60%', '100%']  memcached=119.0%
[monitor] ['62%', '100%', '59%', '100%']  memcached=121.3%
[monitor] ['61%', '100%', '61%', '100%']  memcached=122.7%
[monitor] ['45%', '100%', '47%', '100%']  memcached=91.6%
[monitor] ['39%', '100%', '42%', '100%']  memcached=80.9%
[monitor] ['42%', '100%', '43%', '100%']  memcached=85.7%
[monitor] ['69%', '100%', '68%', '100%']  memcached=137.7%
[monitor] ['97%', '100%', '91%', '100%']  memcached=187.7%
[MEMCACHED] cores updated to: ['0', '1', '2']
[barnes] paused.
[monitor] ['81%', '78%', '85%', '22%']  memcached=243.8%
[monitor] ['68%', '68%', '69%', '12%']  memcached=206.3%
[monitor] ['49%', '47%', '49%', '7%']  memcached=144.2%
[monitor] ['50%', '49%', '45%', '13%']  memcached=144.1%
[monitor] ['48%', '48%', '50%', '10%']  memcached=145.5%
[monitor] ['63%', '60%', '61%', '14%']  memcached=183.3%
[monitor] ['61%', '63%', '62%', '15%']  memcached=186.3%
[monitor] ['61%', '60%', '64%', '14%']  memcached=184.8%
[monitor] ['55%', '57%', '59%', '10%']  memcached=170.0%
[monitor] ['55%', '53%', '57%', '10%']  memcached=164.9%
[monitor] ['55%', '56%', '55%', '17%']  memcached=165.1%
[monitor] ['55%', '51%', '55%', '4%']  memcached=160.5%
[monitor] ['56%', '56%', '57%', '14%']  memcached=168.8%
[monitor] ['55%', '55%', '55%', '10%']  memcached=164.8%
[monitor] ['57%', '56%', '58%', '7%']  memcached=171.1%
[monitor] ['42%', '43%', '43%', '6%']  memcached=129.2%
[MEMCACHED] cores updated to: ['0', '2']
[barnes] unpaused.
[monitor] ['49%', '100%', '48%', '100%']  memcached=96.9%
[monitor] ['46%', '100%', '49%', '100%']  memcached=94.6%
[monitor] ['65%', '81%', '62%', '100%']  memcached=127.6%
[monitor] ['70%', '100%', '71%', '100%']  memcached=141.3%
[monitor] ['71%', '100%', '72%', '100%']  memcached=142.8%
[monitor] ['74%', '100%', '72%', '84%']  memcached=146.2%
[monitor] ['78%', '100%', '75%', '100%']  memcached=152.8%
[monitor] ['75%', '100%', '75%', '100%']  memcached=150.0%
[monitor] ['76%', '100%', '74%', '100%']  memcached=150.0%
[monitor] ['72%', '100%', '72%', '100%']  memcached=144.3%
[monitor] ['72%', '100%', '71%', '100%']  memcached=142.8%
[monitor] ['70%', '100%', '70%', '100%']  memcached=140.0%
[monitor] ['74%', '100%', '74%', '100%']  memcached=147.4%
[monitor] ['76%', '100%', '73%', '100%']  memcached=148.6%
[monitor] ['72%', '100%', '74%', '100%']  memcached=145.9%
[monitor] ['72%', '100%', '74%', '100%']  memcached=145.5%
[monitor] ['67%', '100%', '70%', '100%']  memcached=136.7%
[monitor] ['67%', '100%', '68%', '100%']  memcached=135.0%
[monitor] ['70%', '100%', '69%', '100%']  memcached=139.2%
[monitor] ['89%', '100%', '100%', '100%']  memcached=188.6%
[MEMCACHED] cores updated to: ['0', '1', '2']
[barnes] paused.
[monitor] ['80%', '80%', '85%', '26%']  memcached=244.8%
[monitor] ['80%', '76%', '83%', '19%']  memcached=239.0%
[monitor] ['61%', '60%', '59%', '14%']  memcached=179.4%
[monitor] ['53%', '52%', '56%', '16%']  memcached=161.6%
[monitor] ['55%', '57%', '55%', '19%']  memcached=166.3%
[monitor] ['55%', '55%', '58%', '7%']  memcached=167.4%
[monitor] ['55%', '58%', '59%', '11%']  memcached=171.6%
[monitor] ['56%', '57%', '58%', '14%']  memcached=171.1%
[monitor] ['55%', '58%', '60%', '11%']  memcached=172.3%
[monitor] ['57%', '56%', '58%', '10%']  memcached=170.8%
[monitor] ['57%', '57%', '59%', '11%']  memcached=172.8%
[monitor] ['59%', '56%', '60%', '10%']  memcached=174.9%
[monitor] ['56%', '55%', '56%', '10%']  memcached=166.4%
[monitor] ['53%', '53%', '53%', '10%']  memcached=160.3%
[monitor] ['53%', '50%', '55%', '10%']  memcached=157.9%
[monitor] ['59%', '60%', '61%', '10%']  memcached=179.0%
[monitor] ['72%', '68%', '74%', '12%']  memcached=214.5%
[monitor] ['68%', '68%', '72%', '18%']  memcached=208.5%
[monitor] ['69%', '68%', '72%', '12%']  memcached=209.0%
[monitor] ['68%', '70%', '70%', '15%']  memcached=208.4%
[monitor] ['68%', '66%', '71%', '15%']  memcached=205.2%
[monitor] ['68%', '68%', '72%', '14%']  memcached=206.8%
[monitor] ['68%', '64%', '68%', '21%']  memcached=199.3%
[monitor] ['63%', '64%', '66%', '14%']  memcached=193.6%
[monitor] ['62%', '62%', '66%', '14%']  memcached=189.3%
[monitor] ['61%', '59%', '59%', '14%']  memcached=178.5%
[monitor] ['52%', '56%', '58%', '10%']  memcached=165.7%
[monitor] ['52%', '52%', '56%', '16%']  memcached=160.5%
[monitor] ['52%', '56%', '57%', '7%']  memcached=164.8%
[monitor] ['60%', '59%', '62%', '8%']  memcached=180.4%
[monitor] ['60%', '59%', '62%', '14%']  memcached=181.6%
[monitor] ['60%', '59%', '62%', '11%']  memcached=180.9%
[monitor] ['69%', '70%', '73%', '15%']  memcached=212.2%
[monitor] ['73%', '69%', '74%', '15%']  memcached=215.9%
[monitor] ['72%', '71%', '74%', '18%']  memcached=216.5%
[monitor] ['56%', '55%', '56%', '11%']  memcached=167.0%
[monitor] ['41%', '42%', '44%', '3%']  memcached=127.6%
[MEMCACHED] cores updated to: ['0', '2']
[barnes] unpaused.
[monitor] ['49%', '100%', '52%', '100%']  memcached=101.0%
[monitor] ['54%', '100%', '56%', '100%']  memcached=109.9%
[monitor] ['85%', '100%', '91%', '100%']  memcached=175.9%
[MEMCACHED] cores updated to: ['0', '1', '2']
[barnes] paused.
[monitor] ['74%', '74%', '77%', '19%']  memcached=225.0%
[monitor] ['72%', '72%', '75%', '12%']  memcached=219.3%
[monitor] ['74%', '73%', '78%', '15%']  memcached=225.0%
[monitor] ['74%', '76%', '78%', '19%']  memcached=227.8%
[monitor] ['74%', '74%', '76%', '19%']  memcached=223.7%
[monitor] ['78%', '76%', '81%', '19%']  memcached=234.0%
[monitor] ['80%', '81%', '85%', '16%']  memcached=246.4%
[monitor] ['81%', '82%', '88%', '26%']  memcached=250.8%
[monitor] ['74%', '72%', '75%', '12%']  memcached=220.5%
[monitor] ['47%', '51%', '50%', '10%']  memcached=147.6%
[monitor] ['50%', '49%', '50%', '10%']  memcached=148.9%
[monitor] ['49%', '49%', '51%', '7%']  memcached=148.9%
[monitor] ['53%', '50%', '53%', '10%']  memcached=156.7%
[monitor] ['52%', '53%', '53%', '13%']  memcached=159.2%
[monitor] ['53%', '53%', '53%', '7%']  memcached=160.2%
[monitor] ['48%', '49%', '50%', '10%']  memcached=146.6%
[monitor] ['44%', '47%', '48%', '10%']  memcached=138.7%
[MEMCACHED] cores updated to: ['0', '2']
[barnes] unpaused.
[monitor] ['53%', '100%', '52%', '100%']  memcached=105.4%
[monitor] ['50%', '100%', '51%', '100%']  memcached=101.1%
[monitor] ['49%', '100%', '47%', '100%']  memcached=95.8%
[monitor] ['47%', '100%', '49%', '100%']  memcached=95.7%
[monitor] ['49%', '100%', '49%', '100%']  memcached=97.9%
[monitor] ['76%', '100%', '80%', '100%']  memcached=156.3%
[monitor] ['82%', '100%', '86%', '100%']  memcached=168.1%
[MEMCACHED] cores updated to: ['0', '1', '2']
[barnes] paused.
[monitor] ['72%', '69%', '73%', '15%']  memcached=214.0%
[monitor] ['54%', '53%', '57%', '11%']  memcached=164.3%
[monitor] ['47%', '47%', '48%', '7%']  memcached=141.2%
[monitor] ['45%', '50%', '50%', '13%']  memcached=145.2%
[monitor] ['57%', '50%', '53%', '10%']  memcached=160.0%
[monitor] ['68%', '68%', '70%', '18%']  memcached=205.8%
[monitor] ['71%', '68%', '71%', '30%']  memcached=210.4%
[monitor] ['68%', '68%', '72%', '14%']  memcached=207.6%
[monitor] ['67%', '68%', '70%', '15%']  memcached=205.0%
[monitor] ['67%', '66%', '69%', '12%']  memcached=201.8%
[monitor] ['68%', '65%', '69%', '14%']  memcached=202.5%
[monitor] ['74%', '74%', '76%', '15%']  memcached=223.0%
[monitor] ['76%', '73%', '79%', '19%']  memcached=227.4%
[monitor] ['74%', '74%', '80%', '19%']  memcached=228.6%
[monitor] ['69%', '69%', '73%', '18%']  memcached=211.4%
[monitor] ['62%', '62%', '63%', '11%']  memcached=187.8%
[monitor] ['62%', '62%', '65%', '17%']  memcached=190.0%
[monitor] ['64%', '63%', '66%', '17%']  memcached=193.6%
[monitor] ['74%', '71%', '74%', '15%']  memcached=218.1%
[monitor] ['76%', '76%', '78%', '16%']  memcached=229.8%
[monitor] ['74%', '71%', '78%', '15%']  memcached=223.1%
[monitor] ['69%', '72%', '74%', '15%']  memcached=215.4%
[monitor] ['70%', '68%', '74%', '12%']  memcached=211.2%
[monitor] ['71%', '68%', '72%', '15%']  memcached=210.9%
[monitor] ['62%', '64%', '65%', '8%']  memcached=191.8%
[monitor] ['55%', '52%', '55%', '13%']  memcached=161.4%
[monitor] ['53%', '54%', '55%', '17%']  memcached=162.4%
[monitor] ['51%', '53%', '55%', '10%']  memcached=159.0%
[monitor] ['51%', '50%', '53%', '10%']  memcached=154.4%
[monitor] ['50%', '50%', '52%', '10%']  memcached=152.3%
[monitor] ['49%', '54%', '52%', '10%']  memcached=155.5%
[monitor] ['74%', '71%', '76%', '12%']  memcached=220.4%
[monitor] ['83%', '80%', '88%', '26%']  memcached=251.2%
[monitor] ['82%', '85%', '91%', '24%']  memcached=258.6%
[monitor] ['76%', '74%', '78%', '12%']  memcached=227.7%
[monitor] ['67%', '66%', '68%', '15%']  memcached=200.9%
[monitor] ['68%', '68%', '70%', '18%']  memcached=205.8%
[monitor] ['67%', '64%', '68%', '11%']  memcached=199.2%
[monitor] ['55%', '56%', '59%', '10%']  memcached=169.7%
[monitor] ['56%', '55%', '57%', '13%']  memcached=166.9%
[monitor] ['55%', '56%', '56%', '20%']  memcached=166.4%
[monitor] ['69%', '67%', '71%', '21%']  memcached=207.0%
[monitor] ['71%', '71%', '76%', '12%']  memcached=217.8%
[monitor] ['74%', '72%', '76%', '19%']  memcached=222.5%
[monitor] ['69%', '68%', '70%', '11%']  memcached=207.5%
[monitor] ['62%', '61%', '62%', '14%']  memcached=185.2%
[monitor] ['61%', '60%', '62%', '11%']  memcached=183.0%
[monitor] ['62%', '63%', '66%', '8%']  memcached=190.5%
[monitor] ['76%', '73%', '78%', '19%']  memcached=227.0%
[monitor] ['78%', '76%', '80%', '19%']  memcached=233.5%
[monitor] ['76%', '78%', '81%', '23%']  memcached=234.0%
[monitor] ['72%', '71%', '74%', '19%']  memcached=216.5%
[monitor] ['70%', '68%', '72%', '15%']  memcached=210.9%
[monitor] ['69%', '68%', '71%', '12%']  memcached=207.8%
[monitor] ['58%', '57%', '57%', '10%']  memcached=172.8%
[monitor] ['42%', '41%', '41%', '3%']  memcached=124.4%
[MEMCACHED] cores updated to: ['0', '2']
[barnes] unpaused.
[monitor] ['50%', '100%', '47%', '100%']  memcached=96.8%
[monitor] ['50%', '100%', '52%', '100%']  memcached=102.1%
[monitor] ['88%', '100%', '88%', '100%']  memcached=176.1%
[MEMCACHED] cores updated to: ['0', '1', '2']
[barnes] paused.
[monitor] ['71%', '72%', '78%', '21%']  memcached=221.1%
[monitor] ['74%', '72%', '74%', '19%']  memcached=219.8%
[monitor] ['57%', '58%', '60%', '7%']  memcached=174.8%
[monitor] ['56%', '55%', '56%', '13%']  memcached=166.2%
[monitor] ['53%', '55%', '56%', '10%']  memcached=164.6%
[monitor] ['56%', '56%', '56%', '7%']  memcached=167.7%
[monitor] ['62%', '63%', '64%', '14%']  memcached=189.0%
[monitor] ['63%', '60%', '63%', '17%']  memcached=185.7%
[monitor] ['62%', '60%', '62%', '11%']  memcached=184.9%
[monitor] ['59%', '58%', '59%', '14%']  memcached=175.2%
[monitor] ['55%', '56%', '56%', '14%']  memcached=166.9%
[monitor] ['58%', '58%', '58%', '14%']  memcached=174.1%
[monitor] ['45%', '45%', '48%', '7%']  memcached=138.1%
[MEMCACHED] cores updated to: ['0', '2']
[barnes] unpaused.
[monitor] ['52%', '100%', '52%', '100%']  memcached=104.3%
[monitor] ['54%', '100%', '54%', '100%']  memcached=108.7%
[monitor] ['62%', '100%', '66%', '100%']  memcached=128.4%
[monitor] ['82%', '100%', '85%', '100%']  memcached=167.2%
[MEMCACHED] cores updated to: ['0', '1', '2']
[barnes] paused.
[monitor] ['72%', '70%', '73%', '27%']  memcached=214.8%
[monitor] ['70%', '70%', '73%', '12%']  memcached=213.2%
[monitor] ['70%', '68%', '72%', '12%']  memcached=210.2%
[monitor] ['70%', '69%', '72%', '18%']  memcached=211.5%
[monitor] ['69%', '67%', '72%', '8%']  memcached=207.7%
[monitor] ['68%', '68%', '68%', '17%']  memcached=203.4%
[monitor] ['68%', '68%', '69%', '15%']  memcached=204.2%
[monitor] ['68%', '65%', '70%', '12%']  memcached=202.6%
[monitor] ['51%', '51%', '52%', '10%']  memcached=154.8%
[monitor] ['36%', '36%', '39%', '3%']  memcached=110.1%
[MEMCACHED] cores updated to: ['0', '2']
[barnes] unpaused.
[monitor] ['46%', '100%', '45%', '100%']  memcached=90.5%
[monitor] ['48%', '100%', '50%', '100%']  memcached=97.8%
[monitor] ['64%', '100%', '66%', '100%']  memcached=130.1%
[monitor] ['65%', '100%', '66%', '100%']  memcached=130.9%
[monitor] ['65%', '100%', '67%', '100%']  memcached=131.7%
[monitor] ['62%', '100%', '67%', '100%']  memcached=129.2%
[monitor] ['64%', '100%', '63%', '100%']  memcached=127.1%
[monitor] ['64%', '100%', '66%', '100%']  memcached=130.1%
[monitor] ['76%', '100%', '78%', '100%']  memcached=154.1%
[monitor] ['88%', '100%', '90%', '100%']  memcached=178.2%
[MEMCACHED] cores updated to: ['0', '1', '2']
[barnes] paused.
[monitor] ['74%', '73%', '78%', '24%']  memcached=225.0%
[monitor] ['70%', '67%', '72%', '12%']  memcached=208.5%
[monitor] ['51%', '52%', '55%', '10%']  memcached=158.4%
[monitor] ['52%', '52%', '53%', '16%']  memcached=158.1%
[monitor] ['51%', '51%', '56%', '7%']  memcached=158.3%
[monitor] ['60%', '59%', '57%', '14%']  memcached=175.3%
[monitor] ['62%', '60%', '65%', '17%']  memcached=187.5%
[monitor] ['62%', '61%', '64%', '11%']  memcached=186.6%
[monitor] ['52%', '50%', '52%', '10%']  memcached=154.5%
[monitor] ['43%', '42%', '43%', '7%']  memcached=128.2%
[MEMCACHED] cores updated to: ['0', '2']
[barnes] unpaused.
[monitor] ['54%', '100%', '54%', '100%']  memcached=108.3%
[monitor] ['53%', '100%', '54%', '100%']  memcached=107.7%
[monitor] ['63%', '100%', '66%', '100%']  memcached=129.3%
[monitor] ['66%', '100%', '66%', '100%']  memcached=131.7%
[monitor] ['62%', '100%', '64%', '100%']  memcached=126.8%
[monitor] ['59%', '100%', '57%', '100%']  memcached=115.5%
[monitor] ['56%', '100%', '56%', '100%']  memcached=111.1%
[monitor] ['57%', '100%', '57%', '100%']  memcached=114.0%
[monitor] ['74%', '100%', '71%', '100%']  memcached=145.3%
[monitor] ['88%', '100%', '85%', '100%']  memcached=173.2%
[MEMCACHED] cores updated to: ['0', '1', '2']
[barnes] paused.
[monitor] ['74%', '71%', '78%', '21%']  memcached=223.2%
[monitor] ['74%', '73%', '78%', '8%']  memcached=224.4%
[monitor] ['78%', '77%', '79%', '23%']  memcached=233.5%
[monitor] ['80%', '78%', '84%', '22%']  memcached=241.6%
[monitor] ['78%', '78%', '80%', '16%']  memcached=236.2%
[monitor] ['74%', '74%', '78%', '15%']  memcached=226.4%
[monitor] ['74%', '71%', '76%', '18%']  memcached=221.1%
[monitor] ['74%', '71%', '76%', '15%']  memcached=221.2%
[monitor] ['51%', '52%', '52%', '13%']  memcached=156.0%
[monitor] ['42%', '38%', '44%', '7%']  memcached=124.4%
[MEMCACHED] cores updated to: ['0', '2']
[barnes] unpaused.
[monitor] ['47%', '100%', '49%', '100%']  memcached=95.6%
[monitor] ['55%', '100%', '55%', '100%']  memcached=109.1%
[monitor] ['74%', '100%', '72%', '100%']  memcached=146.2%
[monitor] ['72%', '100%', '70%', '100%']  memcached=142.1%
[monitor] ['73%', '100%', '72%', '100%']  memcached=145.2%
[monitor] ['67%', '100%', '68%', '100%']  memcached=135.0%
[monitor] ['69%', '100%', '68%', '100%']  memcached=136.7%
[monitor] ['66%', '100%', '68%', '100%']  memcached=133.3%
[monitor] ['59%', '100%', '57%', '100%']  memcached=115.5%
[monitor] ['52%', '100%', '52%', '100%']  memcached=104.4%
[monitor] ['53%', '100%', '51%', '100%']  memcached=104.4%
[monitor] ['51%', '100%', '50%', '100%']  memcached=101.1%
[monitor] ['49%', '100%', '52%', '100%']  memcached=100.9%
[monitor] ['49%', '100%', '50%', '100%']  memcached=98.9%
[monitor] ['51%', '100%', '48%', '100%']  memcached=98.8%
[monitor] ['55%', '100%', '55%', '100%']  memcached=109.5%
[monitor] ['55%', '100%', '55%', '100%']  memcached=109.1%
[monitor] ['55%', '100%', '58%', '100%']  memcached=112.3%
[monitor] ['54%', '100%', '52%', '100%']  memcached=106.3%
[monitor] ['49%', '100%', '51%', '100%']  memcached=100.0%
[monitor] ['49%', '100%', '51%', '100%']  memcached=100.0%
[monitor] ['60%', '100%', '60%', '100%']  memcached=119.0%
[monitor] ['88%', '56%', '83%', '100%']  memcached=171.2%
[MEMCACHED] cores updated to: ['0', '1', '2']
[barnes] paused.
[monitor] ['74%', '72%', '76%', '21%']  memcached=222.5%
[monitor] ['74%', '71%', '76%', '15%']  memcached=221.7%
[monitor] ['81%', '81%', '84%', '16%']  memcached=245.5%
[monitor] ['78%', '76%', '81%', '19%']  memcached=235.1%
[monitor] ['83%', '80%', '85%', '22%']  memcached=247.7%
[monitor] ['45%', '46%', '51%', '4%']  memcached=142.5%
[monitor] ['37%', '37%', '39%', '6%']  memcached=112.4%
[MEMCACHED] cores updated to: ['0', '2']
[barnes] unpaused.
[monitor] ['46%', '88%', '47%', '17%']  memcached=92.5%
[monitor] ['56%', '35%', '57%', '45%']  memcached=112.9%
[barnes] ended.
[MEMCACHED] cores updated to: ['0', '3']
[canneal] starting in background on cores: [1, 2] with 3 threads.
[monitor] ['76%', '76%', '68%', '70%']  memcached=146.6%
[monitor] ['63%', '66%', '72%', '64%']  memcached=127.4%
[monitor] ['65%', '54%', '77%', '63%']  memcached=128.5%
[monitor] ['68%', '17%', '100%', '66%']  memcached=134.1%
[monitor] ['68%', '14%', '100%', '68%']  memcached=135.8%
[monitor] ['68%', '10%', '100%', '68%']  memcached=136.7%
[monitor] ['79%', '20%', '100%', '76%']  memcached=154.6%
[monitor] ['82%', '14%', '100%', '81%']  memcached=162.9%
[MEMCACHED] cores updated to: ['0', '1', '3']
[canneal] cores updated to: [2]
[monitor] ['71%', '70%', '100%', '70%']  memcached=211.1%
[monitor] ['60%', '57%', '100%', '59%']  memcached=176.5%
[monitor] ['44%', '41%', '100%', '45%']  memcached=130.8%
[MEMCACHED] cores updated to: ['0', '3']
[canneal] cores updated to: [1, 2]
[monitor] ['50%', '12%', '100%', '52%']  memcached=102.3%
[monitor] ['55%', '10%', '100%', '53%']  memcached=107.9%
[monitor] ['91%', '19%', '100%', '91%']  memcached=181.8%
[MEMCACHED] cores updated to: ['0', '2', '3']
[canneal] cores updated to: [1]
[monitor] ['78%', '100%', '81%', '81%']  memcached=238.9%
[monitor] ['78%', '100%', '83%', '80%']  memcached=241.7%
[monitor] ['62%', '100%', '60%', '61%']  memcached=182.9%
[monitor] ['52%', '100%', '55%', '57%']  memcached=164.3%
[monitor] ['56%', '100%', '55%', '57%']  memcached=167.7%
[monitor] ['68%', '100%', '70%', '69%']  memcached=206.7%
[monitor] ['94%', '100%', '91%', '88%']  memcached=273.2%
[monitor] ['85%', '100%', '88%', '85%']  memcached=258.0%
[monitor] ['78%', '100%', '81%', '83%']  memcached=241.8%
[monitor] ['44%', '100%', '50%', '46%']  memcached=139.9%
[MEMCACHED] cores updated to: ['0', '3']
[canneal] cores updated to: [1, 2]
[monitor] ['53%', '100%', '13%', '53%']  memcached=106.7%
[monitor] ['56%', '100%', '7%', '54%']  memcached=110.6%
[monitor] ['74%', '100%', '21%', '73%']  memcached=146.7%
[monitor] ['78%', '100%', '15%', '78%']  memcached=156.2%
[monitor] ['78%', '100%', '19%', '79%']  memcached=157.8%
[monitor] ['88%', '100%', '16%', '85%']  memcached=172.7%
[MEMCACHED] cores updated to: ['0', '2', '3']
[canneal] cores updated to: [1]
[monitor] ['78%', '100%', '83%', '81%']  memcached=241.7%
[monitor] ['78%', '100%', '81%', '80%']  memcached=238.3%
[monitor] ['76%', '100%', '81%', '82%']  memcached=238.7%
[monitor] ['85%', '100%', '88%', '88%']  memcached=260.6%
[monitor] ['78%', '100%', '83%', '82%']  memcached=243.6%
[monitor] ['83%', '100%', '86%', '83%']  memcached=251.9%
[monitor] ['63%', '100%', '66%', '65%']  memcached=194.3%
[monitor] ['60%', '100%', '61%', '63%']  memcached=184.4%
[monitor] ['66%', '100%', '69%', '66%']  memcached=200.8%
[monitor] ['87%', '100%', '76%', '76%']  memcached=238.2%
[monitor] ['78%', '100%', '82%', '82%']  memcached=242.5%
[monitor] ['78%', '100%', '81%', '78%']  memcached=236.1%
[monitor] ['76%', '100%', '78%', '78%']  memcached=232.5%
[monitor] ['63%', '100%', '67%', '67%']  memcached=196.7%
[monitor] ['64%', '100%', '65%', '65%']  memcached=193.6%
[monitor] ['62%', '100%', '66%', '66%']  memcached=194.2%
[monitor] ['47%', '100%', '40%', '44%']  memcached=131.3%
[MEMCACHED] cores updated to: ['0', '3']
[canneal] cores updated to: [1, 2]
[monitor] ['43%', '100%', '10%', '43%']  memcached=86.4%
[monitor] ['49%', '100%', '10%', '49%']  memcached=97.9%
[monitor] ['58%', '100%', '13%', '58%']  memcached=115.9%
[monitor] ['68%', '100%', '11%', '71%']  memcached=139.0%
[monitor] ['68%', '100%', '20%', '68%']  memcached=136.7%
[monitor] ['67%', '100%', '15%', '68%']  memcached=135.0%
[monitor] ['63%', '100%', '7%', '63%']  memcached=126.2%
[monitor] ['60%', '100%', '14%', '62%']  memcached=121.4%
[monitor] ['63%', '100%', '7%', '63%']  memcached=125.6%
[monitor] ['85%', '100%', '22%', '85%']  memcached=170.1%
[MEMCACHED] cores updated to: ['0', '1', '3']
[canneal] cores updated to: [2]
[monitor] ['75%', '72%', '100%', '74%']  memcached=220.5%
[monitor] ['75%', '72%', '100%', '76%']  memcached=222.9%
[monitor] ['57%', '59%', '100%', '56%']  memcached=171.8%
[monitor] ['48%', '44%', '100%', '51%']  memcached=142.9%
[monitor] ['48%', '49%', '100%', '48%']  memcached=144.2%
[monitor] ['50%', '54%', '100%', '52%']  memcached=156.6%
[monitor] ['66%', '63%', '100%', '65%']  memcached=194.3%
[monitor] ['68%', '66%', '100%', '66%']  memcached=199.2%
[monitor] ['68%', '66%', '100%', '68%']  memcached=200.8%
[monitor] ['50%', '52%', '100%', '53%']  memcached=155.5%
[monitor] ['51%', '51%', '100%', '51%']  memcached=153.4%
[monitor] ['49%', '47%', '100%', '49%']  memcached=144.2%
[monitor] ['57%', '57%', '100%', '57%']  memcached=170.8%
[monitor] ['61%', '60%', '100%', '60%']  memcached=182.3%
[monitor] ['60%', '59%', '100%', '63%']  memcached=181.9%
[monitor] ['60%', '61%', '100%', '60%']  memcached=180.9%
[monitor] ['54%', '53%', '100%', '55%']  memcached=161.9%
[monitor] ['55%', '56%', '100%', '56%']  memcached=166.9%
[monitor] ['55%', '55%', '100%', '57%']  memcached=166.8%
[monitor] ['68%', '68%', '100%', '70%']  memcached=206.7%
[monitor] ['68%', '67%', '100%', '68%']  memcached=202.7%
[monitor] ['68%', '68%', '100%', '69%']  memcached=205.2%
[monitor] ['50%', '49%', '100%', '52%']  memcached=151.1%
[monitor] ['40%', '40%', '100%', '42%']  memcached=120.9%
[MEMCACHED] cores updated to: ['0', '3']
[canneal] cores updated to: [1, 2]
[monitor] ['47%', '10%', '100%', '48%']  memcached=94.3%
[monitor] ['55%', '7%', '100%', '56%']  memcached=110.9%
[monitor] ['83%', '14%', '100%', '81%']  memcached=163.4%
[MEMCACHED] cores updated to: ['0', '2', '3']
[canneal] cores updated to: [1]
[monitor] ['69%', '100%', '72%', '72%']  memcached=213.3%
[monitor] ['70%', '100%', '74%', '74%']  memcached=219.0%
[monitor] ['70%', '100%', '72%', '73%']  memcached=215.5%
[monitor] ['72%', '100%', '71%', '74%']  memcached=217.2%
[monitor] ['70%', '100%', '74%', '73%']  memcached=217.3%
[monitor] ['76%', '100%', '79%', '81%']  memcached=236.3%
[monitor] ['75%', '100%', '81%', '80%']  memcached=235.6%
[monitor] ['77%', '100%', '81%', '77%']  memcached=234.6%
[monitor] ['68%', '100%', '70%', '72%']  memcached=210.4%
[monitor] ['50%', '100%', '55%', '52%']  memcached=156.9%
[monitor] ['52%', '100%', '56%', '53%']  memcached=161.7%
[monitor] ['53%', '100%', '55%', '54%']  memcached=161.7%
[monitor] ['49%', '100%', '52%', '53%']  memcached=154.3%
[monitor] ['48%', '100%', '49%', '51%']  memcached=147.6%
[monitor] ['49%', '100%', '51%', '51%']  memcached=151.1%
[monitor] ['55%', '100%', '56%', '59%']  memcached=169.7%
[monitor] ['56%', '100%', '56%', '58%']  memcached=169.5%
[monitor] ['58%', '100%', '57%', '58%']  memcached=173.4%
[monitor] ['60%', '100%', '63%', '64%']  memcached=187.5%
[monitor] ['72%', '100%', '70%', '74%']  memcached=217.1%
[monitor] ['71%', '100%', '74%', '71%']  memcached=216.5%
[monitor] ['68%', '100%', '72%', '74%']  memcached=214.6%
[monitor] ['56%', '100%', '58%', '59%']  memcached=172.8%
[monitor] ['56%', '100%', '58%', '58%']  memcached=172.1%
[monitor] ['57%', '100%', '60%', '60%']  memcached=176.2%
[monitor] ['51%', '100%', '53%', '54%']  memcached=158.2%
[monitor] ['51%', '100%', '50%', '52%']  memcached=153.5%
[monitor] ['50%', '100%', '51%', '51%']  memcached=152.4%
[monitor] ['52%', '100%', '51%', '55%']  memcached=158.3%
[monitor] ['53%', '100%', '57%', '55%']  memcached=165.1%
[monitor] ['51%', '100%', '55%', '56%']  memcached=162.1%
[monitor] ['57%', '100%', '56%', '57%']  memcached=170.4%
[monitor] ['83%', '100%', '91%', '88%']  memcached=261.6%
[monitor] ['78%', '100%', '85%', '82%']  memcached=245.6%
[monitor] ['83%', '100%', '88%', '86%']  memcached=256.8%
[monitor] ['69%', '100%', '72%', '73%']  memcached=214.0%
[monitor] ['63%', '100%', '64%', '68%']  memcached=195.8%
[monitor] ['65%', '100%', '66%', '65%']  memcached=195.5%
[monitor] ['52%', '100%', '54%', '54%']  memcached=159.9%
[monitor] ['42%', '100%', '42%', '42%']  memcached=126.3%
[MEMCACHED] cores updated to: ['0', '3']
[canneal] cores updated to: [1, 2]
[monitor] ['48%', '100%', '7%', '46%']  memcached=93.5%
[monitor] ['45%', '100%', '6%', '45%']  memcached=90.9%
[monitor] ['43%', '100%', '3%', '42%']  memcached=85.7%
[monitor] ['45%', '100%', '3%', '41%']  memcached=85.6%
[monitor] ['41%', '100%', '7%', '46%']  memcached=87.0%
[monitor] ['75%', '100%', '21%', '76%']  memcached=150.7%
[monitor] ['88%', '100%', '23%', '91%']  memcached=178.1%
[MEMCACHED] cores updated to: ['0', '1', '3']
[canneal] cores updated to: [2]
[monitor] ['76%', '74%', '100%', '76%']  memcached=225.0%
[monitor] ['76%', '74%', '100%', '73%']  memcached=223.2%
[monitor] ['71%', '68%', '100%', '73%']  memcached=211.6%
[monitor] ['71%', '68%', '100%', '70%']  memcached=208.6%
[monitor] ['69%', '67%', '100%', '70%']  memcached=205.9%
[monitor] ['58%', '57%', '100%', '57%']  memcached=171.8%
[monitor] ['56%', '57%', '100%', '56%']  memcached=169.1%
[monitor] ['55%', '56%', '100%', '57%']  memcached=167.5%
[monitor] ['50%', '49%', '100%', '51%']  memcached=149.9%
[monitor] ['46%', '49%', '100%', '51%']  memcached=146.1%
[monitor] ['46%', '48%', '100%', '46%']  memcached=140.3%
[monitor] ['60%', '59%', '100%', '62%']  memcached=180.5%
[monitor] ['77%', '76%', '100%', '78%']  memcached=231.2%
[monitor] ['76%', '74%', '100%', '76%']  memcached=225.7%
[monitor] ['74%', '74%', '100%', '76%']  memcached=224.4%
[monitor] ['67%', '65%', '100%', '68%']  memcached=199.2%
[monitor] ['65%', '66%', '100%', '66%']  memcached=196.7%
[monitor] ['66%', '67%', '100%', '67%']  memcached=199.2%
[monitor] ['50%', '49%', '100%', '50%']  memcached=148.8%
[monitor] ['47%', '40%', '100%', '44%']  memcached=131.3%
[MEMCACHED] cores updated to: ['0', '3']
[canneal] cores updated to: [1, 2]
[monitor] ['53%', '93%', '77%', '52%']  memcached=105.3%
[monitor] ['60%', '90%', '90%', '60%']  memcached=120.5%
[monitor] ['72%', '84%', '93%', '70%']  memcached=142.2%
[monitor] ['70%', '86%', '94%', '74%']  memcached=144.4%
[monitor] ['69%', '94%', '90%', '74%']  memcached=142.9%
[monitor] ['88%', '90%', '90%', '85%']  memcached=173.2%
[MEMCACHED] cores updated to: ['0', '2', '3']
[canneal] cores updated to: [1]
[monitor] ['72%', '100%', '75%', '76%']  memcached=223.5%
[monitor] ['71%', '100%', '76%', '74%']  memcached=221.1%
[monitor] ['49%', '100%', '47%', '46%']  memcached=141.7%
[monitor] ['42%', '100%', '44%', '47%']  memcached=132.7%
[MEMCACHED] cores updated to: ['0', '3']
[canneal] cores updated to: [1, 2]
[monitor] ['50%', '90%', '87%', '52%']  memcached=102.1%
[monitor] ['68%', '93%', '87%', '68%']  memcached=135.9%
[monitor] ['91%', '87%', '93%', '88%']  memcached=178.8%
[MEMCACHED] cores updated to: ['0', '1', '3']
[canneal] cores updated to: [2]
[monitor] ['76%', '72%', '100%', '74%']  memcached=221.6%
[monitor] ['74%', '74%', '100%', '76%']  memcached=223.0%
[monitor] ['80%', '80%', '100%', '81%']  memcached=240.6%
[monitor] ['81%', '79%', '100%', '79%']  memcached=239.4%
[monitor] ['82%', '82%', '100%', '83%']  memcached=248.0%
[monitor] ['75%', '74%', '100%', '76%']  memcached=225.0%
[monitor] ['76%', '73%', '100%', '75%']  memcached=223.7%
[monitor] ['73%', '74%', '100%', '74%']  memcached=221.0%
[monitor] ['78%', '78%', '100%', '79%']  memcached=235.0%
[monitor] ['76%', '73%', '100%', '76%']  memcached=225.6%
[monitor] ['76%', '76%', '100%', '76%']  memcached=227.0%
[monitor] ['78%', '76%', '100%', '78%']  memcached=232.5%
[monitor] ['83%', '83%', '100%', '83%']  memcached=248.6%
[monitor] ['81%', '78%', '100%', '83%']  memcached=241.2%
[monitor] ['81%', '80%', '100%', '79%']  memcached=239.5%
[monitor] ['77%', '75%', '100%', '78%']  memcached=229.9%
[monitor] ['73%', '72%', '100%', '76%']  memcached=220.4%
[monitor] ['77%', '75%', '100%', '76%']  memcached=228.5%
[monitor] ['74%', '71%', '100%', '76%']  memcached=221.1%
[monitor] ['76%', '74%', '100%', '74%']  memcached=225.0%
[monitor] ['72%', '72%', '100%', '74%']  memcached=217.3%
[monitor] ['62%', '62%', '100%', '65%']  memcached=190.1%
[monitor] ['43%', '44%', '100%', '47%']  memcached=133.2%
[MEMCACHED] cores updated to: ['0', '3']
[canneal] cores updated to: [1, 2]
[monitor] ['50%', '74%', '97%', '55%']  memcached=105.3%
[monitor] ['50%', '68%', '97%', '52%']  memcached=102.3%
[monitor] ['65%', '90%', '83%', '64%']  memcached=128.8%
[monitor] ['65%', '90%', '80%', '62%']  memcached=126.9%
[monitor] ['62%', '73%', '97%', '66%']  memcached=128.4%
[monitor] ['67%', '83%', '90%', '68%']  memcached=134.2%
[monitor] ['68%', '74%', '97%', '71%']  memcached=138.2%
[monitor] ['68%', '77%', '97%', '69%']  memcached=136.7%
[monitor] ['68%', '93%', '100%', '76%']  memcached=144.1%
[monitor] ['85%', '90%', '90%', '85%']  memcached=170.6%
[MEMCACHED] cores updated to: ['0', '2', '3']
[canneal] cores updated to: [1]
[monitor] ['74%', '100%', '76%', '76%']  memcached=226.3%
[monitor] ['76%', '100%', '77%', '75%']  memcached=228.5%
[monitor] ['60%', '100%', '60%', '60%']  memcached=179.5%
[monitor] ['58%', '100%', '59%', '60%']  memcached=176.2%
[monitor] ['60%', '100%', '61%', '61%']  memcached=181.5%
[monitor] ['72%', '100%', '76%', '74%']  memcached=221.2%
[monitor] ['83%', '100%', '88%', '84%']  memcached=255.1%
[monitor] ['85%', '100%', '91%', '85%']  memcached=261.5%
[monitor] ['74%', '100%', '76%', '75%']  memcached=225.0%
[monitor] ['57%', '100%', '60%', '59%']  memcached=175.2%
[monitor] ['58%', '100%', '57%', '60%']  memcached=175.7%
[monitor] ['60%', '100%', '60%', '60%']  memcached=178.6%
[monitor] ['57%', '100%', '60%', '58%']  memcached=175.7%
[monitor] ['57%', '100%', '59%', '61%']  memcached=176.7%
[monitor] ['57%', '100%', '57%', '58%']  memcached=172.9%
[monitor] ['59%', '100%', '60%', '62%']  memcached=180.4%
[monitor] ['59%', '100%', '60%', '60%']  memcached=179.1%
[monitor] ['60%', '100%', '61%', '59%']  memcached=179.5%
[monitor] ['58%', '100%', '59%', '57%']  memcached=174.4%
[monitor] ['49%', '100%', '51%', '50%']  memcached=150.0%
[monitor] ['50%', '100%', '50%', '53%']  memcached=153.5%
[monitor] ['51%', '100%', '51%', '52%']  memcached=154.5%
[monitor] ['44%', '100%', '49%', '47%']  memcached=140.0%
[monitor] ['45%', '100%', '44%', '44%']  memcached=134.1%
[MEMCACHED] cores updated to: ['0', '3']
[canneal] cores updated to: [1, 2]
[monitor] ['49%', '78%', '87%', '49%']  memcached=97.8%
[monitor] ['80%', '90%', '97%', '75%']  memcached=155.0%
[monitor] ['91%', '82%', '100%', '94%']  memcached=184.7%
[MEMCACHED] cores updated to: ['0', '1', '3']
[canneal] cores updated to: [2]
[monitor] ['85%', '82%', '100%', '82%']  memcached=249.0%
[monitor] ['69%', '69%', '100%', '71%']  memcached=209.5%
[monitor] ['60%', '57%', '100%', '61%']  memcached=178.6%
[monitor] ['59%', '60%', '100%', '60%']  memcached=178.5%
[monitor] ['61%', '60%', '100%', '62%']  memcached=182.4%
[monitor] ['77%', '78%', '100%', '78%']  memcached=232.7%
[monitor] ['77%', '76%', '100%', '78%']  memcached=231.6%
[monitor] ['78%', '76%', '100%', '78%']  memcached=232.5%
[monitor] ['60%', '60%', '100%', '60%']  memcached=180.0%
[monitor] ['52%', '55%', '100%', '55%']  memcached=161.6%
[monitor] ['55%', '51%', '100%', '58%']  memcached=164.1%
[monitor] ['61%', '62%', '100%', '63%']  memcached=186.4%
[monitor] ['74%', '74%', '100%', '74%']  memcached=221.7%
[monitor] ['75%', '74%', '100%', '74%']  memcached=223.0%
[monitor] ['74%', '71%', '100%', '73%']  memcached=217.7%
[monitor] ['74%', '71%', '100%', '73%']  memcached=217.7%
[monitor] ['73%', '72%', '100%', '74%']  memcached=218.5%
[monitor] ['71%', '71%', '100%', '73%']  memcached=215.1%
[monitor] ['71%', '72%', '100%', '72%']  memcached=214.6%
[monitor] ['72%', '71%', '100%', '74%']  memcached=217.0%
[monitor] ['71%', '71%', '100%', '72%']  memcached=213.9%
[monitor] ['74%', '74%', '100%', '74%']  memcached=222.4%
[monitor] ['80%', '76%', '100%', '79%']  memcached=235.7%
[monitor] ['82%', '80%', '100%', '81%']  memcached=242.9%
[monitor] ['75%', '73%', '100%', '76%']  memcached=224.3%
[monitor] ['44%', '47%', '100%', '40%']  memcached=131.6%
[MEMCACHED] cores updated to: ['0', '3']
[canneal] cores updated to: [1, 2]
[monitor] ['51%', '87%', '87%', '54%']  memcached=105.3%
[monitor] ['51%', '77%', '97%', '52%']  memcached=103.2%
[monitor] ['71%', '90%', '93%', '72%']  memcached=142.8%
[monitor] ['78%', '83%', '90%', '76%']  memcached=154.7%
[monitor] ['78%', '90%', '90%', '78%']  memcached=155.6%
[monitor] ['82%', '90%', '97%', '85%']  memcached=167.6%
[MEMCACHED] cores updated to: ['0', '2', '3']
[canneal] cores updated to: [1]
[monitor] ['78%', '100%', '82%', '80%']  memcached=239.6%
[monitor] ['85%', '100%', '88%', '85%']  memcached=258.0%
[monitor] ['77%', '100%', '83%', '83%']  memcached=242.9%
[monitor] ['64%', '100%', '63%', '63%']  memcached=189.8%
[monitor] ['63%', '100%', '63%', '63%']  memcached=188.4%
[monitor] ['63%', '100%', '62%', '62%']  memcached=187.2%
[monitor] ['55%', '100%', '58%', '57%']  memcached=170.0%
[monitor] ['56%', '100%', '58%', '58%']  memcached=172.4%
[monitor] ['54%', '100%', '56%', '56%']  memcached=165.6%
[monitor] ['50%', '100%', '51%', '50%']  memcached=151.2%
[monitor] ['47%', '100%', '49%', '50%']  memcached=145.4%
[monitor] ['47%', '100%', '49%', '49%']  memcached=144.2%
[monitor] ['45%', '100%', '49%', '48%']  memcached=141.7%
[monitor] ['51%', '100%', '52%', '56%']  memcached=159.3%
[monitor] ['53%', '100%', '55%', '54%']  memcached=161.5%
[monitor] ['52%', '100%', '52%', '52%']  memcached=157.1%
[monitor] ['55%', '100%', '58%', '57%']  memcached=170.0%
[monitor] ['56%', '100%', '56%', '58%']  memcached=169.8%
[monitor] ['58%', '100%', '58%', '59%']  memcached=175.4%
[monitor] ['50%', '100%', '51%', '51%']  memcached=152.3%
[monitor] ['48%', '100%', '48%', '45%']  memcached=140.9%
[monitor] ['44%', '100%', '45%', '45%']  memcached=135.1%
[MEMCACHED] cores updated to: ['0', '3']
[canneal] cores updated to: [1, 2]
[monitor] ['57%', '84%', '86%', '57%']  memcached=114.3%
[monitor] ['97%', '93%', '87%', '88%']  memcached=185.0%
[MEMCACHED] cores updated to: ['0', '1', '3']
[canneal] cores updated to: [2]
[monitor] ['78%', '77%', '100%', '78%']  memcached=233.9%
[monitor] ['79%', '78%', '100%', '81%']  memcached=238.9%
[monitor] ['57%', '58%', '100%', '60%']  memcached=174.8%
[monitor] ['52%', '56%', '100%', '55%']  memcached=163.1%
[monitor] ['56%', '55%', '100%', '58%']  memcached=168.1%
[monitor] ['68%', '66%', '100%', '70%']  memcached=203.3%
[monitor] ['80%', '78%', '100%', '81%']  memcached=238.3%
[monitor] ['83%', '78%', '100%', '83%']  memcached=244.1%
[monitor] ['75%', '74%', '100%', '73%']  memcached=221.7%
[monitor] ['58%', '57%', '100%', '58%']  memcached=173.4%
[monitor] ['57%', '57%', '100%', '59%']  memcached=173.1%
[monitor] ['60%', '58%', '100%', '60%']  memcached=178.1%
[monitor] ['67%', '68%', '100%', '68%']  memcached=202.5%
[monitor] ['68%', '65%', '100%', '68%']  memcached=201.6%
[monitor] ['65%', '67%', '100%', '66%']  memcached=197.5%
[monitor] ['62%', '61%', '100%', '64%']  memcached=187.8%
[monitor] ['59%', '57%', '100%', '59%']  memcached=174.2%
[monitor] ['60%', '59%', '100%', '60%']  memcached=179.5%
[monitor] ['61%', '59%', '100%', '62%']  memcached=182.0%
[monitor] ['62%', '62%', '100%', '62%']  memcached=186.5%
[monitor] ['61%', '62%', '100%', '63%']  memcached=186.3%
[monitor] ['62%', '59%', '100%', '63%']  memcached=184.9%
[monitor] ['67%', '64%', '100%', '67%']  memcached=197.4%
[monitor] ['67%', '68%', '100%', '67%']  memcached=200.8%
[monitor] ['69%', '67%', '100%', '68%']  memcached=204.2%
[monitor] ['68%', '67%', '100%', '69%']  memcached=203.4%
[monitor] ['68%', '68%', '100%', '69%']  memcached=205.1%
[monitor] ['68%', '68%', '100%', '68%']  memcached=204.9%
[monitor] ['70%', '68%', '100%', '69%']  memcached=207.0%
[monitor] ['73%', '73%', '100%', '79%']  memcached=224.9%
[monitor] ['75%', '74%', '100%', '74%']  memcached=223.7%
[monitor] ['76%', '76%', '100%', '76%']  memcached=228.9%
[monitor] ['51%', '52%', '100%', '53%']  memcached=156.6%
[monitor] ['50%', '52%', '100%', '49%']  memcached=151.0%
[monitor] ['45%', '49%', '100%', '52%']  memcached=146.1%
[monitor] ['59%', '59%', '100%', '60%']  memcached=176.6%
[monitor] ['63%', '62%', '100%', '63%']  memcached=188.7%
[monitor] ['61%', '60%', '100%', '63%']  memcached=183.8%
[monitor] ['66%', '65%', '100%', '67%']  memcached=197.6%
[monitor] ['67%', '68%', '100%', '70%']  memcached=205.0%
[monitor] ['70%', '68%', '100%', '69%']  memcached=207.7%
[monitor] ['68%', '67%', '100%', '69%']  memcached=204.2%
[monitor] ['60%', '60%', '100%', '62%']  memcached=182.4%
[monitor] ['59%', '59%', '100%', '60%']  memcached=178.0%
[monitor] ['60%', '60%', '100%', '60%']  memcached=180.9%
[monitor] ['43%', '45%', '100%', '47%']  memcached=134.2%
[MEMCACHED] cores updated to: ['0', '3']
[canneal] cores updated to: [1, 2]
[monitor] ['47%', '87%', '90%', '47%']  memcached=93.5%
[monitor] ['43%', '71%', '87%', '47%']  memcached=90.3%
[monitor] ['52%', '80%', '93%', '50%']  memcached=102.3%
[monitor] ['63%', '90%', '84%', '65%']  memcached=128.4%
[monitor] ['64%', '81%', '90%', '65%']  memcached=129.4%
[monitor] ['63%', '94%', '90%', '66%']  memcached=129.3%
[monitor] ['47%', '90%', '80%', '46%']  memcached=92.5%
[monitor] ['43%', '87%', '90%', '45%']  memcached=88.2%
[monitor] ['46%', '87%', '87%', '47%']  memcached=92.6%
[monitor] ['61%', '90%', '90%', '59%']  memcached=119.9%
[monitor] ['71%', '84%', '93%', '72%']  memcached=142.8%
[monitor] ['72%', '93%', '93%', '72%']  memcached=145.0%
[monitor] ['73%', '97%', '84%', '73%']  memcached=145.9%
[monitor] ['74%', '94%', '83%', '72%']  memcached=146.2%
[monitor] ['76%', '93%', '90%', '75%']  memcached=150.7%
[monitor] ['74%', '82%', '100%', '76%']  memcached=149.4%
[monitor] ['94%', '97%', '87%', '94%']  memcached=187.7%
[MEMCACHED] cores updated to: ['0', '2', '3']
[canneal] cores updated to: [1]
[monitor] ['79%', '100%', '85%', '80%']  memcached=244.7%
[monitor] ['82%', '100%', '85%', '85%']  memcached=252.0%
[monitor] ['56%', '100%', '59%', '59%']  memcached=173.9%
[monitor] ['50%', '100%', '52%', '53%']  memcached=155.8%
[monitor] ['51%', '100%', '52%', '53%']  memcached=157.0%
[monitor] ['64%', '100%', '66%', '65%']  memcached=195.0%
[monitor] ['78%', '100%', '83%', '79%']  memcached=240.6%
[monitor] ['78%', '100%', '83%', '83%']  memcached=244.1%
[monitor] ['74%', '100%', '76%', '76%']  memcached=225.0%
[monitor] ['56%', '100%', '58%', '55%']  memcached=168.7%
[monitor] ['55%', '100%', '55%', '57%']  memcached=166.7%
[monitor] ['58%', '100%', '56%', '57%']  memcached=170.4%
[monitor] ['62%', '100%', '66%', '64%']  memcached=192.5%
[monitor] ['67%', '100%', '71%', '68%']  memcached=205.7%
[monitor] ['66%', '100%', '69%', '72%']  memcached=206.8%
[monitor] ['69%', '100%', '70%', '70%']  memcached=209.0%
[monitor] ['72%', '100%', '76%', '76%']  memcached=223.8%
[monitor] ['74%', '100%', '74%', '74%']  memcached=221.7%
[monitor] ['68%', '100%', '71%', '72%']  memcached=211.8%
[monitor] ['51%', '100%', '49%', '51%']  memcached=151.1%
[monitor] ['51%', '100%', '53%', '53%']  memcached=157.8%
[monitor] ['51%', '100%', '54%', '52%']  memcached=157.9%
[monitor] ['74%', '100%', '75%', '74%']  memcached=223.0%
[monitor] ['83%', '100%', '88%', '85%']  memcached=255.7%
[monitor] ['83%', '100%', '85%', '85%']  memcached=253.0%
[monitor] ['78%', '100%', '81%', '78%']  memcached=236.7%
[monitor] ['75%', '100%', '81%', '78%']  memcached=233.9%
[monitor] ['74%', '100%', '78%', '79%']  memcached=231.7%
[monitor] ['78%', '100%', '83%', '78%']  memcached=239.0%
[monitor] ['74%', '100%', '76%', '76%']  memcached=225.7%
[monitor] ['71%', '100%', '74%', '72%']  memcached=217.2%
[monitor] ['71%', '100%', '74%', '72%']  memcached=216.9%
[monitor] ['74%', '100%', '76%', '76%']  memcached=225.7%
[monitor] ['74%', '100%', '76%', '75%']  memcached=224.4%
[monitor] ['74%', '100%', '78%', '76%']  memcached=228.4%
[monitor] ['66%', '100%', '66%', '67%']  memcached=198.3%
[monitor] ['57%', '100%', '58%', '58%']  memcached=173.4%
[monitor] ['56%', '100%', '59%', '58%']  memcached=172.3%
[monitor] ['56%', '100%', '60%', '59%']  memcached=173.9%
[monitor] ['54%', '100%', '50%', '52%']  memcached=156.6%
[monitor] ['48%', '100%', '49%', '50%']  memcached=146.4%
[monitor] ['51%', '100%', '51%', '51%']  memcached=153.4%
[monitor] ['47%', '100%', '49%', '45%']  memcached=140.6%
[monitor] ['43%', '100%', '47%', '45%']  memcached=135.0%
[MEMCACHED] cores updated to: ['0', '3']
[canneal] cores updated to: [1, 2]
[monitor] ['50%', '81%', '93%', '51%']  memcached=101.1%
[monitor] ['68%', '87%', '93%', '70%']  memcached=137.8%
[monitor] ['91%', '93%', '93%', '91%']  memcached=181.2%
[MEMCACHED] cores updated to: ['0', '1', '3']
[canneal] cores updated to: [2]
[monitor] ['76%', '74%', '100%', '77%']  memcached=226.9%
[monitor] ['66%', '63%', '100%', '68%']  memcached=197.4%
[monitor] ['38%', '35%', '100%', '38%']  memcached=111.2%
[MEMCACHED] cores updated to: ['0', '3']
[canneal] cores updated to: [1, 2]
[monitor] ['46%', '86%', '94%', '45%']  memcached=91.1%
[monitor] ['46%', '77%', '84%', '48%']  memcached=93.6%
[monitor] ['68%', '87%', '97%', '68%']  memcached=135.8%
[monitor] ['74%', '77%', '97%', '75%']  memcached=148.7%
[monitor] ['74%', '97%', '87%', '71%']  memcached=144.7%
[monitor] ['70%', '97%', '83%', '71%']  memcached=140.7%
[monitor] ['68%', '90%', '97%', '70%']  memcached=137.5%
[monitor] ['71%', '93%', '90%', '69%']  memcached=139.8%
[monitor] ['68%', '97%', '84%', '68%']  memcached=135.8%
[monitor] ['60%', '80%', '90%', '61%']  memcached=121.8%
[monitor] ['61%', '87%', '94%', '59%']  memcached=120.5%
[monitor] ['60%', '87%', '97%', '61%']  memcached=121.8%
[monitor] ['71%', '87%', '97%', '74%']  memcached=144.7%
[monitor] ['74%', '84%', '100%', '74%']  memcached=147.4%
[monitor] ['71%', '90%', '97%', '74%']  memcached=144.7%
[monitor] ['72%', '87%', '94%', '71%']  memcached=142.5%
[monitor] ['72%', '88%', '97%', '72%']  memcached=143.6%
[monitor] ['69%', '87%', '94%', '72%']  memcached=141.0%
[monitor] ['72%', '90%', '100%', '74%']  memcached=146.5%
[monitor] ['86%', '90%', '97%', '91%']  memcached=176.6%
[MEMCACHED] cores updated to: ['0', '2', '3']
[canneal] cores updated to: [1]
[monitor] ['74%', '100%', '76%', '75%']  memcached=224.4%
[monitor] ['77%', '100%', '81%', '78%']  memcached=236.4%
[monitor] ['47%', '100%', '49%', '45%']  memcached=140.8%
[monitor] ['44%', '100%', '45%', '45%']  memcached=135.1%
[MEMCACHED] cores updated to: ['0', '3']
[canneal] cores updated to: [1, 2]
[monitor] ['53%', '84%', '87%', '53%']  memcached=106.3%
[monitor] ['68%', '83%', '97%', '74%']  memcached=142.8%
[monitor] ['91%', '86%', '93%', '91%']  memcached=181.8%
[MEMCACHED] cores updated to: ['0', '1', '3']
[canneal] cores updated to: [2]
[monitor] ['80%', '76%', '100%', '78%']  memcached=233.5%
[monitor] ['70%', '67%', '100%', '70%']  memcached=206.9%
[monitor] ['53%', '52%', '100%', '56%']  memcached=161.7%
[monitor] ['55%', '52%', '100%', '56%']  memcached=163.0%
[monitor] ['52%', '56%', '100%', '55%']  memcached=162.6%
[monitor] ['59%', '60%', '100%', '62%']  memcached=180.0%
[monitor] ['60%', '60%', '100%', '59%']  memcached=179.0%
[monitor] ['60%', '60%', '100%', '60%']  memcached=180.5%
[monitor] ['51%', '51%', '100%', '56%']  memcached=157.9%
[monitor] ['48%', '48%', '100%', '47%']  memcached=142.0%
[monitor] ['48%', '45%', '100%', '50%']  memcached=142.9%
[monitor] ['56%', '58%', '100%', '60%']  memcached=173.8%
[monitor] ['82%', '79%', '100%', '81%']  memcached=242.3%
[monitor] ['78%', '77%', '100%', '79%']  memcached=234.3%
[monitor] ['81%', '83%', '100%', '83%']  memcached=246.3%
[monitor] ['57%', '55%', '100%', '57%']  memcached=168.5%
[monitor] ['55%', '57%', '100%', '57%']  memcached=168.4%
[monitor] ['54%', '55%', '100%', '58%']  memcached=166.0%
[monitor] ['65%', '66%', '100%', '66%']  memcached=196.7%
[monitor] ['67%', '65%', '100%', '66%']  memcached=197.5%
[monitor] ['68%', '68%', '100%', '71%']  memcached=206.4%
[monitor] ['64%', '62%', '100%', '63%']  memcached=189.4%
[monitor] ['56%', '58%', '100%', '58%']  memcached=172.1%
[monitor] ['55%', '56%', '100%', '58%']  memcached=169.2%
[monitor] ['59%', '58%', '100%', '60%']  memcached=176.2%
[monitor] ['76%', '78%', '100%', '78%']  memcached=232.4%
[monitor] ['78%', '75%', '100%', '76%']  memcached=228.5%
[monitor] ['76%', '74%', '100%', '76%']  memcached=225.0%
[monitor] ['49%', '51%', '100%', '52%']  memcached=152.4%
[monitor] ['40%', '43%', '100%', '42%']  memcached=125.8%
[MEMCACHED] cores updated to: ['0', '3']
[canneal] cores updated to: [1, 2]
[monitor] ['47%', '87%', '90%', '49%']  memcached=95.7%
[monitor] ['57%', '87%', '87%', '56%']  memcached=113.0%
[monitor] ['77%', '93%', '97%', '79%']  memcached=156.1%
[monitor] ['82%', '90%', '97%', '72%']  memcached=154.1%
[monitor] ['74%', '90%', '94%', '80%']  memcached=153.7%
[monitor] ['74%', '93%', '93%', '76%']  memcached=150.7%
[monitor] ['76%', '90%', '90%', '76%']  memcached=152.0%
[monitor] ['74%', '90%', '97%', '74%']  memcached=147.4%
[monitor] ['72%', '87%', '97%', '74%']  memcached=146.2%
[monitor] ['71%', '90%', '94%', '71%']  memcached=142.1%
[monitor] ['76%', '93%', '97%', '74%']  memcached=150.0%
[monitor] ['74%', '94%', '94%', '77%']  memcached=150.6%
[monitor] ['76%', '87%', '100%', '81%']  memcached=156.2%
[monitor] ['80%', '97%', '93%', '78%']  memcached=157.8%
[monitor] ['74%', '94%', '97%', '81%']  memcached=154.8%
[monitor] ['68%', '87%', '93%', '70%']  memcached=138.3%
[monitor] ['70%', '90%', '97%', '68%']  memcached=138.3%
[monitor] ['65%', '90%', '97%', '69%']  memcached=134.2%
[monitor] ['72%', '87%', '97%', '78%']  memcached=149.6%
[monitor] ['76%', '87%', '100%', '74%']  memcached=150.7%
[monitor] ['76%', '87%', '97%', '73%']  memcached=148.6%
[monitor] ['63%', '90%', '97%', '63%']  memcached=126.8%
[monitor] ['54%', '87%', '88%', '55%']  memcached=108.9%
[monitor] ['50%', '73%', '97%', '55%']  memcached=104.5%
[monitor] ['56%', '83%', '90%', '58%']  memcached=114.0%
[monitor] ['76%', '87%', '93%', '76%']  memcached=151.4%
[monitor] ['76%', '94%', '100%', '74%']  memcached=150.0%
[monitor] ['72%', '90%', '97%', '76%']  memcached=148.5%
[monitor] ['65%', '87%', '87%', '65%']  memcached=130.0%
[monitor] ['62%', '93%', '87%', '61%']  memcached=122.5%
[monitor] ['66%', '93%', '87%', '63%']  memcached=129.3%
[monitor] ['63%', '87%', '90%', '68%']  memcached=131.7%
[monitor] ['67%', '97%', '97%', '67%']  memcached=133.3%
[monitor] ['71%', '97%', '83%', '66%']  memcached=136.6%
[monitor] ['69%', '93%', '87%', '68%']  memcached=136.7%
[monitor] ['74%', '90%', '97%', '80%']  memcached=153.7%
[monitor] ['76%', '97%', '88%', '72%']  memcached=148.1%
[monitor] ['76%', '90%', '93%', '74%']  memcached=150.0%
[monitor] ['81%', '93%', '94%', '83%']  memcached=163.4%
[MEMCACHED] cores updated to: ['0', '2', '3']
[canneal] cores updated to: [1]
[monitor] ['68%', '100%', '71%', '71%']  memcached=210.1%
[monitor] ['69%', '100%', '70%', '68%']  memcached=207.7%
[monitor] ['57%', '100%', '60%', '62%']  memcached=179.0%
[monitor] ['49%', '100%', '53%', '53%']  memcached=155.4%
[monitor] ['49%', '100%', '51%', '52%']  memcached=152.4%
[monitor] ['55%', '100%', '57%', '54%']  memcached=165.2%
[monitor] ['70%', '100%', '72%', '72%']  memcached=214.3%
[monitor] ['68%', '100%', '72%', '70%']  memcached=209.3%
[monitor] ['70%', '100%', '72%', '70%']  memcached=212.1%
[monitor] ['62%', '100%', '65%', '66%']  memcached=193.5%
[monitor] ['62%', '100%', '65%', '64%']  memcached=191.2%
[monitor] ['61%', '100%', '62%', '63%']  memcached=186.9%
[monitor] ['68%', '100%', '70%', '72%']  memcached=209.6%
[monitor] ['76%', '100%', '80%', '77%']  memcached=232.8%
[monitor] ['78%', '100%', '78%', '81%']  memcached=236.6%
[monitor] ['72%', '100%', '74%', '71%']  memcached=217.2%
[monitor] ['64%', '100%', '65%', '63%']  memcached=192.7%
[monitor] ['62%', '100%', '64%', '64%']  memcached=190.5%
[monitor] ['61%', '100%', '63%', '61%']  memcached=185.4%
[monitor] ['80%', '100%', '82%', '82%']  memcached=244.2%
[monitor] ['81%', '100%', '85%', '88%']  memcached=252.9%
[monitor] ['85%', '100%', '88%', '88%']  memcached=261.8%
[monitor] ['59%', '100%', '57%', '56%']  memcached=171.7%
[monitor] ['43%', '100%', '47%', '45%']  memcached=135.3%
[MEMCACHED] cores updated to: ['0', '3']
[canneal] cores updated to: [1, 2]
[monitor] ['48%', '87%', '93%', '48%']  memcached=95.5%
[monitor] ['58%', '81%', '93%', '60%']  memcached=117.8%
[monitor] ['97%', '93%', '90%', '88%']  memcached=184.9%
[MEMCACHED] cores updated to: ['0', '1', '3']
[canneal] cores updated to: [2]
[monitor] ['76%', '74%', '100%', '78%']  memcached=228.4%
[monitor] ['79%', '78%', '100%', '76%']  memcached=232.4%
[monitor] ['80%', '76%', '100%', '78%']  memcached=234.1%
[monitor] ['78%', '76%', '100%', '78%']  memcached=231.2%
[monitor] ['79%', '78%', '100%', '78%']  memcached=235.7%
[monitor] ['64%', '68%', '100%', '68%']  memcached=199.9%
[monitor] ['62%', '61%', '100%', '62%']  memcached=185.2%
[monitor] ['63%', '59%', '100%', '62%']  memcached=183.9%
[monitor] ['58%', '61%', '100%', '62%']  memcached=181.4%
[monitor] ['62%', '61%', '100%', '62%']  memcached=185.4%
[monitor] ['61%', '61%', '100%', '64%']  memcached=186.2%
[monitor] ['62%', '63%', '100%', '64%']  memcached=189.1%
[monitor] ['60%', '57%', '100%', '60%']  memcached=176.2%
[monitor] ['60%', '56%', '100%', '58%']  memcached=173.8%
[monitor] ['59%', '57%', '100%', '58%']  memcached=173.8%
[monitor] ['41%', '43%', '100%', '43%']  memcached=126.0%
[MEMCACHED] cores updated to: ['0', '3']
[canneal] cores updated to: [1, 2]
[monitor] ['41%', '90%', '81%', '40%']  memcached=80.8%
[monitor] ['41%', '83%', '87%', '41%']  memcached=81.8%
[monitor] ['48%', '87%', '83%', '47%']  memcached=94.4%
[monitor] ['61%', '93%', '90%', '63%']  memcached=124.4%
[monitor] ['62%', '81%', '94%', '64%']  memcached=125.9%
[monitor] ['61%', '87%', '83%', '60%']  memcached=121.4%
[monitor] ['64%', '94%', '87%', '62%']  memcached=125.5%
[monitor] ['60%', '83%', '94%', '60%']  memcached=120.0%
[monitor] ['60%', '73%', '93%', '60%']  memcached=120.0%
[monitor] ['69%', '93%', '87%', '73%']  memcached=142.2%
[monitor] ['76%', '90%', '97%', '80%']  memcached=155.7%
[monitor] ['74%', '94%', '93%', '78%']  memcached=151.5%
[monitor] ['67%', '97%', '94%', '76%']  memcached=142.3%
[monitor] ['67%', '94%', '90%', '67%']  memcached=133.3%
[monitor] ['66%', '87%', '90%', '63%']  memcached=129.3%
[monitor] ['65%', '87%', '90%', '67%']  memcached=131.7%
[monitor] ['76%', '87%', '97%', '81%']  memcached=156.9%
[monitor] ['72%', '93%', '79%', '73%']  memcached=145.2%
[monitor] ['73%', '97%', '90%', '76%']  memcached=149.5%
[monitor] ['66%', '90%', '94%', '67%']  memcached=132.5%
[monitor] ['65%', '93%', '97%', '64%']  memcached=129.3%
[monitor] ['64%', '83%', '97%', '64%']  memcached=128.6%
[monitor] ['76%', '81%', '86%', '76%']  memcached=151.4%
[monitor] ['97%', '94%', '87%', '86%']  memcached=182.5%
[MEMCACHED] cores updated to: ['0', '2', '3']
[canneal] cores updated to: [1]
[monitor] ['83%', '100%', '85%', '83%']  memcached=250.6%
[monitor] ['83%', '100%', '84%', '83%']  memcached=250.1%
[monitor] ['68%', '100%', '70%', '69%']  memcached=206.7%
[monitor] ['68%', '100%', '68%', '67%']  memcached=202.5%
[monitor] ['69%', '100%', '71%', '72%']  memcached=212.3%
[monitor] ['63%', '100%', '66%', '64%']  memcached=193.4%
[monitor] ['61%', '100%', '65%', '62%']  memcached=188.5%
[monitor] ['62%', '100%', '63%', '66%']  memcached=191.8%
[monitor] ['62%', '100%', '65%', '68%']  memcached=195.0%
[monitor] ['71%', '100%', '72%', '69%']  memcached=212.5%
[monitor] ['68%', '100%', '69%', '68%']  memcached=205.2%
[monitor] ['67%', '100%', '68%', '68%']  memcached=202.5%
[monitor] ['51%', '100%', '53%', '55%']  memcached=159.0%
[monitor] ['52%', '100%', '56%', '55%']  memcached=162.5%
[monitor] ['52%', '100%', '55%', '53%']  memcached=160.3%
[monitor] ['67%', '100%', '68%', '68%']  memcached=202.5%
[monitor] ['70%', '100%', '71%', '72%']  memcached=212.8%
[monitor] ['68%', '100%', '74%', '71%']  memcached=213.2%
[monitor] ['74%', '100%', '76%', '76%']  memcached=226.4%
[monitor] ['75%', '100%', '78%', '79%']  memcached=231.7%
[monitor] ['76%', '100%', '80%', '78%']  memcached=234.1%
[monitor] ['74%', '100%', '76%', '74%']  memcached=224.4%
[monitor] ['50%', '100%', '55%', '54%']  memcached=158.2%
[monitor] ['52%', '100%', '56%', '56%']  memcached=163.8%
[monitor] ['53%', '100%', '53%', '55%']  memcached=161.5%
[monitor] ['57%', '100%', '58%', '59%']  memcached=173.8%
[monitor] ['56%', '100%', '60%', '59%']  memcached=174.2%
[monitor] ['56%', '100%', '57%', '57%']  memcached=170.7%
[monitor] ['67%', '100%', '70%', '67%']  memcached=203.3%
[monitor] ['78%', '100%', '82%', '83%']  memcached=244.1%
[monitor] ['80%', '100%', '85%', '85%']  memcached=250.1%
[monitor] ['78%', '100%', '77%', '78%']  memcached=232.7%
[monitor] ['42%', '100%', '43%', '42%']  memcached=127.3%
[MEMCACHED] cores updated to: ['0', '3']
[canneal] cores updated to: [1, 2]
[monitor] ['48%', '83%', '93%', '48%']  memcached=95.5%
[monitor] ['47%', '77%', '90%', '52%']  memcached=98.8%
[monitor] ['52%', '77%', '90%', '51%']  memcached=103.3%
[monitor] ['50%', '72%', '97%', '55%']  memcached=105.3%
[monitor] ['56%', '90%', '80%', '51%']  memcached=107.4%
[monitor] ['50%', '87%', '81%', '48%']  memcached=97.8%
[monitor] ['41%', '87%', '77%', '43%']  memcached=84.4%
[monitor] ['43%', '90%', '80%', '41%']  memcached=84.4%
[monitor] ['42%', '87%', '81%', '46%']  memcached=87.9%
[monitor] ['63%', '90%', '93%', '64%']  memcached=127.2%
[monitor] ['60%', '90%', '93%', '60%']  memcached=120.0%
[monitor] ['60%', '83%', '93%', '63%']  memcached=122.8%
[monitor] ['51%', '87%', '81%', '53%']  memcached=104.4%
[monitor] ['52%', '77%', '90%', '53%']  memcached=105.1%
[monitor] ['50%', '77%', '90%', '51%']  memcached=101.1%
[monitor] ['68%', '90%', '93%', '69%']  memcached=136.8%
[monitor] ['100%', '93%', '86%', '88%']  memcached=188.2%
[MEMCACHED] cores updated to: ['0', '1', '3']
[canneal] cores updated to: [2]
[monitor] ['78%', '78%', '100%', '78%']  memcached=234.5%
[monitor] ['77%', '76%', '100%', '78%']  memcached=230.6%
[monitor] ['68%', '68%', '100%', '66%']  memcached=200.9%
[monitor] ['69%', '67%', '100%', '68%']  memcached=204.2%
[monitor] ['68%', '66%', '100%', '68%']  memcached=202.4%
[monitor] ['70%', '70%', '100%', '72%']  memcached=213.0%
[monitor] ['73%', '72%', '100%', '73%']  memcached=217.7%
[monitor] ['72%', '71%', '100%', '72%']  memcached=215.3%
[monitor] ['67%', '66%', '100%', '66%']  memcached=198.4%
[monitor] ['57%', '58%', '100%', '58%']  memcached=173.1%
[monitor] ['56%', '57%', '100%', '60%']  memcached=172.9%
[monitor] ['62%', '62%', '100%', '62%']  memcached=186.5%
[monitor] ['80%', '80%', '100%', '83%']  memcached=243.3%
[monitor] ['80%', '80%', '100%', '83%']  memcached=242.9%
[monitor] ['83%', '83%', '100%', '83%']  memcached=249.0%
[monitor] ['74%', '72%', '100%', '74%']  memcached=220.5%
[monitor] ['75%', '73%', '100%', '76%']  memcached=224.3%
[monitor] ['76%', '74%', '100%', '76%']  memcached=225.7%
[monitor] ['65%', '65%', '100%', '66%']  memcached=196.0%
[monitor] ['60%', '56%', '100%', '59%']  memcached=174.7%
[monitor] ['58%', '60%', '100%', '60%']  memcached=177.7%
[monitor] ['56%', '57%', '100%', '59%']  memcached=172.3%
[monitor] ['58%', '55%', '100%', '58%']  memcached=170.7%
[monitor] ['56%', '57%', '100%', '57%']  memcached=169.8%
[monitor] ['55%', '57%', '100%', '55%']  memcached=166.3%
[monitor] ['57%', '58%', '100%', '60%']  memcached=176.1%
[monitor] ['56%', '56%', '100%', '58%']  memcached=170.3%
[monitor] ['56%', '58%', '100%', '60%']  memcached=174.3%
[monitor] ['51%', '50%', '100%', '52%']  memcached=153.3%
[monitor] ['42%', '46%', '100%', '44%']  memcached=132.3%
[MEMCACHED] cores updated to: ['0', '3']
[canneal] cores updated to: [1, 2]
[monitor] ['50%', '87%', '72%', '51%']  memcached=101.0%
[monitor] ['59%', '90%', '93%', '58%']  memcached=116.9%
[monitor] ['97%', '90%', '90%', '85%']  memcached=181.5%
[MEMCACHED] cores updated to: ['0', '2', '3']
[canneal] cores updated to: [1]
[monitor] ['76%', '100%', '78%', '79%']  memcached=233.6%
[monitor] ['76%', '100%', '81%', '78%']  memcached=234.6%
[monitor] ['72%', '100%', '76%', '74%']  memcached=221.9%
[monitor] ['76%', '100%', '78%', '77%']  memcached=231.8%
[monitor] ['76%', '100%', '78%', '78%']  memcached=231.2%
[monitor] ['66%', '100%', '68%', '68%']  memcached=201.7%
[monitor] ['61%', '100%', '61%', '62%']  memcached=184.5%
[monitor] ['61%', '100%', '63%', '62%']  memcached=186.9%
[monitor] ['66%', '100%', '69%', '67%']  memcached=201.8%
[monitor] ['81%', '100%', '82%', '83%']  memcached=245.8%
[monitor] ['78%', '100%', '83%', '79%']  memcached=239.6%
[monitor] ['81%', '100%', '81%', '81%']  memcached=241.7%
[monitor] ['68%', '100%', '70%', '70%']  memcached=207.5%
[monitor] ['68%', '100%', '70%', '70%']  memcached=207.5%
[monitor] ['68%', '100%', '69%', '68%']  memcached=205.9%
[monitor] ['62%', '100%', '66%', '65%']  memcached=193.4%
[monitor] ['60%', '100%', '60%', '61%']  memcached=181.0%
[monitor] ['59%', '100%', '62%', '61%']  memcached=181.1%
[monitor] ['58%', '100%', '59%', '57%']  memcached=174.7%
[monitor] ['48%', '100%', '49%', '50%']  memcached=146.5%
[monitor] ['50%', '100%', '50%', '49%']  memcached=148.8%
[monitor] ['48%', '100%', '50%', '51%']  memcached=148.9%
[monitor] ['51%', '100%', '52%', '52%']  memcached=155.7%
[monitor] ['52%', '100%', '53%', '55%']  memcached=160.2%
[monitor] ['52%', '100%', '51%', '53%']  memcached=156.8%
[monitor] ['56%', '100%', '57%', '56%']  memcached=168.2%
[monitor] ['57%', '100%', '58%', '58%']  memcached=172.8%
[monitor] ['57%', '100%', '57%', '57%']  memcached=170.5%
[monitor] ['60%', '100%', '60%', '60%']  memcached=179.5%
[monitor] ['64%', '100%', '64%', '63%']  memcached=190.7%
[monitor] ['61%', '100%', '63%', '64%']  memcached=188.7%
[monitor] ['65%', '100%', '66%', '66%']  memcached=196.8%
[monitor] ['76%', '100%', '78%', '78%']  memcached=231.8%
[monitor] ['76%', '100%', '79%', '76%']  memcached=230.8%
[monitor] ['76%', '100%', '81%', '81%']  memcached=237.3%
[monitor] ['69%', '100%', '72%', '71%']  memcached=212.8%
[monitor] ['68%', '100%', '69%', '68%']  memcached=205.8%
[monitor] ['69%', '100%', '70%', '70%']  memcached=209.2%
[monitor] ['68%', '100%', '71%', '69%']  memcached=207.3%
[monitor] ['70%', '100%', '73%', '71%']  memcached=214.0%
[monitor] ['70%', '100%', '72%', '72%']  memcached=213.6%
[monitor] ['69%', '100%', '71%', '70%']  memcached=210.3%
[monitor] ['83%', '100%', '86%', '85%']  memcached=254.3%
[monitor] ['83%', '100%', '85%', '83%']  memcached=251.0%
[monitor] ['81%', '100%', '85%', '85%']  memcached=250.3%
[monitor] ['68%', '100%', '71%', '69%']  memcached=208.7%
[monitor] ['63%', '100%', '65%', '64%']  memcached=192.2%
[monitor] ['63%', '100%', '65%', '66%']  memcached=194.0%
[monitor] ['68%', '100%', '72%', '71%']  memcached=210.3%
[monitor] ['79%', '100%', '78%', '78%']  memcached=235.1%
[monitor] ['78%', '100%', '82%', '81%']  memcached=241.3%
[monitor] ['77%', '100%', '81%', '82%']  memcached=240.6%
[monitor] ['67%', '100%', '68%', '67%']  memcached=201.6%
[monitor] ['63%', '100%', '66%', '65%']  memcached=194.3%
[monitor] ['64%', '100%', '68%', '66%']  memcached=198.2%
[monitor] ['67%', '100%', '68%', '68%']  memcached=203.2%
[monitor] ['68%', '100%', '68%', '71%']  memcached=207.9%
[monitor] ['70%', '100%', '70%', '70%']  memcached=210.0%
[monitor] ['67%', '100%', '69%', '72%']  memcached=207.7%
[monitor] ['66%', '100%', '68%', '67%']  memcached=200.0%
[monitor] ['65%', '100%', '67%', '69%']  memcached=200.9%
[monitor] ['64%', '100%', '69%', '66%']  memcached=199.1%
[monitor] ['80%', '100%', '81%', '78%']  memcached=238.9%
[monitor] ['78%', '100%', '79%', '80%']  memcached=237.2%
[monitor] ['76%', '100%', '81%', '78%']  memcached=235.8%
[monitor] ['81%', '100%', '83%', '81%']  memcached=244.0%
[monitor] ['80%', '100%', '85%', '82%']  memcached=247.2%
[monitor] ['81%', '100%', '80%', '80%']  memcached=240.6%
[monitor] ['69%', '100%', '72%', '72%']  memcached=212.8%
[monitor] ['59%', '100%', '60%', '60%']  memcached=179.1%
[monitor] ['60%', '100%', '63%', '61%']  memcached=184.6%
[monitor] ['58%', '100%', '60%', '60%']  memcached=178.1%
[monitor] ['51%', '100%', '55%', '52%']  memcached=158.1%
[monitor] ['52%', '100%', '54%', '53%']  memcached=160.1%
[monitor] ['51%', '100%', '52%', '53%']  memcached=156.9%
[monitor] ['60%', '100%', '61%', '60%']  memcached=181.4%
[monitor] ['57%', '100%', '59%', '59%']  memcached=174.6%
[monitor] ['60%', '100%', '57%', '61%']  memcached=178.0%
[monitor] ['48%', '100%', '51%', '48%']  memcached=146.5%
[monitor] ['40%', '100%', '37%', '37%']  memcached=113.3%
[MEMCACHED] cores updated to: ['0', '3']
[canneal] cores updated to: [1, 2]
[monitor] ['47%', '86%', '90%', '49%']  memcached=95.9%
[monitor] ['49%', '93%', '81%', '50%']  memcached=98.9%
[monitor] ['78%', '87%', '90%', '81%']  memcached=158.9%
[monitor] ['77%', '84%', '100%', '81%']  memcached=157.5%
[monitor] ['76%', '93%', '100%', '82%']  memcached=157.5%
[monitor] ['68%', '85%', '93%', '77%']  memcached=144.4%
[monitor] ['68%', '86%', '93%', '70%']  memcached=137.5%
[monitor] ['69%', '29%', '100%', '70%']  memcached=139.5%
[monitor] ['64%', '10%', '100%', '63%']  memcached=127.1%
[monitor] ['58%', '13%', '100%', '60%']  memcached=118.6%
[monitor] ['60%', '10%', '100%', '61%']  memcached=120.9%
[monitor] ['56%', '3%', '100%', '57%']  memcached=112.1%
[monitor] ['46%', '3%', '100%', '48%']  memcached=93.8%
[monitor] ['46%', '3%', '100%', '47%']  memcached=92.8%
[monitor] ['45%', '0%', '100%', '47%']  memcached=91.5%
[monitor] ['59%', '10%', '100%', '60%']  memcached=119.0%
[monitor] ['60%', '13%', '100%', '63%']  memcached=122.3%
[monitor] ['62%', '10%', '100%', '63%']  memcached=124.7%
[monitor] ['60%', '10%', '100%', '60%']  memcached=120.0%
[monitor] ['58%', '4%', '100%', '60%']  memcached=118.1%
[monitor] ['58%', '7%', '100%', '59%']  memcached=117.2%
[monitor] ['60%', '7%', '100%', '63%']  memcached=123.3%
[monitor] ['71%', '11%', '100%', '69%']  memcached=140.0%
[monitor] ['71%', '11%', '100%', '72%']  memcached=143.6%
[monitor] ['78%', '49%', '73%', '78%']  memcached=155.6%
[canneal] ended.
[freqmine] starting in background on cores: [1, 2] with 3 threads.
[monitor] ['85%', '68%', '82%', '83%']  memcached=168.2%
[MEMCACHED] cores updated to: ['0', '1', '3']
[freqmine] cores updated to: [2]
[monitor] ['68%', '66%', '100%', '67%']  memcached=200.0%
[monitor] ['66%', '64%', '100%', '67%']  memcached=196.7%
[monitor] ['56%', '53%', '100%', '55%']  memcached=163.6%
[monitor] ['47%', '43%', '100%', '44%']  memcached=134.3%
[MEMCACHED] cores updated to: ['0', '3']
[freqmine] cores updated to: [1, 2]
[monitor] ['49%', '10%', '100%', '53%']  memcached=102.0%
[monitor] ['58%', '7%', '100%', '58%']  memcached=115.6%
[monitor] ['88%', '21%', '100%', '86%']  memcached=173.9%
[MEMCACHED] cores updated to: ['0', '2', '3']
[freqmine] cores updated to: [1]
[monitor] ['75%', '100%', '76%', '78%']  memcached=229.1%
[monitor] ['76%', '100%', '78%', '74%']  memcached=227.1%
[monitor] ['38%', '100%', '38%', '40%']  memcached=116.7%
[MEMCACHED] cores updated to: ['0', '3']
[freqmine] cores updated to: [1, 2]
[monitor] ['43%', '97%', '79%', '42%']  memcached=85.7%
[monitor] ['45%', '100%', '97%', '46%']  memcached=90.3%
[monitor] ['57%', '100%', '100%', '56%']  memcached=112.1%
[monitor] ['63%', '100%', '100%', '66%']  memcached=128.7%
[monitor] ['64%', '100%', '100%', '63%']  memcached=126.4%
[monitor] ['60%', '100%', '100%', '62%']  memcached=122.2%
[monitor] ['53%', '100%', '100%', '53%']  memcached=106.3%
[monitor] ['55%', '100%', '100%', '54%']  memcached=109.3%
[monitor] ['61%', '100%', '100%', '71%']  memcached=132.3%
[monitor] ['72%', '100%', '100%', '62%']  memcached=133.4%
[monitor] ['55%', '100%', '100%', '56%']  memcached=111.4%
[monitor] ['54%', '100%', '100%', '53%']  memcached=107.2%
[monitor] ['52%', '100%', '100%', '54%']  memcached=106.1%
[monitor] ['49%', '100%', '100%', '52%']  memcached=101.0%
[monitor] ['51%', '100%', '100%', '52%']  memcached=103.0%
[monitor] ['52%', '100%', '100%', '52%']  memcached=104.1%
[monitor] ['56%', '100%', '100%', '54%']  memcached=110.2%
[monitor] ['52%', '100%', '52%', '52%']  memcached=104.2%
[monitor] ['53%', '97%', '72%', '51%']  memcached=104.3%
[monitor] ['53%', '100%', '100%', '55%']  memcached=108.5%
[monitor] ['53%', '100%', '100%', '53%']  memcached=106.4%
[monitor] ['55%', '100%', '100%', '55%']  memcached=110.6%
[monitor] ['72%', '100%', '100%', '78%']  memcached=150.9%
[monitor] ['82%', '100%', '100%', '100%']  memcached=182.4%
[MEMCACHED] cores updated to: ['0', '1', '3']
[freqmine] cores updated to: [2]
[monitor] ['78%', '83%', '100%', '80%']  memcached=240.6%
[monitor] ['78%', '76%', '100%', '78%']  memcached=231.2%
[monitor] ['75%', '76%', '100%', '77%']  memcached=227.6%
[monitor] ['83%', '86%', '100%', '80%']  memcached=249.8%
[monitor] ['76%', '94%', '100%', '83%']  memcached=254.1%
[monitor] ['79%', '100%', '100%', '81%']  memcached=259.5%
[monitor] ['76%', '100%', '100%', '78%']  memcached=254.1%
[monitor] ['76%', '76%', '100%', '78%']  memcached=230.4%
[monitor] ['68%', '68%', '100%', '70%']  memcached=206.7%
[monitor] ['66%', '64%', '100%', '67%']  memcached=196.8%
[monitor] ['63%', '68%', '100%', '67%']  memcached=197.6%
[monitor] ['68%', '68%', '100%', '71%']  memcached=206.5%
[monitor] ['69%', '68%', '100%', '72%']  memcached=209.4%
[monitor] ['70%', '71%', '100%', '70%']  memcached=210.7%
[monitor] ['72%', '71%', '100%', '71%']  memcached=213.9%
[monitor] ['60%', '62%', '100%', '66%']  memcached=188.3%
[monitor] ['63%', '64%', '100%', '63%']  memcached=189.8%
[monitor] ['62%', '61%', '100%', '63%']  memcached=185.7%
[monitor] ['56%', '52%', '100%', '56%']  memcached=163.6%
[monitor] ['48%', '49%', '100%', '48%']  memcached=144.4%
[monitor] ['49%', '47%', '100%', '49%']  memcached=144.3%
[monitor] ['50%', '53%', '100%', '54%']  memcached=157.7%
[monitor] ['58%', '57%', '100%', '61%']  memcached=176.3%
[monitor] ['59%', '59%', '100%', '60%']  memcached=177.5%
[monitor] ['59%', '59%', '100%', '60%']  memcached=177.2%
[monitor] ['71%', '70%', '100%', '74%']  memcached=214.7%
[monitor] ['72%', '69%', '100%', '71%']  memcached=213.0%
[monitor] ['71%', '72%', '100%', '74%']  memcached=217.2%
[monitor] ['74%', '73%', '100%', '76%']  memcached=223.0%
[monitor] ['76%', '77%', '100%', '78%']  memcached=231.0%
[monitor] ['78%', '78%', '100%', '78%']  memcached=234.5%
[monitor] ['68%', '67%', '100%', '70%']  memcached=204.2%
[monitor] ['58%', '59%', '100%', '59%']  memcached=176.3%
[monitor] ['58%', '58%', '100%', '60%']  memcached=175.4%
[monitor] ['57%', '56%', '100%', '57%']  memcached=169.8%
[monitor] ['53%', '52%', '100%', '53%']  memcached=159.1%
[monitor] ['53%', '49%', '100%', '51%']  memcached=153.3%
[monitor] ['50%', '52%', '100%', '51%']  memcached=153.3%
[monitor] ['63%', '63%', '100%', '64%']  memcached=190.5%
[monitor] ['66%', '67%', '100%', '69%']  memcached=201.6%
[monitor] ['68%', '66%', '100%', '67%']  memcached=200.8%
[monitor] ['65%', '66%', '100%', '69%']  memcached=200.1%
[monitor] ['67%', '66%', '100%', '67%']  memcached=199.1%
[monitor] ['65%', '66%', '100%', '70%']  memcached=200.8%
[monitor] ['65%', '65%', '100%', '67%']  memcached=196.7%
[monitor] ['56%', '53%', '100%', '56%']  memcached=164.4%
[monitor] ['53%', '55%', '100%', '55%']  memcached=162.6%
[monitor] ['53%', '52%', '100%', '56%']  memcached=161.2%
[monitor] ['67%', '69%', '100%', '70%']  memcached=205.9%
[monitor] ['71%', '68%', '100%', '72%']  memcached=211.3%
[monitor] ['72%', '70%', '100%', '72%']  memcached=213.6%
[monitor] ['76%', '78%', '100%', '78%']  memcached=232.4%
[monitor] ['81%', '80%', '100%', '83%']  memcached=243.4%
[monitor] ['85%', '83%', '100%', '83%']  memcached=251.0%
[monitor] ['75%', '75%', '100%', '76%']  memcached=226.5%
[monitor] ['45%', '45%', '100%', '48%']  memcached=138.6%
[MEMCACHED] cores updated to: ['0', '3']
[freqmine] cores updated to: [1, 2]
[monitor] ['49%', '100%', '100%', '56%']  memcached=105.1%
[monitor] ['55%', '100%', '100%', '54%']  memcached=109.3%
[monitor] ['49%', '100%', '100%', '52%']  memcached=101.1%
[monitor] ['51%', '100%', '100%', '49%']  memcached=100.0%
[monitor] ['51%', '100%', '100%', '48%']  memcached=98.9%
[monitor] ['50%', '100%', '100%', '52%']  memcached=102.1%
[monitor] ['51%', '100%', '100%', '53%']  memcached=104.0%
[monitor] ['51%', '100%', '100%', '53%']  memcached=104.1%
[monitor] ['56%', '100%', '100%', '51%']  memcached=107.0%
[monitor] ['54%', '100%', '100%', '60%']  memcached=113.7%
[monitor] ['57%', '100%', '100%', '56%']  memcached=113.7%
[monitor] ['57%', '100%', '100%', '53%']  memcached=110.0%
[monitor] ['69%', '100%', '100%', '74%']  memcached=143.4%
[monitor] ['69%', '100%', '100%', '76%']  memcached=144.9%
[monitor] ['72%', '100%', '100%', '70%']  memcached=142.5%
[monitor] ['57%', '100%', '100%', '64%']  memcached=120.5%
[monitor] ['51%', '100%', '100%', '46%']  memcached=96.8%
[monitor] ['48%', '100%', '100%', '50%']  memcached=97.9%
[monitor] ['54%', '100%', '100%', '54%']  memcached=108.3%
[monitor] ['71%', '100%', '100%', '85%']  memcached=155.9%
[monitor] ['74%', '100%', '100%', '83%']  memcached=156.5%
[monitor] ['70%', '100%', '100%', '86%']  memcached=155.7%
[monitor] ['50%', '100%', '100%', '54%']  memcached=104.2%
[monitor] ['47%', '100%', '100%', '49%']  memcached=95.7%
[monitor] ['49%', '100%', '100%', '53%']  memcached=101.9%
[monitor] ['52%', '100%', '100%', '51%']  memcached=102.9%
[monitor] ['52%', '100%', '100%', '52%']  memcached=104.1%
[monitor] ['52%', '100%', '100%', '54%']  memcached=106.0%
[monitor] ['53%', '100%', '100%', '55%']  memcached=108.2%
[monitor] ['63%', '100%', '100%', '64%']  memcached=127.1%
[monitor] ['64%', '100%', '100%', '64%']  memcached=127.3%
[monitor] ['63%', '100%', '100%', '63%']  memcached=125.6%
[monitor] ['62%', '100%', '100%', '61%']  memcached=123.1%
[monitor] ['57%', '100%', '100%', '65%']  memcached=122.7%
[monitor] ['59%', '100%', '100%', '63%']  memcached=121.9%
[monitor] ['59%', '100%', '100%', '61%']  memcached=119.6%
[monitor] ['58%', '100%', '100%', '62%']  memcached=120.0%
[monitor] ['60%', '100%', '100%', '60%']  memcached=119.6%
[monitor] ['61%', '100%', '100%', '60%']  memcached=121.4%
[monitor] ['65%', '100%', '100%', '67%']  memcached=131.7%
[monitor] ['70%', '100%', '100%', '67%']  memcached=136.7%
[monitor] ['67%', '100%', '100%', '68%']  memcached=135.0%
[monitor] ['61%', '100%', '100%', '67%']  memcached=127.5%
[monitor] ['61%', '100%', '100%', '62%']  memcached=123.3%
[monitor] ['64%', '100%', '100%', '61%']  memcached=125.0%
[monitor] ['53%', '100%', '100%', '56%']  memcached=109.4%
[monitor] ['52%', '100%', '100%', '49%']  memcached=101.1%
[monitor] ['49%', '100%', '100%', '51%']  memcached=100.0%
[monitor] ['53%', '100%', '100%', '59%']  memcached=111.9%
[monitor] ['70%', '100%', '100%', '81%']  memcached=151.1%
[monitor] ['74%', '100%', '100%', '76%']  memcached=149.4%
[monitor] ['74%', '100%', '100%', '74%']  memcached=147.4%
[monitor] ['81%', '100%', '100%', '94%']  memcached=174.5%
[MEMCACHED] cores updated to: ['0', '2', '3']
[freqmine] cores updated to: [1]
[monitor] ['76%', '100%', '78%', '73%']  memcached=227.0%
[monitor] ['78%', '100%', '80%', '78%']  memcached=236.8%
[monitor] ['74%', '100%', '78%', '74%']  memcached=225.8%
[monitor] ['76%', '100%', '76%', '76%']  memcached=227.7%
[monitor] ['73%', '100%', '78%', '74%']  memcached=225.7%
[monitor] ['67%', '100%', '69%', '65%']  memcached=200.9%
[monitor] ['47%', '100%', '48%', '49%']  memcached=143.3%
[monitor] ['49%', '100%', '49%', '49%']  memcached=146.7%
[monitor] ['48%', '100%', '47%', '50%']  memcached=144.5%
[monitor] ['67%', '100%', '68%', '66%']  memcached=200.8%
[monitor] ['66%', '100%', '70%', '67%']  memcached=202.5%
[monitor] ['67%', '100%', '67%', '68%']  memcached=200.8%
[monitor] ['64%', '100%', '67%', '65%']  memcached=195.9%
[monitor] ['65%', '100%', '67%', '64%']  memcached=196.1%
[monitor] ['62%', '100%', '64%', '62%']  memcached=188.1%
[monitor] ['65%', '100%', '66%', '64%']  memcached=195.3%
[monitor] ['62%', '100%', '63%', '63%']  memcached=188.4%
[monitor] ['61%', '100%', '67%', '63%']  memcached=190.4%
[monitor] ['63%', '100%', '62%', '63%']  memcached=189.3%
[monitor] ['62%', '100%', '66%', '66%']  memcached=194.2%
[monitor] ['64%', '100%', '64%', '64%']  memcached=192.9%
[monitor] ['64%', '100%', '66%', '63%']  memcached=192.9%
[monitor] ['70%', '100%', '74%', '72%']  memcached=216.4%
[monitor] ['79%', '100%', '80%', '78%']  memcached=236.7%
[monitor] ['76%', '100%', '80%', '76%']  memcached=232.0%
[monitor] ['71%', '100%', '72%', '69%']  memcached=211.8%
[monitor] ['63%', '100%', '65%', '66%']  memcached=194.3%
[monitor] ['62%', '100%', '63%', '60%']  memcached=184.2%
[monitor] ['61%', '100%', '63%', '64%']  memcached=188.7%
[monitor] ['55%', '100%', '59%', '57%']  memcached=170.3%
[monitor] ['55%', '100%', '57%', '56%']  memcached=167.1%
[monitor] ['56%', '100%', '56%', '57%']  memcached=168.2%
[monitor] ['49%', '100%', '51%', '50%']  memcached=150.0%
[monitor] ['49%', '100%', '48%', '49%']  memcached=145.6%
[monitor] ['44%', '100%', '45%', '45%']  memcached=135.1%
[MEMCACHED] cores updated to: ['0', '3']
[freqmine] cores updated to: [1, 2]
[monitor] ['55%', '100%', '100%', '61%']  memcached=116.7%
[monitor] ['65%', '100%', '100%', '78%']  memcached=143.4%
[monitor] ['71%', '100%', '100%', '76%']  memcached=146.4%
[monitor] ['66%', '100%', '100%', '76%']  memcached=141.5%
[monitor] ['73%', '100%', '100%', '94%']  memcached=166.9%
[MEMCACHED] cores updated to: ['0', '1', '3']
[freqmine] cores updated to: [2]
[monitor] ['69%', '72%', '100%', '71%']  memcached=212.1%
[monitor] ['73%', '71%', '100%', '74%']  memcached=218.6%
[monitor] ['72%', '72%', '100%', '72%']  memcached=216.8%
[monitor] ['72%', '72%', '100%', '76%']  memcached=220.0%
[monitor] ['72%', '71%', '100%', '73%']  memcached=215.8%
[monitor] ['72%', '74%', '100%', '74%']  memcached=220.5%
[monitor] ['71%', '71%', '100%', '74%']  memcached=215.8%
[monitor] ['72%', '73%', '100%', '75%']  memcached=219.8%
[monitor] ['71%', '71%', '100%', '74%']  memcached=215.8%
[monitor] ['79%', '76%', '100%', '78%']  memcached=233.0%
[monitor] ['76%', '76%', '100%', '78%']  memcached=229.8%
[monitor] ['76%', '76%', '100%', '78%']  memcached=230.4%
[monitor] ['50%', '52%', '100%', '53%']  memcached=155.8%
[monitor] ['45%', '45%', '100%', '46%']  memcached=136.6%
[MEMCACHED] cores updated to: ['0', '3']
[freqmine] cores updated to: [1, 2]
[monitor] ['51%', '100%', '100%', '53%']  memcached=104.1%
[monitor] ['62%', '100%', '100%', '65%']  memcached=127.0%
[monitor] ['78%', '100%', '100%', '80%']  memcached=158.4%
[monitor] ['74%', '100%', '100%', '83%']  memcached=156.5%
[monitor] ['81%', '100%', '100%', '76%']  memcached=156.2%
[monitor] ['81%', '100%', '100%', '77%']  memcached=157.5%
[monitor] ['83%', '100%', '100%', '71%']  memcached=154.4%
[monitor] ['83%', '100%', '100%', '74%']  memcached=156.5%
[monitor] ['80%', '100%', '100%', '83%']  memcached=163.3%
[MEMCACHED] cores updated to: ['0', '2', '3']
[freqmine] cores updated to: [1]
[monitor] ['71%', '100%', '72%', '71%']  memcached=214.3%
[monitor] ['74%', '100%', '76%', '75%']  memcached=225.0%
[monitor] ['70%', '100%', '73%', '72%']  memcached=214.8%
[monitor] ['68%', '100%', '69%', '68%']  memcached=205.0%
[monitor] ['69%', '100%', '68%', '68%']  memcached=205.8%
[monitor] ['69%', '100%', '72%', '70%']  memcached=211.7%
[monitor] ['81%', '100%', '83%', '81%']  memcached=244.0%
[monitor] ['76%', '100%', '82%', '78%']  memcached=235.8%
[monitor] ['78%', '100%', '80%', '76%']  memcached=234.1%
[monitor] ['74%', '100%', '78%', '76%']  memcached=228.4%
[monitor] ['76%', '100%', '76%', '76%']  memcached=228.5%
[monitor] ['76%', '100%', '78%', '74%']  memcached=227.8%
[monitor] ['69%', '100%', '74%', '72%']  memcached=214.7%
[monitor] ['69%', '100%', '71%', '69%']  memcached=209.5%
[monitor] ['66%', '100%', '69%', '66%']  memcached=200.9%
[monitor] ['66%', '100%', '66%', '66%']  memcached=197.6%
[monitor] ['50%', '100%', '53%', '51%']  memcached=154.7%
[monitor] ['51%', '100%', '52%', '51%']  memcached=154.8%
[monitor] ['50%', '100%', '52%', '54%']  memcached=156.7%
[monitor] ['61%', '100%', '62%', '61%']  memcached=184.0%
[monitor] ['60%', '100%', '62%', '62%']  memcached=183.4%
[monitor] ['62%', '100%', '62%', '61%']  memcached=186.0%
[monitor] ['61%', '100%', '62%', '61%']  memcached=183.9%
[monitor] ['60%', '100%', '62%', '60%']  memcached=182.5%
[monitor] ['60%', '100%', '63%', '62%']  memcached=184.7%
[monitor] ['60%', '100%', '62%', '61%']  memcached=182.5%
[monitor] ['68%', '100%', '71%', '68%']  memcached=206.8%
[monitor] ['68%', '100%', '68%', '68%']  memcached=203.5%
[monitor] ['66%', '100%', '68%', '68%']  memcached=202.6%
[monitor] ['82%', '100%', '85%', '85%']  memcached=252.0%
[monitor] ['85%', '100%', '91%', '88%']  memcached=263.3%
[monitor] ['83%', '100%', '85%', '86%']  memcached=253.9%
[monitor] ['69%', '100%', '73%', '72%']  memcached=214.0%
[monitor] ['62%', '100%', '62%', '61%']  memcached=186.0%
[monitor] ['59%', '100%', '63%', '61%']  memcached=183.4%
[monitor] ['62%', '100%', '63%', '64%']  memcached=190.2%
[monitor] ['68%', '100%', '68%', '68%']  memcached=204.2%
[monitor] ['67%', '100%', '70%', '68%']  memcached=205.1%
[monitor] ['68%', '100%', '68%', '68%']  memcached=204.3%
[monitor] ['56%', '100%', '57%', '59%']  memcached=172.1%
[monitor] ['59%', '100%', '56%', '58%']  memcached=172.8%
[monitor] ['57%', '100%', '59%', '58%']  memcached=173.8%
[monitor] ['56%', '100%', '56%', '57%']  memcached=168.4%
[monitor] ['52%', '100%', '56%', '55%']  memcached=162.7%
[monitor] ['51%', '100%', '54%', '50%']  memcached=154.9%
[monitor] ['52%', '100%', '50%', '50%']  memcached=152.4%
[monitor] ['53%', '100%', '53%', '52%']  memcached=159.2%
[monitor] ['49%', '100%', '52%', '50%']  memcached=151.1%
[monitor] ['49%', '100%', '49%', '50%']  memcached=147.6%
[monitor] ['45%', '100%', '50%', '48%']  memcached=143.0%
[monitor] ['48%', '100%', '48%', '49%']  memcached=144.1%
[monitor] ['50%', '100%', '50%', '47%']  memcached=146.5%
[monitor] ['46%', '100%', '47%', '49%']  memcached=141.7%
[monitor] ['49%', '100%', '51%', '49%']  memcached=148.8%
[monitor] ['44%', '100%', '48%', '48%']  memcached=138.8%
[MEMCACHED] cores updated to: ['0', '3']
[freqmine] cores updated to: [1, 2]
[monitor] ['55%', '100%', '100%', '54%']  memcached=109.7%
[monitor] ['58%', '100%', '100%', '59%']  memcached=116.8%
[monitor] ['56%', '100%', '100%', '57%']  memcached=112.6%
[monitor] ['61%', '100%', '100%', '57%']  memcached=117.9%
[monitor] ['78%', '100%', '100%', '75%']  memcached=153.4%
[monitor] ['72%', '100%', '100%', '82%']  memcached=154.1%
[monitor] ['78%', '100%', '100%', '76%']  memcached=154.7%
[monitor] ['78%', '100%', '100%', '88%']  memcached=165.3%
[MEMCACHED] cores updated to: ['0', '1', '3']
[freqmine] cores updated to: [2]
[monitor] ['78%', '76%', '100%', '80%']  memcached=234.1%
[monitor] ['78%', '78%', '100%', '81%']  memcached=236.7%
[monitor] ['66%', '64%', '100%', '68%']  memcached=197.5%
[monitor] ['50%', '52%', '100%', '53%']  memcached=155.4%
[monitor] ['51%', '51%', '100%', '53%']  memcached=155.6%
[monitor] ['49%', '50%', '100%', '51%']  memcached=149.9%
[monitor] ['49%', '51%', '100%', '50%']  memcached=150.0%
[monitor] ['48%', '48%', '100%', '48%']  memcached=143.4%
[monitor] ['48%', '49%', '100%', '48%']  memcached=144.3%
[monitor] ['63%', '63%', '100%', '66%']  memcached=192.7%
[monitor] ['74%', '74%', '100%', '75%']  memcached=222.4%
[monitor] ['72%', '71%', '100%', '75%']  memcached=217.8%
[monitor] ['68%', '69%', '100%', '68%']  memcached=204.8%
[monitor] ['59%', '59%', '100%', '60%']  memcached=178.6%
[monitor] ['56%', '56%', '100%', '57%']  memcached=169.3%
[monitor] ['58%', '58%', '100%', '61%']  memcached=177.6%
[monitor] ['55%', '52%', '100%', '55%']  memcached=161.4%
[monitor] ['53%', '55%', '100%', '55%']  memcached=162.4%
[monitor] ['55%', '53%', '100%', '57%']  memcached=164.4%
[monitor] ['56%', '58%', '100%', '60%']  memcached=173.6%
[monitor] ['58%', '56%', '100%', '60%']  memcached=173.8%
[monitor] ['60%', '59%', '100%', '60%']  memcached=179.1%
[monitor] ['58%', '60%', '100%', '60%']  memcached=179.1%
[monitor] ['63%', '62%', '100%', '64%']  memcached=189.0%
[monitor] ['61%', '62%', '100%', '62%']  memcached=185.2%
[monitor] ['60%', '60%', '100%', '62%']  memcached=182.4%
[monitor] ['55%', '55%', '100%', '58%']  memcached=167.3%
[monitor] ['56%', '55%', '100%', '58%']  memcached=168.1%
[monitor] ['55%', '56%', '100%', '57%']  memcached=167.2%
[monitor] ['67%', '65%', '100%', '69%']  memcached=200.7%
[monitor] ['68%', '72%', '100%', '70%']  memcached=209.6%
[monitor] ['70%', '69%', '100%', '72%']  memcached=211.7%
[monitor] ['77%', '74%', '100%', '78%']  memcached=228.4%
[monitor] ['82%', '82%', '100%', '85%']  memcached=250.0%
[monitor] ['78%', '78%', '100%', '83%']  memcached=239.0%
[monitor] ['76%', '76%', '100%', '78%']  memcached=231.0%
[monitor] ['58%', '56%', '100%', '58%']  memcached=172.1%
[monitor] ['57%', '57%', '100%', '56%']  memcached=170.1%
[monitor] ['58%', '56%', '100%', '58%']  memcached=171.7%
[monitor] ['66%', '66%', '100%', '68%']  memcached=200.0%
[monitor] ['69%', '67%', '100%', '71%']  memcached=207.0%
[monitor] ['69%', '68%', '100%', '72%']  memcached=209.4%
[monitor] ['67%', '68%', '100%', '67%']  memcached=200.8%
[monitor] ['68%', '67%', '100%', '70%']  memcached=205.0%
[monitor] ['68%', '68%', '100%', '70%']  memcached=205.0%
[monitor] ['63%', '66%', '100%', '68%']  memcached=196.8%
[monitor] ['55%', '57%', '100%', '57%']  memcached=168.1%
[monitor] ['53%', '56%', '100%', '56%']  memcached=165.1%
[monitor] ['57%', '56%', '100%', '55%']  memcached=167.4%
[monitor] ['73%', '71%', '100%', '74%']  memcached=217.9%
[monitor] ['78%', '76%', '100%', '81%']  memcached=234.0%
[monitor] ['76%', '76%', '100%', '80%']  memcached=232.0%
[monitor] ['62%', '60%', '100%', '63%']  memcached=184.7%
[monitor] ['45%', '49%', '100%', '47%']  memcached=140.9%
[monitor] ['48%', '43%', '100%', '48%']  memcached=138.4%
[MEMCACHED] cores updated to: ['0', '3']
[freqmine] cores updated to: [1, 2]
[monitor] ['57%', '97%', '100%', '58%']  memcached=115.8%
[monitor] ['83%', '100%', '100%', '94%']  memcached=176.4%
[MEMCACHED] cores updated to: ['0', '2', '3']
[freqmine] cores updated to: [1]
[monitor] ['78%', '100%', '80%', '76%']  memcached=234.1%
[monitor] ['78%', '100%', '81%', '78%']  memcached=236.7%
[monitor] ['53%', '100%', '57%', '56%']  memcached=166.1%
[monitor] ['52%', '100%', '51%', '49%']  memcached=152.3%
[monitor] ['53%', '100%', '53%', '54%']  memcached=161.0%
[monitor] ['52%', '100%', '53%', '52%']  memcached=158.1%
[monitor] ['56%', '100%', '58%', '57%']  memcached=171.1%
[monitor] ['55%', '100%', '58%', '58%']  memcached=171.3%
[monitor] ['60%', '100%', '60%', '59%']  memcached=178.6%
[monitor] ['69%', '100%', '69%', '68%']  memcached=206.8%
[monitor] ['68%', '100%', '68%', '67%']  memcached=203.2%
[monitor] ['68%', '100%', '69%', '68%']  memcached=205.0%
[monitor] ['39%', '100%', '44%', '42%']  memcached=125.1%
[MEMCACHED] cores updated to: ['0', '3']
[freqmine] cores updated to: [1, 2]
[monitor] ['47%', '100%', '100%', '48%']  memcached=94.9%
[monitor] ['46%', '100%', '100%', '47%']  memcached=92.8%
[monitor] ['56%', '100%', '100%', '57%']  memcached=112.1%
[monitor] ['66%', '100%', '100%', '68%']  memcached=134.1%
[monitor] ['67%', '100%', '100%', '67%']  memcached=133.3%
[monitor] ['63%', '100%', '100%', '67%']  memcached=130.1%
[monitor] ['62%', '100%', '100%', '64%']  memcached=125.3%
[monitor] ['61%', '100%', '100%', '60%']  memcached=121.4%
[monitor] ['60%', '100%', '100%', '62%']  memcached=121.7%
[monitor] ['72%', '100%', '100%', '86%']  memcached=157.5%
[monitor] ['75%', '100%', '100%', '91%']  memcached=165.9%
[MEMCACHED] cores updated to: ['0', '1', '3']
[freqmine] cores updated to: [2]
[monitor] ['71%', '74%', '100%', '76%']  memcached=221.1%
[monitor] ['76%', '77%', '100%', '78%']  memcached=231.0%
[monitor] ['82%', '82%', '100%', '85%']  memcached=249.5%
[monitor] ['80%', '78%', '100%', '85%']  memcached=243.7%
[monitor] ['73%', '74%', '100%', '76%']  memcached=222.3%
[monitor] ['56%', '57%', '100%', '58%']  memcached=171.1%
[monitor] ['58%', '57%', '100%', '56%']  memcached=170.7%
[monitor] ['55%', '58%', '100%', '57%']  memcached=170.0%
[monitor] ['61%', '61%', '100%', '63%']  memcached=185.4%
[monitor] ['63%', '62%', '100%', '63%']  memcached=188.7%
[monitor] ['63%', '62%', '100%', '63%']  memcached=188.1%
[monitor] ['62%', '64%', '100%', '64%']  memcached=190.5%
[monitor] ['63%', '62%', '100%', '63%']  memcached=188.7%
[monitor] ['62%', '63%', '100%', '65%']  memcached=190.7%
[monitor] ['62%', '64%', '100%', '66%']  memcached=191.7%
[monitor] ['69%', '69%', '100%', '71%']  memcached=209.5%
[monitor] ['68%', '68%', '100%', '71%']  memcached=207.3%
[monitor] ['69%', '68%', '100%', '71%']  memcached=208.7%
[monitor] ['58%', '57%', '100%', '59%']  memcached=174.4%
[monitor] ['58%', '57%', '100%', '60%']  memcached=175.4%
[monitor] ['57%', '56%', '100%', '58%']  memcached=170.8%
[monitor] ['48%', '50%', '100%', '50%']  memcached=147.6%
[monitor] ['48%', '48%', '100%', '49%']  memcached=144.3%
[monitor] ['45%', '47%', '100%', '49%']  memcached=140.9%
[monitor] ['56%', '55%', '100%', '56%']  memcached=165.9%
[monitor] ['69%', '72%', '100%', '72%']  memcached=212.8%
[monitor] ['74%', '70%', '100%', '76%']  memcached=219.6%
[monitor] ['72%', '72%', '100%', '74%']  memcached=218.7%
[monitor] ['70%', '71%', '100%', '72%']  memcached=212.5%
[monitor] ['68%', '68%', '100%', '70%']  memcached=206.8%
[monitor] ['67%', '65%', '100%', '67%']  memcached=198.3%
[monitor] ['76%', '74%', '100%', '76%']  memcached=225.7%
[monitor] ['76%', '78%', '100%', '81%']  memcached=235.2%
[monitor] ['78%', '76%', '100%', '80%']  memcached=233.5%
[monitor] ['73%', '70%', '100%', '75%']  memcached=218.2%
[monitor] ['60%', '60%', '100%', '62%']  memcached=182.0%
[monitor] ['61%', '61%', '100%', '60%']  memcached=182.3%
[monitor] ['59%', '61%', '100%', '63%']  memcached=183.4%
[monitor] ['48%', '51%', '100%', '52%']  memcached=151.0%
[monitor] ['52%', '50%', '100%', '51%']  memcached=153.3%
[monitor] ['48%', '49%', '100%', '52%']  memcached=148.7%
[monitor] ['58%', '58%', '100%', '60%']  memcached=176.7%
[monitor] ['60%', '60%', '100%', '62%']  memcached=182.8%
[monitor] ['64%', '62%', '100%', '63%']  memcached=188.3%
[monitor] ['53%', '53%', '100%', '56%']  memcached=162.8%
[monitor] ['43%', '46%', '100%', '46%']  memcached=134.8%
[MEMCACHED] cores updated to: ['0', '3']
[freqmine] cores updated to: [1, 2]
[monitor] ['51%', '100%', '100%', '51%']  memcached=102.0%
[monitor] ['50%', '100%', '100%', '51%']  memcached=101.0%
[monitor] ['66%', '100%', '100%', '74%']  memcached=140.2%
[monitor] ['65%', '100%', '100%', '73%']  memcached=138.0%
[monitor] ['66%', '100%', '100%', '69%']  memcached=135.1%
[monitor] ['74%', '100%', '100%', '88%']  memcached=162.2%
[MEMCACHED] cores updated to: ['0', '2', '3']
[freqmine] cores updated to: [1]
[monitor] ['83%', '100%', '85%', '81%']  memcached=248.7%
[monitor] ['81%', '100%', '86%', '83%']  memcached=249.5%
[monitor] ['62%', '100%', '62%', '62%']  memcached=186.2%
[monitor] ['38%', '100%', '41%', '38%']  memcached=117.1%
[MEMCACHED] cores updated to: ['0', '3']
[freqmine] cores updated to: [1, 2]
[monitor] ['46%', '100%', '97%', '47%']  memcached=92.6%
[monitor] ['48%', '100%', '100%', '48%']  memcached=95.8%
[monitor] ['83%', '100%', '100%', '85%']  memcached=168.6%
[MEMCACHED] cores updated to: ['0', '1', '3']
[freqmine] cores updated to: [2]
[monitor] ['72%', '68%', '100%', '74%']  memcached=213.9%
[monitor] ['71%', '72%', '100%', '72%']  memcached=216.1%
[monitor] ['61%', '61%', '100%', '62%']  memcached=184.6%
[monitor] ['57%', '56%', '100%', '58%']  memcached=170.8%
[monitor] ['57%', '57%', '100%', '57%']  memcached=170.8%
[monitor] ['55%', '52%', '100%', '55%']  memcached=161.6%
[monitor] ['51%', '52%', '100%', '51%']  memcached=154.3%
[monitor] ['50%', '50%', '100%', '52%']  memcached=152.2%
[monitor] ['51%', '51%', '100%', '54%']  memcached=156.6%
[monitor] ['58%', '58%', '100%', '59%']  memcached=175.0%
[monitor] ['56%', '56%', '100%', '57%']  memcached=168.8%
[monitor] ['57%', '58%', '100%', '56%']  memcached=170.4%
[monitor] ['68%', '68%', '100%', '71%']  memcached=205.7%
[monitor] ['72%', '70%', '100%', '74%']  memcached=216.4%
[monitor] ['71%', '71%', '100%', '73%']  memcached=215.1%
[monitor] ['70%', '69%', '100%', '70%']  memcached=209.2%
[monitor] ['68%', '70%', '100%', '68%']  memcached=206.8%
[monitor] ['71%', '69%', '100%', '71%']  memcached=211.0%
[monitor] ['69%', '69%', '100%', '69%']  memcached=207.7%
[monitor] ['68%', '70%', '100%', '71%']  memcached=209.7%
[monitor] ['69%', '67%', '100%', '69%']  memcached=205.1%
[monitor] ['69%', '69%', '100%', '71%']  memcached=209.2%
[monitor] ['67%', '68%', '100%', '69%']  memcached=203.4%
[monitor] ['68%', '67%', '100%', '68%']  memcached=201.7%
[monitor] ['64%', '65%', '100%', '66%']  memcached=195.0%
[monitor] ['60%', '61%', '100%', '61%']  memcached=182.4%
[monitor] ['56%', '55%', '100%', '56%']  memcached=166.2%
[monitor] ['56%', '55%', '100%', '58%']  memcached=168.7%
[monitor] ['53%', '53%', '100%', '55%']  memcached=161.5%
[monitor] ['47%', '46%', '100%', '49%']  memcached=141.3%
[monitor] ['46%', '44%', '100%', '45%']  memcached=135.3%
[MEMCACHED] cores updated to: ['0', '3']
[freqmine] cores updated to: [1, 2]
[monitor] ['52%', '100%', '100%', '52%']  memcached=104.2%
[monitor] ['57%', '100%', '100%', '60%']  memcached=117.0%
[monitor] ['59%', '100%', '100%', '62%']  memcached=121.3%
[monitor] ['59%', '100%', '100%', '60%']  memcached=119.1%
[monitor] ['55%', '100%', '100%', '54%']  memcached=108.9%
[monitor] ['54%', '100%', '100%', '54%']  memcached=108.3%
[monitor] ['51%', '100%', '100%', '52%']  memcached=103.1%
[monitor] ['54%', '100%', '100%', '54%']  memcached=108.5%
[monitor] ['66%', '100%', '100%', '64%']  memcached=129.5%
[monitor] ['68%', '100%', '100%', '62%']  memcached=130.5%
[monitor] ['60%', '100%', '100%', '69%']  memcached=129.5%
[monitor] ['64%', '100%', '100%', '72%']  memcached=136.1%
[monitor] ['65%', '100%', '100%', '74%']  memcached=138.8%
[monitor] ['65%', '100%', '100%', '70%']  memcached=135.0%
[monitor] ['63%', '100%', '100%', '67%']  memcached=129.5%
[monitor] ['60%', '100%', '100%', '61%']  memcached=121.4%
[monitor] ['58%', '100%', '100%', '61%']  memcached=119.5%
[monitor] ['62%', '100%', '100%', '64%']  memcached=125.9%
[monitor] ['70%', '100%', '100%', '78%']  memcached=148.4%
[monitor] ['67%', '100%', '100%', '83%']  memcached=149.5%
[monitor] ['69%', '100%', '100%', '78%']  memcached=147.0%
[monitor] ['76%', '100%', '100%', '94%']  memcached=170.1%
[MEMCACHED] cores updated to: ['0', '2', '3']
[freqmine] cores updated to: [1]
[monitor] ['74%', '100%', '78%', '74%']  memcached=225.8%
[monitor] ['74%', '100%', '76%', '76%']  memcached=226.4%
[monitor] ['64%', '100%', '68%', '65%']  memcached=197.7%
[monitor] ['59%', '100%', '60%', '58%']  memcached=176.2%
[monitor] ['57%', '100%', '60%', '57%']  memcached=173.8%
[monitor] ['63%', '100%', '63%', '64%']  memcached=191.1%
[monitor] ['76%', '100%', '78%', '74%']  memcached=228.5%
[monitor] ['76%', '100%', '78%', '76%']  memcached=230.4%
[monitor] ['76%', '100%', '77%', '74%']  memcached=227.8%
[monitor] ['78%', '100%', '83%', '81%']  memcached=241.7%
[monitor] ['81%', '100%', '83%', '78%']  memcached=241.7%
[monitor] ['80%', '100%', '85%', '78%']  memcached=243.1%
[monitor] ['69%', '100%', '72%', '68%']  memcached=209.4%
[monitor] ['64%', '100%', '63%', '63%']  memcached=191.1%
[monitor] ['63%', '100%', '66%', '65%']  memcached=194.4%
[monitor] ['67%', '100%', '67%', '69%']  memcached=203.2%
[monitor] ['80%', '100%', '86%', '81%']  memcached=246.3%
[monitor] ['83%', '100%', '85%', '83%']  memcached=251.5%
[monitor] ['83%', '100%', '85%', '81%']  memcached=248.7%
[monitor] ['76%', '100%', '80%', '74%']  memcached=230.7%
[monitor] ['77%', '100%', '81%', '78%']  memcached=236.6%
[monitor] ['78%', '100%', '80%', '78%']  memcached=236.8%
[monitor] ['76%', '100%', '78%', '74%']  memcached=227.1%
[monitor] ['74%', '100%', '77%', '74%']  memcached=224.3%
[monitor] ['72%', '100%', '74%', '72%']  memcached=217.3%
[monitor] ['68%', '100%', '68%', '66%']  memcached=201.8%
[monitor] ['49%', '100%', '51%', '52%']  memcached=152.2%
[monitor] ['48%', '100%', '49%', '45%']  memcached=141.7%
[monitor] ['48%', '100%', '49%', '50%']  memcached=146.5%
[monitor] ['47%', '100%', '45%', '45%']  memcached=137.6%
[MEMCACHED] cores updated to: ['0', '3']
[freqmine] cores updated to: [1, 2]
[monitor] ['51%', '100%', '100%', '53%']  memcached=104.1%
[monitor] ['50%', '100%', '100%', '52%']  memcached=102.0%
[monitor] ['56%', '100%', '100%', '55%']  memcached=111.6%
[monitor] ['52%', '100%', '100%', '60%']  memcached=112.6%
[monitor] ['59%', '100%', '100%', '57%']  memcached=116.1%
[monitor] ['60%', '100%', '100%', '59%']  memcached=118.7%
[monitor] ['63%', '100%', '100%', '74%']  memcached=137.1%
[monitor] ['65%', '100%', '100%', '74%']  memcached=139.5%
[monitor] ['62%', '100%', '100%', '73%']  memcached=135.1%
[monitor] ['76%', '100%', '100%', '94%']  memcached=169.9%
[MEMCACHED] cores updated to: ['0', '1', '3']
[freqmine] cores updated to: [2]
[monitor] ['72%', '73%', '100%', '74%']  memcached=219.8%
[monitor] ['72%', '72%', '100%', '74%']  memcached=218.0%
[monitor] ['58%', '58%', '100%', '59%']  memcached=175.4%
[monitor] ['48%', '51%', '100%', '49%']  memcached=147.8%
[monitor] ['50%', '47%', '100%', '51%']  memcached=147.6%
[monitor] ['51%', '53%', '100%', '52%']  memcached=156.6%
[monitor] ['56%', '57%', '100%', '58%']  memcached=171.4%
[monitor] ['56%', '55%', '100%', '58%']  memcached=168.7%
[monitor] ['55%', '57%', '100%', '57%']  memcached=168.4%
[monitor] ['44%', '41%', '100%', '46%']  memcached=131.0%
[MEMCACHED] cores updated to: ['0', '3']
[freqmine] cores updated to: [1, 2]
[monitor] ['47%', '100%', '100%', '49%']  memcached=95.7%
[monitor] ['52%', '100%', '100%', '52%']  memcached=103.9%
[monitor] ['54%', '100%', '100%', '64%']  memcached=118.8%
[monitor] ['63%', '100%', '100%', '59%']  memcached=121.9%
[monitor] ['63%', '100%', '100%', '63%']  memcached=125.6%
[monitor] ['77%', '100%', '100%', '66%']  memcached=142.8%
[monitor] ['100%', '100%', '100%', '85%']  memcached=185.3%
[MEMCACHED] cores updated to: ['0', '2', '3']
[freqmine] cores updated to: [1]
[monitor] ['91%', '100%', '91%', '91%']  memcached=272.2%
[monitor] ['81%', '100%', '85%', '80%']  memcached=245.9%
[monitor] ['76%', '100%', '78%', '76%']  memcached=229.8%
[monitor] ['78%', '100%', '81%', '78%']  memcached=236.7%
[monitor] ['76%', '100%', '81%', '76%']  memcached=233.7%
[monitor] ['69%', '100%', '71%', '69%']  memcached=209.3%
[monitor] ['67%', '100%', '68%', '68%']  memcached=202.5%
[monitor] ['66%', '100%', '68%', '66%']  memcached=199.2%
[monitor] ['68%', '100%', '72%', '68%']  memcached=209.2%
[monitor] ['76%', '100%', '78%', '76%']  memcached=230.4%
[monitor] ['78%', '100%', '80%', '76%']  memcached=234.7%
[monitor] ['72%', '100%', '74%', '74%']  memcached=219.2%
[monitor] ['40%', '100%', '43%', '44%']  memcached=127.2%
[MEMCACHED] cores updated to: ['0', '3']
[freqmine] cores updated to: [1, 2]
[monitor] ['48%', '100%', '100%', '47%']  memcached=94.7%
[monitor] ['46%', '100%', '100%', '47%']  memcached=92.8%
[monitor] ['55%', '100%', '100%', '55%']  memcached=110.6%
[monitor] ['56%', '100%', '100%', '59%']  memcached=114.3%
[monitor] ['58%', '100%', '100%', '58%']  memcached=115.6%
[monitor] ['53%', '100%', '100%', '51%']  memcached=104.1%
[monitor] ['48%', '100%', '100%', '50%']  memcached=97.9%
[monitor] ['49%', '100%', '100%', '48%']  memcached=96.9%
[monitor] ['49%', '100%', '100%', '50%']  memcached=99.0%
[monitor] ['57%', '100%', '100%', '57%']  memcached=114.0%
[monitor] ['61%', '100%', '100%', '57%']  memcached=118.7%
[monitor] ['57%', '100%', '100%', '60%']  memcached=117.0%
[monitor] ['76%', '100%', '100%', '85%']  memcached=161.6%
[MEMCACHED] cores updated to: ['0', '1', '3']
[freqmine] cores updated to: [2]
[monitor] ['78%', '78%', '100%', '79%']  memcached=234.5%
[monitor] ['76%', '78%', '100%', '78%']  memcached=232.5%
[monitor] ['64%', '66%', '100%', '65%']  memcached=195.1%
[monitor] ['51%', '51%', '100%', '52%']  memcached=154.4%
[monitor] ['51%', '52%', '100%', '51%']  memcached=154.4%
[monitor] ['51%', '56%', '100%', '55%']  memcached=161.3%
[monitor] ['78%', '76%', '100%', '79%']  memcached=233.6%
[monitor] ['78%', '77%', '100%', '78%']  memcached=232.7%
[monitor] ['76%', '76%', '100%', '78%']  memcached=230.4%
[monitor] ['58%', '60%', '100%', '59%']  memcached=177.1%
[monitor] ['57%', '57%', '100%', '58%']  memcached=171.4%
[monitor] ['58%', '55%', '100%', '57%']  memcached=169.7%
[monitor] ['45%', '49%', '100%', '50%']  memcached=144.1%
[monitor] ['43%', '41%', '100%', '44%']  memcached=128.8%
[MEMCACHED] cores updated to: ['0', '3']
[freqmine] cores updated to: [1, 2]
[monitor] ['49%', '100%', '100%', '50%']  memcached=98.9%
[monitor] ['48%', '100%', '100%', '49%']  memcached=97.0%
[monitor] ['49%', '100%', '100%', '49%']  memcached=98.0%
[monitor] ['49%', '100%', '100%', '49%']  memcached=98.0%
[monitor] ['48%', '100%', '100%', '50%']  memcached=98.0%
[monitor] ['63%', '100%', '100%', '61%']  memcached=124.2%
[monitor] ['62%', '100%', '100%', '62%']  memcached=123.8%
[monitor] ['62%', '100%', '100%', '64%']  memcached=126.7%
[monitor] ['57%', '100%', '100%', '57%']  memcached=113.0%
[monitor] ['50%', '100%', '100%', '51%']  memcached=101.0%
[monitor] ['51%', '100%', '100%', '52%']  memcached=103.0%
[monitor] ['51%', '100%', '100%', '51%']  memcached=102.0%
[monitor] ['55%', '100%', '100%', '56%']  memcached=111.4%
[monitor] ['55%', '100%', '100%', '54%']  memcached=109.3%
[monitor] ['56%', '100%', '100%', '57%']  memcached=113.4%
[monitor] ['63%', '100%', '100%', '65%']  memcached=127.9%
[monitor] ['65%', '100%', '100%', '67%']  memcached=132.6%
[monitor] ['66%', '100%', '100%', '67%']  memcached=133.3%
[monitor] ['64%', '100%', '100%', '64%']  memcached=127.3%
[monitor] ['60%', '100%', '100%', '63%']  memcached=123.3%
[monitor] ['62%', '100%', '100%', '61%']  memcached=123.6%
[monitor] ['61%', '100%', '100%', '63%']  memcached=124.4%
[monitor] ['60%', '100%', '100%', '59%']  memcached=119.1%
[monitor] ['59%', '100%', '100%', '60%']  memcached=118.3%
[monitor] ['60%', '100%', '100%', '60%']  memcached=120.0%
[monitor] ['75%', '100%', '100%', '68%']  memcached=143.3%
[monitor] ['69%', '100%', '100%', '72%']  memcached=141.7%
[monitor] ['77%', '100%', '100%', '68%']  memcached=144.4%
[monitor] ['72%', '100%', '100%', '65%']  memcached=136.9%
[monitor] ['66%', '100%', '100%', '70%']  memcached=135.9%
[monitor] ['67%', '100%', '100%', '67%']  memcached=134.1%
[monitor] ['68%', '100%', '100%', '69%']  memcached=137.3%
[monitor] ['76%', '100%', '100%', '83%']  memcached=158.5%
[monitor] ['71%', '100%', '100%', '85%']  memcached=156.0%
[monitor] ['74%', '100%', '100%', '78%']  memcached=152.1%
[monitor] ['78%', '100%', '100%', '76%']  memcached=153.8%
[monitor] ['71%', '100%', '100%', '85%']  memcached=156.0%
[monitor] ['72%', '100%', '100%', '83%']  memcached=155.1%
[monitor] ['61%', '100%', '100%', '61%']  memcached=121.7%
[monitor] ['51%', '100%', '100%', '52%']  memcached=103.0%
[monitor] ['51%', '100%', '100%', '53%']  memcached=104.1%
[monitor] ['50%', '100%', '100%', '51%']  memcached=101.0%
[monitor] ['45%', '100%', '100%', '41%']  memcached=86.0%
[monitor] ['43%', '100%', '100%', '46%']  memcached=89.1%
[monitor] ['41%', '100%', '100%', '44%']  memcached=84.7%
[monitor] ['71%', '100%', '100%', '82%']  memcached=153.4%
[monitor] ['72%', '100%', '100%', '85%']  memcached=157.3%
[monitor] ['72%', '100%', '100%', '83%']  memcached=154.7%
[monitor] ['72%', '100%', '100%', '89%']  memcached=160.4%
[MEMCACHED] cores updated to: ['0', '2', '3']
[freqmine] cores updated to: [1]
[monitor] ['72%', '100%', '72%', '72%']  memcached=216.1%
[monitor] ['73%', '100%', '75%', '72%']  memcached=219.8%
[monitor] ['73%', '100%', '78%', '76%']  memcached=227.1%
[monitor] ['83%', '100%', '85%', '82%']  memcached=251.0%
[monitor] ['83%', '100%', '85%', '79%']  memcached=247.1%
[monitor] ['79%', '100%', '85%', '80%']  memcached=244.7%
[monitor] ['77%', '100%', '78%', '76%']  memcached=231.6%
[monitor] ['76%', '100%', '78%', '75%']  memcached=228.5%
[monitor] ['75%', '100%', '78%', '76%']  memcached=229.7%
[monitor] ['63%', '100%', '66%', '63%']  memcached=192.7%
[monitor] ['60%', '100%', '61%', '59%']  memcached=179.6%
[monitor] ['60%', '100%', '61%', '61%']  memcached=183.2%
[monitor] ['65%', '100%', '67%', '65%']  memcached=196.7%
[monitor] ['79%', '100%', '85%', '80%']  memcached=244.7%
[monitor] ['83%', '100%', '86%', '81%']  memcached=249.1%
[monitor] ['80%', '100%', '85%', '80%']  memcached=244.8%
[monitor] ['51%', '100%', '51%', '51%']  memcached=153.3%
[monitor] ['46%', '100%', '51%', '52%']  memcached=149.7%
[monitor] ['49%', '100%', '50%', '50%']  memcached=148.8%
[monitor] ['42%', '100%', '43%', '42%']  memcached=126.9%
[MEMCACHED] cores updated to: ['0', '3']
[freqmine] cores updated to: [1, 2]
[monitor] ['46%', '100%', '97%', '48%']  memcached=94.0%
[monitor] ['46%', '100%', '100%', '46%']  memcached=91.7%
[monitor] ['52%', '100%', '100%', '56%']  memcached=107.8%
[monitor] ['72%', '100%', '100%', '80%']  memcached=151.8%
[monitor] ['72%', '100%', '100%', '83%']  memcached=155.4%
[monitor] ['76%', '100%', '100%', '74%']  memcached=150.0%
[monitor] ['52%', '100%', '100%', '52%']  memcached=104.0%
[monitor] ['51%', '100%', '100%', '52%']  memcached=103.1%
[monitor] ['52%', '100%', '100%', '51%']  memcached=103.0%
[monitor] ['53%', '100%', '100%', '52%']  memcached=105.1%
[monitor] ['53%', '100%', '100%', '54%']  memcached=107.1%
[monitor] ['53%', '100%', '100%', '55%']  memcached=108.2%
[monitor] ['63%', '100%', '100%', '64%']  memcached=127.1%
[monitor] ['100%', '100%', '100%', '85%']  memcached=185.3%
[MEMCACHED] cores updated to: ['0', '1', '3']
[freqmine] cores updated to: [2]
[monitor] ['82%', '80%', '100%', '83%']  memcached=245.2%
[monitor] ['78%', '81%', '100%', '81%']  memcached=239.5%
[monitor] ['45%', '44%', '100%', '48%']  memcached=137.5%
[MEMCACHED] cores updated to: ['0', '3']
[freqmine] cores updated to: [1, 2]
[monitor] ['53%', '100%', '100%', '52%']  memcached=105.0%
[monitor] ['49%', '100%', '100%', '51%']  memcached=100.0%
[monitor] ['67%', '100%', '100%', '68%']  memcached=135.0%
[monitor] ['72%', '100%', '100%', '83%']  memcached=155.8%
[monitor] ['78%', '100%', '100%', '76%']  memcached=154.7%
[monitor] ['80%', '100%', '100%', '78%']  memcached=158.4%
[monitor] ['81%', '100%', '100%', '85%']  memcached=165.8%
[MEMCACHED] cores updated to: ['0', '2', '3']
[freqmine] cores updated to: [1]
[monitor] ['75%', '100%', '76%', '71%']  memcached=222.4%
[monitor] ['74%', '100%', '76%', '74%']  memcached=223.7%
[monitor] ['81%', '100%', '85%', '81%']  memcached=246.4%
[monitor] ['80%', '100%', '85%', '81%']  memcached=245.8%
[monitor] ['85%', '100%', '88%', '85%']  memcached=258.5%
[monitor] ['80%', '100%', '83%', '78%']  memcached=241.2%
[monitor] ['81%', '100%', '83%', '78%']  memcached=241.2%
[monitor] ['82%', '100%', '82%', '81%']  memcached=245.3%
[monitor] ['68%', '100%', '72%', '68%']  memcached=208.6%
[monitor] ['55%', '100%', '56%', '56%']  memcached=167.0%
[monitor] ['58%', '100%', '57%', '56%']  memcached=171.5%
[monitor] ['56%', '100%', '58%', '59%']  memcached=173.3%
[monitor] ['65%', '100%', '68%', '68%']  memcached=200.0%
[monitor] ['68%', '100%', '68%', '67%']  memcached=202.6%
[monitor] ['65%', '100%', '68%', '67%']  memcached=199.2%
[monitor] ['72%', '100%', '72%', '71%']  memcached=215.9%
[monitor] ['74%', '100%', '78%', '75%']  memcached=226.5%
[monitor] ['76%', '100%', '80%', '76%']  memcached=232.0%
[monitor] ['66%', '100%', '66%', '64%']  memcached=195.8%
[monitor] ['53%', '100%', '56%', '57%']  memcached=166.5%
[monitor] ['55%', '100%', '54%', '53%']  memcached=161.7%
[monitor] ['52%', '100%', '57%', '55%']  memcached=164.4%
[monitor] ['71%', '100%', '73%', '72%']  memcached=216.5%
[monitor] ['74%', '100%', '76%', '74%']  memcached=224.4%
[monitor] ['72%', '100%', '74%', '72%']  memcached=218.0%
[monitor] ['70%', '100%', '74%', '71%']  memcached=214.4%
[monitor] ['70%', '100%', '72%', '72%']  memcached=215.0%
[monitor] ['70%', '100%', '72%', '70%']  memcached=211.8%
[monitor] ['72%', '100%', '76%', '72%']  memcached=220.0%
[monitor] ['74%', '100%', '76%', '74%']  memcached=223.7%
[monitor] ['74%', '100%', '78%', '75%']  memcached=227.7%
[monitor] ['69%', '100%', '72%', '68%']  memcached=208.5%
[monitor] ['44%', '100%', '48%', '44%']  memcached=136.5%
[MEMCACHED] cores updated to: ['0', '3']
[freqmine] cores updated to: [1, 2]
[monitor] ['49%', '100%', '100%', '53%']  memcached=101.9%
[monitor] ['52%', '100%', '100%', '53%']  memcached=105.1%
[monitor] ['64%', '100%', '100%', '62%']  memcached=126.5%
[monitor] ['70%', '100%', '100%', '67%']  memcached=136.7%
[monitor] ['64%', '100%', '100%', '69%']  memcached=133.3%
[monitor] ['68%', '100%', '100%', '67%']  memcached=134.2%
[monitor] ['72%', '100%', '100%', '68%']  memcached=140.0%
[monitor] ['73%', '100%', '100%', '69%']  memcached=142.2%
[monitor] ['70%', '100%', '100%', '64%']  memcached=134.3%
[monitor] ['61%', '100%', '100%', '63%']  memcached=123.9%
[monitor] ['58%', '100%', '100%', '65%']  memcached=123.0%
[monitor] ['63%', '100%', '100%', '59%']  memcached=121.7%
[monitor] ['74%', '100%', '100%', '76%']  memcached=149.4%
[monitor] ['76%', '100%', '100%', '76%']  memcached=152.6%
[monitor] ['83%', '100%', '100%', '71%']  memcached=154.3%
[monitor] ['70%', '100%', '100%', '64%']  memcached=133.6%
[monitor] ['62%', '100%', '100%', '59%']  memcached=120.4%
[monitor] ['64%', '100%', '100%', '58%']  memcached=122.2%
[monitor] ['60%', '100%', '100%', '66%']  memcached=125.9%
[monitor] ['67%', '100%', '100%', '78%']  memcached=145.0%
[monitor] ['65%', '100%', '100%', '79%']  memcached=144.5%
[monitor] ['72%', '100%', '100%', '73%']  memcached=145.5%
[monitor] ['74%', '100%', '100%', '75%']  memcached=149.4%
[monitor] ['80%', '100%', '100%', '72%']  memcached=151.8%
[monitor] ['81%', '100%', '100%', '72%']  memcached=153.1%
[monitor] ['78%', '100%', '100%', '74%']  memcached=152.1%
[monitor] ['76%', '100%', '100%', '78%']  memcached=153.5%
[monitor] ['74%', '100%', '100%', '83%']  memcached=157.2%
[monitor] ['71%', '100%', '100%', '68%']  memcached=139.5%
[monitor] ['53%', '100%', '100%', '55%']  memcached=108.8%
[monitor] ['56%', '100%', '100%', '55%']  memcached=111.4%
[monitor] ['54%', '100%', '100%', '54%']  memcached=108.5%
[monitor] ['83%', '100%', '100%', '81%']  memcached=163.9%
[MEMCACHED] cores updated to: ['0', '1', '3']
[freqmine] cores updated to: [2]
[monitor] ['72%', '72%', '100%', '74%']  memcached=217.3%
[monitor] ['71%', '72%', '100%', '74%']  memcached=216.5%
[monitor] ['53%', '55%', '100%', '53%']  memcached=161.5%
[monitor] ['40%', '40%', '100%', '38%']  memcached=117.6%
[MEMCACHED] cores updated to: ['0', '3']
[freqmine] cores updated to: [1, 2]
[monitor] ['50%', '97%', '100%', '48%']  memcached=97.9%
[monitor] ['54%', '100%', '100%', '53%']  memcached=107.5%
[monitor] ['72%', '100%', '100%', '76%']  memcached=148.8%
[monitor] ['68%', '100%', '100%', '82%']  memcached=150.6%
[monitor] ['74%', '100%', '100%', '74%']  memcached=148.7%
[monitor] ['72%', '100%', '100%', '77%']  memcached=148.7%
[monitor] ['74%', '100%', '100%', '76%']  memcached=150.0%
[monitor] ['74%', '100%', '100%', '78%']  memcached=152.7%
[monitor] ['80%', '100%', '100%', '78%']  memcached=157.8%
[monitor] ['78%', '100%', '100%', '88%']  memcached=166.3%
[MEMCACHED] cores updated to: ['0', '2', '3']
[freqmine] cores updated to: [1]
[monitor] ['74%', '100%', '76%', '74%']  memcached=223.7%
[monitor] ['72%', '100%', '74%', '73%']  memcached=220.0%
[monitor] ['68%', '100%', '69%', '68%']  memcached=205.0%
[monitor] ['70%', '100%', '71%', '70%']  memcached=211.1%
[monitor] ['64%', '100%', '69%', '67%']  memcached=200.0%
[monitor] ['60%', '100%', '59%', '60%']  memcached=179.6%
[monitor] ['57%', '100%', '60%', '57%']  memcached=174.8%
[monitor] ['59%', '100%', '60%', '59%']  memcached=178.6%
[monitor] ['46%', '100%', '49%', '51%']  memcached=146.3%
[monitor] ['45%', '100%', '45%', '46%']  memcached=136.6%
[MEMCACHED] cores updated to: ['0', '3']
[freqmine] cores updated to: [1, 2]
[monitor] ['52%', '100%', '100%', '52%']  memcached=104.2%
[monitor] ['60%', '100%', '100%', '64%']  memcached=124.3%
[monitor] ['80%', '100%', '100%', '100%']  memcached=180.0%
[MEMCACHED] cores updated to: ['0', '1', '3']
[freqmine] cores updated to: [2]
[monitor] ['81%', '83%', '100%', '85%']  memcached=248.7%
[monitor] ['81%', '81%', '100%', '83%']  memcached=244.0%
[monitor] ['72%', '74%', '100%', '74%']  memcached=220.0%
[monitor] ['74%', '75%', '100%', '76%']  memcached=225.0%
[monitor] ['74%', '72%', '100%', '76%']  memcached=221.9%
[monitor] ['64%', '63%', '100%', '66%']  memcached=193.6%
[monitor] ['61%', '60%', '100%', '62%']  memcached=184.1%
[monitor] ['57%', '60%', '100%', '60%']  memcached=177.0%
[monitor] ['65%', '66%', '100%', '66%']  memcached=196.8%
[monitor] ['76%', '76%', '100%', '78%']  memcached=229.7%
[monitor] ['73%', '76%', '100%', '76%']  memcached=225.6%
[monitor] ['78%', '78%', '100%', '79%']  memcached=235.0%
[monitor] ['64%', '63%', '100%', '65%']  memcached=192.8%
[monitor] ['62%', '62%', '100%', '64%']  memcached=188.1%
[monitor] ['61%', '61%', '100%', '62%']  memcached=183.9%
[monitor] ['61%', '59%', '100%', '59%']  memcached=178.5%
[monitor] ['55%', '55%', '100%', '59%']  memcached=168.6%
[monitor] ['57%', '57%', '100%', '58%']  memcached=172.1%
[monitor] ['58%', '59%', '100%', '61%']  memcached=178.0%
[monitor] ['63%', '64%', '100%', '66%']  memcached=193.6%
[monitor] ['62%', '62%', '100%', '65%']  memcached=190.0%
[monitor] ['63%', '63%', '100%', '64%']  memcached=190.5%
[monitor] ['63%', '63%', '100%', '63%']  memcached=189.6%
[monitor] ['63%', '62%', '100%', '63%']  memcached=188.1%
[monitor] ['62%', '64%', '100%', '67%']  memcached=192.9%
[monitor] ['58%', '57%', '100%', '59%']  memcached=174.4%
[monitor] ['56%', '57%', '100%', '57%']  memcached=169.8%
[monitor] ['58%', '60%', '100%', '59%']  memcached=177.2%
[monitor] ['53%', '53%', '100%', '57%']  memcached=163.8%
[monitor] ['48%', '50%', '100%', '49%']  memcached=146.6%
[monitor] ['51%', '50%', '100%', '50%']  memcached=151.1%
[monitor] ['51%', '50%', '100%', '53%']  memcached=154.5%
[monitor] ['56%', '57%', '100%', '59%']  memcached=171.7%
[monitor] ['56%', '55%', '100%', '58%']  memcached=169.0%
[monitor] ['56%', '55%', '100%', '57%']  memcached=167.4%
[monitor] ['76%', '78%', '100%', '78%']  memcached=232.5%
[monitor] ['81%', '83%', '100%', '85%']  memcached=248.3%
[monitor] ['80%', '78%', '100%', '83%']  memcached=241.7%
[monitor] ['76%', '75%', '100%', '76%']  memcached=227.0%
[monitor] ['68%', '70%', '100%', '71%']  memcached=208.6%
[monitor] ['70%', '68%', '100%', '71%']  memcached=209.5%
[monitor] ['67%', '69%', '100%', '71%']  memcached=206.6%
[monitor] ['64%', '63%', '100%', '64%']  memcached=192.0%
[monitor] ['62%', '63%', '100%', '66%']  memcached=191.2%
[monitor] ['64%', '61%', '100%', '64%']  memcached=188.9%
[monitor] ['55%', '57%', '100%', '57%']  memcached=169.0%
[monitor] ['53%', '53%', '100%', '54%']  memcached=161.0%
[monitor] ['52%', '53%', '100%', '55%']  memcached=160.3%
[monitor] ['60%', '58%', '100%', '60%']  memcached=178.1%
[monitor] ['65%', '65%', '100%', '68%']  memcached=198.3%
[monitor] ['66%', '66%', '100%', '67%']  memcached=198.4%
[monitor] ['65%', '67%', '100%', '70%']  memcached=201.7%
[monitor] ['72%', '72%', '100%', '73%']  memcached=217.7%
[monitor] ['69%', '70%', '100%', '72%']  memcached=211.7%
[monitor] ['71%', '74%', '100%', '74%']  memcached=218.4%
[monitor] ['56%', '55%', '100%', '59%']  memcached=169.4%
[monitor] ['53%', '54%', '100%', '52%']  memcached=160.2%
[monitor] ['52%', '57%', '100%', '56%']  memcached=164.9%
[monitor] ['45%', '45%', '100%', '48%']  memcached=138.2%
[MEMCACHED] cores updated to: ['0', '3']
[freqmine] cores updated to: [1, 2]
[monitor] ['48%', '100%', '100%', '47%']  memcached=94.7%
[monitor] ['46%', '100%', '100%', '49%']  memcached=94.8%
[monitor] ['46%', '100%', '100%', '48%']  memcached=93.6%
[monitor] ['49%', '100%', '100%', '49%']  memcached=98.0%
[monitor] ['48%', '100%', '100%', '48%']  memcached=96.0%
[monitor] ['49%', '100%', '100%', '51%']  memcached=100.0%
[monitor] ['76%', '100%', '100%', '78%']  memcached=153.5%
[monitor] ['81%', '100%', '100%', '88%']  memcached=169.0%
[MEMCACHED] cores updated to: ['0', '2', '3']
[freqmine] cores updated to: [1]
[monitor] ['76%', '100%', '78%', '78%']  memcached=231.8%
[monitor] ['52%', '100%', '53%', '52%']  memcached=157.6%
[monitor] ['34%', '100%', '32%', '34%']  memcached=100.8%
[MEMCACHED] cores updated to: ['0', '3']
[freqmine] cores updated to: [1, 2]
[monitor] ['45%', '100%', '100%', '45%']  memcached=89.4%
[monitor] ['48%', '100%', '100%', '44%']  memcached=92.4%
[monitor] ['57%', '100%', '100%', '58%']  memcached=115.8%
[monitor] ['57%', '100%', '100%', '58%']  memcached=114.3%
[monitor] ['56%', '100%', '100%', '60%']  memcached=115.1%
[monitor] ['63%', '100%', '100%', '62%']  memcached=125.3%
[monitor] ['62%', '100%', '100%', '64%']  memcached=126.7%
[monitor] ['65%', '100%', '100%', '64%']  memcached=128.8%
[monitor] ['73%', '100%', '100%', '71%']  memcached=143.9%
[monitor] ['80%', '100%', '100%', '88%']  memcached=168.2%
[MEMCACHED] cores updated to: ['0', '1', '3']
[freqmine] cores updated to: [2]
[monitor] ['70%', '71%', '100%', '71%']  memcached=212.1%
[monitor] ['68%', '69%', '100%', '71%']  memcached=207.3%
[monitor] ['65%', '63%', '100%', '64%']  memcached=192.2%
[monitor] ['62%', '62%', '100%', '66%']  memcached=189.9%
[monitor] ['63%', '66%', '100%', '63%']  memcached=192.7%
[monitor] ['59%', '57%', '100%', '60%']  memcached=176.7%
[monitor] ['58%', '59%', '100%', '58%']  memcached=175.4%
[monitor] ['59%', '56%', '100%', '60%']  memcached=174.4%
[monitor] ['62%', '63%', '100%', '65%']  memcached=190.4%
[monitor] ['67%', '68%', '100%', '68%']  memcached=201.7%
[monitor] ['69%', '68%', '100%', '72%']  memcached=209.2%
[monitor] ['68%', '68%', '100%', '69%']  memcached=204.8%
[monitor] ['70%', '70%', '100%', '69%']  memcached=209.2%
[monitor] ['68%', '69%', '100%', '72%']  memcached=210.0%
[monitor] ['69%', '67%', '100%', '70%']  memcached=205.9%
[monitor] ['67%', '67%', '100%', '69%']  memcached=203.2%
[monitor] ['67%', '65%', '100%', '68%']  memcached=199.2%
[monitor] ['67%', '68%', '100%', '69%']  memcached=204.2%
[monitor] ['64%', '63%', '100%', '65%']  memcached=192.8%
[monitor] ['61%', '63%', '100%', '62%']  memcached=186.3%
[monitor] ['62%', '60%', '100%', '62%']  memcached=184.4%
[monitor] ['56%', '56%', '100%', '58%']  memcached=170.1%
[monitor] ['37%', '40%', '100%', '37%']  memcached=112.7%
[MEMCACHED] cores updated to: ['0', '3']
[freqmine] cores updated to: [1, 2]
[monitor] ['49%', '97%', '100%', '47%']  memcached=95.8%
[monitor] ['48%', '100%', '100%', '48%']  memcached=95.9%
[monitor] ['94%', '100%', '100%', '85%']  memcached=179.0%
[MEMCACHED] cores updated to: ['0', '2', '3']
[freqmine] cores updated to: [1]
[monitor] ['85%', '100%', '88%', '83%']  memcached=256.5%
[monitor] ['83%', '100%', '88%', '81%']  memcached=251.3%
[monitor] ['57%', '100%', '60%', '61%']  memcached=178.5%
[monitor] ['51%', '100%', '53%', '50%']  memcached=154.3%
[monitor] ['49%', '100%', '50%', '50%']  memcached=148.9%
[monitor] ['55%', '100%', '55%', '56%']  memcached=164.9%
[monitor] ['68%', '100%', '71%', '68%']  memcached=207.3%
[monitor] ['66%', '100%', '67%', '67%']  memcached=199.9%
[monitor] ['65%', '100%', '69%', '66%']  memcached=200.0%
[monitor] ['81%', '100%', '83%', '78%']  memcached=242.8%
[monitor] ['78%', '100%', '80%', '78%']  memcached=236.2%
[monitor] ['81%', '100%', '85%', '81%']  memcached=246.9%
[monitor] ['72%', '100%', '74%', '72%']  memcached=217.9%
[monitor] ['72%', '100%', '74%', '72%']  memcached=217.3%
[monitor] ['70%', '100%', '74%', '72%']  memcached=216.9%
[monitor] ['75%', '100%', '75%', '74%']  memcached=223.7%
[monitor] ['81%', '100%', '86%', '78%']  memcached=244.0%
[monitor] ['86%', '100%', '88%', '85%']  memcached=258.1%
[monitor] ['82%', '100%', '91%', '85%']  memcached=258.3%
[monitor] ['83%', '100%', '85%', '81%']  memcached=249.2%
[monitor] ['81%', '100%', '86%', '81%']  memcached=246.8%
[monitor] ['80%', '100%', '82%', '81%']  memcached=242.9%
[monitor] ['76%', '100%', '77%', '74%']  memcached=227.8%
[monitor] ['72%', '100%', '75%', '75%']  memcached=221.8%
[monitor] ['73%', '100%', '75%', '73%']  memcached=220.9%
[monitor] ['72%', '100%', '76%', '74%']  memcached=222.5%
[monitor] ['72%', '100%', '76%', '73%']  memcached=220.4%
[monitor] ['71%', '100%', '74%', '72%']  memcached=217.2%
[monitor] ['72%', '100%', '74%', '72%']  memcached=217.3%
[monitor] ['60%', '100%', '60%', '61%']  memcached=181.8%
[monitor] ['60%', '100%', '60%', '60%']  memcached=179.5%
[monitor] ['57%', '100%', '64%', '60%']  memcached=181.1%
[monitor] ['70%', '100%', '74%', '72%']  memcached=215.5%
[monitor] ['75%', '100%', '76%', '75%']  memcached=226.5%
[monitor] ['76%', '100%', '79%', '77%']  memcached=232.2%
[monitor] ['70%', '100%', '74%', '70%']  memcached=214.4%
[monitor] ['61%', '100%', '63%', '63%']  memcached=187.2%
[monitor] ['61%', '100%', '64%', '62%']  memcached=187.2%
[monitor] ['62%', '100%', '62%', '63%']  memcached=188.4%
[monitor] ['68%', '100%', '68%', '64%']  memcached=199.0%
[monitor] ['67%', '100%', '70%', '68%']  memcached=205.0%
[monitor] ['68%', '100%', '69%', '67%']  memcached=204.2%
[monitor] ['73%', '100%', '76%', '76%']  memcached=225.6%
[monitor] ['76%', '100%', '82%', '78%']  memcached=236.4%
[monitor] ['78%', '100%', '81%', '78%']  memcached=236.7%
[monitor] ['74%', '100%', '76%', '76%']  memcached=226.3%
[monitor] ['68%', '100%', '70%', '68%']  memcached=206.9%
[monitor] ['68%', '100%', '68%', '68%']  memcached=204.1%
[monitor] ['69%', '100%', '72%', '68%']  memcached=209.3%
[monitor] ['76%', '100%', '78%', '77%']  memcached=231.2%
[monitor] ['76%', '100%', '80%', '74%']  memcached=230.7%
[monitor] ['76%', '100%', '80%', '81%']  memcached=236.2%
[monitor] ['55%', '100%', '57%', '56%']  memcached=168.0%
[monitor] ['49%', '100%', '51%', '51%']  memcached=151.1%
[monitor] ['50%', '100%', '52%', '51%']  memcached=153.4%
[monitor] ['55%', '100%', '53%', '52%']  memcached=160.6%
[monitor] ['57%', '100%', '60%', '57%']  memcached=173.8%
[monitor] ['57%', '100%', '59%', '60%']  memcached=176.1%
[monitor] ['61%', '100%', '62%', '60%']  memcached=182.4%
[monitor] ['72%', '100%', '73%', '73%']  memcached=217.7%
[monitor] ['70%', '100%', '74%', '72%']  memcached=216.2%
[monitor] ['72%', '100%', '74%', '71%']  memcached=217.6%
[monitor] ['70%', '100%', '70%', '72%']  memcached=211.8%
[monitor] ['70%', '100%', '74%', '68%']  memcached=212.0%
[monitor] ['70%', '100%', '71%', '71%']  memcached=212.1%
[monitor] ['69%', '100%', '71%', '68%']  memcached=207.5%
[monitor] ['68%', '100%', '69%', '67%']  memcached=205.0%
[monitor] ['68%', '100%', '70%', '68%']  memcached=207.1%
[monitor] ['63%', '100%', '66%', '67%']  memcached=195.9%
[monitor] ['59%', '100%', '60%', '58%']  memcached=177.2%
[monitor] ['57%', '100%', '60%', '59%']  memcached=175.8%
[monitor] ['60%', '100%', '59%', '59%']  memcached=177.2%
[monitor] ['47%', '100%', '47%', '51%']  memcached=144.1%
[monitor] ['45%', '100%', '48%', '44%']  memcached=137.2%
[MEMCACHED] cores updated to: ['0', '3']
[freqmine] cores updated to: [1, 2]
[monitor] ['53%', '100%', '100%', '50%']  memcached=103.2%
[monitor] ['50%', '100%', '100%', '53%']  memcached=103.2%
[monitor] ['51%', '100%', '100%', '57%']  memcached=108.2%
[monitor] ['53%', '100%', '100%', '54%']  memcached=107.4%
[monitor] ['57%', '100%', '100%', '54%']  memcached=111.6%
[monitor] ['57%', '100%', '100%', '64%']  memcached=121.1%
[monitor] ['64%', '100%', '100%', '58%']  memcached=122.1%
[monitor] ['61%', '100%', '100%', '64%']  memcached=124.5%
[monitor] ['67%', '100%', '100%', '76%']  memcached=143.8%
[monitor] ['66%', '100%', '100%', '78%']  memcached=144.2%
[monitor] ['70%', '100%', '100%', '80%']  memcached=150.0%
[monitor] ['64%', '100%', '100%', '68%']  memcached=132.6%
[monitor] ['60%', '100%', '100%', '65%']  memcached=125.6%
[monitor] ['60%', '100%', '100%', '66%']  memcached=125.9%
[monitor] ['62%', '100%', '100%', '60%']  memcached=122.6%
[monitor] ['53%', '100%', '100%', '54%']  memcached=107.2%
[monitor] ['55%', '100%', '100%', '55%']  memcached=110.2%
[monitor] ['53%', '100%', '100%', '54%']  memcached=107.4%
[monitor] ['67%', '100%', '100%', '74%']  memcached=140.4%
[monitor] ['67%', '100%', '100%', '78%']  memcached=145.0%
[monitor] ['63%', '100%', '100%', '78%']  memcached=141.2%
[monitor] ['64%', '100%', '100%', '68%']  memcached=132.6%
[monitor] ['62%', '100%', '100%', '65%']  memcached=127.3%
[monitor] ['56%', '100%', '100%', '67%']  memcached=123.0%
[monitor] ['61%', '100%', '100%', '74%']  memcached=135.0%
[monitor] ['78%', '100%', '100%', '97%']  memcached=175.3%
[MEMCACHED] cores updated to: ['0', '1', '3']
[freqmine] cores updated to: [2]
[monitor] ['74%', '76%', '100%', '78%']  memcached=227.1%
[monitor] ['75%', '76%', '100%', '76%']  memcached=226.4%
[monitor] ['72%', '74%', '100%', '74%']  memcached=220.5%
[monitor] ['71%', '74%', '100%', '74%']  memcached=218.4%
[monitor] ['74%', '74%', '100%', '74%']  memcached=221.7%
[monitor] ['56%', '58%', '100%', '58%']  memcached=171.7%
[monitor] ['47%', '47%', '100%', '51%']  memcached=144.2%
[monitor] ['47%', '45%', '100%', '47%']  memcached=138.5%
[MEMCACHED] cores updated to: ['0', '3']
[freqmine] cores updated to: [1, 2]
[monitor] ['54%', '100%', '100%', '54%']  memcached=108.5%
[monitor] ['58%', '100%', '100%', '55%']  memcached=113.7%
[monitor] ['54%', '100%', '100%', '58%']  memcached=112.5%
[monitor] ['51%', '100%', '100%', '60%']  memcached=110.6%
[monitor] ['60%', '100%', '100%', '57%']  memcached=116.1%
[monitor] ['58%', '100%', '100%', '57%']  memcached=115.2%
[monitor] ['60%', '100%', '100%', '55%']  memcached=115.7%
[monitor] ['60%', '100%', '100%', '61%']  memcached=121.8%
[monitor] ['63%', '100%', '100%', '64%']  memcached=127.7%
[monitor] ['62%', '100%', '100%', '68%']  memcached=130.0%
[monitor] ['69%', '100%', '100%', '69%']  memcached=138.1%
[monitor] ['67%', '100%', '100%', '73%']  memcached=139.6%
[monitor] ['67%', '100%', '100%', '68%']  memcached=134.2%
[monitor] ['70%', '100%', '100%', '67%']  memcached=137.4%
[monitor] ['53%', '100%', '100%', '55%']  memcached=108.2%
[monitor] ['55%', '100%', '100%', '52%']  memcached=107.4%
[monitor] ['52%', '100%', '100%', '55%']  memcached=107.4%
[monitor] ['53%', '100%', '100%', '50%']  memcached=103.1%
[monitor] ['48%', '100%', '100%', '47%']  memcached=94.9%
[monitor] ['49%', '100%', '100%', '50%']  memcached=99.0%
[monitor] ['46%', '100%', '100%', '51%']  memcached=96.7%
[monitor] ['49%', '100%', '100%', '49%']  memcached=98.0%
[monitor] ['47%', '100%', '100%', '52%']  memcached=98.8%
[monitor] ['53%', '100%', '100%', '50%']  memcached=102.9%
[monitor] ['71%', '100%', '100%', '80%']  memcached=151.1%
[monitor] ['71%', '100%', '100%', '85%']  memcached=155.6%
[monitor] ['71%', '100%', '100%', '86%']  memcached=156.4%
[monitor] ['59%', '100%', '100%', '60%']  memcached=118.7%
[monitor] ['54%', '100%', '100%', '52%']  memcached=106.3%
[monitor] ['55%', '100%', '100%', '56%']  memcached=111.1%
[monitor] ['63%', '100%', '100%', '61%']  memcached=124.8%
[monitor] ['78%', '100%', '100%', '94%']  memcached=171.5%
[MEMCACHED] cores updated to: ['0', '2', '3']
[freqmine] cores updated to: [1]
[monitor] ['76%', '100%', '78%', '74%']  memcached=228.4%
[monitor] ['72%', '100%', '76%', '72%']  memcached=220.0%
[monitor] ['59%', '100%', '62%', '60%']  memcached=180.9%
[monitor] ['61%', '100%', '63%', '60%']  memcached=184.2%
[monitor] ['61%', '100%', '63%', '61%']  memcached=185.5%
[monitor] ['61%', '100%', '62%', '63%']  memcached=185.7%
[monitor] ['62%', '100%', '61%', '62%']  memcached=185.1%
[monitor] ['61%', '100%', '62%', '62%']  memcached=185.4%
[monitor] ['62%', '100%', '62%', '61%']  memcached=185.2%
[monitor] ['58%', '100%', '60%', '61%']  memcached=180.0%
[monitor] ['60%', '100%', '60%', '60%']  memcached=178.6%
[monitor] ['61%', '100%', '61%', '60%']  memcached=181.5%
[monitor] ['78%', '100%', '81%', '78%']  memcached=236.1%
[monitor] ['76%', '100%', '81%', '77%']  memcached=233.2%
[monitor] ['76%', '100%', '79%', '76%']  memcached=230.3%
[monitor] ['76%', '100%', '78%', '74%']  memcached=227.1%
[monitor] ['76%', '100%', '78%', '76%']  memcached=229.8%
[monitor] ['76%', '100%', '80%', '76%']  memcached=232.6%
[monitor] ['74%', '100%', '78%', '74%']  memcached=225.7%
[monitor] ['78%', '100%', '81%', '78%']  memcached=237.3%
[monitor] ['74%', '100%', '78%', '74%']  memcached=225.7%
[monitor] ['78%', '100%', '78%', '76%']  memcached=231.8%
[monitor] ['66%', '100%', '67%', '67%']  memcached=199.2%
[monitor] ['65%', '100%', '68%', '68%']  memcached=201.7%
[monitor] ['64%', '100%', '68%', '68%']  memcached=199.9%
[monitor] ['72%', '100%', '71%', '71%']  memcached=214.3%
[monitor] ['72%', '100%', '75%', '72%']  memcached=219.3%
[monitor] ['71%', '100%', '74%', '72%']  memcached=217.2%
[monitor] ['64%', '100%', '65%', '64%']  memcached=193.4%
[monitor] ['58%', '100%', '59%', '60%']  memcached=176.7%
[monitor] ['58%', '100%', '60%', '60%']  memcached=178.1%
[monitor] ['56%', '100%', '60%', '60%']  memcached=176.1%
[monitor] ['56%', '100%', '52%', '56%']  memcached=163.5%
[monitor] ['52%', '100%', '55%', '53%']  memcached=160.3%
[monitor] ['51%', '100%', '53%', '53%']  memcached=158.1%
[monitor] ['68%', '100%', '69%', '68%']  memcached=205.9%
[monitor] ['69%', '100%', '70%', '67%']  memcached=205.9%
[monitor] ['69%', '100%', '71%', '69%']  memcached=209.5%
[monitor] ['74%', '100%', '78%', '76%']  memcached=227.1%
[monitor] ['82%', '100%', '85%', '80%']  memcached=247.6%
[monitor] ['86%', '100%', '86%', '83%']  memcached=254.8%
[monitor] ['78%', '100%', '82%', '81%']  memcached=240.7%
[monitor] ['71%', '100%', '71%', '70%']  memcached=212.1%
[monitor] ['69%', '100%', '72%', '70%']  memcached=211.7%
[monitor] ['72%', '100%', '74%', '72%']  memcached=219.4%
[monitor] ['45%', '100%', '47%', '49%']  memcached=140.6%
[monitor] ['43%', '100%', '42%', '43%']  memcached=128.5%
[MEMCACHED] cores updated to: ['0', '3']
[freqmine] cores updated to: [1, 2]
[monitor] ['49%', '100%', '100%', '50%']  memcached=98.9%
[monitor] ['60%', '100%', '100%', '57%']  memcached=117.1%
[monitor] ['68%', '100%', '100%', '73%']  memcached=141.5%
[monitor] ['66%', '100%', '100%', '73%']  memcached=138.8%
[monitor] ['71%', '100%', '100%', '74%']  memcached=144.4%
[monitor] ['80%', '100%', '100%', '88%']  memcached=168.2%
[MEMCACHED] cores updated to: ['0', '1', '3']
[freqmine] cores updated to: [2]
[monitor] ['71%', '72%', '100%', '72%']  memcached=215.3%
[monitor] ['75%', '76%', '100%', '76%']  memcached=227.0%
[monitor] ['76%', '75%', '100%', '78%']  memcached=229.1%
[monitor] ['76%', '74%', '100%', '76%']  memcached=225.0%
[monitor] ['74%', '76%', '100%', '78%']  memcached=229.1%
[monitor] ['78%', '78%', '100%', '78%']  memcached=234.5%
[monitor] ['81%', '80%', '100%', '83%']  memcached=243.9%
[monitor] ['79%', '82%', '100%', '83%']  memcached=244.6%
[monitor] ['74%', '74%', '100%', '76%']  memcached=223.7%
[monitor] ['55%', '58%', '100%', '58%']  memcached=170.3%
[monitor] ['58%', '56%', '100%', '58%']  memcached=171.7%
[monitor] ['55%', '58%', '100%', '56%']  memcached=169.0%
[monitor] ['61%', '60%', '100%', '60%']  memcached=180.0%
[monitor] ['60%', '60%', '100%', '63%']  memcached=183.4%
[monitor] ['60%', '61%', '100%', '62%']  memcached=182.9%
[monitor] ['53%', '51%', '100%', '56%']  memcached=160.1%
[monitor] ['48%', '48%', '100%', '51%']  memcached=146.6%
[monitor] ['48%', '48%', '100%', '51%']  memcached=146.6%
[monitor] ['45%', '45%', '100%', '47%']  memcached=137.4%
[MEMCACHED] cores updated to: ['0', '3']
[freqmine] cores updated to: [1, 2]
[monitor] ['51%', '100%', '100%', '49%']  memcached=100.0%
[monitor] ['49%', '100%', '100%', '51%']  memcached=100.0%
[monitor] ['50%', '100%', '100%', '50%']  memcached=100.0%
[monitor] ['68%', '100%', '100%', '79%']  memcached=147.8%
[monitor] ['69%', '100%', '100%', '82%']  memcached=151.6%
[monitor] ['74%', '100%', '100%', '79%']  memcached=153.8%
[monitor] ['71%', '100%', '100%', '76%']  memcached=146.7%
[monitor] ['68%', '100%', '100%', '70%']  memcached=138.3%
[monitor] ['64%', '100%', '100%', '72%']  memcached=135.9%
[monitor] ['74%', '100%', '100%', '67%']  memcached=141.8%
[monitor] ['68%', '100%', '100%', '69%']  memcached=136.7%
[monitor] ['65%', '100%', '100%', '72%']  memcached=136.8%
[monitor] ['70%', '100%', '100%', '69%']  memcached=139.2%
[monitor] ['78%', '100%', '100%', '74%']  memcached=152.1%
[monitor] ['74%', '100%', '100%', '75%']  memcached=148.7%
[monitor] ['77%', '100%', '100%', '81%']  memcached=157.5%
[monitor] ['69%', '100%', '100%', '67%']  memcached=135.9%
[monitor] ['61%', '100%', '100%', '64%']  memcached=125.6%
[monitor] ['61%', '100%', '100%', '64%']  memcached=125.8%
[monitor] ['59%', '100%', '100%', '61%']  memcached=120.5%
[monitor] ['57%', '100%', '100%', '59%']  memcached=116.1%
[monitor] ['57%', '100%', '100%', '61%']  memcached=118.3%
[monitor] ['56%', '100%', '100%', '59%']  memcached=114.3%
[monitor] ['78%', '100%', '100%', '97%']  memcached=175.2%
[MEMCACHED] cores updated to: ['0', '2', '3']
[freqmine] cores updated to: [1]
[monitor] ['83%', '100%', '85%', '83%']  memcached=251.0%
[monitor] ['83%', '100%', '85%', '80%']  memcached=248.2%
[monitor] ['65%', '100%', '68%', '66%']  memcached=198.4%
[monitor] ['57%', '100%', '62%', '62%']  memcached=181.6%
[monitor] ['60%', '100%', '61%', '60%']  memcached=181.4%
[monitor] ['60%', '100%', '61%', '60%']  memcached=181.9%
[monitor] ['60%', '100%', '59%', '61%']  memcached=180.9%
[monitor] ['57%', '100%', '62%', '57%']  memcached=176.2%
[monitor] ['59%', '100%', '59%', '60%']  memcached=177.5%
[monitor] ['44%', '100%', '42%', '42%']  memcached=128.2%
[MEMCACHED] cores updated to: ['0', '3']
[freqmine] cores updated to: [1, 2]
[monitor] ['50%', '100%', '100%', '52%']  memcached=102.2%
[monitor] ['49%', '100%', '100%', '52%']  memcached=101.0%
[monitor] ['57%', '100%', '100%', '63%']  memcached=119.9%
[monitor] ['68%', '100%', '100%', '65%']  memcached=133.4%
[monitor] ['68%', '100%', '100%', '64%']  memcached=132.6%
[monitor] ['74%', '100%', '100%', '64%']  memcached=138.6%
[monitor] ['74%', '100%', '100%', '69%']  memcached=143.4%
[monitor] ['66%', '100%', '100%', '76%']  memcached=141.5%
[monitor] ['71%', '100%', '100%', '68%']  memcached=139.3%
[monitor] ['61%', '100%', '100%', '59%']  memcached=120.5%
[monitor] ['60%', '100%', '100%', '61%']  memcached=120.9%
[monitor] ['59%', '100%', '100%', '62%']  memcached=121.3%
[monitor] ['52%', '100%', '100%', '57%']  memcached=109.5%
[monitor] ['54%', '100%', '100%', '53%']  memcached=106.9%
[monitor] ['51%', '100%', '100%', '53%']  memcached=104.1%
[monitor] ['60%', '100%', '100%', '65%']  memcached=124.5%
[monitor] ['79%', '100%', '100%', '100%']  memcached=178.9%
[MEMCACHED] cores updated to: ['0', '1', '3']
[freqmine] cores updated to: [2]
[monitor] ['78%', '76%', '100%', '78%']  memcached=232.5%
[monitor] ['77%', '74%', '100%', '75%']  memcached=225.6%
[monitor] ['66%', '68%', '100%', '70%']  memcached=204.1%
[monitor] ['67%', '68%', '100%', '68%']  memcached=202.5%
[monitor] ['67%', '68%', '100%', '69%']  memcached=203.4%
[monitor] ['53%', '56%', '100%', '58%']  memcached=166.8%
[monitor] ['51%', '52%', '100%', '50%']  memcached=153.3%
[monitor] ['51%', '49%', '100%', '54%']  memcached=154.3%
[monitor] ['60%', '62%', '100%', '62%']  memcached=183.8%
[monitor] ['83%', '82%', '100%', '85%']  memcached=250.1%
[monitor] ['81%', '81%', '100%', '83%']  memcached=245.0%
[monitor] ['77%', '76%', '100%', '81%']  memcached=234.2%
[monitor] ['60%', '59%', '100%', '61%']  memcached=180.9%
[monitor] ['58%', '56%', '100%', '60%']  memcached=173.8%
[monitor] ['57%', '60%', '100%', '57%']  memcached=175.5%
[monitor] ['64%', '63%', '100%', '66%']  memcached=193.3%
[monitor] ['64%', '63%', '100%', '67%']  memcached=194.2%
[monitor] ['63%', '64%', '100%', '66%']  memcached=193.6%
[monitor] ['68%', '68%', '100%', '68%']  memcached=205.3%
[monitor] ['72%', '72%', '100%', '74%']  memcached=217.9%
[monitor] ['74%', '73%', '100%', '76%']  memcached=223.0%
[monitor] ['72%', '73%', '100%', '74%']  memcached=218.5%
[monitor] ['60%', '62%', '100%', '62%']  memcached=184.3%
[monitor] ['62%', '59%', '100%', '62%']  memcached=182.3%
[monitor] ['62%', '62%', '100%', '64%']  memcached=188.1%
[monitor] ['66%', '65%', '100%', '68%']  memcached=199.1%
[monitor] ['66%', '68%', '100%', '68%']  memcached=200.9%
[monitor] ['68%', '68%', '100%', '69%']  memcached=204.8%
[monitor] ['64%', '66%', '100%', '66%']  memcached=196.0%
[monitor] ['63%', '63%', '100%', '66%']  memcached=191.4%
[monitor] ['62%', '63%', '100%', '64%']  memcached=190.2%
[monitor] ['60%', '60%', '100%', '62%']  memcached=181.9%
[monitor] ['41%', '43%', '100%', '44%']  memcached=128.5%
[MEMCACHED] cores updated to: ['0', '3']
[freqmine] cores updated to: [1, 2]
[monitor] ['50%', '97%', '100%', '52%']  memcached=102.0%
[monitor] ['51%', '100%', '100%', '52%']  memcached=103.0%
[monitor] ['71%', '100%', '100%', '68%']  memcached=139.0%
[monitor] ['68%', '100%', '100%', '78%']  memcached=145.3%
[monitor] ['70%', '100%', '100%', '78%']  memcached=148.4%
[monitor] ['57%', '100%', '100%', '60%']  memcached=116.3%
[monitor] ['47%', '100%', '100%', '46%']  memcached=92.8%
[monitor] ['49%', '100%', '100%', '48%']  memcached=96.9%
[monitor] ['50%', '100%', '100%', '49%']  memcached=99.0%
[monitor] ['60%', '100%', '100%', '60%']  memcached=120.5%
[monitor] ['59%', '100%', '100%', '58%']  memcached=116.9%
[monitor] ['59%', '100%', '100%', '59%']  memcached=117.8%
[monitor] ['77%', '100%', '100%', '78%']  memcached=155.3%
[monitor] ['72%', '100%', '100%', '91%']  memcached=163.1%
[MEMCACHED] cores updated to: ['0', '2', '3']
[freqmine] cores updated to: [1]
[monitor] ['73%', '100%', '74%', '72%']  memcached=219.1%
[monitor] ['76%', '100%', '78%', '77%']  memcached=231.6%
[monitor] ['78%', '100%', '80%', '76%']  memcached=234.1%
[monitor] ['76%', '100%', '82%', '78%']  memcached=236.4%
[monitor] ['77%', '100%', '79%', '76%']  memcached=232.4%
[monitor] ['69%', '100%', '74%', '72%']  memcached=214.7%
[monitor] ['70%', '100%', '74%', '70%']  memcached=214.0%
[monitor] ['74%', '100%', '74%', '74%']  memcached=221.7%
[monitor] ['60%', '100%', '61%', '60%']  memcached=180.0%
[monitor] ['55%', '100%', '57%', '59%']  memcached=171.2%
[monitor] ['58%', '100%', '60%', '59%']  memcached=176.8%
[monitor] ['69%', '100%', '72%', '69%']  memcached=210.3%
[monitor] ['81%', '100%', '83%', '82%']  memcached=245.8%
[monitor] ['81%', '100%', '83%', '78%']  memcached=241.8%
[monitor] ['71%', '100%', '75%', '74%']  memcached=220.1%
[monitor] ['62%', '100%', '64%', '63%']  memcached=189.0%
[monitor] ['62%', '100%', '64%', '61%']  memcached=186.9%
[monitor] ['60%', '100%', '61%', '60%']  memcached=180.5%
[monitor] ['74%', '100%', '76%', '76%']  memcached=226.3%
[monitor] ['76%', '100%', '77%', '76%']  memcached=229.8%
[monitor] ['76%', '100%', '79%', '76%']  memcached=230.3%
[monitor] ['69%', '100%', '72%', '68%']  memcached=210.0%
[monitor] ['68%', '100%', '67%', '68%']  memcached=203.3%
[monitor] ['68%', '100%', '70%', '68%']  memcached=205.8%
[monitor] ['68%', '100%', '72%', '69%']  memcached=208.5%
[monitor] ['76%', '100%', '78%', '76%']  memcached=229.8%
[monitor] ['74%', '100%', '76%', '74%']  memcached=224.4%
[monitor] ['74%', '100%', '76%', '73%']  memcached=223.2%
[monitor] ['64%', '100%', '65%', '62%']  memcached=191.3%
[monitor] ['61%', '100%', '63%', '63%']  memcached=186.6%
[monitor] ['62%', '100%', '63%', '62%']  memcached=187.2%
[monitor] ['74%', '100%', '76%', '72%']  memcached=222.5%
[monitor] ['80%', '100%', '85%', '80%']  memcached=245.3%
[monitor] ['81%', '100%', '83%', '81%']  memcached=244.5%
[monitor] ['68%', '100%', '69%', '66%']  memcached=202.7%
[monitor] ['40%', '100%', '42%', '39%']  memcached=120.9%
[MEMCACHED] cores updated to: ['0', '3']
[freqmine] cores updated to: [1, 2]
[monitor] ['45%', '100%', '97%', '45%']  memcached=89.4%
[monitor] ['45%', '100%', '100%', '46%']  memcached=90.5%
[monitor] ['59%', '100%', '100%', '61%']  memcached=120.1%
[monitor] ['60%', '100%', '100%', '59%']  memcached=118.7%
[monitor] ['59%', '100%', '100%', '60%']  memcached=118.3%
[monitor] ['55%', '100%', '100%', '56%']  memcached=111.6%
[monitor] ['51%', '100%', '100%', '51%']  memcached=102.1%
[monitor] ['53%', '100%', '100%', '52%']  memcached=105.0%
[monitor] ['55%', '100%', '100%', '57%']  memcached=112.5%
[monitor] ['60%', '100%', '100%', '61%']  memcached=121.8%
[monitor] ['64%', '100%', '100%', '62%']  memcached=126.7%
[monitor] ['60%', '100%', '100%', '62%']  memcached=122.7%
[monitor] ['81%', '100%', '100%', '78%']  memcached=158.9%
[monitor] ['76%', '100%', '100%', '77%']  memcached=152.8%
[monitor] ['72%', '100%', '100%', '88%']  memcached=160.7%
[MEMCACHED] cores updated to: ['0', '1', '3']
[freqmine] cores updated to: [2]
[monitor] ['56%', '58%', '100%', '58%']  memcached=172.1%
[monitor] ['50%', '51%', '100%', '51%']  memcached=152.3%
[monitor] ['51%', '53%', '100%', '55%']  memcached=159.0%
[monitor] ['59%', '59%', '100%', '60%']  memcached=177.5%
[monitor] ['72%', '71%', '100%', '74%']  memcached=216.5%
[monitor] ['75%', '74%', '100%', '78%']  memcached=226.5%
[monitor] ['71%', '72%', '100%', '74%']  memcached=216.5%
[monitor] ['60%', '60%', '100%', '60%']  memcached=179.5%
[monitor] ['58%', '58%', '100%', '58%']  memcached=174.4%
[monitor] ['57%', '60%', '100%', '61%']  memcached=179.0%
[monitor] ['60%', '58%', '100%', '58%']  memcached=176.3%
[monitor] ['56%', '57%', '100%', '60%']  memcached=173.4%
[monitor] ['59%', '57%', '100%', '58%']  memcached=174.4%
[monitor] ['66%', '67%', '100%', '66%']  memcached=198.4%
[monitor] ['78%', '78%', '100%', '83%']  memcached=238.4%
[monitor] ['78%', '76%', '100%', '78%']  memcached=232.5%
[monitor] ['76%', '76%', '100%', '78%']  memcached=230.4%
[monitor] ['72%', '72%', '100%', '74%']  memcached=219.4%
[monitor] ['70%', '68%', '100%', '72%']  memcached=210.2%
[monitor] ['69%', '72%', '100%', '70%']  memcached=212.0%
[monitor] ['56%', '53%', '100%', '57%']  memcached=166.1%
[monitor] ['48%', '50%', '100%', '50%']  memcached=147.7%
[monitor] ['49%', '50%', '100%', '50%']  memcached=148.9%
[monitor] ['51%', '50%', '100%', '52%']  memcached=153.3%
[monitor] ['50%', '49%', '100%', '52%']  memcached=151.0%
[monitor] ['49%', '50%', '100%', '51%']  memcached=150.0%
[monitor] ['48%', '53%', '100%', '50%']  memcached=150.9%
[monitor] ['47%', '48%', '100%', '48%']  memcached=142.2%
[monitor] ['44%', '44%', '100%', '47%']  memcached=135.3%
[MEMCACHED] cores updated to: ['0', '3']
[freqmine] cores updated to: [1, 2]
[monitor] ['53%', '100%', '100%', '53%']  memcached=106.1%
[monitor] ['68%', '100%', '100%', '69%']  memcached=137.5%
[monitor] ['68%', '100%', '100%', '83%']  memcached=150.4%
[monitor] ['70%', '100%', '100%', '83%']  memcached=152.9%
[monitor] ['74%', '100%', '100%', '71%']  memcached=145.4%
[monitor] ['69%', '100%', '100%', '69%']  memcached=138.5%
[monitor] ['66%', '100%', '100%', '74%']  memcached=140.2%
[monitor] ['67%', '100%', '100%', '72%']  memcached=138.5%
[monitor] ['66%', '100%', '100%', '72%']  memcached=137.6%
[monitor] ['65%', '100%', '100%', '74%']  memcached=138.8%
[monitor] ['63%', '90%', '100%', '74%']  memcached=137.8%
[monitor] ['82%', '53%', '72%', '83%']  memcached=165.2%
[freqmine] ended.
[MEMCACHED] cores updated to: ['0', '2', '3']
[streamcluster] starting in background on cores: [1] with 3 threads.
[monitor] ['83%', '91%', '85%', '82%']  memcached=250.5%
[monitor] ['70%', '100%', '72%', '74%']  memcached=216.2%
[monitor] ['55%', '100%', '56%', '60%']  memcached=170.6%
[monitor] ['41%', '100%', '42%', '37%']  memcached=119.7%
[MEMCACHED] cores updated to: ['0', '3']
[streamcluster] cores updated to: [1, 2]
[monitor] ['49%', '87%', '90%', '49%']  memcached=97.9%
[monitor] ['53%', '83%', '100%', '53%']  memcached=106.5%
[monitor] ['94%', '90%', '93%', '97%']  memcached=190.4%
[MEMCACHED] cores updated to: ['0', '1', '3']
[streamcluster] cores updated to: [2]
[monitor] ['88%', '83%', '100%', '88%']  memcached=258.3%
[monitor] ['83%', '83%', '100%', '83%']  memcached=248.6%
[monitor] ['60%', '56%', '100%', '62%']  memcached=178.5%
[monitor] ['57%', '55%', '100%', '58%']  memcached=169.7%
[monitor] ['56%', '58%', '100%', '57%']  memcached=170.7%
[monitor] ['66%', '67%', '100%', '68%']  memcached=200.7%
[monitor] ['81%', '76%', '100%', '78%']  memcached=234.6%
[monitor] ['78%', '76%', '100%', '78%']  memcached=231.8%
[monitor] ['75%', '74%', '100%', '79%']  memcached=227.6%
[monitor] ['62%', '63%', '100%', '63%']  memcached=187.5%
[monitor] ['62%', '60%', '100%', '63%']  memcached=185.9%
[monitor] ['62%', '62%', '100%', '62%']  memcached=186.3%
[monitor] ['74%', '73%', '100%', '76%']  memcached=223.6%
[monitor] ['75%', '74%', '100%', '76%']  memcached=224.4%
[monitor] ['76%', '73%', '100%', '76%']  memcached=224.3%
[monitor] ['74%', '72%', '100%', '74%']  memcached=220.5%
[monitor] ['72%', '70%', '100%', '71%']  memcached=213.1%
[monitor] ['71%', '69%', '100%', '71%']  memcached=211.5%
[monitor] ['69%', '67%', '100%', '69%']  memcached=204.9%
[monitor] ['57%', '59%', '100%', '60%']  memcached=177.1%
[monitor] ['59%', '57%', '100%', '57%']  memcached=173.5%
[monitor] ['59%', '58%', '100%', '59%']  memcached=175.2%
[monitor] ['68%', '66%', '100%', '66%']  memcached=199.2%
[monitor] ['66%', '64%', '100%', '68%']  memcached=198.2%
[monitor] ['68%', '67%', '100%', '67%']  memcached=200.8%
[monitor] ['74%', '69%', '100%', '71%']  memcached=214.0%
[monitor] ['75%', '74%', '100%', '76%']  memcached=224.4%
[monitor] ['77%', '73%', '100%', '76%']  memcached=226.4%
[monitor] ['72%', '72%', '100%', '72%']  memcached=215.4%
[monitor] ['59%', '60%', '100%', '61%']  memcached=179.0%
[monitor] ['60%', '60%', '100%', '60%']  memcached=179.0%
[monitor] ['57%', '59%', '100%', '61%']  memcached=177.0%
[monitor] ['65%', '61%', '100%', '65%']  memcached=191.1%
[monitor] ['63%', '63%', '100%', '65%']  memcached=191.2%
[monitor] ['62%', '62%', '100%', '64%']  memcached=188.3%
[monitor] ['60%', '59%', '100%', '62%']  memcached=180.0%
[monitor] ['54%', '55%', '100%', '56%']  memcached=164.4%
[monitor] ['56%', '55%', '100%', '60%']  memcached=170.6%
[monitor] ['55%', '55%', '100%', '56%']  memcached=165.4%
[monitor] ['47%', '47%', '100%', '47%']  memcached=139.5%
[MEMCACHED] cores updated to: ['0', '3']
[streamcluster] cores updated to: [1, 2]
[monitor] ['54%', '87%', '79%', '55%']  memcached=109.7%
[monitor] ['53%', '80%', '93%', '57%']  memcached=109.9%
[monitor] ['83%', '90%', '90%', '88%']  memcached=170.7%
[MEMCACHED] cores updated to: ['0', '2', '3']
[streamcluster] cores updated to: [1]
[monitor] ['74%', '100%', '78%', '76%']  memcached=227.7%
[monitor] ['72%', '100%', '74%', '76%']  memcached=221.2%
[monitor] ['70%', '100%', '74%', '74%']  memcached=218.0%
[monitor] ['72%', '100%', '72%', '72%']  memcached=217.5%
[monitor] ['70%', '100%', '74%', '73%']  memcached=216.7%
[monitor] ['74%', '100%', '78%', '76%']  memcached=227.7%
[monitor] ['80%', '100%', '86%', '85%']  memcached=250.6%
[monitor] ['78%', '100%', '83%', '81%']  memcached=241.8%
[monitor] ['78%', '100%', '83%', '82%']  memcached=243.0%
[monitor] ['81%', '100%', '85%', '83%']  memcached=248.7%
[monitor] ['76%', '100%', '79%', '81%']  memcached=235.8%
[monitor] ['78%', '100%', '85%', '82%']  memcached=245.6%
[monitor] ['74%', '100%', '78%', '78%']  memcached=229.8%
[monitor] ['75%', '100%', '78%', '76%']  memcached=229.1%
[monitor] ['74%', '100%', '75%', '78%']  memcached=227.1%
[monitor] ['64%', '100%', '68%', '64%']  memcached=196.7%
[monitor] ['51%', '100%', '48%', '50%']  memcached=148.8%
[monitor] ['49%', '100%', '52%', '52%']  memcached=153.2%
[monitor] ['52%', '100%', '51%', '48%']  memcached=150.9%
[monitor] ['80%', '100%', '82%', '83%']  memcached=245.7%
[monitor] ['81%', '100%', '86%', '83%']  memcached=249.1%
[monitor] ['80%', '100%', '83%', '85%']  memcached=247.7%
[monitor] ['63%', '100%', '65%', '67%']  memcached=195.1%
[monitor] ['58%', '100%', '60%', '59%']  memcached=176.2%
[monitor] ['59%', '100%', '60%', '60%']  memcached=179.5%
[monitor] ['60%', '100%', '57%', '60%']  memcached=176.5%
[monitor] ['62%', '100%', '64%', '62%']  memcached=188.7%
[monitor] ['62%', '100%', '64%', '65%']  memcached=191.9%
[monitor] ['60%', '100%', '62%', '63%']  memcached=185.4%
[monitor] ['52%', '100%', '52%', '48%']  memcached=152.0%
[monitor] ['45%', '100%', '49%', '50%']  memcached=144.1%
[monitor] ['50%', '100%', '46%', '48%']  memcached=144.0%
[monitor] ['59%', '100%', '58%', '60%']  memcached=176.8%
[monitor] ['56%', '100%', '59%', '60%']  memcached=174.2%
[monitor] ['59%', '100%', '59%', '60%']  memcached=177.5%
[monitor] ['65%', '100%', '68%', '68%']  memcached=200.9%
[monitor] ['76%', '100%', '83%', '78%']  memcached=237.0%
[monitor] ['76%', '100%', '81%', '81%']  memcached=238.0%
[monitor] ['75%', '100%', '78%', '75%']  memcached=227.8%
[monitor] ['50%', '100%', '51%', '52%']  memcached=153.5%
[monitor] ['51%', '100%', '53%', '55%']  memcached=159.2%
[monitor] ['51%', '100%', '52%', '51%']  memcached=154.6%
[monitor] ['67%', '100%', '70%', '71%']  memcached=208.0%
[monitor] ['73%', '100%', '74%', '76%']  memcached=223.0%
[monitor] ['73%', '100%', '76%', '76%']  memcached=224.3%
[monitor] ['68%', '100%', '72%', '71%']  memcached=211.1%
[monitor] ['64%', '100%', '67%', '67%']  memcached=197.4%
[monitor] ['66%', '100%', '68%', '68%']  memcached=202.4%
[monitor] ['66%', '100%', '68%', '67%']  memcached=200.8%
[monitor] ['57%', '100%', '57%', '59%']  memcached=173.4%
[monitor] ['58%', '100%', '60%', '59%']  memcached=177.1%
[monitor] ['57%', '100%', '58%', '59%']  memcached=173.8%
[monitor] ['51%', '100%', '51%', '50%']  memcached=152.2%
[monitor] ['50%', '100%', '49%', '51%']  memcached=149.9%
[monitor] ['48%', '100%', '49%', '48%']  memcached=144.3%
[monitor] ['54%', '100%', '57%', '55%']  memcached=165.2%
[monitor] ['60%', '100%', '59%', '62%']  memcached=181.0%
[monitor] ['62%', '100%', '63%', '62%']  memcached=186.6%
[monitor] ['62%', '100%', '67%', '63%']  memcached=191.4%
[monitor] ['74%', '100%', '77%', '76%']  memcached=226.5%
[monitor] ['74%', '100%', '77%', '78%']  memcached=229.1%
[monitor] ['73%', '100%', '76%', '76%']  memcached=225.6%
[monitor] ['63%', '100%', '66%', '64%']  memcached=193.6%
[monitor] ['62%', '100%', '63%', '65%']  memcached=190.9%
[monitor] ['61%', '100%', '63%', '64%']  memcached=188.7%
[monitor] ['59%', '100%', '60%', '59%']  memcached=176.6%
[monitor] ['52%', '100%', '55%', '53%']  memcached=160.4%
[monitor] ['52%', '100%', '51%', '52%']  memcached=155.7%
[monitor] ['46%', '100%', '54%', '52%']  memcached=152.9%
[monitor] ['51%', '100%', '51%', '53%']  memcached=155.6%
[monitor] ['51%', '100%', '53%', '52%']  memcached=156.8%
[monitor] ['48%', '100%', '52%', '51%']  memcached=151.1%
[monitor] ['47%', '100%', '51%', '46%']  memcached=144.0%
[monitor] ['48%', '100%', '47%', '47%']  memcached=140.8%
[monitor] ['47%', '100%', '49%', '48%']  memcached=143.1%
[monitor] ['49%', '100%', '49%', '52%']  memcached=149.8%
[monitor] ['50%', '100%', '51%', '50%']  memcached=151.2%
[monitor] ['55%', '100%', '53%', '53%']  memcached=161.5%
[monitor] ['50%', '100%', '52%', '52%']  memcached=154.5%
[monitor] ['47%', '100%', '45%', '47%']  memcached=138.3%
[MEMCACHED] cores updated to: ['0', '3']
[streamcluster] cores updated to: [1, 2]
[monitor] ['51%', '70%', '94%', '55%']  memcached=106.2%
[monitor] ['53%', '90%', '79%', '51%']  memcached=104.3%
[monitor] ['67%', '97%', '77%', '62%']  memcached=129.2%
[monitor] ['68%', '83%', '83%', '65%']  memcached=133.3%
[monitor] ['64%', '87%', '93%', '71%']  memcached=135.7%
[monitor] ['76%', '79%', '97%', '83%']  memcached=158.5%
[monitor] ['94%', '87%', '93%', '91%']  memcached=184.7%
[MEMCACHED] cores updated to: ['0', '1', '3']
[streamcluster] cores updated to: [2]
[monitor] ['76%', '76%', '100%', '78%']  memcached=229.8%
[monitor] ['72%', '70%', '100%', '74%']  memcached=216.2%
[monitor] ['55%', '55%', '100%', '58%']  memcached=167.7%
[monitor] ['57%', '59%', '100%', '60%']  memcached=175.8%
[monitor] ['56%', '55%', '100%', '57%']  memcached=168.0%
[monitor] ['76%', '73%', '100%', '77%']  memcached=226.4%
[monitor] ['78%', '76%', '100%', '76%']  memcached=229.8%
[monitor] ['78%', '78%', '100%', '81%']  memcached=236.7%
[monitor] ['69%', '69%', '100%', '71%']  memcached=209.0%
[monitor] ['64%', '62%', '100%', '62%']  memcached=188.7%
[monitor] ['64%', '64%', '100%', '64%']  memcached=191.6%
[monitor] ['62%', '62%', '100%', '64%']  memcached=188.3%
[monitor] ['57%', '55%', '100%', '57%']  memcached=167.9%
[monitor] ['52%', '55%', '100%', '57%']  memcached=163.9%
[monitor] ['53%', '55%', '100%', '55%']  memcached=162.6%
[monitor] ['68%', '66%', '100%', '68%']  memcached=201.6%
[monitor] ['68%', '65%', '100%', '68%']  memcached=201.6%
[monitor] ['68%', '67%', '100%', '68%']  memcached=203.4%
[monitor] ['74%', '71%', '100%', '74%']  memcached=218.4%
[monitor] ['76%', '74%', '100%', '76%']  memcached=226.3%
[monitor] ['75%', '74%', '100%', '75%']  memcached=223.7%
[monitor] ['78%', '78%', '100%', '78%']  memcached=234.5%
[monitor] ['85%', '78%', '100%', '83%']  memcached=245.5%
[monitor] ['82%', '81%', '100%', '82%']  memcached=245.3%
[monitor] ['83%', '83%', '100%', '83%']  memcached=249.0%
[monitor] ['70%', '68%', '100%', '71%']  memcached=209.7%
[monitor] ['72%', '68%', '100%', '70%']  memcached=210.1%
[monitor] ['70%', '70%', '100%', '71%']  memcached=210.7%
[monitor] ['78%', '76%', '100%', '78%']  memcached=231.8%
[monitor] ['88%', '82%', '100%', '85%']  memcached=255.1%
[monitor] ['86%', '83%', '100%', '85%']  memcached=254.3%
[monitor] ['73%', '74%', '100%', '76%']  memcached=223.0%
[monitor] ['58%', '57%', '100%', '58%']  memcached=173.1%
[monitor] ['57%', '55%', '100%', '56%']  memcached=168.0%
[monitor] ['56%', '58%', '100%', '57%']  memcached=170.4%
[monitor] ['61%', '57%', '100%', '63%']  memcached=181.3%
[monitor] ['60%', '60%', '100%', '60%']  memcached=179.0%
[monitor] ['59%', '59%', '100%', '60%']  memcached=178.0%
[monitor] ['74%', '72%', '100%', '74%']  memcached=219.2%
[monitor] ['81%', '80%', '100%', '79%']  memcached=240.0%
[monitor] ['80%', '77%', '100%', '81%']  memcached=237.5%
[monitor] ['79%', '78%', '100%', '78%']  memcached=235.1%
[monitor] ['80%', '78%', '100%', '81%']  memcached=239.5%
[monitor] ['81%', '78%', '100%', '81%']  memcached=238.9%
[monitor] ['82%', '80%', '100%', '79%']  memcached=241.1%
[monitor] ['68%', '68%', '100%', '72%']  memcached=208.4%
[monitor] ['70%', '68%', '100%', '70%']  memcached=208.7%
[monitor] ['68%', '68%', '100%', '70%']  memcached=206.6%
[monitor] ['59%', '57%', '100%', '60%']  memcached=175.7%
[monitor] ['53%', '53%', '100%', '55%']  memcached=161.5%
[monitor] ['53%', '54%', '100%', '57%']  memcached=164.4%
[monitor] ['55%', '57%', '100%', '58%']  memcached=169.4%
[monitor] ['61%', '58%', '100%', '60%']  memcached=179.6%
[monitor] ['61%', '57%', '100%', '63%']  memcached=181.7%
[monitor] ['59%', '60%', '100%', '60%']  memcached=178.5%
[monitor] ['61%', '60%', '100%', '62%']  memcached=183.3%
[monitor] ['59%', '59%', '100%', '60%']  memcached=177.5%
[monitor] ['62%', '60%', '100%', '61%']  memcached=183.3%
[monitor] ['54%', '53%', '100%', '57%']  memcached=164.0%
[monitor] ['53%', '53%', '100%', '55%']  memcached=162.0%
[monitor] ['51%', '52%', '100%', '53%']  memcached=156.9%
[monitor] ['53%', '53%', '100%', '53%']  memcached=160.3%
[monitor] ['56%', '55%', '100%', '59%']  memcached=169.3%
[monitor] ['56%', '56%', '100%', '58%']  memcached=170.3%
[monitor] ['55%', '56%', '100%', '58%']  memcached=169.2%
[monitor] ['71%', '68%', '100%', '70%']  memcached=209.0%
[monitor] ['68%', '66%', '100%', '68%']  memcached=201.6%
[monitor] ['68%', '68%', '100%', '70%']  memcached=206.7%
[monitor] ['73%', '73%', '100%', '73%']  memcached=218.9%
[monitor] ['74%', '72%', '100%', '74%']  memcached=219.8%
[monitor] ['74%', '73%', '100%', '74%']  memcached=221.9%
[monitor] ['76%', '73%', '100%', '75%']  memcached=223.6%
[monitor] ['78%', '76%', '100%', '76%']  memcached=230.4%
[monitor] ['76%', '76%', '100%', '78%']  memcached=230.4%
[monitor] ['78%', '76%', '100%', '79%']  memcached=233.6%
[monitor] ['81%', '77%', '100%', '80%']  memcached=237.5%
[monitor] ['81%', '80%', '100%', '81%']  memcached=241.6%
[monitor] ['82%', '78%', '100%', '83%']  memcached=243.5%
[monitor] ['69%', '67%', '100%', '69%']  memcached=205.1%
[monitor] ['66%', '63%', '100%', '64%']  memcached=193.4%
[monitor] ['63%', '62%', '100%', '62%']  memcached=188.2%
[monitor] ['61%', '58%', '100%', '63%']  memcached=181.9%
[monitor] ['53%', '54%', '100%', '53%']  memcached=160.6%
[monitor] ['55%', '51%', '100%', '56%']  memcached=161.5%
[monitor] ['56%', '56%', '100%', '55%']  memcached=165.7%
[monitor] ['48%', '49%', '100%', '50%']  memcached=146.6%
[monitor] ['48%', '47%', '100%', '49%']  memcached=143.3%
[monitor] ['44%', '47%', '100%', '49%']  memcached=139.6%
[MEMCACHED] cores updated to: ['0', '3']
[streamcluster] cores updated to: [1, 2]
[monitor] ['78%', '90%', '90%', '76%']  memcached=153.5%
[monitor] ['91%', '97%', '87%', '78%']  memcached=169.3%
[MEMCACHED] cores updated to: ['0', '2', '3']
[streamcluster] cores updated to: [1]
[monitor] ['72%', '100%', '74%', '74%']  memcached=220.5%
[monitor] ['76%', '100%', '78%', '76%']  memcached=230.4%
[monitor] ['78%', '100%', '83%', '83%']  memcached=243.5%
[monitor] ['78%', '100%', '81%', '81%']  memcached=240.0%
[monitor] ['76%', '100%', '78%', '77%']  memcached=230.6%
[monitor] ['76%', '100%', '78%', '78%']  memcached=233.1%
[monitor] ['76%', '100%', '81%', '78%']  memcached=234.0%
[monitor] ['76%', '100%', '79%', '81%']  memcached=236.3%
[monitor] ['63%', '100%', '62%', '65%']  memcached=190.9%
[monitor] ['62%', '100%', '65%', '61%']  memcached=188.0%
[monitor] ['62%', '100%', '60%', '62%']  memcached=184.4%
[monitor] ['65%', '100%', '67%', '67%']  memcached=198.4%
[monitor] ['66%', '100%', '68%', '68%']  memcached=201.6%
[monitor] ['67%', '100%', '69%', '68%']  memcached=204.3%
[monitor] ['66%', '100%', '67%', '68%']  memcached=200.0%
[monitor] ['60%', '100%', '65%', '63%']  memcached=188.4%
[monitor] ['61%', '100%', '62%', '63%']  memcached=186.3%
[monitor] ['63%', '100%', '62%', '62%']  memcached=187.2%
[monitor] ['57%', '100%', '60%', '60%']  memcached=178.1%
[monitor] ['56%', '100%', '57%', '58%']  memcached=171.4%
[monitor] ['60%', '100%', '60%', '60%']  memcached=179.0%
[monitor] ['63%', '100%', '68%', '67%']  memcached=198.4%
[monitor] ['69%', '100%', '71%', '72%']  memcached=212.1%
[monitor] ['70%', '100%', '70%', '69%']  memcached=209.2%
[monitor] ['66%', '100%', '68%', '68%']  memcached=200.9%
[monitor] ['55%', '100%', '57%', '57%']  memcached=168.4%
[monitor] ['52%', '100%', '56%', '57%']  memcached=165.0%
[monitor] ['55%', '100%', '56%', '56%']  memcached=166.7%
[monitor] ['62%', '100%', '67%', '66%']  memcached=195.0%
[monitor] ['66%', '100%', '65%', '66%']  memcached=196.7%
[monitor] ['65%', '100%', '67%', '68%']  memcached=200.0%
[monitor] ['53%', '100%', '56%', '55%']  memcached=164.1%
[monitor] ['48%', '100%', '50%', '46%']  memcached=144.1%
[monitor] ['48%', '100%', '47%', '47%']  memcached=140.8%
[monitor] ['49%', '100%', '53%', '50%']  memcached=152.0%
[monitor] ['59%', '100%', '60%', '60%']  memcached=178.1%
[monitor] ['59%', '100%', '60%', '57%']  memcached=175.6%
[monitor] ['58%', '100%', '58%', '61%']  memcached=177.6%
[monitor] ['39%', '100%', '43%', '40%']  memcached=122.7%
[MEMCACHED] cores updated to: ['0', '3']
[streamcluster] cores updated to: [1, 2]
[monitor] ['46%', '93%', '90%', '48%']  memcached=93.8%
[monitor] ['49%', '90%', '94%', '49%']  memcached=97.9%
[monitor] ['52%', '94%', '77%', '52%']  memcached=104.2%
[monitor] ['52%', '81%', '93%', '53%']  memcached=105.5%
[monitor] ['53%', '93%', '97%', '54%']  memcached=107.5%
[monitor] ['57%', '87%', '97%', '58%']  memcached=114.6%
[monitor] ['67%', '90%', '93%', '68%']  memcached=135.0%
[monitor] ['70%', '83%', '97%', '70%']  memcached=139.8%
[monitor] ['67%', '80%', '93%', '68%']  memcached=135.0%
[monitor] ['78%', '94%', '97%', '86%']  memcached=164.1%
[MEMCACHED] cores updated to: ['0', '1', '3']
[streamcluster] cores updated to: [2]
[monitor] ['69%', '67%', '100%', '71%']  memcached=206.6%
[monitor] ['70%', '68%', '100%', '70%']  memcached=207.5%
[monitor] ['62%', '64%', '100%', '65%']  memcached=191.9%
[monitor] ['65%', '61%', '100%', '63%']  memcached=189.5%
[monitor] ['64%', '64%', '100%', '63%']  memcached=191.3%
[monitor] ['65%', '65%', '100%', '65%']  memcached=195.1%
[monitor] ['71%', '71%', '100%', '74%']  memcached=216.5%
[monitor] ['72%', '70%', '100%', '72%']  memcached=213.6%
[monitor] ['72%', '69%', '100%', '71%']  memcached=212.1%
[monitor] ['40%', '39%', '100%', '38%']  memcached=116.3%
[MEMCACHED] cores updated to: ['0', '3']
[streamcluster] cores updated to: [1, 2]
[monitor] ['46%', '87%', '93%', '46%']  memcached=91.7%
[monitor] ['47%', '86%', '93%', '46%']  memcached=92.5%
[monitor] ['51%', '90%', '97%', '53%']  memcached=104.4%
[monitor] ['58%', '87%', '97%', '58%']  memcached=115.6%
[monitor] ['57%', '93%', '94%', '57%']  memcached=114.0%
[monitor] ['54%', '93%', '87%', '57%']  memcached=110.5%
[monitor] ['55%', '87%', '94%', '55%']  memcached=110.6%
[monitor] ['54%', '84%', '100%', '53%']  memcached=107.7%
[monitor] ['53%', '83%', '93%', '57%']  memcached=110.8%
[monitor] ['94%', '87%', '97%', '100%']  memcached=193.8%
[MEMCACHED] cores updated to: ['0', '2', '3']
[streamcluster] cores updated to: [1]
[monitor] ['86%', '100%', '91%', '88%']  memcached=264.2%
[monitor] ['83%', '100%', '86%', '85%']  memcached=253.9%
[monitor] ['54%', '100%', '55%', '57%']  memcached=165.8%
[monitor] ['44%', '100%', '44%', '42%']  memcached=130.5%
[MEMCACHED] cores updated to: ['0', '3']
[streamcluster] cores updated to: [1, 2]
[monitor] ['51%', '90%', '93%', '51%']  memcached=102.2%
[monitor] ['49%', '84%', '94%', '51%']  memcached=100.0%
[monitor] ['51%', '77%', '90%', '51%']  memcached=102.1%
[monitor] ['51%', '83%', '90%', '52%']  memcached=103.1%
[monitor] ['51%', '79%', '90%', '52%']  memcached=103.2%
[monitor] ['62%', '68%', '97%', '67%']  memcached=128.6%
[monitor] ['63%', '79%', '100%', '65%']  memcached=127.8%
[monitor] ['65%', '93%', '90%', '63%']  memcached=127.8%
[monitor] ['68%', '83%', '97%', '68%']  memcached=135.8%
[monitor] ['69%', '84%', '90%', '66%']  memcached=135.1%
[monitor] ['63%', '80%', '94%', '71%']  memcached=134.1%
[monitor] ['74%', '87%', '100%', '78%']  memcached=151.5%
[monitor] ['86%', '87%', '97%', '97%']  memcached=182.9%
[MEMCACHED] cores updated to: ['0', '1', '3']
[streamcluster] cores updated to: [2]
[monitor] ['79%', '78%', '100%', '83%']  memcached=240.0%
[monitor] ['82%', '81%', '100%', '79%']  memcached=242.3%
[monitor] ['78%', '76%', '100%', '81%']  memcached=234.5%
[monitor] ['78%', '76%', '100%', '76%']  memcached=229.7%
[monitor] ['76%', '74%', '100%', '76%']  memcached=225.0%
[monitor] ['73%', '70%', '100%', '76%']  memcached=218.9%
[monitor] ['72%', '68%', '100%', '72%']  memcached=211.1%
[monitor] ['71%', '70%', '100%', '72%']  memcached=212.8%
[monitor] ['54%', '55%', '100%', '55%']  memcached=163.2%
[monitor] ['40%', '37%', '100%', '40%']  memcached=116.3%
[MEMCACHED] cores updated to: ['0', '3']
[streamcluster] cores updated to: [1, 2]
[monitor] ['46%', '86%', '93%', '43%']  memcached=89.0%
[monitor] ['47%', '91%', '94%', '46%']  memcached=92.5%
[monitor] ['54%', '81%', '100%', '54%']  memcached=108.7%
[monitor] ['53%', '93%', '66%', '54%']  memcached=107.7%
[monitor] ['54%', '84%', '60%', '54%']  memcached=108.7%
[monitor] ['76%', '93%', '97%', '76%']  memcached=152.0%
[monitor] ['82%', '80%', '100%', '71%']  memcached=153.4%
[monitor] ['74%', '97%', '93%', '81%']  memcached=154.2%
[monitor] ['62%', '88%', '100%', '67%']  memcached=128.6%
[monitor] ['47%', '71%', '97%', '48%']  memcached=94.5%
[monitor] ['47%', '90%', '84%', '49%']  memcached=95.7%
[monitor] ['49%', '94%', '87%', '51%']  memcached=100.0%
[monitor] ['94%', '80%', '100%', '83%']  memcached=177.1%
[MEMCACHED] cores updated to: ['0', '2', '3']
[streamcluster] cores updated to: [1]
[monitor] ['72%', '100%', '74%', '74%']  memcached=219.2%
[monitor] ['70%', '100%', '76%', '76%']  memcached=221.6%
[monitor] ['68%', '100%', '71%', '68%']  memcached=206.5%
[monitor] ['67%', '100%', '69%', '68%']  memcached=204.3%
[monitor] ['67%', '100%', '69%', '71%']  memcached=206.6%
[monitor] ['70%', '100%', '72%', '72%']  memcached=214.3%
[monitor] ['74%', '100%', '76%', '74%']  memcached=223.7%
[monitor] ['72%', '100%', '77%', '75%']  memcached=223.9%
[monitor] ['72%', '100%', '74%', '74%']  memcached=219.8%
[monitor] ['57%', '100%', '60%', '60%']  memcached=177.5%
[monitor] ['58%', '100%', '60%', '60%']  memcached=177.2%
[monitor] ['57%', '100%', '59%', '60%']  memcached=175.2%
[monitor] ['81%', '100%', '83%', '81%']  memcached=244.4%
[monitor] ['79%', '100%', '82%', '79%']  memcached=240.0%
[monitor] ['80%', '100%', '85%', '82%']  memcached=247.6%
[monitor] ['76%', '100%', '76%', '77%']  memcached=229.1%
[monitor] ['68%', '100%', '74%', '71%']  memcached=213.8%
[monitor] ['71%', '100%', '71%', '74%']  memcached=215.8%
[monitor] ['66%', '100%', '68%', '67%']  memcached=200.9%
[monitor] ['54%', '100%', '57%', '56%']  memcached=166.3%
[monitor] ['52%', '100%', '52%', '52%']  memcached=157.1%
[monitor] ['51%', '100%', '56%', '53%']  memcached=160.2%
[monitor] ['40%', '100%', '39%', '41%']  memcached=121.0%
[MEMCACHED] cores updated to: ['0', '3']
[streamcluster] cores updated to: [1, 2]
[monitor] ['47%', '80%', '97%', '49%']  memcached=95.7%
[monitor] ['47%', '90%', '94%', '47%']  memcached=93.6%
[monitor] ['52%', '80%', '94%', '55%']  memcached=107.5%
[monitor] ['59%', '94%', '97%', '59%']  memcached=118.2%
[monitor] ['56%', '83%', '100%', '58%']  memcached=114.0%
[monitor] ['59%', '93%', '97%', '59%']  memcached=118.2%
[monitor] ['64%', '97%', '90%', '63%']  memcached=126.4%
[monitor] ['63%', '83%', '93%', '63%']  memcached=125.6%
[monitor] ['62%', '97%', '94%', '64%']  memcached=126.3%
[monitor] ['66%', '90%', '97%', '68%']  memcached=133.4%
[monitor] ['69%', '93%', '90%', '68%']  memcached=137.5%
[monitor] ['68%', '87%', '87%', '66%']  memcached=133.4%
[monitor] ['60%', '93%', '90%', '60%']  memcached=120.9%
[monitor] ['58%', '94%', '87%', '59%']  memcached=117.2%
[monitor] ['56%', '90%', '87%', '59%']  memcached=114.9%
[monitor] ['60%', '91%', '94%', '61%']  memcached=121.8%
[monitor] ['72%', '97%', '97%', '73%']  memcached=144.8%
[monitor] ['71%', '90%', '100%', '74%']  memcached=145.4%
[monitor] ['72%', '97%', '97%', '76%']  memcached=148.8%
[monitor] ['52%', '97%', '87%', '52%']  memcached=104.3%
[monitor] ['50%', '94%', '81%', '51%']  memcached=101.1%
[monitor] ['50%', '90%', '90%', '52%']  memcached=102.1%
[monitor] ['64%', '83%', '90%', '62%']  memcached=126.2%
[monitor] ['70%', '93%', '97%', '72%']  memcached=142.1%
[monitor] ['70%', '88%', '100%', '72%']  memcached=141.8%
[monitor] ['76%', '90%', '94%', '76%']  memcached=151.4%
[monitor] ['91%', '86%', '94%', '97%']  memcached=187.7%
[MEMCACHED] cores updated to: ['0', '1', '3']
[streamcluster] cores updated to: [2]
[monitor] ['80%', '78%', '100%', '78%']  memcached=236.8%
[monitor] ['83%', '81%', '100%', '81%']  memcached=244.5%
[monitor] ['76%', '71%', '100%', '76%']  memcached=222.4%
[monitor] ['75%', '72%', '100%', '73%']  memcached=219.8%
[monitor] ['74%', '72%', '100%', '76%']  memcached=221.8%
[monitor] ['63%', '59%', '100%', '63%']  memcached=185.8%
[monitor] ['60%', '59%', '100%', '60%']  memcached=179.1%
[monitor] ['59%', '57%', '100%', '57%']  memcached=173.2%
[monitor] ['62%', '60%', '100%', '63%']  memcached=186.4%
[monitor] ['68%', '65%', '100%', '68%']  memcached=201.7%
[monitor] ['68%', '67%', '100%', '70%']  memcached=204.2%
[monitor] ['69%', '68%', '100%', '68%']  memcached=204.2%
[monitor] ['83%', '76%', '100%', '83%']  memcached=241.4%
[monitor] ['79%', '78%', '100%', '81%']  memcached=238.3%
[monitor] ['79%', '76%', '100%', '81%']  memcached=236.2%
[monitor] ['81%', '78%', '100%', '80%']  memcached=238.9%
[monitor] ['88%', '82%', '100%', '86%']  memcached=255.6%
[monitor] ['86%', '82%', '100%', '85%']  memcached=252.8%
[monitor] ['88%', '81%', '100%', '85%']  memcached=252.9%
[monitor] ['80%', '78%', '100%', '81%']  memcached=238.3%
[monitor] ['78%', '75%', '100%', '79%']  memcached=231.7%
[monitor] ['79%', '76%', '100%', '77%']  memcached=232.2%
[monitor] ['60%', '60%', '100%', '59%']  memcached=178.0%
[monitor] ['60%', '56%', '100%', '60%']  memcached=175.1%
[monitor] ['57%', '57%', '100%', '58%']  memcached=172.8%
[monitor] ['60%', '60%', '100%', '62%']  memcached=181.0%
[monitor] ['61%', '59%', '100%', '61%']  memcached=180.9%
[monitor] ['60%', '60%', '100%', '61%']  memcached=180.5%
[monitor] ['52%', '50%', '100%', '53%']  memcached=155.8%
[monitor] ['38%', '39%', '100%', '37%']  memcached=113.7%
[MEMCACHED] cores updated to: ['0', '3']
[streamcluster] cores updated to: [1, 2]
[monitor] ['43%', '97%', '87%', '44%']  memcached=87.6%
[monitor] ['43%', '90%', '93%', '45%']  memcached=88.6%
[monitor] ['82%', '96%', '100%', '71%']  memcached=153.2%
[monitor] ['79%', '87%', '94%', '74%']  memcached=153.3%
[monitor] ['72%', '94%', '93%', '76%']  memcached=147.5%
[monitor] ['49%', '87%', '97%', '54%']  memcached=102.4%
[monitor] ['45%', '90%', '97%', '49%']  memcached=93.7%
[monitor] ['43%', '93%', '97%', '47%']  memcached=90.0%
[monitor] ['62%', '90%', '100%', '57%']  memcached=119.4%
[monitor] ['94%', '90%', '97%', '86%']  memcached=179.3%
[MEMCACHED] cores updated to: ['0', '2', '3']
[streamcluster] cores updated to: [1]
[monitor] ['76%', '100%', '78%', '79%']  memcached=233.6%
[monitor] ['73%', '100%', '78%', '78%']  memcached=228.5%
[monitor] ['60%', '100%', '60%', '62%']  memcached=181.4%
[monitor] ['57%', '100%', '61%', '61%']  memcached=179.8%
[monitor] ['59%', '100%', '61%', '61%']  memcached=180.9%
[monitor] ['78%', '100%', '77%', '80%']  memcached=235.5%
[monitor] ['78%', '100%', '83%', '83%']  memcached=244.0%
[monitor] ['81%', '100%', '82%', '81%']  memcached=243.5%
[monitor] ['63%', '100%', '65%', '66%']  memcached=193.9%
[monitor] ['47%', '100%', '50%', '46%']  memcached=142.9%
[monitor] ['47%', '100%', '49%', '48%']  memcached=143.1%
[monitor] ['48%', '100%', '50%', '49%']  memcached=146.5%
[monitor] ['55%', '100%', '54%', '54%']  memcached=162.1%
[monitor] ['55%', '100%', '56%', '57%']  memcached=168.0%
[monitor] ['54%', '100%', '55%', '58%']  memcached=166.2%
[monitor] ['42%', '100%', '39%', '42%']  memcached=122.7%
[MEMCACHED] cores updated to: ['0', '3']
[streamcluster] cores updated to: [1, 2]
[monitor] ['40%', '93%', '93%', '44%']  memcached=84.7%
[monitor] ['43%', '81%', '97%', '47%']  memcached=90.1%
[monitor] ['60%', '80%', '97%', '60%']  memcached=119.0%
[monitor] ['88%', '93%', '96%', '74%']  memcached=161.6%
[MEMCACHED] cores updated to: ['0', '1', '3']
[streamcluster] cores updated to: [2]
[monitor] ['69%', '68%', '100%', '70%']  memcached=206.7%
[monitor] ['68%', '64%', '100%', '68%']  memcached=199.9%
[monitor] ['62%', '64%', '100%', '63%']  memcached=190.2%
[monitor] ['63%', '61%', '100%', '63%']  memcached=187.8%
[monitor] ['62%', '61%', '100%', '63%']  memcached=186.9%
[monitor] ['67%', '66%', '100%', '67%']  memcached=199.2%
[monitor] ['68%', '67%', '100%', '66%']  memcached=200.7%
[monitor] ['69%', '66%', '100%', '68%']  memcached=203.4%
[monitor] ['69%', '67%', '100%', '71%']  memcached=207.2%
[monitor] ['74%', '72%', '100%', '74%']  memcached=219.8%
[monitor] ['76%', '74%', '100%', '74%']  memcached=223.7%
[monitor] ['76%', '73%', '100%', '74%']  memcached=223.0%
[monitor] ['81%', '74%', '100%', '78%']  memcached=232.0%
[monitor] ['78%', '76%', '100%', '76%']  memcached=229.8%
[monitor] ['76%', '76%', '100%', '76%']  memcached=227.7%
[monitor] ['45%', '41%', '100%', '45%']  memcached=131.9%
[MEMCACHED] cores updated to: ['0', '3']
[streamcluster] cores updated to: [1, 2]
[monitor] ['51%', '93%', '90%', '51%']  memcached=102.2%
[monitor] ['49%', '87%', '83%', '49%']  memcached=97.9%
[monitor] ['53%', '87%', '97%', '55%']  memcached=108.0%
[monitor] ['65%', '87%', '94%', '65%']  memcached=130.0%
[monitor] ['63%', '83%', '97%', '67%']  memcached=129.5%
[monitor] ['65%', '97%', '97%', '71%']  memcached=135.8%
[monitor] ['76%', '90%', '93%', '75%']  memcached=150.7%
[monitor] ['70%', '87%', '97%', '76%']  memcached=145.9%
[monitor] ['68%', '97%', '97%', '81%']  memcached=148.8%
[monitor] ['76%', '93%', '97%', '82%']  memcached=158.0%
[monitor] ['85%', '90%', '97%', '77%']  memcached=161.8%
[MEMCACHED] cores updated to: ['0', '2', '3']
[streamcluster] cores updated to: [1]
[monitor] ['69%', '100%', '71%', '69%']  memcached=209.2%
[monitor] ['68%', '100%', '71%', '72%']  memcached=211.1%
[monitor] ['68%', '100%', '72%', '71%']  memcached=211.3%
[monitor] ['69%', '100%', '72%', '72%']  memcached=212.8%
[monitor] ['67%', '100%', '69%', '69%']  memcached=204.9%
[monitor] ['66%', '100%', '68%', '68%']  memcached=200.9%
[monitor] ['65%', '100%', '65%', '68%']  memcached=197.5%
[monitor] ['64%', '100%', '65%', '67%']  memcached=195.6%
[monitor] ['78%', '100%', '81%', '78%']  memcached=236.7%
[monitor] ['81%', '100%', '86%', '83%']  memcached=249.1%
[monitor] ['81%', '100%', '83%', '83%']  memcached=246.3%
[monitor] ['75%', '100%', '79%', '78%']  memcached=231.7%
[monitor] ['76%', '100%', '78%', '78%']  memcached=231.2%
[monitor] ['73%', '100%', '81%', '78%']  memcached=231.3%
[monitor] ['63%', '100%', '65%', '64%']  memcached=192.1%
[monitor] ['40%', '100%', '41%', '43%']  memcached=124.6%
[MEMCACHED] cores updated to: ['0', '3']
[streamcluster] cores updated to: [1, 2]
[monitor] ['47%', '93%', '93%', '49%']  memcached=95.7%
[monitor] ['49%', '93%', '97%', '49%']  memcached=97.9%
[monitor] ['88%', '90%', '93%', '91%']  memcached=178.5%
[MEMCACHED] cores updated to: ['0', '1', '3']
[streamcluster] cores updated to: [2]
[monitor] ['81%', '78%', '100%', '80%']  memcached=238.9%
[monitor] ['80%', '76%', '100%', '78%']  memcached=234.1%
[monitor] ['78%', '75%', '100%', '78%']  memcached=231.2%
[monitor] ['76%', '76%', '100%', '78%']  memcached=230.4%
[monitor] ['78%', '76%', '100%', '76%']  memcached=229.7%
[monitor] ['74%', '71%', '100%', '72%']  memcached=216.5%
[monitor] ['60%', '60%', '100%', '63%']  memcached=183.3%
[monitor] ['63%', '63%', '100%', '63%']  memcached=189.0%
[monitor] ['62%', '60%', '100%', '62%']  memcached=183.8%
[monitor] ['79%', '76%', '100%', '81%']  memcached=235.6%
[monitor] ['80%', '78%', '100%', '80%']  memcached=237.8%
[monitor] ['80%', '77%', '100%', '77%']  memcached=234.3%
[monitor] ['76%', '72%', '100%', '77%']  memcached=225.1%
[monitor] ['74%', '71%', '100%', '70%']  memcached=215.0%
[monitor] ['75%', '72%', '100%', '74%']  memcached=220.5%
[monitor] ['76%', '74%', '100%', '76%']  memcached=225.7%
[monitor] ['79%', '76%', '100%', '78%']  memcached=232.9%
[monitor] ['78%', '77%', '100%', '76%']  memcached=230.4%
[monitor] ['78%', '74%', '100%', '78%']  memcached=229.8%
[monitor] ['51%', '47%', '100%', '49%']  memcached=146.5%
[monitor] ['46%', '49%', '100%', '48%']  memcached=142.8%
[monitor] ['46%', '47%', '100%', '51%']  memcached=144.0%
[monitor] ['70%', '70%', '100%', '72%']  memcached=212.3%
[monitor] ['82%', '78%', '100%', '83%']  memcached=243.0%
[monitor] ['78%', '76%', '100%', '78%']  memcached=231.2%
[monitor] ['72%', '72%', '100%', '72%']  memcached=217.2%
[monitor] ['64%', '62%', '100%', '67%']  memcached=193.3%
[monitor] ['65%', '62%', '100%', '64%']  memcached=191.8%
[monitor] ['66%', '64%', '100%', '65%']  memcached=195.1%
[monitor] ['73%', '73%', '100%', '74%']  memcached=220.3%
[monitor] ['76%', '72%', '100%', '76%']  memcached=223.1%
[monitor] ['76%', '76%', '100%', '76%']  memcached=228.3%
[monitor] ['68%', '64%', '100%', '65%']  memcached=196.8%
[monitor] ['62%', '62%', '100%', '61%']  memcached=184.8%
[monitor] ['62%', '60%', '100%', '61%']  memcached=183.3%
[monitor] ['55%', '54%', '100%', '58%']  memcached=167.0%
[monitor] ['56%', '54%', '100%', '55%']  memcached=164.2%
[monitor] ['49%', '52%', '100%', '54%']  memcached=154.8%
[monitor] ['55%', '52%', '100%', '52%']  memcached=159.8%
[monitor] ['66%', '63%', '100%', '66%']  memcached=194.5%
[monitor] ['65%', '63%', '100%', '62%']  memcached=190.7%
[monitor] ['65%', '62%', '100%', '66%']  memcached=193.4%
[monitor] ['68%', '64%', '100%', '68%']  memcached=199.1%
[monitor] ['68%', '66%', '100%', '70%']  memcached=203.4%
[monitor] ['68%', '67%', '100%', '70%']  memcached=204.2%
[monitor] ['64%', '64%', '100%', '67%']  memcached=195.1%
[monitor] ['59%', '57%', '100%', '58%']  memcached=174.4%
[monitor] ['55%', '58%', '100%', '56%']  memcached=169.2%
[monitor] ['59%', '56%', '100%', '57%']  memcached=171.8%
[monitor] ['63%', '62%', '100%', '65%']  memcached=190.3%
[monitor] ['62%', '63%', '100%', '62%']  memcached=186.9%
[monitor] ['64%', '60%', '100%', '64%']  memcached=189.0%
[monitor] ['62%', '62%', '100%', '63%']  memcached=188.4%
[monitor] ['66%', '65%', '100%', '66%']  memcached=196.8%
[monitor] ['63%', '63%', '100%', '65%']  memcached=191.9%
[monitor] ['72%', '69%', '100%', '71%']  memcached=212.1%
[monitor] ['83%', '81%', '100%', '83%']  memcached=247.3%
[monitor] ['83%', '77%', '100%', '82%']  memcached=242.4%
[monitor] ['78%', '78%', '100%', '81%']  memcached=236.6%
[monitor] ['67%', '62%', '100%', '66%']  memcached=195.0%
[monitor] ['66%', '65%', '100%', '66%']  memcached=196.8%
[monitor] ['67%', '62%', '100%', '68%']  memcached=197.1%
[monitor] ['68%', '67%', '100%', '67%']  memcached=200.8%
[monitor] ['66%', '67%', '100%', '66%']  memcached=198.3%
[monitor] ['65%', '62%', '100%', '68%']  memcached=195.0%
[monitor] ['59%', '60%', '100%', '62%']  memcached=180.7%
[monitor] ['57%', '56%', '100%', '56%']  memcached=168.4%
[monitor] ['51%', '57%', '100%', '56%']  memcached=163.6%
[monitor] ['57%', '52%', '100%', '56%']  memcached=164.5%
[monitor] ['49%', '47%', '100%', '52%']  memcached=147.6%
[monitor] ['48%', '48%', '100%', '49%']  memcached=144.1%
[monitor] ['48%', '46%', '100%', '50%']  memcached=144.1%
[monitor] ['73%', '72%', '100%', '71%']  memcached=215.8%
[monitor] ['80%', '74%', '100%', '78%']  memcached=232.1%
[monitor] ['79%', '78%', '100%', '78%']  memcached=235.6%
[monitor] ['74%', '70%', '100%', '72%']  memcached=215.5%
[monitor] ['67%', '66%', '100%', '68%']  memcached=200.0%
[monitor] ['69%', '67%', '100%', '68%']  memcached=204.2%
[monitor] ['66%', '66%', '100%', '68%']  memcached=199.2%
[monitor] ['68%', '66%', '100%', '69%']  memcached=202.6%
[monitor] ['69%', '65%', '100%', '67%']  memcached=200.9%
[monitor] ['68%', '68%', '100%', '68%']  memcached=203.4%
[monitor] ['57%', '58%', '100%', '57%']  memcached=171.7%
[monitor] ['55%', '55%', '100%', '55%']  memcached=164.3%
[monitor] ['55%', '52%', '100%', '56%']  memcached=163.0%
[monitor] ['63%', '61%', '100%', '64%']  memcached=188.0%
[monitor] ['69%', '67%', '100%', '68%']  memcached=204.3%
[monitor] ['72%', '68%', '100%', '70%']  memcached=209.3%
[monitor] ['66%', '65%', '100%', '68%']  memcached=198.4%
[monitor] ['57%', '57%', '100%', '57%']  memcached=172.1%
[monitor] ['60%', '58%', '100%', '60%']  memcached=179.1%
[monitor] ['60%', '56%', '100%', '59%']  memcached=174.2%
[monitor] ['48%', '48%', '100%', '49%']  memcached=144.1%
[monitor] ['50%', '49%', '100%', '50%']  memcached=148.8%
[monitor] ['48%', '47%', '100%', '49%']  memcached=143.0%
[monitor] ['44%', '41%', '100%', '45%']  memcached=131.1%
[MEMCACHED] cores updated to: ['0', '3']
[streamcluster] cores updated to: [1, 2]
[monitor] ['48%', '90%', '91%', '50%']  memcached=97.8%
[monitor] ['47%', '94%', '90%', '50%']  memcached=96.7%
[monitor] ['56%', '84%', '97%', '55%']  memcached=110.6%
[monitor] ['97%', '97%', '81%', '81%']  memcached=177.7%
[MEMCACHED] cores updated to: ['0', '2', '3']
[streamcluster] cores updated to: [1]
[monitor] ['76%', '100%', '79%', '81%']  memcached=235.0%
[monitor] ['78%', '100%', '79%', '81%']  memcached=237.3%
[monitor] ['70%', '100%', '70%', '72%']  memcached=212.8%
[monitor] ['67%', '100%', '69%', '71%']  memcached=207.0%
[monitor] ['67%', '100%', '68%', '68%']  memcached=202.6%
[monitor] ['66%', '100%', '68%', '68%']  memcached=201.6%
[monitor] ['65%', '100%', '68%', '70%']  memcached=203.3%
[monitor] ['66%', '100%', '68%', '68%']  memcached=201.6%
[monitor] ['59%', '100%', '62%', '61%']  memcached=181.4%
[monitor] ['47%', '100%', '44%', '48%']  memcached=138.6%
[MEMCACHED] cores updated to: ['0', '3']
[streamcluster] cores updated to: [1, 2]
[monitor] ['50%', '90%', '87%', '51%']  memcached=101.1%
[monitor] ['53%', '100%', '100%', '51%']  memcached=104.3%
[monitor] ['76%', '94%', '97%', '81%']  memcached=156.2%
[monitor] ['80%', '84%', '90%', '76%']  memcached=156.3%
[monitor] ['76%', '87%', '100%', '83%']  memcached=158.5%
[monitor] ['55%', '90%', '93%', '57%']  memcached=112.0%
[monitor] ['46%', '90%', '90%', '47%']  memcached=92.3%
[monitor] ['47%', '73%', '97%', '44%']  memcached=91.1%
[monitor] ['48%', '77%', '93%', '51%']  memcached=98.9%
[monitor] ['50%', '66%', '100%', '57%']  memcached=106.5%
[monitor] ['50%', '77%', '100%', '51%']  memcached=101.2%
[monitor] ['48%', '84%', '97%', '57%']  memcached=104.1%
[monitor] ['83%', '83%', '100%', '72%']  memcached=155.4%
[monitor] ['85%', '94%', '94%', '71%']  memcached=156.3%
[monitor] ['78%', '97%', '100%', '75%']  memcached=152.8%
[monitor] ['85%', '94%', '90%', '88%']  memcached=172.7%
[MEMCACHED] cores updated to: ['0', '1', '3']
[streamcluster] cores updated to: [2]
[monitor] ['85%', '79%', '100%', '85%']  memcached=249.6%
[monitor] ['81%', '80%', '100%', '79%']  memcached=240.0%
[monitor] ['80%', '78%', '100%', '81%']  memcached=238.9%
[monitor] ['80%', '78%', '100%', '81%']  memcached=238.9%
[monitor] ['81%', '78%', '100%', '79%']  memcached=237.7%
[monitor] ['77%', '76%', '100%', '77%']  memcached=229.7%
[monitor] ['48%', '48%', '100%', '48%']  memcached=143.2%
[monitor] ['48%', '44%', '100%', '46%']  memcached=138.3%
[MEMCACHED] cores updated to: ['0', '3']
[streamcluster] cores updated to: [1, 2]
[monitor] ['53%', '83%', '90%', '55%']  memcached=108.7%
[monitor] ['72%', '88%', '91%', '78%']  memcached=150.2%
[monitor] ['91%', '97%', '97%', '88%']  memcached=178.5%
[MEMCACHED] cores updated to: ['0', '2', '3']
[streamcluster] cores updated to: [1]
[monitor] ['76%', '100%', '78%', '76%']  memcached=229.8%
[monitor] ['73%', '100%', '76%', '74%']  memcached=223.0%
[monitor] ['66%', '100%', '69%', '68%']  memcached=203.4%
[monitor] ['64%', '100%', '67%', '67%']  memcached=197.4%
[monitor] ['67%', '100%', '67%', '67%']  memcached=200.0%
[monitor] ['63%', '100%', '67%', '68%']  memcached=198.4%
[monitor] ['66%', '100%', '68%', '66%']  memcached=199.2%
[monitor] ['65%', '100%', '66%', '68%']  memcached=198.4%
[monitor] ['56%', '100%', '56%', '59%']  memcached=171.0%
[monitor] ['52%', '100%', '49%', '53%']  memcached=154.5%
[monitor] ['48%', '100%', '52%', '53%']  memcached=153.1%
[monitor] ['59%', '100%', '61%', '60%']  memcached=179.9%
[monitor] ['68%', '100%', '72%', '71%']  memcached=210.3%
[monitor] ['71%', '100%', '72%', '71%']  memcached=213.6%
[monitor] ['70%', '100%', '71%', '70%']  memcached=211.1%
[monitor] ['59%', '100%', '60%', '62%']  memcached=180.9%
[monitor] ['60%', '100%', '62%', '62%']  memcached=184.3%
[monitor] ['57%', '100%', '63%', '59%']  memcached=178.8%
[monitor] ['57%', '100%', '60%', '63%']  memcached=180.3%
[monitor] ['59%', '100%', '60%', '62%']  memcached=180.4%
[monitor] ['59%', '100%', '60%', '60%']  memcached=178.5%
[monitor] ['50%', '100%', '49%', '53%']  memcached=152.3%
[monitor] ['41%', '100%', '44%', '43%']  memcached=128.5%
[MEMCACHED] cores updated to: ['0', '3']
[streamcluster] cores updated to: [1, 2]
[monitor] ['47%', '80%', '93%', '50%']  memcached=96.7%
[monitor] ['51%', '77%', '91%', '53%']  memcached=104.5%
[monitor] ['94%', '90%', '96%', '94%']  memcached=187.3%
[MEMCACHED] cores updated to: ['0', '1', '3']
[streamcluster] cores updated to: [2]
[monitor] ['81%', '78%', '100%', '81%']  memcached=239.4%
[monitor] ['78%', '76%', '100%', '81%']  memcached=234.0%
[monitor] ['71%', '71%', '100%', '71%']  memcached=212.8%
[monitor] ['68%', '66%', '100%', '68%']  memcached=201.6%
[monitor] ['69%', '68%', '100%', '70%']  memcached=206.7%
[monitor] ['64%', '62%', '100%', '62%']  memcached=187.2%
[monitor] ['58%', '55%', '100%', '58%']  memcached=171.0%
[monitor] ['57%', '55%', '100%', '59%']  memcached=171.2%
[monitor] ['59%', '57%', '100%', '60%']  memcached=175.6%
[monitor] ['66%', '65%', '100%', '65%']  memcached=195.7%
[monitor] ['67%', '65%', '100%', '66%']  memcached=197.5%
[monitor] ['67%', '64%', '100%', '67%']  memcached=197.4%
[monitor] ['44%', '47%', '100%', '47%']  memcached=137.2%
[MEMCACHED] cores updated to: ['0', '3']
[streamcluster] cores updated to: [1, 2]
[monitor] ['46%', '77%', '97%', '48%']  memcached=93.5%
[monitor] ['47%', '87%', '93%', '48%']  memcached=94.5%
[monitor] ['57%', '87%', '88%', '57%']  memcached=113.6%
[monitor] ['70%', '94%', '97%', '66%']  memcached=136.1%
[monitor] ['69%', '90%', '100%', '66%']  memcached=135.1%
[monitor] ['68%', '84%', '97%', '69%']  memcached=136.7%
[monitor] ['79%', '87%', '93%', '91%']  memcached=169.9%
[MEMCACHED] cores updated to: ['0', '2', '3']
[streamcluster] cores updated to: [1]
[monitor] ['69%', '100%', '74%', '72%']  memcached=215.4%
[monitor] ['73%', '100%', '74%', '76%']  memcached=223.6%
[monitor] ['74%', '100%', '79%', '76%']  memcached=229.0%
[monitor] ['76%', '100%', '78%', '78%']  memcached=231.8%
[monitor] ['76%', '100%', '80%', '78%']  memcached=234.1%
[monitor] ['63%', '100%', '65%', '68%']  memcached=195.9%
[monitor] ['59%', '100%', '57%', '59%']  memcached=175.1%
[monitor] ['55%', '100%', '58%', '57%']  memcached=170.6%
[monitor] ['58%', '100%', '61%', '59%']  memcached=177.7%
[monitor] ['68%', '100%', '67%', '69%']  memcached=203.4%
[monitor] ['67%', '100%', '68%', '70%']  memcached=205.1%
[monitor] ['65%', '100%', '68%', '70%']  memcached=203.3%
[monitor] ['76%', '100%', '81%', '78%']  memcached=234.6%
[monitor] ['80%', '100%', '79%', '81%']  memcached=240.0%
[monitor] ['76%', '100%', '84%', '80%']  memcached=240.1%
[monitor] ['57%', '100%', '57%', '57%']  memcached=171.8%
[monitor] ['39%', '100%', '40%', '42%']  memcached=121.4%
[MEMCACHED] cores updated to: ['0', '3']
[streamcluster] cores updated to: [1, 2]
[monitor] ['49%', '81%', '94%', '53%']  memcached=102.0%
[monitor] ['55%', '90%', '97%', '56%']  memcached=110.9%
[monitor] ['71%', '81%', '94%', '78%']  memcached=149.8%
[monitor] ['76%', '77%', '100%', '74%']  memcached=150.0%
[monitor] ['71%', '90%', '97%', '81%']  memcached=151.6%
[monitor] ['58%', '87%', '94%', '60%']  memcached=118.1%
[monitor] ['57%', '87%', '93%', '59%']  memcached=115.9%
[monitor] ['56%', '90%', '86%', '58%']  memcached=114.0%
[monitor] ['56%', '90%', '90%', '56%']  memcached=111.4%
[monitor] ['57%', '80%', '90%', '58%']  memcached=114.3%
[monitor] ['55%', '87%', '88%', '55%']  memcached=109.1%
[monitor] ['62%', '90%', '90%', '65%']  memcached=127.6%
[monitor] ['86%', '90%', '100%', '91%']  memcached=176.6%
[MEMCACHED] cores updated to: ['0', '1', '3']
[streamcluster] cores updated to: [2]
[monitor] ['75%', '73%', '100%', '72%']  memcached=220.2%
[monitor] ['76%', '74%', '100%', '77%']  memcached=227.6%
[monitor] ['85%', '82%', '100%', '85%']  memcached=252.5%
[monitor] ['83%', '81%', '100%', '82%']  memcached=245.8%
[monitor] ['82%', '81%', '100%', '83%']  memcached=246.8%
[monitor] ['72%', '68%', '100%', '70%']  memcached=210.5%
[monitor] ['67%', '64%', '100%', '67%']  memcached=198.4%
[monitor] ['66%', '64%', '100%', '66%']  memcached=195.7%
[monitor] ['65%', '66%', '100%', '68%']  memcached=198.4%
[monitor] ['72%', '68%', '100%', '71%']  memcached=210.9%
[monitor] ['71%', '68%', '100%', '70%']  memcached=209.7%
[monitor] ['71%', '69%', '100%', '70%']  memcached=210.3%
[monitor] ['44%', '45%', '100%', '47%']  memcached=136.3%
[MEMCACHED] cores updated to: ['0', '3']
[streamcluster] cores updated to: [1, 2]
[monitor] ['52%', '93%', '87%', '52%']  memcached=104.2%
[monitor] ['48%', '91%', '83%', '50%']  memcached=97.7%
[monitor] ['50%', '83%', '90%', '52%']  memcached=102.2%
[monitor] ['50%', '74%', '94%', '53%']  memcached=103.2%
[monitor] ['49%', '77%', '100%', '53%']  memcached=102.1%
[monitor] ['59%', '93%', '84%', '60%']  memcached=119.4%
[monitor] ['91%', '91%', '97%', '83%']  memcached=173.8%
[MEMCACHED] cores updated to: ['0', '2', '3']
[streamcluster] cores updated to: [1]
[monitor] ['73%', '100%', '74%', '76%']  memcached=223.6%
[monitor] ['70%', '100%', '74%', '74%']  memcached=218.0%
[monitor] ['55%', '100%', '55%', '55%']  memcached=164.1%
[monitor] ['49%', '100%', '49%', '53%']  memcached=150.9%
[monitor] ['51%', '100%', '57%', '57%']  memcached=164.9%
[monitor] ['70%', '100%', '70%', '72%']  memcached=212.1%
[monitor] ['76%', '100%', '80%', '78%']  memcached=233.5%
[monitor] ['78%', '100%', '79%', '81%']  memcached=237.7%
[monitor] ['74%', '100%', '76%', '76%']  memcached=225.0%
[monitor] ['70%', '100%', '72%', '72%']  memcached=214.3%
[monitor] ['71%', '100%', '73%', '74%']  memcached=217.7%
[monitor] ['68%', '100%', '72%', '72%']  memcached=211.9%
[monitor] ['50%', '100%', '47%', '51%']  memcached=147.6%
[monitor] ['45%', '100%', '49%', '52%']  memcached=146.2%
[monitor] ['48%', '100%', '49%', '51%']  memcached=147.6%
[monitor] ['70%', '100%', '73%', '71%']  memcached=214.3%
[monitor] ['79%', '100%', '81%', '83%']  memcached=242.4%
[monitor] ['78%', '100%', '83%', '80%']  memcached=241.7%
[monitor] ['74%', '100%', '76%', '74%']  memcached=224.4%
[monitor] ['67%', '100%', '70%', '68%']  memcached=205.0%
[monitor] ['68%', '100%', '70%', '72%']  memcached=209.3%
[monitor] ['69%', '100%', '69%', '69%']  memcached=207.7%
[monitor] ['76%', '100%', '81%', '78%']  memcached=235.2%
[monitor] ['76%', '100%', '81%', '78%']  memcached=234.0%
[monitor] ['74%', '100%', '76%', '78%']  memcached=227.7%
[monitor] ['83%', '100%', '85%', '85%']  memcached=253.5%
[monitor] ['81%', '100%', '85%', '82%']  memcached=248.2%
[monitor] ['79%', '100%', '85%', '83%']  memcached=247.1%
[monitor] ['69%', '100%', '72%', '70%']  memcached=212.0%
[monitor] ['61%', '100%', '62%', '62%']  memcached=184.4%
[monitor] ['59%', '100%', '61%', '62%']  memcached=181.8%
[monitor] ['61%', '100%', '62%', '63%']  memcached=186.9%
[monitor] ['80%', '100%', '82%', '81%']  memcached=243.4%
[monitor] ['81%', '100%', '80%', '83%']  memcached=243.4%
[monitor] ['83%', '100%', '86%', '83%']  memcached=251.4%
[monitor] ['60%', '100%', '59%', '61%']  memcached=179.0%
[monitor] ['56%', '100%', '60%', '58%']  memcached=173.8%
[monitor] ['57%', '100%', '57%', '56%']  memcached=169.8%
[monitor] ['50%', '100%', '52%', '53%']  memcached=155.9%
[monitor] ['47%', '100%', '44%', '49%']  memcached=139.6%
[MEMCACHED] cores updated to: ['0', '3']
[streamcluster] cores updated to: [1, 2]
[monitor] ['52%', '84%', '83%', '54%']  memcached=106.6%
[monitor] ['51%', '67%', '100%', '59%']  memcached=110.2%
[monitor] ['65%', '87%', '86%', '60%']  memcached=125.5%
[monitor] ['62%', '90%', '93%', '61%']  memcached=123.5%
[monitor] ['60%', '73%', '97%', '64%']  memcached=124.8%
[monitor] ['76%', '87%', '90%', '74%']  memcached=149.4%
[monitor] ['83%', '93%', '90%', '72%']  memcached=154.7%
[monitor] ['80%', '97%', '90%', '72%']  memcached=152.5%
[monitor] ['60%', '73%', '94%', '63%']  memcached=123.9%
[monitor] ['52%', '81%', '90%', '53%']  memcached=105.5%
[monitor] ['54%', '90%', '77%', '53%']  memcached=107.5%
[monitor] ['51%', '71%', '83%', '54%']  memcached=105.3%
[monitor] ['50%', '77%', '83%', '50%']  memcached=100.0%
[monitor] ['49%', '77%', '94%', '50%']  memcached=98.9%
[monitor] ['49%', '65%', '100%', '51%']  memcached=100.0%
[monitor] ['71%', '84%', '93%', '77%']  memcached=148.2%
[monitor] ['88%', '97%', '83%', '75%']  memcached=162.9%
[MEMCACHED] cores updated to: ['0', '1', '3']
[streamcluster] cores updated to: [2]
[monitor] ['68%', '68%', '100%', '69%']  memcached=204.2%
[monitor] ['69%', '67%', '100%', '69%']  memcached=204.8%
[monitor] ['69%', '68%', '100%', '69%']  memcached=206.0%
[monitor] ['69%', '68%', '100%', '69%']  memcached=206.9%
[monitor] ['70%', '68%', '100%', '70%']  memcached=208.4%
[monitor] ['77%', '74%', '100%', '77%']  memcached=228.0%
[monitor] ['77%', '74%', '100%', '76%']  memcached=227.1%
[monitor] ['74%', '71%', '100%', '73%']  memcached=217.7%
[monitor] ['68%', '66%', '100%', '66%']  memcached=199.2%
[monitor] ['68%', '68%', '100%', '68%']  memcached=203.4%
[monitor] ['68%', '64%', '100%', '68%']  memcached=199.9%
[monitor] ['58%', '57%', '100%', '58%']  memcached=173.4%
[monitor] ['48%', '49%', '100%', '50%']  memcached=146.5%
[monitor] ['49%', '50%', '100%', '49%']  memcached=147.7%
[monitor] ['55%', '54%', '100%', '55%']  memcached=163.8%
[monitor] ['79%', '80%', '100%', '83%']  memcached=242.3%
[monitor] ['83%', '80%', '100%', '83%']  memcached=245.7%
[monitor] ['85%', '79%', '100%', '82%']  memcached=246.6%
[monitor] ['51%', '53%', '100%', '50%']  memcached=154.5%
[monitor] ['45%', '48%', '100%', '49%']  memcached=141.8%
[monitor] ['45%', '45%', '100%', '49%']  memcached=139.3%
[MEMCACHED] cores updated to: ['0', '3']
[streamcluster] cores updated to: [1, 2]
[monitor] ['70%', '79%', '97%', '74%']  memcached=143.7%
[monitor] ['85%', '97%', '90%', '82%']  memcached=167.6%
[MEMCACHED] cores updated to: ['0', '2', '3']
[streamcluster] cores updated to: [1]
[monitor] ['72%', '100%', '74%', '74%']  memcached=220.5%
[monitor] ['66%', '100%', '68%', '68%']  memcached=200.8%
[monitor] ['50%', '100%', '52%', '51%']  memcached=153.4%
[monitor] ['48%', '100%', '50%', '51%']  memcached=148.7%
[monitor] ['49%', '100%', '49%', '51%']  memcached=148.8%
[monitor] ['55%', '100%', '57%', '54%']  memcached=165.6%
[monitor] ['52%', '100%', '58%', '55%']  memcached=165.3%
[monitor] ['52%', '100%', '55%', '58%']  memcached=165.0%
[monitor] ['55%', '100%', '56%', '55%']  memcached=165.3%
[monitor] ['55%', '100%', '55%', '57%']  memcached=166.3%
[monitor] ['56%', '100%', '57%', '59%']  memcached=171.8%
[monitor] ['48%', '100%', '51%', '52%']  memcached=150.9%
[monitor] ['41%', '100%', '40%', '37%']  memcached=118.0%
[MEMCACHED] cores updated to: ['0', '3']
[streamcluster] cores updated to: [1, 2]
[monitor] ['46%', '87%', '93%', '48%']  memcached=93.5%
[monitor] ['48%', '81%', '97%', '47%']  memcached=94.7%
[monitor] ['66%', '90%', '97%', '70%']  memcached=135.8%
[monitor] ['71%', '88%', '97%', '70%']  memcached=141.1%
[monitor] ['68%', '90%', '94%', '67%']  memcached=134.2%
[monitor] ['74%', '91%', '97%', '80%']  memcached=153.7%
[monitor] ['81%', '90%', '90%', '83%']  memcached=163.4%
[MEMCACHED] cores updated to: ['0', '1', '3']
[streamcluster] cores updated to: [2]
[monitor] ['70%', '68%', '100%', '72%']  memcached=211.2%
[monitor] ['74%', '72%', '100%', '72%']  memcached=217.9%
[monitor] ['75%', '74%', '100%', '78%']  memcached=226.5%
[monitor] ['75%', '74%', '100%', '77%']  memcached=226.3%
[monitor] ['78%', '76%', '100%', '78%']  memcached=232.4%
[monitor] ['52%', '52%', '100%', '50%']  memcached=154.7%
[monitor] ['52%', '51%', '100%', '53%']  memcached=157.1%
[monitor] ['53%', '51%', '100%', '52%']  memcached=157.1%
[monitor] ['44%', '41%', '100%', '44%']  memcached=129.8%
[MEMCACHED] cores updated to: ['0', '3']
[streamcluster] cores updated to: [1, 2]
[monitor] ['46%', '83%', '97%', '48%']  memcached=93.5%
[monitor] ['46%', '90%', '90%', '51%']  memcached=96.7%
[monitor] ['56%', '87%', '93%', '57%']  memcached=113.2%
[monitor] ['94%', '94%', '88%', '76%']  memcached=170.1%
[MEMCACHED] cores updated to: ['0', '2', '3']
[streamcluster] cores updated to: [1]
[monitor] ['72%', '100%', '76%', '77%']  memcached=225.8%
[monitor] ['72%', '100%', '76%', '76%']  memcached=224.2%
[monitor] ['76%', '100%', '77%', '79%']  memcached=232.4%
[monitor] ['76%', '100%', '76%', '78%']  memcached=229.8%
[monitor] ['74%', '100%', '78%', '76%']  memcached=228.4%
[monitor] ['59%', '100%', '60%', '61%']  memcached=179.0%
[monitor] ['52%', '100%', '55%', '55%']  memcached=161.5%
[monitor] ['53%', '100%', '54%', '57%']  memcached=163.7%
[monitor] ['46%', '100%', '57%', '53%']  memcached=156.2%
[monitor] ['50%', '100%', '49%', '51%']  memcached=149.9%
[monitor] ['50%', '100%', '55%', '53%']  memcached=158.0%
[monitor] ['50%', '100%', '52%', '52%']  memcached=154.7%
[monitor] ['66%', '100%', '65%', '68%']  memcached=199.1%
[monitor] ['67%', '100%', '68%', '68%']  memcached=202.5%
[monitor] ['63%', '100%', '69%', '66%']  memcached=198.3%
[monitor] ['49%', '100%', '48%', '50%']  memcached=146.5%
[monitor] ['42%', '100%', '41%', '41%']  memcached=123.7%
[MEMCACHED] cores updated to: ['0', '3']
[streamcluster] cores updated to: [1, 2]
[monitor] ['50%', '90%', '97%', '50%']  memcached=100.0%
[monitor] ['58%', '93%', '97%', '59%']  memcached=117.2%
[monitor] ['74%', '87%', '97%', '76%']  memcached=149.4%
[monitor] ['76%', '97%', '97%', '76%']  memcached=152.6%
[monitor] ['75%', '90%', '97%', '75%']  memcached=150.0%
[monitor] ['76%', '29%', '97%', '75%']  memcached=150.7%
[monitor] ['78%', '59%', '100%', '76%']  memcached=154.1%
[monitor] ['78%', '90%', '93%', '80%']  memcached=158.4%
[monitor] ['85%', '80%', '94%', '94%']  memcached=178.8%
[MEMCACHED] cores updated to: ['0', '1', '3']
[streamcluster] cores updated to: [2]
[monitor] ['83%', '82%', '100%', '83%']  memcached=248.5%
[monitor] ['83%', '78%', '100%', '81%']  memcached=242.3%
[monitor] ['71%', '69%', '100%', '71%']  memcached=211.3%
[monitor] ['56%', '57%', '100%', '58%']  memcached=171.4%
[monitor] ['56%', '57%', '100%', '58%']  memcached=171.4%
[monitor] ['56%', '57%', '100%', '57%']  memcached=169.5%
[monitor] ['44%', '47%', '100%', '50%']  memcached=140.4%
[monitor] ['44%', '45%', '100%', '45%']  memcached=134.6%
[MEMCACHED] cores updated to: ['0', '3']
[streamcluster] cores updated to: [1, 2]
[monitor] ['52%', '94%', '77%', '53%']  memcached=105.4%
[monitor] ['78%', '80%', '97%', '83%']  memcached=161.2%
[MEMCACHED] cores updated to: ['0', '2', '3']
[streamcluster] cores updated to: [1]
[monitor] ['76%', '100%', '78%', '78%']  memcached=233.1%
[monitor] ['76%', '100%', '78%', '78%']  memcached=232.4%
[monitor] ['62%', '100%', '65%', '65%']  memcached=192.5%
[monitor] ['55%', '100%', '55%', '56%']  memcached=165.3%
[monitor] ['52%', '100%', '54%', '55%']  memcached=160.8%
[monitor] ['51%', '100%', '55%', '58%']  memcached=163.5%
[monitor] ['49%', '100%', '49%', '49%']  memcached=146.6%
[monitor] ['46%', '100%', '51%', '49%']  memcached=146.3%
[monitor] ['48%', '100%', '48%', '48%']  memcached=143.1%
[monitor] ['69%', '100%', '72%', '71%']  memcached=212.7%
[monitor] ['78%', '100%', '81%', '82%']  memcached=241.3%
[monitor] ['78%', '100%', '83%', '81%']  memcached=242.8%
[monitor] ['72%', '100%', '76%', '75%']  memcached=222.5%
[monitor] ['71%', '100%', '72%', '72%']  memcached=214.6%
[monitor] ['72%', '100%', '73%', '74%']  memcached=219.2%
[monitor] ['68%', '100%', '69%', '69%']  memcached=206.0%
[monitor] ['49%', '100%', '50%', '49%']  memcached=147.8%
[monitor] ['48%', '100%', '50%', '52%']  memcached=149.8%
[monitor] ['49%', '100%', '49%', '45%']  memcached=142.8%
[monitor] ['69%', '100%', '72%', '71%']  memcached=212.5%
[monitor] ['74%', '100%', '74%', '74%']  memcached=221.1%
[monitor] ['76%', '100%', '76%', '76%']  memcached=227.0%
[monitor] ['74%', '100%', '76%', '79%']  memcached=229.6%
[monitor] ['76%', '100%', '78%', '81%']  memcached=235.2%
[monitor] ['77%', '100%', '81%', '78%']  memcached=235.3%
[monitor] ['73%', '100%', '73%', '74%']  memcached=219.6%
[monitor] ['56%', '100%', '60%', '59%']  memcached=175.2%
[monitor] ['58%', '100%', '60%', '60%']  memcached=179.1%
[monitor] ['59%', '100%', '59%', '60%']  memcached=177.2%
[monitor] ['45%', '100%', '50%', '48%']  memcached=143.0%
[monitor] ['41%', '100%', '43%', '48%']  memcached=132.0%
[MEMCACHED] cores updated to: ['0', '3']
[streamcluster] cores updated to: [1, 2]
[monitor] ['52%', '93%', '87%', '50%']  memcached=102.2%
[monitor] ['68%', '97%', '90%', '68%']  memcached=136.0%
[monitor] ['83%', '90%', '97%', '88%']  memcached=170.7%
[MEMCACHED] cores updated to: ['0', '1', '3']
[streamcluster] cores updated to: [2]
[monitor] ['76%', '72%', '100%', '74%']  memcached=221.2%
[monitor] ['68%', '68%', '100%', '68%']  memcached=202.5%
[monitor] ['55%', '52%', '100%', '53%']  memcached=160.4%
[monitor] ['55%', '56%', '100%', '55%']  memcached=165.6%
[monitor] ['53%', '53%', '100%', '58%']  memcached=164.8%
[monitor] ['69%', '68%', '100%', '69%']  memcached=206.9%
[monitor] ['70%', '68%', '100%', '69%']  memcached=207.0%
[monitor] ['72%', '72%', '100%', '72%']  memcached=216.1%
[monitor] ['54%', '49%', '100%', '56%']  memcached=158.3%
[monitor] ['40%', '42%', '100%', '42%']  memcached=123.3%
[MEMCACHED] cores updated to: ['0', '3']
[streamcluster] cores updated to: [1, 2]
[monitor] ['51%', '80%', '100%', '52%']  memcached=103.1%
[monitor] ['55%', '74%', '97%', '56%']  memcached=110.6%
[monitor] ['85%', '90%', '93%', '88%']  memcached=173.2%
[MEMCACHED] cores updated to: ['0', '2', '3']
[streamcluster] cores updated to: [1]
[monitor] ['74%', '100%', '76%', '76%']  memcached=226.3%
[monitor] ['72%', '100%', '74%', '74%']  memcached=219.8%
[monitor] ['59%', '100%', '62%', '64%']  memcached=184.7%
[monitor] ['60%', '100%', '62%', '63%']  memcached=185.3%
[monitor] ['61%', '100%', '63%', '63%']  memcached=187.2%
[monitor] ['51%', '100%', '52%', '52%']  memcached=155.8%
[monitor] ['47%', '100%', '45%', '49%']  memcached=140.3%
[monitor] ['44%', '100%', '47%', '49%']  memcached=139.3%
[MEMCACHED] cores updated to: ['0', '3']
[streamcluster] cores updated to: [1, 2]
[monitor] ['50%', '90%', '94%', '50%']  memcached=100.0%
[monitor] ['49%', '90%', '77%', '51%']  memcached=100.0%
[monitor] ['50%', '90%', '90%', '51%']  memcached=101.1%
[monitor] ['51%', '94%', '87%', '53%']  memcached=104.1%
[monitor] ['70%', '100%', '77%', '68%']  memcached=137.8%
[monitor] ['70%', '87%', '93%', '68%']  memcached=138.3%
[monitor] ['72%', '90%', '90%', '69%']  memcached=141.0%
[monitor] ['86%', '87%', '93%', '83%']  memcached=168.6%
[MEMCACHED] cores updated to: ['0', '1', '3']
[streamcluster] cores updated to: [2]
[monitor] ['85%', '85%', '100%', '82%']  memcached=252.5%
[monitor] ['91%', '82%', '100%', '88%']  memcached=259.9%
[monitor] ['68%', '70%', '100%', '70%']  memcached=208.1%
[monitor] ['40%', '38%', '100%', '38%']  memcached=115.7%
[MEMCACHED] cores updated to: ['0', '3']
[streamcluster] cores updated to: [1, 2]
[monitor] ['47%', '91%', '93%', '47%']  memcached=93.6%
[monitor] ['45%', '93%', '87%', '46%']  memcached=90.3%
[monitor] ['91%', '87%', '100%', '91%']  memcached=181.5%
[MEMCACHED] cores updated to: ['0', '2', '3']
[streamcluster] cores updated to: [1]
[monitor] ['78%', '100%', '79%', '80%']  memcached=237.8%
[monitor] ['77%', '100%', '83%', '83%']  memcached=243.3%
[monitor] ['79%', '100%', '80%', '82%']  memcached=241.3%
[monitor] ['81%', '100%', '83%', '83%']  memcached=246.7%
[monitor] ['81%', '100%', '82%', '82%']  memcached=245.3%
[monitor] ['72%', '100%', '78%', '77%']  memcached=227.1%
[monitor] ['69%', '100%', '72%', '72%']  memcached=213.5%
[monitor] ['68%', '100%', '71%', '70%']  memcached=209.6%
[monitor] ['70%', '100%', '70%', '70%']  memcached=210.0%
[monitor] ['57%', '100%', '57%', '56%']  memcached=170.7%
[monitor] ['56%', '100%', '57%', '60%']  memcached=173.7%
[monitor] ['55%', '100%', '58%', '57%']  memcached=170.0%
[monitor] ['46%', '100%', '51%', '50%']  memcached=147.5%
[monitor] ['40%', '100%', '45%', '47%']  memcached=132.0%
[MEMCACHED] cores updated to: ['0', '3']
[streamcluster] cores updated to: [1, 2]
[monitor] ['54%', '87%', '93%', '51%']  memcached=105.2%
[monitor] ['56%', '87%', '97%', '59%']  memcached=114.9%
[monitor] ['66%', '94%', '87%', '67%']  memcached=132.5%
[monitor] ['71%', '93%', '100%', '68%']  memcached=139.3%
[monitor] ['67%', '93%', '94%', '68%']  memcached=134.2%
[monitor] ['75%', '66%', '100%', '88%']  memcached=162.5%
[MEMCACHED] cores updated to: ['0', '1', '3']
[streamcluster] cores updated to: [2]
[monitor] ['70%', '68%', '100%', '71%']  memcached=208.2%
[monitor] ['72%', '70%', '100%', '72%']  memcached=213.6%
[monitor] ['68%', '68%', '100%', '67%']  memcached=202.5%
[monitor] ['67%', '65%', '100%', '65%']  memcached=196.7%
[monitor] ['68%', '65%', '100%', '67%']  memcached=200.0%
[monitor] ['68%', '68%', '100%', '71%']  memcached=206.7%
[monitor] ['72%', '67%', '100%', '70%']  memcached=208.5%
[monitor] ['68%', '68%', '100%', '68%']  memcached=203.4%
[monitor] ['66%', '64%', '100%', '65%']  memcached=194.8%
[monitor] ['51%', '50%', '100%', '52%']  memcached=153.4%
[monitor] ['48%', '48%', '100%', '51%']  memcached=146.3%
[monitor] ['49%', '50%', '100%', '51%']  memcached=149.9%
[monitor] ['70%', '73%', '100%', '72%']  memcached=215.7%
[monitor] ['82%', '79%', '100%', '81%']  memcached=242.3%
[monitor] ['81%', '78%', '100%', '81%']  memcached=239.5%
[monitor] ['76%', '76%', '100%', '78%']  memcached=229.8%
[monitor] ['79%', '77%', '100%', '81%']  memcached=237.1%
[monitor] ['81%', '78%', '100%', '78%']  memcached=237.3%
[monitor] ['74%', '71%', '100%', '73%']  memcached=217.7%
[monitor] ['45%', '43%', '100%', '47%']  memcached=135.0%
[MEMCACHED] cores updated to: ['0', '3']
[streamcluster] cores updated to: [1, 2]
[monitor] ['49%', '84%', '93%', '54%']  memcached=103.1%
[monitor] ['50%', '75%', '94%', '54%']  memcached=104.2%
[monitor] ['68%', '77%', '97%', '77%']  memcached=145.4%
[monitor] ['78%', '94%', '97%', '85%']  memcached=163.1%
[MEMCACHED] cores updated to: ['0', '2', '3']
[streamcluster] cores updated to: [1]
[monitor] ['68%', '100%', '72%', '72%']  memcached=212.0%
[monitor] ['56%', '100%', '59%', '57%']  memcached=172.1%
[monitor] ['45%', '100%', '47%', '45%']  memcached=137.6%
[MEMCACHED] cores updated to: ['0', '3']
[streamcluster] cores updated to: [1, 2]
[monitor] ['52%', '83%', '87%', '53%']  memcached=105.5%
[monitor] ['56%', '81%', '94%', '56%']  memcached=111.4%
[monitor] ['88%', '94%', '93%', '100%']  memcached=188.2%
[MEMCACHED] cores updated to: ['0', '1', '3']
[streamcluster] cores updated to: [2]
[monitor] ['77%', '76%', '100%', '78%']  memcached=230.6%
[monitor] ['80%', '78%', '100%', '80%']  memcached=237.8%
[monitor] ['78%', '78%', '100%', '78%']  memcached=233.3%
[monitor] ['80%', '76%', '100%', '78%']  memcached=234.1%
[monitor] ['78%', '78%', '100%', '81%']  memcached=237.3%
[monitor] ['77%', '73%', '100%', '76%']  memcached=226.4%
[monitor] ['70%', '71%', '100%', '70%']  memcached=211.6%
[monitor] ['72%', '68%', '100%', '72%']  memcached=212.4%
[monitor] ['68%', '64%', '100%', '68%']  memcached=199.9%
[monitor] ['45%', '44%', '100%', '49%']  memcached=138.3%
[MEMCACHED] cores updated to: ['0', '3']
[streamcluster] cores updated to: [1, 2]
[monitor] ['53%', '81%', '97%', '54%']  memcached=107.7%
[monitor] ['52%', '77%', '100%', '58%']  memcached=110.5%
[monitor] ['85%', '67%', '97%', '90%']  memcached=175.2%
[MEMCACHED] cores updated to: ['0', '2', '3']
[streamcluster] cores updated to: [1]
[monitor] ['80%', '100%', '85%', '85%']  memcached=249.7%
[monitor] ['80%', '100%', '86%', '86%']  memcached=251.4%
[monitor] ['72%', '100%', '71%', '73%']  memcached=215.8%
[monitor] ['63%', '100%', '68%', '67%']  memcached=198.4%
[monitor] ['64%', '100%', '65%', '68%']  memcached=196.6%
[monitor] ['65%', '100%', '67%', '68%']  memcached=199.2%
[monitor] ['68%', '100%', '69%', '69%']  memcached=206.6%
[monitor] ['66%', '100%', '69%', '72%']  memcached=206.8%
[monitor] ['69%', '100%', '73%', '72%']  memcached=214.0%
[monitor] ['48%', '100%', '52%', '52%']  memcached=152.3%
[monitor] ['48%', '100%', '51%', '50%']  memcached=148.7%
[monitor] ['48%', '100%', '50%', '49%']  memcached=146.5%
[monitor] ['45%', '100%', '47%', '49%']  memcached=141.0%
[monitor] ['42%', '100%', '46%', '40%']  memcached=128.0%
[MEMCACHED] cores updated to: ['0', '3']
[streamcluster] cores updated to: [1, 2]
[monitor] ['50%', '93%', '93%', '49%']  memcached=98.9%
[monitor] ['50%', '75%', '97%', '53%']  memcached=103.2%
[monitor] ['60%', '93%', '81%', '61%']  memcached=121.3%
[monitor] ['60%', '90%', '87%', '63%']  memcached=123.3%
[monitor] ['60%', '93%', '90%', '61%']  memcached=120.9%
[monitor] ['62%', '84%', '93%', '62%']  memcached=123.4%
[monitor] ['62%', '97%', '94%', '63%']  memcached=124.3%
[monitor] ['59%', '83%', '100%', '66%']  memcached=124.4%
[monitor] ['51%', '88%', '90%', '55%']  memcached=105.8%
[monitor] ['45%', '90%', '97%', '47%']  memcached=92.0%
[monitor] ['49%', '86%', '88%', '50%']  memcached=98.8%
[monitor] ['54%', '87%', '84%', '56%']  memcached=109.5%
[monitor] ['82%', '87%', '86%', '77%']  memcached=159.5%
[monitor] ['85%', '82%', '97%', '78%']  memcached=163.2%
[MEMCACHED] cores updated to: ['0', '1', '3']
[streamcluster] cores updated to: [2]
[monitor] ['69%', '68%', '100%', '70%']  memcached=206.7%
[monitor] ['84%', '83%', '100%', '85%']  memcached=252.5%
[monitor] ['81%', '79%', '100%', '81%']  memcached=241.0%
[monitor] ['81%', '80%', '100%', '83%']  memcached=243.4%
[monitor] ['72%', '70%', '100%', '71%']  memcached=213.1%
[monitor] ['68%', '67%', '100%', '68%']  memcached=202.7%
[monitor] ['69%', '66%', '100%', '68%']  memcached=202.5%
[monitor] ['61%', '61%', '100%', '62%']  memcached=183.5%
[monitor] ['45%', '45%', '100%', '48%']  memcached=138.2%
[MEMCACHED] cores updated to: ['0', '3']
[streamcluster] cores updated to: [1, 2]
[monitor] ['50%', '74%', '94%', '52%']  memcached=102.4%
[monitor] ['50%', '93%', '90%', '56%']  memcached=105.6%
[monitor] ['56%', '77%', '90%', '56%']  memcached=112.2%
[monitor] ['58%', '91%', '87%', '57%']  memcached=115.3%
[monitor] ['60%', '90%', '83%', '57%']  memcached=117.0%
[monitor] ['79%', '87%', '94%', '78%']  memcached=157.2%
[monitor] ['97%', '94%', '90%', '94%']  memcached=190.6%
[MEMCACHED] cores updated to: ['0', '2', '3']
[streamcluster] cores updated to: [1]
[monitor] ['79%', '100%', '88%', '85%']  memcached=252.2%
[monitor] ['78%', '100%', '83%', '81%']  memcached=241.2%
[monitor] ['78%', '100%', '83%', '81%']  memcached=241.8%
[monitor] ['78%', '100%', '80%', '79%']  memcached=237.2%
[monitor] ['77%', '100%', '82%', '80%']  memcached=239.5%
[monitor] ['37%', '100%', '36%', '37%']  memcached=109.5%
[MEMCACHED] cores updated to: ['0', '3']
[streamcluster] cores updated to: [1, 2]
[monitor] ['38%', '77%', '100%', '43%']  memcached=81.6%
[monitor] ['42%', '93%', '93%', '40%']  memcached=82.3%
[monitor] ['45%', '90%', '97%', '52%']  memcached=97.4%
[monitor] ['53%', '90%', '90%', '55%']  memcached=108.0%
[monitor] ['53%', '90%', '93%', '57%']  memcached=110.0%
[monitor] ['65%', '90%', '93%', '68%']  memcached=132.5%
[monitor] ['97%', '87%', '97%', '97%']  memcached=193.3%
[MEMCACHED] cores updated to: ['0', '1', '3']
[streamcluster] cores updated to: [2]
[monitor] ['81%', '82%', '100%', '86%']  memcached=248.6%
[monitor] ['85%', '82%', '100%', '81%']  memcached=247.8%
[monitor] ['69%', '70%', '100%', '71%']  memcached=210.5%
[monitor] ['75%', '69%', '100%', '70%']  memcached=214.7%
[monitor] ['71%', '71%', '100%', '72%']  memcached=213.9%
[monitor] ['60%', '60%', '100%', '61%']  memcached=181.4%
[monitor] ['57%', '55%', '100%', '60%']  memcached=171.7%
[monitor] ['56%', '55%', '100%', '57%']  memcached=168.6%
[monitor] ['52%', '50%', '100%', '51%']  memcached=153.4%
[monitor] ['37%', '37%', '100%', '42%']  memcached=115.0%
[MEMCACHED] cores updated to: ['0', '3']
[streamcluster] cores updated to: [1, 2]
[monitor] ['46%', '93%', '93%', '47%']  memcached=92.3%
[monitor] ['43%', '81%', '97%', '46%']  memcached=88.8%
[monitor] ['45%', '80%', '93%', '50%']  memcached=95.5%
[monitor] ['48%', '83%', '90%', '47%']  memcached=94.3%
[monitor] ['47%', '90%', '87%', '48%']  memcached=94.4%
[monitor] ['61%', '84%', '97%', '59%']  memcached=120.5%
[monitor] ['62%', '90%', '97%', '63%']  memcached=125.0%
[monitor] ['66%', '94%', '97%', '68%']  memcached=133.4%
[monitor] ['65%', '94%', '94%', '64%']  memcached=128.8%
[monitor] ['59%', '86%', '97%', '60%']  memcached=119.0%
[monitor] ['61%', '94%', '97%', '62%']  memcached=123.3%
[monitor] ['61%', '81%', '97%', '64%']  memcached=124.6%
[monitor] ['68%', '97%', '97%', '69%']  memcached=136.5%
[monitor] ['67%', '94%', '90%', '68%']  memcached=135.0%
[monitor] ['68%', '97%', '97%', '69%']  memcached=136.5%
[monitor] ['81%', '90%', '97%', '78%']  memcached=158.9%
[monitor] ['82%', '93%', '97%', '74%']  memcached=156.7%
[monitor] ['85%', '90%', '97%', '74%']  memcached=159.0%
[monitor] ['85%', '94%', '93%', '85%']  memcached=170.1%
[MEMCACHED] cores updated to: ['0', '2', '3']
[streamcluster] cores updated to: [1]
[monitor] ['73%', '100%', '75%', '76%']  memcached=223.6%
[monitor] ['74%', '100%', '76%', '76%']  memcached=225.0%
[monitor] ['74%', '100%', '76%', '77%']  memcached=227.6%
[monitor] ['81%', '100%', '86%', '82%']  memcached=248.6%
[monitor] ['81%', '100%', '90%', '85%']  memcached=255.7%
[monitor] ['85%', '100%', '91%', '90%']  memcached=266.2%
[monitor] ['64%', '100%', '67%', '68%']  memcached=199.1%
[monitor] ['61%', '100%', '62%', '63%']  memcached=186.9%
[monitor] ['63%', '100%', '62%', '64%']  memcached=189.6%
[monitor] ['59%', '100%', '63%', '60%']  memcached=181.8%
[monitor] ['54%', '100%', '54%', '57%']  memcached=164.5%
[monitor] ['56%', '100%', '58%', '59%']  memcached=173.3%
[monitor] ['53%', '100%', '52%', '54%']  memcached=159.6%
[monitor] ['44%', '100%', '44%', '45%']  memcached=133.6%
[MEMCACHED] cores updated to: ['0', '3']
[streamcluster] cores updated to: [1, 2]
[monitor] ['52%', '90%', '87%', '51%']  memcached=103.4%
[monitor] ['53%', '77%', '93%', '54%']  memcached=107.4%
[monitor] ['43%', '73%', '97%', '48%']  memcached=91.3%
[monitor] ['42%', '73%', '97%', '42%']  memcached=84.4%
[monitor] ['42%', '90%', '94%', '44%']  memcached=86.7%
[monitor] ['51%', '90%', '93%', '53%']  memcached=104.5%
[monitor] ['63%', '80%', '97%', '62%']  memcached=124.7%
[monitor] ['63%', '97%', '97%', '64%']  memcached=127.7%
[monitor] ['64%', '90%', '97%', '63%']  memcached=126.4%
[monitor] ['60%', '83%', '97%', '59%']  memcached=119.6%
[monitor] ['58%', '83%', '91%', '59%']  memcached=116.9%
[monitor] ['58%', '87%', '97%', '59%']  memcached=116.9%
[monitor] ['74%', '93%', '97%', '86%']  memcached=159.4%
[monitor] ['82%', '90%', '97%', '82%']  memcached=164.7%
[MEMCACHED] cores updated to: ['0', '1', '3']
[streamcluster] cores updated to: [2]
[monitor] ['72%', '70%', '100%', '72%']  memcached=213.6%
[monitor] ['60%', '59%', '100%', '60%']  memcached=178.5%
[monitor] ['52%', '50%', '100%', '52%']  memcached=154.8%
[monitor] ['53%', '51%', '100%', '54%']  memcached=158.9%
[monitor] ['59%', '57%', '100%', '56%']  memcached=172.1%
[monitor] ['80%', '78%', '100%', '79%']  memcached=236.7%
[monitor] ['85%', '83%', '100%', '83%']  memcached=251.0%
[monitor] ['83%', '82%', '100%', '83%']  memcached=248.1%
[monitor] ['82%', '78%', '100%', '81%']  memcached=241.3%
[monitor] ['81%', '80%', '100%', '81%']  memcached=241.1%
[monitor] ['83%', '82%', '100%', '83%']  memcached=248.1%
[monitor] ['57%', '55%', '100%', '57%']  memcached=169.6%
[monitor] ['44%', '41%', '100%', '42%']  memcached=127.2%
[MEMCACHED] cores updated to: ['0', '3']
[streamcluster] cores updated to: [1, 2]
[monitor] ['50%', '97%', '90%', '49%']  memcached=98.9%
[monitor] ['57%', '94%', '97%', '58%']  memcached=114.6%
[monitor] ['83%', '80%', '100%', '78%']  memcached=160.4%
[MEMCACHED] cores updated to: ['0', '2', '3']
[streamcluster] cores updated to: [1]
[monitor] ['68%', '100%', '71%', '70%']  memcached=209.2%
[monitor] ['68%', '100%', '70%', '70%']  memcached=208.3%
[monitor] ['57%', '100%', '61%', '63%']  memcached=181.3%
[monitor] ['60%', '100%', '60%', '58%']  memcached=177.7%
[monitor] ['56%', '100%', '57%', '60%']  memcached=172.8%
[monitor] ['63%', '100%', '64%', '63%']  memcached=190.9%
[monitor] ['66%', '100%', '68%', '69%']  memcached=203.2%
[monitor] ['68%', '100%', '70%', '68%']  memcached=206.7%
[monitor] ['65%', '100%', '65%', '67%']  memcached=197.4%
[monitor] ['60%', '100%', '64%', '62%']  memcached=185.1%
[monitor] ['62%', '100%', '60%', '63%']  memcached=184.7%
[monitor] ['60%', '100%', '62%', '65%']  memcached=187.6%
[monitor] ['72%', '100%', '76%', '74%']  memcached=221.8%
[monitor] ['74%', '100%', '74%', '77%']  memcached=225.7%
[monitor] ['73%', '100%', '76%', '76%']  memcached=225.9%
[monitor] ['52%', '100%', '56%', '55%']  memcached=163.3%
[monitor] ['45%', '100%', '43%', '45%']  memcached=134.1%
[MEMCACHED] cores updated to: ['0', '3']
[streamcluster] cores updated to: [1, 2]
[monitor] ['51%', '83%', '100%', '51%']  memcached=102.1%
[monitor] ['60%', '87%', '97%', '60%']  memcached=120.9%
[monitor] ['85%', '97%', '97%', '83%']  memcached=168.2%
[MEMCACHED] cores updated to: ['0', '1', '3']
[streamcluster] cores updated to: [2]
[monitor] ['78%', '74%', '100%', '76%']  memcached=228.5%
[monitor] ['76%', '73%', '100%', '76%']  memcached=224.3%
[monitor] ['76%', '75%', '100%', '76%']  memcached=227.0%
[monitor] ['79%', '75%', '100%', '78%']  memcached=232.3%
[monitor] ['78%', '75%', '100%', '76%']  memcached=228.5%
[monitor] ['60%', '59%', '100%', '60%']  memcached=179.0%
[monitor] ['50%', '53%', '100%', '53%']  memcached=156.7%
[monitor] ['51%', '55%', '100%', '53%']  memcached=159.2%
[monitor] ['50%', '52%', '100%', '53%']  memcached=155.5%
[monitor] ['47%', '49%', '100%', '49%']  memcached=144.4%
[monitor] ['45%', '49%', '100%', '48%']  memcached=142.0%
[monitor] ['48%', '45%', '100%', '49%']  memcached=142.2%
[monitor] ['40%', '40%', '100%', '37%']  memcached=115.7%
[MEMCACHED] cores updated to: ['0', '3']
[streamcluster] cores updated to: [1, 2]
[monitor] ['45%', '90%', '93%', '47%']  memcached=91.5%
[monitor] ['47%', '90%', '77%', '46%']  memcached=92.5%
[monitor] ['57%', '77%', '93%', '57%']  memcached=114.0%
[monitor] ['60%', '97%', '18%', '62%']  memcached=121.7%
[monitor] ['61%', '87%', '90%', '60%']  memcached=121.8%
[monitor] ['69%', '77%', '93%', '68%']  memcached=137.5%
[monitor] ['81%', '81%', '97%', '88%']  memcached=169.0%
[MEMCACHED] cores updated to: ['0', '2', '3']
[streamcluster] cores updated to: [1]
[monitor] ['74%', '100%', '76%', '78%']  memcached=229.1%
[monitor] ['71%', '100%', '76%', '74%']  memcached=221.1%
[monitor] ['49%', '100%', '47%', '49%']  memcached=144.4%
[monitor] ['48%', '100%', '51%', '48%']  memcached=146.6%
[monitor] ['49%', '100%', '50%', '50%']  memcached=148.9%
[monitor] ['52%', '100%', '51%', '53%']  memcached=156.8%
[monitor] ['53%', '100%', '55%', '57%']  memcached=164.9%
[monitor] ['53%', '100%', '59%', '57%']  memcached=169.0%
[monitor] ['62%', '100%', '61%', '62%']  memcached=184.3%
[monitor] ['74%', '100%', '75%', '76%']  memcached=225.7%
[monitor] ['69%', '100%', '74%', '74%']  memcached=216.6%
[monitor] ['74%', '100%', '74%', '76%']  memcached=223.7%
[monitor] ['74%', '100%', '76%', '78%']  memcached=228.4%
[monitor] ['73%', '100%', '76%', '76%']  memcached=225.0%
[monitor] ['74%', '100%', '78%', '79%']  memcached=231.0%
[monitor] ['81%', '100%', '80%', '83%']  memcached=243.4%
[monitor] ['81%', '100%', '83%', '81%']  memcached=244.4%
[monitor] ['77%', '100%', '83%', '81%']  memcached=240.6%
[monitor] ['73%', '100%', '75%', '75%']  memcached=223.0%
[monitor] ['66%', '100%', '67%', '68%']  memcached=200.0%
[monitor] ['64%', '100%', '69%', '66%']  memcached=199.2%
[monitor] ['63%', '100%', '64%', '66%']  memcached=193.1%
[monitor] ['50%', '100%', '49%', '48%']  memcached=146.6%
[monitor] ['45%', '100%', '49%', '48%']  memcached=142.1%
[monitor] ['49%', '100%', '45%', '47%']  memcached=140.9%
[monitor] ['48%', '100%', '50%', '50%']  memcached=147.6%
[monitor] ['50%', '100%', '51%', '54%']  memcached=155.5%
[monitor] ['51%', '100%', '53%', '51%']  memcached=155.6%
[monitor] ['63%', '100%', '66%', '64%']  memcached=193.0%
[monitor] ['83%', '100%', '85%', '86%']  memcached=253.9%
[monitor] ['81%', '100%', '85%', '82%']  memcached=247.7%
[monitor] ['82%', '100%', '88%', '86%']  memcached=256.3%
[monitor] ['73%', '100%', '74%', '76%']  memcached=223.6%
[monitor] ['74%', '100%', '76%', '72%']  memcached=221.6%
[monitor] ['75%', '100%', '76%', '76%']  memcached=227.0%
[monitor] ['55%', '100%', '56%', '55%']  memcached=164.9%
[monitor] ['48%', '100%', '52%', '51%']  memcached=151.0%
[monitor] ['51%', '100%', '52%', '52%']  memcached=155.7%
[monitor] ['51%', '100%', '51%', '51%']  memcached=153.4%
[monitor] ['51%', '100%', '56%', '52%']  memcached=159.0%
[monitor] ['51%', '100%', '53%', '53%']  memcached=157.9%
[monitor] ['54%', '100%', '56%', '56%']  memcached=165.3%
[monitor] ['74%', '100%', '74%', '76%']  memcached=223.0%
[monitor] ['75%', '100%', '74%', '74%']  memcached=223.0%
[monitor] ['73%', '100%', '73%', '76%']  memcached=222.3%
[monitor] ['72%', '100%', '72%', '73%']  memcached=217.3%
[monitor] ['69%', '100%', '71%', '70%']  memcached=210.6%
[monitor] ['69%', '100%', '71%', '72%']  memcached=212.1%
[monitor] ['60%', '100%', '60%', '61%']  memcached=180.0%
[monitor] ['50%', '100%', '50%', '48%']  memcached=147.6%
[monitor] ['48%', '100%', '49%', '50%']  memcached=146.6%
[monitor] ['51%', '100%', '52%', '50%']  memcached=153.4%
[monitor] ['55%', '100%', '60%', '60%']  memcached=175.0%
[monitor] ['57%', '100%', '58%', '59%']  memcached=173.8%
[monitor] ['59%', '100%', '60%', '60%']  memcached=179.5%
[monitor] ['62%', '100%', '64%', '63%']  memcached=189.6%
[monitor] ['63%', '100%', '65%', '65%']  memcached=193.5%
[monitor] ['62%', '100%', '64%', '62%']  memcached=188.3%
[monitor] ['57%', '100%', '59%', '58%']  memcached=174.0%
[monitor] ['51%', '100%', '51%', '52%']  memcached=154.6%
[monitor] ['52%', '100%', '52%', '51%']  memcached=155.5%
[monitor] ['57%', '100%', '60%', '57%']  memcached=173.8%
[monitor] ['81%', '100%', '83%', '85%']  memcached=248.7%
[monitor] ['83%', '100%', '85%', '88%']  memcached=255.2%
[monitor] ['83%', '100%', '86%', '86%']  memcached=254.3%
[monitor] ['83%', '100%', '85%', '88%']  memcached=256.0%
[monitor] ['82%', '100%', '85%', '88%']  memcached=254.7%
[monitor] ['88%', '100%', '88%', '91%']  memcached=267.4%
[monitor] ['78%', '100%', '80%', '77%']  memcached=235.5%
[monitor] ['75%', '100%', '78%', '81%']  memcached=234.5%
[monitor] ['76%', '100%', '78%', '78%']  memcached=232.5%
[monitor] ['74%', '100%', '79%', '78%']  memcached=231.0%
[monitor] ['66%', '100%', '67%', '68%']  memcached=200.8%
[monitor] ['70%', '100%', '70%', '72%']  memcached=212.5%
[monitor] ['68%', '100%', '68%', '68%']  memcached=203.3%
[monitor] ['82%', '100%', '88%', '91%']  memcached=260.8%
[monitor] ['82%', '100%', '86%', '88%']  memcached=256.3%
[monitor] ['84%', '100%', '85%', '82%']  memcached=251.4%
[monitor] ['62%', '100%', '64%', '68%']  memcached=193.1%
[monitor] ['55%', '100%', '57%', '56%']  memcached=167.1%
[monitor] ['55%', '100%', '57%', '57%']  memcached=168.5%
[monitor] ['62%', '100%', '62%', '60%']  memcached=184.4%
[monitor] ['78%', '100%', '81%', '84%']  memcached=242.1%
[monitor] ['81%', '100%', '85%', '82%']  memcached=248.2%
[monitor] ['81%', '100%', '81%', '81%']  memcached=242.2%
[monitor] ['67%', '100%', '68%', '71%']  memcached=206.1%
[monitor] ['68%', '100%', '71%', '70%']  memcached=209.0%
[monitor] ['68%', '100%', '72%', '72%']  memcached=211.1%
[monitor] ['62%', '100%', '62%', '62%']  memcached=185.7%
[monitor] ['57%', '100%', '60%', '59%']  memcached=175.2%
[monitor] ['56%', '100%', '59%', '58%']  memcached=173.3%
[monitor] ['55%', '100%', '57%', '57%']  memcached=168.2%
[monitor] ['48%', '100%', '49%', '49%']  memcached=145.5%
[monitor] ['48%', '100%', '48%', '49%']  memcached=144.1%
[monitor] ['48%', '100%', '50%', '49%']  memcached=146.6%
[monitor] ['78%', '100%', '83%', '83%']  memcached=244.0%
[monitor] ['79%', '100%', '82%', '83%']  memcached=244.2%
[monitor] ['79%', '100%', '83%', '85%']  memcached=247.6%
[monitor] ['72%', '100%', '76%', '74%']  memcached=222.5%
[monitor] ['69%', '100%', '72%', '72%']  memcached=212.8%
[monitor] ['72%', '100%', '74%', '74%']  memcached=219.9%
[monitor] ['72%', '100%', '78%', '77%']  memcached=227.1%
[monitor] ['81%', '100%', '85%', '85%']  memcached=251.1%
[monitor] ['83%', '100%', '86%', '85%']  memcached=253.9%
[monitor] ['83%', '100%', '88%', '88%']  memcached=259.1%
[monitor] ['78%', '100%', '83%', '83%']  memcached=244.0%
[monitor] ['76%', '100%', '81%', '82%']  memcached=238.6%
[monitor] ['77%', '100%', '80%', '82%']  memcached=239.5%
[monitor] ['53%', '100%', '56%', '52%']  memcached=161.7%
[monitor] ['42%', '100%', '46%', '43%']  memcached=130.7%
[MEMCACHED] cores updated to: ['0', '3']
[streamcluster] cores updated to: [1, 2]
[monitor] ['48%', '81%', '97%', '53%']  memcached=101.0%
[monitor] ['53%', '83%', '97%', '53%']  memcached=106.7%
[monitor] ['57%', '70%', '91%', '60%']  memcached=116.8%
[monitor] ['59%', '86%', '97%', '59%']  memcached=118.2%
[monitor] ['58%', '87%', '77%', '60%']  memcached=118.1%
[monitor] ['91%', '87%', '100%', '100%']  memcached=190.9%
[MEMCACHED] cores updated to: ['0', '1', '3']
[streamcluster] cores updated to: [2]
[monitor] ['91%', '88%', '100%', '91%']  memcached=269.4%
[monitor] ['88%', '83%', '100%', '87%']  memcached=257.8%
[monitor] ['74%', '74%', '100%', '74%']  memcached=221.7%
[monitor] ['68%', '67%', '100%', '71%']  memcached=205.8%
[monitor] ['72%', '69%', '100%', '68%']  memcached=209.4%
[monitor] ['69%', '68%', '100%', '70%']  memcached=206.7%
[monitor] ['75%', '72%', '100%', '74%']  memcached=221.2%
[monitor] ['73%', '70%', '100%', '73%']  memcached=216.2%
[monitor] ['76%', '72%', '100%', '74%']  memcached=222.5%
[monitor] ['83%', '81%', '100%', '83%']  memcached=246.7%
[monitor] ['81%', '79%', '100%', '81%']  memcached=240.6%
[monitor] ['79%', '79%', '100%', '81%']  memcached=239.4%
[monitor] ['59%', '57%', '100%', '57%']  memcached=173.1%
[monitor] ['50%', '49%', '100%', '52%']  memcached=151.1%
[monitor] ['49%', '53%', '100%', '50%']  memcached=152.2%
[monitor] ['62%', '59%', '100%', '65%']  memcached=185.6%
[monitor] ['78%', '76%', '100%', '76%']  memcached=230.4%
[monitor] ['76%', '74%', '100%', '76%']  memcached=225.7%
[monitor] ['76%', '74%', '100%', '76%']  memcached=225.0%
[monitor] ['77%', '74%', '100%', '78%']  memcached=228.1%
[monitor] ['80%', '76%', '100%', '78%']  memcached=233.5%
[monitor] ['77%', '78%', '100%', '78%']  memcached=233.9%
[monitor] ['75%', '72%', '100%', '73%']  memcached=220.5%
[monitor] ['74%', '73%', '100%', '76%']  memcached=222.3%
[monitor] ['77%', '72%', '100%', '74%']  memcached=223.3%
[monitor] ['64%', '64%', '100%', '66%']  memcached=194.4%
[monitor] ['58%', '58%', '100%', '58%']  memcached=174.4%
[monitor] ['57%', '57%', '100%', '56%']  memcached=169.8%
[monitor] ['60%', '61%', '100%', '64%']  memcached=184.5%
[monitor] ['75%', '74%', '100%', '77%']  memcached=225.6%
[monitor] ['75%', '74%', '100%', '73%']  memcached=221.7%
[monitor] ['76%', '74%', '100%', '78%']  memcached=228.4%
[monitor] ['74%', '71%', '100%', '72%']  memcached=216.9%
[monitor] ['71%', '70%', '100%', '72%']  memcached=213.6%
[monitor] ['72%', '71%', '100%', '71%']  memcached=213.3%
[monitor] ['60%', '61%', '100%', '63%']  memcached=184.4%
[monitor] ['57%', '57%', '100%', '59%']  memcached=173.4%
[monitor] ['57%', '57%', '100%', '59%']  memcached=173.1%
[monitor] ['60%', '61%', '100%', '62%']  memcached=182.9%
[monitor] ['82%', '80%', '100%', '82%']  memcached=244.7%
[monitor] ['85%', '82%', '100%', '85%']  memcached=252.5%
[monitor] ['82%', '77%', '100%', '81%']  memcached=240.1%
[monitor] ['78%', '78%', '100%', '81%']  memcached=236.1%
[monitor] ['81%', '78%', '100%', '79%']  memcached=237.7%
[monitor] ['81%', '81%', '100%', '81%']  memcached=242.2%
[monitor] ['81%', '81%', '100%', '81%']  memcached=242.2%
[monitor] ['82%', '80%', '100%', '83%']  memcached=245.2%
[monitor] ['83%', '81%', '100%', '83%']  memcached=246.3%
[monitor] ['74%', '69%', '100%', '72%']  memcached=215.1%
[monitor] ['51%', '56%', '100%', '55%']  memcached=161.3%
[monitor] ['55%', '52%', '100%', '56%']  memcached=162.4%
[monitor] ['53%', '55%', '100%', '55%']  memcached=162.6%
[monitor] ['67%', '64%', '100%', '66%']  memcached=196.8%
[monitor] ['65%', '63%', '100%', '65%']  memcached=193.4%
[monitor] ['66%', '65%', '100%', '66%']  memcached=196.7%
[monitor] ['64%', '65%', '100%', '67%']  memcached=196.1%
[monitor] ['62%', '61%', '100%', '62%']  memcached=185.2%
[monitor] ['62%', '62%', '100%', '62%']  memcached=185.7%
[monitor] ['56%', '56%', '100%', '58%']  memcached=170.1%
[monitor] ['48%', '45%', '100%', '48%']  memcached=141.1%
[monitor] ['43%', '43%', '100%', '48%']  memcached=134.2%
[MEMCACHED] cores updated to: ['0', '3']
[streamcluster] cores updated to: [1, 2]
[monitor] ['48%', '83%', '100%', '53%']  memcached=100.9%
[monitor] ['74%', '94%', '97%', '77%']  memcached=150.6%
[monitor] ['73%', '97%', '94%', '76%']  memcached=149.3%
[monitor] ['79%', '87%', '97%', '74%']  memcached=152.6%
[monitor] ['85%', '100%', '93%', '80%']  memcached=165.3%
[MEMCACHED] cores updated to: ['0', '2', '3']
[streamcluster] cores updated to: [1]
[monitor] ['70%', '100%', '72%', '71%']  memcached=212.5%
[monitor] ['71%', '100%', '72%', '72%']  memcached=214.3%
[monitor] ['69%', '100%', '73%', '72%']  memcached=214.0%
[monitor] ['68%', '100%', '72%', '72%']  memcached=212.7%
[monitor] ['70%', '100%', '72%', '72%']  memcached=214.3%
[monitor] ['71%', '100%', '72%', '72%']  memcached=215.0%
[monitor] ['76%', '100%', '80%', '78%']  memcached=233.5%
[monitor] ['76%', '100%', '78%', '81%']  memcached=234.0%
[monitor] ['76%', '100%', '78%', '78%']  memcached=232.4%
[monitor] ['72%', '100%', '76%', '76%']  memcached=224.5%
[monitor] ['72%', '100%', '72%', '72%']  memcached=216.8%
[monitor] ['69%', '100%', '71%', '72%']  memcached=212.1%
[monitor] ['74%', '100%', '76%', '76%']  memcached=226.4%
[monitor] ['79%', '100%', '85%', '85%']  memcached=249.1%
[monitor] ['83%', '100%', '85%', '88%']  memcached=256.4%
[monitor] ['82%', '100%', '88%', '88%']  memcached=257.7%
[monitor] ['75%', '100%', '77%', '77%']  memcached=229.3%
[monitor] ['78%', '100%', '81%', '80%']  memcached=238.9%
[monitor] ['74%', '100%', '78%', '78%']  memcached=229.8%
[monitor] ['56%', '100%', '56%', '58%']  memcached=169.8%
[monitor] ['47%', '100%', '47%', '48%']  memcached=140.8%
[monitor] ['47%', '100%', '49%', '48%']  memcached=143.2%
[monitor] ['51%', '100%', '56%', '55%']  memcached=162.4%
[monitor] ['63%', '100%', '66%', '66%']  memcached=195.2%
[monitor] ['66%', '100%', '65%', '65%']  memcached=195.9%
[monitor] ['63%', '100%', '66%', '67%']  memcached=195.9%
[monitor] ['78%', '100%', '81%', '78%']  memcached=237.3%
[monitor] ['77%', '100%', '81%', '80%']  memcached=237.5%
[monitor] ['78%', '100%', '81%', '81%']  memcached=239.5%
[monitor] ['68%', '100%', '70%', '72%']  memcached=210.9%
[monitor] ['63%', '100%', '66%', '66%']  memcached=195.1%
[monitor] ['64%', '100%', '66%', '67%']  memcached=196.8%
[monitor] ['68%', '100%', '68%', '66%']  memcached=202.4%
[monitor] ['68%', '100%', '73%', '72%']  memcached=213.2%
[monitor] ['74%', '100%', '73%', '76%']  memcached=223.0%
[monitor] ['69%', '100%', '72%', '71%']  memcached=211.9%
[monitor] ['35%', '100%', '39%', '36%']  memcached=109.4%
[MEMCACHED] cores updated to: ['0', '3']
[streamcluster] cores updated to: [1, 2]
[monitor] ['43%', '90%', '96%', '45%']  memcached=87.2%
[monitor] ['43%', '93%', '94%', '45%']  memcached=88.2%
[monitor] ['68%', '90%', '97%', '72%']  memcached=140.6%
[monitor] ['81%', '87%', '100%', '86%']  memcached=166.3%
[MEMCACHED] cores updated to: ['0', '1', '3']
[streamcluster] cores updated to: [2]
[monitor] ['76%', '71%', '100%', '74%']  memcached=220.4%
[monitor] ['72%', '72%', '100%', '72%']  memcached=216.1%
[monitor] ['71%', '68%', '100%', '71%']  memcached=209.3%
[monitor] ['69%', '68%', '100%', '70%']  memcached=207.5%
[monitor] ['69%', '68%', '100%', '68%']  memcached=205.0%
[monitor] ['52%', '51%', '100%', '54%']  memcached=157.6%
[monitor] ['48%', '52%', '100%', '51%']  memcached=150.8%
[monitor] ['50%', '50%', '100%', '51%']  memcached=151.1%
[monitor] ['42%', '40%', '100%', '40%']  memcached=122.8%
[MEMCACHED] cores updated to: ['0', '3']
[streamcluster] cores updated to: [1, 2]
[monitor] ['41%', '93%', '93%', '41%']  memcached=81.8%
[monitor] ['43%', '87%', '94%', '48%']  memcached=91.4%
[monitor] ['54%', '97%', '93%', '55%']  memcached=108.4%
[monitor] ['74%', '90%', '93%', '81%']  memcached=154.9%
[monitor] ['83%', '97%', '100%', '80%']  memcached=162.9%
[MEMCACHED] cores updated to: ['0', '2', '3']
[streamcluster] cores updated to: [1]
[monitor] ['65%', '100%', '68%', '69%']  memcached=202.5%
[monitor] ['64%', '100%', '64%', '64%']  memcached=192.2%
[monitor] ['62%', '100%', '65%', '63%']  memcached=191.0%
[monitor] ['62%', '100%', '62%', '63%']  memcached=187.2%
[monitor] ['69%', '100%', '72%', '70%']  memcached=211.0%
[monitor] ['70%', '100%', '72%', '73%']  memcached=215.0%
[monitor] ['72%', '100%', '71%', '72%']  memcached=216.1%
[monitor] ['76%', '100%', '80%', '80%']  memcached=236.3%
[monitor] ['78%', '100%', '83%', '83%']  memcached=243.5%
[monitor] ['81%', '100%', '83%', '81%']  memcached=245.0%
[monitor] ['74%', '100%', '78%', '78%']  memcached=229.8%
[monitor] ['47%', '100%', '51%', '49%']  memcached=146.4%
[monitor] ['50%', '100%', '48%', '50%']  memcached=147.8%
[monitor] ['45%', '100%', '49%', '50%']  memcached=144.3%
[monitor] ['74%', '100%', '76%', '74%']  memcached=223.0%
[monitor] ['78%', '100%', '83%', '81%']  memcached=241.7%
[monitor] ['80%', '100%', '83%', '85%']  memcached=248.2%
[monitor] ['83%', '100%', '84%', '83%']  memcached=250.1%
[monitor] ['83%', '100%', '85%', '86%']  memcached=253.9%
[monitor] ['81%', '100%', '86%', '82%']  memcached=249.1%
[monitor] ['80%', '100%', '82%', '82%']  memcached=244.2%
[monitor] ['72%', '100%', '74%', '74%']  memcached=219.8%
[monitor] ['72%', '100%', '73%', '73%']  memcached=217.7%
[monitor] ['72%', '100%', '72%', '72%']  memcached=216.8%
[monitor] ['78%', '100%', '82%', '81%']  memcached=240.7%
[monitor] ['81%', '100%', '86%', '82%']  memcached=248.6%
[monitor] ['81%', '100%', '83%', '83%']  memcached=247.3%
[monitor] ['68%', '100%', '71%', '68%']  memcached=207.9%
[monitor] ['60%', '100%', '62%', '63%']  memcached=185.5%
[monitor] ['60%', '100%', '61%', '60%']  memcached=181.9%
[monitor] ['60%', '100%', '60%', '62%']  memcached=181.9%
[monitor] ['59%', '100%', '60%', '59%']  memcached=178.6%
[monitor] ['57%', '100%', '60%', '60%']  memcached=176.3%
[monitor] ['58%', '100%', '59%', '59%']  memcached=175.8%
[monitor] ['45%', '100%', '48%', '50%']  memcached=143.3%
[monitor] ['45%', '100%', '45%', '44%']  memcached=135.4%
[MEMCACHED] cores updated to: ['0', '3']
[streamcluster] cores updated to: [1, 2]
[monitor] ['49%', '88%', '93%', '53%']  memcached=102.0%
[monitor] ['59%', '79%', '94%', '58%']  memcached=116.7%
[monitor] ['64%', '94%', '93%', '69%']  memcached=133.5%
[monitor] ['70%', '97%', '79%', '65%']  memcached=135.0%
[monitor] ['70%', '97%', '91%', '72%']  memcached=142.5%
[monitor] ['72%', '94%', '97%', '83%']  memcached=155.4%
[monitor] ['74%', '87%', '93%', '78%']  memcached=152.1%
[monitor] ['78%', '88%', '83%', '74%']  memcached=151.5%
[monitor] ['86%', '90%', '93%', '91%']  memcached=176.6%
[MEMCACHED] cores updated to: ['0', '1', '3']
[streamcluster] cores updated to: [2]
[monitor] ['81%', '78%', '100%', '79%']  memcached=237.3%
[monitor] ['80%', '78%', '100%', '80%']  memcached=237.8%
[monitor] ['75%', '73%', '100%', '76%']  memcached=223.6%
[monitor] ['72%', '71%', '100%', '73%']  memcached=215.7%
[monitor] ['76%', '72%', '100%', '74%']  memcached=221.8%
[monitor] ['72%', '72%', '100%', '72%']  memcached=216.2%
[monitor] ['71%', '71%', '100%', '72%']  memcached=213.6%
[monitor] ['72%', '71%', '100%', '73%']  memcached=215.8%
[monitor] ['74%', '71%', '100%', '72%']  memcached=216.9%
[monitor] ['65%', '66%', '100%', '66%']  memcached=196.7%
[monitor] ['65%', '64%', '100%', '66%']  memcached=195.3%
[monitor] ['65%', '62%', '100%', '66%']  memcached=192.8%
[monitor] ['66%', '66%', '100%', '64%']  memcached=196.0%
[monitor] ['65%', '63%', '100%', '68%']  memcached=195.9%
[monitor] ['64%', '64%', '100%', '65%']  memcached=193.7%
[monitor] ['62%', '60%', '100%', '63%']  memcached=184.2%
[monitor] ['50%', '50%', '100%', '52%']  memcached=152.2%
[monitor] ['50%', '54%', '100%', '52%']  memcached=156.3%
[monitor] ['49%', '51%', '100%', '50%']  memcached=150.0%
[monitor] ['53%', '51%', '100%', '56%']  memcached=160.2%
[monitor] ['55%', '53%', '100%', '53%']  memcached=161.7%
[monitor] ['53%', '53%', '100%', '55%']  memcached=161.5%
[monitor] ['55%', '52%', '100%', '56%']  memcached=163.0%
[monitor] ['51%', '55%', '100%', '54%']  memcached=160.1%
[monitor] ['52%', '53%', '100%', '56%']  memcached=161.3%
[monitor] ['58%', '57%', '100%', '58%']  memcached=173.4%
[monitor] ['71%', '70%', '100%', '74%']  memcached=214.7%
[monitor] ['74%', '69%', '100%', '72%']  memcached=214.7%
[monitor] ['69%', '69%', '100%', '69%']  memcached=207.7%
[monitor] ['55%', '53%', '100%', '57%']  memcached=164.6%
[monitor] ['54%', '52%', '100%', '54%']  memcached=161.0%
[monitor] ['51%', '57%', '100%', '53%']  memcached=161.2%
[monitor] ['64%', '61%', '100%', '65%']  memcached=190.4%
[monitor] ['70%', '69%', '100%', '69%']  memcached=208.5%
[monitor] ['70%', '68%', '100%', '70%']  memcached=208.3%
[monitor] ['69%', '69%', '100%', '72%']  memcached=210.8%
[monitor] ['69%', '68%', '100%', '68%']  memcached=205.0%
[monitor] ['67%', '67%', '100%', '68%']  memcached=201.6%
[monitor] ['70%', '67%', '100%', '68%']  memcached=204.2%
[monitor] ['61%', '61%', '100%', '66%']  memcached=187.8%
[monitor] ['60%', '60%', '100%', '62%']  memcached=181.4%
[monitor] ['61%', '62%', '100%', '62%']  memcached=184.8%
[monitor] ['60%', '60%', '100%', '63%']  memcached=183.0%
[monitor] ['58%', '58%', '100%', '57%']  memcached=173.1%
[monitor] ['58%', '55%', '100%', '58%']  memcached=171.0%
[monitor] ['62%', '65%', '100%', '66%']  memcached=193.5%
[monitor] ['78%', '75%', '100%', '76%']  memcached=229.1%
[monitor] ['77%', '74%', '100%', '76%']  memcached=226.3%
[monitor] ['78%', '76%', '100%', '76%']  memcached=230.4%
[monitor] ['49%', '48%', '100%', '51%']  memcached=147.7%
[monitor] ['47%', '49%', '100%', '51%']  memcached=146.5%
[monitor] ['49%', '50%', '100%', '48%']  memcached=146.6%
[monitor] ['68%', '65%', '100%', '68%']  memcached=200.1%
[monitor] ['75%', '73%', '100%', '75%']  memcached=223.0%
[monitor] ['77%', '74%', '100%', '75%']  memcached=226.3%
[monitor] ['75%', '74%', '100%', '76%']  memcached=224.4%
[monitor] ['70%', '69%', '100%', '70%']  memcached=209.2%
[monitor] ['69%', '66%', '100%', '68%']  memcached=203.4%
[monitor] ['70%', '70%', '100%', '71%']  memcached=210.7%
[monitor] ['68%', '68%', '100%', '70%']  memcached=206.6%
[monitor] ['71%', '70%', '100%', '72%']  memcached=213.2%
[monitor] ['68%', '68%', '100%', '70%']  memcached=205.8%
[monitor] ['57%', '58%', '100%', '56%']  memcached=169.9%
[monitor] ['57%', '59%', '34%', '62%']  memcached=178.5%
[streamcluster] ended.
[MEMCACHED] cores updated to: ['0', '2', '3']
[vips] starting in background on cores: [1] with 3 threads.
[monitor] ['64%', '84%', '64%', '62%']  memcached=190.5%
[monitor] ['55%', '100%', '53%', '57%']  memcached=164.9%
[monitor] ['58%', '100%', '60%', '61%']  memcached=178.6%
[monitor] ['58%', '100%', '59%', '60%']  memcached=176.2%
[monitor] ['57%', '100%', '59%', '61%']  memcached=177.6%
[monitor] ['48%', '100%', '47%', '49%']  memcached=143.4%
[monitor] ['49%', '100%', '49%', '50%']  memcached=147.9%
[monitor] ['48%', '100%', '49%', '50%']  memcached=146.8%
[monitor] ['57%', '100%', '60%', '57%']  memcached=173.8%
[monitor] ['62%', '100%', '62%', '61%']  memcached=185.2%
[monitor] ['61%', '100%', '62%', '62%']  memcached=185.2%
[monitor] ['63%', '100%', '67%', '64%']  memcached=194.4%
[monitor] ['69%', '100%', '70%', '69%']  memcached=208.5%
[monitor] ['70%', '100%', '72%', '72%']  memcached=213.6%
[monitor] ['66%', '100%', '68%', '68%']  memcached=202.4%
[monitor] ['49%', '100%', '51%', '49%']  memcached=148.8%
[monitor] ['48%', '100%', '47%', '49%']  memcached=143.1%
[monitor] ['48%', '100%', '49%', '49%']  memcached=145.5%
[monitor] ['74%', '100%', '76%', '74%']  memcached=223.0%
[monitor] ['81%', '100%', '82%', '81%']  memcached=244.0%
[monitor] ['89%', '100%', '86%', '79%']  memcached=254.0%
[monitor] ['81%', '100%', '81%', '79%']  memcached=240.6%
[monitor] ['83%', '100%', '83%', '83%']  memcached=249.5%
[monitor] ['81%', '100%', '82%', '81%']  memcached=243.5%
[monitor] ['78%', '100%', '81%', '78%']  memcached=237.2%
[monitor] ['44%', '100%', '50%', '45%']  memcached=139.4%
[MEMCACHED] cores updated to: ['0', '3']
[vips] cores updated to: [1, 2]
[monitor] ['54%', '100%', '100%', '54%']  memcached=108.2%
[monitor] ['56%', '100%', '100%', '53%']  memcached=109.1%
[monitor] ['55%', '100%', '100%', '56%']  memcached=111.1%
[monitor] ['53%', '100%', '100%', '53%']  memcached=106.1%
[monitor] ['49%', '100%', '100%', '52%']  memcached=101.0%
[monitor] ['60%', '100%', '100%', '66%']  memcached=125.4%
[monitor] ['71%', '100%', '100%', '88%']  memcached=159.7%
[monitor] ['72%', '100%', '100%', '86%']  memcached=158.2%
[monitor] ['71%', '100%', '100%', '83%']  memcached=153.6%
[monitor] ['60%', '100%', '100%', '69%']  memcached=128.6%
[monitor] ['66%', '100%', '100%', '66%']  memcached=131.8%
[monitor] ['68%', '100%', '100%', '63%']  memcached=131.7%
[monitor] ['76%', '100%', '100%', '79%']  memcached=154.2%
[monitor] ['100%', '100%', '100%', '77%']  memcached=176.9%
[MEMCACHED] cores updated to: ['0', '1', '3']
[vips] cores updated to: [2]
[monitor] ['83%', '79%', '100%', '60%']  memcached=222.4%
[monitor] ['66%', '100%', '100%', '66%']  memcached=231.7%
[monitor] ['68%', '100%', '100%', '67%']  memcached=234.2%
[monitor] ['68%', '88%', '100%', '83%']  memcached=239.0%
[monitor] ['64%', '87%', '100%', '76%']  memcached=227.1%
[monitor] ['50%', '100%', '100%', '53%']  memcached=203.3%
[monitor] ['50%', '84%', '100%', '68%']  memcached=202.6%
[monitor] ['49%', '49%', '100%', '100%']  memcached=197.7%
[monitor] ['59%', '59%', '100%', '100%']  memcached=217.6%
[monitor] ['61%', '63%', '100%', '100%']  memcached=224.2%
[monitor] ['70%', '79%', '100%', '79%']  memcached=228.1%
[monitor] ['62%', '100%', '100%', '65%']  memcached=227.0%
[monitor] ['60%', '100%', '100%', '64%']  memcached=223.2%
[monitor] ['64%', '100%', '100%', '65%']  memcached=229.4%
[monitor] ['64%', '100%', '100%', '66%']  memcached=230.1%
[monitor] ['68%', '100%', '100%', '68%']  memcached=235.8%
[monitor] ['82%', '83%', '100%', '68%']  memcached=233.7%
[monitor] ['77%', '68%', '100%', '92%']  memcached=236.6%
[monitor] ['58%', '66%', '100%', '93%']  memcached=216.9%
[monitor] ['56%', '100%', '100%', '59%']  memcached=214.8%
[monitor] ['55%', '100%', '100%', '60%']  memcached=214.5%
[monitor] ['56%', '93%', '100%', '64%']  memcached=212.5%
[monitor] ['59%', '74%', '100%', '85%']  memcached=218.9%
[monitor] ['55%', '100%', '100%', '57%']  memcached=211.6%
[monitor] ['62%', '100%', '100%', '63%']  memcached=225.3%
[monitor] ['76%', '100%', '100%', '78%']  memcached=254.1%
[monitor] ['79%', '87%', '100%', '89%']  memcached=255.3%
[monitor] ['75%', '76%', '100%', '100%']  memcached=250.7%
[monitor] ['66%', '57%', '100%', '91%']  memcached=213.8%
[monitor] ['100%', '53%', '100%', '57%']  memcached=210.3%
[monitor] ['100%', '57%', '100%', '57%']  memcached=213.3%
[monitor] ['100%', '55%', '100%', '57%']  memcached=211.1%
[monitor] ['100%', '51%', '100%', '51%']  memcached=202.4%
[monitor] ['100%', '52%', '100%', '57%']  memcached=209.2%
[monitor] ['100%', '52%', '100%', '51%']  memcached=203.4%
[monitor] ['80%', '64%', '100%', '49%']  memcached=192.9%
[monitor] ['47%', '100%', '100%', '47%']  memcached=193.2%
[monitor] ['47%', '100%', '100%', '49%']  memcached=195.7%
[monitor] ['72%', '92%', '100%', '74%']  memcached=237.6%
[monitor] ['74%', '71%', '100%', '74%']  memcached=219.1%
[monitor] ['73%', '74%', '100%', '72%']  memcached=219.6%
[monitor] ['61%', '60%', '100%', '62%']  memcached=183.3%
[monitor] ['56%', '53%', '100%', '57%']  memcached=165.9%
[monitor] ['51%', '56%', '100%', '55%']  memcached=161.3%
[monitor] ['55%', '54%', '100%', '55%']  memcached=163.4%
[monitor] ['56%', '55%', '100%', '57%']  memcached=167.4%
[monitor] ['52%', '55%', '100%', '58%']  memcached=164.7%
[monitor] ['58%', '57%', '100%', '56%']  memcached=169.9%
[monitor] ['58%', '58%', '100%', '60%']  memcached=175.6%
[monitor] ['57%', '57%', '100%', '59%']  memcached=173.1%
[monitor] ['59%', '59%', '100%', '60%']  memcached=177.8%
[monitor] ['64%', '64%', '100%', '64%']  memcached=192.9%
[monitor] ['65%', '67%', '100%', '68%']  memcached=199.2%
[monitor] ['67%', '66%', '100%', '67%']  memcached=200.0%
[monitor] ['58%', '60%', '100%', '61%']  memcached=179.5%
[monitor] ['47%', '44%', '100%', '49%']  memcached=139.8%
[MEMCACHED] cores updated to: ['0', '3']
[vips] cores updated to: [1, 2]
[monitor] ['52%', '100%', '100%', '54%']  memcached=106.2%
[monitor] ['54%', '100%', '100%', '52%']  memcached=106.2%
[monitor] ['68%', '100%', '100%', '70%']  memcached=138.3%
[monitor] ['73%', '100%', '100%', '72%']  memcached=144.8%
[monitor] ['69%', '100%', '100%', '77%']  memcached=146.0%
[monitor] ['61%', '100%', '100%', '68%']  memcached=129.7%
[monitor] ['63%', '100%', '100%', '61%']  memcached=123.7%
[monitor] ['60%', '100%', '100%', '61%']  memcached=120.9%
[monitor] ['58%', '100%', '100%', '59%']  memcached=116.5%
[monitor] ['50%', '100%', '100%', '53%']  memcached=103.1%
[monitor] ['52%', '100%', '100%', '54%']  memcached=106.0%
[monitor] ['51%', '100%', '100%', '51%']  memcached=102.1%
[monitor] ['67%', '100%', '100%', '70%']  memcached=136.7%
[monitor] ['63%', '100%', '100%', '75%']  memcached=137.8%
[monitor] ['71%', '100%', '100%', '67%']  memcached=138.1%
[monitor] ['78%', '100%', '100%', '68%']  memcached=146.6%
[monitor] ['74%', '100%', '100%', '78%']  memcached=152.1%
[monitor] ['77%', '100%', '100%', '73%']  memcached=149.9%
[monitor] ['75%', '100%', '100%', '79%']  memcached=153.9%
[monitor] ['76%', '100%', '100%', '88%']  memcached=164.2%
[MEMCACHED] cores updated to: ['0', '2', '3']
[vips] cores updated to: [1]
[monitor] ['69%', '100%', '73%', '72%']  memcached=214.7%
[monitor] ['74%', '100%', '73%', '73%']  memcached=220.3%
[monitor] ['80%', '100%', '85%', '83%']  memcached=248.2%
[monitor] ['85%', '100%', '86%', '88%']  memcached=258.9%
[monitor] ['81%', '100%', '85%', '81%']  memcached=246.4%
[monitor] ['67%', '100%', '68%', '68%']  memcached=202.5%
[monitor] ['59%', '100%', '61%', '63%']  memcached=182.3%
[monitor] ['61%', '100%', '63%', '61%']  memcached=185.1%
[monitor] ['67%', '100%', '68%', '68%']  memcached=202.6%
[monitor] ['73%', '100%', '76%', '72%']  memcached=220.4%
[monitor] ['72%', '100%', '77%', '75%']  memcached=224.4%
[monitor] ['72%', '100%', '74%', '72%']  memcached=218.7%
[monitor] ['60%', '100%', '62%', '61%']  memcached=183.7%
[monitor] ['60%', '100%', '60%', '62%']  memcached=182.8%
[monitor] ['62%', '100%', '62%', '61%']  memcached=185.2%
[monitor] ['47%', '100%', '51%', '48%']  memcached=145.2%
[monitor] ['47%', '100%', '45%', '45%']  memcached=137.7%
[MEMCACHED] cores updated to: ['0', '3']
[vips] cores updated to: [1, 2]
[monitor] ['54%', '100%', '100%', '53%']  memcached=106.9%
[monitor] ['61%', '100%', '100%', '60%']  memcached=120.9%
[monitor] ['72%', '100%', '100%', '86%']  memcached=157.5%
[monitor] ['73%', '100%', '100%', '85%']  memcached=158.0%
[monitor] ['73%', '100%', '100%', '73%']  memcached=145.9%
[monitor] ['66%', '100%', '100%', '76%']  memcached=142.2%
[monitor] ['67%', '100%', '100%', '75%']  memcached=141.7%
[monitor] ['74%', '100%', '100%', '67%']  memcached=141.8%
[monitor] ['65%', '100%', '100%', '74%']  memcached=138.7%
[monitor] ['60%', '100%', '100%', '68%']  memcached=127.5%
[monitor] ['64%', '100%', '100%', '70%']  memcached=133.4%
[monitor] ['53%', '100%', '100%', '59%']  memcached=112.0%
[monitor] ['48%', '100%', '100%', '49%']  memcached=97.0%
[monitor] ['48%', '100%', '100%', '51%']  memcached=98.9%
[monitor] ['63%', '100%', '100%', '72%']  memcached=135.4%
[monitor] ['80%', '100%', '100%', '88%']  memcached=168.3%
[MEMCACHED] cores updated to: ['0', '1', '3']
[vips] cores updated to: [2]
[monitor] ['100%', '56%', '100%', '57%']  memcached=212.6%
[monitor] ['100%', '57%', '100%', '58%']  memcached=215.0%
[monitor] ['100%', '66%', '100%', '66%']  memcached=231.7%
[monitor] ['100%', '66%', '100%', '69%']  memcached=234.9%
[monitor] ['100%', '69%', '100%', '68%']  memcached=236.5%
[monitor] ['100%', '56%', '100%', '58%']  memcached=214.2%
[monitor] ['100%', '53%', '100%', '54%']  memcached=207.4%
[monitor] ['100%', '48%', '100%', '50%']  memcached=197.7%
[monitor] ['58%', '55%', '100%', '98%']  memcached=210.2%
[monitor] ['71%', '81%', '100%', '100%']  memcached=252.0%
[monitor] ['74%', '74%', '100%', '100%']  memcached=248.7%
[monitor] ['75%', '74%', '100%', '78%']  memcached=227.1%
[monitor] ['62%', '65%', '100%', '65%']  memcached=192.5%
[monitor] ['64%', '62%', '100%', '67%']  memcached=192.9%
[monitor] ['63%', '66%', '100%', '67%']  memcached=196.0%
[monitor] ['53%', '50%', '100%', '52%']  memcached=155.8%
[monitor] ['40%', '45%', '100%', '44%']  memcached=128.7%
[MEMCACHED] cores updated to: ['0', '3']
[vips] cores updated to: [1, 2]
[monitor] ['49%', '100%', '100%', '52%']  memcached=100.9%
[monitor] ['56%', '100%', '100%', '56%']  memcached=112.5%
[monitor] ['83%', '100%', '100%', '100%']  memcached=182.9%
[MEMCACHED] cores updated to: ['0', '2', '3']
[vips] cores updated to: [1]
[monitor] ['81%', '100%', '83%', '86%']  memcached=249.7%
[monitor] ['81%', '100%', '85%', '81%']  memcached=246.4%
[monitor] ['49%', '100%', '50%', '52%']  memcached=151.1%
[monitor] ['48%', '100%', '48%', '47%']  memcached=142.5%
[monitor] ['43%', '100%', '51%', '48%']  memcached=141.6%
[monitor] ['63%', '100%', '63%', '62%']  memcached=189.3%
[monitor] ['76%', '100%', '80%', '78%']  memcached=234.1%
[monitor] ['76%', '100%', '81%', '78%']  memcached=234.9%
[monitor] ['69%', '100%', '72%', '69%']  memcached=210.3%
[monitor] ['48%', '100%', '50%', '50%']  memcached=147.6%
[monitor] ['50%', '100%', '50%', '51%']  memcached=151.1%
[monitor] ['51%', '100%', '49%', '47%']  memcached=146.5%
[monitor] ['60%', '100%', '62%', '63%']  memcached=185.2%
[monitor] ['62%', '100%', '62%', '63%']  memcached=187.2%
[monitor] ['62%', '100%', '62%', '61%']  memcached=184.8%
[monitor] ['66%', '100%', '68%', '67%']  memcached=200.8%
[monitor] ['69%', '100%', '72%', '72%']  memcached=213.5%
[monitor] ['72%', '100%', '74%', '71%']  memcached=217.6%
[monitor] ['72%', '100%', '74%', '74%']  memcached=220.5%
[monitor] ['78%', '100%', '80%', '78%']  memcached=236.8%
[monitor] ['75%', '100%', '80%', '78%']  memcached=232.8%
[monitor] ['78%', '100%', '81%', '79%']  memcached=237.9%
[monitor] ['79%', '100%', '81%', '80%']  memcached=240.0%
[monitor] ['78%', '100%', '78%', '76%']  memcached=232.5%
[monitor] ['74%', '100%', '78%', '78%']  memcached=231.1%
[monitor] ['81%', '100%', '83%', '79%']  memcached=242.8%
[monitor] ['81%', '100%', '85%', '83%']  memcached=249.2%
[monitor] ['82%', '100%', '85%', '82%']  memcached=250.0%
[monitor] ['81%', '100%', '82%', '79%']  memcached=242.4%
[monitor] ['76%', '100%', '79%', '78%']  memcached=232.4%
[monitor] ['79%', '100%', '79%', '77%']  memcached=235.3%
[monitor] ['74%', '100%', '77%', '76%']  memcached=226.3%
[monitor] ['53%', '100%', '55%', '52%']  memcached=160.7%
[monitor] ['49%', '100%', '50%', '54%']  memcached=153.2%
[monitor] ['52%', '100%', '51%', '50%']  memcached=153.3%
[monitor] ['63%', '100%', '66%', '65%']  memcached=194.3%
[monitor] ['68%', '100%', '71%', '68%']  memcached=207.0%
[monitor] ['72%', '100%', '71%', '72%']  memcached=215.3%
[monitor] ['73%', '100%', '78%', '76%']  memcached=226.4%
[monitor] ['81%', '100%', '86%', '80%']  memcached=246.8%
[monitor] ['82%', '100%', '83%', '83%']  memcached=248.5%
[monitor] ['81%', '100%', '85%', '80%']  memcached=245.8%
[monitor] ['60%', '100%', '62%', '63%']  memcached=184.2%
[monitor] ['60%', '100%', '60%', '61%']  memcached=182.3%
[monitor] ['63%', '100%', '64%', '62%']  memcached=188.6%
[monitor] ['50%', '100%', '51%', '49%']  memcached=149.9%
[monitor] ['47%', '100%', '46%', '47%']  memcached=139.3%
[MEMCACHED] cores updated to: ['0', '3']
[vips] cores updated to: [1, 2]
[monitor] ['52%', '100%', '100%', '52%']  memcached=104.1%
[monitor] ['59%', '100%', '100%', '59%']  memcached=117.4%
[monitor] ['67%', '100%', '100%', '72%']  memcached=139.2%
[monitor] ['66%', '100%', '100%', '71%']  memcached=136.9%
[monitor] ['65%', '100%', '100%', '69%']  memcached=134.2%
[monitor] ['6%', '100%', '100%', '0%']  memcached=6.5%
[MEMCACHED] cores updated to: ['0']
[vips] cores updated to: [1, 2, 3]
[monitor] ['3%', '100%', '100%', '100%']  memcached=3.3%
[monitor] ['3%', '100%', '100%', '100%']  memcached=3.3%
[monitor] ['7%', '100%', '100%', '100%']  memcached=6.7%
[monitor] ['0%', '100%', '100%', '100%']  memcached=0.0%
[monitor] ['0%', '100%', '100%', '100%']  memcached=0.0%
[monitor] ['3%', '100%', '100%', '100%']  memcached=3.2%
[monitor] ['7%', '100%', '100%', '100%']  memcached=6.7%
[monitor] ['0%', '100%', '100%', '100%']  memcached=0.0%
[monitor] ['3%', '100%', '100%', '100%']  memcached=3.2%
[monitor] ['3%', '100%', '100%', '100%']  memcached=3.2%
[monitor] ['3%', '100%', '100%', '100%']  memcached=3.3%
[monitor] ['0%', '100%', '100%', '100%']  memcached=0.0%
[monitor] ['14%', '83%', '86%', '83%']  memcached=13.8%
[vips] ended.
[MEMCACHED] cores updated to: ['0', '1', '2', '3']
