Random waveform, supplied seed
Total number of intervals = 1450 (6927, 52892, 98921, 61129, 40613, 53226, 38560, 103465, 104758, 94759, 37799, 8296, 69443, 12517, 43591, 20430, 93758, 10485, 16518, 83230, 5484, 55611, 20774, 96726, 32442, 73039, 74055, 51197, 59442, 35654, 78747, 42212, 52488, 36950, 16762, 79473, 61431, 87172, 108181, 80515, 37149, 13444, 72057, 70041, 90162, 52082, 24258, 72013, 58012, 45398, 50177, 34504, 66010, 73937, 55020, 53235, 97743, 5419, 14764, 7451, 48208, 16149, 78989, 18886, 75954, 44409, 16431, 85707, 58253, 103867, 21604, 90401, 84467, 99700, 32052, 18173, 67789, 51929, 83850, 18614, 29315, 108090, 27024, 49907, 9150, 34328, 51881, 14569, 81517, 78694, 93409, 39093, 18729, 70818, 21942, 91810, 39588, 40957, 62645, 15539, 107672, 32954, 58866, 23739, 54701, 60706, 72350, 58661, 34912, 103268, 38703, 83358, 57408, 86837, 33517, 66204, 73758, 99742, 109462, 94453, 44096, 100467, 8576, 59359, 7614, 60329, 43762, 67038, 26095, 71173, 109276, 13150, 61250, 84472, 82226, 27671, 98736, 106314, 105027, 96867, 89493, 50538, 22083, 48618, 94298, 63579, 64573, 77178, 29824, 64495, 20917, 85651, 61935, 50216, 72251, 71798, 19701, 24952, 81838, 26648, 24837, 29420, 103882, 70314, 61679, 49557, 19325, 9128, 94933, 24327, 71896, 93771, 20452, 42338, 72627, 80603, 49049, 92305, 56889, 78036, 71583, 72609, 107382, 86530, 16550, 84534, 72631, 49291, 62175, 80213, 16566, 53985, 101949, 24076, 52574, 106271, 105451, 86087, 29108, 101115, 74326, 75832, 94901, 15809, 28874, 51882, 32653, 41676, 63019, 99164, 47055, 62394, 98519, 32122, 49464, 24034, 77363, 91698, 38997, 86028, 83012, 15024, 56640, 97362, 107412, 65030, 79278, 47544, 105368, 58181, 56960, 14849, 63672, 48289, 11797, 10781, 49362, 102119, 46213, 97025, 18351, 21426, 43013, 67376, 36043, 6255, 102499, 26263, 56974, 40869, 46514, 11431, 58600, 68058, 54502, 64022, 52142, 101375, 40606, 47485, 48977, 38615, 80279, 75843, 67095, 41325, 55752, 85561, 14194, 88002, 90515, 109283, 26699, 37400, 19307, 11527, 83787, 22209, 75169, 73833, 94641, 61338, 91825, 77235, 37257, 32057, 108618, 72930, 43714, 87369, 56640, 97360, 79788, 11352, 87962, 40663, 59386, 48302, 19398, 82197, 77387, 72753, 7720, 46279, 42102, 90892, 39976, 61084, 16735, 45909, 28976, 84704, 101822, 92571, 12106, 58568, 51319, 21556, 14191, 29072, 16350, 86891, 104441, 8906, 42175, 51797, 76678, 19630, 100132, 40498, 108559, 23964, 70760, 99567, 107548, 53742, 103931, 60359, 9725, 52014, 40053, 86436, 23983, 66595, 26056, 51764, 40202, 76665, 11133, 80405, 79106, 97258, 36307, 28636, 41620, 75736, 44979, 31478, 37586, 108330, 64301, 11203, 7291, 87477, 77485, 42055, 26865, 94592, 66869, 17835, 55977, 82437, 15775, 87559, 105401, 88752, 94531, 101303, 86640, 84818, 20221, 43599, 52779, 89855, 48532, 107423, 46535, 47535, 49633, 30334, 17207, 106074, 48912, 96483, 39228, 92350, 85084, 81993, 101617, 16730, 71079, 108942, 55406, 42279, 21876, 34140, 42897, 18462, 100375, 41347, 101594, 47486, 73393, 51134, 58201, 71020, 72071, 93446, 28724, 59269, 74624, 52368, 9687, 44165, 6895, 55457, 61164, 108384, 33319, 97895, 39720, 68554, 86849, 30264, 100754, 98098, 86028, 93054, 42348, 29490, 18187, 95113, 8570, 62285, 52582, 34260, 59493, 58208, 93458, 18056, 94134, 37808, 53481, 25666, 108853, 41576, 70282, 45769, 92383, 12100, 67747, 68933, 63242, 72993, 51022, 67069, 24895, 68588, 42706, 49479, 64792, 73879, 31893, 74262, 57246, 91617, 55173, 108633, 15720, 99961, 102613, 57169, 56950, 49938, 5383, 39719, 36653, 69482, 46749, 65109, 46501, 109480, 69433, 58157, 70737, 34617, 77563, 90036, 36689, 46832, 104903, 14153, 21674, 5689, 37781, 15507, 102064, 71340, 79815, 44352, 109562, 86219, 47335, 41962, 45802, 13389, 95780, 87844, 55903, 100902, 70988, 53831, 26948, 32347, 41050, 56197, 94617, 71839, 79082, 107630, 60164, 97878, 63680, 73888, 65499, 96906, 103287, 49664, 32535, 46477, 7459, 74137, 57061, 34213, 7432, 41605, 32998, 61636, 64695, 14063, 91302, 6064, 41354, 19863, 19488, 14040, 19538, 20199, 106657, 92457, 92780, 68203, 81753, 57748, 21027, 49680, 82042, 93691, 45291, 30437, 67422, 69956, 35404, 80225, 105585, 20088, 12672, 15696, 25951, 65007, 10189, 78008, 12678, 15922, 41774, 38788, 34559, 54825, 42697, 12669, 70047, 96137, 92934, 20597, 66597, 59987, 58456, 59958, 98221, 55912, 39018, 18747, 60013, 85584, 84809, 85435, 94907, 16437, 78505, 77219, 86414, 73427, 100497, 96416, 71637, 33216, 58699, 53809, 72797, 107267, 55877, 70507, 46741, 36507, 30697, 25261, 25212, 33805, 76345, 95558, 28428, 21673, 89018, 46753, 34034, 47329, 56893, 38690, 79988, 107429, 43713, 76624, 71700, 40703, 95489, 18531, 99369, 29286, 42988, 69249, 7889, 51783, 38634, 86204, 109534, 45136, 59949, 61681, 76329, 44322, 20698, 84853, 75889, 98396, 53818, 26200, 54761, 12268, 52324, 106440, 7154, 87362, 43716, 26737, 41596, 85490, 77612, 78124, 69632, 39180, 15803, 36987, 19833, 46567, 57368, 36003, 68916, 93229, 46632, 93663, 106418, 60496, 109057, 96861, 86255, 25686, 17483, 29211, 55328, 87592, 23882, 44790, 12236, 42928, 103959, 97347, 68379, 92596, 10055, 29634, 9324, 30076, 100150, 27527, 95171, 40523, 11422, 9200, 42816, 10698, 22301, 48159, 39987, 33067, 62704, 52778, 75981, 74522, 14533, 5566, 78062, 82399, 108638, 93541, 47145, 109796, 26597, 7034, 72616, 13584, 19750, 109139, 15150, 74389, 87266, 108170, 103631, 44587, 66411, 89167, 35723, 85827, 78806, 89641, 14186, 52308, 56743, 38302, 71662, 36015, 65048, 72989, 76390, 24409, 85530, 8346, 69627, 70266, 89525, 70975, 46633, 16963, 109556, 91124, 51505, 93804, 58474, 43487, 61792, 59548, 43635, 27536, 42828, 109424, 78273, 60279, 35178, 67279, 80752, 35012, 7936, 8578, 89696, 5569, 26905, 42389, 84689, 59305, 44512, 72395, 74619, 67302, 57822, 8117, 106178, 25089, 68848, 98941, 78157, 109857, 108875, 86646, 83239, 51061, 89906, 56601, 71203, 95942, 71622, 97182, 27718, 46519, 83197, 79080, 69401, 45684, 18120, 21245, 39039, 67458, 42773, 20690, 63440, 41615, 97229, 86249, 20807, 26130, 30510, 43868, 55324, 20437, 9548, 12101, 72073, 21310, 90755, 51252, 53070, 48181, 97336, 91976, 94742, 66079, 79328, 45235, 35310, 76589, 107175, 78127, 13331, 59382, 87477, 92020, 109297, 42293, 52962, 23492, 12594, 69120, 57144, 57232, 71593, 40799, 29614, 106611, 50009, 47727, 15204, 50703, 60979, 37662, 16932, 100183, 69175, 27515, 106411, 49629, 63537, 88081, 55527, 69558, 60702, 13487, 67037, 8281, 34986, 82336, 101465, 82733, 44752, 104681, 53872, 87376, 70834, 86701, 56054, 106733, 6476, 33857, 15953, 41252, 76853, 32962, 83564, 46260, 46426, 100015, 78102, 24168, 25529, 17342, 71657, 59805, 55558, 79251, 9123, 109516, 41153, 98946, 56315, 92525, 79997, 48998, 67260, 88431, 51359, 60398, 41854, 23797, 83091, 78319, 101978, 97985, 82850, 24622, 99932, 46761, 56274, 24750, 46988, 96633, 32524, 82709, 64734, 44841, 23220, 52173, 87894, 55637, 31153, 30053, 20489, 33457, 16922, 47200, 95934, 42596, 94660, 59804, 37634, 68516, 86478, 101464, 70660, 105480, 41912, 50818, 99610, 99247, 72793, 34890, 49665, 51276, 30810, 42632, 71502, 87471, 95450, 101882, 61422, 36550, 20285, 80275, 99091, 90849, 53477, 67190, 55837, 43938, 73349, 38158, 62627, 21095, 43996, 8918, 19346, 48373, 72207, 57914, 78645, 6581, 25723, 21861, 102729, 15233, 14904, 44168, 49750, 100878, 93330, 75527, 6637, 22677, 69399, 9465, 81491, 68604, 86719, 48219, 105020, 79027, 33669, 9087, 28486, 36839, 46303, 29630, 58735, 15717, 54660, 100453, 84114, 47655, 71572, 97243, 109600, 97814, 46973, 52430, 7146, 64613, 8185, 91736, 50530, 99806, 23088, 39498, 7321, 70463, 55826, 68597, 83723, 93939, 10956, 43150, 61224, 72370, 75062, 66006, 103596, 92033, 10484, 101797, 93004, 55072, 97279, 82336, 94577, 25009, 98952, 62113, 90099, 54206, 36396, 61074, 70494, 44168, 57463, 60314, 105044, 63992, 64734, 38524, 23279, 96010, 68478, 71493, 39521, 73637, 46296, 25879, 11714, 89519, 71339, 63633, 18929, 69661, 8686, 20828, 68811, 108532, 96969, 21773, 90731, 63998, 64446, 32180, 75461, 51464, 47445, 12315, 98965, 71412, 44818, 65032, 10162, 46718, 81555, 93247, 44331, 68373, 99824, 13056, 65920, 28566, 25078, 88903, 108661, 64992, 77433, 15971, 16899, 84638, 35480, 97273, 79139, 25297, 102339, 72458, 90171, 108648, 50499, 103049, 39793, 21064, 40595, 66094, 19325, 13925, 72470, 73495, 86683, 68819, 27253, 105279, 23628, 86180, 28305, 39975, 39392, 9232, 50310, 78444, 92684, 33919, 9652, 84235, 89236, 35182, 29868, 65163, 12137, 61980, 68692, 107979, 44697, 21036, 89648, 38068, 23853, 94618, 79614, 24378, 84735, 90499, 46515, 18830, 83245, 38103, 78351, 11883, 82546, 53356, 21606, 16566, 53192, 108883, 7366, 94850, 93630, 74411, 44291, 18140, 46406, 76568, 67484, 70037, 28245, 95855, 94882, 15781, 77465, 18000, 99573, 99265, 75628, 21273, 99065, 62986, 71174, 26304, 13354, 35658, 39892, 14874, 71766, 106924, 69312, 23069, 31532, 105945, 100442, 7075, 21318, 104020, 78635, 46764, 9723, 13017, 40662, 34465, 46730, 73264, 79688, 108967, 56343, 41842, 19881, 6107, 38731, 31156, 79889, 31951, 105358, 104834, 12457, 72818, 44775, 68489, 52510, 84955, 14282, 87096, 90273, 31352, 19469, 7075, 35529, 84543, 19670, 35779, 80767, 84436, 102570, 64539, 20695, 29052, 109606, 86574, 26386, 30300, 79261, 72798, 23763, 45061, 57867, 28765, 105615, 109800, 92474, 69536, 108847, 37648, 98797, 71781, 45034, 23060, 99559, 78907, 109987, 96463, 14541, 30227, 109068, 73889, 80825, 101968, 28070, 88127, 93037, 85313, 42639, 89688, 77922, 43434, 105109, 104178, 103636, 33841, 65328, 53849, 14112, 65229, 74794, 76657, 92562, 79594, 106208, 94770, 19122, 60408, 98371, 61350, 78813, 5604, 81210, 73960, 28059, 6090, 65353, 55646, 75470, 101368, 20305, 101317, 108543, 81018, 106524, 50658, 43791, 14504, 47555, 67848, 93337, 82735, 79691, 61855, 61378, 27280, 35620, 32911, 76628, 32305, 74231, 69333, 53526, 43970, 92984, 22716, 86539, 73888, 73554, 26912, 44840, 16966, 51903, 71461, 21248, 98493, 105716, 19488, 16605, 75130, 45842, 48598, 67944, 26800, 49959, 54114, 66577, 39563, 40228, 92385, 35189, 34744, 15082, 87824, 33965, 38138, 42450, 65120, 17329, 56524, 36287, 14642, 53127, 67385, 80362, 105193, 50992, 85438, 50475, 15668, 66984, 57056, 45383, 9044, 39958, 67432, 23503, 89906, 60865, 10097, 104385, 16694, 96807, 23545, 53603, 77963, 99004, 89009, 109606, 94996, 26308, 76851, 105149, 51656, 12606, 56950)
Average QPS expected = 58285
Timestamp start: 1778606524457
Timestamp end: 1778607975156

#type       avg     std     min      p5     p10     p50     p67     p75     p80     p85     p90     p95     p99    p999   p9999      QPS   target
read      275.6    80.1   109.4   181.2   198.4   274.8   296.7   308.9   316.6   326.7   340.5   363.2   420.8   937.8  2724.5   6804.0     6927
read      337.6   141.8    86.8   151.6   170.1   322.0   393.4   432.2   459.5   490.6   529.1   582.4   685.8   837.8  1976.2  52047.0    52892
read      914.5  1821.1    93.8   182.1   210.4   293.7   329.2   355.6   382.0   434.0  3348.3  6214.9  7326.7  9343.2 11164.8  98966.0    98921
read      574.7  1102.0    93.8   171.9   197.0   324.5   389.7   436.8   481.3   540.7   638.4  1280.4  6441.7  8447.3 10379.4  60754.0    61129
read      291.9   106.1    93.8   156.5   173.1   295.8   337.8   357.2   369.9   385.5   402.9   431.4   492.7   804.2  2881.3  40154.0    40613
read      282.9   110.7    93.8   146.3   161.7   275.7   331.8   356.3   372.2   391.0   413.2   446.8   509.4   638.6  2734.0  53609.0    53226
read      294.2   122.5    93.8   157.7   174.2   294.2   338.9   359.6   372.9   388.9   405.8   433.9   492.3  1654.4  2800.3  38680.0    38560
read      265.0   109.1    86.8   138.3   152.2   242.2   300.0   332.0   353.6   377.7   405.2   450.0   554.2   807.7  2130.2 102803.0   103465
read      271.7   132.8    80.4   140.3   154.7   248.2   306.0   337.4   359.4   384.2   414.6   461.2   583.9   989.1  3939.5 105029.0   104758
read      265.6   143.6    86.8   136.3   150.0   241.2   300.9   331.7   352.4   376.0   404.2   448.5   544.2  1131.1  4866.8  95216.0    94759
read      285.0    86.6    93.8   154.4   169.7   290.2   331.2   349.8   363.0   376.7   395.2   421.5   468.9   540.6  1455.1  37578.0    37799
read      277.2   269.6   109.4   175.4   192.2   265.6   285.2   295.2   303.9   314.1   327.3   349.7   524.2  4330.6  9345.7   8410.0     8296
read      295.7   161.9    86.8   139.1   153.7   267.3   332.9   369.6   396.9   430.7   473.0   539.1   698.5  1302.5  5018.1  68757.0    69443
read      275.7    65.9   118.1   172.5   190.3   279.8   302.3   314.1   321.7   332.9   344.1   365.6   409.4   766.0  2018.5  12430.0    12517
read      295.9   115.1    93.8   145.3   161.6   290.0   341.7   369.1   388.3   409.4   436.3   483.0   588.7   904.9  2239.2  43273.0    43591
read      295.9    87.8   101.3   168.1   186.9   300.6   330.7   345.0   357.0   369.7   387.5   413.2   473.3   833.0  2033.9  20384.0    20430
read      302.8   180.0    86.8   143.0   158.6   264.6   327.2   361.7   387.7   420.6   468.3   572.8   945.7  1926.6  3706.9  93565.0    93758
read      272.9   218.8   109.4   173.6   190.9   268.3   289.0   299.7   308.6   317.4   330.6   347.0   399.8  3391.5  8127.6  10384.0    10485
read      282.5    72.1   109.4   168.6   187.4   285.3   312.8   327.0   337.2   347.6   363.6   385.5   439.6   837.6  1937.9  16556.0    16518
read      289.1   148.0    86.8   140.2   154.5   259.0   321.9   356.1   381.3   411.0   454.2   534.4   737.3  1238.3  3384.0  83031.0    83230
read      245.3    62.8   101.3   165.2   180.2   245.8   264.7   273.4   280.9   289.5   299.0   317.4   372.0   937.7  1808.0   5578.0     5484
read      292.5   130.1    93.8   141.3   155.9   276.0   339.7   371.4   393.6   419.3   451.9   500.4   599.5   874.4  3399.2  54777.0    55611
read      288.5   141.9   109.4   165.1   182.3   289.6   319.6   336.1   346.5   360.3   374.2   399.3   462.4  1328.4  6866.8  20754.0    20774
read      306.6   202.1    86.8   141.0   155.8   259.1   322.4   357.7   383.4   416.5   468.5   644.8  1123.4  1950.3  4520.9  95953.0    96726
read      284.3   116.7   101.3   157.6   174.5   288.9   325.5   342.2   354.2   367.4   384.2   405.6   461.4   593.9  2544.4  32249.0    32442
read      272.3   106.1    86.8   139.5   153.5   252.8   317.5   348.0   368.5   390.8   416.9   454.4   536.2   688.0  1714.2  72476.0    73039
read      271.5   104.0    86.8   139.1   153.1   251.9   316.3   346.5   366.6   388.5   414.6   455.1   538.6   708.8  1067.6  74142.0    74055
read      282.2   103.9    93.8   147.2   161.7   277.0   331.5   355.9   371.6   389.6   410.0   440.6   507.4   680.5  2464.6  51292.0    51197
read      278.3   100.1    93.8   143.5   158.2   267.5   327.9   354.1   371.4   390.8   413.7   448.3   512.9   676.2   852.9  59134.0    59442
read      281.8    87.5    93.8   154.2   169.8   287.5   326.6   343.9   356.2   368.9   386.2   410.5   464.1   547.3  1548.5  35710.0    35654
read      270.8   108.6    86.8   139.0   152.6   250.5   314.6   345.6   365.7   387.7   413.8   452.9   538.8   801.7  2039.7  78756.0    78747
read      284.4    95.7    93.8   151.3   166.9   286.5   332.7   354.1   368.0   383.7   401.0   427.6   475.6   548.2  3055.4  42146.0    42212
read      281.7   112.8    93.8   146.2   160.7   276.2   331.8   356.1   371.6   389.4   409.3   437.6   503.8   624.5  3187.6  51862.0    52488
read      284.3    88.7    93.8   154.8   170.6   289.3   329.1   347.0   360.5   374.0   392.8   418.7   466.9   556.5  1168.0  36972.0    36950
read      277.7    65.5   109.4   166.6   183.9   283.2   308.7   320.8   330.9   341.2   355.5   375.3   425.7   604.0   954.8  16999.0    16762
read      282.1   137.8    86.8   138.5   152.6   256.0   320.3   352.2   375.4   401.5   435.9   499.2   661.8  1184.1  3885.8  78483.0    79473
read      276.1   104.5    93.8   140.8   155.4   263.2   326.0   353.3   370.8   390.3   413.4   448.0   517.0   654.1  2308.9  61389.0    61431
read      270.9   131.3    86.8   139.0   152.9   249.6   310.7   341.1   362.2   385.5   413.4   454.3   546.4   955.7  2336.2  86742.0    87172
read      289.3   144.2    86.8   148.4   163.7   264.0   320.5   351.2   372.7   398.6   431.0   484.2   691.3  1841.1  2752.4 108172.0   108181
read      270.4   109.4    86.8   140.1   153.9   250.0   311.7   343.0   363.4   385.7   412.6   454.4   542.1   745.9  1986.0  80114.0    80515
read      285.9   100.6    93.8   153.9   169.9   289.5   331.4   350.8   364.1   378.5   396.4   423.4   476.8   584.3  4178.4  36891.0    37149
read      268.7    95.8   109.4   169.5   186.8   271.0   292.5   304.6   313.3   322.5   337.6   358.6   399.2   856.0  2140.6  13630.0    13444
read      295.3   153.2    86.8   140.9   155.5   268.2   332.8   368.8   396.4   429.9   471.1   534.6   669.1  1622.3  2990.8  71077.0    72057
read      288.9   135.4    86.8   139.7   153.8   264.9   330.1   365.1   390.1   420.3   460.4   519.8   629.0   822.9  3920.8  70006.0    70041
read      288.6   202.3    86.8   139.8   154.0   252.7   315.2   348.2   371.4   398.6   435.0   507.1   840.7  2400.3  8003.5  90257.0    90162
read      280.7   102.4    86.8   144.7   159.5   275.6   330.9   354.9   370.2   388.1   408.4   437.7   505.3   688.3  1990.4  52315.0    52082
read      282.6    71.5   101.3   165.4   182.4   289.0   318.5   333.1   342.4   354.1   368.0   390.5   433.8   543.6   985.8  24381.0    24258
read      273.1   108.7    86.8   139.6   153.4   254.5   319.1   348.9   368.5   390.5   416.8   454.8   534.4   699.5  2012.0  71647.0    72013
read      279.1   100.6    93.8   142.6   157.2   269.8   329.9   356.6   373.8   392.9   415.5   447.8   513.2   711.3   932.8  58293.0    58012
read      281.5    96.8    93.8   149.3   164.1   280.8   330.5   352.7   367.1   383.2   401.3   430.0   483.0   554.0  1120.3  45475.0    45398
read      282.3    96.8    93.8   146.5   161.6   278.8   332.7   356.9   372.5   390.3   410.5   439.3   502.2   620.8   870.8  50419.0    50177
read      286.9    85.4    93.8   157.6   173.7   292.3   331.0   349.2   362.5   376.3   394.8   421.1   468.3   545.3  1361.0  34724.0    34504
read      280.1   137.6    93.8   140.9   155.0   260.3   325.7   354.2   373.3   394.8   421.1   460.4   559.8  1562.7  3707.7  65716.0    66010
read      275.9   110.3    86.8   141.6   155.9   257.4   321.1   351.5   371.2   393.5   420.7   459.6   540.4   694.4  1803.3  73669.0    73937
read      284.9   111.3    93.8   146.6   161.9   276.8   334.2   360.4   378.0   397.1   420.5   454.5   531.6   648.7  1094.1  55400.0    55020
read      282.4   107.6    93.8   146.0   161.0   275.0   332.8   358.4   374.4   393.3   415.2   445.6   506.1   626.6  3648.7  53032.0    53235
read      276.0   109.7    86.8   144.0   158.7   253.5   312.5   343.2   364.8   389.4   420.3   467.1   583.7   969.8  1625.9  97914.0    97743
read      248.2   122.7   118.1   166.7   181.2   245.5   264.2   272.7   279.8   288.4   297.0   315.4   367.0  2270.5  4015.3   5598.0     5419
read      275.6    67.0   101.3   168.8   186.0   278.0   303.7   317.4   327.3   338.3   351.4   371.7   421.1   680.8   940.0  14493.0    14764
read      254.5    73.3   101.3   167.6   183.3   255.9   273.9   285.1   292.5   301.4   313.5   331.9   373.8   922.2  4155.3   7432.0     7451
read      294.1   110.9    93.8   145.8   161.1   285.4   344.1   372.3   392.2   415.1   444.1   486.5   569.7   713.7   989.0  47933.0    48208
read      280.9   105.8   118.1   168.5   186.3   283.1   309.6   322.9   332.9   342.9   357.8   377.7   433.5   896.9  7089.9  15992.0    16149
read      292.7   180.6    86.8   142.1   156.9   264.0   327.3   360.5   384.9   414.4   454.2   519.1   674.8  2253.1  7243.2  78732.0    78989
read      282.1    93.1   101.3   168.8   185.6   283.3   310.8   325.0   335.7   346.4   363.3   386.7   435.6  1198.6  3127.0  18786.0    18886
read      295.9   187.0    93.8   143.5   158.6   265.4   328.2   361.4   384.5   411.9   449.1   510.9   742.0  2468.8  4615.4  75209.0    75954
read      288.8   112.5    93.8   153.4   168.8   286.4   335.4   358.3   373.2   390.6   410.5   441.3   507.6   623.1  4595.7  44360.0    44409
read      277.0    63.3   101.3   170.6   187.1   281.4   306.3   318.6   328.3   339.0   352.0   371.7   416.9   556.5  1055.7  16458.0    16431
read      287.3   137.8    86.8   141.7   156.3   258.1   322.4   356.1   379.9   407.8   447.8   521.0   721.9  1062.8  2611.1  85591.0    85707
read      317.5   312.6    86.8   145.6   161.4   280.4   341.0   369.4   389.3   412.6   446.3   522.1  1207.3  4087.5  9855.9  57513.0    58253
read      280.6   115.3    93.8   148.1   163.1   260.3   316.3   346.4   367.9   392.5   423.1   467.5   575.3   895.5  3017.5 103793.0   103867
read      281.7    85.0   101.3   169.3   187.2   285.7   314.0   327.8   337.0   346.3   361.2   379.6   426.5   878.7  3650.4  21415.0    21604
read      265.7   119.1    86.8   138.2   151.8   243.6   304.4   335.4   356.0   378.7   404.7   445.9   536.1   883.3  1975.8  90224.0    90401
read      271.0   134.5    86.8   139.0   152.9   248.6   311.1   341.7   362.7   385.8   413.3   455.9   564.1   870.6  4035.8  84743.0    84467
read      275.1   119.3    86.8   143.6   158.6   253.3   311.9   342.8   364.2   388.0   417.3   461.3   565.8   893.8  3847.4  99740.0    99700
read      287.1    86.9   101.3   160.0   175.6   292.0   328.7   345.7   358.4   371.5   389.7   415.1   468.4   781.3  1693.6  32216.0    32052
read      282.0    71.9   101.3   168.3   185.3   287.2   312.9   326.0   335.7   345.5   360.9   381.3   434.9   861.8  1910.6  18363.0    18173
read      289.7   169.3    86.8   139.7   154.2   265.6   330.3   364.3   389.1   419.4   458.9   515.5   633.3   870.7  7134.4  67198.0    67789
read      293.5   122.1    86.8   143.3   158.5   281.7   342.3   372.2   393.3   417.3   447.0   492.9   583.5   831.1  2607.3  51911.0    51929
read      292.5   208.3    86.8   140.7   155.1   256.7   321.4   353.3   375.2   401.8   435.4   501.4   816.6  2919.7  7062.4  83953.0    83850
read      282.4    78.9   101.3   169.4   186.6   286.8   315.1   329.2   338.7   349.1   364.7   387.4   435.5   535.1  4091.6  18775.0    18614
read      295.3    91.7   101.3   158.2   174.9   298.5   338.0   358.1   371.2   387.7   406.1   437.3   509.6   731.2  1074.9  29381.0    29315
read      316.3   265.6    86.8   143.9   160.1   263.2   321.8   355.3   379.2   408.3   453.2   586.9  1491.4  2742.9  7674.9 107813.0   108090
read      289.9   101.8   109.4   164.8   181.1   295.1   327.5   342.8   353.8   366.0   380.9   402.7   470.8  1099.3  4000.2  27101.0    27024
read      283.2   104.6    86.8   147.5   162.6   278.2   332.6   356.4   371.8   389.9   410.6   440.9   505.0   638.6  3153.2  49892.0    49907
read      258.6    71.1   109.4   171.2   186.0   260.2   279.1   289.2   295.5   305.2   316.4   335.3   381.7   984.4  3011.9   9199.0     9150
read      286.2    83.4    93.8   158.5   174.1   293.2   331.6   348.5   360.6   372.7   389.9   412.6   464.2   555.8   965.5  34156.0    34328
read      279.9    96.2    93.8   145.6   161.1   275.6   330.3   354.1   369.2   386.6   405.7   435.1   497.7   612.1   930.3  51885.0    51881
read      275.1    66.4   109.4   171.3   189.0   278.9   301.5   313.4   320.8   332.5   344.4   368.2   424.9   898.0  1688.0  14504.0    14569
read      294.9   204.3    93.8   139.7   153.9   259.6   324.8   358.2   381.5   408.8   446.4   513.4   774.5  2839.8  3858.0  81249.0    81517
read      271.9   112.3    86.8   140.2   154.3   252.3   315.4   345.8   366.5   389.0   415.6   454.5   532.5   706.1  2419.7  78436.0    78694
read      270.3   107.6    86.8   141.5   155.9   248.8   307.2   338.5   360.2   384.1   412.4   455.4   547.0   800.6  2398.6  93981.0    93409
read      278.1    98.8    93.8   151.0   166.3   281.8   322.5   341.1   354.0   368.1   385.9   409.4   461.2   549.6  2479.4  39093.0    39093
read      268.9    73.8   109.4   164.7   180.6   273.6   298.2   310.5   318.2   328.8   341.3   362.5   410.4   546.2  2299.7  18637.0    18729
read      291.9   179.5    93.8   138.7   152.8   264.2   328.4   364.1   390.4   422.8   465.2   529.3   667.4  1359.5  4394.5  70601.0    70818
read      284.5   100.5   109.4   161.0   176.9   285.8   317.1   333.7   344.5   359.2   375.2   402.3   485.0  1124.8  1870.8  22170.0    21942
read      313.0   234.3    86.8   141.9   156.9   262.9   325.7   359.4   384.9   417.1   465.7   606.0  1370.4  2542.4  4126.8  91533.0    91810
read      284.7    91.0    93.8   154.5   170.1   288.0   331.7   350.8   363.5   376.9   395.5   422.4   470.2   593.8  1752.6  39546.0    39588
read      285.9    88.5    86.8   153.3   168.8   288.9   333.7   353.7   367.0   382.2   399.9   427.7   479.8   586.9   872.8  40663.0    40957
read      278.9   116.5    86.8   141.0   155.6   265.3   326.6   354.1   372.5   393.3   418.7   457.0   543.5   766.9  1997.7  62593.0    62645
read      273.1    74.6   101.3   166.4   183.7   276.9   300.6   313.7   322.1   333.9   345.6   368.2   419.1   628.0  3045.5  15593.0    15539
read      391.1   478.8    86.8   152.9   171.2   290.2   350.3   386.2   413.2   449.3   508.2   903.8  3180.1  4422.6  8043.6 107627.0   107672
read      285.4    84.5    86.8   158.9   174.3   292.0   329.4   345.9   358.2   370.7   387.4   408.4   458.7   599.6  1661.9  33046.0    32954
read      276.9   113.6    93.8   141.8   156.3   266.5   325.6   352.1   369.2   388.7   411.0   442.0   505.6   642.2  4088.3  58974.0    58866
read      281.8    86.6   101.3   165.4   182.0   287.6   316.6   331.1   340.5   351.6   366.2   387.8   429.7   508.6  4014.9  23759.0    23739
read      283.8   131.1    93.8   145.6   160.6   274.1   331.7   357.7   374.5   393.1   415.3   448.0   515.6  1162.8  3855.5  54330.0    54701
read      277.5   122.2    86.8   141.1   155.5   263.2   325.9   353.2   370.9   390.7   413.8   447.8   516.8   780.1  3483.5  60845.0    60706
read      273.0   108.3    93.8   138.4   152.4   253.7   318.9   349.7   369.8   391.8   418.4   458.0   540.1   710.2  2094.0  72461.0    72350
read      278.8   103.7    86.8   142.4   157.0   267.6   327.8   354.6   372.5   392.2   415.8   451.4   523.4   651.0  2220.5  58819.0    58661
read      292.7   130.1    93.8   157.9   174.0   294.4   335.0   354.4   367.4   382.3   399.6   427.1   486.5  1455.1  3455.7  34895.0    34912
read      261.5   105.2    80.4   137.1   150.6   238.2   296.8   328.3   349.4   373.1   401.8   444.2   540.4   756.5  1375.6 103110.0   103268
read      284.9    87.0    93.8   152.5   168.3   289.8   332.0   351.2   364.4   378.7   396.9   424.9   474.0   579.6   946.2  38553.0    38703
read      263.1   107.3    80.4   134.6   148.3   241.0   303.4   335.2   356.6   379.9   406.6   448.1   531.3   687.9  1983.6  83527.0    83358
read      277.8   112.1    86.8   140.7   155.5   266.8   326.8   352.9   369.8   389.0   411.4   445.2   516.4   848.9  2519.3  57345.0    57408
read      264.6   151.7    86.8   134.3   148.1   239.8   301.3   332.8   354.0   377.0   404.4   445.4   534.9  1095.2  5521.4  87446.0    86837
read      286.4    93.4   101.3   156.5   173.1   291.8   329.8   347.1   359.8   372.4   390.2   414.4   465.6   727.2  3550.6  33565.0    33517
read      271.6   105.2    86.8   138.0   151.7   255.5   319.1   347.9   366.8   387.7   412.4   449.4   526.2   683.7  2105.1  65812.0    66204
read      266.1   105.3    86.8   134.3   148.3   247.1   311.1   341.8   361.5   383.1   409.0   448.7   524.1   667.3  1716.5  73785.0    73758
read      266.9   111.6    86.8   139.1   153.0   244.8   303.7   334.8   355.9   379.0   407.4   450.8   545.7   885.4  1873.7  99616.0    99742
read      276.5   157.0    86.8   140.5   155.0   249.8   306.8   337.3   358.5   382.6   414.3   464.1   618.6  2421.7  3454.2 108990.0   109462
read      259.0   115.7    86.8   133.2   146.8   234.3   293.4   325.6   347.4   371.2   399.3   441.0   545.6  1117.7  2174.6  94681.0    94453
read      281.2    91.1    93.8   148.6   163.2   283.1   329.9   351.3   365.6   381.3   399.4   427.9   482.3   577.5   743.5  43894.0    44096
read      268.1   112.9    86.8   139.9   153.9   246.4   305.1   335.6   356.6   380.2   409.1   452.6   547.2   834.9  3870.8  99886.0   100467
read      257.7   150.4   118.1   168.4   184.3   255.9   273.4   284.1   291.3   299.3   312.5   332.1   394.3  2273.3  7057.2   8582.0     8576
read      290.7   135.5    86.8   139.5   154.2   272.6   334.6   368.3   391.8   418.9   454.3   505.8   606.6   939.0  3985.5  58567.0    59359
read      254.5    90.8   109.4   168.3   183.7   255.7   273.6   284.0   290.9   298.1   311.1   328.3   373.2   922.2  5225.7   7645.0     7614
read      292.2   148.4    93.8   139.6   154.2   272.2   335.0   367.8   391.7   420.0   456.5   509.7   629.1  1027.2  4343.2  59972.0    60329
read      294.4   108.1    93.8   146.8   162.2   290.5   343.4   369.5   388.2   408.9   435.3   478.0   556.9   727.7  1559.0  44163.0    43762
read      292.4   132.5    86.8   139.6   154.3   270.4   334.4   368.7   394.3   425.8   465.9   526.8   637.1   904.8  1377.5  66825.0    67038
read      299.7   175.9   101.3   160.4   177.2   299.5   337.2   356.2   368.8   384.3   402.2   434.2   519.6  1338.6  7647.2  26320.0    26095
read      295.7   150.1    86.8   138.5   153.0   269.8   334.4   370.1   396.3   428.4   470.3   534.8   681.3  1608.1  2364.1  70581.0    71173
read      352.0   402.2    86.8   149.5   166.8   278.9   337.8   370.6   395.3   426.2   469.6   579.5  2601.7  4177.2  7939.9 109331.0   109276
read      273.3    65.5    93.8   172.9   190.7   275.5   298.6   311.0   318.7   329.6   342.1   363.9   419.4   829.1  1726.4  13062.0    13150
read      292.8   155.6    86.8   139.6   154.0   269.4   332.8   366.3   390.6   419.4   456.7   511.0   647.4  1494.4  4472.2  61486.0    61250
read      284.5   152.2    86.8   138.8   152.8   253.9   317.0   349.9   373.8   402.1   440.6   508.6   751.5  1271.3  5356.0  84468.0    84472
read      270.8   151.2    86.8   134.5   148.7   245.3   308.3   338.8   359.2   382.0   409.7   453.7   590.2  1978.6  3897.5  81951.0    82226
read      284.6    84.6   101.3   162.5   178.4   290.3   324.3   339.5   349.8   362.8   376.7   400.8   453.8   546.1  2585.2  28107.0    27671
read      269.5   134.4    86.8   138.2   152.1   244.8   304.1   335.8   357.1   380.6   409.4   455.9   587.6  1202.9  3416.5  98818.0    98736
read      285.9   134.0    86.8   147.7   162.9   264.3   324.5   355.4   376.1   400.4   430.6   475.9   591.7  1235.9  2662.1 106533.0   106314
read      294.6   167.1    86.8   149.3   164.5   267.6   328.2   359.9   381.9   406.6   438.7   493.3   688.4  2515.0  3733.1 105077.0   105027
read      269.7   114.9    86.8   139.1   153.0   248.6   308.6   339.1   360.0   383.4   412.0   454.7   549.8   850.5  3652.5  96825.0    96867
read      262.1   123.5    86.8   134.3   148.1   239.3   301.5   332.5   352.9   374.5   401.2   440.8   537.0   793.7  4634.3  89587.0    89493
read      280.9   102.4    93.8   144.7   160.0   276.2   330.0   354.3   370.3   388.6   409.2   438.2   501.9   630.1  2027.9  50589.0    50538
read      285.4   110.0   101.3   165.7   181.6   288.0   317.6   332.3   341.8   353.9   369.3   394.0   455.3  1484.6  2561.1  22239.0    22083
read      294.2   122.4    86.8   144.5   160.3   284.6   342.3   371.0   391.2   414.2   443.4   488.7   578.4   753.9  3268.9  48578.0    48618
read      321.1   261.2    86.8   144.1   160.1   267.8   330.1   364.4   390.2   424.8   483.1   646.0  1292.0  3521.5  7151.2  94488.0    94298
read      276.0   168.8    93.8   140.7   155.1   260.7   322.2   349.3   367.3   387.0   409.3   441.5   511.1   827.2  6408.5  63298.0    63579
read      272.1   100.6    86.8   139.4   153.2   257.3   320.4   348.6   366.8   387.1   410.8   447.0   515.6   619.3   866.4  64399.0    64573
read      268.5   121.4    86.8   137.6   151.1   248.3   312.8   343.5   363.8   385.6   410.8   448.3   524.6   685.7  2162.8  76805.0    77178
read      289.8    85.7   101.3   162.1   177.9   296.7   331.1   347.2   360.1   373.0   392.4   419.7   468.6   572.7  2201.6  29895.0    29824
read      274.1   103.0    93.8   140.1   154.5   260.7   321.5   349.6   368.4   388.9   412.5   447.3   517.6   636.8  1334.4  65047.0    64495
read      286.0    72.5   101.3   165.3   182.5   291.5   319.4   334.6   344.3   358.0   373.0   400.2   459.9   570.0   928.0  21029.0    20917
read      277.8   132.2    86.8   137.1   150.9   250.9   314.5   346.6   369.8   396.6   431.8   495.1   675.5  1053.9  3162.3  85840.0    85651
read      268.4   115.2    93.8   137.6   151.4   253.9   314.0   340.6   358.1   376.6   398.8   432.3   507.8   846.0  2359.6  61829.0    61935
read      281.2   112.8    93.8   146.2   161.3   277.6   330.5   354.1   369.2   386.4   405.1   434.7   499.3   620.1  5129.2  49996.0    50216
read      263.5   100.4    86.8   134.4   147.8   246.7   309.4   338.3   356.9   376.5   400.4   434.0   504.9   722.9  1272.4  72336.0    72251
read      262.8   106.1    86.8   133.9   147.7   244.8   308.2   337.4   356.1   375.8   399.3   433.7   505.6   703.6  1528.9  72051.0    71798
read      283.0    71.0   109.4   166.0   183.3   288.2   315.7   329.9   339.5   350.6   366.9   391.9   446.2   594.7   934.7  19989.0    19701
read      296.9   141.3   101.3   161.7   178.6   298.9   333.8   351.0   363.7   377.0   394.9   423.2   490.9  2397.1  7251.6  25099.0    24952
read      277.4   144.4    80.4   135.5   149.6   250.0   313.3   344.1   366.2   391.9   426.5   491.2   672.8  1380.6  4268.4  81656.0    81838
read      285.6    76.6   101.3   163.3   179.8   292.8   323.1   339.0   349.5   362.5   376.2   399.9   451.4   599.5  1316.8  26757.0    26648
read      283.1    83.0   101.3   164.4   181.0   289.4   319.2   333.9   343.2   355.7   370.2   394.3   438.5   523.8  1440.8  25083.0    24837
read      285.0    79.8   101.3   161.9   177.6   291.0   325.6   341.1   352.1   365.3   381.0   402.8   458.3   568.1  1892.0  29196.0    29420
read      265.2   132.5    86.8   137.6   151.2   241.5   299.5   330.7   351.8   374.7   403.1   448.2   558.9  1192.0  2293.4 104041.0   103882
read      269.1   145.0    86.8   137.6   150.9   250.0   312.9   342.1   361.3   382.2   405.8   442.5   518.6   783.1  7527.9  70150.0    70314
read      276.4   115.9    93.8   140.7   155.3   262.7   324.3   351.4   369.0   389.0   412.4   447.8   531.8   795.7  3819.6  61786.0    61679
read      281.6   105.9    93.8   145.6   160.8   277.4   330.8   354.6   370.2   388.1   408.1   436.8   499.8   875.3  3054.4  49706.0    49557
read      284.5    75.8    86.8   167.9   185.6   289.5   317.0   331.8   341.8   353.8   368.1   391.1   434.7   548.1  2999.9  19406.0    19325
read      263.5    86.2   109.4   169.4   185.1   264.5   285.0   295.4   304.2   314.1   326.3   344.4   395.3   914.9  3797.8   9080.0     9128
read      304.3   246.2    80.4   137.2   151.8   254.7   318.3   353.0   380.0   415.0   469.9   596.8  1089.1  3383.4  5969.5  93808.0    94933
read      283.8    89.5    93.8   163.8   180.6   288.9   320.4   335.4   344.7   357.6   371.6   395.7   441.1   556.3  2967.6  24540.0    24327
read      266.9   103.1    86.8   135.8   149.7   250.2   313.1   341.9   360.7   381.0   404.1   442.0   520.0   676.5  1228.8  71510.0    71896
read      261.3   106.9    86.8   135.3   149.0   238.5   299.1   330.1   351.1   373.8   401.8   442.8   535.0   809.5  1717.1  93741.0    93771
read      285.3    95.0   101.3   166.0   182.9   289.3   317.2   331.8   341.3   353.3   368.8   393.2   446.8   776.2  4062.0  20637.0    20452
read      294.2   134.4    93.8   145.1   160.8   288.8   341.6   367.8   386.1   406.0   433.6   476.1   561.1   750.9  6053.6  42574.0    42338
read      301.9   172.2    86.8   140.3   155.0   269.6   335.8   372.4   400.7   435.3   481.9   554.5   755.9  1884.7  3757.2  72291.0    72627
read      273.2   121.1    86.8   133.3   147.4   247.6   312.1   344.6   367.2   394.0   429.0   489.3   639.2   962.3  1837.0  80507.0    80603
read      280.1   100.5    86.8   142.6   158.0   276.8   331.5   354.3   369.2   386.7   406.3   436.4   502.7   638.9  2247.3  49198.0    49049
read      261.2   110.6    86.8   133.7   147.1   238.4   301.2   333.1   353.8   375.9   402.5   443.0   532.6   755.8  1602.8  92357.0    92305
read      277.3   101.7    86.8   140.2   154.8   268.4   328.3   353.8   370.6   389.8   412.0   444.2   515.4   760.2  1045.7  56854.0    56889
read      268.9   138.6    86.8   135.5   149.4   247.6   310.8   341.4   361.6   383.7   410.1   450.4   540.8  1020.0  7017.7  77865.0    78036
read      268.9   105.7    86.8   136.7   150.6   251.1   314.9   344.5   364.4   386.2   411.8   449.3   519.6   621.7  1741.0  71622.0    71583
read      270.8   113.3    86.8   137.9   151.6   252.7   317.1   347.1   366.9   388.2   413.1   450.6   523.5   676.1  3019.6  73267.0    72609
read      275.3   146.0    86.8   140.9   155.6   251.4   309.4   340.8   362.2   386.2   416.2   462.9   589.0  1517.2  4627.4 107299.0   107382
read      266.7   143.4    86.8   135.7   149.5   243.0   304.9   336.7   358.2   381.6   408.0   449.3   541.4  1015.3  6740.8  86720.0    86530
read      277.5    74.9   109.4   170.7   188.5   280.1   305.6   318.0   327.6   338.6   352.3   375.1   432.0   857.5  2869.0  16744.0    16550
read      281.0   129.7    86.8   138.1   151.9   253.4   317.6   350.6   373.9   401.6   438.5   502.5   689.8  1099.0  1520.9  84050.0    84534
read      269.5   122.9    86.8   135.7   149.5   248.7   311.7   341.8   362.2   384.9   412.3   454.5   550.0  1104.5  3958.1  72585.0    72631
read      284.1    98.3    93.8   148.0   163.0   280.2   333.9   357.4   372.6   390.9   412.5   444.9   508.1   623.5  1889.0  49399.0    49291
read      280.2   153.8    93.8   139.7   154.0   263.3   325.8   354.3   373.1   393.6   418.5   456.9   570.8  1227.3  6239.8  62368.0    62175
read      263.0   105.1    86.8   134.0   147.7   243.0   306.0   336.4   356.2   377.6   403.4   442.0   520.9   673.1  1456.4  81015.0    80213
read      281.8    80.0   101.3   169.8   187.6   285.1   310.7   323.5   333.8   344.1   359.2   378.6   431.0   903.2  3274.2  16751.0    16566
read      293.0   130.9    86.8   141.1   155.5   279.5   341.4   373.0   394.8   420.5   452.8   499.0   588.5   800.7  3208.2  54007.0    53985
read      335.6   347.4    86.8   143.8   159.8   268.9   329.0   362.1   386.7   417.6   465.5   636.6  1840.5  3711.8  7941.8 101847.0   101949
read      283.2    82.9   101.3   165.9   182.5   288.8   317.5   332.1   341.6   353.2   367.7   391.2   438.2   642.4  1931.3  23984.0    24076
read      280.4   101.9    86.8   145.2   160.5   276.2   329.9   353.7   369.0   386.9   407.0   436.5   504.6   660.9  1609.2  52562.0    52574
read      267.1   109.3    86.8   138.6   152.8   245.5   303.0   333.1   354.1   377.7   405.6   451.0   561.0   953.3  1613.4 106328.0   106271
read      282.9   114.4    86.8   145.6   161.1   261.0   319.7   351.6   373.6   399.0   430.6   478.9   601.6  1038.9  1740.4 105904.0   105451
read      267.9   125.6    86.8   136.2   150.1   246.2   308.7   339.8   360.8   383.7   410.7   452.7   545.4   806.0  2921.2  85503.0    86087
read      290.2    83.7    93.8   163.2   179.6   296.4   331.2   346.9   359.0   371.2   389.0   414.3   467.7   579.1  1966.7  29289.0    29108
read      271.0   106.9    86.8   140.6   155.1   250.7   308.5   338.9   360.3   384.4   413.5   457.7   562.1   764.5  2415.2 101326.0   101115
read      270.7   107.5    86.8   138.0   152.0   252.6   314.4   343.8   364.5   387.3   414.3   454.0   537.0   709.6  1148.4  74555.0    74326
read      275.4   147.4    93.8   140.1   153.8   253.9   317.6   347.2   367.5   389.7   416.1   455.4   545.3  1266.9  5032.0  75754.0    75832
read      271.7   126.0    80.4   141.1   155.3   249.7   310.0   341.2   362.3   385.7   413.9   456.7   549.3   796.8  4246.0  94645.0    94901
read      277.0    72.6   101.3   169.8   187.7   279.8   305.6   318.0   327.4   338.0   350.4   371.7   424.8   875.0  3093.9  15777.0    15809
read      295.4    89.5   101.3   158.3   174.4   301.8   337.7   356.7   370.0   386.1   403.7   433.8   502.5   674.2  1631.5  28869.0    28874
read      289.3   120.4    93.8   141.7   156.2   278.4   336.9   366.9   387.8   411.3   440.9   485.2   576.3   722.1  2333.9  52379.0    51882
read      293.1    98.9    93.8   154.4   170.0   296.3   338.7   359.7   373.5   390.3   409.2   439.0   506.4   667.2  1996.1  32697.0    32653
read      294.7   128.7    93.8   148.6   164.0   290.3   341.3   366.3   383.7   403.0   430.0   470.0   560.6   769.0  3723.8  41656.0    41676
read      295.5   145.4    93.8   139.9   154.2   270.0   334.4   368.0   393.1   423.6   462.6   523.2   737.9  1570.3  2008.9  62950.0    63019
read      280.1   149.5    86.8   138.3   152.2   248.7   308.9   341.7   364.5   390.9   426.0   493.0   815.8  1433.6  3319.9  99461.0    99164
read      293.5   203.1    93.8   149.1   164.3   286.3   335.3   357.8   372.4   390.2   411.3   447.3   603.1  1909.6  9803.2  47374.0    47055
read      274.3   102.6    93.8   140.7   155.2   263.5   323.7   350.1   367.0   385.8   407.2   439.2   503.0   634.7  2656.2  62383.0    62394
read      271.4   151.3    86.8   140.2   155.1   250.5   308.4   338.3   358.7   381.5   408.4   451.1   545.3   885.1  7450.6  99209.0    98519
read      288.0   102.7    93.8   158.8   175.2   294.6   330.3   346.5   358.6   370.7   388.0   412.0   464.6   573.8  4374.8  32071.0    32122
read      282.4   143.6    86.8   144.1   159.1   278.4   329.3   352.3   367.1   383.9   402.7   431.6   496.6  2257.5  4206.0  49376.0    49464
read      285.6    92.3   101.3   163.2   180.0   291.0   320.0   335.3   345.0   358.6   373.1   399.3   461.0   623.6  4247.8  23776.0    24034
read      287.0   203.9    86.8   138.4   152.4   257.1   319.5   351.5   373.3   398.5   431.5   490.7   656.7  3476.1  4383.5  77371.0    77363
read      262.5   104.2    86.8   136.1   149.7   242.2   302.2   333.0   353.0   374.1   400.9   439.7   523.0   696.9  1725.4  91611.0    91698
read      282.9    91.1    93.8   152.1   167.9   287.4   328.9   346.9   360.1   373.3   392.0   418.1   470.7   635.0  2212.3  39285.0    38997
read      265.2   100.4    86.8   136.9   150.9   246.6   307.5   337.8   357.7   379.0   403.7   440.5   517.6   643.7  1583.4  85591.0    86028
read      265.2   101.3    86.8   136.2   150.0   246.1   307.9   339.0   359.4   381.1   405.1   444.5   522.5   680.3   917.1  82604.0    83012
read      273.9    67.1   101.3   169.4   186.9   277.7   300.9   312.6   319.9   331.4   343.7   366.5   416.7   810.5  1816.4  14975.0    15024
read      292.6   132.7    93.8   140.2   154.8   276.0   338.9   371.3   394.5   421.3   454.8   503.6   599.6  1081.3  4110.8  56387.0    56640
read      287.7   170.2    86.8   140.1   154.8   256.1   316.7   349.6   372.5   399.8   437.0   514.1   803.6  1508.4  6051.7  97109.0    97362
read      279.6   129.8    86.8   144.3   160.0   259.7   316.2   345.8   366.6   389.9   419.0   463.8   584.9  1109.3  2399.6 107487.0   107412
read      274.3   108.1    93.8   139.3   153.7   261.7   322.3   349.9   367.9   387.7   410.4   444.9   518.3   650.3  3016.6  65010.0    65030
read      271.3   104.4    86.8   138.1   151.9   251.8   316.1   347.7   368.0   390.2   417.0   456.5   539.1   678.2  1287.3  79630.0    79278
read      283.8    95.5    86.8   148.8   164.0   283.7   333.9   356.1   370.7   387.6   405.5   433.5   494.0   602.5   962.3  47495.0    47544
read      270.9   110.8    86.8   141.3   155.7   249.8   307.2   337.9   358.7   381.8   409.7   454.4   554.5  1224.8  2070.4 105564.0   105368
read      276.4   123.9    86.8   141.9   156.4   267.4   324.8   349.6   365.9   384.0   403.9   434.9   500.6   648.7  4353.5  58070.0    58181
read      278.0   114.7    86.8   141.6   156.3   269.2   326.2   351.6   368.1   386.3   406.3   436.9   507.4   759.2  3127.3  56942.0    56960
read      271.9    72.7   109.4   167.5   185.6   275.3   297.3   309.9   317.7   328.6   341.9   363.7   413.0   888.8  2616.7  15041.0    14849
read      294.0   156.7    86.8   140.2   154.5   270.8   334.4   368.0   393.5   424.1   462.2   520.7   662.0  1110.6  7475.4  63268.0    63672
read      292.4   112.6    93.8   146.0   161.0   284.0   340.3   368.4   388.4   410.9   438.3   480.3   564.8   698.9  1711.6  48031.0    48289
read      265.7    60.4   109.4   169.9   186.9   267.7   290.1   301.8   310.7   319.6   333.9   352.5   397.9   830.4  1011.4  11999.0    11797
read      266.8    80.8   118.1   168.3   185.8   267.1   290.1   302.4   311.6   320.8   336.3   358.6   421.9   897.0  2553.3  10656.0    10781
read      294.1   127.9    93.8   145.3   160.4   284.5   342.9   372.0   392.5   415.8   445.0   489.5   576.0   753.1   950.6  49050.0    49362
read      289.9   148.1    86.8   144.2   159.7   260.3   319.6   351.1   372.7   399.0   433.6   500.3   841.8  1620.2  2425.3 102184.0   102119
read      280.1    93.3    93.8   147.2   162.3   281.1   329.7   350.4   364.4   379.6   398.3   426.9   481.4   585.4   835.3  45913.0    46213
read      265.8   108.8    86.8   138.4   152.2   245.5   304.2   334.7   355.6   378.3   404.4   444.7   531.0   729.3  2700.9  96839.0    97025
read      274.4    70.9   109.4   166.1   182.2   278.0   304.2   317.3   327.0   338.0   351.0   372.2   420.9   588.3  1766.3  18567.0    18351
read      283.0    90.7   101.3   163.1   179.4   288.0   317.8   332.9   342.6   355.1   369.9   395.1   450.4   576.2  3098.5  21169.0    21426
read      292.6   144.1    93.8   146.2   161.3   287.3   340.7   366.1   383.7   403.2   430.4   470.0   546.1   679.3  6151.6  42933.0    43013
read      288.9   136.8    93.8   139.2   153.8   265.3   328.7   362.9   388.3   418.6   458.1   516.8   629.8   923.0  3995.5  67674.0    67376
read      294.6   103.0    93.8   152.9   168.6   294.3   339.9   362.4   377.6   395.8   419.9   456.9   534.3   851.4  2102.6  35765.0    36043
read      253.9   209.8   118.1   166.6   181.9   250.4   269.0   278.4   286.2   294.0   306.6   326.2   394.1   968.2 14357.0   6345.0     6255
read      325.9   300.1    86.8   145.9   161.9   269.1   330.3   365.4   392.4   428.6   489.9   668.5  1386.4  4095.4  8724.4 101248.0   102499
read      282.0    71.6   101.3   164.0   180.0   289.9   318.9   333.5   342.8   354.8   368.8   391.3   435.3   502.6   929.5  26000.0    26263
read      277.6   104.0    86.8   142.8   157.6   269.7   327.8   352.7   368.6   386.8   407.0   436.7   502.5   632.4  1791.2  56781.0    56974
read      282.5    97.8    86.8   151.2   167.0   286.1   330.3   348.3   361.0   373.7   392.6   419.2   469.8   585.0  2434.2  40769.0    40869
read      281.2    96.6    93.8   147.3   162.8   281.8   330.4   351.7   366.0   381.8   399.8   427.8   487.7   580.3  1798.7  46248.0    46514
read      262.7    63.6   118.1   166.1   182.4   265.1   286.3   296.8   305.9   315.1   327.5   345.6   409.9   780.9  1950.3  11467.0    11431
read      292.1   154.1    86.8   139.7   154.4   271.0   334.2   367.1   390.2   417.7   453.7   507.0   633.8  1260.6  6007.8  58414.0    58600
read      290.1   131.9    86.8   139.6   154.4   267.0   331.1   365.7   390.8   420.9   460.0   517.5   632.2   914.9  2937.0  67611.0    68058
read      309.5   235.7    93.8   143.7   158.8   283.3   344.2   376.2   399.1   426.8   462.7   521.7   744.9  4427.6  5939.1  54708.0    54502
read      293.7   143.4    86.8   140.4   155.2   272.7   336.6   370.3   394.9   424.5   461.7   515.4   626.8  1333.2  3122.8  63710.0    64022
read      295.6   120.9    93.8   144.0   158.9   283.6   343.9   374.0   395.3   420.4   452.3   499.1   591.3   867.0  2426.9  51918.0    52142
read      350.2   408.1    86.8   146.8   163.3   275.7   336.0   369.3   393.3   423.4   467.5   581.9  2707.3  3788.5  7992.0 100774.0   101375
read      285.6    92.1   101.3   153.5   169.3   289.8   331.3   350.4   363.9   378.4   396.8   424.5   484.2   710.1  2075.1  40602.0    40606
read      282.8   111.0    93.8   149.1   164.9   283.6   332.2   352.8   366.4   381.7   399.6   427.8   484.6   581.1  3849.2  47374.0    47485
read      276.5    90.8    93.8   146.5   161.0   276.2   325.6   346.5   360.9   375.6   395.6   423.8   473.6   568.2  1133.5  48713.0    48977
read      281.5    85.2    93.8   151.8   168.2   286.6   328.2   345.4   358.2   371.2   389.4   414.3   462.5   547.8  1202.2  38554.0    38615
read      267.3   144.2    86.8   136.7   150.3   246.3   309.6   340.5   360.7   382.3   406.9   443.1   519.3   716.6  6461.5  79973.0    80279
read      271.0   171.7    86.8   137.0   150.5   250.5   313.9   343.5   363.0   383.8   407.5   445.2   518.9   773.4  7798.7  75647.0    75843
read      272.9   141.5    86.8   138.0   152.1   256.1   318.1   346.3   365.0   385.2   407.8   443.2   519.9   981.5  5743.6  66960.0    67095
read      285.5    93.0    93.8   152.6   168.9   289.8   334.1   353.6   365.9   379.6   396.7   423.1   470.5   545.7  2630.4  41119.0    41325
read      280.8   101.4    93.8   143.7   159.1   271.7   331.6   357.4   373.9   392.9   415.4   448.1   513.8   636.7  1366.4  55805.0    55752
read      267.6   109.9    86.8   138.3   151.9   247.7   309.1   339.8   360.5   382.9   408.7   448.3   531.6   694.3  1997.9  85482.0    85561
read      269.8    71.7   109.4   168.9   186.1   272.2   294.8   307.4   315.6   325.5   339.1   360.4   403.7   881.5  2836.6  14092.0    14194
read      299.2   182.1    86.8   141.1   155.8   260.1   323.7   357.3   380.7   409.9   453.8   565.1  1019.0  1781.4  3340.2  87468.0    88002
read      266.0    99.3    86.8   138.7   152.9   246.1   307.0   338.2   358.7   380.7   405.7   443.8   522.9   661.3   808.8  90086.0    90515
read      270.0   102.5    86.8   143.2   157.9   250.5   306.4   335.8   356.3   379.5   407.6   451.0   543.8   733.1  1449.3 108848.0   109283
read      280.9    81.5   101.3   163.6   179.7   286.9   317.4   332.1   341.5   352.9   367.1   389.6   435.6   631.8  3262.3  26510.0    26699
read      282.9    88.1    93.8   155.3   171.0   288.2   328.2   345.3   357.9   370.8   388.3   411.4   462.8   614.4  1471.0  37062.0    37400
read      284.0   113.8   101.3   167.3   185.2   285.4   312.7   326.7   336.8   346.9   363.8   387.0   435.8  1446.0  3507.9  19384.0    19307
read      267.2   107.5   118.1   167.9   184.0   267.9   290.3   302.1   310.4   318.7   332.5   350.6   398.0   907.5  4346.1  11573.0    11527
read      290.7   146.9    86.8   139.1   153.1   260.0   324.8   358.8   384.0   414.8   458.9   539.0   752.7  1432.5  2534.5  83298.0    83787
read      277.8   134.0   109.4   166.1   182.4   282.5   308.6   321.1   330.7   340.3   352.9   372.0   416.8   672.4  7286.1  22410.0    22209
read      272.1   134.3    86.8   139.2   152.7   252.5   317.7   347.2   366.0   386.8   411.3   448.7   530.7   762.1  5761.7  74912.0    75169
read      268.1   112.3    93.8   138.2   151.9   251.3   313.9   342.9   362.0   382.5   405.0   438.6   505.6   632.5  1420.2  73878.0    73833
read      270.0   106.8    86.8   140.5   154.7   249.3   308.6   339.4   360.4   383.9   412.1   454.9   545.7   746.3  2411.3  94381.0    94641
read      277.6   107.2    86.8   142.2   156.9   265.7   326.3   353.1   370.7   390.8   414.4   447.5   508.2   637.2  2941.9  61476.0    61338
read      264.6   114.1    86.8   138.1   151.7   244.0   302.9   333.8   354.3   376.5   403.0   441.3   520.9   751.2  2764.4  91627.0    91825
read      270.5   107.6    86.8   140.2   154.1   252.1   315.7   346.0   365.5   386.5   410.4   445.5   510.4   637.3  2803.3  77090.0    77235
read      281.4    87.8    93.8   153.8   169.9   286.7   325.7   343.2   355.7   368.9   386.4   410.3   465.1   648.1  2461.6  37411.0    37257
read      284.0    81.6   101.3   160.0   176.1   290.7   325.9   341.6   352.8   365.7   381.5   403.6   459.3   549.2   901.6  31972.0    32057
read      281.5   108.5    86.8   147.7   163.0   261.8   319.1   348.9   369.7   393.8   424.1   470.0   588.2   832.8  1359.1 109073.0   108618
read      267.4   108.0    86.8   138.3   152.1   250.7   312.9   342.7   361.7   381.8   403.5   436.8   503.1   623.3   843.6  73115.0    72930
read      286.3   115.7    93.8   151.8   167.8   287.5   332.5   352.3   365.4   379.8   397.9   425.6   482.0  1310.6  3415.4  43682.0    43714
read      269.5   115.7    86.8   139.9   154.0   250.0   310.8   341.0   361.5   383.7   409.5   447.6   527.4   673.4  3970.5  86883.0    87369
read      277.5    97.8    93.8   143.6   158.9   269.8   327.7   351.8   367.7   385.5   404.6   435.2   502.3   628.8   836.9  57013.0    56640
read      267.6   101.9    86.8   140.4   154.6   247.1   306.0   336.9   358.1   381.1   407.7   447.9   534.0   751.8  1128.4  97304.0    97360
read      269.5   125.5    86.8   138.3   151.9   249.4   312.6   342.7   362.5   384.2   409.6   447.8   526.6   718.5  3694.3  79834.0    79788
read      260.4    76.1   101.3   166.1   182.6   262.3   283.4   294.4   303.0   313.0   324.8   344.7   396.3   893.2  2352.6  11314.0    11352
read      292.0   207.4    86.8   139.7   154.1   256.6   318.8   350.9   373.2   400.5   437.7   516.5   839.1  3278.4  5511.7  87424.0    87962
read      280.8    85.1    93.8   152.1   167.5   284.7   327.5   346.2   359.8   373.4   391.8   417.2   467.2   542.0   734.1  40706.0    40663
read      276.0    97.0    80.4   141.5   156.4   268.5   327.2   352.4   369.0   387.1   406.9   436.5   497.7   583.4   685.8  59377.0    59386
read      284.3   114.1    93.8   149.3   164.3   282.6   333.6   355.9   370.4   387.1   404.8   433.0   491.3   585.9  5206.9  48609.0    48302
read      284.8    71.4   109.4   167.5   184.9   289.4   317.3   332.0   341.7   354.2   369.9   395.4   445.9   636.4   933.7  19476.0    19398
read      286.9   191.5    86.8   141.3   155.7   259.9   322.4   354.8   377.2   403.6   441.3   507.5   687.5  1096.1 12217.1  81909.0    82197
read      270.6   101.6    86.8   139.5   153.3   252.4   315.8   345.2   365.1   386.5   411.3   448.8   522.0   671.0  1199.4  77695.0    77387
read      270.4   115.0    86.8   139.7   153.5   253.4   316.4   345.3   364.1   384.3   407.0   440.7   506.5   639.5  2148.7  72528.0    72753
read      249.6   129.5   109.4   166.2   180.1   248.0   266.5   275.0   283.0   291.1   301.2   318.2   377.5  1413.7  6777.7   7752.0     7720
read      297.8   128.8    93.8   149.0   163.7   290.4   345.6   372.6   391.9   413.8   441.6   485.0   570.4   751.0  4117.3  45794.0    46279
read      304.0   139.9    93.8   151.9   167.4   297.2   347.8   373.5   391.5   412.2   440.3   485.2   601.5  1517.4  2925.4  42154.0    42102
read      294.5   157.1    86.8   142.3   157.3   262.4   323.1   355.8   380.0   411.2   457.9   555.0   817.6  1321.3  3433.9  90998.0    90892
read      286.8    99.4    93.8   155.2   171.2   291.7   333.2   351.9   364.6   378.4   395.9   422.8   471.9   567.0  4399.6  39873.0    39976
read      280.9   112.5    86.8   144.8   159.9   268.4   329.2   356.2   373.5   393.3   417.1   452.5   526.7   654.4  4355.1  61296.0    61084
read      279.2    97.3   109.4   171.1   188.2   281.6   305.9   317.5   326.7   337.7   350.3   370.9   428.3   929.1  3946.1  16641.0    16735
read      293.9   121.2    93.8   146.4   161.8   287.4   342.3   369.0   387.8   408.6   436.2   478.5   565.8   733.2  3893.4  45910.0    45909
read      291.5    95.9   109.4   160.8   176.2   295.5   332.0   350.4   363.7   377.8   396.1   424.9   485.6   609.2  3329.7  28682.0    28976
read      295.5   166.5    86.8   143.4   157.9   262.5   325.9   359.4   383.4   412.9   455.8   540.5   818.2  1566.2  4866.8  85228.0    84704
read      270.1   142.0    86.8   140.4   154.7   247.4   305.8   336.5   357.6   380.9   408.7   452.4   559.7   887.6  3894.0 101776.0   101822
read      261.3   116.5    86.8   136.3   150.0   239.8   299.3   330.7   351.3   373.1   398.8   435.1   509.6   722.9  3984.3  92894.0    92571
read      267.8    68.2   109.4   171.9   189.7   270.2   290.7   301.3   309.4   317.5   330.1   346.7   400.5   928.0  2646.8  12108.0    12106
read      296.6   150.7    93.8   144.0   159.1   276.2   339.4   371.7   395.3   423.6   458.9   510.1   620.1  1595.0  4167.8  58183.0    58568
read      297.3   120.9    93.8   146.6   161.7   285.1   344.9   374.7   396.1   420.8   452.4   499.3   597.5   938.0  2025.2  50773.0    51319
read      288.2    87.5   101.3   164.9   181.2   292.8   323.8   339.8   350.8   364.2   379.8   402.9   455.2   590.8  2871.6  21853.0    21556
read      279.8   111.7   101.3   170.0   187.2   280.7   304.9   317.2   326.5   337.6   350.6   372.7   431.0  1237.3  3137.7  13944.0    14191
read      292.5    88.1   101.3   159.1   174.6   297.8   335.7   354.5   367.8   383.5   401.6   430.6   490.8   585.1  1321.3  28958.0    29072
read      282.9    70.5   118.1   168.2   185.7   287.8   314.0   327.2   336.6   346.0   361.3   381.7   436.6   830.4  1771.8  16334.0    16350
read      278.4   121.0    86.8   138.7   152.5   253.3   316.7   349.4   372.2   399.2   433.9   492.8   635.7   923.5  1592.3  86402.0    86891
read      270.4   122.5    86.8   141.1   155.7   249.2   306.6   336.5   357.1   380.0   407.8   451.5   548.9   965.5  4006.4 104322.0   104441
read      273.4   227.8   109.4   174.3   190.3   261.8   281.6   292.7   300.7   311.2   322.2   344.8   531.6  3980.1  8210.1   8910.0     8906
read      325.6   277.9    93.8   153.4   169.6   303.0   358.2   387.2   407.0   431.5   465.2   525.3   794.9  3230.9  9070.7  42087.0    42175
read      294.4   115.8    86.8   146.2   161.5   284.1   340.3   369.5   390.5   414.9   446.6   495.1   584.7   736.4  1568.0  52242.0    51797
read      286.8   136.2    86.8   140.6   154.3   260.3   323.9   356.2   379.0   406.8   446.1   514.2   692.4  1128.6  2933.6  76674.0    76678
read      291.6    93.1   109.4   174.2   191.5   296.2   324.6   338.5   347.4   360.4   373.4   397.5   448.5   588.0  5150.6  19474.0    19630
read      303.7   222.4    86.8   143.0   158.2   258.2   319.5   354.1   378.9   408.3   452.2   552.8  1225.9  2501.2  7121.0  99756.0   100132
read      292.2    89.4    93.8   157.9   174.1   296.8   340.3   360.8   373.9   389.9   407.0   433.4   487.7   582.6   942.2  40529.0    40498
read      296.2   167.8    86.8   150.2   166.5   271.9   329.0   360.0   381.8   407.3   440.1   497.3   690.4  1693.8  2736.9 108295.0   108559
read      291.5    89.2   101.3   169.9   187.2   296.4   327.1   341.8   352.7   365.9   382.3   405.2   462.4   549.3  1975.7  24049.0    23964
read      302.5   150.2    86.8   144.3   159.9   277.7   341.4   376.8   403.0   436.4   482.4   552.1   691.3   933.1  3226.3  70987.0    70760
read      295.7   214.5    86.8   143.4   158.6   259.4   317.6   349.4   372.0   398.0   433.0   497.8  1029.0  2354.8  7003.0  99552.0    99567
read      285.1   156.3    86.8   143.6   159.5   259.3   316.1   346.3   368.5   393.7   425.9   477.4   637.2  2403.9  3587.8 107854.0   107548
read      285.4   104.1    93.8   148.5   163.5   279.0   334.3   359.8   376.5   395.3   418.5   452.2   515.7   652.1  1522.3  53682.0    53742
read      271.8   118.4    86.8   141.4   156.1   250.6   308.0   338.1   359.2   383.0   411.9   456.9   560.7  1006.1  2672.3 104047.0   103931
read      279.6   103.9    86.8   143.7   158.8   268.2   328.1   355.2   373.0   393.3   417.2   451.6   524.2   667.9  1880.7  60376.0    60359
read      265.4    75.5   118.1   175.3   191.1   265.8   286.3   296.5   306.2   316.4   330.0   346.8   395.6   898.4  3776.2   9794.0     9725
read      299.8   119.8    86.8   149.8   165.1   288.5   347.7   376.5   397.7   422.1   452.6   499.2   591.9   739.6  2079.6  52117.0    52014
read      302.0   110.8    93.8   156.5   173.0   300.6   349.1   373.5   390.9   409.7   433.2   468.6   542.8   650.2  3439.0  40014.0    40053
read      287.3   144.1    86.8   141.8   156.3   255.7   319.6   352.0   374.7   401.2   436.9   506.3   833.1  1345.0  3302.2  86455.0    86436
read      285.0   103.6   101.3   169.1   185.6   289.5   318.2   332.9   342.4   354.5   369.2   392.6   435.5   538.5  6078.4  23988.0    23983
read      273.6   115.2    93.8   140.4   154.2   257.7   321.2   348.9   368.0   388.7   412.6   446.9   513.0   662.0  3153.7  66217.0    66595
read      284.9    89.2   101.3   166.7   183.2   290.4   319.9   334.8   344.3   356.9   370.7   395.3   448.0   833.3  4113.9  26108.0    26056
read      282.4   102.8    86.8   147.0   161.9   276.8   330.6   354.9   370.6   389.0   410.3   442.8   509.5   718.9  1265.0  51954.0    51764
read      288.1    89.5    93.8   157.1   172.9   290.6   334.1   354.4   368.2   384.0   401.3   429.7   482.3   552.5   943.3  40027.0    40202
read      269.6   122.0    86.8   138.1   152.0   249.5   311.3   341.6   361.8   384.4   412.0   453.0   542.4   735.3  2440.9  76571.0    76665
read      270.1    60.2   118.1   176.5   194.3   270.9   292.6   304.5   312.7   320.8   335.1   354.3   405.3   897.6  1010.1  11174.0    11133
read      282.5   127.9    86.8   140.3   154.6   257.8   320.2   351.4   373.1   399.0   434.2   498.1   688.9   943.8  3235.1  79888.0    80405
read      272.5   106.1    86.8   139.6   153.8   252.7   316.0   346.6   367.1   390.0   417.8   458.0   542.5   741.4  1391.4  79062.0    79106
read      273.7   143.8    86.8   141.0   156.0   252.0   310.2   341.1   362.4   386.0   414.7   458.1   560.4   885.6  5727.9  97234.0    97258
read      292.4   119.8    93.8   159.5   175.4   297.0   336.2   355.4   368.4   383.6   400.9   428.5   479.4   609.2  4694.3  36231.0    36307
read      292.4   101.0   101.3   168.0   184.9   297.9   330.9   346.7   359.0   371.3   388.6   411.8   462.2   544.5  3329.7  28688.0    28636
read      292.8    99.8    86.8   155.9   171.7   294.2   340.4   362.0   376.0   392.2   410.9   438.7   505.3   760.0  2249.5  41519.0    41620
read      278.0   116.8    86.8   141.6   155.8   258.6   322.4   353.3   373.6   396.7   425.0   464.5   547.7   810.1  3079.1  75568.0    75736
read      292.1    95.5    93.8   152.7   168.8   293.7   343.8   366.3   381.4   398.1   418.9   447.3   502.4   593.5   885.2  45004.0    44979
read      298.2    97.1   101.3   166.2   183.2   304.3   342.6   360.4   371.6   385.8   401.0   427.1   473.8   583.1  2549.4  31725.0    31478
read      296.5   105.1    86.8   158.5   175.3   298.9   341.9   362.3   375.6   392.0   410.8   438.8   504.8  1197.6  2536.1  37807.0    37586
read      284.5   132.1    86.8   146.2   162.2   262.6   319.2   349.8   371.2   396.0   427.2   474.9   622.7  1324.6  2429.9 108599.0   108330
read      283.2   106.5    93.8   144.3   159.3   267.6   330.1   360.4   380.4   402.2   429.5   467.2   547.5   656.9  1683.2  64625.0    64301
read      270.4    74.5   118.1   175.8   192.6   271.1   292.5   304.2   312.3   320.5   334.5   352.1   398.5   934.4  2020.7  11069.0    11203
read      257.7    88.8   118.1   170.9   186.0   259.2   277.4   287.4   293.7   302.0   313.5   330.9   372.2  1004.5  4855.8   7191.0     7291
read      310.3   187.4    93.8   144.8   159.9   268.8   334.1   369.5   396.3   431.0   486.9   615.7  1002.4  1719.4  5312.9  86557.0    87477
read      273.8   143.9    86.8   138.6   152.4   250.6   314.1   344.4   364.5   386.6   413.2   455.5   569.2  1474.2  4501.9  77309.0    77485
read      290.9   119.5    93.8   154.0   170.0   291.3   338.4   360.3   374.5   390.8   408.8   435.7   498.5   660.1  3713.0  42243.0    42055
read      294.7    81.4   101.3   169.2   187.2   301.8   333.5   348.2   359.7   371.2   388.2   411.1   463.4   719.1  1654.7  27074.0    26865
read      266.7   145.2    86.8   138.4   151.9   242.5   301.2   332.7   354.0   378.0   406.9   451.8   545.5   858.8  6224.8  93802.0    94592
read      275.3   116.5    86.8   141.1   155.1   258.5   319.9   349.1   368.3   390.4   417.4   456.3   535.8   683.1  3910.4  66732.0    66869
read      285.6    86.8   118.1   175.6   193.2   286.6   314.3   328.6   338.5   349.6   367.2   392.3   439.3   917.5  3798.8  18088.0    17835
read      305.5   130.1    93.8   147.8   162.9   291.0   351.8   384.7   408.3   436.4   471.4   524.2   631.2   972.2  1860.2  55529.0    55977
read      298.5   154.7    86.8   144.6   160.2   266.3   330.9   365.2   390.2   420.5   462.5   544.0   815.3  1706.5  2694.0  82534.0    82437
read      277.5    66.0   109.4   174.6   191.5   279.9   305.1   317.5   326.9   337.9   350.5   370.8   419.0   814.5  1255.8  15825.0    15775
read      318.4   224.7    86.8   143.0   158.4   264.5   329.6   365.6   392.8   429.4   495.8   698.8  1223.8  2138.3  6021.1  87585.0    87559
read      267.2   127.2    80.4   138.8   153.0   242.0   297.4   328.4   349.9   374.4   404.7   454.1   586.4  1451.5  3090.1 105295.0   105401
read      267.2   119.4    86.8   138.7   152.1   243.6   303.8   335.4   356.6   379.8   408.1   452.5   554.1  1038.8  3139.7  89315.0    88752
read      262.7   106.0    86.8   137.5   150.6   239.9   299.8   331.0   352.3   375.5   403.2   445.8   536.0   735.2  1309.7  94903.0    94531
read      272.8   113.8    86.8   144.3   158.6   250.8   307.4   338.7   360.5   384.8   414.4   460.9   570.7   885.1  2030.1 100895.0   101303
read      274.5   124.0    86.8   140.2   154.1   250.4   311.0   342.0   363.6   387.7   417.6   463.0   596.2  1288.4  2780.2  86294.0    86640
read      265.2   104.6    86.8   138.3   151.5   244.1   304.5   336.1   357.0   379.8   407.1   448.5   536.9   722.2  1039.2  85012.0    84818
read      287.0    74.5   109.4   170.4   187.5   289.2   318.0   333.5   343.7   357.2   372.3   399.0   461.9   788.4  1185.3  20362.0    20221
read      301.2   122.0    93.8   151.7   167.1   294.9   346.8   373.3   392.8   415.5   445.4   492.7   582.8   754.6  4793.2  44194.0    43599
read      298.1   119.7    93.8   145.9   161.2   286.0   343.0   372.8   394.9   421.9   456.7   505.7   612.4   849.8  2407.9  53228.0    52779
read      289.9   196.6    86.8   139.6   153.7   253.3   316.7   350.9   375.6   405.4   449.4   532.8   816.2  1926.8  6763.1  89103.0    89855
read      286.1   105.1    93.8   149.2   164.4   283.1   335.0   358.6   373.6   391.2   411.7   442.8   507.7   659.3  2229.4  48313.0    48532
read      285.6   125.8    86.8   149.1   164.3   266.0   321.3   350.7   371.4   395.5   425.8   471.4   596.0  1224.2  3601.5 108098.0   107423
read      287.2    96.3    93.8   151.6   167.1   285.6   336.7   359.5   374.1   391.5   411.3   437.8   500.0   650.0  1934.9  46752.0    46535
read      290.3   146.0    93.8   151.1   166.8   283.9   336.7   360.5   376.0   394.8   417.4   450.5   518.1   662.2  6623.0  47472.0    47535
read      287.2   101.0    93.8   149.3   164.4   283.3   336.2   360.6   376.7   395.2   417.5   450.0   522.6   798.0  1092.2  50079.0    49633
read      292.0    91.1   101.3   164.3   180.8   297.9   333.5   350.1   361.8   373.5   390.8   413.6   461.8   562.2  3087.9  30138.0    30334
read      280.6    70.9   109.4   172.3   189.6   284.3   310.2   323.2   333.5   343.8   359.1   379.3   429.5   659.6  1931.5  16980.0    17207
read      373.8   450.3    86.8   149.2   165.6   271.9   327.6   361.1   387.5   423.0   484.9  1105.4  2622.9  3892.8  8054.9 106125.0   106074
read      284.4   114.9    93.8   150.1   165.3   279.3   330.5   353.6   369.2   386.9   406.5   436.9   503.9   718.4  3322.6  49023.0    48912
read      264.4   135.7    86.8   138.0   151.3   240.6   298.5   330.2   351.5   374.5   403.1   445.6   540.8  1025.0  6493.4  96249.0    96483
read      287.9    88.8   101.3   158.5   174.4   291.4   333.1   352.3   365.1   379.1   396.6   423.0   472.8   641.7  1784.3  39114.0    39228
read      257.9   110.2    86.8   134.6   147.8   234.7   293.5   325.5   346.7   370.4   398.8   438.4   522.0   738.7  2462.8  91670.0    92350
read      264.1   103.5    86.8   136.7   150.0   242.9   304.2   334.8   355.5   378.4   405.7   447.6   536.0   741.7  1662.1  85520.0    85084
read      269.0   124.8    93.8   138.5   152.3   246.4   308.7   340.1   361.2   384.2   411.1   450.3   536.9  1073.8  3448.4  81271.0    81993
read      274.5   181.0    86.8   141.2   155.2   246.9   304.5   335.5   357.2   381.8   412.5   460.7   591.2  2503.8  7718.4 100938.0   101617
read      277.2    85.6   109.4   170.7   188.1   279.3   305.0   317.9   327.8   339.0   352.8   372.4   427.7   898.4  4809.9  16801.0    16730
read      298.9   144.1    86.8   141.0   155.4   270.6   337.1   373.3   401.8   436.8   485.2   556.4   715.2  1039.7  3577.6  70670.0    71079
read      298.1   206.5    86.8   145.2   161.3   261.4   317.8   349.2   371.8   398.1   433.1   499.5  1094.1  2655.7  6006.7 108484.0   108942
read      279.3    98.1    93.8   144.9   160.3   271.6   328.3   354.1   371.0   389.7   411.0   441.8   504.6   642.7  1077.1  55720.0    55406
read      293.4   163.8    93.8   156.6   172.6   293.2   338.0   358.8   372.2   388.2   404.8   433.4   494.8  1707.3  7952.1  42410.0    42279
read      284.9    69.8   101.3   172.5   188.8   290.9   317.9   332.1   341.4   352.8   367.1   389.4   432.2   563.0  1367.1  21862.0    21876
read      293.3    92.7    93.8   162.3   178.9   299.0   337.8   356.1   368.2   382.5   399.2   425.7   471.8   628.5  3133.0  34141.0    34140
read      290.3    96.5    93.8   153.4   169.8   292.9   339.8   361.0   374.5   391.1   409.7   436.9   497.8   587.2  1849.5  43038.0    42897
read      280.7    87.4   101.3   172.2   190.2   283.0   308.9   321.7   331.8   341.9   356.2   375.2   430.6   883.6  3165.0  18422.0    18462
read      329.4   297.5    86.8   142.9   159.1   261.5   320.5   354.8   380.3   414.3   467.0   733.7  1723.4  3121.7  7089.8  99988.0   100375
read      284.2    89.9    93.8   154.9   170.5   287.3   329.9   349.3   363.2   377.8   396.0   423.5   470.8   545.8  2364.4  41286.0    41347
read      264.5   103.1    86.8   139.6   153.3   242.4   300.0   330.3   351.1   374.5   403.1   447.7   544.2   768.2  1454.9 101419.0   101594
read      283.1    95.0    86.8   150.9   165.9   281.8   331.1   353.0   367.9   384.7   403.3   432.7   493.9   626.4  1722.8  47264.0    47486
read      265.4   103.3    86.8   136.5   149.9   246.9   310.1   340.1   359.5   380.3   404.3   440.8   509.7   627.7  1583.0  72832.0    73393
read      283.3   138.5    86.8   146.3   161.8   275.4   331.0   354.7   370.2   388.1   408.2   438.8   506.2   782.6  5106.5  51189.0    51134
read      278.4   103.9    93.8   142.5   157.2   266.6   325.5   352.6   370.6   391.3   416.0   452.1   528.2   711.4  1575.3  58216.0    58201
read      269.4   104.6    86.8   138.5   151.8   250.8   314.4   344.1   363.7   385.5   412.0   451.1   530.7   653.9   868.0  70857.0    71020
read      268.9   105.4    86.8   139.1   152.5   249.9   313.2   343.0   363.2   385.1   410.7   448.4   522.6   642.9  2101.3  72286.0    72071
read      258.4   127.3    86.8   135.4   148.9   234.3   294.4   326.7   347.3   370.6   398.4   437.3   521.5   713.1  1980.3  93746.0    93446
read      289.4    78.3   101.3   165.6   182.5   294.5   329.8   345.7   357.3   369.1   385.3   406.1   461.0   621.2  1024.2  28709.0    28724
read      275.4   103.8    86.8   140.5   155.1   264.2   325.5   351.8   369.2   388.8   411.5   443.4   503.7   614.3  1591.3  59205.0    59269
read      268.6   185.0    86.8   136.2   149.9   246.0   307.6   337.9   358.3   380.7   407.0   447.0   527.7  1337.4 11592.1  74855.0    74624
read      282.3   112.6    93.8   145.4   161.1   274.7   330.2   355.3   371.6   390.3   411.9   443.8   511.8   896.0  2370.5  52392.0    52368
read      266.7    60.2   109.4   176.4   193.2   267.2   288.4   298.9   308.0   317.1   330.3   347.1   398.7   893.5  1500.5   9721.0     9687
read      301.5   126.5    93.8   151.1   166.5   291.3   348.1   375.6   395.5   419.3   449.5   494.8   587.8   761.1  3815.4  43975.0    44165
read      257.3   128.5   118.1   174.5   188.2   252.4   271.1   282.1   290.3   299.3   313.5   334.9   401.1  1465.6  6133.1   6854.0     6895
read      301.2   123.8    93.8   147.7   162.6   285.8   345.3   377.8   402.0   431.4   468.1   522.4   623.7   812.3  1820.1  54711.0    55457
read      300.2   133.2    93.8   144.3   158.8   279.7   342.1   375.6   401.9   435.2   476.4   539.2   652.9   858.4  2430.8  61311.0    61164
read      333.2   319.2    86.8   146.7   163.2   268.9   326.0   359.1   383.4   414.1   460.3   593.1  1911.3  3136.6  7645.1 108338.0   108384
read      292.4   115.9   101.3   162.9   179.3   296.0   334.5   352.0   364.2   377.2   395.4   422.5   472.1   642.0  5477.2  33031.0    33319
read      272.9   116.9    86.8   142.4   157.0   253.0   310.7   340.7   361.6   385.0   413.2   456.1   549.8   826.2  4101.6  98160.0    97895
read      291.3    95.2    93.8   157.7   173.9   294.9   337.7   357.9   371.2   387.1   403.9   432.6   489.2   630.8  3233.2  39838.0    39720
read      276.9   111.4    93.8   142.2   157.0   261.2   323.7   352.4   371.4   392.5   417.3   453.1   524.3   662.1  3273.9  68385.0    68554
read      260.2   102.9    86.8   134.9   148.3   237.5   298.2   330.3   351.1   373.6   400.6   438.8   527.0   786.6  1125.7  87132.0    86849
read      288.3   136.5   101.3   164.5   180.2   291.7   326.6   342.5   353.9   366.5   382.0   402.8   453.5   734.3  7519.9  30587.0    30264
read      298.4   255.9    86.8   146.4   162.0   264.8   323.2   354.2   375.7   400.9   433.6   490.3   752.7  4520.1  7586.8 100787.0   100754
read      269.0   174.8    86.8   138.4   152.4   244.5   303.2   334.2   355.3   378.9   407.8   452.7   559.5  1083.5  7778.6  97943.0    98098
read      266.7   105.9    86.8   137.9   151.3   245.8   307.3   338.5   359.3   382.0   408.0   448.5   533.6   791.4  1948.1  85289.0    86028
read      266.7   113.2    86.8   137.8   151.6   244.9   304.9   336.4   357.4   380.5   408.3   451.9   543.1   831.8  1878.8  93048.0    93054
read      289.2    98.2    93.8   153.2   169.0   290.1   337.4   358.8   372.8   390.0   409.5   436.9   501.1   632.1  2309.5  42574.0    42348
read      287.2    77.9   101.3   164.0   179.9   293.8   327.8   343.8   355.6   368.4   385.0   406.8   459.6   548.5   921.5  29414.0    29490
read      283.2    65.9   109.4   173.1   189.2   287.3   315.1   329.3   338.8   349.2   364.4   385.7   432.2   546.7   911.5  18300.0    18187
read      340.7   351.8    86.8   141.7   157.4   263.7   325.0   360.7   388.5   425.7   492.2   738.5  1890.4  3622.3  7837.4  95078.0    95113
read      258.7    60.1   109.4   172.8   188.2   259.5   278.4   289.4   296.3   307.7   320.1   340.9   389.8   869.3  1909.1   8463.0     8570
read      291.9   153.4    93.8   140.6   154.8   269.9   332.1   364.2   388.4   418.4   458.1   516.0   633.9   935.5  4723.5  61454.0    62285
read      298.7   127.6    93.8   146.2   161.1   284.1   343.0   374.0   396.3   423.2   457.7   508.4   621.3  1063.5  2876.4  52503.0    52582
read      299.2    97.1    93.8   160.1   175.4   297.3   342.0   365.3   381.6   399.7   425.4   463.8   547.2   740.0  1151.0  34258.0    34260
read      297.7   124.2    86.8   143.6   158.4   278.3   340.6   374.2   399.7   431.0   469.1   529.1   637.0   834.2  1287.7  59595.0    59493
read      293.8   172.2    93.8   140.6   155.3   274.1   334.6   366.9   391.8   421.5   457.7   509.4   626.7  1057.6  7636.2  58397.0    58208
read      296.7   185.9    80.4   139.2   153.5   253.2   316.3   351.8   378.1   411.0   460.3   588.6   986.2  2020.1  3170.7  93881.0    93458
read      277.3    66.9   109.4   171.0   187.6   280.4   306.9   320.0   329.9   340.1   353.9   374.9   426.2   591.9  1641.2  18119.0    18056
read      341.0   314.4    86.8   145.7   161.7   267.9   329.9   366.0   394.3   431.9   503.8   782.8  1750.2  2968.6  7679.5  93874.0    94134
read      287.3   105.0    93.8   157.6   173.7   290.2   331.6   350.4   363.7   377.9   396.1   422.9   470.9   581.9  3287.1  37875.0    37808
read      277.1    95.1    86.8   145.2   160.2   270.4   325.2   349.6   365.8   383.8   403.6   435.2   500.4   626.8   896.0  53573.0    53481
read      284.3   205.3   101.3   165.3   181.8   286.5   317.6   332.4   341.8   353.5   367.7   390.3   433.3   577.9 15245.5  25508.0    25666
read      263.9   114.5    86.8   138.2   151.9   238.7   295.6   326.8   348.0   372.7   402.1   448.8   573.5  1187.3  2281.0 109233.0   108853
read      286.2   137.5    93.8   152.7   168.2   286.3   332.1   351.9   365.6   380.9   399.2   428.0   488.0   662.0  7132.9  41675.0    41576
read      271.1   102.1    86.8   139.0   152.9   253.2   316.9   346.3   366.5   388.6   414.5   451.6   529.3   659.0  1012.8  70812.0    70282
read      284.7   105.9    93.8   151.6   166.3   282.8   332.3   354.9   369.5   386.2   404.1   434.1   498.0   598.5  4139.7  45819.0    45769
read      272.5   131.5    86.8   140.4   154.2   246.4   306.4   338.7   360.3   384.1   413.1   458.2   612.1  1447.3  3482.4  92571.0    92383
read      265.5    67.3   109.4   172.3   187.7   266.5   288.4   299.8   308.7   317.6   331.1   349.6   401.8   887.9  2007.0  11976.0    12100
read      307.4   145.3    86.8   143.5   158.5   280.9   346.6   384.2   412.6   450.6   499.7   573.3   732.6  1190.6  1831.1  67845.0    67747
read      288.4   125.9    86.8   138.5   152.5   266.7   331.0   365.4   390.9   421.4   459.5   515.8   630.4   857.6  1401.4  68635.0    68933
read      294.7   140.7    93.8   141.3   155.6   274.7   335.6   369.0   394.4   424.2   462.3   523.2   641.0  1080.9  3732.2  63542.0    63242
read      300.5   151.5    86.8   140.8   155.4   272.6   338.1   375.2   403.9   440.3   488.4   557.5   696.9  1030.5  3940.9  73005.0    72993
read      304.1   151.5    93.8   147.7   162.9   287.7   345.7   376.3   398.5   425.8   461.6   516.2   651.0  2090.8  3170.3  50674.0    51022
read      297.6   139.0    93.8   140.8   154.8   275.3   339.9   373.6   399.6   431.7   474.0   539.1   684.6  1007.1  3059.4  67215.0    67069
read      294.5    88.4    93.8   166.8   183.5   296.4   331.0   348.8   362.4   376.6   396.3   427.2   490.6   876.0  2122.8  24722.0    24895
read      299.1   137.5    93.8   141.7   156.3   273.8   338.3   373.2   400.4   434.3   478.9   547.1   702.1  1078.9  2212.1  68593.0    68588
read      299.0   109.0    93.8   151.5   167.3   291.8   343.8   370.5   389.8   412.2   442.2   489.5   583.3   800.5  1223.3  42668.0    42706
read      302.6   125.0    93.8   148.8   164.0   290.1   345.5   377.1   399.4   426.6   461.4   515.0   631.5   918.7  3499.5  49373.0    49479
read      299.8   130.2    86.8   142.5   157.3   279.1   341.3   375.9   402.3   435.3   478.3   541.9   667.4   944.2  1185.2  64774.0    64792
read      286.3   128.3    93.8   142.6   157.0   262.7   327.5   359.5   381.2   404.8   437.5   493.6   683.9   988.5  2300.5  74276.0    73879
read      291.5    88.0   101.3   163.2   179.6   297.6   334.3   351.1   363.2   375.7   393.6   419.2   468.3   573.4  2004.6  32138.0    31893
read      274.2   128.6    93.8   140.6   155.0   255.3   317.4   347.2   367.8   390.0   416.2   454.9   534.1   762.9  6504.6  74108.0    74262
read      281.5   102.1    93.8   145.4   160.5   272.4   330.7   356.8   373.7   393.4   416.8   450.5   517.9   712.9  1781.1  57524.0    57246
read      274.8   116.8    86.8   141.1   155.6   254.2   315.0   345.6   367.4   391.1   419.8   462.2   557.1   830.7  2228.5  91836.0    91617
read      282.0   105.4    93.8   143.2   158.4   274.6   331.5   357.1   373.5   392.9   416.3   451.6   527.2   818.5  1711.2  55424.0    55173
read      281.1   112.9    86.8   145.9   161.9   262.1   318.2   347.7   368.9   393.4   424.1   469.1   583.1   894.1  1786.7 108413.0   108633
read      283.6   134.0   109.4   173.1   191.0   280.9   308.1   321.4   331.9   342.5   358.6   383.5   444.6  2139.5  6681.3  15740.0    15720
read      347.5   458.4    86.8   139.5   154.4   259.5   320.5   354.8   379.6   410.4   460.9   684.3  2376.5  6268.7 12181.0  99844.0    99961
read      255.3    98.4    86.8   134.9   148.4   232.0   289.0   320.9   342.4   366.0   394.4   434.4   520.6   694.3  1239.4 102514.0   102613
read      274.2   104.1    93.8   141.9   156.6   262.8   321.4   347.5   364.3   383.2   406.0   441.1   511.1   629.1  1526.4  57558.0    57169
read      279.7   138.6    93.8   142.0   156.6   266.8   326.1   352.4   369.8   389.5   412.1   444.3   524.7  1453.1  4489.0  56966.0    56950
read      287.8   150.4    93.8   147.1   162.5   278.9   335.3   360.1   376.0   394.9   417.7   451.3   526.7  1206.0  7256.4  50078.0    49938
read      249.0    60.4   127.6   170.3   184.2   247.0   266.8   276.7   285.3   293.9   307.4   328.1   385.6   928.1  1233.0   5320.0     5383
read      298.0   164.7    93.8   151.7   166.6   291.3   341.2   366.8   384.9   404.5   433.5   473.8   564.6   860.1 10288.7  39130.0    39719
read      298.4   103.9    93.8   155.7   171.7   297.1   343.1   367.0   383.9   402.5   428.7   466.0   538.8   719.8  1935.2  36732.0    36653
read      303.1   136.6    86.8   142.2   157.2   277.8   342.2   379.8   409.6   446.1   492.1   560.7   700.3   977.8  1559.2  68901.0    69482
read      297.1   126.5    86.8   148.8   163.6   288.3   342.4   370.6   391.2   415.4   446.8   494.1   588.0   733.6  1151.1  46960.0    46749
read      296.9   132.8    86.8   141.1   155.3   275.9   338.3   372.8   399.0   431.3   471.5   536.2   666.1   981.4  2119.3  64937.0    65109
read      295.8   115.0    93.8   148.2   163.3   286.8   342.7   370.6   390.3   412.8   442.7   487.6   575.5   728.6  2704.0  46535.0    46501
read      354.8   417.4    86.8   147.5   163.5   269.3   324.5   356.2   379.7   409.4   457.1   699.3  2600.6  3670.7  8015.1 109365.0   109480
read      279.0   160.0    86.8   140.1   154.5   259.9   322.5   351.8   371.3   393.7   420.8   460.8   564.4  1307.3  3244.2  69534.0    69433
read      282.9   141.4    93.8   145.0   160.4   271.2   329.9   357.5   375.3   395.0   418.7   452.2   516.8   657.1  5671.5  58074.0    58157
read      277.7   109.4    93.8   141.5   156.2   260.3   321.6   351.9   372.4   394.6   421.0   460.0   549.9   934.3  1836.8  71098.0    70737
read      287.0   107.8    93.8   160.2   176.5   291.5   328.8   345.7   358.3   371.2   389.0   413.2   465.5   560.3  4856.6  34340.0    34617
read      277.6   108.5    86.8   141.9   156.3   259.2   322.5   352.9   373.0   395.9   423.3   461.6   544.6   812.6  1831.9  77062.0    77563
read      274.5   109.1    86.8   142.4   156.8   254.4   314.3   344.9   365.6   388.7   416.9   458.8   561.2   855.4  1541.2  90544.0    90036
read      290.1    86.4    93.8   159.7   175.7   296.6   335.2   353.9   366.7   381.1   398.2   425.0   471.3   577.4  1628.0  36579.0    36689
read      287.5   107.7    93.8   152.0   167.9   286.1   336.2   358.5   372.8   390.3   410.1   438.9   500.4   606.3  3150.5  46825.0    46832
read      277.5   120.5    86.8   142.9   158.1   256.2   313.3   343.5   365.1   389.7   420.2   466.4   596.4   991.8  3415.6 104869.0   104903
read      276.7    79.6   118.1   174.7   192.2   277.7   301.7   314.8   323.7   335.2   346.8   370.9   423.6   885.8  3061.6  14247.0    14153
read      291.8    76.8   118.1   170.0   187.1   294.1   326.7   343.1   355.5   369.0   387.1   412.9   470.2   793.3   934.3  21779.0    21674
read      248.9    78.9   118.1   170.2   182.6   247.7   267.1   276.3   284.5   292.6   304.5   322.3   380.5   937.3  3341.0   5791.0     5689
read      300.0   126.2   101.3   154.6   170.9   294.9   343.4   368.2   385.5   404.0   429.6   468.6   559.7   993.5  3427.2  37019.0    37781
read      279.6    67.9   109.4   173.0   188.6   281.4   308.8   322.7   333.7   344.7   360.7   382.3   432.9   763.2  1432.7  15808.0    15507
read      349.8   368.9    86.8   143.6   159.5   264.5   322.3   356.6   382.8   417.3   478.1   921.6  2059.4  3631.9  7635.5 101893.0   102064
read      270.4   117.5    93.8   140.1   153.9   252.0   314.1   344.0   364.1   385.9   410.7   446.3   516.6   660.5  3470.7  71550.0    71340
read      273.4   130.4    86.8   141.4   155.2   251.0   313.3   343.6   364.6   387.8   415.2   455.8   547.4  1092.7  3712.6  80286.0    79815
read      286.6    97.3    93.8   153.3   168.9   286.1   333.7   356.1   370.9   388.1   406.9   434.9   494.9   586.9  1337.4  44751.0    44352
read      262.9   109.0    93.8   140.5   154.2   239.9   294.4   324.6   346.1   370.9   400.0   441.0   541.7  1021.2  2287.9 109902.0   109562
read      264.3   109.3    86.8   138.7   152.0   242.5   303.3   334.8   356.0   378.8   404.6   442.9   522.5   680.8  1995.3  86511.0    86219
read      282.2    93.9    93.8   149.3   164.3   280.8   331.7   354.4   369.1   385.9   404.2   433.5   492.8   569.2  1649.0  47514.0    47335
read      286.5   114.8    93.8   154.2   169.5   286.2   332.1   353.2   367.4   383.3   400.9   428.9   486.0  1033.3  3185.7  41941.0    41962
read      286.3   103.0   101.3   151.6   166.7   284.4   333.2   355.5   371.1   388.9   408.7   436.3   502.1   902.1  2490.3  45776.0    45802
read      265.6    83.9   101.3   170.7   184.9   267.3   290.5   302.4   311.2   319.9   334.5   354.3   405.8   850.6  3157.2  13133.0    13389
read      333.7   305.9    86.8   143.2   158.8   263.1   322.9   357.2   383.1   415.5   469.9   793.9  1610.3  3297.2  7394.1  95457.0    95780
read      273.1   109.0    86.8   141.0   155.5   252.7   312.6   343.5   364.8   388.8   417.2   458.4   547.7   822.8  2068.1  88466.0    87844
read      284.3   139.4    93.8   147.8   162.7   275.2   332.8   358.3   374.9   393.8   416.1   447.9   509.5   637.2  7176.9  55749.0    55903
read      276.7   143.9    86.8   143.2   157.8   251.9   310.3   341.5   363.1   387.3   416.7   461.2   596.9  1515.6  3674.8 100916.0   100902
read      275.7   115.3    93.8   141.4   155.5   257.4   321.4   351.4   371.3   393.1   419.0   456.0   533.1   703.9  3902.7  71198.0    70988
read      286.9   144.4    86.8   147.8   162.7   277.0   332.9   358.9   375.7   395.4   418.9   452.5   528.4  1394.2  7161.0  53777.0    53831
read      288.1    76.8    86.8   166.2   182.1   295.5   327.6   342.7   353.7   366.2   381.6   403.3   455.3   571.3  1128.7  26792.0    26948
read      291.9   200.9   101.3   161.9   177.3   295.2   331.8   348.0   360.1   372.3   389.9   414.0   467.5   760.6  9415.4  32221.0    32347
read      287.9   120.6   101.3   154.3   169.8   287.6   332.7   352.7   366.1   380.9   398.2   425.4   486.8  1552.4  3455.2  40999.0    41050
read      283.7   110.7    93.8   146.0   161.2   273.7   333.6   360.1   377.5   396.5   420.0   453.9   519.8   649.6  2549.7  56796.0    56197
read      270.9   108.1    93.8   140.5   154.9   248.6   308.4   340.4   362.1   386.1   415.1   459.0   561.9   839.0  1684.3  94786.0    94617
read      270.1   105.5    86.8   139.5   153.2   252.0   315.6   346.0   365.2   386.2   410.4   445.9   516.4   638.3  1366.1  71956.0    71839
read      267.6   102.0    86.8   138.4   152.0   248.1   310.3   341.1   361.4   383.2   408.3   446.9   527.3   687.2  1086.7  78581.0    79082
read      280.4   136.1    93.8   145.3   160.4   257.2   313.1   344.1   365.9   390.3   420.5   466.9   603.8  1925.8  3560.7 107478.0   107630
read      280.8   103.0    86.8   143.8   159.0   269.0   331.0   358.9   376.6   395.8   419.1   452.7   521.0   636.6  1440.7  60181.0    60164
read      274.0   119.4    86.8   142.2   157.1   252.2   311.5   341.8   363.1   386.9   415.4   458.2   560.7  1028.2  2904.6  97732.0    97878
read      278.6   102.4    86.8   142.1   157.0   264.9   327.5   356.3   374.9   395.4   420.1   456.3   528.5   665.7   892.3  63891.0    63680
read      275.5   131.2    86.8   141.0   155.2   255.8   318.4   348.9   369.5   391.8   417.8   455.5   532.0   787.7  5379.9  73886.0    73888
read      280.6   108.0    93.8   143.5   158.2   264.5   326.6   356.1   375.6   396.7   422.4   460.4   555.1   848.9  1586.4  65278.0    65499
read      273.6   116.8    86.8   142.1   156.7   253.1   310.8   341.1   362.6   386.6   415.5   458.7   561.5   873.8  2485.5  96904.0    96906
read      276.4   136.4    86.8   142.6   157.6   253.0   309.9   340.6   362.1   386.2   415.4   460.8   584.0  1715.5  3291.2 102615.0   103287
read      288.1   158.4    86.8   148.4   163.9   281.8   337.3   361.6   377.6   396.0   417.9   448.3   506.8   685.0 10256.3  49799.0    49664
read      294.7    84.9   101.3   163.6   180.4   301.5   339.6   357.6   369.3   383.4   399.5   425.8   470.6   558.1  1224.6  32404.0    32535
read      291.5   111.8    93.8   150.9   166.8   289.4   342.0   365.9   382.0   399.5   421.8   453.3   514.0   668.4  1935.4  46724.0    46477
read      250.8    54.3   109.4   170.8   184.0   252.3   271.2   281.6   289.1   296.5   310.0   328.2   373.3   890.5   938.1   7581.0     7459
read      299.0   153.8    93.8   141.5   155.6   270.8   335.8   373.1   400.3   434.6   481.5   550.4   700.7  1464.2  4618.4  73717.0    74137
read      292.7   116.3    93.8   145.3   160.3   278.2   338.1   368.5   390.5   416.3   449.4   500.6   598.1   770.8  1654.0  57133.0    57061
read      295.6   130.6    93.8   157.9   173.8   297.4   340.0   360.8   374.0   391.4   411.4   440.1   508.0   671.2  6532.4  34487.0    34213
read      252.4    93.6   118.1   167.8   180.7   250.2   270.4   281.3   289.3   297.4   311.7   332.1   399.8  1151.5  4847.1   7420.0     7432
read      295.4   102.6    93.8   152.0   167.1   293.2   343.6   369.7   387.6   406.5   431.1   466.0   541.9   640.2  1325.9  41749.0    41605
read      297.6    98.4    93.8   158.6   174.2   300.2   343.3   364.9   379.4   396.1   416.9   446.8   514.7   633.7  2168.8  33281.0    32998
read      305.7   228.3    93.8   142.4   157.2   277.8   343.1   376.3   399.8   428.8   467.2   535.7   779.0  1945.1  9760.6  61862.0    61636
read      312.0   308.4    93.8   144.5   159.7   274.7   338.2   369.3   390.5   414.9   448.0   508.8   948.8  4320.2 10167.4  64657.0    64695
read      273.5    90.3   101.3   171.5   188.4   275.7   297.7   310.6   318.8   330.0   342.6   364.8   413.2   891.4  4863.8  13961.0    14063
read      284.0   136.8    86.8   140.6   154.8   254.1   317.5   350.3   374.1   401.8   437.7   507.2   741.6  1178.7  2987.8  90669.0    91302
read      247.2    68.0   118.1   170.3   182.3   246.0   264.5   273.2   280.7   289.5   299.6   319.7   382.8   925.3  2269.5   6039.0     6064
read      298.2   165.1    93.8   151.0   165.6   288.2   340.0   365.5   383.4   402.7   429.7   469.2   571.5  2496.3  6420.2  40855.0    41354
read      284.6   120.2   109.4   165.9   181.4   280.1   310.2   325.8   337.7   350.9   369.0   397.3   510.1  1879.3  2705.0  19663.0    19863
read      277.6    95.0   118.1   164.9   180.3   276.6   305.5   320.0   331.9   344.3   362.1   388.9   478.1  1214.3  2783.1  19456.0    19488
read      267.4    94.1   109.4   166.5   182.0   267.8   292.0   305.0   313.9   324.0   338.8   361.0   413.7   855.8  3741.9  14020.0    14040
read      279.7    91.5    93.8   165.6   181.3   281.6   311.9   326.9   337.3   348.2   364.8   389.1   437.1   886.0  2351.7  19570.0    19538
read      286.3    77.8   109.4   167.5   183.6   289.0   319.5   335.8   346.1   360.8   376.5   401.9   458.1   592.5  2115.3  20363.0    20199
read      362.4   516.3    86.8   143.2   158.7   256.7   309.1   338.9   362.0   391.1   433.6   607.4  3245.8  4339.2  8082.1 105857.0   106657
read      268.5   122.5    93.8   138.9   152.7   244.0   304.0   336.5   358.2   382.6   411.7   456.5   585.7   899.2  3084.8  92312.0    92457
read      268.1   115.8    86.8   138.6   152.1   243.6   304.7   336.4   357.8   381.8   410.8   455.8   579.7  1140.3  1743.6  92485.0    92780
read      271.6   112.3    86.8   138.4   152.6   254.5   318.1   347.3   366.8   387.7   411.7   447.0   516.2   664.1  3817.9  68411.0    68203
read      261.4   104.7    86.8   135.0   148.2   240.1   302.4   333.2   353.5   375.6   401.7   438.0   519.1   699.5  2863.7  81642.0    81753
read      278.9   120.9    86.8   143.1   157.8   267.0   328.3   355.1   372.2   391.4   413.5   444.5   505.2   651.9  4016.3  57329.0    57748
read      285.1   106.6   109.4   170.0   187.0   289.2   316.2   330.4   340.1   351.7   367.6   391.6   441.9   918.7  2543.3  21185.0    21027
read      282.4    99.3    93.8   147.0   162.4   279.3   330.8   355.0   371.1   389.4   410.0   438.5   499.7   619.9  2567.9  49688.0    49680
read      267.0   108.1    86.8   138.2   151.8   245.8   308.4   339.2   360.5   383.9   410.8   447.8   528.2   684.3  3076.2  82132.0    82042
read      265.8   115.2    86.8   138.8   152.5   243.8   303.0   335.1   356.3   379.5   406.5   447.4   539.0   742.3  2342.4  93788.0    93691
read      283.7    95.4    93.8   150.5   165.8   282.4   333.7   355.6   369.6   385.9   403.5   433.0   492.9   592.1  1678.9  45613.0    45291
read      288.5    89.0   101.3   163.1   178.7   294.7   329.8   346.1   358.1   370.2   387.7   412.7   465.6   705.8  2196.2  30442.0    30437
read      274.7   110.6    86.8   140.2   154.4   256.5   321.6   351.6   371.2   393.0   418.3   453.8   525.6   674.3  3000.7  67679.0    67422
read      273.1   146.0    86.8   140.6   154.1   254.0   317.4   346.7   366.3   387.6   412.3   447.6   519.9   770.3  4383.4  70428.0    69956
read      283.8    83.5    93.8   157.9   173.5   289.6   328.6   345.6   358.1   370.8   387.9   409.9   460.6   542.2  1254.0  35543.0    35404
read      266.7   128.5    93.8   138.6   151.7   244.7   305.9   337.2   357.7   379.9   404.6   441.2   525.8   858.8  4747.6  80431.0    80225
read      275.3   123.9    86.8   144.8   159.4   251.9   307.7   338.5   360.3   384.6   414.3   460.2   593.7  1307.4  2712.4 105719.0   105585
read      279.1    74.5   101.3   166.1   182.0   282.5   311.2   325.5   335.9   346.4   364.4   390.1   440.6   825.0  2029.3  20499.0    20088
read      262.5    83.2   118.1   168.8   183.6   263.0   286.4   298.5   307.8   317.1   330.5   347.1   399.0   904.8  1712.1  12640.0    12672
read      262.5    78.3   109.4   163.5   177.8   265.0   289.4   302.2   311.4   320.6   335.5   356.4   403.5   819.1  3093.5  15790.0    15696
read      284.9   101.8   101.3   159.9   175.9   285.5   320.7   339.1   352.0   367.4   387.6   417.9   480.8   624.1  4292.9  26038.0    25951
read      287.2   129.6    93.8   138.9   152.5   268.4   329.3   361.0   383.7   409.4   444.8   501.7   627.2  1269.9  2473.4  64863.0    65007
read      249.1   125.2   118.1   165.5   178.8   246.4   267.0   277.0   285.3   293.6   305.3   319.9   368.0  1331.9  3768.4  10059.0    10189
read      285.2   134.2    86.8   136.8   150.3   260.6   323.8   358.8   384.5   415.1   456.9   519.7   664.4   932.4  2651.7  77449.0    78008
read      257.9    76.0   118.1   164.5   179.3   258.8   282.4   294.5   303.6   313.6   325.8   345.5   399.2   878.1  3079.6  12742.0    12678
read      264.3    83.1   101.3   164.8   179.5   265.9   291.1   304.4   313.5   323.4   338.0   359.8   408.4   817.8  1366.1  15888.0    15922
read      289.0   147.0    93.8   148.8   163.0   281.9   331.5   356.7   373.8   393.8   419.0   458.6   556.3  1113.5  3616.7  41962.0    41774
read      287.5   100.0    93.8   151.2   166.3   284.1   331.3   354.3   370.6   390.0   413.1   448.0   519.7   985.7  1620.4  38921.0    38788
read      286.2    92.4    93.8   153.6   168.5   287.0   329.8   350.4   365.4   382.1   401.7   432.4   501.2   681.4  1323.0  34642.0    34559
read      282.8   114.1    93.8   140.2   154.4   269.9   329.0   358.0   378.1   401.7   431.9   478.6   567.5   721.2  1441.9  54981.0    54825
read      287.0   102.8    93.8   147.4   162.3   281.0   333.1   358.5   375.4   396.9   422.4   460.8   541.8   784.3  1636.4  42463.0    42697
read      263.4   115.5   109.4   165.9   180.5   263.7   286.6   298.3   308.1   318.0   333.1   355.0   400.6   905.3  7178.4  12822.0    12669
read      285.8   121.8    86.8   137.6   151.1   266.2   331.2   363.6   386.7   413.9   450.0   503.7   618.0   904.7  1573.4  69970.0    70047
read      280.4   154.6    86.8   136.1   150.4   247.4   307.5   339.8   362.8   390.1   428.0   507.2   842.5  1547.3  1881.3  95663.0    96137
read      258.6   100.6    86.8   132.8   146.3   237.9   297.8   328.3   348.4   371.2   398.1   435.9   521.0   740.8  1359.5  93026.0    92934
read      273.2   105.3    93.8   161.6   178.1   277.2   304.5   317.2   326.8   338.2   351.8   372.3   427.1   625.4  5256.2  20701.0    20597
read      273.2   138.4    86.8   136.1   150.3   257.5   317.8   344.5   363.1   383.6   407.6   444.7   528.6  2150.8  3720.7  66503.0    66597
read      274.4   123.6    86.8   138.2   152.0   261.6   321.6   348.3   365.6   384.6   406.0   441.5   515.6  1353.3  3628.5  60525.0    59987
read      274.9   106.7    93.8   139.4   154.1   265.9   324.5   350.5   367.6   386.6   408.2   441.6   508.4   616.4  1403.6  58431.0    58456
read      274.6   108.0    86.8   138.4   152.5   263.3   323.7   349.8   367.3   387.6   411.9   447.4   519.2   699.7  2422.8  60095.0    59958
read      258.4   103.3    86.8   133.3   147.1   237.3   295.5   325.8   346.0   369.3   396.9   435.9   527.2   736.5  1517.8  98276.0    98221
read      273.3   106.5    86.8   138.8   153.3   266.0   323.3   347.2   363.4   381.1   402.3   433.6   501.2   695.5  1729.9  56314.0    55912
read      285.1    89.7    93.8   153.0   169.6   288.8   331.4   350.5   364.2   378.8   397.0   423.5   469.3   586.7   911.9  39033.0    39018
read      272.2    72.0   109.4   164.1   180.2   275.2   301.4   316.1   326.6   338.7   353.6   374.2   427.1   761.9  1970.6  18783.0    18747
read      290.3   119.7    86.8   138.1   152.7   276.4   335.2   366.2   388.8   415.4   450.9   505.1   617.7   836.3  1264.4  60097.0    60013
read      272.1   185.1    86.8   131.3   144.8   241.9   302.9   335.3   357.6   383.3   417.9   481.9   702.2  1453.0  8055.4  85557.0    85584
read      262.3   109.6    86.8   133.5   147.4   241.8   301.0   331.5   352.0   374.4   402.1   444.3   540.9   777.4  3126.4  84416.0    84809
read      263.5   140.4    86.8   134.9   148.7   242.7   302.2   332.3   352.7   374.4   401.2   440.2   524.6   768.7  5196.3  85086.0    85435
read      261.0   102.7    86.8   135.0   148.9   239.8   297.6   328.3   349.0   372.3   400.2   442.8   540.9   757.8  1378.7  94408.0    94907
read      264.3    70.0   101.3   163.7   179.7   267.2   291.9   304.7   313.4   322.6   337.2   358.7   407.3   777.2  1987.6  16528.0    16437
read      287.7   179.8    86.8   132.3   146.2   256.8   321.2   358.4   386.7   422.0   468.1   537.7   704.1  1284.7  7370.2  78923.0    78505
read      288.0   179.2    86.8   131.8   145.6   257.8   322.4   357.9   383.9   415.7   459.4   526.4   706.7  2075.2  7931.8  76877.0    77219
read      279.8   200.6    86.8   134.1   148.5   247.0   309.4   341.2   363.4   389.0   421.6   473.3   711.4  2917.5  5373.9  86469.0    86414
read      266.3   114.8    86.8   134.5   148.7   250.3   309.9   338.2   357.4   378.6   403.1   439.0   519.6   680.0  3070.5  73504.0    73427
read      266.0   141.9    86.8   135.2   149.6   242.4   299.7   330.6   351.2   374.3   403.1   448.9   588.0  1283.5  2098.7 101005.0   100497
read      265.5   128.9    86.8   136.4   150.5   243.1   300.7   331.7   352.2   374.9   402.2   443.4   549.4  1293.8  4333.8  95605.0    96416
read      273.3   126.8    86.8   137.5   151.9   254.8   315.1   344.0   363.9   385.8   411.4   451.2   551.9  1229.0  2987.5  71884.0    71637
read      291.2    94.1    93.8   159.7   176.6   296.4   334.3   352.9   365.5   379.6   397.9   425.6   479.1   622.8  1476.9  33643.0    33216
read      277.2   105.0    93.8   140.7   155.9   267.8   325.4   352.0   369.3   389.3   412.7   445.9   509.6   657.5  1764.3  58705.0    58699
read      281.7   103.0    93.8   145.0   162.0   276.2   329.3   353.6   369.7   388.3   409.7   440.6   505.6   627.6  1157.2  53551.0    53809
read      274.2   112.7    86.8   138.3   152.9   258.1   320.5   349.3   368.6   390.4   416.3   454.3   535.8   700.5  1322.3  72455.0    72797
read      292.2   179.4    80.4   145.8   162.4   268.8   324.2   353.7   374.0   398.5   429.9   480.5   643.9  2507.3  4615.1 107618.0   107267
read      281.3   100.1    86.8   144.6   160.5   273.6   329.1   355.0   371.9   391.7   414.9   447.7   514.8   633.6  1046.3  56560.0    55877
read      274.7   113.9    86.8   140.6   155.7   259.9   319.8   347.6   366.8   387.9   412.4   447.8   524.7   695.9  3349.8  70904.0    70507
read      285.6    94.9    93.8   149.8   165.9   284.8   334.8   356.9   371.0   387.8   406.1   435.2   498.5   612.8  1420.4  46919.0    46741
read      290.4   126.0    93.8   154.1   171.5   292.7   333.6   352.7   365.8   380.8   399.4   428.2   483.8  1055.0  4930.6  36567.0    36507
read      294.7   166.5    93.8   161.3   179.1   296.2   331.3   347.6   360.3   373.1   391.1   415.7   467.3  2442.1  4380.8  30508.0    30697
read      288.3    88.1    93.8   167.5   185.3   293.5   325.1   339.9   350.1   362.9   376.7   400.5   446.7   537.8  3105.8  25277.0    25261
read      286.1    80.3   101.3   166.9   183.9   291.0   322.6   338.2   348.4   361.9   376.1   401.4   449.5   528.1  1333.2  25165.0    25212
read      285.0    99.9    93.8   152.3   168.4   284.0   325.1   346.0   361.5   378.2   400.0   431.4   499.7   730.9  3314.9  33603.0    33805
read      293.7   147.9    86.8   133.8   148.5   264.2   330.4   366.6   394.0   428.0   474.3   547.5   774.2  1386.2  1950.0  76008.0    76345
read      276.3   139.7    86.8   139.0   152.8   247.0   306.9   339.2   361.9   388.2   422.3   485.5   727.0  1363.2  4351.2  95668.0    95558
read      280.2   124.7   101.3   157.9   174.9   282.1   315.8   332.5   343.4   357.7   373.5   401.1   460.5   637.4  7190.3  28592.0    28428
read      282.0   170.8   109.4   165.9   182.1   283.8   312.2   325.8   335.9   346.1   362.1   383.0   424.9  1015.9  8311.0  22081.0    21673
read      259.5   102.7    86.8   135.6   148.6   236.2   297.8   330.0   350.9   373.7   400.9   438.5   520.1   715.3  1840.8  88779.0    89018
read      283.5   136.0    93.8   149.9   164.3   279.1   330.6   353.1   368.0   384.7   403.0   432.2   494.3   634.0  5905.9  46916.0    46753
read      286.6   115.2   101.3   158.8   174.0   290.2   329.0   346.5   359.7   372.9   391.0   415.4   465.2   645.0  4033.7  33774.0    34034
read      283.0   127.9    93.8   148.9   163.5   278.3   330.0   352.6   367.5   384.2   402.3   431.2   494.6  1457.5  3898.5  47216.0    47329
read      276.5   122.7    86.8   142.5   156.9   267.0   325.9   351.5   368.1   386.6   407.5   436.8   501.0   639.3  1590.1  56703.0    56893
read      285.3    93.0    93.8   155.3   171.1   289.0   332.1   351.5   364.7   379.0   396.6   422.5   470.4   587.6  1992.8  38756.0    38690
read      264.4   124.1    86.8   137.3   150.3   243.0   305.4   335.6   355.6   377.6   403.0   438.7   517.3   724.4  4234.7  79936.0    79988
read      270.0   152.3    86.8   140.0   153.6   242.3   298.5   329.5   350.9   375.2   403.4   450.0   620.0  1700.8  4128.6 107749.0   107429
read      284.2   107.2    93.8   152.4   167.3   285.5   331.5   352.0   366.2   382.0   400.1   427.5   477.4   575.3  4041.4  44006.0    43713
read      268.2   130.6    86.8   138.7   151.9   247.0   309.6   340.0   360.4   382.7   408.5   447.3   534.0   696.2  3533.0  76971.0    76624
read      268.7   101.6    86.8   138.9   152.7   250.5   312.1   342.1   362.2   384.3   410.3   447.7   529.2   673.7  1277.8  71808.0    71700
read      285.8   134.4    93.8   153.4   168.5   286.1   331.0   350.6   364.2   379.0   398.1   426.3   481.3   618.4  6293.7  40993.0    40703
read      267.9   130.8    86.8   138.5   151.8   241.7   300.5   332.0   353.4   377.0   404.8   451.9   598.7  1894.1  2318.1  95471.0    95489
read      274.0    81.0   109.4   165.7   182.0   278.2   304.4   317.4   327.1   338.1   351.0   371.8   418.2   825.8  1399.0  18847.0    18531
read      303.0   251.6    86.8   140.4   154.6   250.2   309.5   342.9   367.2   396.5   437.5   548.5  1448.3  2693.3  7540.1  99364.0    99369
read      292.0    88.6   101.3   165.9   182.2   300.1   332.9   347.9   359.4   370.9   387.5   409.0   460.3   588.0  3000.5  29033.0    29286
read      287.2    94.2   101.3   152.9   168.7   289.1   336.2   357.5   371.4   387.9   405.5   433.7   487.6   572.7  1986.4  43339.0    42988
read      274.0   105.9    80.4   140.5   154.5   257.1   320.3   349.9   369.5   390.9   415.8   452.1   533.6   694.7   864.0  69257.0    69249
read      246.6    73.7   109.4   167.0   179.3   245.1   265.5   275.3   284.1   292.9   305.6   324.3   389.6   910.2  3045.3   7806.0     7889
read      280.7   110.6    93.8   141.7   155.5   270.5   326.7   353.7   373.1   395.4   423.0   465.1   548.7   719.8  1227.1  51867.0    51783
read      283.5   104.9   101.3   149.7   164.0   280.7   327.3   350.1   366.6   385.2   406.3   437.8   511.7   790.7  1906.7  38627.0    38634
read      283.1   163.6    86.8   138.2   151.3   252.7   316.7   350.6   375.1   404.3   446.6   518.2   695.3  1096.0  7769.6  86130.0    86204
read      266.9   146.6    86.8   140.0   153.8   241.1   295.3   325.8   347.1   371.4   400.1   445.1   578.2  1936.8  4322.4 109921.0   109534
read      282.2    98.4    93.8   149.4   164.5   280.7   330.6   352.4   366.8   383.1   401.8   431.8   495.8   613.9  2330.6  45127.0    45136
read      273.7    99.0    86.8   140.9   155.0   261.6   323.1   349.9   367.3   386.6   408.4   439.4   507.8   675.0   913.6  59900.0    59949
read      276.3   104.0    93.8   142.2   156.5   263.4   323.9   351.9   370.5   391.8   416.3   449.9   517.4   632.2  1183.4  61156.0    61681
read      266.8   123.9    86.8   137.2   150.9   246.7   308.7   339.3   359.7   381.9   407.8   444.9   523.5   714.3  7003.3  76370.0    76329
read      287.2    94.0    93.8   151.5   167.1   285.7   337.4   360.1   374.5   391.8   411.5   438.5   498.3   590.2   893.2  44366.0    44322
read      281.3    68.0   109.4   171.0   186.4   287.0   314.3   328.0   337.3   346.6   362.5   383.2   427.5   567.0  1097.3  20378.0    20698
read      264.2   108.7    86.8   137.8   151.0   242.1   303.6   335.8   357.0   380.0   406.4   445.0   519.6   667.0  2188.1  85029.0    84853
read      266.5   100.2    86.8   138.3   151.9   247.7   309.9   340.3   360.3   381.8   406.4   443.3   516.0   659.6   975.5  75748.0    75889
read      267.3   142.3    86.8   140.0   153.6   243.3   300.1   331.5   352.9   376.9   405.3   449.5   546.6  1275.8  6795.7  98223.0    98396
read      280.2   114.3    93.8   145.1   160.5   271.8   327.5   352.5   369.7   389.0   411.2   442.3   508.0   793.5  3663.0  53830.0    53818
read      286.5   123.7   101.3   166.6   183.3   292.5   323.0   338.1   347.8   361.0   374.2   397.8   442.7   559.7  3880.8  26327.0    26200
read      278.9    96.0    93.8   145.1   160.0   271.5   328.9   354.2   370.8   389.0   409.3   438.7   501.5   600.0   729.5  54578.0    54761
read      264.4   127.7   118.1   171.9   187.3   264.1   286.2   297.1   306.5   316.1   329.4   347.1   395.8   867.1  7307.4  12297.0    12268
read      298.4   143.7    86.8   146.9   161.7   283.3   340.7   371.0   392.8   418.1   451.6   507.0   631.3  1397.0  2555.2  52222.0    52324
read      315.3   328.7    86.8   142.9   157.8   255.1   311.4   343.6   367.4   395.2   432.3   508.1  2309.4  3106.0  7866.3 106004.0   106440
read      247.8    61.6   109.4   168.9   180.9   249.0   267.9   276.9   285.0   293.1   304.5   319.8   369.9   913.3  1926.5   7312.0     7154
read      267.3   120.8    86.8   135.4   148.5   240.4   303.3   335.4   357.3   382.2   414.0   466.3   634.0   983.0  2848.2  86520.0    87362
read      281.4    90.3    93.8   150.6   165.5   282.6   329.4   350.1   364.3   379.7   398.5   426.6   483.2   583.8  1227.3  43674.0    43716
read      282.9   105.7   101.3   164.0   179.5   287.5   319.9   335.3   345.0   357.9   371.5   394.7   436.2   903.4  5608.5  26881.0    26737
read      285.7    92.4   101.3   153.1   168.7   286.6   332.8   354.2   368.1   384.3   402.3   429.7   486.6   630.7  1724.7  41668.0    41596
read      263.3   204.0    86.8   135.5   148.8   238.8   301.3   333.1   354.0   377.2   403.7   442.8   531.4   883.8  2148.1  85349.0    85490
read      264.7   101.0    86.8   136.1   149.6   243.9   309.0   339.7   359.7   381.5   406.6   442.9   517.3   674.5   802.7  77450.0    77612
read      263.5   104.4    86.8   135.6   149.3   243.2   306.9   337.6   357.5   378.7   403.3   438.0   511.1   679.3  1339.5  78187.0    78124
read      269.8   101.5    86.8   138.9   152.0   251.3   316.0   346.2   365.8   387.0   411.5   448.1   524.1   656.1   874.1  69830.0    69632
read      288.2    96.3   101.3   154.3   169.7   291.1   336.0   356.5   369.8   385.5   402.7   430.7   485.4   593.0  2818.9  39201.0    39180
read      271.3   113.1   101.3   167.8   184.1   274.3   298.4   311.4   319.6   330.7   342.6   363.6   404.4   759.7  7662.3  15820.0    15803
read      284.8   119.1   101.3   150.6   165.2   283.5   328.3   350.7   366.5   384.1   403.7   436.1   502.8   751.7  5022.3  36863.0    36987
read      271.9    76.9   101.3   162.5   177.9   275.1   303.6   317.1   327.3   339.2   354.5   377.4   430.1   761.4  2846.8  19752.0    19833
read      288.8   177.0    93.8   145.7   160.3   277.7   329.7   355.7   373.6   394.7   421.1   460.8   548.3  2267.7  7723.3  46898.0    46567
read      286.9   143.9    93.8   140.0   153.8   272.4   331.4   361.3   382.1   404.6   434.5   481.0   583.6  1461.4  3426.6  57217.0    57368
read      286.4   107.7    93.8   153.5   168.1   283.7   327.7   349.9   365.9   383.9   404.1   437.7   510.7   741.4  4161.3  36230.0    36003
read      285.5   122.6    86.8   138.0   151.6   264.9   328.4   361.4   385.2   413.0   449.2   506.0   623.5   982.6  1599.4  68773.0    68916
read      274.1   132.4    86.8   137.7   151.1   244.4   306.5   338.8   361.7   388.2   422.7   484.7   730.2  1213.9  1812.0  92961.0    93229
read      283.3    93.3    93.8   150.1   165.1   282.3   332.8   355.1   369.3   386.0   404.0   433.1   493.0   602.7  1250.3  46993.0    46632
read      264.7   108.7    93.8   138.3   151.7   243.4   302.6   333.4   354.5   377.3   403.6   444.0   545.3   753.1  1947.6  93662.0    93663
read      265.3   111.8    86.8   140.2   153.9   244.0   299.7   330.7   351.8   374.8   402.1   441.6   536.2   948.9  2647.7 106199.0   106418
read      276.6   112.8    86.8   142.1   156.6   264.4   325.0   352.0   369.4   389.0   411.7   444.6   508.4   657.5  3918.1  60177.0    60496
read      268.0   104.5    86.8   141.2   155.4   247.1   303.3   333.5   354.5   378.1   405.6   449.5   554.5   872.1  1448.4 108783.0   109057
read      269.2   151.4    86.8   139.9   153.9   246.4   304.0   335.2   356.2   379.3   406.9   448.3   545.1   899.3  7066.4  96833.0    96861
read      268.1   108.4    86.8   138.6   152.0   246.0   308.9   340.2   361.2   384.3   411.1   450.5   543.9   767.8  2350.9  85651.0    86255
read      286.2    79.0   101.3   164.7   180.6   292.6   324.0   339.2   349.6   363.0   377.9   401.7   458.5   685.6  1807.5  25613.0    25686
read      272.0    66.4   109.4   166.1   181.5   275.7   302.9   316.0   325.5   337.0   349.8   371.6   421.0   675.3  1310.7  17354.0    17483
read      283.0    93.7   101.3   156.7   171.5   284.4   323.6   342.2   355.6   370.0   390.0   419.2   479.3   655.7  3778.0  29208.0    29211
read      286.9   133.3    93.8   140.6   154.7   274.3   331.9   360.1   380.1   403.1   433.5   483.3   583.9  1117.0  4173.9  54867.0    55328
read      275.6   130.2    86.8   138.0   151.1   246.7   311.5   344.3   367.3   393.6   427.8   485.9   680.6  1136.6  1713.7  87553.0    87592
read      282.1    94.4   109.4   166.5   182.4   287.8   317.3   331.4   340.6   351.4   366.0   387.5   431.7   579.6  3675.3  23727.0    23882
read      284.7    94.0   101.3   151.0   166.3   283.9   334.4   356.7   371.1   387.7   405.4   432.8   488.9   599.8  1474.6  44231.0    44790
read      263.1    63.5   109.4   169.2   183.9   265.0   288.1   299.7   309.0   318.3   331.9   348.4   399.8   878.7  1588.0  12410.0    12236
read      289.4   119.3    93.8   147.5   162.9   284.2   335.7   360.6   377.7   397.6   422.6   460.3   539.9   720.1  3694.2  42715.0    42928
read      399.2   550.1    86.8   153.5   171.9   291.5   351.8   385.6   410.3   442.8   495.5   647.3  3419.2  5182.0  8075.9 104550.0   103959
read      266.4   116.8    80.4   138.4   151.8   244.4   303.7   335.8   357.1   380.0   406.2   448.0   544.2   869.9  3960.6  97364.0    97347
read      272.9   103.2    93.8   139.5   153.1   256.3   320.9   350.9   369.7   390.2   413.9   448.0   521.1   684.5   988.2  68152.0    68379
read      267.6   145.0    86.8   138.8   152.5   245.2   304.9   336.1   357.3   380.8   408.1   449.2   537.6   753.5  6335.7  92620.0    92596
read      256.0    65.5   118.1   171.5   184.6   257.4   278.0   289.1   296.1   306.4   317.4   337.4   374.4   862.0  2564.4  10076.0    10055
read      284.3    87.6   101.3   156.7   172.5   285.5   324.0   343.5   357.8   372.9   393.3   423.6   491.7   640.3  1749.7  29500.0    29634
read      247.9    61.3   118.1   165.6   178.7   247.9   268.9   279.7   288.2   296.7   310.8   330.0   372.7   857.0  2212.2   9296.0     9324
read      281.0    94.9   101.3   154.9   169.6   282.9   321.0   340.3   353.7   368.6   387.8   415.3   470.0   740.0  1460.9  29802.0    30076
read      286.3   213.2    86.8   137.8   151.4   241.4   299.2   332.0   354.8   382.0   417.8   490.4  1230.4  2441.7  3446.8 100750.0   100150
read      287.2   118.8   101.3   164.7   180.7   292.6   324.9   340.3   351.0   364.1   379.1   401.4   450.2   570.6  5379.3  27803.0    27527
read      263.9   105.5    86.8   138.8   152.2   241.5   300.2   331.6   352.6   376.0   403.0   444.4   539.4   813.5  2599.1  95133.0    95171
read      287.1    93.8    93.8   154.9   169.9   290.8   335.1   356.0   369.7   385.2   401.6   428.1   477.4   561.1  1013.6  40710.0    40523
read      264.6    82.2   109.4   171.4   186.5   265.0   287.6   299.0   308.0   316.9   330.4   349.2   401.7   893.5  3730.1  11429.0    11422
read      242.7    58.5   109.4   164.0   176.3   242.9   264.2   274.2   282.3   290.8   301.2   317.9   362.9   865.7  1562.5   9090.0     9200
read      286.5   117.2   101.3   145.9   160.4   279.5   330.2   355.3   372.7   393.5   418.7   457.1   549.4  1385.9  2267.5  43067.0    42816
read      251.6    78.3   109.4   164.8   177.8   250.6   271.8   284.0   292.5   302.7   314.9   335.8   393.8  1296.1  2312.7  10755.0    10698
read      274.4    76.9   101.3   161.5   176.1   277.4   307.1   322.0   333.9   345.8   363.7   389.2   449.1   791.4  1473.1  22165.0    22301
read      288.7   121.0    93.8   145.6   160.3   280.0   334.9   361.6   380.4   401.8   430.8   473.2   566.9   807.1  2226.8  48463.0    48159
read      283.1    98.4    93.8   148.5   162.6   279.4   326.8   351.5   368.4   388.2   411.9   447.7   532.6   663.4   943.9  39944.0    39987
read      288.7   127.5   101.3   156.0   170.8   286.0   328.2   348.7   364.0   380.9   401.2   432.9   503.1  1680.5  4695.8  33034.0    33067
read      286.1   126.0    86.8   138.4   152.1   267.9   328.3   360.1   383.0   409.5   444.4   501.0   625.7  1168.1  1881.4  62926.0    62704
read      281.7   141.6    93.8   141.2   155.2   270.7   326.9   355.1   374.5   397.3   426.1   469.2   550.3   681.5  1180.5  52709.0    52778
read      289.6   165.4    93.8   137.3   150.8   262.3   327.4   362.8   388.5   419.3   460.7   523.8   655.0  2243.9  3460.8  75496.0    75981
read      283.1   122.2    86.8   137.8   151.0   261.4   324.5   358.6   383.3   412.6   450.4   505.9   617.7   862.3  1800.1  74590.0    74522
read      262.5    92.1   101.3   164.9   179.9   262.6   285.9   298.0   308.0   318.0   333.5   357.0   414.0   830.6  4577.2  14658.0    14533
read      236.1   107.8   127.6   164.1   174.8   232.5   251.7   261.4   267.7   274.0   285.9   301.9   349.4  1904.0  4919.3   5520.0     5566
read      291.8   161.0    93.8   137.9   151.3   262.1   328.1   363.7   389.7   421.5   465.4   535.6   699.3  1815.6  4192.7  76539.0    78062
read      272.6   122.4    93.8   139.6   153.2   250.5   314.4   345.9   367.0   390.2   418.1   460.9   565.0   814.6  2192.2  82315.0    82399
read      269.0   112.7    86.8   140.9   155.3   246.7   302.3   333.4   354.8   378.8   407.5   453.8   572.4  1067.4  2241.3 108739.0   108638
read      266.9   142.4    86.8   138.8   152.3   244.6   304.1   335.9   357.3   380.4   406.9   445.7   532.2   725.1  5734.1  93629.0    93541
read      287.9   129.5    93.8   149.6   164.3   283.8   335.8   358.8   373.4   390.7   410.2   436.5   505.7  1978.6  3399.1  47086.0    47145
read      271.7   122.2    86.8   141.4   155.8   249.9   305.6   336.2   358.0   382.7   412.0   457.8   571.8  1119.8  2475.8 108943.0   109796
read      285.8    82.8   101.3   163.7   179.4   293.2   325.1   339.7   349.6   362.7   376.5   399.9   445.5   553.3  1839.3  26683.0    26597
read      237.9    50.0   118.1   164.5   176.0   238.8   258.3   268.0   274.1   283.8   294.5   312.8   346.9   810.0   966.7   6913.0     7034
read      285.9   127.7    86.8   137.5   150.9   263.1   327.3   361.7   386.9   416.9   456.9   515.9   630.0  1063.0  2062.8  72017.0    72616
read      261.8   101.4   101.3   165.9   180.1   262.4   285.7   297.0   306.9   317.0   331.7   353.6   406.8   848.4  6623.4  13723.0    13584
read      269.7    85.3   109.4   162.5   177.1   271.8   298.3   312.4   321.3   334.5   348.5   372.7   429.2   881.9  2738.9  19406.0    19750
read      351.0   487.5    86.8   144.2   160.0   260.3   313.0   342.4   364.4   390.9   427.7   523.1  3246.0  4250.5  8970.1 109775.0   109139
read      263.9    73.3   118.1   166.3   181.4   264.3   288.9   301.5   310.7   319.8   335.0   356.4   408.9  1036.5  2011.0  15138.0    15150
read      286.3   132.4    86.8   137.9   151.4   262.6   326.2   360.6   385.9   416.7   457.8   519.9   635.5   943.2  3020.7  74159.0    74389
read      281.8   157.3    86.8   137.7   151.2   250.9   315.7   349.2   372.9   400.7   437.6   505.6   712.5  1670.8  4101.5  87243.0    87266
read      272.5   109.4    86.8   143.1   158.1   252.6   308.3   338.3   359.7   383.7   412.5   456.9   550.3   813.1  2339.8 108167.0   108170
read      266.8   104.8    86.8   140.2   154.2   245.0   303.0   334.3   355.4   378.4   405.6   447.8   547.6   917.7  1755.4 103456.0   103631
read      287.7    95.5    93.8   151.7   167.4   289.0   336.9   359.0   373.4   390.8   410.2   436.1   496.8   593.5   850.5  44227.0    44587
read      276.7   103.8    93.8   141.0   155.1   261.7   325.5   355.0   373.6   394.5   419.2   454.5   526.3   655.1  1222.9  66378.0    66411
read      277.3   123.1    93.8   141.8   156.2   254.1   316.4   347.7   370.1   395.0   425.6   470.2   586.8   898.6  3515.9  89101.0    89167
read      290.6    87.1    93.8   158.7   175.2   296.1   337.3   356.7   369.4   383.9   399.8   425.3   470.1   595.3  1208.4  35812.0    35723
read      265.7   120.5    86.8   137.1   150.4   243.6   305.8   337.4   358.8   382.1   408.4   447.9   532.1   730.8  3550.8  85699.0    85827
read      267.2   109.3    86.8   138.0   151.7   246.9   309.6   340.9   361.2   383.3   409.0   445.9   522.4   706.4  2097.6  78945.0    78806
read      265.0   115.6    80.4   138.3   151.5   243.8   304.3   335.7   356.6   379.1   404.6   442.2   522.6   689.0  2861.7  89558.0    89641
read      268.7   205.1   109.4   165.0   179.8   262.7   285.8   296.7   306.4   316.3   330.5   351.8   404.3  3690.1  6922.6  14286.0    14186
read      283.7   119.7    86.8   142.5   156.7   274.3   328.0   356.0   374.9   397.7   426.6   469.5   550.3   743.6  2945.2  52145.0    52308
read      293.9   152.1    93.8   141.6   155.8   275.4   334.4   365.0   387.4   413.4   447.0   502.2   639.4  1996.4  2792.2  57145.0    56743
read      283.3   109.2    93.8   150.4   165.0   280.8   326.1   348.4   364.5   382.4   403.2   436.2   505.5   618.7  3436.8  38350.0    38302
read      292.5   188.6    86.8   137.5   150.8   264.5   327.0   362.0   387.3   417.8   458.3   522.9   690.4  2680.5  6105.8  72270.0    71662
read      282.4   106.5   101.3   151.2   165.8   281.1   323.3   345.1   361.1   378.2   399.1   430.9   500.2   942.9  3184.1  36025.0    36015
read      283.7   123.4    86.8   138.5   151.9   266.7   327.6   359.3   381.7   407.9   441.4   493.0   593.1   893.1  3726.1  64713.0    65048
read      282.5   124.9    86.8   137.4   150.6   260.1   323.2   358.1   382.4   411.2   450.4   507.3   626.4   836.8  1875.6  72961.0    72989
read      291.0   144.4    86.8   138.5   151.8   261.9   325.6   362.2   389.7   423.7   467.2   537.0   740.8  1357.5  2148.7  76983.0    76390
read      279.3    81.3   101.3   161.2   176.3   281.5   313.9   330.9   342.2   356.7   373.3   400.6   462.8   587.8  1972.2  24281.0    24409
read      273.8   155.8    86.8   136.4   149.5   245.0   306.2   338.4   361.3   387.2   420.5   479.9   680.6  1463.0  7039.2  85616.0    85530
read      249.8   126.3   118.1   166.9   179.4   246.7   266.6   275.5   283.8   292.1   303.4   319.7   374.0  1725.3  7053.5   8648.0     8346
read      285.2   126.6    86.8   137.8   151.2   265.7   328.0   360.5   384.0   410.9   447.2   504.5   622.0  1064.0  1754.3  68853.0    69627
read      284.5   126.3    86.8   138.3   151.9   265.4   326.4   359.3   382.8   410.1   448.1   504.9   613.0   837.9  2990.7  70462.0    70266
read      282.6   139.0    86.8   138.3   151.6   251.1   313.8   347.9   372.4   401.1   442.0   520.4   746.9  1399.8  1839.8  89673.0    89525
read      272.2   115.4    93.8   138.8   152.7   254.2   317.7   346.8   366.5   388.1   413.0   449.4   534.9   795.3  1847.6  70983.0    70975
read      284.2    95.5    93.8   148.9   164.1   282.3   335.0   357.7   372.1   389.1   407.9   436.4   499.0   593.9   836.9  46972.0    46633
read      271.7    71.3   109.4   167.3   183.2   275.8   301.1   314.1   322.7   333.9   345.2   366.9   407.2   835.1  1723.7  16968.0    16963
read      330.0   344.5    86.8   142.7   157.1   249.6   306.9   342.8   370.6   404.4   460.5   721.8  2292.1  3155.4  7752.1 109130.0   109556
read      261.0   175.3    86.8   135.1   148.1   234.7   293.7   325.1   346.1   369.1   395.5   432.7   521.7  2043.6  9670.3  91374.0    91124
read      279.4   141.9    93.8   146.1   161.3   271.5   326.3   349.4   364.9   382.1   401.9   432.2   496.2   662.3  5105.6  51848.0    51505
read      264.6   105.0    86.8   138.2   151.5   243.4   302.0   333.3   354.3   377.5   404.3   446.2   543.2   757.2  1177.2  93850.0    93804
read      274.4   109.3    86.8   139.8   153.7   264.3   324.7   350.5   367.2   385.8   406.4   437.9   509.2   698.4  2783.0  57853.0    58474
read      285.1   106.5    93.8   150.9   166.7   284.4   332.5   354.0   368.2   384.5   402.4   431.2   492.2   682.1  1876.7  43321.0    43487
read      273.3   102.0    86.8   139.5   153.4   258.9   322.8   351.2   369.7   389.8   412.6   444.9   512.3   629.2  1014.0  61300.0    61792
read      274.5   112.4    93.8   140.0   154.1   262.1   323.4   350.5   368.0   387.6   410.5   445.2   511.8   632.3  2829.7  59415.0    59548
read      284.3    91.3    93.8   150.8   166.0   285.0   334.3   355.9   370.1   386.4   403.8   431.5   485.7   583.2   687.4  44046.0    43635
read      288.6   104.1   101.3   164.6   181.4   294.4   327.9   343.2   354.4   366.5   381.7   402.7   451.5   565.2  2823.0  27659.0    27536
read      285.1    94.0    93.8   150.6   165.9   286.6   334.9   356.6   370.7   386.9   404.1   431.6   487.2   571.9  1672.0  42954.0    42828
read      267.2   129.4    86.8   140.3   154.6   244.5   300.1   331.2   352.3   376.0   404.4   449.3   555.2   850.3  4090.0 109434.0   109424
read      265.8   125.3    93.8   135.9   149.2   244.7   306.7   337.1   357.1   378.7   403.9   442.8   539.6   968.7  3981.2  77985.0    78273
read      274.8   103.5    86.8   141.1   155.3   263.2   323.6   349.7   367.8   387.8   410.6   441.5   507.5   664.8  1713.7  60054.0    60279
read      285.7    83.3   101.3   157.5   173.6   292.5   330.4   347.7   360.6   373.4   391.6   416.0   462.7   559.1  1301.0  34888.0    35178
read      271.8   103.0    93.8   139.5   153.3   254.4   319.2   348.4   367.5   388.7   413.1   447.3   518.7   678.4  1511.8  67542.0    67279
read      271.8   140.4    86.8   138.6   152.2   248.6   310.4   342.0   363.7   387.4   414.8   454.8   548.6  1595.9  3887.9  80453.0    80752
read      287.3    96.8    93.8   156.5   172.0   290.9   332.6   352.1   365.4   380.1   398.0   425.1   473.9   607.5  2470.9  34993.0    35012
read      252.6    78.5   109.4   169.2   182.5   253.6   272.4   283.4   291.0   299.5   312.3   330.4   373.9  1267.5  3541.9   8169.0     7936
read      245.2    64.1   109.4   165.3   178.3   245.0   265.6   275.3   284.4   293.5   306.4   323.0   364.8   893.1  3264.3   8757.0     8578
read      298.5   169.8    86.8   141.6   156.3   261.0   325.4   362.1   389.2   422.8   468.8   553.4   886.6  1986.4  3054.5  89381.0    89696
read      246.2   171.2   127.6   168.0   178.5   238.7   258.8   268.8   275.0   285.1   295.5   316.7   419.7  1477.5  7795.0   5708.0     5569
read      286.1   101.1   101.3   161.5   176.7   284.9   320.0   338.8   351.7   367.4   387.5   418.2   500.4  1072.2  2848.5  26508.0    26905
read      284.1   106.7    93.8   146.7   161.1   279.4   330.1   354.4   371.1   390.5   413.7   449.9   527.3   674.7  3271.5  42393.0    42389
read      275.1   129.0    86.8   135.4   148.9   247.2   312.2   344.8   368.5   395.2   430.9   495.2   647.5  1103.6  2865.3  84491.0    84689
read      275.6   102.8    93.8   142.5   157.2   264.7   324.4   351.5   369.0   387.9   409.0   439.1   504.9   645.4  1286.9  59020.0    59305
read      286.6   117.5    93.8   151.3   166.9   286.4   334.9   356.8   370.9   387.3   404.4   433.3   490.8   598.8  4590.5  44508.0    44512
read      270.4   118.3    93.8   137.4   151.1   252.0   315.4   344.8   364.3   385.9   411.4   448.0   524.9   788.1  4788.0  71807.0    72395
read      268.8   102.9    86.8   138.8   152.6   249.8   313.7   343.3   363.2   384.9   409.8   446.7   522.5   645.4  1488.9  74431.0    74619
read      277.7   145.9    93.8   140.8   154.9   258.9   321.2   350.6   369.6   390.5   414.8   450.3   533.8  2059.4  3954.2  67250.0    67302
read      278.5   102.2    93.8   143.2   157.9   267.5   328.6   354.9   372.3   391.2   413.3   446.1   515.4   657.0  2212.5  57821.0    57822
read      251.9    68.2   109.4   169.4   182.5   253.4   272.7   283.3   290.5   297.8   311.2   329.1   372.3   884.8  2901.9   8197.0     8117
read      343.4   392.5    86.8   147.9   164.1   272.5   332.9   365.1   388.6   417.4   459.8   566.6  2392.9  4149.5  8125.6 104951.0   106178
read      282.6    78.5   101.3   165.4   181.8   289.3   319.6   334.1   343.2   354.9   368.5   390.4   432.0   555.7  2662.6  25285.0    25089
read      273.2   100.5    86.8   141.1   155.2   257.7   321.5   349.7   368.4   389.0   412.7   446.2   509.2   659.3  1112.5  68631.0    68848
read      270.3   114.7    86.8   141.5   155.7   249.0   308.0   339.4   360.5   384.1   412.1   454.0   549.8   791.3  1563.7  98885.0    98941
read      270.9   103.9    86.8   139.9   153.7   251.0   315.5   346.3   367.2   389.2   414.6   451.9   530.6   683.1  1338.7  78497.0    78157
read      280.1   148.3    93.8   144.0   159.2   256.4   312.3   342.9   364.5   388.7   418.4   464.1   604.0  1833.7  4084.5 109605.0   109857
read      263.7   100.3    86.8   140.0   153.9   242.2   298.4   329.2   350.1   373.7   402.2   444.2   534.9   751.5  1102.3 108930.0   108875
read      265.4   128.5    86.8   137.7   150.8   242.4   305.1   336.9   357.7   380.1   405.4   442.3   524.3   740.1  5017.7  86889.0    86646
read      265.4   102.0    86.8   136.9   150.6   245.5   307.3   338.6   358.8   380.8   406.7   444.3   521.4   679.3  1177.9  83603.0    83239
read      280.9   113.0    93.8   145.9   161.0   276.4   331.4   355.0   370.1   387.4   406.2   434.8   497.3   578.9  5222.9  50849.0    51061
read      273.8   156.7    86.8   141.0   155.2   251.7   311.6   342.1   363.1   386.5   415.0   458.4   556.6   973.2  5056.7  89520.0    89906
read      280.8   103.5    93.8   146.1   161.0   272.6   331.1   356.7   373.1   391.6   412.7   441.4   505.7   649.3  1598.0  56305.0    56601
read      273.3   124.4    86.8   138.6   152.8   254.1   317.2   346.7   367.0   389.0   415.4   455.0   540.6   725.7  4014.9  71288.0    71203
read      272.5   110.5    93.8   142.1   156.7   251.4   310.6   341.7   363.4   387.1   415.1   457.2   556.3   803.8  1767.4  95458.0    95942
read      270.3   103.6    86.8   138.7   152.5   253.4   315.9   345.4   364.6   385.6   409.9   444.7   522.1   695.8  2058.7  71930.0    71622
read      266.5   121.1    86.8   138.2   151.3   242.3   301.2   332.2   353.7   377.8   406.2   449.4   573.8  1276.0  2336.5  96689.0    97182
read      286.9    91.9   101.3   163.4   179.9   294.0   326.2   341.4   352.2   364.8   379.4   401.1   443.6   554.4  3641.4  27641.0    27718
read      286.5   111.7    93.8   150.6   166.2   284.4   335.5   358.0   372.5   389.4   408.0   435.6   496.2   609.5  3873.1  46582.0    46519
read      264.0   101.4    86.8   136.3   149.9   243.2   305.7   337.1   358.0   380.4   406.0   444.0   523.8   744.1   982.6  82922.0    83197
read      266.5   106.7    86.8   137.0   150.6   245.7   308.9   339.8   360.4   382.9   409.4   449.0   529.6   685.9  2786.6  79298.0    79080
read      275.0   136.8    86.8   137.7   151.8   256.1   317.5   346.9   366.6   388.8   415.7   456.4   565.7  1286.4  6982.4  69534.0    69401
read      289.5   114.0    86.8   151.3   166.9   288.6   339.6   362.8   378.0   394.7   414.7   442.3   499.5   636.7  3550.3  45733.0    45684
read      283.9    68.4   109.4   172.8   189.3   288.3   315.0   329.2   339.1   350.4   366.2   389.9   436.1   638.0  1003.2  18344.0    18120
read      279.2   128.5   101.3   162.6   177.4   280.0   311.3   327.0   338.1   350.7   368.1   394.4   450.4   918.4  7140.0  21296.0    21245
read      290.9   100.1    93.8   151.3   166.5   287.6   335.5   359.9   376.3   395.9   420.2   457.2   547.6   791.4  1120.2  38743.0    39039
read      287.7   132.9    86.8   137.9   151.3   265.8   328.8   361.3   384.7   412.2   449.9   508.7   676.7  1142.3  2607.8  67719.0    67458
read      285.9   114.3    93.8   147.0   161.9   279.7   328.0   353.1   370.5   391.3   416.6   455.3   538.4  1433.0  2352.8  43048.0    42773
read      272.4    76.2   101.3   162.3   176.9   274.7   303.7   318.6   329.8   341.9   358.6   382.5   431.3   774.9  2024.2  20833.0    20690
read      296.8   229.2    86.8   139.5   153.2   269.5   330.5   361.9   384.2   409.7   443.4   499.5   661.6  3817.4  5120.9  62798.0    63440
read      284.5   102.1    93.8   148.0   162.8   280.6   329.5   353.9   370.5   389.8   412.9   448.8   522.6   672.7   934.4  41629.0    41615
read      298.5   238.4    80.4   137.7   151.2   245.5   305.3   339.7   364.9   395.7   441.1   587.7  1323.0  2363.5  7132.0  97242.0    97229
read      263.5   114.9    86.8   136.1   149.5   240.2   300.9   332.9   354.1   377.1   403.7   444.2   540.5  1001.1  2942.7  86777.0    86249
read      280.1    68.6   109.4   167.7   184.1   285.6   312.5   326.3   336.5   346.7   363.1   385.0   432.0   534.4  1013.6  20699.0    20807
read      282.8    86.0   101.3   160.1   174.6   285.1   320.8   338.1   349.7   364.4   382.0   408.6   466.7   788.4  1864.9  26023.0    26130
read      284.9    88.1   101.3   155.2   170.5   287.0   326.6   345.0   359.7   375.2   395.3   424.8   483.2   667.0  1490.4  30607.0    30510
read      302.8   151.7   101.3   149.9   165.6   293.2   345.2   373.3   393.7   417.0   446.6   494.0   602.4  2064.2  5255.8  43822.0    43868
read      289.9   117.9    93.8   140.6   154.8   277.7   336.4   366.4   388.2   413.2   444.7   494.3   595.6   854.4  1732.1  55483.0    55324
read      277.8    84.8   109.4   164.5   179.9   280.3   308.7   323.4   335.2   347.0   364.5   389.3   436.5   822.8  3111.8  20057.0    20437
read      248.3    67.0   109.4   164.8   177.1   249.0   270.7   282.2   290.3   299.1   312.5   331.1   370.2   889.6  3241.9   9625.0     9548
read      257.5    67.6   118.1   164.6   178.4   257.6   280.7   293.7   303.0   313.3   325.8   345.3   412.9   924.9  1544.3  12120.0    12101
read      292.1   156.1    86.8   137.1   151.0   266.5   330.9   365.6   391.1   422.0   462.6   526.9   679.6  1606.2  4810.9  71866.0    72073
read      274.6   163.3   101.3   160.0   175.3   275.8   305.3   319.8   331.1   342.8   359.9   384.4   434.0   820.7 11325.7  21450.0    21310
read      284.1   169.5    86.8   137.5   151.1   250.4   313.1   346.7   370.5   399.3   437.8   514.9   780.3  2649.6  3671.0  90874.0    90755
read      281.3    95.2    93.8   147.0   162.0   278.1   332.6   356.1   371.3   388.3   406.6   435.8   494.4   592.6   748.3  51062.0    51252
read      284.8   116.9    93.8   147.0   162.2   278.7   334.0   358.1   373.6   391.7   412.7   443.8   520.2   748.0  2526.3  52469.0    53070
read      285.8   112.6    93.8   148.2   163.1   283.4   335.7   359.0   374.0   391.4   411.1   439.0   497.7   619.8  3786.5  48356.0    48181
read      265.6   113.3    86.8   138.0   151.6   242.8   303.0   334.3   355.3   378.1   405.3   445.0   540.5  1053.5  2696.7  97242.0    97336
read      265.6   112.0    86.8   138.3   151.9   245.6   304.5   335.0   355.7   378.2   404.2   442.5   528.2   776.3  1340.2  92410.0    91976
read      269.8   115.3    86.8   138.7   152.4   246.5   307.3   338.2   359.6   383.5   411.9   455.9   587.8  1058.7  2525.3  94924.0    94742
read      276.3   124.3    86.8   140.7   155.2   260.7   324.5   353.4   372.1   393.3   417.9   452.1   519.4   664.5  1461.8  66362.0    66079
read      278.2   156.2    86.8   139.7   153.9   252.9   315.5   346.6   368.2   391.8   420.0   461.8   630.7  1716.3  6724.9  79387.0    79328
read      286.3    99.7    93.8   150.1   165.5   285.4   335.2   357.6   372.0   388.9   407.6   435.3   502.1   720.1  2590.7  45153.0    45235
read      290.1    87.0    93.8   158.7   175.0   296.8   336.5   354.7   367.0   380.9   397.6   423.6   471.0   564.9   982.9  34778.0    35310
read      270.4   104.3    86.8   137.9   151.5   251.9   316.2   346.3   366.4   388.8   415.2   452.4   529.3   667.5   914.8  76375.0    76589
read      278.6   111.9    86.8   144.7   160.2   258.5   315.8   345.8   367.3   391.5   421.2   465.0   572.4  1077.4  2419.4 107036.0   107175
read      273.5   160.2    86.8   137.2   150.7   249.5   314.0   345.2   366.0   388.9   416.4   457.2   563.7  1307.6  7283.1  78136.0    78127
read      270.6    70.4   109.4   171.2   187.2   272.7   295.7   308.7   317.1   328.5   342.7   367.1   417.7   894.1  2499.8  13472.0    13331
read      284.2   159.4    93.8   137.8   151.7   269.8   328.0   359.0   380.7   404.9   436.0   485.2   575.3   795.6  5409.5  58984.0    59382
read      278.9   155.8    86.8   138.0   151.5   248.3   312.0   345.7   369.2   396.4   431.5   495.1   682.4  1790.7  3952.0  87770.0    87477
read      263.2   109.4    86.8   138.0   151.1   240.8   300.7   332.9   354.2   377.8   404.4   444.2   528.0   714.2  3058.4  91769.0    92020
read      264.0   133.2    86.8   138.0   151.8   239.6   294.7   325.7   346.7   370.9   400.3   445.0   564.0  1226.3  4318.9 109627.0   109297
read      288.6   125.5    93.8   152.8   168.4   288.7   335.6   357.3   371.5   388.6   407.5   434.8   492.2   600.9  5514.1  42465.0    42293
read      281.7    98.4    93.8   146.3   161.2   273.9   331.5   357.3   374.2   393.3   415.6   446.4   505.3   615.9  1368.2  53514.0    52962
read      284.9    78.0   101.3   165.1   181.6   291.6   322.1   336.7   345.9   359.0   372.5   396.7   444.8   626.0  1933.6  23676.0    23492
read      265.2    77.4   109.4   167.2   181.4   266.1   290.2   302.7   311.8   321.0   338.0   363.3   418.8   904.9  2934.6  12624.0    12594
read      302.8   158.7    86.8   139.8   154.1   274.8   340.8   376.9   403.3   436.0   481.3   554.2   773.1  1748.9  3458.6  68694.0    69120
read      289.5   119.3    86.8   142.0   156.4   274.4   334.6   365.3   387.0   411.9   444.2   494.6   597.5   888.5  3006.7  57078.0    57144
read      286.1   119.5    93.8   139.8   153.6   272.8   330.9   361.4   383.2   408.1   439.6   488.3   584.3   829.3  2386.0  57844.0    57232
read      294.1   131.8    93.8   139.6   153.5   271.2   335.9   371.0   396.9   428.3   469.6   533.9   675.2  1014.4  1805.2  71562.0    71593
read      290.4   126.0    86.8   150.4   164.8   284.5   333.2   357.5   373.9   394.0   418.8   457.4   545.3  1403.7  2990.3  41105.0    40799
read      287.7   142.2    93.8   157.3   172.4   286.0   325.0   343.5   356.9   371.1   391.5   421.9   495.2  2318.8  3731.6  29617.0    29614
read      326.7   390.4    86.8   142.0   156.8   252.0   309.2   342.4   367.5   397.1   435.4   522.1  2547.0  3516.9  8071.6 106974.0   106611
read      286.2    98.7    93.8   148.8   163.7   283.8   337.8   361.7   377.4   394.8   416.0   445.6   502.2   596.0   715.4  50179.0    50009
read      289.7   181.7    93.8   151.3   166.4   285.5   336.9   359.6   374.0   391.2   410.6   436.9   495.6   816.2  7855.2  47093.0    47727
read      279.7   261.1   118.1   169.8   186.4   275.7   302.1   315.6   325.2   337.4   351.8   373.9   435.5   913.6 13418.2  15138.0    15204
read      288.9   137.8    93.8   142.9   157.6   276.1   334.1   362.7   382.8   405.2   433.8   479.7   579.2  1000.5  3479.4  50437.0    50703
read      286.5   126.2    86.8   138.5   152.4   269.4   330.3   362.7   385.5   411.4   445.9   497.7   598.2   967.4  3060.9  61463.0    60979
read      282.9    93.2   101.3   149.4   164.3   281.4   327.3   349.1   365.2   383.2   404.1   438.5   504.9   676.5   916.9  37582.0    37662
read      267.4    71.3    93.8   163.6   178.3   269.8   297.5   311.6   320.5   332.9   345.5   369.4   417.9   550.1  1983.6  17055.0    16932
read      328.2   390.5    86.8   138.8   152.6   244.6   301.9   335.4   359.6   388.8   430.4   603.0  2384.8  3172.4  8098.5 100228.0   100183
read      273.9   132.4    93.8   140.9   154.5   255.9   317.9   346.7   365.5   386.2   410.5   446.4   531.0  1000.3  3793.7  69214.0    69175
read      283.5    86.7   101.3   163.0   178.5   290.2   321.5   337.2   347.1   360.6   374.1   398.4   451.2   584.5  1210.9  27637.0    27515
read      266.4   107.4    86.8   140.7   154.8   243.8   299.6   330.5   351.6   375.5   404.0   449.0   554.1   996.0  1809.4 106431.0   106411
read      282.6   103.5    93.8   149.4   164.0   278.6   332.4   355.9   371.0   387.9   406.0   434.8   497.0   594.9  2567.6  49826.0    49629
read      277.4   105.8    93.8   141.8   156.2   263.4   324.8   352.7   371.7   392.9   417.9   453.6   530.2   689.9  1902.3  63510.0    63537
read      265.4   112.5    86.8   136.6   150.0   241.1   304.0   335.7   357.1   381.0   409.2   449.8   549.0  1027.6  2777.0  88137.0    88081
read      276.7    97.9    93.8   143.6   158.2   268.9   327.2   351.6   368.2   386.9   407.9   437.5   499.8   587.2   718.1  55551.0    55527
read      269.5   113.6    93.8   138.3   151.8   252.6   316.1   344.5   363.7   384.4   407.5   440.8   508.1   641.8  2784.2  69408.0    69558
read      271.7    99.8    86.8   140.4   154.3   259.8   320.4   346.2   363.9   383.0   404.1   435.1   502.1   631.1  2255.4  60517.0    60702
read      264.2    79.2   109.4   167.3   182.3   266.9   289.4   300.9   310.0   319.1   333.6   353.3   398.7   869.1  3869.4  13410.0    13487
read      287.6   166.2    86.8   136.4   150.1   265.1   327.1   360.0   383.9   411.2   449.2   506.7   631.1  1856.6  3860.9  66985.0    67037
read      242.3    61.8   118.1   165.0   176.9   242.2   262.6   272.3   279.8   289.0   298.8   317.5   366.2   909.2  1637.8   8385.0     8281
read      286.1    93.9    86.8   151.4   166.5   286.2   330.4   352.3   367.5   385.2   405.5   437.0   509.0   627.7  1589.1  34640.0    34986
read      283.8   135.3    93.8   138.5   152.1   256.8   321.0   355.5   380.1   409.6   449.0   511.7   680.7   965.8  2025.9  82171.0    82336
read      265.0   106.4    86.8   138.3   152.1   243.0   300.8   332.6   354.1   377.1   404.7   446.5   544.5   943.2  1384.6 101079.0   101465
read      269.9   121.8    86.8   137.8   151.5   248.3   310.4   340.7   361.2   383.7   410.0   450.3   550.0  1432.7  2541.5  82553.0    82733
read      288.0    94.1    93.8   152.0   167.4   289.5   338.9   360.6   374.5   391.4   410.3   436.4   496.9   588.2  1146.7  44740.0    44752
read      267.3   127.6    86.8   139.8   153.8   246.0   303.0   333.6   354.6   377.4   404.7   448.0   545.1   844.8  3271.1 103978.0   104681
read      283.6   119.9    93.8   146.6   161.6   276.2   332.0   356.6   372.6   391.2   412.8   443.9   510.2  1104.1  3224.0  53751.0    53872
read      274.3   122.1    86.8   141.1   155.6   253.0   314.7   345.7   367.0   390.5   418.4   459.1   548.0   776.8  3998.1  87315.0    87376
read      273.9   132.3    86.8   139.1   153.2   254.8   318.9   348.4   367.7   389.2   414.8   452.8   536.4   820.4  3109.6  70240.0    70834
read      269.8   107.6    86.8   139.7   153.6   248.6   310.4   342.3   363.6   387.2   414.9   455.2   537.2   689.6  2053.4  86941.0    86701
read      280.1    99.2    93.8   144.0   159.4   273.0   332.2   357.0   372.5   390.7   411.7   442.0   502.4   613.9  1164.2  55503.0    56054
read      269.1   116.0    80.4   141.8   156.1   248.0   305.3   335.3   356.0   379.2   406.7   448.7   541.8   840.4  2326.9 106640.0   106733
read      241.3    69.1   109.4   164.9   177.4   239.9   260.1   270.8   278.3   287.9   297.4   316.1   366.6   925.5  2440.9   6570.0     6476
read      284.1    96.9    93.8   153.1   168.2   284.3   325.8   346.1   362.1   379.2   399.4   430.9   504.7   621.3  1822.5  33613.0    33857
read      265.2    77.9   101.3   165.7   180.4   266.9   292.1   305.5   314.6   325.1   339.4   361.3   406.5   842.8  3415.1  15849.0    15953
read      282.9   132.1    86.8   146.7   161.2   276.7   327.5   351.6   368.3   387.6   410.4   445.0   516.3   764.1  3742.5  40985.0    41252
read      288.0   143.1    86.8   135.7   149.4   259.6   325.8   361.2   386.8   418.2   461.3   528.6   716.1  1421.6  2113.8  76941.0    76853
read      284.8    87.6   101.3   159.1   174.3   290.8   327.0   343.8   356.1   369.4   386.6   409.3   465.3   585.5  1608.2  32897.0    32962
read      271.5   139.5    86.8   138.3   151.9   247.3   308.8   340.5   361.9   385.4   413.0   454.5   581.9  1450.3  3400.1  84027.0    83564
read      286.7   134.3    93.8   151.2   165.9   282.7   332.2   354.8   369.1   385.5   403.1   432.4   499.7  2308.3  3461.1  46066.0    46260
read      283.8    93.1    93.8   149.7   165.1   283.1   333.8   356.0   370.4   387.2   405.4   434.6   489.5   578.3   685.5  46234.0    46426
read      263.4   134.9    86.8   138.1   151.4   239.0   295.7   326.9   348.0   371.7   400.9   443.2   545.2  1158.8  5121.4 100402.0   100015
read      267.2   101.8    93.8   139.1   152.4   247.0   309.4   340.3   360.7   383.0   408.9   446.3   526.9   724.7   933.3  78899.0    78102
read      284.9    81.9   109.4   165.5   181.8   289.7   320.7   335.3   344.5   357.0   370.7   395.7   447.9   940.9  1963.3  24360.0    24168
read      281.8    71.5   101.3   164.8   180.8   288.3   318.1   333.3   343.0   355.7   370.3   393.5   434.0   528.5   955.6  25149.0    25529
read      274.0    95.3   118.1   167.3   183.4   276.9   302.5   315.4   324.4   336.2   349.0   371.9   429.2   836.2  4845.6  17460.0    17342
read      283.7   123.5    86.8   136.4   150.2   263.2   326.2   360.2   384.1   411.9   449.5   507.0   618.0   901.8  1864.9  71507.0    71657
read      285.8   130.3    86.8   139.2   152.9   268.3   330.3   362.1   384.4   410.1   443.9   497.2   603.4   887.7  1615.8  60088.0    59805
read      290.4   134.3    86.8   140.8   155.9   276.3   333.9   364.4   386.4   411.1   441.6   490.5   598.5  1081.1  3985.1  55738.0    55558
read      325.7   332.2    86.8   144.2   159.8   272.9   338.7   373.5   398.9   429.5   474.9   597.0  1345.5  3892.5 10532.6  79093.0    79251
read      262.6    99.0   118.1   174.1   188.3   262.7   283.8   295.0   303.7   313.2   324.6   345.1   399.0   879.6  7583.2   9221.0     9123
read      364.9   449.4    86.8   148.9   165.3   276.9   336.9   371.7   398.5   432.9   489.9   656.0  3000.5  4896.8  8061.6 108897.0   109516
read      287.5    89.8    93.8   155.5   170.9   289.1   333.8   354.4   368.5   384.8   402.8   431.9   497.1   630.7   936.8  40955.0    41153
read      269.8   195.0    86.8   138.6   152.1   240.3   298.9   330.8   352.7   377.6   407.3   452.3   594.1  2087.7 12127.4  98889.0    98946
read      281.3    98.0    93.8   147.2   161.9   273.0   329.7   355.4   372.2   391.7   414.5   447.6   512.2   655.9  1108.7  56223.0    56315
read      263.5   110.9    86.8   138.4   151.3   240.4   299.6   330.7   352.2   376.3   403.9   445.8   538.9   805.6  2365.8  92837.0    92525
read      262.6   100.9    93.8   137.0   150.4   241.9   303.8   334.1   354.6   377.0   402.9   438.5   513.9   676.9   943.0  80261.0    79997
read      286.7   118.3    93.8   150.0   165.2   282.9   335.6   359.2   374.3   392.4   413.2   442.0   507.7   676.2  5014.3  49064.0    48998
read      276.7   136.5    93.8   141.5   155.7   259.1   321.6   351.0   370.8   392.1   417.5   455.2   542.3   748.6  7591.7  67240.0    67260
read      268.7   109.9    86.8   139.9   153.7   247.3   306.5   337.8   359.3   383.0   411.1   452.9   546.5   755.3  2299.2  88698.0    88431
read      283.6    97.7    93.8   148.2   163.2   277.6   333.1   358.2   374.4   392.9   414.5   445.5   507.5   627.9  1493.4  51015.0    51359
read      278.7   107.6    93.8   142.4   157.2   265.7   328.0   355.7   373.8   394.0   417.9   451.5   517.7   661.4  2470.1  60224.0    60398
read      291.2   142.4    93.8   153.9   169.8   290.7   337.7   359.3   373.1   389.3   406.8   435.0   495.7   637.8  6210.6  41882.0    41854
read      293.8   102.4   109.4   169.3   186.1   297.2   330.3   345.6   358.1   371.0   389.5   416.6   480.5   620.0  3184.6  23972.0    23797
read      297.8   217.7    86.8   143.1   157.6   260.9   324.5   357.7   380.8   407.3   445.2   519.1   852.6  3313.1  5491.0  82992.0    83091
read      272.1   117.1    93.8   139.5   153.5   252.9   315.7   346.2   366.5   388.4   414.3   452.6   535.0   714.6  2164.9  78550.0    78319
read      273.0   115.3    86.8   142.2   157.0   252.5   308.8   338.8   359.6   382.8   411.4   455.9   567.2  1147.9  2522.4 102828.0   101978
read      276.1   121.0    93.8   143.9   158.7   256.3   313.7   343.9   365.1   388.9   417.7   460.5   565.9   890.7  3308.9  98129.0    97985
read      285.5   185.7    86.8   142.6   157.2   257.8   318.8   350.3   372.0   396.9   427.2   472.2   635.5  2526.0  7300.0  82694.0    82850
read      284.8    75.0   109.4   166.5   182.9   291.8   321.4   336.2   345.5   358.1   371.3   394.2   439.9   542.4  1822.1  24572.0    24622
read      280.6   117.9    93.8   145.5   161.1   260.3   317.5   347.3   368.6   392.9   423.1   467.6   587.4  1002.9  2464.5  99957.0    99932
read      287.2   108.6    93.8   150.3   165.7   285.1   337.4   360.3   374.7   391.7   410.9   436.6   498.6   757.0  2899.7  46793.0    46761
read      282.7    99.6    93.8   145.4   160.6   275.1   333.2   359.7   377.3   396.8   419.7   450.9   509.2   617.5   771.4  56250.0    56274
read      291.5   130.1   101.3   168.1   185.5   296.5   328.1   342.9   353.9   366.2   381.3   402.2   452.5   809.1  7443.8  24968.0    24750
read      291.3   137.5    93.8   149.4   164.5   285.5   339.1   363.4   379.4   397.6   420.4   453.2   533.7  1617.2  2558.4  46987.0    46988
read      268.3   109.9    86.8   139.9   153.7   247.1   305.3   336.2   357.4   380.9   409.1   451.8   547.3   860.0  2788.0  96936.0    96633
read      294.9    90.0   101.3   162.3   178.4   301.8   339.9   358.1   370.0   384.7   401.3   428.3   472.7   582.3  2132.6  32370.0    32524
read      276.0   122.2    86.8   142.0   156.6   254.7   316.6   348.3   369.9   393.2   421.1   461.7   549.7   862.4  3201.3  82582.0    82709
read      279.8   218.2    93.8   141.1   155.7   263.9   325.6   354.4   373.0   394.2   419.4   455.5   536.3   810.1 11306.4  64736.0    64734
read      290.4   104.8    93.8   152.2   167.9   289.9   340.5   363.6   378.8   395.5   416.1   444.7   502.8   642.6  2671.2  44866.0    44841
read      289.3    85.0   109.4   169.8   186.6   294.3   326.1   341.0   351.4   363.5   376.4   398.0   442.0   536.8  2261.1  23034.0    23220
read      284.8    99.0    93.8   146.8   162.0   279.5   336.7   361.9   378.2   396.2   418.2   449.2   507.0   629.8   804.7  52067.0    52173
read      271.1   108.9    86.8   139.7   153.6   250.2   311.5   343.0   364.7   388.4   416.1   456.6   547.3   827.4  1598.4  87706.0    87894
read      285.5   109.2    86.8   145.6   161.2   277.8   337.7   363.8   380.7   398.7   421.5   454.2   515.9   640.3  1607.9  56019.0    55637
read      298.4   111.8   101.3   163.2   180.0   303.0   340.4   358.4   370.1   384.3   400.2   427.3   491.4  1836.5  3138.3  31354.0    31153
read      294.0   112.8   101.3   165.4   181.8   300.5   336.4   352.9   364.2   375.9   393.0   416.3   462.7   585.9  6982.0  29784.0    30053
read      287.9    74.8   109.4   172.0   188.8   295.6   323.7   337.1   345.4   357.1   369.5   391.2   432.6   540.9  1095.6  20587.0    20489
read      293.9   130.4   101.3   160.4   175.8   297.2   338.0   357.0   369.3   383.9   400.2   427.2   483.9   887.1  4278.5  33647.0    33457
read      281.0   102.9   101.3   170.0   187.0   281.7   308.6   322.1   333.5   344.8   361.9   386.6   442.6   931.5  6538.0  17026.0    16922
read      303.0   143.3    93.8   151.5   166.7   293.1   348.4   376.7   396.4   420.2   451.1   498.6   592.7   806.2  5424.7  46763.0    47200
read      346.4   335.8    86.8   143.0   158.6   267.5   330.3   366.8   394.5   431.9   502.9   875.9  1830.7  3254.1  7721.7  96169.0    95934
read      284.8   102.9    93.8   151.8   167.0   284.4   332.0   353.4   367.6   384.0   402.6   431.9   489.9   588.9  2175.4  42988.0    42596
read      265.4   109.5    86.8   138.8   152.2   244.7   301.9   332.9   353.7   375.9   403.6   445.7   544.8   762.2  3115.0  94682.0    94660
read      274.5    97.7    93.8   143.3   158.0   262.9   323.4   350.4   367.4   386.0   406.5   436.3   501.8   590.6   694.6  59589.0    59804
read      290.6    96.0   101.3   159.6   175.5   295.1   336.4   355.9   368.5   383.2   399.8   426.8   479.2   583.1  3596.6  37260.0    37634
read      272.9   113.7    93.8   141.0   154.9   255.3   318.1   347.3   367.6   389.3   414.1   449.3   523.1   659.5  1637.6  68396.0    68516
read      272.4   114.5    86.8   140.7   154.6   248.7   310.3   341.5   363.2   387.2   415.9   459.2   586.1  1121.0  2129.0  86470.0    86478
read      276.7   129.2    93.8   146.1   160.7   255.5   311.2   341.5   363.4   387.7   417.0   462.2   573.7   956.5  5632.2 101620.0   101464
read      278.2   136.0    80.4   141.8   155.7   257.2   321.1   351.0   371.5   393.9   420.8   459.7   561.0  1284.1  3756.6  70958.0    70660
read      280.1   117.2    86.8   147.2   162.3   258.6   315.1   345.4   367.2   391.8   422.3   468.4   587.8  1167.2  2029.8 105586.0   105480
read      287.8    95.2    93.8   153.8   169.4   288.4   337.0   358.8   372.6   388.9   406.4   434.6   493.2   582.7  2449.4  42247.0    41912
read      285.1   110.2    93.8   148.0   163.2   279.1   335.1   360.3   376.7   395.1   416.9   447.4   512.6   653.2  1555.5  50256.0    50818
read      268.7   114.0    86.8   140.9   154.7   246.1   302.9   334.5   356.2   380.4   408.9   453.0   565.7   924.7  2971.8  99442.0    99610
read      266.8   108.1    93.8   141.1   155.0   245.4   302.5   333.3   354.2   377.8   404.9   446.2   540.4   812.1  3235.1  99319.0    99247
read      269.9   102.9    86.8   139.2   152.9   251.0   314.1   344.0   364.4   386.4   411.8   450.5   532.2   717.2  1460.6  73037.0    72793
read      289.8   142.9    93.8   159.4   175.0   293.1   332.1   350.0   362.6   375.4   393.5   419.0   468.7   805.4  7326.1  35058.0    34890
read      283.4   119.8    93.8   147.7   162.7   279.4   332.9   357.0   372.3   389.6   408.6   436.3   503.0   633.5  5143.1  49658.0    49665
read      283.4   108.0    93.8   149.0   163.2   278.3   333.3   357.3   372.7   390.4   410.2   436.9   501.6   639.8  3214.4  51488.0    51276
read      288.4   106.5   101.3   162.3   178.0   293.0   329.2   345.6   357.9   370.5   388.0   411.8   467.1   609.4  2983.8  30809.0    30810
read      288.5   102.6    93.8   152.7   168.9   291.2   338.0   359.2   372.6   388.5   405.1   432.9   487.9   592.9  2002.3  42286.0    42632
read      269.5    99.8    86.8   139.4   153.0   252.8   315.1   344.3   363.7   384.8   409.0   443.8   513.5   650.1   854.5  71800.0    71502
read      260.8   107.3    86.8   135.9   149.0   239.1   299.1   330.3   351.3   374.5   401.8   439.2   515.6   684.5  3552.4  87921.0    87471
read      260.4   102.5    86.8   136.4   149.9   237.8   295.9   327.5   348.3   371.9   399.5   438.1   536.8   859.5  1300.2  95408.0    95450
read      266.0   113.0    86.8   140.2   154.1   244.2   299.4   330.0   351.2   375.2   403.5   446.7   550.1   887.0  2556.4 101487.0   101882
read      281.0   110.2    93.8   143.6   158.2   266.2   327.2   355.9   374.6   395.5   420.8   458.7   566.0   985.2  1869.9  61149.0    61422
read      288.7    98.2   101.3   157.9   173.7   293.9   335.0   353.4   365.9   379.6   396.7   422.3   469.9   567.5  2704.6  36480.0    36550
read      281.7    68.0   109.4   169.5   186.1   288.3   314.7   328.3   338.1   348.3   363.4   383.5   424.3   507.6  1422.0  20335.0    20285
read      301.8   159.2    86.8   143.2   157.7   267.6   332.6   368.2   394.7   427.0   471.6   568.3   855.7  1462.5  2318.2  79809.0    80275
read      274.2   171.1    86.8   140.4   154.6   248.3   305.9   336.4   357.7   381.4   410.4   455.5   588.7  2242.9  5862.1  99019.0    99091
read      272.8   112.9    86.8   141.1   155.8   252.8   311.6   341.7   362.6   385.8   413.7   456.0   557.3   865.3  2463.2  91590.0    90849
read      284.8   123.8    93.8   146.5   161.9   278.3   334.4   359.4   375.5   394.3   416.4   447.1   509.1   651.1  4797.6  53616.0    53477
read      276.5   110.9    86.8   141.0   155.3   259.5   323.3   352.9   371.9   393.1   418.5   455.4   539.3   756.0  2273.6  67418.0    67190
read      281.3   102.2    93.8   145.3   160.4   273.2   331.4   356.9   373.9   392.8   415.0   446.5   509.4   641.3  2135.2  55840.0    55837
read      290.3   161.3    93.8   151.5   167.1   289.8   338.4   360.3   374.2   391.1   409.9   436.6   498.9   641.3  9384.3  44657.0    43938
read      276.9   124.1    93.8   140.9   155.0   257.9   320.7   350.9   370.7   393.2   419.9   458.0   549.1   943.3  3593.9  73058.0    73349
read      291.9    92.3    93.8   156.7   173.0   297.3   341.4   360.5   372.5   387.7   403.5   429.3   482.1   581.3  1846.3  38508.0    38158
read      279.0   108.6    93.8   142.9   157.5   267.4   328.6   356.3   374.0   393.4   416.6   450.7   520.7   642.4   793.5  62775.0    62627
read      285.3    79.8   101.3   169.6   185.6   290.4   318.5   333.2   342.6   354.7   369.1   393.0   440.5   771.9  2356.6  21085.0    21095
read      292.6   132.2    93.8   152.5   167.9   289.6   340.8   364.2   379.5   396.1   416.7   446.3   517.5  1085.5  7041.8  44285.0    43996
read      262.3    74.6   118.1   172.6   187.5   263.3   283.5   294.0   302.3   312.3   323.3   342.8   390.8   925.7  3257.2   9033.0     8918
read      290.8    88.0   109.4   171.5   188.2   292.4   322.4   338.1   348.4   363.0   379.6   404.2   466.0   939.8  2778.7  19309.0    19346
read      301.7   130.5    93.8   150.0   164.5   289.9   347.0   377.1   398.1   423.4   457.6   509.4   617.7   832.8  2583.3  48296.0    48373
read      282.8   119.3    93.8   140.9   154.9   260.4   324.1   356.0   377.5   401.8   433.8   492.0   652.2   912.4  1366.9  71974.0    72207
read      277.0    97.1    93.8   144.2   158.9   267.3   326.9   352.7   369.7   388.8   410.6   440.8   505.0   590.4   690.9  57535.0    57914
read      269.3   104.6    93.8   139.2   152.7   248.9   311.5   342.3   363.1   386.0   412.7   451.8   541.8   792.1  1625.8  77929.0    78645
read      251.3    93.7   127.6   169.4   181.9   247.7   267.8   278.0   286.6   295.2   308.5   327.2   391.6  1898.1  3318.1   6678.0     6581
read      299.6   108.4   109.4   165.4   181.4   300.5   337.3   357.1   370.5   387.3   406.4   436.9   513.2   951.7  3395.9  25672.0    25723
read      294.7    88.2   109.4   168.2   185.0   297.8   331.5   347.3   360.8   374.3   394.0   422.8   487.8   615.8  1948.1  21760.0    21861
read      374.5   433.5    93.8   154.3   172.6   293.3   353.5   388.0   414.1   448.3   500.4   643.3  2905.8  4634.8  7946.8 102523.0   102729
read      276.3    68.7   118.1   172.0   189.2   279.6   303.9   316.3   325.4   336.7   349.1   370.8   427.8   626.1  2112.3  15369.0    15233
read      276.7    72.1   109.4   172.4   188.2   277.6   303.6   316.6   326.5   338.5   353.6   376.4   443.1   905.0  1816.8  14947.0    14904
read      297.5   214.7    93.8   149.6   164.6   285.8   338.6   366.2   385.4   406.4   435.0   484.1   586.8   917.3 14249.2  43861.0    44168
read      297.2   113.0    93.8   147.2   162.5   287.4   342.6   371.7   392.3   416.3   447.8   498.8   594.4   807.7  1094.4  49548.0    49750
read      360.8   413.6    93.8   146.7   162.5   268.3   328.6   363.4   389.9   425.0   486.0   948.5  2239.7  3759.5  8137.9 100587.0   100878
read      267.1   111.8    86.8   138.8   152.1   243.7   303.1   334.5   355.7   379.1   406.8   450.5   573.9  1175.7  1684.9  93190.0    93330
read      271.7   109.7    86.8   140.2   153.7   251.5   315.7   345.7   366.1   388.3   414.2   452.2   536.2   780.0  2636.8  75798.0    75527
read      250.8    72.0   109.4   169.7   182.9   250.3   269.3   279.2   286.9   294.6   307.0   323.1   373.9   938.8  2091.1   6667.0     6637
read      289.6   103.0   101.3   165.9   181.5   290.7   325.0   342.2   354.6   368.5   386.6   411.8   470.3   856.6  3945.2  22571.0    22677
read      308.8   205.7    93.8   142.0   156.5   276.4   341.0   377.0   404.6   443.7   495.8   571.8   755.9  2537.5  7561.1  69175.0    69399
read      264.4    81.3   109.4   174.1   189.4   262.2   284.7   296.9   306.8   316.8   330.9   350.2   403.8   914.5  4766.3   9549.0     9465
read      310.8   222.6    93.8   142.7   157.9   264.7   329.1   363.4   387.8   418.1   464.2   594.2  1201.9  2583.5  4710.2  81106.0    81491
read      275.7   107.6    86.8   141.1   155.2   259.3   322.3   351.2   370.4   391.9   417.7   455.1   535.6   711.3  1070.0  68694.0    68604
read      268.6   113.5    93.8   139.3   152.8   247.2   307.9   339.2   360.6   384.0   411.4   453.3   543.9   742.3  2716.2  86027.0    86719
read      285.3   117.1    93.8   149.5   164.3   283.2   335.1   358.2   373.2   390.5   410.1   437.6   498.4   620.7  2412.0  48094.0    48219
read      288.3   184.5    86.8   143.4   158.8   258.6   315.2   345.7   367.9   393.2   426.0   481.1   752.9  2907.0  3920.6 105028.0   105020
read      269.4   111.9    86.8   138.4   152.0   249.3   311.7   342.1   362.9   385.7   412.3   452.1   540.4   703.8  1502.3  79133.0    79027
read      293.2    92.8   101.3   160.5   177.0   299.1   336.0   354.2   366.8   381.3   398.7   425.5   485.7   995.6  1569.7  33943.0    33669
read      263.0    80.4   118.1   172.6   186.8   263.1   284.0   294.1   302.3   312.3   323.4   344.1   400.6   923.3  4103.0   9036.0     9087
read      300.9   136.7   101.3   161.6   178.1   297.2   336.4   357.3   372.1   390.2   411.9   449.9   560.7  1652.2  5164.6  28269.0    28486
read      301.1   117.3    93.8   156.6   172.3   296.9   343.7   368.2   385.7   404.5   431.5   476.0   571.6   987.8  1933.0  36883.0    36839
read      304.3   123.5    93.8   150.9   166.5   294.1   348.9   378.6   399.1   423.9   456.8   507.8   617.2   965.0  2146.2  46288.0    46303
read      298.3    95.5    93.8   160.9   176.5   298.4   340.0   361.8   376.7   394.8   417.5   452.1   524.3   624.1  2120.1  29316.0    29630
read      294.4   130.4    93.8   143.5   157.7   275.8   336.5   370.9   395.4   424.8   463.4   520.6   629.0   805.1  1237.6  58971.0    58735
read      278.6    68.2   101.3   171.9   188.4   280.6   307.4   319.9   330.6   341.7   357.7   381.4   435.4   811.0   974.4  15899.0    15717
read      298.1   135.0    93.8   145.2   159.5   280.6   338.9   371.3   395.3   425.0   463.1   521.5   641.2  1075.8  2331.9  54961.0    54660
read      327.3   297.0    86.8   145.4   160.9   261.1   319.7   354.3   379.5   411.9   466.0   691.6  1747.8  3072.8  7644.4 100277.0   100453
read      267.1   104.6    93.8   139.1   152.5   247.1   307.4   338.1   358.7   380.9   406.4   446.7   536.9   739.3  1445.5  83972.0    84114
read      287.8   139.1    93.8   149.3   164.2   282.7   335.6   359.7   375.5   393.7   415.4   446.9   516.4   650.0  5870.1  47610.0    47655
read      273.6   122.9    86.8   139.5   153.3   253.9   316.0   346.2   367.3   390.6   418.6   460.9   546.7   727.5  3569.8  71503.0    71572
read      270.2   108.9    86.8   141.0   155.2   248.6   305.6   336.7   358.2   381.9   410.3   455.0   572.1  1040.7  1651.4  97332.0    97243
read      277.5   116.3    86.8   146.0   161.4   255.6   311.2   341.6   363.2   387.8   418.3   465.1   584.4  1145.1  2824.1 108872.0   109600
read      267.1   113.8    86.8   140.6   154.2   244.9   302.6   334.0   355.6   380.0   408.9   452.9   548.1   744.6  1241.4  97742.0    97814
read      294.0   196.8    93.8   151.4   166.6   285.7   336.5   359.9   375.1   392.9   413.7   443.3   512.1  3253.4  7811.3  47194.0    46973
read      280.9   100.5    93.8   146.1   161.0   274.8   330.3   355.2   371.4   390.0   411.3   441.8   504.0   592.7   804.3  52295.0    52430
read      260.7    64.2   109.4   175.0   189.9   260.7   279.9   291.5   299.3   309.6   320.0   341.6   398.9   922.1  2082.1   7219.0     7146
read      305.0   148.6    86.8   144.0   158.7   280.2   344.1   380.3   406.5   442.0   490.1   558.6   705.1  1011.1  5576.8  64094.0    64613
read      262.0    84.7   118.1   173.7   189.3   259.8   280.6   291.8   299.6   310.9   323.0   342.8   406.4  1151.1  3133.1   8273.0     8185
read      334.7   332.9    86.8   144.1   159.9   267.2   325.4   359.8   385.7   419.2   471.1   679.5  1883.1  3372.7  8083.4  91106.0    91736
read      286.4    99.2    93.8   149.3   164.6   283.1   335.8   359.8   375.6   393.8   415.2   444.8   507.8   626.0  1688.0  50549.0    50530
read      276.3   110.1    86.8   144.8   159.8   256.1   313.1   342.6   363.7   387.5   416.5   460.7   568.5   976.0  1960.5 100355.0    99806
read      287.1    71.4   101.3   168.2   185.7   293.6   322.7   337.6   346.8   359.7   372.7   396.7   448.1   533.4   940.0  22980.0    23088
read      288.6    90.3    93.8   153.6   169.8   291.7   336.8   357.6   371.1   387.3   404.4   432.1   488.2   584.0   945.0  39374.0    39498
read      261.9   124.0   127.6   173.0   187.3   258.2   279.2   289.9   296.6   307.5   319.0   341.1   401.5  2124.3  4845.5   7463.0     7321
read      290.9   132.3    93.8   142.9   157.4   267.4   330.3   362.8   385.9   413.0   450.4   517.9   686.7  1011.7  3866.7  70380.0    70463
read      284.3   116.0    93.8   146.4   161.3   274.6   333.3   360.0   377.2   396.5   420.1   453.9   530.9   725.9  3973.4  55800.0    55826
read      274.5   147.2    93.8   140.6   154.5   255.8   318.6   348.7   367.9   388.9   413.4   449.4   526.7   754.1  6841.9  68434.0    68597
read      273.0   123.8    93.8   141.0   154.8   250.0   312.5   344.6   365.8   388.9   416.4   457.6   561.2  1064.6  2420.3  83595.0    83723
read      264.5   108.8    86.8   138.4   151.7   241.8   300.9   332.7   354.2   378.0   405.8   448.2   537.3   850.6  2821.8  93977.0    93939
read      274.2   122.0   109.4   171.4   188.8   271.7   294.3   307.2   315.9   326.9   341.4   365.8   430.3  1314.6  6688.9  11187.0    10956
read      303.8   140.6    93.8   152.1   167.7   294.2   346.5   375.3   395.1   418.3   448.4   496.6   593.0  1319.7  5091.8  42943.0    43150
read      308.1   158.8    93.8   146.7   161.7   285.3   348.6   384.9   410.8   443.7   486.6   549.0   681.4  1472.4  3902.3  61225.0    61224
read      295.6   140.7    93.8   142.1   156.6   270.2   335.3   369.1   393.7   423.3   463.8   539.8   711.0   999.4  2411.2  72543.0    72370
read      271.6   103.1    86.8   139.9   153.9   253.1   316.3   345.9   366.2   388.2   413.9   452.0   530.1   722.0  1000.0  75058.0    75062
read      273.3   104.0    93.8   140.8   154.4   258.6   321.3   349.4   368.3   388.7   411.9   444.7   511.3   637.5  1547.5  65794.0    66006
read      274.3   153.4    93.8   141.4   155.7   248.5   306.1   336.7   357.8   381.4   410.7   456.9   597.3  2147.3  3852.6 103577.0   103596
read      269.1   159.1    86.8   140.0   154.0   247.2   305.1   335.9   356.8   380.1   406.8   449.7   542.4   757.1  8446.1  92283.0    92033
read      265.9    63.3   118.1   172.3   189.6   267.6   289.0   300.2   309.0   317.7   331.0   347.9   395.0   821.0  1381.8  10435.0    10484
read      320.4   333.8    93.8   142.2   157.0   255.1   311.5   343.1   367.0   395.7   435.9   551.0  1970.1  3477.4  7851.6 101537.0   101797
read      272.5   178.2    93.8   138.7   151.9   244.4   304.3   335.4   356.5   380.0   408.1   455.1   596.7  2551.7  7508.1  92522.0    93004
read      277.2   101.5    93.8   140.9   155.3   269.5   327.7   353.2   370.0   388.8   410.1   440.8   506.4   639.7  2056.9  55071.0    55072
read      269.5   114.0    86.8   140.3   154.2   246.2   304.7   335.8   356.9   380.4   408.9   454.8   570.8  1219.4  1994.1  96790.0    97279
read      269.4   122.2    93.8   138.6   152.0   246.9   308.8   340.0   360.7   383.5   410.7   451.9   548.4  1202.2  2989.4  82275.0    82336
read      266.2   107.1    86.8   139.2   152.7   243.9   302.9   334.2   355.4   378.4   404.5   447.4   549.5   958.1  1563.8  94315.0    94577
read      289.4    76.3   101.3   166.9   183.9   295.9   326.3   341.8   353.1   366.3   382.4   403.3   454.9   535.2  1234.8  25130.0    25009
read      275.2   141.6    86.8   140.1   154.0   247.5   306.3   338.2   360.1   384.4   414.8   464.4   661.1  1848.6  2913.4  98634.0    98952
read      277.1   110.7    86.8   142.1   156.4   264.3   324.4   352.3   370.5   390.7   414.5   449.7   526.7   688.7  2097.4  61405.0    62113
read      261.2   101.2    86.8   136.7   149.8   239.1   298.6   330.0   350.7   374.0   401.2   441.7   531.6   774.0  1153.2  90004.0    90099
read      281.7   126.5    86.8   143.7   158.9   271.1   329.6   355.9   372.6   392.2   415.3   449.4   528.1   690.4  4166.0  54205.0    54206
read      294.3   155.5    93.8   157.2   173.7   294.5   336.9   357.4   371.2   387.4   404.3   433.2   499.9  1237.4  8853.1  36425.0    36396
read      279.6   127.2    93.8   142.5   156.6   265.7   327.6   355.8   374.5   395.3   420.0   455.9   535.8   694.9  2176.2  61446.0    61074
read      273.1   114.6    86.8   138.2   151.7   254.2   316.4   345.4   365.7   388.4   415.8   457.2   564.4   969.2  2197.7  70874.0    70494
read      288.1   144.8    93.8   150.8   165.8   285.9   335.8   358.2   372.7   389.4   407.9   436.1   502.0   828.1  6229.6  44514.0    44168
read      280.5   103.1    93.8   144.3   158.9   272.0   329.7   356.3   373.1   392.5   415.5   449.6   520.4   676.9  1042.6  57100.0    57463
read      276.2   108.1    86.8   140.7   155.0   264.4   324.5   352.1   369.9   390.1   413.9   448.3   513.4   712.8  2032.5  60574.0    60314
read      272.7   176.7    86.8   139.9   153.9   244.0   299.2   330.0   351.3   375.5   404.7   453.1   611.7  2593.1  4944.1 104869.0   105044
read      275.5   106.4    93.8   140.6   154.6   261.4   322.4   350.4   369.4   389.9   413.7   449.7   529.4   970.5  1611.0  63926.0    63992
read      275.0   103.9    86.8   141.0   155.1   260.1   322.3   351.0   369.9   390.3   414.1   450.3   531.7   774.7  1152.1  64807.0    64734
read      289.2    99.1    93.8   155.4   171.3   292.7   336.1   355.6   368.5   383.8   401.3   429.4   489.3   621.7  2944.5  38709.0    38524
read      283.2    88.3   101.3   165.4   182.2   289.0   318.0   332.2   341.4   352.8   367.7   391.4   437.1   884.6  1702.7  23365.0    23279
read      266.9   125.8    93.8   139.2   152.6   242.8   301.6   333.9   355.2   378.4   406.5   450.6   561.9  1026.4  5149.2  96077.0    96010
read      272.1   102.0    86.8   140.1   153.9   256.3   317.8   345.9   365.1   386.4   411.5   449.7   534.6   691.0   986.0  68732.0    68478
read      271.3   115.8    93.8   139.2   152.8   253.9   314.9   343.5   363.1   384.6   409.7   448.6   539.5   774.9  2371.2  71039.0    71493
read      284.5    93.0    93.8   154.2   169.7   286.7   330.1   350.2   363.9   378.7   397.3   424.7   477.9   593.7  1442.3  39878.0    39521
read      269.0   107.1    86.8   138.7   152.2   251.2   311.6   340.9   360.9   382.8   408.3   446.4   535.8   800.5  1476.1  73261.0    73637
read      284.8    97.6    93.8   149.4   165.0   283.2   333.3   355.9   371.0   388.4   407.7   436.1   501.6   670.8  2222.5  46117.0    46296
read      287.1    74.9   109.4   166.1   182.5   294.3   324.9   340.0   350.2   362.9   376.2   399.2   450.1   616.3  1052.4  25889.0    25879
read      273.9    63.8   109.4   176.3   194.3   274.4   297.6   310.9   319.2   331.0   343.9   366.7   412.7   696.7  2103.4  11825.0    11714
read      319.4   244.9    93.8   145.6   161.0   267.4   330.1   365.5   391.6   424.8   475.0   628.6  1389.6  2491.9  6869.8  88377.0    89519
read      276.4   120.4    93.8   140.2   154.6   258.5   321.1   350.8   370.3   391.5   416.8   455.6   553.0   895.9  2946.0  70555.0    71339
read      283.7   142.0    86.8   145.4   160.0   269.1   329.1   356.4   374.3   394.9   419.2   454.4   539.2  1063.7  4953.1  63155.0    63633
read      285.6    70.9   109.4   171.3   188.4   287.8   316.7   332.4   342.7   356.1   371.6   397.9   452.9   543.5   950.2  19109.0    18929
read      314.0   170.4    93.8   146.1   161.0   283.6   350.5   390.1   420.5   459.9   511.8   587.1   780.7  1091.8  5839.9  69654.0    69661
read      263.5    91.1   127.6   175.4   190.5   261.4   282.6   293.3   301.5   311.9   323.2   343.0   399.7   935.9  4442.2   8724.0     8686
read      292.2    82.5   109.4   168.3   185.1   294.6   326.8   343.2   355.8   369.7   389.1   417.4   477.0   654.6  2187.0  20782.0    20828
read      308.4   182.6    86.8   142.0   156.6   275.6   342.6   380.7   409.6   446.6   495.4   569.9   783.1  2508.6  4077.3  69119.0    68811
read      317.5   331.2    80.4   143.6   158.6   257.1   315.0   346.9   370.9   398.9   436.9   519.6  1754.9  3661.2  7806.2 108358.0   108532
read      271.6   131.2    86.8   141.7   155.5   247.8   305.6   337.0   358.4   381.9   410.2   454.5   574.1  1382.3  3118.4  97036.0    96969
read      286.4   103.7   109.4   168.3   185.1   288.7   318.2   333.8   343.9   357.5   372.5   398.3   460.9   574.5  5240.8  21832.0    21773
read      328.3   237.7    93.8   145.3   160.8   268.8   333.0   371.2   401.3   443.7   524.2   730.0  1355.2  2530.1  2969.0  90452.0    90731
read      283.4   166.1    93.8   142.5   157.1   264.4   327.7   355.7   373.9   395.1   421.2   461.9   594.7  1163.6  9556.0  64238.0    63998
read      275.8   101.9    86.8   141.3   155.4   261.3   324.3   353.2   371.8   392.6   417.2   452.4   521.0   639.0   858.4  64670.0    64446
read      295.1    94.0   101.3   163.8   179.9   301.7   338.6   356.2   367.7   381.1   397.3   422.2   471.7   723.3  2927.5  31767.0    32180
read      272.5   135.7    86.8   139.5   153.3   253.2   313.9   344.1   365.0   387.5   413.6   451.8   536.9   807.9  5006.9  75726.0    75461
read      282.5   127.2    86.8   147.3   162.5   276.1   330.7   354.6   370.1   387.6   406.8   436.2   501.7   667.3  5362.0  51611.0    51464
read      291.4   119.5    93.8   151.2   166.2   289.0   341.5   363.9   378.4   395.0   415.7   446.4   514.5   990.6  3797.7  47245.0    47445
read      270.6    87.0   118.1   173.7   189.7   271.3   294.4   307.3   315.8   326.0   339.2   360.7   404.2   862.5  3167.9  12684.0    12315
read      342.1   385.7    86.8   143.5   159.1   265.6   324.6   358.8   384.5   416.7   465.5   621.3  2442.4  3719.4  7926.9  98561.0    98965
read      273.1   160.1    86.8   139.7   153.1   252.5   315.4   344.9   364.9   386.5   411.6   449.1   534.1   755.5  6670.2  71682.0    71412
read      285.3   106.6    93.8   149.8   164.9   282.2   331.0   353.1   368.1   385.3   404.3   435.8   514.9  1202.3  2361.9  44709.0    44818
read      276.8   120.0    93.8   141.8   155.7   261.8   322.8   351.5   370.3   390.8   414.9   450.6   528.6  1031.4  4423.2  64855.0    65032
read      268.0    57.2   109.4   176.1   192.8   269.0   290.6   302.2   311.0   319.8   334.5   355.1   402.3   590.8  1099.7  10084.0    10162
read      305.4   114.9    86.8   151.4   167.1   296.5   351.8   380.5   401.4   427.8   461.1   509.0   608.7   774.3  1214.2  46457.0    46718
read      288.3   141.7    86.8   140.4   154.7   258.9   322.2   355.9   379.1   405.5   445.1   518.9   779.7  1273.5  2147.6  81604.0    81555
read      268.7   114.5    86.8   140.4   154.2   247.5   305.8   336.9   358.4   381.7   409.1   451.8   544.5   794.9  3973.6  93000.0    93247
read      290.6    98.0    93.8   152.8   168.7   290.9   340.2   362.6   377.0   393.4   412.7   439.1   506.3   693.4  1976.3  44011.0    44331
read      278.7   120.2    93.8   141.4   155.8   261.4   324.8   354.6   374.3   396.2   422.3   460.2   542.7   752.4  3795.4  68313.0    68373
read      271.9   112.1    86.8   141.6   155.6   250.7   309.6   340.8   361.8   384.8   412.4   455.6   551.3   937.2  2804.3  99510.0    99824
read      271.6    71.8   118.1   173.3   189.8   272.5   296.5   309.8   318.2   329.0   341.1   361.7   406.5   881.4  2850.0  12882.0    13056
read      303.7   150.2    86.8   141.5   155.9   276.5   340.8   377.4   403.8   438.2   486.1   560.4   745.4  1596.0  2030.0  65834.0    65920
read      304.6   173.2   101.3   162.0   177.7   298.7   338.5   359.6   373.6   392.3   415.1   452.1   554.8  2705.6  7041.2  28869.0    28566
read      296.9    92.1   109.4   166.2   183.4   297.5   334.5   353.1   366.8   382.6   401.2   431.9   497.4   942.0  1814.1  25145.0    25078
read      310.2   218.2    86.8   142.4   157.1   259.7   321.9   356.8   383.1   415.5   466.8   639.9  1273.7  2139.1  3127.3  88757.0    88903
read      271.0   111.1    86.8   142.5   157.3   249.7   304.0   334.2   355.4   379.6   409.5   456.7   571.3  1064.9  1953.5 108674.0   108661
read      273.3   104.8    86.8   139.6   153.8   258.4   321.9   349.6   368.6   389.0   412.5   446.7   519.2   655.2  2118.0  65062.0    64992
read      267.9   105.5    86.8   138.1   151.0   246.8   311.1   341.7   362.1   384.6   410.9   450.7   539.1   741.1  1905.7  77380.0    77433
read      281.0   115.4   118.1   172.4   189.0   283.0   309.3   322.5   332.9   343.3   359.1   381.8   433.3   842.9  3413.9  15947.0    15971
read      285.3    74.1   118.1   172.6   189.9   287.8   315.6   330.3   340.3   352.3   368.3   394.5   451.1   621.1  2087.6  16883.0    16899
read      307.9   231.2    86.8   142.9   157.7   263.0   327.8   362.5   386.9   416.7   462.4   579.6  1129.5  2523.5  7269.4  84340.0    84638
read      293.5   110.5   101.3   161.4   177.5   298.3   339.6   358.6   370.7   385.4   401.2   427.2   475.3   562.9  1811.0  35367.0    35480
read      270.4   146.3    86.8   140.5   154.5   247.0   303.6   334.5   355.6   378.6   405.9   451.9   565.8  1418.9  6513.9  96938.0    97273
read      270.2   107.5    86.8   138.9   152.6   250.6   313.3   343.9   364.4   386.6   412.6   451.8   538.8   742.2  1197.3  79067.0    79139
read      289.6    82.9   101.3   168.9   186.0   296.7   327.4   342.0   352.5   364.5   378.0   400.4   450.2   540.5   999.4  25177.0    25297
read      268.6   112.1    86.8   140.3   154.5   246.6   303.6   334.6   355.6   379.4   407.2   451.6   557.4   934.5  2333.7 101478.0   102339
read      270.4   103.4    86.8   139.9   153.8   254.2   316.5   345.7   364.4   384.6   407.2   440.7   511.7   678.2  1944.2  72276.0    72458
read      280.4   147.0    86.8   142.2   156.8   254.9   314.5   346.0   367.6   391.7   421.7   468.5   643.1  1746.8  4144.1  89957.0    90171
read      274.1   112.1    86.8   144.3   159.2   254.3   309.3   339.0   360.2   383.9   412.6   457.7   565.1   918.6  1909.9 108894.0   108648
read      286.3   103.0    86.8   147.5   163.0   281.7   338.0   361.6   376.7   394.1   415.3   446.4   517.4   776.8  2269.8  50107.0    50499
read      286.8   213.8    86.8   143.5   158.7   255.6   313.6   344.4   366.2   391.0   421.7   468.5   645.8  3456.1  7111.3 102839.0   103049
read      294.6    98.8    93.8   157.0   173.7   298.3   342.3   362.9   376.1   391.9   409.6   435.7   507.3   689.7  2782.9  39467.0    39793
read      297.2   158.1   109.4   170.8   187.7   296.9   326.4   341.2   352.3   366.4   384.2   411.0   493.6  1576.8  6706.6  21003.0    21064
read      299.9   122.5    93.8   152.9   168.4   294.7   344.3   370.0   388.2   408.2   434.5   481.3   577.8   804.2  2633.1  40166.0    40595
read      302.0   149.6    86.8   144.0   158.5   278.5   343.7   379.2   404.8   437.9   479.7   543.5   686.2  1023.4  1991.6  65999.0    66094
read      286.8    84.9   101.3   169.3   186.6   288.2   318.6   334.4   344.5   358.5   373.6   400.1   464.3   893.1  2786.1  19321.0    19325
read      279.6    97.5    93.8   172.8   189.3   277.8   304.2   317.8   328.0   339.3   354.2   377.6   470.2   923.3  4013.1  13878.0    13925
read      295.4   150.2    86.8   140.8   154.9   266.8   333.1   366.8   390.8   420.3   461.7   535.5   747.3  1492.2  2827.5  72183.0    72470
read      268.3   111.8    86.8   138.8   152.3   249.2   311.0   340.5   360.5   382.5   407.8   446.6   527.5   686.7  2311.7  73638.0    73495
read      266.0   101.9    93.8   139.6   153.0   244.8   305.0   336.3   357.4   380.2   406.7   446.0   530.4   740.7  1159.2  86639.0    86683
read      272.2   119.8    93.8   139.8   153.4   253.3   317.8   347.1   366.6   388.0   413.3   450.5   521.8   657.0  5252.0  69021.0    68819
read      292.7   107.6   101.3   165.1   181.8   296.4   331.4   346.7   359.1   371.6   389.2   413.5   470.5  1416.8  3189.2  27174.0    27253
read      272.7   147.8    86.8   142.5   156.9   248.8   304.7   335.6   356.8   380.7   410.7   458.5   585.5  1060.7  6194.2 104610.0   105279
read      286.5    74.7   109.4   168.1   184.9   292.5   321.8   336.7   346.1   359.2   372.6   396.8   444.0   548.0  1457.0  23618.0    23628
read      294.5   167.2    93.8   141.0   155.0   258.0   322.3   356.8   381.0   411.0   457.1   555.3   923.3  1479.3  2191.6  85510.0    86180
read      289.1    77.2   109.4   164.7   180.7   298.1   329.5   344.4   355.6   367.7   383.5   404.9   458.9   546.0   998.0  28329.0    28305
read      290.0    98.1    93.8   156.9   172.9   293.8   337.4   357.5   370.6   386.0   402.3   428.8   478.9   570.9  2121.2  39644.0    39975
read      292.6    94.4    93.8   156.7   173.2   297.1   340.1   360.2   373.3   389.2   405.8   433.5   502.2   697.3  1795.7  39379.0    39392
read      266.6   159.0   109.4   172.5   188.8   262.9   284.6   295.7   304.6   314.4   327.0   346.7   412.2  1591.1  7861.4   9215.0     9232
read      304.0   144.1    93.8   149.0   163.7   288.5   346.1   377.1   399.4   427.2   463.5   519.1   635.8  1525.1  3492.4  49766.0    50310
read      287.2   153.4    86.8   140.0   153.9   257.7   321.8   355.4   379.6   408.1   450.5   528.0   727.0  1167.6  5600.4  78622.0    78444
read      263.5   144.7    86.8   137.3   150.3   240.0   297.8   328.4   349.4   372.9   400.8   443.4   549.0   948.1  5957.4  92832.0    92684
read      289.8   122.3   101.3   159.7   175.5   294.4   330.7   347.7   361.1   374.5   393.5   420.4   473.6   970.2  4350.8  34290.0    33919
read      265.3    78.8   109.4   175.4   190.3   264.5   286.1   296.9   306.0   315.3   328.0   346.3   408.4   939.1  3240.3   9685.0     9652
read      294.0   142.5    93.8   143.6   158.6   264.2   328.0   362.2   386.8   416.9   458.8   536.9   761.6  1220.2  2305.3  84001.0    84235
read      270.0   116.7    86.8   139.5   153.3   248.4   307.2   338.5   359.7   383.2   411.6   454.9   555.2  1102.2  3539.3  89560.0    89236
read      292.1    91.2   109.4   161.6   177.1   298.6   337.8   355.8   367.7   381.5   398.1   424.1   471.1   634.1  1711.7  35345.0    35182
read      296.6    99.2    93.8   164.4   181.4   302.5   337.5   354.7   366.4   379.6   396.1   422.4   479.1   993.6  3630.3  30026.0    29868
read      277.8   169.4    86.8   140.5   154.6   262.0   324.4   352.7   371.4   392.3   417.4   453.9   525.6   705.6  8622.1  65165.0    65163
read      273.3    61.6   101.3   175.5   191.8   276.5   299.5   311.4   318.8   329.0   340.6   359.7   401.3   824.0  1273.7  12064.0    12137
read      304.6   149.0    86.8   145.1   160.4   281.4   344.9   379.5   405.3   439.3   486.3   552.4   686.0   940.3  4964.8  61622.0    61980
read      304.5   195.6    86.8   140.7   155.1   272.9   337.8   374.3   400.5   433.5   478.4   547.7   740.0  2738.4  4773.7  68708.0    68692
read      316.9   303.7    93.8   143.8   159.3   257.2   314.5   346.7   370.7   399.2   439.2   537.1  1688.3  3486.1  7822.0 107867.0   107979
read      286.2    92.8    93.8   151.8   167.1   285.8   335.6   358.1   372.7   390.0   409.4   436.2   489.7   564.6   734.8  45100.0    44697
read      287.5    78.1   118.1   169.9   186.9   291.6   321.5   336.2   345.5   358.6   372.4   396.9   451.2   627.3  2185.7  20864.0    21036
read      305.2   212.6    86.8   142.8   158.3   262.4   324.6   356.9   380.5   408.5   448.5   537.3  1299.5  2365.2  3633.8  89508.0    89648
read      290.9    95.6    93.8   155.8   172.2   294.5   338.4   358.7   371.9   387.6   404.0   431.7   490.1   601.2  1205.5  38211.0    38068
read      294.0   120.9   101.3   170.9   188.0   298.7   329.7   344.1   355.1   367.1   382.5   403.7   456.3   844.7  5631.2  23781.0    23853
read      275.4   115.8    93.8   142.3   157.1   254.3   312.5   343.4   364.8   389.1   418.6   462.1   587.9   927.8  1912.3  94759.0    94618
read      270.1   102.7    93.8   139.1   153.1   250.7   312.7   343.0   363.7   386.3   412.8   452.2   538.8   693.3   902.4  79327.0    79614
read      285.2    82.7   109.4   166.3   182.2   292.1   322.1   336.5   345.6   358.2   371.4   394.4   435.4   539.7  2892.3  24533.0    24378
read      277.2   137.1    86.8   139.5   153.5   251.6   314.7   346.3   368.0   391.5   420.4   465.2   626.7  1650.8  2871.9  84493.0    84735
read      275.0   198.6    86.8   141.6   156.0   252.0   312.8   343.6   364.6   387.8   416.2   459.3   557.0   992.6  5529.4  90485.0    90499
read      288.1    98.4    93.8   151.2   166.7   287.3   338.9   361.6   376.2   393.0   412.6   439.8   498.9   601.7  2263.2  46395.0    46515
read      285.6    90.3   109.4   169.9   187.1   290.4   317.8   331.9   341.1   352.4   367.1   390.2   451.5   770.3  5563.1  18930.0    18830
read      298.6   164.0    93.8   141.4   155.7   259.5   325.3   361.8   388.7   422.3   471.8   585.8   879.0  1545.3  3127.3  83138.0    83245
read      286.9    92.2   101.3   156.8   172.3   291.5   333.2   351.8   364.9   379.3   397.5   424.1   470.9   573.3  1829.8  38042.0    38103
read      267.2   105.4    86.8   137.9   151.0   246.2   309.5   340.1   360.5   382.4   407.8   448.8   547.4   830.2  1258.8  77807.0    78351
read      269.8   111.6   118.1   172.8   188.8   270.1   293.3   305.7   314.0   323.1   337.9   359.7   415.8   910.7  7204.2  11895.0    11883
read      295.5   154.3    86.8   142.6   157.3   261.2   325.1   360.1   385.3   415.3   457.7   546.4   849.6  1515.2  2664.8  82487.0    82546
read      284.2   109.8    93.8   148.1   162.8   277.7   334.1   358.8   374.5   392.7   414.1   444.9   506.9   658.7  3596.7  53435.0    53356
read      286.4    72.7   109.4   168.4   184.5   291.3   321.4   336.3   345.6   358.7   372.5   398.7   456.1   605.2   965.0  21432.0    21606
read      283.7   152.1   109.4   170.3   186.2   281.0   308.8   323.1   334.8   346.4   364.2   390.4   460.6  1655.9  8917.0  16397.0    16566
read      305.4   198.6    86.8   146.4   161.5   284.9   341.1   371.9   394.4   421.1   456.5   510.5   659.0  2803.4  7440.9  53416.0    53192
read      326.3   330.0    93.8   150.2   166.4   271.0   327.6   359.4   382.4   409.2   447.5   519.2  1850.3  3498.4  7854.9 109019.0   108883
read      250.8    61.3   109.4   169.3   182.3   251.3   271.4   282.1   289.4   296.7   310.1   328.3   377.6   921.0  1526.7   7531.0     7366
read      336.2   337.5    86.8   146.5   162.4   271.1   331.0   364.7   389.6   420.7   467.9   616.0  1808.6  3592.9  8114.2  94141.0    94850
read      289.5   175.6    93.8   144.9   160.4   261.3   321.3   352.6   373.6   397.9   429.0   481.3   693.7  2667.1  4163.2  93127.0    93630
read      272.0   106.8    86.8   140.2   154.1   254.3   316.8   346.1   366.1   387.7   413.0   450.9   531.4   690.4  1719.2  74177.0    74411
read      287.7    95.3    93.8   153.0   168.2   288.0   335.9   357.7   371.8   388.3   405.9   434.3   497.1   631.0  1837.0  44509.0    44291
read      281.3    74.4   109.4   170.8   188.4   284.3   311.1   324.8   334.9   345.1   361.6   384.8   435.0   778.2  2234.2  18044.0    18140
read      310.8   187.8   101.3   149.9   164.4   293.7   347.9   377.6   398.4   425.2   461.7   521.8   682.8  3257.5  7578.8  46471.0    46406
read      284.4   143.8    86.8   139.9   153.8   258.6   320.5   352.2   374.2   400.1   434.0   500.3   727.5  1232.0  3135.2  76193.0    76568
read      273.2   101.8    93.8   140.4   154.5   257.1   319.7   348.9   367.8   388.6   413.0   449.8   529.1   694.4  1108.3  67320.0    67484
read      277.6   105.5    93.8   142.2   156.3   260.5   323.0   352.8   372.6   394.2   421.3   462.1   548.5   747.1  1158.8  70118.0    70037
read      292.7    79.6   101.3   166.7   183.4   300.4   333.5   349.5   361.2   373.0   390.5   414.1   464.4   547.2  1753.4  28469.0    28245
read      274.5   115.0    86.8   142.5   156.9   251.4   310.1   340.6   362.4   387.1   417.4   464.6   603.9  1027.8  1430.2  96217.0    95855
read      274.0   146.0    86.8   140.0   153.9   247.5   307.3   338.2   359.9   384.4   415.1   464.0   623.4  1837.8  4574.5  94543.0    94882
read      279.7    92.3   109.4   173.6   188.6   280.2   305.6   318.3   328.4   339.8   355.0   377.4   439.5  1037.5  3894.8  15862.0    15781
read      291.0   145.9    86.8   140.9   155.0   263.0   326.6   361.2   385.6   414.6   454.8   529.7   716.5  1453.6  3182.5  76964.0    77465
read      282.3    89.8   109.4   172.1   189.1   284.8   310.6   323.5   333.9   344.3   360.6   384.0   436.2   853.0  4469.3  17955.0    18000
read      343.4   384.9    93.8   142.4   158.0   262.0   321.4   357.0   383.2   415.9   467.5   705.4  2176.5  4072.1  8076.8  98968.0    99573
read      268.8   153.6    86.8   139.6   153.1   243.6   301.4   332.8   354.6   378.7   407.6   454.5   583.0  1102.2  8144.6  99579.0    99265
read      274.7   106.6    86.8   142.3   156.3   254.7   317.5   347.7   368.6   392.0   420.0   460.6   548.6   731.0  1182.6  75329.0    75628
read      289.5    98.6   109.4   169.9   186.5   290.9   322.0   337.6   347.6   362.1   378.2   403.6   470.4   852.8  4058.7  21280.0    21273
read      350.1   354.3    86.8   150.2   167.0   280.6   340.9   374.8   400.3   432.6   481.2   631.8  1956.6  3668.1  7902.3  98928.0    99065
read      277.2   100.2    86.8   142.8   156.9   264.5   327.0   354.5   372.4   392.7   416.3   449.2   510.8   629.6   969.4  63132.0    62986
read      275.9   115.7    93.8   140.5   154.9   257.5   318.7   348.3   368.4   390.7   417.6   458.9   577.6   939.6  2136.5  71043.0    71174
read      289.0    82.5   109.4   166.2   182.9   296.9   327.9   342.8   353.9   366.2   381.4   402.6   452.1   545.0  2261.1  26517.0    26304
read      271.4    76.9   118.1   172.3   188.2   273.9   295.5   308.4   316.9   327.9   341.3   362.4   403.9   880.9  2737.5  13266.0    13354
read      299.6   128.8   101.3   156.8   172.5   295.5   341.1   365.6   382.7   401.0   427.1   466.3   550.4   814.8  6209.4  35260.0    35658
read      304.0   112.8    93.8   156.2   172.3   297.7   346.7   373.6   392.5   414.1   442.3   488.3   585.1   833.9  3772.6  39657.0    39892
read      285.7    83.8   109.4   178.9   197.9   284.2   311.1   325.2   335.3   345.5   363.2   389.1   465.2   911.6  3056.8  14650.0    14874
read      303.9   156.2    93.8   145.2   160.5   275.5   340.8   374.2   399.1   430.5   474.3   555.6   782.9  1345.4  2538.4  71523.0    71766
read      267.6   111.6    86.8   141.9   156.3   246.3   301.2   331.1   352.1   375.2   404.3   448.2   546.4   965.9  1982.9 107152.0   106924
read      278.6   118.7    93.8   143.6   157.9   260.1   322.4   351.3   371.1   392.6   418.1   455.6   545.6  1121.0  2872.5  69662.0    69312
read      294.1    81.9   109.4   172.6   189.0   295.7   327.9   343.8   356.2   369.7   388.6   416.8   487.9   815.2  2020.2  23311.0    23069
read      310.3   148.6   109.4   164.9   182.1   304.6   349.1   371.7   387.7   404.2   428.7   466.1   575.5  2237.4  4021.9  31647.0    31532
read      408.4   595.2    86.8   152.1   170.2   285.1   343.0   379.2   407.0   446.6   506.5   827.9  3407.4  6941.8 12525.2 106332.0   105945
read      269.2   107.4    86.8   141.8   156.1   248.7   305.3   335.3   356.0   379.1   406.9   449.5   547.0   840.0  2517.4 100544.0   100442
read      262.3   126.8   118.1   176.4   192.8   258.9   277.5   289.2   296.5   306.6   317.2   337.3   386.8  1278.7  5667.8   7102.0     7075
read      296.6   108.5   101.3   169.9   186.5   295.3   328.5   345.5   359.0   372.9   393.4   424.9   507.9  1601.4  3130.4  21258.0    21318
read      392.8   477.9    86.8   150.2   167.8   285.0   344.7   381.7   410.5   452.5   526.6  1162.3  2877.4  4536.6  8014.8 104271.0   104020
read      274.9   125.2    86.8   142.0   156.3   253.0   315.5   347.0   367.7   390.9   418.6   458.4   547.0   925.2  4258.4  78400.0    78635
read      285.7    96.4    93.8   153.9   169.2   283.9   333.0   355.4   370.3   387.3   405.5   434.1   495.7   593.1  1938.7  46506.0    46764
read      266.9    64.2   118.1   177.3   194.6   266.4   288.0   299.2   308.2   317.2   330.4   346.8   395.3   926.6  2201.6   9897.0     9723
read      278.1    80.0   109.4   177.9   195.9   279.2   303.2   315.9   325.1   336.8   349.9   371.7   424.9   608.2  1076.0  12994.0    13017
read      303.6   113.8    93.8   154.0   169.0   295.9   348.3   374.6   394.1   417.8   450.5   500.4   606.2   890.6  1935.3  40372.0    40662
read      302.2   111.9   101.3   158.5   174.4   299.1   344.5   368.8   385.9   404.2   431.6   471.1   566.7   855.3  2902.1  34538.0    34465
read      304.2   169.4    93.8   149.2   163.8   288.1   344.7   372.9   393.7   419.1   454.1   506.1   633.9  2876.4  4304.5  47099.0    46730
read      311.2   163.9    86.8   142.9   157.9   277.3   346.9   385.5   415.9   457.4   511.7   596.2   801.0  1235.5  3464.3  73066.0    73264
read      290.5   142.8    93.8   144.2   159.1   262.9   327.5   360.0   382.0   406.6   438.8   498.6   753.8  1412.0  2785.3  79360.0    79688
read      284.7   143.8    86.8   146.7   162.4   262.8   318.7   348.8   369.8   394.4   425.5   473.0   603.6  1493.9  5011.0 109320.0   108967
read      283.5   100.6    93.8   145.2   160.6   275.0   336.0   362.1   378.6   396.6   419.0   450.9   511.3   651.9  1512.9  56037.0    56343
read      291.6    99.1    93.8   153.5   169.6   292.9   342.0   363.4   377.3   393.5   412.7   438.8   500.2   601.9  1741.6  41811.0    41842
read      288.0    75.9   118.1   168.8   185.8   292.0   321.7   337.3   347.2   361.7   377.4   402.7   462.1   558.8   943.4  20051.0    19881
read      252.5    65.1   127.6   172.2   185.0   250.7   270.7   281.7   289.6   297.5   311.5   331.5   387.7   928.3  1941.8   6300.0     6107
read      300.1   104.6   101.3   154.8   170.3   295.8   344.8   370.5   388.5   408.3   434.6   478.2   573.9   774.0  1115.4  38300.0    38731
read      294.4    94.5   101.3   159.7   175.1   293.8   335.9   357.3   371.6   389.7   411.3   447.0   522.9   739.1  1809.5  30949.0    31156
read      291.9   154.2    93.8   139.4   153.3   257.5   322.8   357.6   382.0   412.0   460.0   550.5   807.0  1600.5  2518.6  79869.0    79889
read      288.2   105.2    93.8   162.3   178.5   293.0   328.8   345.4   357.9   370.7   387.9   409.9   463.6   735.9  4039.6  32120.0    31951
read      268.9   114.2    80.4   141.5   155.9   246.7   302.4   332.2   353.1   377.6   406.8   452.5   563.4  1124.1  1961.2 105046.0   105358
read      265.6   123.8    86.8   140.3   154.1   243.2   298.3   328.7   349.5   372.8   400.8   445.1   549.5   990.7  3125.5 104456.0   104834
read      268.6    66.2   109.4   173.5   189.3   269.5   291.8   303.9   312.5   321.1   336.4   358.4   418.9   965.5  1270.9  12659.0    12457
read      284.0   125.6    86.8   140.6   154.7   260.7   324.2   356.4   378.1   402.7   435.2   495.4   656.6  1098.0  1735.9  72395.0    72818
read      289.4   119.6    93.8   152.8   168.3   288.1   336.3   357.9   371.8   387.7   404.1   433.1   497.9  1664.8  3385.5  44778.0    44775
read      272.2   100.5    86.8   140.2   154.1   256.8   318.2   346.0   365.7   386.9   411.3   447.5   526.9   686.4   810.3  68672.0    68489
read      282.2   107.5    93.8   146.7   161.6   276.3   331.5   355.9   372.1   390.1   410.6   440.4   506.9   692.0  3807.7  52495.0    52510
read      280.7   115.6    93.8   143.2   158.6   261.1   321.1   352.1   373.8   398.0   427.8   471.4   575.1   767.9  3133.5  84730.0    84955
read      277.4   118.6   118.1   170.6   186.9   277.5   302.5   314.9   323.3   335.1   347.0   371.0   432.1  1088.5  4671.1  14438.0    14282
read      294.8   175.4    86.8   142.0   156.5   256.1   318.7   353.8   379.2   410.7   456.7   559.5   874.2  1861.5  5323.6  86803.0    87096
read      271.3   150.3    86.8   139.5   153.2   245.8   305.1   336.8   358.7   383.0   412.5   457.4   580.7  1856.8  2928.5  90294.0    90273
read      295.1   149.2   101.3   164.2   180.1   298.5   333.9   350.4   362.2   374.0   392.3   417.8   469.5  2430.9  5814.3  31388.0    31352
read      283.6    79.3   109.4   172.2   188.8   289.7   315.9   329.2   338.2   347.5   363.0   383.4   426.4   572.1  3783.6  19550.0    19469
read      254.0    82.1   118.1   170.8   182.9   251.7   273.2   285.1   292.8   302.6   315.1   335.2   391.2  1177.7  3061.7   7122.0     7075
read      293.3    98.6   101.3   157.5   172.2   292.7   338.7   360.9   375.4   392.8   413.6   447.0   523.6   678.1  2076.9  35074.0    35529
read      290.7   139.7    86.8   142.5   157.2   261.1   325.3   359.9   384.1   412.9   453.4   531.4   744.2  1092.6  2129.9  84286.0    84543
read      281.2    71.0    93.8   169.3   185.5   287.2   313.7   327.5   337.0   346.6   362.1   382.0   426.5   502.8  1190.1  19832.0    19670
read      290.1    84.6    93.8   159.6   175.6   295.9   336.3   355.4   367.7   381.9   398.4   424.0   470.9   571.1   835.7  35846.0    35779
read      278.9   152.0    93.8   141.3   155.7   255.5   317.4   348.7   369.6   392.7   420.3   460.5   565.2  2130.7  4889.3  80477.0    80767
read      277.2   112.7    86.8   144.0   158.6   257.4   319.1   350.5   371.2   394.5   422.1   461.2   545.4   748.9  3064.2  84032.0    84436
read      275.3   117.2    86.8   142.2   157.0   252.4   309.9   340.8   362.6   386.9   416.6   463.1   605.2  1207.8  2239.8 102711.0   102570
read      278.1   136.6    93.8   142.2   156.4   261.9   323.8   352.4   371.3   392.4   417.3   453.1   531.1   721.9  5725.4  64808.0    64539
read      283.8    69.6   101.3   169.3   186.1   290.0   317.5   331.7   341.1   352.3   366.6   389.0   433.2   542.6  1011.9  20934.0    20695
read      293.5    95.2    93.8   164.5   180.5   299.7   335.3   352.1   364.1   377.0   395.3   422.1   469.7   608.3  3882.6  28804.0    29052
read      279.6   110.8    86.8   146.0   161.7   259.1   315.5   345.2   366.5   391.1   421.6   467.1   591.2  1026.1  1687.0 109545.0   109606
read      271.1   114.6    86.8   140.2   154.2   248.9   311.1   342.6   364.1   387.6   415.4   456.0   547.3   750.1  3785.3  86459.0    86574
read      293.0    80.8   109.4   168.0   184.7   300.2   332.0   346.9   358.4   370.0   386.5   408.3   463.9   890.4  1438.2  26550.0    26386
read      294.1   113.3   101.3   165.0   181.1   299.0   335.0   352.2   364.0   376.4   394.6   420.0   467.7   625.0  4396.7  30081.0    30300
read      281.7   114.2    93.8   144.0   158.9   262.2   325.0   356.3   377.5   400.8   428.6   467.9   563.9   869.0  2263.6  79119.0    79261
read      281.5   125.6    86.8   144.4   159.4   262.9   325.7   356.7   377.2   399.5   427.1   464.4   543.4   765.7  5618.5  72854.0    72798
read      293.1    77.5   109.4   170.5   187.4   300.1   331.5   346.2   357.5   368.9   384.3   403.8   457.7   616.3   989.6  23882.0    23763
read      295.9   136.0    93.8   154.4   170.6   295.7   344.7   367.6   382.9   399.3   420.3   449.1   506.3   693.4  5451.3  45017.0    45061
read      286.0   111.7    93.8   146.8   161.7   276.0   335.9   363.2   381.2   400.9   424.7   457.8   527.8   695.7  2578.8  57471.0    57867
read      290.5   115.5   101.3   164.4   180.5   295.3   329.0   344.7   356.5   368.8   385.0   404.6   458.6  1421.9  3807.7  28750.0    28765
read      286.8   141.3    86.8   147.4   163.3   264.8   321.8   353.0   374.7   399.2   430.6   482.4   628.3  1273.1  2518.6 104755.0   105615
read      286.0   125.9    86.8   148.4   164.1   265.1   320.2   350.7   372.3   397.4   428.2   476.4   611.6  1185.1  3352.3 109624.0   109800
read      274.0   129.2    86.8   140.5   154.5   249.0   310.2   341.1   362.3   386.4   415.6   459.6   610.1  1305.3  3944.6  92631.0    92474
read      276.8   119.8    93.8   142.5   157.2   260.4   323.7   352.5   371.4   392.6   417.6   453.2   525.7   684.0  1890.3  69418.0    69536
read      283.5   116.4    86.8   148.1   163.6   263.7   318.9   348.7   370.4   394.7   425.4   471.1   592.9  1099.0  2430.0 108580.0   108847
read      291.6   107.9    93.8   157.5   173.1   296.3   338.6   358.6   371.7   387.3   403.7   431.1   484.6   559.8  4204.4  37773.0    37648
read      280.9   170.3    93.8   141.8   156.4   253.7   312.6   343.2   364.9   389.1   418.9   466.1   637.2  2412.1  5722.8  98605.0    98797
read      276.5   122.7    86.8   140.2   154.6   257.2   320.6   350.7   370.5   392.8   419.1   456.6   545.1  1284.2  3301.8  71916.0    71781
read      288.7   101.2    93.8   150.5   166.4   287.8   339.1   361.8   376.5   393.7   414.2   444.0   507.0   643.8  1266.7  45301.0    45034
read      291.2    94.6    93.8   170.8   187.9   296.0   325.2   340.0   350.2   363.0   376.7   400.0   455.6   923.5  2907.8  22998.0    23060
read      278.8   116.4    93.8   144.6   159.9   257.7   315.5   346.0   367.3   391.6   421.7   465.8   584.1  1213.0  2510.6  99034.0    99559
read      272.4   121.4    86.8   138.5   152.3   251.7   314.7   345.8   366.6   389.4   416.6   456.8   548.8   770.8  4006.0  78707.0    78907
read      281.1   151.9    86.8   143.6   158.8   256.0   312.7   343.7   365.7   390.8   421.8   468.8   632.0  1568.4  5085.3 109563.0   109987
read      281.1   158.0    93.8   142.8   158.1   257.0   315.9   346.3   368.0   392.7   423.2   468.1   593.7  2042.9  5487.6  96399.0    96463
read      276.7    76.3   109.4   173.1   190.0   278.3   302.6   315.2   323.9   335.6   347.7   372.0   427.0   887.0  3116.8  14456.0    14541
read      303.6    99.7   101.3   163.6   180.1   303.6   346.7   368.8   384.2   400.9   423.6   457.5   533.7   776.6  2119.0  29913.0    30227
read      379.4   510.5    93.8   154.8   173.2   285.8   343.0   377.0   402.5   435.1   484.3   600.5  3416.3  5372.1  8053.0 108640.0   109068
read      270.2   118.0    93.8   139.4   153.2   249.9   313.1   343.7   364.1   386.3   412.3   450.8   532.3   698.0  3935.3  74518.0    73889
read      269.8   104.5    86.8   139.8   153.2   248.7   312.0   343.6   364.6   387.4   414.2   454.0   537.2   738.0  1633.3  81136.0    80825
read      267.9   130.7    86.8   141.0   155.0   245.2   301.7   332.6   353.8   378.1   405.9   449.9   554.0   866.4  5253.8 101753.0   101968
read      291.0    79.8   101.3   165.8   182.0   298.6   332.2   348.0   359.7   371.5   388.2   409.0   453.0   652.4  1895.0  28191.0    28070
read      269.3   123.4    86.8   139.1   152.8   246.0   307.3   339.6   361.9   386.2   414.9   457.9   552.9   828.8  1725.6  87966.0    88127
read      266.8   108.4    86.8   138.7   152.3   243.2   302.8   334.7   356.5   380.6   408.7   452.2   571.5   901.3  1473.9  93048.0    93037
read      265.9   104.2    86.8   139.0   152.2   243.6   305.2   337.6   358.9   382.3   409.7   448.8   531.8   746.6  2325.4  85725.0    85313
read      287.7    92.8    93.8   152.9   168.7   289.1   337.6   358.6   372.0   388.2   405.4   433.4   491.8   618.1   925.0  42643.0    42639
read      265.8   128.0    86.8   138.3   151.7   242.6   301.3   333.2   354.5   378.4   407.3   449.6   540.7   910.0  4016.6  89126.0    89688
read      269.6   104.9    93.8   138.7   152.2   248.9   310.9   342.1   363.1   386.2   413.4   453.8   548.6   783.5  1215.5  77152.0    77922
read      290.6   180.6   101.3   152.4   167.8   287.5   337.5   358.4   371.7   387.4   403.7   433.3   497.0  1934.4  8481.5  43714.0    43434
read      271.7   145.7    86.8   140.5   154.8   246.6   302.7   333.7   355.0   379.5   409.0   455.7   596.6  1714.6  3633.1 104710.0   105109
read      260.9   106.4    86.8   139.5   152.7   238.2   294.1   325.2   346.3   369.9   397.7   436.9   532.1   758.1  3022.9 103706.0   104178
read      267.1   117.6    86.8   140.3   154.0   243.4   299.7   330.3   351.6   375.7   404.3   450.7   578.1  1283.9  2487.1 103863.0   103636
read      289.0   107.3    93.8   160.7   176.2   294.1   332.2   350.3   362.6   375.0   393.4   419.3   468.7   549.7  5370.0  34128.0    33841
read      274.3   112.3    86.8   141.0   155.0   257.2   320.0   349.0   368.0   388.8   412.9   448.8   531.3   838.0  3834.0  65137.0    65328
read      280.4    97.4    93.8   145.0   159.8   273.6   331.8   356.3   372.0   390.7   412.4   443.5   504.6   622.1   919.6  53916.0    53849
read      273.0    63.2   109.4   174.3   189.9   275.2   298.3   312.2   320.9   332.8   344.8   367.5   415.3   822.1  1343.3  14178.0    14112
read      300.9   145.2    86.8   141.2   155.6   276.7   340.2   375.2   402.5   435.7   482.1   550.8   699.2  1092.5  3883.8  64909.0    65229
read      285.3   161.8    86.8   137.4   151.5   257.6   321.2   352.6   374.1   398.9   431.9   499.0   743.1  2185.3  3455.3  75089.0    74794
read      270.8   151.1    86.8   136.5   150.7   251.4   312.1   341.6   361.7   383.7   409.6   449.0   542.6   827.5  7774.9  76248.0    76657
read      270.0   113.9    93.8   138.6   152.5   249.0   309.5   340.1   360.9   383.8   410.9   453.2   558.9   969.5  2321.0  92451.0    92562
read      265.2   109.3    86.8   135.4   148.8   247.0   309.1   340.0   359.3   379.5   403.1   439.4   522.8   691.3  1973.2  79528.0    79594
read      288.2   127.1    86.8   146.5   162.7   267.7   323.5   353.0   373.5   398.8   431.6   486.2   638.1  1292.5  2575.2 106810.0   106208
read      265.8   131.9    86.8   136.7   150.3   242.8   302.3   333.3   353.4   375.6   402.7   443.9   544.4  1546.6  3460.5  94563.0    94770
read      280.3    69.1   109.4   168.2   186.1   285.0   311.6   324.8   334.7   344.6   360.3   382.6   446.4   651.1   950.1  19120.0    19122
read      277.2   108.7    93.8   140.8   155.6   267.1   326.0   352.4   370.5   390.5   413.5   446.3   517.7   660.1  2269.3  60231.0    60408
read      269.5   111.6    86.8   140.4   154.4   248.4   306.2   337.2   358.1   381.2   408.2   450.9   546.1  1085.7  2499.9  98125.0    98371
read      279.7   111.9    93.8   143.9   158.9   266.7   327.6   355.5   373.6   393.5   416.5   448.5   513.2   806.8  2868.9  61172.0    61350
read      273.5   108.9    86.8   140.0   153.8   253.2   316.3   347.3   368.3   391.2   418.4   458.6   556.8   844.3  1763.7  78751.0    78813
read      246.3   105.3   118.1   167.8   179.8   242.1   261.6   270.9   277.5   287.0   296.6   316.9   404.1  1699.0  4911.3   5730.0     5604
read      299.8   163.2    86.8   143.1   157.4   264.4   329.9   364.4   390.5   423.2   469.2   572.3   860.6  1550.7  3571.4  79790.0    81210
read      270.9   103.9    86.8   140.3   154.1   252.6   314.8   345.0   365.1   387.3   413.5   450.1   522.1   651.5  1837.0  73501.0    73960
read      287.7    75.9   101.3   165.7   181.5   294.9   328.7   344.3   355.6   367.5   382.9   403.4   447.9   507.1   999.4  27775.0    28059
read      250.6    65.2   118.1   169.2   182.4   251.5   271.2   281.6   288.9   296.2   309.0   325.2   368.7   923.9  2270.9   5956.0     6090
read      308.2   147.8    93.8   146.5   161.2   282.4   347.3   382.1   407.9   438.9   485.4   562.6   754.5  1280.9  3047.8  63902.0    65353
read      282.1   110.0    93.8   145.4   160.8   273.5   331.8   357.7   374.7   394.0   416.6   448.0   509.4   641.7  3167.4  55414.0    55646
read      277.9   147.5    86.8   141.4   155.8   255.7   319.5   350.4   371.2   394.2   421.1   459.8   546.8  1149.9  4952.9  75630.0    75470
read      277.3   123.2    86.8   144.4   159.6   255.8   313.3   343.2   364.6   388.7   417.7   461.4   583.9  1034.5  3651.7 101182.0   101368
read      280.4    71.7   109.4   170.2   186.2   286.1   312.7   326.1   335.7   345.3   360.3   378.9   424.9   629.1  1017.5  20362.0    20305
read      276.0   159.9    93.8   142.1   156.8   251.3   309.0   339.8   361.0   384.7   413.6   458.2   586.8  2338.6  6833.8 101162.0   101317
read      275.3   112.1    86.8   144.1   159.2   254.7   310.7   340.7   361.9   386.0   415.5   460.2   572.7   999.3  2473.7 108755.0   108543
read      270.4   106.9    93.8   139.7   153.7   250.5   312.3   343.4   364.7   387.7   414.2   451.7   530.9   733.5  2283.3  80508.0    81018
read      269.4   111.4    86.8   141.6   155.8   247.2   303.9   334.7   355.9   379.7   408.4   451.5   557.2  1049.6  2070.8 105825.0   106524
read      285.8   124.6    86.8   147.3   162.4   280.8   336.1   360.6   376.5   394.6   416.3   446.8   504.9   622.0  4353.3  50809.0    50658
read      291.4   107.7    93.8   152.1   168.0   290.4   340.2   363.0   378.1   394.9   415.1   443.4   508.3   832.1  3673.3  43845.0    43791
read      275.8    98.4   118.1   171.1   187.8   277.8   302.9   315.8   325.0   336.2   347.9   369.9   418.4   919.6  3939.9  14366.0    14504
read      303.3   113.7    86.8   150.4   166.1   294.0   349.5   379.4   400.3   425.1   457.3   507.8   601.3   742.0  1213.3  47389.0    47555
read      298.1   140.9    86.8   142.1   156.6   273.0   338.6   374.3   400.6   432.4   472.8   541.1   688.9   937.3  3938.2  67699.0    67848
read      301.3   186.0    86.8   143.6   158.5   257.9   321.0   356.5   381.8   412.0   456.4   578.9  1064.0  1967.2  2760.7  93533.0    93337
read      271.4   136.9    86.8   138.8   152.5   247.9   308.7   340.4   362.1   386.1   414.5   456.6   566.0  1457.2  4911.0  82960.0    82735
read      268.9   104.3    93.8   139.2   152.8   247.1   310.3   342.5   364.0   387.4   414.6   454.5   536.5   718.5  1039.3  80013.0    79691
read      274.3   100.0    86.8   141.4   155.5   261.2   323.2   351.3   369.0   389.0   412.2   445.2   509.8   637.3   848.6  61588.0    61855
read      279.2   127.9    93.8   142.1   156.4   264.3   325.9   353.6   371.8   392.7   417.4   452.9   529.5   932.5  3533.9  60726.0    61378
read      292.4    92.5    93.8   165.7   182.0   300.1   333.0   348.2   360.3   372.5   390.4   414.7   462.9   543.5  3052.2  27519.0    27280
read      291.6    95.3   101.3   159.1   175.3   296.3   338.5   357.6   369.8   384.4   400.5   427.3   479.5   623.2  2667.7  35176.0    35620
read      291.2    85.7    93.8   161.2   177.6   297.7   336.2   353.9   365.6   378.6   396.0   421.7   469.8   634.8  1806.2  32831.0    32911
read      269.1   103.5    86.8   139.3   152.6   248.5   312.4   343.4   364.2   386.9   413.4   451.9   534.2   684.9  1407.8  76357.0    76628
read      291.0   115.4    93.8   162.0   178.0   296.0   332.7   350.0   362.6   375.4   393.7   419.5   469.3   605.9  5104.2  32615.0    32305
read      271.1   113.4    86.8   139.2   152.9   249.6   312.8   343.3   363.9   386.6   413.3   453.8   547.3  1070.5  2233.8  74201.0    74231
read      274.3   181.0    86.8   138.7   152.0   253.3   316.7   346.7   367.1   389.4   415.6   453.4   535.9   863.5  9499.0  69495.0    69333
read      281.4   114.0    86.8   143.8   158.3   272.5   330.6   356.0   372.7   393.2   417.3   451.1   520.5   697.4  4269.4  53927.0    53526
read      287.7   101.5    93.8   151.0   166.7   288.0   337.3   359.2   373.2   390.2   408.9   435.4   497.5   604.5  2364.6  43807.0    43970
read      263.3   109.3    80.4   136.2   149.9   238.8   298.8   331.9   353.3   377.0   404.6   448.5   555.0   920.6  1922.1  92811.0    92984
read      289.1   108.4   101.3   168.3   185.4   293.0   324.6   339.3   349.1   362.0   375.1   398.0   447.4   711.6  4600.5  22673.0    22716
read      269.8   106.5    86.8   140.5   154.4   247.8   309.1   340.5   362.1   386.1   414.6   456.2   547.7   804.8  1273.1  86573.0    86539
read      270.7   118.8    93.8   138.3   151.7   250.0   314.0   344.5   364.8   387.4   414.6   453.6   539.8   740.5  2840.0  73780.0    73888
read      265.8   106.7    86.8   136.5   149.9   245.1   308.6   339.8   360.3   382.0   406.4   444.0   525.6   803.8  2251.0  73775.0    73554
read      316.1   299.2   101.3   168.1   185.6   304.9   339.3   357.0   369.1   384.4   402.6   437.2   668.8  6733.3  9178.9  26841.0    26912
read      292.9    96.0   101.3   153.3   169.2   294.2   344.7   367.3   382.3   398.3   419.1   447.7   502.6   593.5  1205.3  44689.0    44840
read      289.3   158.3   109.4   175.2   191.9   288.7   315.1   328.3   337.1   345.8   361.7   384.1   446.0  2333.7  6798.3  16955.0    16966
read      284.7   104.9    93.8   146.2   161.3   277.8   337.3   362.3   378.2   395.7   417.6   449.1   509.1   692.1  1569.6  51834.0    51903
read      276.8   106.8    86.8   141.5   155.8   259.3   324.5   355.0   374.2   395.9   421.5   457.0   530.4   687.9  1869.5  71179.0    71461
read      285.2    87.8   101.3   169.6   186.8   291.8   319.6   333.8   342.7   354.2   367.9   389.3   428.6   600.4  1278.8  21506.0    21248
read      274.8   136.2    86.8   140.8   155.3   250.2   309.4   340.9   362.8   387.2   416.6   461.4   584.2  1943.6  2764.4  97795.0    98493
read      270.4   110.7    86.8   141.2   155.9   249.4   306.1   336.7   358.1   381.8   410.2   453.2   557.1   974.1  1922.6 105143.0   105716
read      279.0    77.1   101.3   167.0   182.6   283.1   311.8   326.0   336.4   346.7   364.0   387.4   432.5   588.2  2997.8  19576.0    19488
read      272.2    79.1   109.4   168.1   183.4   273.6   300.8   314.1   323.0   335.0   347.1   371.3   425.5   911.5  2642.0  16286.0    16605
read      292.6   138.8    86.8   138.7   152.4   266.6   332.1   368.8   396.0   428.4   471.5   537.3   679.4  1011.6  3819.5  75073.0    75130
read      295.9   162.3    93.8   148.2   162.7   283.8   336.2   363.7   383.2   404.3   431.4   473.9   586.1  2302.3  6185.1  45767.0    45842
read      306.5   234.8    93.8   148.7   163.7   284.9   340.1   368.2   388.2   410.7   440.0   496.3   759.2  2536.6 12135.8  48921.0    48598
read      275.9   109.2    93.8   140.8   154.6   257.5   321.4   351.8   372.5   394.9   421.3   459.8   545.5   735.3  1713.2  67876.0    67944
read      288.1   103.8   101.3   163.4   179.9   292.0   324.9   340.6   351.6   364.8   380.4   402.8   459.9  1499.2  3351.7  26895.0    26800
read      283.1    99.7    93.8   146.7   162.0   279.4   332.7   356.9   373.0   391.4   412.7   443.2   507.8   642.7   974.1  49705.0    49959
read      282.9   103.1    93.8   145.3   160.2   276.0   332.7   358.4   375.0   394.4   417.5   451.1   523.1   679.2  1044.7  53685.0    54114
read      273.7   103.0    80.4   140.2   154.3   256.9   320.1   349.6   369.4   390.7   415.7   452.9   540.4   686.2   905.0  66494.0    66577
read      290.0   116.4    93.8   155.0   171.0   293.1   337.2   357.5   370.6   386.1   402.8   431.0   495.4   644.6  6570.7  39405.0    39563
read      287.7    90.0    93.8   153.4   169.3   291.4   336.5   357.2   370.4   386.6   404.1   432.7   491.7   575.5   654.4  40377.0    40228
read      267.9   123.9    80.4   138.7   152.4   243.5   302.3   334.5   356.7   381.1   410.7   455.8   583.8   978.4  3168.6  92657.0    92385
read      289.6    86.0   101.3   159.8   175.1   295.1   335.2   353.9   366.4   380.5   397.4   423.8   475.8   599.9  1145.7  34861.0    35189
read      288.7   108.9   101.3   156.7   173.3   291.1   332.0   350.9   364.6   379.6   398.6   427.5   489.8   656.5  3924.9  34595.0    34744
read      273.0    61.3   109.4   174.2   189.3   277.6   300.4   312.5   320.1   330.9   342.1   361.5   401.2   873.0  1039.2  15032.0    15082
read      263.3   103.1    86.8   137.3   150.7   240.9   302.3   334.2   355.5   378.9   405.5   444.2   529.5   732.0  1340.2  86885.0    87824
read      285.9    82.9   101.3   159.9   174.9   292.4   330.5   347.6   360.3   373.0   390.6   413.7   462.1   568.3   987.7  34142.0    33965
read      285.9    86.5    93.8   157.4   172.3   290.2   333.4   352.3   365.0   378.8   396.2   421.2   466.4   553.3  1035.5  37967.0    38138
read      284.5    92.1    93.8   152.6   168.2   286.4   333.2   354.1   367.9   383.3   400.4   426.9   474.0   574.1   998.0  42770.0    42450
read      276.8   124.1    93.8   141.8   156.0   260.5   322.6   350.7   369.0   389.2   412.8   447.9   530.2  1248.0  3276.4  64871.0    65120
read      274.5    94.0   101.3   168.3   184.1   276.8   302.4   316.1   325.7   337.1   350.1   372.0   417.9   882.5  4166.0  17102.0    17329
read      300.4   133.8    93.8   146.0   161.0   284.6   345.6   376.9   399.8   426.8   463.0   520.1   632.3   921.7  4092.1  56217.0    56524
read      290.6   100.2    93.8   154.5   169.8   287.6   333.4   356.8   372.8   391.9   414.8   450.8   533.5   682.7  2348.1  36289.0    36287
read      265.1   102.2   109.4   165.8   180.3   264.8   290.4   303.4   312.2   321.0   336.6   359.4   408.9  1032.2  3565.1  14673.0    14642
read      287.4   132.9    86.8   142.0   156.3   275.4   331.2   360.9   381.8   404.8   434.3   483.6   584.0   870.7  3170.7  52840.0    53127
read      288.2   132.3    93.8   140.0   154.0   269.4   330.9   364.4   388.7   416.8   452.6   505.3   607.8   831.9  3049.9  67611.0    67385
read      286.6   142.6    86.8   140.8   155.1   259.5   322.5   356.1   379.9   407.7   444.4   509.3   699.0  1303.0  2914.9  80537.0    80362
read      279.8   137.0    86.8   145.8   161.0   259.4   315.9   346.0   367.3   391.5   421.6   465.8   582.8   980.7  2624.6 105684.0   105193
read      285.1   109.6    86.8   148.9   163.5   279.6   335.6   360.0   375.5   393.8   415.2   444.9   505.8   642.1  3815.1  51021.0    50992
read      267.6   113.1    93.8   138.6   152.0   245.7   307.2   339.4   360.8   383.8   410.6   451.4   546.1   818.6  1955.5  85388.0    85438
read      284.9    98.2    93.8   147.8   163.2   280.4   336.6   360.9   376.4   394.1   415.2   445.1   505.2   623.0  1283.0  50240.0    50475
read      275.0    68.0   109.4   171.5   187.1   278.6   304.7   317.5   326.8   337.1   348.0   368.9   415.7   532.1  2168.8  15703.0    15668
read      323.8   299.0    93.8   141.8   156.3   279.7   343.2   379.7   406.1   440.2   490.2   575.9  1113.3  4541.8  7851.5  66788.0    66984
read      294.0   144.1    93.8   142.7   157.4   277.2   337.0   367.9   390.3   416.2   449.6   503.1   610.2  1616.6  5153.5  57020.0    57056
read      302.5   173.7    93.8   149.6   164.8   288.0   342.4   370.6   391.1   414.4   443.8   493.2   604.5  2478.9  4990.7  45489.0    45383
read      256.1    89.5   118.1   171.3   185.1   252.6   273.3   284.8   292.3   301.6   314.2   334.1   400.4  1774.5  1901.3   8980.0     9044
read      302.0   194.2   101.3   153.5   169.3   293.6   340.5   363.5   379.2   397.6   422.5   463.1   586.0  3520.8  7542.2  39603.0    39958
read      272.7   112.5    86.8   139.4   153.4   256.2   318.5   347.0   367.0   388.8   414.3   451.1   527.3   689.2  1928.2  67201.0    67432
read      286.3   173.6   101.3   166.5   182.9   289.3   318.0   332.7   342.1   354.0   368.2   391.5   435.2   984.0  8599.3  23463.0    23503
read      272.3   153.6    86.8   137.4   151.0   242.7   303.7   335.6   357.2   381.5   411.5   460.8   664.4  1938.5  3473.7  89907.0    89906
read      275.0   101.3    93.8   141.7   156.0   261.2   322.7   350.1   368.7   389.3   413.2   447.5   526.1   664.8  1142.5  60865.0    60865
read      260.4    86.2   109.4   173.7   188.3   260.7   281.8   292.3   299.9   311.0   322.8   343.3   397.6   850.1  2770.2  10087.0    10097
read      342.5   407.5    86.8   144.6   160.2   260.3   317.7   352.8   378.5   409.3   454.8   563.7  2628.7  3541.9  7957.1 103594.0   104385
read      277.4   118.4   101.3   171.0   187.7   280.0   304.0   315.6   323.7   334.9   346.1   367.9   424.2  1082.6  3864.3  16875.0    16694
read      265.5   103.3    93.8   139.3   153.2   244.4   303.1   334.1   355.0   378.0   405.1   445.7   535.2   789.1  1244.3  96498.0    96807
read      287.7    96.1   101.3   168.7   185.0   294.1   323.6   337.7   346.6   359.6   372.8   396.9   447.0   582.7  2697.0  23607.0    23545
read      281.3    98.1    93.8   146.1   161.3   275.7   332.2   356.8   372.4   390.6   411.2   439.5   503.1   647.2  1597.0  53321.0    53603
read      268.3   101.6    86.8   138.8   152.3   249.2   312.3   342.3   362.6   384.6   409.6   444.4   522.4   697.4   999.6  77665.0    77963
read      265.1   105.1    93.8   138.9   152.5   243.2   300.9   332.0   353.0   377.0   404.6   447.0   543.1   857.5  1956.8  98935.0    99004
read      275.5   136.2    86.8   141.6   155.6   251.1   311.7   343.2   365.2   388.9   417.4   461.8   608.8  1279.0  3715.2  89430.0    89009
read      270.5   119.2    86.8   142.5   157.0   248.7   304.5   335.1   356.2   379.8   407.9   451.6   557.4   963.0  3346.2 109467.0   109606
read      265.1   115.1    93.8   138.2   151.6   243.3   302.7   334.4   355.4   377.7   404.4   444.4   536.0   792.2  2926.1  95026.0    94996
read      287.0    75.9   101.3   166.1   182.2   295.4   325.7   340.4   350.5   363.0   376.2   399.7   446.8   583.5   915.5  26001.0    26308
read      278.3   157.2    93.8   141.1   155.5   256.6   320.3   351.0   371.8   394.6   421.6   460.0   548.5  1087.6  5386.4  76100.0    76851
read      275.7   126.8    86.8   143.3   158.0   253.6   310.3   341.1   362.7   386.8   416.1   460.4   575.9  1563.9  2639.7 104790.0   105149
read      284.2   104.4    93.8   149.3   163.9   280.0   334.5   358.1   373.5   391.2   411.4   439.1   502.0   645.7  2174.7  51535.0    51656
read      266.0    66.4   118.1   171.2   186.7   268.6   289.9   301.0   309.5   318.0   332.2   352.8   399.9   881.7  1584.3  12723.0    12606
read      289.0   124.0    93.8   142.4   156.6   276.0   333.4   365.3   387.6   412.4   443.3   491.6   583.2   736.5  2302.2  56724.0    56950

Total QPS = 58238.9 (84446384 / 1450.0s)

Total connections = 64
Misses = 0 (0.0%)
Skipped TXs = 0 (0.0%)

RX 20858256848 bytes :   13.7 MB/s
TX          0 bytes :    0.0 MB/s
Warning! Detected max cpu usage > 95%
CPU Usage Stats (avg/min/max): 99.91%,33.85%,100.00%
