Controller pinned to core 3.
Scheduler started.
pulled barnes
pulled radix
pulled blackscholes
pulled canneal
pulled freqmine
pulled streamcluster
pulled vips
[MEMCACHED] cores updated to: ['0', '1', '2']
[radix] started on cores: [3] with 1 threads.
[monitor] ['60%', '64%', '57%', '100%']  memcached=181.3%
[monitor] ['59%', '64%', '60%', '100%']  memcached=183.3%
[monitor] ['60%', '59%', '57%', '100%']  memcached=175.6%
[monitor] ['56%', '59%', '59%', '100%']  memcached=173.9%
[monitor] ['56%', '61%', '57%', '100%']  memcached=174.2%
[monitor] ['60%', '60%', '60%', '100%']  memcached=178.6%
[monitor] ['56%', '60%', '60%', '100%']  memcached=175.5%
[monitor] ['57%', '61%', '56%', '100%']  memcached=174.5%
[monitor] ['59%', '60%', '60%', '100%']  memcached=177.6%
[monitor] ['55%', '59%', '55%', '100%']  memcached=168.8%
[monitor] ['57%', '59%', '60%', '100%']  memcached=175.6%
[monitor] ['57%', '59%', '60%', '100%']  memcached=175.6%
[monitor] ['56%', '57%', '56%', '100%']  memcached=169.7%
[monitor] ['56%', '60%', '56%', '100%']  memcached=172.3%
[monitor] ['60%', '60%', '59%', '100%']  memcached=178.1%
[monitor] ['81%', '79%', '81%', '100%']  memcached=240.1%
[monitor] ['75%', '81%', '78%', '100%']  memcached=233.9%
[monitor] ['78%', '78%', '79%', '100%']  memcached=235.7%
[monitor] ['77%', '78%', '81%', '100%']  memcached=235.9%
[monitor] ['80%', '81%', '78%', '100%']  memcached=239.5%
[monitor] ['79%', '81%', '81%', '100%']  memcached=240.1%
[monitor] ['78%', '78%', '81%', '100%']  memcached=236.7%
[monitor] ['79%', '79%', '78%', '100%']  memcached=236.8%
[monitor] ['78%', '81%', '83%', '100%']  memcached=242.3%
[monitor] ['78%', '79%', '78%', '100%']  memcached=235.7%
[monitor] ['79%', '81%', '81%', '100%']  memcached=240.6%
[monitor] ['78%', '81%', '78%', '100%']  memcached=237.3%
[monitor] ['80%', '82%', '83%', '100%']  memcached=244.4%
[monitor] ['79%', '81%', '81%', '100%']  memcached=240.6%
[monitor] ['78%', '81%', '81%', '100%']  memcached=240.0%
[monitor] ['84%', '85%', '83%', '100%']  memcached=251.9%
[monitor] ['73%', '75%', '76%', '100%']  memcached=223.6%
[monitor] ['64%', '63%', '64%', '100%']  memcached=192.0%
[monitor] ['63%', '66%', '62%', '100%']  memcached=191.8%
[monitor] ['64%', '64%', '65%', '100%']  memcached=193.6%
[monitor] ['63%', '64%', '64%', '100%']  memcached=191.4%
[monitor] ['62%', '63%', '61%', '100%']  memcached=186.3%
[monitor] ['62%', '62%', '64%', '100%']  memcached=189.3%
[monitor] ['63%', '61%', '62%', '100%']  memcached=186.3%
[monitor] ['63%', '64%', '63%', '100%']  memcached=190.5%
[monitor] ['61%', '62%', '64%', '100%']  memcached=187.2%
[monitor] ['63%', '62%', '62%', '100%']  memcached=187.8%
[monitor] ['61%', '62%', '63%', '100%']  memcached=185.9%
[monitor] ['62%', '64%', '63%', '100%']  memcached=190.2%
[monitor] ['62%', '63%', '62%', '100%']  memcached=187.8%
[monitor] ['66%', '64%', '67%', '100%']  memcached=196.9%
[monitor] ['62%', '64%', '62%', '100%']  memcached=189.3%
[monitor] ['62%', '63%', '62%', '100%']  memcached=187.2%
[monitor] ['49%', '52%', '51%', '100%']  memcached=152.5%
[monitor] ['47%', '47%', '50%', '100%']  memcached=144.6%
[monitor] ['49%', '52%', '50%', '100%']  memcached=151.1%
[monitor] ['47%', '47%', '50%', '100%']  memcached=144.6%
[monitor] ['45%', '50%', '47%', '100%']  memcached=142.1%
[monitor] ['51%', '47%', '49%', '100%']  memcached=147.3%
[monitor] ['46%', '52%', '49%', '100%']  memcached=147.2%
[monitor] ['47%', '49%', '49%', '100%']  memcached=144.7%
[monitor] ['49%', '50%', '50%', '100%']  memcached=148.7%
[monitor] ['49%', '47%', '51%', '100%']  memcached=147.4%
[monitor] ['47%', '47%', '49%', '100%']  memcached=143.2%
[monitor] ['47%', '50%', '50%', '100%']  memcached=147.4%
[monitor] ['47%', '47%', '49%', '100%']  memcached=143.5%
[monitor] ['46%', '51%', '49%', '100%']  memcached=145.9%
[monitor] ['50%', '50%', '50%', '100%']  memcached=150.0%
[monitor] ['49%', '47%', '50%', '100%']  memcached=146.1%
[monitor] ['50%', '51%', '51%', '100%']  memcached=152.6%
[monitor] ['55%', '60%', '60%', '100%']  memcached=174.0%
[monitor] ['59%', '59%', '61%', '100%']  memcached=178.5%
[monitor] ['56%', '57%', '59%', '100%']  memcached=172.1%
[monitor] ['60%', '62%', '59%', '100%']  memcached=180.0%
[monitor] ['59%', '57%', '56%', '100%']  memcached=172.4%
[monitor] ['57%', '60%', '62%', '100%']  memcached=178.9%
[monitor] ['56%', '59%', '57%', '100%']  memcached=171.8%
[monitor] ['59%', '59%', '60%', '100%']  memcached=176.6%
[monitor] ['57%', '57%', '60%', '100%']  memcached=175.0%
[monitor] ['58%', '59%', '60%', '100%']  memcached=176.2%
[monitor] ['57%', '57%', '56%', '100%']  memcached=171.1%
[monitor] ['59%', '62%', '62%', '100%']  memcached=182.3%
[monitor] ['57%', '59%', '60%', '100%']  memcached=175.6%
[monitor] ['57%', '59%', '61%', '100%']  memcached=177.0%
[monitor] ['57%', '59%', '60%', '100%']  memcached=175.6%
[monitor] ['59%', '57%', '59%', '100%']  memcached=174.6%
[monitor] ['47%', '51%', '51%', '100%']  memcached=149.9%
[monitor] ['46%', '47%', '46%', '100%']  memcached=139.3%
[MEMCACHED] cores updated to: ['0', '2']
[radix] paused.
[barnes] started on cores: [1, 3] with 2 threads.
[monitor] ['58%', '59%', '59%', '55%']  memcached=116.7%
[monitor] ['62%', '33%', '60%', '75%']  memcached=122.7%
[monitor] ['60%', '63%', '60%', '43%']  memcached=120.0%
[monitor] ['61%', '100%', '59%', '0%']  memcached=119.9%
[monitor] ['61%', '100%', '62%', '76%']  memcached=123.6%
[monitor] ['60%', '100%', '60%', '100%']  memcached=120.0%
[monitor] ['61%', '100%', '63%', '100%']  memcached=123.8%
[monitor] ['62%', '100%', '61%', '100%']  memcached=123.6%
[monitor] ['60%', '100%', '60%', '86%']  memcached=120.0%
[monitor] ['61%', '100%', '60%', '100%']  memcached=121.8%
[monitor] ['60%', '100%', '60%', '100%']  memcached=120.9%
[monitor] ['60%', '100%', '62%', '100%']  memcached=122.4%
[monitor] ['61%', '100%', '61%', '100%']  memcached=122.7%
[monitor] ['60%', '100%', '60%', '100%']  memcached=120.0%
[monitor] ['91%', '100%', '91%', '100%']  memcached=181.5%
[MEMCACHED] cores updated to: ['0', '1', '2']
[radix] unpaused.
[barnes] paused.
[monitor] ['91%', '94%', '91%', '100%']  memcached=275.3%
[monitor] ['83%', '86%', '88%', '100%']  memcached=256.8%
[monitor] ['83%', '88%', '83%', '100%']  memcached=254.9%
[monitor] ['86%', '88%', '88%', '100%']  memcached=261.8%
[monitor] ['83%', '86%', '85%', '100%']  memcached=254.3%
[monitor] ['81%', '83%', '81%', '100%']  memcached=245.0%
[monitor] ['79%', '81%', '83%', '100%']  memcached=243.4%
[monitor] ['81%', '81%', '82%', '100%']  memcached=244.0%
[monitor] ['80%', '83%', '83%', '100%']  memcached=246.2%
[monitor] ['81%', '78%', '81%', '100%']  memcached=240.5%
[monitor] ['81%', '83%', '82%', '100%']  memcached=246.2%
[monitor] ['83%', '83%', '85%', '100%']  memcached=251.5%
[monitor] ['79%', '81%', '84%', '100%']  memcached=243.8%
[monitor] ['81%', '81%', '81%', '100%']  memcached=242.2%
[monitor] ['81%', '81%', '83%', '100%']  memcached=244.5%
[monitor] ['81%', '83%', '83%', '100%']  memcached=246.3%
[monitor] ['83%', '86%', '83%', '100%']  memcached=251.9%
[monitor] ['86%', '88%', '88%', '100%']  memcached=261.8%
[monitor] ['85%', '88%', '88%', '100%']  memcached=261.8%
[monitor] ['83%', '91%', '85%', '100%']  memcached=259.1%
[monitor] ['86%', '88%', '91%', '100%']  memcached=264.9%
[monitor] ['83%', '88%', '86%', '100%']  memcached=256.5%
[monitor] ['83%', '86%', '88%', '100%']  memcached=257.2%
[monitor] ['83%', '83%', '83%', '100%']  memcached=250.0%
[monitor] ['83%', '85%', '86%', '100%']  memcached=254.3%
[monitor] ['81%', '83%', '83%', '100%']  memcached=246.7%
[monitor] ['86%', '86%', '88%', '100%']  memcached=260.5%
[monitor] ['83%', '88%', '88%', '100%']  memcached=259.4%
[monitor] ['83%', '88%', '88%', '100%']  memcached=259.3%
[monitor] ['83%', '89%', '88%', '100%']  memcached=260.1%
[monitor] ['88%', '88%', '88%', '100%']  memcached=263.6%
[monitor] ['83%', '88%', '86%', '100%']  memcached=257.7%
[monitor] ['81%', '84%', '80%', '100%']  memcached=244.9%
[monitor] ['81%', '86%', '83%', '100%']  memcached=249.6%
[monitor] ['81%', '86%', '83%', '100%']  memcached=250.1%
[monitor] ['80%', '88%', '81%', '100%']  memcached=248.4%
[monitor] ['82%', '91%', '82%', '100%']  memcached=254.3%
[monitor] ['78%', '91%', '81%', '100%']  memcached=249.8%
[monitor] ['76%', '83%', '78%', '100%']  memcached=238.0%
[monitor] ['78%', '86%', '78%', '100%']  memcached=241.9%
[monitor] ['76%', '86%', '79%', '100%']  memcached=241.0%
[monitor] ['78%', '83%', '78%', '100%']  memcached=238.7%
[monitor] ['76%', '86%', '79%', '100%']  memcached=240.3%
[monitor] ['77%', '83%', '78%', '100%']  memcached=238.6%
[monitor] ['78%', '88%', '81%', '100%']  memcached=246.7%
[monitor] ['77%', '86%', '79%', '100%']  memcached=241.6%
[monitor] ['77%', '86%', '78%', '100%']  memcached=240.8%
[monitor] ['78%', '86%', '81%', '100%']  memcached=245.2%
[monitor] ['63%', '71%', '63%', '100%']  memcached=197.4%
[monitor] ['46%', '55%', '50%', '100%']  memcached=150.7%
[monitor] ['46%', '58%', '50%', '100%']  memcached=154.1%
[monitor] ['45%', '61%', '46%', '100%']  memcached=152.0%
[monitor] ['46%', '59%', '46%', '100%']  memcached=151.2%
[monitor] ['44%', '60%', '51%', '100%']  memcached=156.2%
[monitor] ['46%', '59%', '44%', '100%']  memcached=149.5%
[monitor] ['45%', '59%', '49%', '100%']  memcached=152.5%
[monitor] ['47%', '60%', '45%', '100%']  memcached=152.6%
[monitor] ['49%', '58%', '49%', '100%']  memcached=155.6%
[monitor] ['49%', '52%', '47%', '100%']  memcached=148.6%
[monitor] ['46%', '55%', '50%', '100%']  memcached=150.7%
[monitor] ['44%', '50%', '47%', '100%']  memcached=141.8%
[monitor] ['49%', '50%', '51%', '90%']  memcached=150.0%
[radix] ended.
[blackscholes] started on cores: [3] with 3 threads.
[monitor] ['46%', '56%', '47%', '100%']  memcached=149.6%
[monitor] ['49%', '56%', '49%', '100%']  memcached=153.2%
[monitor] ['30%', '33%', '36%', '100%']  memcached=99.7%
[MEMCACHED] cores updated to: ['0', '2']
[barnes] unpaused.
[blackscholes] paused.
[monitor] ['13%', '100%', '7%', '100%']  memcached=20.5%
[MEMCACHED] cores updated to: ['0']
[blackscholes] unpaused.
[blackscholes] cores updated to: [2]
[monitor] ['28%', '100%', '100%', '100%']  memcached=27.6%
[monitor] ['23%', '100%', '100%', '100%']  memcached=22.6%
[monitor] ['23%', '100%', '100%', '100%']  memcached=22.6%
[monitor] ['23%', '100%', '100%', '100%']  memcached=23.3%
[monitor] ['17%', '100%', '100%', '100%']  memcached=16.7%
[monitor] ['21%', '100%', '100%', '100%']  memcached=20.7%
[monitor] ['20%', '100%', '100%', '100%']  memcached=20.0%
[monitor] ['27%', '100%', '100%', '100%']  memcached=27.3%
[monitor] ['20%', '100%', '100%', '100%']  memcached=20.0%
[monitor] ['23%', '100%', '100%', '100%']  memcached=22.6%
[monitor] ['20%', '100%', '100%', '100%']  memcached=20.0%
[monitor] ['20%', '100%', '100%', '100%']  memcached=20.0%
[monitor] ['15%', '100%', '100%', '100%']  memcached=14.8%
[monitor] ['21%', '100%', '100%', '100%']  memcached=20.7%
[monitor] ['45%', '100%', '100%', '100%']  memcached=45.2%
[monitor] ['100%', '100%', '100%', '100%']  memcached=100.0%
[MEMCACHED] cores updated to: ['0', '1', '3']
[barnes] paused.
[monitor] ['70%', '74%', '100%', '68%']  memcached=211.2%
[monitor] ['65%', '68%', '100%', '64%']  memcached=197.6%
[monitor] ['66%', '66%', '100%', '64%']  memcached=195.8%
[monitor] ['66%', '68%', '100%', '67%']  memcached=200.8%
[monitor] ['65%', '67%', '100%', '65%']  memcached=196.7%
[monitor] ['65%', '67%', '100%', '63%']  memcached=195.9%
[monitor] ['69%', '67%', '100%', '65%']  memcached=200.7%
[monitor] ['65%', '68%', '100%', '62%']  memcached=195.8%
[monitor] ['66%', '68%', '100%', '64%']  memcached=198.2%
[monitor] ['66%', '68%', '100%', '65%']  memcached=198.4%
[monitor] ['66%', '69%', '100%', '66%']  memcached=200.8%
[monitor] ['68%', '67%', '100%', '62%']  memcached=196.7%
[monitor] ['66%', '66%', '100%', '64%']  memcached=195.8%
[monitor] ['66%', '69%', '100%', '65%']  memcached=199.9%
[monitor] ['68%', '68%', '100%', '64%']  memcached=200.1%
[monitor] ['17%', '14%', '100%', '14%']  memcached=45.2%
[MEMCACHED] cores updated to: ['0', '3']
[barnes] unpaused.
[barnes] cores updated to: [1, 2]
[blackscholes] paused.
[monitor] ['23%', '100%', '100%', '17%']  memcached=39.8%
[MEMCACHED] cores updated to: ['0']
[blackscholes] unpaused.
[blackscholes] cores updated to: [3]
[monitor] ['86%', '100%', '100%', '100%']  memcached=85.7%
[MEMCACHED] cores updated to: ['0', '3']
[blackscholes] paused.
[monitor] ['100%', '100%', '100%', '14%']  memcached=114.3%
[monitor] ['100%', '100%', '100%', '20%']  memcached=120.0%
[monitor] ['100%', '100%', '100%', '17%']  memcached=117.2%
[monitor] ['100%', '100%', '100%', '17%']  memcached=117.2%
[monitor] ['100%', '100%', '100%', '20%']  memcached=120.0%
[monitor] ['100%', '100%', '100%', '29%']  memcached=129.0%
[monitor] ['100%', '100%', '100%', '23%']  memcached=123.3%
[monitor] ['100%', '100%', '100%', '20%']  memcached=120.0%
[monitor] ['63%', '100%', '100%', '53%']  memcached=116.7%
[monitor] ['21%', '100%', '100%', '100%']  memcached=120.7%
[monitor] ['59%', '100%', '100%', '100%']  memcached=159.0%
[monitor] ['79%', '100%', '100%', '85%']  memcached=163.9%
[MEMCACHED] cores updated to: ['0', '1', '3']
[barnes] paused.
[blackscholes] unpaused.
[blackscholes] cores updated to: [2]
[monitor] ['50%', '54%', '100%', '51%']  memcached=154.9%
[monitor] ['52%', '55%', '100%', '49%']  memcached=155.9%
[monitor] ['51%', '53%', '100%', '50%']  memcached=153.9%
[monitor] ['52%', '52%', '100%', '46%']  memcached=150.9%
[monitor] ['51%', '52%', '100%', '49%']  memcached=152.5%
[monitor] ['49%', '53%', '100%', '49%']  memcached=149.9%
[monitor] ['47%', '54%', '100%', '51%']  memcached=152.5%
[monitor] ['51%', '55%', '100%', '49%']  memcached=154.8%
[monitor] ['51%', '57%', '100%', '51%']  memcached=159.7%
[monitor] ['53%', '54%', '100%', '49%']  memcached=154.9%
[monitor] ['51%', '55%', '100%', '50%']  memcached=156.3%
[monitor] ['49%', '51%', '100%', '47%']  memcached=147.3%
[monitor] ['50%', '54%', '100%', '49%']  memcached=152.3%
[monitor] ['50%', '55%', '100%', '50%']  memcached=155.0%
[monitor] ['28%', '30%', '100%', '25%']  memcached=83.4%
[MEMCACHED] cores updated to: ['0', '3']
[barnes] unpaused.
[blackscholes] paused.
[monitor] ['38%', '100%', '100%', '42%']  memcached=79.9%
[monitor] ['34%', '100%', '100%', '32%']  memcached=66.6%
[MEMCACHED] cores updated to: ['0']
[blackscholes] unpaused.
[blackscholes] cores updated to: [3]
[monitor] ['61%', '100%', '100%', '100%']  memcached=60.9%
[monitor] ['63%', '100%', '100%', '100%']  memcached=63.0%
[monitor] ['61%', '100%', '100%', '100%']  memcached=60.9%
[monitor] ['61%', '100%', '100%', '100%']  memcached=61.4%
[monitor] ['62%', '100%', '100%', '100%']  memcached=61.7%
[monitor] ['61%', '100%', '100%', '100%']  memcached=60.9%
[monitor] ['61%', '100%', '100%', '100%']  memcached=60.9%
[monitor] ['61%', '100%', '100%', '100%']  memcached=61.4%
[monitor] ['62%', '100%', '100%', '100%']  memcached=61.7%
[monitor] ['62%', '100%', '100%', '100%']  memcached=62.2%
[monitor] ['62%', '100%', '100%', '100%']  memcached=61.7%
[monitor] ['61%', '100%', '100%', '100%']  memcached=60.9%
[monitor] ['61%', '100%', '100%', '100%']  memcached=61.4%
[monitor] ['81%', '100%', '100%', '100%']  memcached=81.1%
[MEMCACHED] cores updated to: ['0', '3']
[blackscholes] paused.
[monitor] ['100%', '100%', '100%', '100%']  memcached=200.0%
[MEMCACHED] cores updated to: ['0', '2', '3']
[barnes] paused.
[blackscholes] unpaused.
[blackscholes] cores updated to: [1]
[monitor] ['77%', '100%', '79%', '74%']  memcached=229.6%
[monitor] ['75%', '100%', '76%', '74%']  memcached=225.7%
[monitor] ['78%', '100%', '78%', '72%']  memcached=228.7%
[monitor] ['77%', '100%', '79%', '73%']  memcached=228.8%
[monitor] ['76%', '100%', '78%', '74%']  memcached=227.8%
[monitor] ['74%', '100%', '77%', '74%']  memcached=225.0%
[monitor] ['78%', '100%', '78%', '74%']  memcached=231.1%
[monitor] ['76%', '100%', '78%', '72%']  memcached=226.6%
[monitor] ['76%', '100%', '77%', '72%']  memcached=224.4%
[monitor] ['74%', '100%', '78%', '74%']  memcached=225.7%
[monitor] ['76%', '100%', '76%', '74%']  memcached=226.4%
[monitor] ['77%', '100%', '76%', '74%']  memcached=226.3%
[monitor] ['76%', '100%', '78%', '74%']  memcached=227.7%
[monitor] ['76%', '100%', '78%', '74%']  memcached=228.4%
[monitor] ['46%', '100%', '42%', '32%']  memcached=120.6%
[MEMCACHED] cores updated to: ['0', '3']
[barnes] unpaused.
[blackscholes] paused.
[monitor] ['14%', '100%', '50%', '4%']  memcached=17.5%
[MEMCACHED] cores updated to: ['0']
[blackscholes] unpaused.
[blackscholes] cores updated to: [3]
[monitor] ['33%', '7%', '100%', '100%']  memcached=33.3%
[monitor] ['34%', '25%', '100%', '100%']  memcached=34.3%
[monitor] ['31%', '100%', '100%', '100%']  memcached=31.2%
[monitor] ['32%', '100%', '61%', '100%']  memcached=32.4%
[monitor] ['32%', '100%', '100%', '100%']  memcached=32.4%
[monitor] ['33%', '100%', '100%', '100%']  memcached=33.3%
[monitor] ['32%', '100%', '100%', '100%']  memcached=32.4%
[monitor] ['32%', '100%', '100%', '100%']  memcached=32.4%
[monitor] ['33%', '100%', '100%', '100%']  memcached=33.3%
[monitor] ['34%', '100%', '100%', '100%']  memcached=34.3%
[monitor] ['36%', '100%', '100%', '100%']  memcached=36.1%
[monitor] ['31%', '100%', '100%', '100%']  memcached=31.2%
[monitor] ['28%', '100%', '100%', '100%']  memcached=28.1%
[monitor] ['33%', '100%', '100%', '100%']  memcached=33.3%
[monitor] ['42%', '100%', '100%', '100%']  memcached=42.1%
[monitor] ['56%', '100%', '100%', '100%']  memcached=55.6%
[monitor] ['57%', '100%', '100%', '100%']  memcached=56.8%
[monitor] ['55%', '100%', '100%', '100%']  memcached=54.8%
[monitor] ['55%', '100%', '100%', '100%']  memcached=54.5%
[monitor] ['56%', '100%', '100%', '100%']  memcached=55.8%
[monitor] ['56%', '100%', '100%', '100%']  memcached=55.6%
[monitor] ['56%', '100%', '100%', '100%']  memcached=55.6%
[monitor] ['56%', '100%', '100%', '100%']  memcached=55.8%
[monitor] ['56%', '100%', '100%', '100%']  memcached=55.8%
[monitor] ['55%', '100%', '100%', '100%']  memcached=54.5%
[monitor] ['56%', '100%', '100%', '100%']  memcached=55.6%
[monitor] ['58%', '100%', '100%', '100%']  memcached=57.8%
[monitor] ['56%', '100%', '100%', '100%']  memcached=55.8%
[monitor] ['55%', '100%', '100%', '100%']  memcached=54.5%
[monitor] ['56%', '100%', '100%', '100%']  memcached=55.8%
[monitor] ['53%', '100%', '100%', '100%']  memcached=53.5%
[monitor] ['86%', '100%', '100%', '100%']  memcached=85.7%
[MEMCACHED] cores updated to: ['0', '3']
[blackscholes] paused.
[monitor] ['94%', '100%', '100%', '86%']  memcached=179.3%
[MEMCACHED] cores updated to: ['0', '2', '3']
[barnes] paused.
[blackscholes] unpaused.
[blackscholes] cores updated to: [1]
[monitor] ['72%', '100%', '74%', '69%']  memcached=215.4%
[monitor] ['72%', '100%', '74%', '69%']  memcached=216.1%
[monitor] ['73%', '100%', '74%', '68%']  memcached=215.8%
[monitor] ['73%', '100%', '72%', '69%']  memcached=214.0%
[monitor] ['70%', '100%', '74%', '68%']  memcached=212.1%
[monitor] ['75%', '100%', '75%', '71%']  memcached=220.7%
[monitor] ['74%', '100%', '76%', '72%']  memcached=222.5%
[monitor] ['76%', '100%', '77%', '72%']  memcached=225.7%
[monitor] ['74%', '100%', '74%', '72%']  memcached=219.8%
[monitor] ['74%', '100%', '79%', '72%']  memcached=225.1%
[monitor] ['75%', '100%', '76%', '72%']  memcached=223.1%
[monitor] ['72%', '100%', '72%', '71%']  memcached=215.0%
[monitor] ['74%', '100%', '74%', '69%']  memcached=217.9%
[monitor] ['72%', '100%', '74%', '69%']  memcached=215.4%
[monitor] ['41%', '100%', '30%', '28%']  memcached=99.5%
[MEMCACHED] cores updated to: ['0', '3']
[barnes] unpaused.
[blackscholes] paused.
[monitor] ['21%', '100%', '100%', '10%']  memcached=30.9%
[MEMCACHED] cores updated to: ['0']
[blackscholes] unpaused.
[blackscholes] cores updated to: [3]
[monitor] ['17%', '100%', '100%', '100%']  memcached=16.7%
[monitor] ['17%', '100%', '100%', '100%']  memcached=16.7%
[monitor] ['10%', '100%', '100%', '100%']  memcached=10.3%
[monitor] ['14%', '100%', '100%', '100%']  memcached=13.8%
[monitor] ['17%', '100%', '100%', '100%']  memcached=16.7%
[monitor] ['11%', '100%', '100%', '100%']  memcached=10.7%
[monitor] ['14%', '100%', '100%', '100%']  memcached=13.8%
[monitor] ['11%', '100%', '100%', '100%']  memcached=10.7%
[monitor] ['13%', '100%', '100%', '100%']  memcached=13.3%
[monitor] ['4%', '100%', '100%', '100%']  memcached=3.8%
[monitor] ['14%', '100%', '100%', '100%']  memcached=13.8%
[monitor] ['14%', '100%', '100%', '100%']  memcached=13.8%
[monitor] ['11%', '100%', '100%', '100%']  memcached=10.7%
[monitor] ['11%', '100%', '100%', '100%']  memcached=10.7%
[monitor] ['45%', '100%', '100%', '100%']  memcached=45.5%
[monitor] ['91%', '100%', '100%', '100%']  memcached=90.9%
[MEMCACHED] cores updated to: ['0', '1', '2']
[barnes] paused.
[monitor] ['63%', '61%', '63%', '100%']  memcached=187.8%
[monitor] ['57%', '57%', '63%', '100%']  memcached=177.8%
[monitor] ['60%', '61%', '59%', '100%']  memcached=179.4%
[monitor] ['61%', '61%', '61%', '100%']  memcached=182.9%
[monitor] ['60%', '60%', '63%', '100%']  memcached=182.8%
[monitor] ['62%', '61%', '60%', '100%']  memcached=182.9%
[monitor] ['60%', '60%', '62%', '100%']  memcached=181.9%
[monitor] ['60%', '60%', '62%', '100%']  memcached=181.4%
[monitor] ['62%', '59%', '59%', '100%']  memcached=179.0%
[monitor] ['59%', '62%', '62%', '100%']  memcached=182.7%
[monitor] ['59%', '61%', '62%', '100%']  memcached=181.4%
[monitor] ['61%', '57%', '61%', '100%']  memcached=179.5%
[monitor] ['60%', '60%', '60%', '100%']  memcached=180.5%
[monitor] ['63%', '63%', '63%', '100%']  memcached=189.6%
[monitor] ['61%', '59%', '62%', '100%']  memcached=181.4%
[monitor] ['29%', '23%', '17%', '100%']  memcached=69.2%
[MEMCACHED] cores updated to: ['0', '2']
[barnes] unpaused.
[barnes] cores updated to: [1, 3]
[blackscholes] paused.
[monitor] ['39%', '100%', '41%', '100%']  memcached=80.0%
[monitor] ['42%', '100%', '40%', '100%']  memcached=81.7%
[monitor] ['41%', '100%', '37%', '100%']  memcached=77.7%
[monitor] ['39%', '100%', '35%', '100%']  memcached=74.2%
[monitor] ['36%', '100%', '39%', '100%']  memcached=75.6%
[monitor] ['39%', '100%', '35%', '100%']  memcached=74.2%
[monitor] ['37%', '100%', '37%', '100%']  memcached=74.3%
[monitor] ['37%', '100%', '35%', '100%']  memcached=72.4%
[monitor] ['38%', '100%', '36%', '100%']  memcached=73.9%
[monitor] ['39%', '100%', '35%', '100%']  memcached=74.2%
[monitor] ['41%', '100%', '37%', '100%']  memcached=77.7%
[monitor] ['32%', '50%', '31%', '100%']  memcached=63.6%
[MEMCACHED] cores updated to: ['0']
[blackscholes] unpaused.
[blackscholes] cores updated to: [2]
[monitor] ['59%', '100%', '100%', '0%']  memcached=59.1%
[monitor] ['60%', '100%', '100%', '97%']  memcached=60.4%
[monitor] ['61%', '100%', '100%', '93%']  memcached=61.4%
[monitor] ['88%', '100%', '100%', '83%']  memcached=88.2%
[MEMCACHED] cores updated to: ['0', '2']
[blackscholes] paused.
[monitor] ['100%', '100%', '100%', '100%']  memcached=200.0%
[MEMCACHED] cores updated to: ['0', '2', '3']
[barnes] paused.
[blackscholes] unpaused.
[blackscholes] cores updated to: [1]
[monitor] ['83%', '100%', '86%', '78%']  memcached=247.4%
[monitor] ['76%', '100%', '78%', '75%']  memcached=229.7%
[monitor] ['78%', '100%', '79%', '73%']  memcached=230.3%
[monitor] ['78%', '100%', '78%', '74%']  memcached=229.2%
[monitor] ['78%', '100%', '81%', '76%']  memcached=234.6%
[monitor] ['76%', '100%', '79%', '73%']  memcached=228.2%
[monitor] ['81%', '100%', '83%', '77%']  memcached=240.3%
[monitor] ['78%', '100%', '79%', '76%']  memcached=233.0%
[monitor] ['77%', '100%', '79%', '74%']  memcached=229.6%
[monitor] ['79%', '100%', '78%', '74%']  memcached=231.1%
[monitor] ['76%', '100%', '78%', '76%']  memcached=229.8%
[monitor] ['76%', '100%', '79%', '74%']  memcached=229.6%
[monitor] ['79%', '100%', '81%', '74%']  memcached=233.9%
[monitor] ['77%', '100%', '78%', '76%']  memcached=231.6%
[monitor] ['47%', '100%', '50%', '42%']  memcached=139.5%
[MEMCACHED] cores updated to: ['0', '3']
[barnes] unpaused.
[barnes] cores updated to: [1, 2]
[blackscholes] paused.
[monitor] ['52%', '100%', '100%', '54%']  memcached=106.2%
[monitor] ['56%', '100%', '100%', '54%']  memcached=109.8%
[monitor] ['52%', '100%', '100%', '55%']  memcached=107.3%
[monitor] ['54%', '100%', '100%', '54%']  memcached=107.3%
[monitor] ['54%', '100%', '100%', '52%']  memcached=106.2%
[monitor] ['51%', '100%', '100%', '52%']  memcached=103.8%
[monitor] ['52%', '100%', '100%', '54%']  memcached=106.2%
[monitor] ['52%', '100%', '100%', '52%']  memcached=105.0%
[monitor] ['54%', '100%', '100%', '56%']  memcached=109.8%
[monitor] ['51%', '100%', '100%', '55%']  memcached=106.0%
[monitor] ['54%', '100%', '100%', '55%']  memcached=108.4%
[monitor] ['54%', '100%', '100%', '52%']  memcached=106.2%
[monitor] ['55%', '100%', '100%', '51%']  memcached=106.3%
[monitor] ['51%', '100%', '100%', '56%']  memcached=107.1%
[monitor] ['55%', '100%', '100%', '51%']  memcached=106.3%
[monitor] ['62%', '100%', '100%', '62%']  memcached=124.0%
[monitor] ['81%', '100%', '100%', '76%']  memcached=156.2%
[monitor] ['79%', '100%', '100%', '77%']  memcached=155.9%
[monitor] ['76%', '100%', '100%', '83%']  memcached=158.5%
[monitor] ['78%', '100%', '100%', '78%']  memcached=156.2%
[monitor] ['78%', '100%', '100%', '78%']  memcached=156.2%
[monitor] ['74%', '100%', '100%', '81%']  memcached=154.8%
[monitor] ['76%', '100%', '100%', '78%']  memcached=154.1%
[monitor] ['79%', '100%', '100%', '77%']  memcached=155.9%
[monitor] ['75%', '100%', '100%', '81%']  memcached=155.6%
[monitor] ['78%', '100%', '100%', '78%']  memcached=156.8%
[monitor] ['79%', '100%', '100%', '76%']  memcached=154.6%
[monitor] ['80%', '100%', '100%', '81%']  memcached=160.6%
[MEMCACHED] cores updated to: ['0', '2', '3']
[barnes] paused.
[blackscholes] unpaused.
[monitor] ['68%', '100%', '68%', '64%']  memcached=200.8%
[monitor] ['67%', '100%', '68%', '64%']  memcached=200.0%
[monitor] ['68%', '100%', '68%', '65%']  memcached=201.6%
[monitor] ['67%', '100%', '68%', '65%']  memcached=200.0%
[monitor] ['69%', '100%', '70%', '68%']  memcached=206.5%
[monitor] ['69%', '100%', '70%', '66%']  memcached=205.1%
[monitor] ['68%', '100%', '72%', '68%']  memcached=207.6%
[monitor] ['67%', '100%', '68%', '65%']  memcached=200.0%
[monitor] ['69%', '100%', '70%', '67%']  memcached=205.9%
[monitor] ['69%', '100%', '69%', '66%']  memcached=203.9%
[monitor] ['68%', '100%', '69%', '64%']  memcached=200.8%
[monitor] ['68%', '100%', '68%', '65%']  memcached=201.6%
[monitor] ['70%', '100%', '71%', '68%']  memcached=208.6%
[monitor] ['70%', '100%', '71%', '64%']  memcached=204.8%
[monitor] ['68%', '100%', '70%', '67%']  memcached=205.5%
[monitor] ['70%', '100%', '69%', '65%']  memcached=204.2%
[monitor] ['66%', '100%', '68%', '66%']  memcached=200.0%
[monitor] ['69%', '100%', '69%', '66%']  memcached=204.3%
[monitor] ['68%', '100%', '68%', '65%']  memcached=201.6%
[monitor] ['68%', '100%', '70%', '65%']  memcached=202.5%
[monitor] ['62%', '100%', '66%', '62%']  memcached=190.9%
[monitor] ['55%', '100%', '56%', '51%']  memcached=163.0%
[monitor] ['57%', '100%', '60%', '56%']  memcached=173.7%
[monitor] ['61%', '100%', '60%', '53%']  memcached=173.6%
[monitor] ['55%', '100%', '60%', '54%']  memcached=168.4%
[monitor] ['59%', '100%', '59%', '54%']  memcached=170.9%
[monitor] ['56%', '100%', '59%', '52%']  memcached=167.1%
[monitor] ['59%', '100%', '60%', '55%']  memcached=173.1%
[monitor] ['57%', '100%', '57%', '53%']  memcached=167.3%
[monitor] ['55%', '100%', '60%', '52%']  memcached=167.0%
[monitor] ['56%', '100%', '59%', '55%']  memcached=169.9%
[monitor] ['60%', '100%', '60%', '54%']  memcached=172.9%
[monitor] ['57%', '100%', '57%', '56%']  memcached=171.1%
[monitor] ['59%', '100%', '59%', '52%']  memcached=169.6%
[monitor] ['55%', '100%', '61%', '55%']  memcached=171.4%
[monitor] ['57%', '100%', '60%', '51%']  memcached=168.4%
[monitor] ['57%', '100%', '57%', '52%']  memcached=167.1%
[monitor] ['61%', '100%', '62%', '57%']  memcached=180.4%
[monitor] ['63%', '100%', '64%', '57%']  memcached=185.2%
[monitor] ['61%', '100%', '63%', '59%']  memcached=183.4%
[monitor] ['62%', '100%', '63%', '59%']  memcached=183.2%
[monitor] ['63%', '100%', '63%', '60%']  memcached=185.1%
[monitor] ['62%', '100%', '62%', '59%']  memcached=184.0%
[monitor] ['61%', '100%', '64%', '57%']  memcached=182.8%
[monitor] ['61%', '100%', '61%', '57%']  memcached=179.5%
[monitor] ['62%', '100%', '65%', '61%']  memcached=187.9%
[monitor] ['67%', '100%', '67%', '64%']  memcached=197.6%
[monitor] ['64%', '100%', '67%', '64%']  memcached=196.0%
[monitor] ['65%', '100%', '65%', '63%']  memcached=193.5%
[monitor] ['65%', '100%', '67%', '61%']  memcached=192.8%
[monitor] ['64%', '100%', '67%', '64%']  memcached=195.2%
[monitor] ['63%', '100%', '64%', '57%']  memcached=185.2%
[monitor] ['62%', '100%', '61%', '59%']  memcached=181.9%
[monitor] ['60%', '100%', '63%', '57%']  memcached=180.3%
[monitor] ['43%', '100%', '44%', '40%']  memcached=127.7%
[MEMCACHED] cores updated to: ['0', '3']
[barnes] unpaused.
[blackscholes] paused.
[monitor] ['55%', '100%', '100%', '59%']  memcached=113.5%
[monitor] ['59%', '100%', '100%', '59%']  memcached=117.1%
[monitor] ['57%', '100%', '100%', '58%']  memcached=115.3%
[monitor] ['59%', '100%', '100%', '58%']  memcached=116.7%
[monitor] ['57%', '100%', '100%', '60%']  memcached=116.7%
[monitor] ['57%', '100%', '100%', '56%']  memcached=113.2%
[monitor] ['56%', '100%', '100%', '56%']  memcached=112.2%
[monitor] ['57%', '100%', '100%', '55%']  memcached=112.1%
[monitor] ['57%', '100%', '100%', '56%']  memcached=113.0%
[monitor] ['60%', '100%', '100%', '56%']  memcached=115.6%
[monitor] ['55%', '100%', '100%', '60%']  memcached=114.5%
[monitor] ['57%', '100%', '100%', '58%']  memcached=115.3%
[monitor] ['57%', '100%', '100%', '55%']  memcached=112.1%
[monitor] ['56%', '100%', '100%', '57%']  memcached=113.2%
[monitor] ['56%', '100%', '100%', '56%']  memcached=112.2%
[monitor] ['72%', '100%', '100%', '74%']  memcached=145.5%
[monitor] ['81%', '100%', '100%', '83%']  memcached=163.9%
[MEMCACHED] cores updated to: ['0', '2', '3']
[barnes] paused.
[blackscholes] unpaused.
[monitor] ['72%', '100%', '72%', '68%']  memcached=212.7%
[monitor] ['70%', '100%', '72%', '68%']  memcached=209.3%
[monitor] ['70%', '100%', '72%', '66%']  memcached=208.4%
[monitor] ['70%', '100%', '69%', '67%']  memcached=205.9%
[monitor] ['70%', '100%', '72%', '68%']  memcached=210.0%
[monitor] ['70%', '100%', '72%', '68%']  memcached=210.0%
[monitor] ['72%', '100%', '71%', '69%']  memcached=212.1%
[monitor] ['72%', '100%', '74%', '69%']  memcached=216.1%
[monitor] ['70%', '100%', '70%', '64%']  memcached=204.1%
[monitor] ['68%', '100%', '72%', '68%']  memcached=208.5%
[monitor] ['70%', '100%', '71%', '67%']  memcached=207.4%
[monitor] ['72%', '100%', '72%', '66%']  memcached=209.4%
[monitor] ['70%', '100%', '72%', '68%']  memcached=209.3%
[monitor] ['72%', '100%', '72%', '69%']  memcached=214.2%
[monitor] ['65%', '100%', '65%', '62%']  memcached=191.5%
[monitor] ['49%', '100%', '51%', '46%']  memcached=145.9%
[monitor] ['52%', '100%', '54%', '47%']  memcached=153.5%
[monitor] ['53%', '100%', '53%', '49%']  memcached=153.9%
[monitor] ['47%', '100%', '54%', '44%']  memcached=145.5%
[monitor] ['52%', '100%', '54%', '47%']  memcached=153.5%
[monitor] ['50%', '100%', '51%', '44%']  memcached=145.7%
[monitor] ['49%', '100%', '51%', '47%']  memcached=147.4%
[monitor] ['54%', '100%', '54%', '46%']  memcached=153.3%
[monitor] ['50%', '100%', '52%', '46%']  memcached=148.4%
[monitor] ['49%', '100%', '54%', '46%']  memcached=148.3%
[monitor] ['50%', '100%', '51%', '49%']  memcached=150.0%
[monitor] ['52%', '100%', '50%', '46%']  memcached=148.4%
[monitor] ['53%', '100%', '55%', '49%']  memcached=156.3%
[monitor] ['52%', '100%', '52%', '44%']  memcached=149.3%
[monitor] ['54%', '100%', '55%', '49%']  memcached=157.5%
[monitor] ['51%', '100%', '51%', '47%']  memcached=149.9%
[monitor] ['55%', '100%', '56%', '53%']  memcached=163.7%
[monitor] ['61%', '100%', '61%', '54%']  memcached=175.8%
[monitor] ['60%', '100%', '60%', '55%']  memcached=174.0%
[monitor] ['59%', '100%', '59%', '56%']  memcached=173.5%
[monitor] ['59%', '100%', '59%', '52%']  memcached=169.6%
[monitor] ['59%', '100%', '61%', '57%']  memcached=177.0%
[monitor] ['56%', '100%', '60%', '54%']  memcached=169.8%
[monitor] ['59%', '100%', '60%', '55%']  memcached=173.1%
[monitor] ['58%', '100%', '59%', '54%']  memcached=170.5%
[monitor] ['57%', '100%', '60%', '55%']  memcached=172.5%
[monitor] ['57%', '100%', '60%', '54%']  memcached=170.5%
[monitor] ['60%', '100%', '60%', '55%']  memcached=174.0%
[monitor] ['57%', '100%', '60%', '54%']  memcached=170.9%
[monitor] ['57%', '100%', '57%', '51%']  memcached=165.9%
[monitor] ['60%', '100%', '60%', '54%']  memcached=172.9%
[monitor] ['57%', '100%', '61%', '56%']  memcached=174.9%
[monitor] ['59%', '100%', '57%', '55%']  memcached=170.7%
[monitor] ['50%', '100%', '54%', '45%']  memcached=148.4%
[monitor] ['46%', '100%', '50%', '46%']  memcached=142.1%
[monitor] ['46%', '100%', '50%', '42%']  memcached=137.6%
[MEMCACHED] cores updated to: ['0', '3']
[barnes] unpaused.
[blackscholes] paused.
[monitor] ['60%', '100%', '100%', '58%']  memcached=117.7%
[monitor] ['56%', '100%', '100%', '55%']  memcached=111.1%
[monitor] ['60%', '100%', '100%', '59%']  memcached=118.1%
[monitor] ['57%', '100%', '100%', '59%']  memcached=116.0%
[monitor] ['57%', '100%', '100%', '57%']  memcached=114.3%
[monitor] ['60%', '100%', '100%', '56%']  memcached=115.6%
[monitor] ['57%', '100%', '100%', '59%']  memcached=115.7%
[monitor] ['57%', '100%', '100%', '55%']  memcached=112.1%
[monitor] ['60%', '100%', '100%', '58%']  memcached=118.6%
[monitor] ['60%', '100%', '100%', '56%']  memcached=115.9%
[monitor] ['59%', '100%', '100%', '61%']  memcached=119.9%
[monitor] ['56%', '100%', '100%', '57%']  memcached=113.2%
[monitor] ['59%', '100%', '100%', '57%']  memcached=116.0%
[monitor] ['39%', '100%', '100%', '40%']  memcached=78.9%
[monitor] ['26%', '100%', '100%', '25%']  memcached=50.8%
[MEMCACHED] cores updated to: ['0']
[blackscholes] unpaused.
[blackscholes] cores updated to: [3]
[monitor] ['55%', '81%', '63%', '100%']  memcached=54.5%
[monitor] ['57%', '100%', '100%', '100%']  memcached=56.8%
[monitor] ['59%', '87%', '100%', '100%']  memcached=59.1%
[monitor] ['58%', '100%', '100%', '100%']  memcached=57.8%
[monitor] ['55%', '100%', '100%', '100%']  memcached=54.5%
[monitor] ['55%', '100%', '100%', '100%']  memcached=54.5%
[monitor] ['55%', '100%', '100%', '100%']  memcached=54.8%
[monitor] ['56%', '100%', '100%', '100%']  memcached=55.8%
[monitor] ['55%', '100%', '100%', '100%']  memcached=54.5%
[monitor] ['55%', '100%', '100%', '100%']  memcached=54.5%
[monitor] ['58%', '100%', '100%', '100%']  memcached=57.8%
[monitor] ['56%', '100%', '100%', '100%']  memcached=55.8%
[monitor] ['56%', '100%', '100%', '100%']  memcached=55.8%
[monitor] ['56%', '100%', '100%', '100%']  memcached=55.8%
[monitor] ['60%', '100%', '100%', '100%']  memcached=60.5%
[monitor] ['100%', '100%', '100%', '100%']  memcached=100.0%
[MEMCACHED] cores updated to: ['0', '1', '2']
[barnes] paused.
[monitor] ['81%', '76%', '78%', '100%']  memcached=235.2%
[monitor] ['72%', '72%', '74%', '100%']  memcached=217.9%
[monitor] ['70%', '70%', '71%', '100%']  memcached=210.7%
[monitor] ['72%', '72%', '74%', '100%']  memcached=218.0%
[monitor] ['70%', '71%', '72%', '100%']  memcached=213.2%
[monitor] ['72%', '70%', '72%', '100%']  memcached=214.3%
[monitor] ['70%', '72%', '71%', '100%']  memcached=212.5%
[monitor] ['72%', '72%', '72%', '100%']  memcached=215.4%
[monitor] ['70%', '69%', '72%', '100%']  memcached=211.0%
[monitor] ['70%', '70%', '72%', '100%']  memcached=212.5%
[monitor] ['74%', '77%', '74%', '100%']  memcached=225.6%
[monitor] ['72%', '72%', '75%', '100%']  memcached=219.3%
[monitor] ['71%', '72%', '71%', '100%']  memcached=214.6%
[monitor] ['71%', '70%', '72%', '100%']  memcached=213.2%
[monitor] ['71%', '69%', '70%', '100%']  memcached=210.0%
[monitor] ['64%', '66%', '67%', '100%']  memcached=196.6%
[monitor] ['62%', '65%', '63%', '100%']  memcached=190.4%
[monitor] ['64%', '66%', '62%', '100%']  memcached=191.7%
[monitor] ['62%', '64%', '64%', '100%']  memcached=190.5%
[monitor] ['63%', '63%', '63%', '100%']  memcached=190.2%
[monitor] ['63%', '67%', '64%', '100%']  memcached=194.4%
[monitor] ['63%', '64%', '62%', '100%']  memcached=189.0%
[monitor] ['63%', '63%', '63%', '100%']  memcached=190.2%
[monitor] ['62%', '63%', '64%', '100%']  memcached=189.6%
[monitor] ['67%', '68%', '68%', '100%']  memcached=202.5%
[monitor] ['63%', '64%', '62%', '100%']  memcached=189.0%
[monitor] ['62%', '65%', '63%', '100%']  memcached=190.9%
[monitor] ['63%', '63%', '64%', '100%']  memcached=190.5%
[monitor] ['62%', '64%', '63%', '100%']  memcached=190.0%
[monitor] ['66%', '65%', '66%', '100%']  memcached=196.7%
[monitor] ['65%', '66%', '64%', '100%']  memcached=195.3%
[monitor] ['63%', '65%', '66%', '100%']  memcached=194.3%
[monitor] ['73%', '76%', '74%', '100%']  memcached=223.0%
[monitor] ['72%', '74%', '74%', '100%']  memcached=220.5%
[monitor] ['74%', '78%', '76%', '100%']  memcached=227.8%
[monitor] ['81%', '81%', '83%', '97%']  memcached=245.0%
[blackscholes] ended.
[monitor] ['76%', '74%', '74%', '96%']  memcached=223.7%
[monitor] ['75%', '72%', '75%', '100%']  memcached=222.2%
[monitor] ['73%', '74%', '76%', '100%']  memcached=223.0%
[monitor] ['90%', '76%', '76%', '100%']  memcached=242.2%
[monitor] ['97%', '77%', '76%', '25%']  memcached=250.5%
[monitor] ['76%', '92%', '76%', '73%']  memcached=244.9%
[monitor] ['76%', '77%', '78%', '4%']  memcached=231.8%
[monitor] ['74%', '74%', '76%', '4%']  memcached=225.0%
[monitor] ['72%', '72%', '72%', '8%']  memcached=215.4%
[monitor] ['72%', '71%', '74%', '8%']  memcached=217.2%
[monitor] ['72%', '72%', '74%', '0%']  memcached=219.1%
[monitor] ['74%', '71%', '74%', '14%']  memcached=219.1%
[monitor] ['78%', '78%', '79%', '4%']  memcached=235.1%
[monitor] ['81%', '83%', '86%', '9%']  memcached=249.1%
[monitor] ['83%', '81%', '85%', '0%']  memcached=248.7%
[monitor] ['81%', '83%', '84%', '8%']  memcached=248.2%
[monitor] ['83%', '85%', '85%', '8%']  memcached=253.0%
[monitor] ['83%', '85%', '86%', '4%']  memcached=254.7%
[monitor] ['86%', '86%', '88%', '0%']  memcached=259.3%
[monitor] ['81%', '81%', '86%', '4%']  memcached=247.4%
[monitor] ['84%', '82%', '86%', '4%']  memcached=251.9%
[monitor] ['80%', '83%', '83%', '8%']  memcached=246.2%
[monitor] ['83%', '81%', '86%', '8%']  memcached=249.6%
[monitor] ['81%', '83%', '83%', '4%']  memcached=246.7%
[monitor] ['83%', '86%', '86%', '4%']  memcached=255.2%
[monitor] ['83%', '81%', '85%', '4%']  memcached=249.2%
[monitor] ['81%', '83%', '86%', '4%']  memcached=249.1%
[monitor] ['82%', '83%', '83%', '8%']  memcached=247.3%
[monitor] ['82%', '81%', '86%', '4%']  memcached=248.6%
[monitor] ['72%', '71%', '74%', '4%']  memcached=217.9%
[monitor] ['70%', '72%', '72%', '4%']  memcached=213.6%
[monitor] ['75%', '74%', '76%', '12%']  memcached=225.0%
[monitor] ['70%', '69%', '72%', '0%']  memcached=211.7%
[monitor] ['71%', '68%', '72%', '4%']  memcached=212.3%
[monitor] ['71%', '71%', '69%', '8%']  memcached=211.3%
[monitor] ['71%', '69%', '76%', '4%']  memcached=215.6%
[monitor] ['71%', '68%', '72%', '4%']  memcached=212.0%
[monitor] ['69%', '73%', '74%', '4%']  memcached=216.1%
[monitor] ['71%', '69%', '72%', '4%']  memcached=211.8%
[monitor] ['69%', '68%', '72%', '0%']  memcached=210.2%
[monitor] ['70%', '70%', '72%', '8%']  memcached=212.3%
[monitor] ['69%', '69%', '72%', '8%']  memcached=211.0%
[monitor] ['71%', '71%', '74%', '4%']  memcached=216.8%
[monitor] ['70%', '70%', '72%', '7%']  memcached=212.5%
[monitor] ['72%', '69%', '72%', '4%']  memcached=214.2%
[monitor] ['61%', '58%', '64%', '4%']  memcached=183.0%
[monitor] ['46%', '44%', '46%', '4%']  memcached=136.5%
[MEMCACHED] cores updated to: ['0', '2']
[barnes] unpaused.
[barnes] cores updated to: [1, 3]
[monitor] ['60%', '100%', '61%', '100%']  memcached=121.8%
[monitor] ['61%', '100%', '60%', '100%']  memcached=121.8%
[monitor] ['61%', '100%', '60%', '100%']  memcached=120.9%
[monitor] ['59%', '100%', '61%', '100%']  memcached=120.5%
[monitor] ['61%', '100%', '57%', '100%']  memcached=118.5%
[monitor] ['60%', '100%', '61%', '100%']  memcached=121.8%
[monitor] ['59%', '100%', '60%', '100%']  memcached=118.6%
[monitor] ['61%', '100%', '61%', '100%']  memcached=122.7%
[monitor] ['60%', '100%', '60%', '100%']  memcached=120.0%
[monitor] ['60%', '100%', '59%', '100%']  memcached=119.1%
[monitor] ['60%', '100%', '61%', '100%']  memcached=120.9%
[monitor] ['59%', '100%', '60%', '100%']  memcached=118.6%
[monitor] ['60%', '100%', '58%', '100%']  memcached=118.6%
[monitor] ['60%', '100%', '60%', '100%']  memcached=120.9%
[monitor] ['61%', '100%', '59%', '100%']  memcached=119.9%
[monitor] ['28%', '100%', '27%', '100%']  memcached=55.4%
[MEMCACHED] cores updated to: ['0']
[monitor] ['33%', '100%', '0%', '100%']  memcached=33.3%
[monitor] ['39%', '100%', '7%', '100%']  memcached=38.9%
[monitor] ['36%', '100%', '3%', '100%']  memcached=36.1%
[monitor] ['35%', '100%', '0%', '100%']  memcached=35.3%
[monitor] ['37%', '100%', '7%', '100%']  memcached=37.1%
[monitor] ['34%', '100%', '0%', '100%']  memcached=34.3%
[monitor] ['33%', '100%', '0%', '100%']  memcached=33.3%
[monitor] ['36%', '100%', '3%', '100%']  memcached=36.1%
[monitor] ['31%', '100%', '0%', '100%']  memcached=31.2%
[monitor] ['34%', '100%', '3%', '100%']  memcached=34.3%
[monitor] ['34%', '100%', '3%', '100%']  memcached=34.3%
[monitor] ['33%', '100%', '3%', '100%']  memcached=33.3%
[monitor] ['39%', '100%', '0%', '100%']  memcached=38.9%
[monitor] ['34%', '100%', '7%', '100%']  memcached=34.3%
[monitor] ['37%', '100%', '0%', '100%']  memcached=37.1%
[monitor] ['53%', '100%', '4%', '100%']  memcached=52.9%
[monitor] ['100%', '100%', '19%', '100%']  memcached=100.0%
[MEMCACHED] cores updated to: ['0', '1', '3']
[barnes] paused.
[monitor] ['64%', '67%', '12%', '66%']  memcached=196.6%
[monitor] ['67%', '68%', '4%', '66%']  memcached=200.0%
[monitor] ['66%', '68%', '4%', '66%']  memcached=200.0%
[monitor] ['68%', '71%', '4%', '68%']  memcached=205.7%
[monitor] ['67%', '70%', '4%', '67%']  memcached=203.3%
[monitor] ['65%', '65%', '4%', '65%']  memcached=195.0%
[monitor] ['64%', '68%', '8%', '65%']  memcached=197.4%
[monitor] ['67%', '71%', '4%', '65%']  memcached=202.4%
[monitor] ['64%', '68%', '4%', '66%']  memcached=197.5%
[monitor] ['65%', '68%', '4%', '66%']  memcached=199.1%
[monitor] ['65%', '69%', '8%', '63%']  memcached=197.5%
[monitor] ['63%', '68%', '0%', '66%']  memcached=197.3%
[monitor] ['65%', '70%', '8%', '65%']  memcached=200.0%
[monitor] ['65%', '68%', '4%', '65%']  memcached=198.3%
[monitor] ['66%', '68%', '4%', '66%']  memcached=200.0%
[monitor] ['64%', '66%', '8%', '66%']  memcached=195.8%
[monitor] ['64%', '67%', '0%', '67%']  memcached=197.4%
[monitor] ['65%', '68%', '4%', '65%']  memcached=198.3%
[monitor] ['64%', '68%', '16%', '65%']  memcached=197.4%
[monitor] ['64%', '69%', '4%', '65%']  memcached=198.2%
[monitor] ['65%', '68%', '4%', '66%']  memcached=199.1%
[monitor] ['62%', '69%', '4%', '64%']  memcached=195.8%
[monitor] ['63%', '68%', '8%', '64%']  memcached=195.6%
[monitor] ['68%', '69%', '8%', '67%']  memcached=203.2%
[monitor] ['66%', '68%', '0%', '65%']  memcached=198.4%
[monitor] ['63%', '69%', '4%', '64%']  memcached=196.5%
[monitor] ['66%', '68%', '8%', '65%']  memcached=198.4%
[monitor] ['65%', '70%', '8%', '65%']  memcached=200.0%
[monitor] ['65%', '67%', '4%', '67%']  memcached=198.3%
[monitor] ['62%', '68%', '8%', '62%']  memcached=192.3%
[monitor] ['65%', '68%', '8%', '66%']  memcached=199.1%
[monitor] ['68%', '69%', '0%', '68%']  memcached=205.9%
[monitor] ['73%', '79%', '12%', '73%']  memcached=224.9%
[monitor] ['74%', '74%', '8%', '72%']  memcached=220.5%
[monitor] ['72%', '76%', '9%', '72%']  memcached=219.9%
[monitor] ['73%', '76%', '4%', '72%']  memcached=221.8%
[monitor] ['74%', '77%', '5%', '74%']  memcached=225.6%
[monitor] ['76%', '78%', '5%', '74%']  memcached=229.1%
[monitor] ['75%', '76%', '12%', '74%']  memcached=225.7%
[monitor] ['71%', '76%', '4%', '71%']  memcached=217.8%
[monitor] ['74%', '75%', '12%', '72%']  memcached=221.2%
[monitor] ['72%', '76%', '0%', '74%']  memcached=221.8%
[monitor] ['74%', '76%', '12%', '72%']  memcached=221.8%
[monitor] ['74%', '76%', '9%', '72%']  memcached=221.9%
[monitor] ['74%', '77%', '0%', '74%']  memcached=225.6%
[monitor] ['76%', '79%', '5%', '74%']  memcached=229.0%
[monitor] ['76%', '79%', '5%', '74%']  memcached=229.6%
[monitor] ['72%', '74%', '5%', '72%']  memcached=217.3%
[monitor] ['59%', '66%', '0%', '62%']  memcached=187.8%
[monitor] ['53%', '59%', '4%', '55%']  memcached=166.2%
[monitor] ['50%', '60%', '14%', '57%']  memcached=167.0%
[monitor] ['56%', '60%', '8%', '58%']  memcached=174.7%
[monitor] ['55%', '58%', '4%', '56%']  memcached=169.5%
[monitor] ['53%', '61%', '7%', '59%']  memcached=172.1%
[monitor] ['51%', '60%', '4%', '56%']  memcached=167.9%
[monitor] ['54%', '60%', '0%', '56%']  memcached=169.5%
[monitor] ['54%', '59%', '4%', '55%']  memcached=167.4%
[monitor] ['53%', '60%', '7%', '55%']  memcached=167.2%
[monitor] ['49%', '58%', '4%', '55%']  memcached=161.8%
[monitor] ['54%', '59%', '4%', '57%']  memcached=169.5%
[monitor] ['55%', '57%', '8%', '57%']  memcached=169.6%
[monitor] ['53%', '60%', '4%', '58%']  memcached=170.3%
[monitor] ['53%', '59%', '4%', '55%']  memcached=166.2%
[monitor] ['56%', '61%', '8%', '60%']  memcached=176.9%
[monitor] ['49%', '57%', '4%', '55%']  memcached=160.8%
[monitor] ['17%', '27%', '7%', '23%']  memcached=67.1%
[MEMCACHED] cores updated to: ['0', '3']
[barnes] unpaused.
[barnes] cores updated to: [1, 2]
[monitor] ['43%', '100%', '100%', '45%']  memcached=88.0%
[monitor] ['46%', '100%', '100%', '51%']  memcached=97.2%
[monitor] ['51%', '100%', '100%', '47%']  memcached=98.5%
[monitor] ['47%', '100%', '100%', '48%']  memcached=94.9%
[monitor] ['49%', '100%', '100%', '50%']  memcached=98.8%
[monitor] ['42%', '100%', '100%', '42%']  memcached=83.8%
[monitor] ['43%', '100%', '100%', '43%']  memcached=86.5%
[monitor] ['45%', '100%', '100%', '43%']  memcached=88.0%
[monitor] ['45%', '100%', '100%', '43%']  memcached=88.0%
[monitor] ['40%', '100%', '100%', '43%']  memcached=83.2%
[monitor] ['46%', '100%', '100%', '45%']  memcached=90.9%
[monitor] ['41%', '100%', '100%', '39%']  memcached=79.4%
[monitor] ['43%', '100%', '100%', '45%']  memcached=88.0%
[monitor] ['42%', '100%', '100%', '45%']  memcached=86.4%
[monitor] ['54%', '100%', '62%', '51%']  memcached=105.5%
[monitor] ['76%', '100%', '0%', '77%']  memcached=152.6%
[monitor] ['77%', '100%', '4%', '76%']  memcached=152.8%
[monitor] ['78%', '85%', '33%', '75%']  memcached=153.4%
[monitor] ['80%', '36%', '67%', '83%']  memcached=162.9%
[barnes] ended.
[MEMCACHED] cores updated to: ['0', '2', '3']
[canneal] started on cores: [1] with 3 threads.
[monitor] ['67%', '100%', '69%', '70%']  memcached=205.7%
[monitor] ['69%', '100%', '70%', '70%']  memcached=209.0%
[monitor] ['68%', '100%', '69%', '68%']  memcached=205.0%
[monitor] ['70%', '100%', '68%', '71%']  memcached=208.2%
[monitor] ['70%', '100%', '72%', '70%']  memcached=212.5%
[monitor] ['68%', '100%', '69%', '68%']  memcached=204.2%
[monitor] ['69%', '100%', '68%', '71%']  memcached=208.1%
[monitor] ['68%', '100%', '70%', '68%']  memcached=205.8%
[monitor] ['68%', '100%', '68%', '68%']  memcached=204.1%
[monitor] ['67%', '100%', '69%', '68%']  memcached=204.0%
[monitor] ['68%', '100%', '67%', '68%']  memcached=202.5%
[monitor] ['64%', '100%', '66%', '66%']  memcached=195.8%
[monitor] ['62%', '100%', '62%', '64%']  memcached=188.7%
[monitor] ['62%', '100%', '63%', '61%']  memcached=186.3%
[monitor] ['62%', '100%', '61%', '62%']  memcached=184.8%
[monitor] ['61%', '100%', '62%', '63%']  memcached=185.7%
[monitor] ['63%', '100%', '63%', '63%']  memcached=188.4%
[monitor] ['63%', '100%', '62%', '59%']  memcached=183.7%
[monitor] ['60%', '100%', '63%', '62%']  memcached=184.8%
[monitor] ['68%', '100%', '67%', '71%']  memcached=204.9%
[monitor] ['61%', '100%', '63%', '80%']  memcached=204.4%
[monitor] ['62%', '100%', '60%', '64%']  memcached=185.5%
[monitor] ['61%', '100%', '63%', '60%']  memcached=184.4%
[monitor] ['60%', '100%', '61%', '63%']  memcached=184.9%
[monitor] ['60%', '100%', '62%', '61%']  memcached=182.9%
[monitor] ['60%', '100%', '61%', '63%']  memcached=184.4%
[monitor] ['63%', '100%', '63%', '62%']  memcached=188.1%
[monitor] ['60%', '100%', '62%', '63%']  memcached=184.7%
[monitor] ['55%', '100%', '57%', '55%']  memcached=167.5%
[monitor] ['54%', '100%', '54%', '55%']  memcached=162.3%
[monitor] ['52%', '100%', '57%', '55%']  memcached=164.4%
[monitor] ['55%', '100%', '54%', '55%']  memcached=164.1%
[monitor] ['54%', '100%', '54%', '54%']  memcached=161.2%
[monitor] ['54%', '100%', '55%', '55%']  memcached=163.7%
[monitor] ['54%', '100%', '54%', '54%']  memcached=161.0%
[monitor] ['55%', '100%', '57%', '55%']  memcached=167.1%
[monitor] ['55%', '100%', '55%', '54%']  memcached=163.6%
[monitor] ['54%', '100%', '55%', '55%']  memcached=163.2%
[monitor] ['67%', '100%', '72%', '57%']  memcached=197.4%
[monitor] ['55%', '100%', '56%', '57%']  memcached=168.2%
[monitor] ['54%', '100%', '55%', '54%']  memcached=162.3%
[monitor] ['55%', '100%', '55%', '52%']  memcached=162.5%
[monitor] ['53%', '100%', '54%', '55%']  memcached=161.3%
[monitor] ['54%', '100%', '54%', '55%']  memcached=162.5%
[monitor] ['55%', '100%', '57%', '52%']  memcached=164.6%
[monitor] ['57%', '100%', '59%', '60%']  memcached=175.6%
[monitor] ['58%', '100%', '60%', '57%']  memcached=175.2%
[monitor] ['59%', '100%', '59%', '60%']  memcached=176.6%
[monitor] ['58%', '100%', '58%', '57%']  memcached=173.4%
[monitor] ['54%', '100%', '59%', '57%']  memcached=169.9%
[monitor] ['59%', '100%', '60%', '60%']  memcached=178.5%
[monitor] ['59%', '100%', '60%', '60%']  memcached=177.6%
[monitor] ['57%', '100%', '59%', '60%']  memcached=175.7%
[monitor] ['57%', '100%', '59%', '59%']  memcached=175.1%
[monitor] ['58%', '100%', '58%', '57%']  memcached=173.8%
[monitor] ['56%', '100%', '59%', '57%']  memcached=171.8%
[monitor] ['57%', '100%', '60%', '60%']  memcached=176.2%
[monitor] ['57%', '100%', '55%', '56%']  memcached=168.9%
[monitor] ['56%', '100%', '60%', '60%']  memcached=175.1%
[monitor] ['58%', '100%', '59%', '57%']  memcached=173.8%
[monitor] ['57%', '100%', '59%', '61%']  memcached=177.0%
[monitor] ['50%', '100%', '50%', '50%']  memcached=150.0%
[monitor] ['43%', '100%', '47%', '46%']  memcached=136.6%
[MEMCACHED] cores updated to: ['0', '3']
[canneal] cores updated to: [1, 2]
[monitor] ['57%', '100%', '7%', '53%']  memcached=109.4%
[monitor] ['56%', '100%', '7%', '54%']  memcached=109.9%
[monitor] ['55%', '100%', '10%', '51%']  memcached=106.0%
[monitor] ['58%', '100%', '4%', '51%']  memcached=109.4%
[monitor] ['57%', '100%', '4%', '53%']  memcached=109.8%
[monitor] ['54%', '100%', '4%', '54%']  memcached=107.5%
[monitor] ['56%', '100%', '10%', '52%']  memcached=108.6%
[monitor] ['56%', '100%', '4%', '55%']  memcached=111.1%
[monitor] ['56%', '100%', '4%', '51%']  memcached=107.1%
[monitor] ['57%', '100%', '4%', '55%']  memcached=112.1%
[monitor] ['57%', '100%', '7%', '50%']  memcached=106.8%
[monitor] ['55%', '100%', '4%', '52%']  memcached=107.5%
[monitor] ['55%', '100%', '4%', '53%']  memcached=107.4%
[monitor] ['57%', '100%', '7%', '51%']  memcached=108.4%
[monitor] ['54%', '100%', '0%', '52%']  memcached=106.2%
[monitor] ['74%', '100%', '4%', '74%']  memcached=148.0%
[monitor] ['73%', '100%', '4%', '74%']  memcached=147.3%
[monitor] ['74%', '100%', '8%', '74%']  memcached=147.4%
[monitor] ['74%', '100%', '0%', '74%']  memcached=148.7%
[monitor] ['76%', '100%', '8%', '76%']  memcached=152.0%
[monitor] ['74%', '100%', '4%', '73%']  memcached=146.7%
[monitor] ['74%', '100%', '0%', '75%']  memcached=148.7%
[monitor] ['72%', '100%', '4%', '74%']  memcached=145.9%
[monitor] ['76%', '100%', '12%', '74%']  memcached=150.0%
[monitor] ['74%', '100%', '4%', '72%']  memcached=145.5%
[monitor] ['73%', '100%', '4%', '74%']  memcached=147.3%
[monitor] ['76%', '100%', '8%', '76%']  memcached=151.4%
[monitor] ['79%', '100%', '0%', '78%']  memcached=157.3%
[monitor] ['76%', '100%', '4%', '74%']  memcached=150.0%
[monitor] ['74%', '100%', '0%', '74%']  memcached=148.0%
[monitor] ['73%', '100%', '8%', '75%']  memcached=148.0%
[monitor] ['75%', '100%', '4%', '74%']  memcached=149.4%
[monitor] ['78%', '100%', '4%', '78%']  memcached=156.2%
[monitor] ['76%', '100%', '4%', '78%']  memcached=154.1%
[monitor] ['81%', '100%', '4%', '81%']  memcached=161.6%
[MEMCACHED] cores updated to: ['0', '1', '3']
[canneal] cores updated to: [2]
[monitor] ['69%', '68%', '100%', '65%']  memcached=201.7%
[monitor] ['71%', '71%', '100%', '68%']  memcached=209.8%
[monitor] ['70%', '70%', '100%', '67%']  memcached=206.7%
[monitor] ['68%', '69%', '100%', '68%']  memcached=205.6%
[monitor] ['69%', '70%', '100%', '65%']  memcached=204.2%
[monitor] ['73%', '72%', '100%', '70%']  memcached=215.4%
[monitor] ['69%', '68%', '100%', '68%']  memcached=205.0%
[monitor] ['68%', '71%', '100%', '66%']  memcached=204.9%
[monitor] ['71%', '70%', '100%', '68%']  memcached=209.0%
[monitor] ['70%', '70%', '100%', '69%']  memcached=209.0%
[monitor] ['71%', '70%', '100%', '65%']  memcached=205.7%
[monitor] ['72%', '72%', '100%', '71%']  memcached=215.7%
[monitor] ['74%', '72%', '100%', '68%']  memcached=213.0%
[monitor] ['66%', '65%', '100%', '62%']  memcached=192.9%
[monitor] ['63%', '62%', '100%', '60%']  memcached=185.3%
[monitor] ['62%', '62%', '100%', '59%']  memcached=182.3%
[monitor] ['61%', '62%', '100%', '57%']  memcached=180.4%
[monitor] ['63%', '62%', '100%', '59%']  memcached=183.2%
[monitor] ['62%', '60%', '100%', '56%']  memcached=179.1%
[monitor] ['64%', '63%', '100%', '60%']  memcached=186.8%
[monitor] ['61%', '60%', '100%', '56%']  memcached=177.5%
[monitor] ['61%', '61%', '100%', '57%']  memcached=179.5%
[monitor] ['62%', '62%', '100%', '57%']  memcached=181.3%
[monitor] ['61%', '61%', '100%', '60%']  memcached=181.5%
[monitor] ['64%', '62%', '100%', '56%']  memcached=182.6%
[monitor] ['64%', '60%', '100%', '59%']  memcached=182.6%
[monitor] ['61%', '62%', '100%', '60%']  memcached=182.4%
[monitor] ['61%', '61%', '100%', '56%']  memcached=178.4%
[monitor] ['60%', '62%', '100%', '60%']  memcached=181.0%
[monitor] ['64%', '60%', '100%', '57%']  memcached=180.3%
[monitor] ['61%', '60%', '100%', '57%']  memcached=178.5%
[monitor] ['59%', '60%', '100%', '56%']  memcached=175.4%
[monitor] ['61%', '60%', '100%', '57%']  memcached=177.6%
[monitor] ['62%', '62%', '100%', '59%']  memcached=182.8%
[monitor] ['62%', '61%', '100%', '58%']  memcached=181.4%
[monitor] ['61%', '62%', '100%', '57%']  memcached=180.4%
[monitor] ['61%', '60%', '100%', '57%']  memcached=179.0%
[monitor] ['63%', '60%', '100%', '57%']  memcached=180.3%
[monitor] ['63%', '61%', '100%', '57%']  memcached=180.9%
[monitor] ['59%', '59%', '100%', '59%']  memcached=175.6%
[monitor] ['60%', '60%', '100%', '56%']  memcached=176.1%
[monitor] ['59%', '62%', '100%', '59%']  memcached=179.0%
[monitor] ['63%', '64%', '100%', '59%']  memcached=185.6%
[monitor] ['61%', '60%', '100%', '56%']  memcached=177.9%
[monitor] ['60%', '59%', '100%', '60%']  memcached=177.6%
[monitor] ['59%', '62%', '100%', '57%']  memcached=177.9%
[monitor] ['73%', '73%', '100%', '69%']  memcached=215.2%
[monitor] ['78%', '83%', '100%', '79%']  memcached=240.7%
[monitor] ['78%', '81%', '100%', '74%']  memcached=232.6%
[monitor] ['81%', '80%', '100%', '78%']  memcached=239.5%
[monitor] ['79%', '82%', '100%', '78%']  memcached=238.9%
[monitor] ['79%', '78%', '100%', '74%']  memcached=231.0%
[monitor] ['81%', '81%', '100%', '76%']  memcached=237.4%
[monitor] ['79%', '79%', '100%', '76%']  memcached=233.6%
[monitor] ['78%', '78%', '100%', '76%']  memcached=231.2%
[monitor] ['81%', '81%', '100%', '76%']  memcached=238.0%
[monitor] ['79%', '81%', '100%', '76%']  memcached=236.3%
[monitor] ['78%', '81%', '100%', '76%']  memcached=235.8%
[monitor] ['81%', '83%', '100%', '78%']  memcached=241.7%
[monitor] ['83%', '86%', '100%', '79%']  memcached=248.5%
[monitor] ['78%', '81%', '100%', '78%']  memcached=236.7%
[monitor] ['79%', '81%', '100%', '76%']  memcached=236.3%
[monitor] ['74%', '77%', '100%', '74%']  memcached=225.1%
[monitor] ['12%', '3%', '100%', '3%']  memcached=19.4%
[MEMCACHED] cores updated to: ['0', '3']
[canneal] cores updated to: [1, 2]
[monitor] ['10%', '90%', '93%', '0%']  memcached=10.3%
[MEMCACHED] cores updated to: ['0']
[canneal] cores updated to: [3, 1, 2]
[monitor] ['14%', '97%', '87%', '100%']  memcached=13.8%
[monitor] ['14%', '100%', '90%', '97%']  memcached=14.3%
[monitor] ['11%', '100%', '90%', '100%']  memcached=10.7%
[monitor] ['19%', '100%', '90%', '97%']  memcached=19.4%
[monitor] ['7%', '100%', '87%', '100%']  memcached=7.1%
[monitor] ['11%', '97%', '93%', '100%']  memcached=10.7%
[monitor] ['7%', '100%', '100%', '97%']  memcached=7.4%
[monitor] ['11%', '97%', '97%', '97%']  memcached=10.7%
[monitor] ['11%', '100%', '100%', '100%']  memcached=10.7%
[monitor] ['11%', '97%', '97%', '97%']  memcached=10.7%
[monitor] ['11%', '97%', '97%', '97%']  memcached=11.1%
[monitor] ['7%', '100%', '97%', '100%']  memcached=7.1%
[monitor] ['11%', '97%', '100%', '97%']  memcached=10.7%
[monitor] ['4%', '100%', '94%', '100%']  memcached=4.0%
[monitor] ['42%', '100%', '97%', '97%']  memcached=42.1%
[monitor] ['55%', '93%', '100%', '93%']  memcached=54.8%
[monitor] ['59%', '97%', '100%', '97%']  memcached=58.7%
[monitor] ['51%', '100%', '90%', '100%']  memcached=51.2%
[monitor] ['53%', '100%', '93%', '97%']  memcached=53.5%
[monitor] ['53%', '100%', '93%', '100%']  memcached=53.5%
[monitor] ['53%', '100%', '93%', '97%']  memcached=53.5%
[monitor] ['51%', '100%', '93%', '100%']  memcached=51.2%
[monitor] ['52%', '97%', '90%', '100%']  memcached=52.4%
[monitor] ['50%', '100%', '90%', '97%']  memcached=50.0%
[monitor] ['53%', '100%', '90%', '100%']  memcached=53.5%
[monitor] ['51%', '100%', '93%', '97%']  memcached=51.2%
[monitor] ['51%', '100%', '93%', '100%']  memcached=51.2%
[monitor] ['53%', '100%', '90%', '97%']  memcached=53.5%
[monitor] ['51%', '100%', '93%', '100%']  memcached=51.2%
[monitor] ['54%', '100%', '93%', '100%']  memcached=53.7%
[monitor] ['52%', '100%', '90%', '97%']  memcached=52.3%
[monitor] ['23%', '97%', '90%', '100%']  memcached=22.6%
[monitor] ['17%', '100%', '93%', '100%']  memcached=17.2%
[monitor] ['20%', '100%', '90%', '100%']  memcached=20.0%
[monitor] ['23%', '100%', '93%', '97%']  memcached=23.3%
[monitor] ['20%', '100%', '90%', '100%']  memcached=20.0%
[monitor] ['23%', '97%', '90%', '100%']  memcached=23.3%
[monitor] ['23%', '100%', '90%', '97%']  memcached=22.6%
[monitor] ['14%', '100%', '93%', '100%']  memcached=13.8%
[monitor] ['20%', '100%', '90%', '100%']  memcached=20.0%
[monitor] ['23%', '100%', '90%', '97%']  memcached=22.6%
[monitor] ['14%', '100%', '93%', '100%']  memcached=14.3%
[monitor] ['23%', '100%', '90%', '100%']  memcached=22.6%
[monitor] ['23%', '100%', '90%', '97%']  memcached=22.6%
[monitor] ['20%', '97%', '90%', '100%']  memcached=20.0%
[monitor] ['17%', '100%', '87%', '100%']  memcached=17.2%
[monitor] ['21%', '100%', '90%', '100%']  memcached=20.7%
[monitor] ['45%', '100%', '93%', '97%']  memcached=45.5%
[monitor] ['88%', '100%', '100%', '96%']  memcached=87.9%
[MEMCACHED] cores updated to: ['0', '2']
[canneal] cores updated to: [3, 1]
[monitor] ['67%', '97%', '67%', '93%']  memcached=133.3%
[monitor] ['67%', '93%', '68%', '94%']  memcached=135.6%
[monitor] ['67%', '97%', '66%', '97%']  memcached=133.3%
[monitor] ['67%', '97%', '68%', '97%']  memcached=135.0%
[monitor] ['67%', '97%', '67%', '93%']  memcached=134.9%
[monitor] ['67%', '97%', '67%', '97%']  memcached=134.9%
[monitor] ['68%', '97%', '67%', '94%']  memcached=135.7%
[monitor] ['67%', '97%', '67%', '96%']  memcached=134.9%
[monitor] ['65%', '97%', '67%', '97%']  memcached=131.8%
[monitor] ['67%', '100%', '67%', '97%']  memcached=133.3%
[monitor] ['67%', '97%', '67%', '94%']  memcached=134.9%
[monitor] ['67%', '97%', '67%', '97%']  memcached=134.9%
[monitor] ['69%', '97%', '69%', '96%']  memcached=138.1%
[monitor] ['69%', '97%', '69%', '94%']  memcached=138.1%
[monitor] ['67%', '100%', '67%', '97%']  memcached=134.9%
[monitor] ['31%', '93%', '33%', '93%']  memcached=64.6%
[MEMCACHED] cores updated to: ['0']
[canneal] cores updated to: [3, 1, 2]
[monitor] ['57%', '93%', '100%', '93%']  memcached=56.8%
[monitor] ['55%', '100%', '94%', '97%']  memcached=54.5%
[monitor] ['57%', '97%', '97%', '100%']  memcached=57.1%
[monitor] ['57%', '100%', '94%', '97%']  memcached=56.8%
[monitor] ['57%', '100%', '93%', '100%']  memcached=56.8%
[monitor] ['55%', '100%', '94%', '97%']  memcached=54.5%
[monitor] ['53%', '100%', '93%', '100%']  memcached=53.5%
[monitor] ['56%', '100%', '93%', '100%']  memcached=55.8%
[monitor] ['55%', '100%', '97%', '97%']  memcached=54.5%
[monitor] ['56%', '97%', '94%', '100%']  memcached=55.6%
[monitor] ['56%', '100%', '97%', '97%']  memcached=55.8%
[monitor] ['57%', '100%', '93%', '100%']  memcached=56.8%
[monitor] ['55%', '100%', '97%', '100%']  memcached=54.5%
[monitor] ['58%', '100%', '94%', '97%']  memcached=57.8%
[monitor] ['57%', '100%', '93%', '100%']  memcached=56.8%
[monitor] ['68%', '97%', '97%', '97%']  memcached=67.5%
[monitor] ['100%', '96%', '97%', '90%']  memcached=100.0%
[MEMCACHED] cores updated to: ['0', '1', '3']
[canneal] cores updated to: [2]
[monitor] ['81%', '78%', '100%', '81%']  memcached=238.9%
[monitor] ['71%', '72%', '100%', '69%']  memcached=212.5%
[monitor] ['72%', '72%', '100%', '70%']  memcached=213.6%
[monitor] ['72%', '73%', '100%', '69%']  memcached=214.2%
[monitor] ['72%', '74%', '100%', '72%']  memcached=218.7%
[monitor] ['71%', '73%', '100%', '69%']  memcached=213.1%
[monitor] ['72%', '72%', '100%', '68%']  memcached=212.6%
[monitor] ['72%', '74%', '100%', '72%']  memcached=218.7%
[monitor] ['70%', '72%', '100%', '68%']  memcached=210.8%
[monitor] ['71%', '74%', '100%', '70%']  memcached=214.7%
[monitor] ['73%', '72%', '100%', '72%']  memcached=218.2%
[monitor] ['72%', '72%', '100%', '68%']  memcached=212.6%
[monitor] ['71%', '72%', '100%', '70%']  memcached=212.5%
[monitor] ['74%', '74%', '100%', '71%']  memcached=218.4%
[monitor] ['72%', '73%', '100%', '70%']  memcached=215.0%
[monitor] ['30%', '27%', '100%', '23%']  memcached=80.3%
[MEMCACHED] cores updated to: ['0', '3']
[canneal] cores updated to: [1, 2]
[monitor] ['37%', '93%', '90%', '37%']  memcached=74.3%
[monitor] ['31%', '90%', '94%', '32%']  memcached=63.6%
[MEMCACHED] cores updated to: ['0']
[canneal] cores updated to: [3, 1, 2]
[monitor] ['62%', '97%', '93%', '97%']  memcached=62.2%
[monitor] ['61%', '100%', '93%', '100%']  memcached=60.9%
[monitor] ['59%', '100%', '97%', '97%']  memcached=59.1%
[monitor] ['61%', '100%', '93%', '100%']  memcached=60.9%
[monitor] ['59%', '100%', '93%', '100%']  memcached=58.7%
[monitor] ['62%', '100%', '97%', '97%']  memcached=61.7%
[monitor] ['60%', '100%', '94%', '100%']  memcached=60.0%
[monitor] ['61%', '100%', '97%', '97%']  memcached=60.9%
[monitor] ['60%', '100%', '93%', '100%']  memcached=60.0%
[monitor] ['60%', '97%', '97%', '97%']  memcached=60.0%
[monitor] ['61%', '100%', '93%', '100%']  memcached=60.9%
[monitor] ['61%', '100%', '93%', '97%']  memcached=60.9%
[monitor] ['60%', '100%', '97%', '100%']  memcached=60.0%
[monitor] ['72%', '97%', '97%', '93%']  memcached=71.8%
[monitor] ['100%', '93%', '100%', '90%']  memcached=100.0%
[MEMCACHED] cores updated to: ['0', '2', '3']
[canneal] cores updated to: [1]
[monitor] ['76%', '100%', '81%', '77%']  memcached=234.5%
[monitor] ['67%', '100%', '71%', '68%']  memcached=205.7%
[monitor] ['71%', '100%', '70%', '68%']  memcached=208.2%
[monitor] ['70%', '100%', '75%', '71%']  memcached=215.7%
[monitor] ['72%', '100%', '70%', '70%']  memcached=211.8%
[monitor] ['68%', '100%', '70%', '68%']  memcached=206.7%
[monitor] ['68%', '100%', '69%', '68%']  memcached=205.8%
[monitor] ['70%', '100%', '71%', '68%']  memcached=209.2%
[monitor] ['68%', '100%', '69%', '68%']  memcached=205.0%
[monitor] ['70%', '100%', '71%', '70%']  memcached=210.7%
[monitor] ['71%', '100%', '72%', '71%']  memcached=214.0%
[monitor] ['70%', '100%', '70%', '68%']  memcached=208.3%
[monitor] ['68%', '100%', '71%', '70%']  memcached=208.2%
[monitor] ['68%', '100%', '72%', '67%']  memcached=207.5%
[monitor] ['70%', '100%', '68%', '68%']  memcached=206.6%
[monitor] ['52%', '100%', '55%', '55%']  memcached=162.5%
[monitor] ['52%', '100%', '55%', '50%']  memcached=157.3%
[monitor] ['54%', '100%', '55%', '54%']  memcached=162.5%
[monitor] ['52%', '100%', '56%', '51%']  memcached=159.9%
[monitor] ['51%', '100%', '55%', '52%']  memcached=158.8%
[monitor] ['54%', '100%', '54%', '50%']  memcached=157.5%
[monitor] ['49%', '100%', '55%', '50%']  memcached=153.7%
[monitor] ['54%', '100%', '52%', '51%']  memcached=157.4%
[monitor] ['53%', '100%', '52%', '54%']  memcached=158.8%
[monitor] ['52%', '100%', '55%', '50%']  memcached=157.5%
[monitor] ['54%', '100%', '56%', '55%']  memcached=164.5%
[monitor] ['54%', '100%', '54%', '52%']  memcached=160.0%
[monitor] ['54%', '100%', '57%', '54%']  memcached=164.6%
[monitor] ['52%', '100%', '52%', '51%']  memcached=156.3%
[monitor] ['56%', '100%', '55%', '54%']  memcached=164.5%
[monitor] ['54%', '100%', '57%', '51%']  memcached=162.1%
[monitor] ['43%', '100%', '42%', '44%']  memcached=129.4%
[MEMCACHED] cores updated to: ['0', '3']
[canneal] cores updated to: [2, 1]
[monitor] ['26%', '90%', '93%', '28%']  memcached=53.9%
[MEMCACHED] cores updated to: ['0']
[canneal] cores updated to: [2, 1, 3]
[monitor] ['58%', '100%', '93%', '97%']  memcached=57.8%
[monitor] ['56%', '100%', '93%', '100%']  memcached=55.6%
[monitor] ['56%', '100%', '93%', '100%']  memcached=55.6%
[monitor] ['57%', '100%', '97%', '97%']  memcached=56.8%
[monitor] ['57%', '100%', '93%', '100%']  memcached=56.8%
[monitor] ['60%', '90%', '97%', '87%']  memcached=59.6%
[monitor] ['57%', '97%', '93%', '100%']  memcached=56.8%
[monitor] ['58%', '100%', '97%', '97%']  memcached=57.8%
[monitor] ['55%', '100%', '94%', '100%']  memcached=54.5%
[monitor] ['57%', '100%', '93%', '97%']  memcached=56.8%
[monitor] ['58%', '97%', '97%', '97%']  memcached=57.8%
[monitor] ['57%', '97%', '100%', '97%']  memcached=56.8%
[monitor] ['58%', '100%', '97%', '97%']  memcached=57.8%
[monitor] ['59%', '100%', '93%', '100%']  memcached=58.7%
[monitor] ['57%', '100%', '94%', '97%']  memcached=56.8%
[monitor] ['91%', '97%', '100%', '97%']  memcached=90.6%
[MEMCACHED] cores updated to: ['0', '1', '3']
[canneal] cores updated to: [2]
[monitor] ['82%', '83%', '100%', '81%']  memcached=246.2%
[monitor] ['74%', '74%', '100%', '72%']  memcached=221.2%
[monitor] ['77%', '77%', '100%', '72%']  memcached=225.6%
[monitor] ['75%', '73%', '100%', '72%']  memcached=219.8%
[monitor] ['74%', '75%', '100%', '73%']  memcached=222.5%
[monitor] ['72%', '76%', '100%', '71%']  memcached=218.5%
[monitor] ['72%', '74%', '100%', '72%']  memcached=218.7%
[monitor] ['74%', '75%', '100%', '72%']  memcached=221.2%
[monitor] ['74%', '74%', '100%', '72%']  memcached=219.9%
[monitor] ['74%', '74%', '100%', '71%']  memcached=219.4%
[monitor] ['72%', '74%', '100%', '72%']  memcached=217.9%
[monitor] ['77%', '76%', '100%', '74%']  memcached=226.3%
[monitor] ['74%', '77%', '100%', '73%']  memcached=224.5%
[monitor] ['72%', '74%', '100%', '71%']  memcached=217.2%
[monitor] ['77%', '74%', '100%', '73%']  memcached=224.5%
[monitor] ['69%', '70%', '100%', '68%']  memcached=206.5%
[monitor] ['62%', '66%', '100%', '60%']  memcached=188.4%
[monitor] ['62%', '63%', '100%', '61%']  memcached=185.7%
[monitor] ['61%', '62%', '100%', '60%']  memcached=183.9%
[monitor] ['63%', '62%', '100%', '61%']  memcached=186.3%
[monitor] ['62%', '64%', '100%', '59%']  memcached=185.8%
[monitor] ['62%', '62%', '100%', '60%']  memcached=184.3%
[monitor] ['63%', '64%', '100%', '61%']  memcached=188.1%
[monitor] ['62%', '64%', '100%', '62%']  memcached=188.7%
[monitor] ['64%', '61%', '100%', '60%']  memcached=185.3%
[monitor] ['63%', '64%', '100%', '59%']  memcached=185.6%
[monitor] ['61%', '63%', '100%', '63%']  memcached=186.6%
[monitor] ['65%', '62%', '100%', '60%']  memcached=188.1%
[monitor] ['62%', '62%', '100%', '60%']  memcached=183.8%
[monitor] ['63%', '64%', '100%', '61%']  memcached=188.7%
[monitor] ['63%', '63%', '100%', '60%']  memcached=186.2%
[monitor] ['61%', '63%', '100%', '60%']  memcached=183.3%
[monitor] ['76%', '79%', '100%', '74%']  memcached=229.0%
[monitor] ['79%', '83%', '100%', '79%']  memcached=240.8%
[monitor] ['83%', '86%', '100%', '81%']  memcached=249.6%
[monitor] ['81%', '81%', '100%', '78%']  memcached=239.5%
[monitor] ['81%', '86%', '100%', '78%']  memcached=244.6%
[monitor] ['83%', '83%', '100%', '81%']  memcached=247.3%
[monitor] ['83%', '85%', '100%', '81%']  memcached=248.7%
[monitor] ['81%', '81%', '100%', '78%']  memcached=239.4%
[monitor] ['81%', '83%', '100%', '78%']  memcached=242.3%
[monitor] ['81%', '86%', '100%', '81%']  memcached=247.9%
[monitor] ['81%', '81%', '100%', '78%']  memcached=239.4%
[monitor] ['83%', '83%', '100%', '79%']  memcached=245.1%
[monitor] ['81%', '85%', '100%', '81%']  memcached=246.4%
[monitor] ['81%', '84%', '100%', '76%']  memcached=240.7%
[monitor] ['82%', '79%', '100%', '78%']  memcached=239.4%
[monitor] ['81%', '83%', '100%', '80%']  memcached=243.9%
[monitor] ['74%', '75%', '100%', '71%']  memcached=219.6%
[monitor] ['23%', '23%', '100%', '8%']  memcached=53.6%
[MEMCACHED] cores updated to: ['0', '3']
[canneal] cores updated to: [2, 1]
[monitor] ['39%', '87%', '93%', '36%']  memcached=75.3%
[monitor] ['40%', '93%', '93%', '37%']  memcached=77.1%
[monitor] ['37%', '93%', '90%', '37%']  memcached=74.3%
[monitor] ['45%', '93%', '94%', '40%']  memcached=84.7%
[monitor] ['41%', '93%', '89%', '42%']  memcached=82.6%
[monitor] ['37%', '90%', '94%', '38%']  memcached=75.4%
[monitor] ['43%', '93%', '90%', '36%']  memcached=79.4%
[monitor] ['39%', '93%', '90%', '42%']  memcached=80.6%
[monitor] ['37%', '93%', '97%', '42%']  memcached=79.2%
[monitor] ['41%', '90%', '93%', '39%']  memcached=79.4%
[monitor] ['42%', '93%', '90%', '40%']  memcached=81.7%
[monitor] ['37%', '93%', '93%', '41%']  memcached=77.7%
[monitor] ['35%', '90%', '93%', '38%']  memcached=73.5%
[monitor] ['39%', '90%', '96%', '39%']  memcached=77.8%
[monitor] ['40%', '93%', '90%', '41%']  memcached=80.5%
[monitor] ['69%', '93%', '93%', '71%']  memcached=139.5%
[monitor] ['88%', '86%', '90%', '88%']  memcached=176.1%
[MEMCACHED] cores updated to: ['0', '2', '3']
[canneal] cores updated to: [1]
[monitor] ['77%', '100%', '78%', '76%']  memcached=231.0%
[monitor] ['76%', '100%', '76%', '74%']  memcached=226.3%
[monitor] ['74%', '100%', '78%', '76%']  memcached=228.4%
[monitor] ['76%', '100%', '76%', '75%']  memcached=227.0%
[monitor] ['76%', '100%', '76%', '74%']  memcached=226.3%
[monitor] ['74%', '100%', '76%', '74%']  memcached=225.0%
[monitor] ['76%', '100%', '78%', '74%']  memcached=229.1%
[monitor] ['76%', '100%', '78%', '76%']  memcached=231.0%
[monitor] ['76%', '100%', '76%', '74%']  memcached=227.0%
[monitor] ['74%', '100%', '79%', '73%']  memcached=225.6%
[monitor] ['76%', '100%', '76%', '73%']  memcached=225.6%
[monitor] ['74%', '100%', '77%', '74%']  memcached=225.6%
[monitor] ['77%', '100%', '78%', '77%']  memcached=232.2%
[monitor] ['77%', '100%', '76%', '74%']  memcached=226.9%
[monitor] ['74%', '100%', '77%', '71%']  memcached=222.3%
[monitor] ['74%', '100%', '75%', '73%']  memcached=221.7%
[monitor] ['72%', '100%', '75%', '72%']  memcached=220.0%
[monitor] ['74%', '100%', '74%', '72%']  memcached=219.8%
[monitor] ['72%', '100%', '74%', '72%']  memcached=218.7%
[monitor] ['69%', '100%', '72%', '72%']  memcached=213.5%
[monitor] ['74%', '100%', '74%', '72%']  memcached=220.5%
[monitor] ['72%', '100%', '76%', '72%']  memcached=220.6%
[monitor] ['76%', '100%', '77%', '75%']  memcached=227.6%
[monitor] ['73%', '100%', '74%', '72%']  memcached=219.4%
[monitor] ['72%', '100%', '74%', '72%']  memcached=217.9%
[monitor] ['73%', '100%', '73%', '72%']  memcached=218.1%
[monitor] ['74%', '100%', '74%', '70%']  memcached=218.0%
[monitor] ['71%', '100%', '74%', '72%']  memcached=217.9%
[monitor] ['72%', '100%', '74%', '72%']  memcached=218.7%
[monitor] ['72%', '100%', '74%', '70%']  memcached=216.5%
[monitor] ['74%', '100%', '75%', '73%']  memcached=221.9%
[monitor] ['74%', '100%', '77%', '74%']  memcached=225.6%
[monitor] ['78%', '100%', '81%', '78%']  memcached=237.3%
[monitor] ['78%', '100%', '81%', '79%']  memcached=238.4%
[monitor] ['78%', '100%', '81%', '78%']  memcached=236.7%
[monitor] ['83%', '100%', '85%', '81%']  memcached=248.8%
[monitor] ['84%', '100%', '86%', '81%']  memcached=250.6%
[monitor] ['81%', '100%', '85%', '83%']  memcached=248.7%
[monitor] ['81%', '100%', '81%', '79%']  memcached=240.6%
[monitor] ['79%', '100%', '84%', '78%']  memcached=240.5%
[monitor] ['78%', '100%', '80%', '77%']  memcached=234.7%
[monitor] ['78%', '100%', '81%', '78%']  memcached=237.8%
[monitor] ['78%', '100%', '81%', '76%']  memcached=235.8%
[monitor] ['81%', '100%', '81%', '79%']  memcached=240.6%
[monitor] ['78%', '100%', '79%', '78%']  memcached=235.1%
[monitor] ['81%', '100%', '83%', '78%']  memcached=242.3%
[monitor] ['80%', '100%', '81%', '79%']  memcached=240.0%
[monitor] ['79%', '100%', '80%', '78%']  memcached=236.7%
[monitor] ['43%', '100%', '47%', '41%']  memcached=131.3%
[MEMCACHED] cores updated to: ['0', '3']
[canneal] cores updated to: [2, 1]
[monitor] ['59%', '84%', '97%', '58%']  memcached=116.7%
[monitor] ['56%', '79%', '93%', '57%']  memcached=113.2%
[monitor] ['52%', '84%', '93%', '57%']  memcached=109.6%
[monitor] ['51%', '82%', '93%', '54%']  memcached=104.9%
[monitor] ['52%', '90%', '90%', '55%']  memcached=107.3%
[monitor] ['56%', '90%', '93%', '56%']  memcached=112.2%
[monitor] ['55%', '86%', '93%', '52%']  memcached=107.5%
[monitor] ['55%', '97%', '93%', '56%']  memcached=111.1%
[monitor] ['55%', '83%', '90%', '51%']  memcached=106.0%
[monitor] ['54%', '93%', '93%', '56%']  memcached=109.9%
[monitor] ['54%', '97%', '90%', '56%']  memcached=109.5%
[monitor] ['54%', '90%', '90%', '55%']  memcached=108.4%
[monitor] ['52%', '87%', '93%', '52%']  memcached=105.0%
[monitor] ['53%', '93%', '90%', '54%']  memcached=106.5%
[monitor] ['57%', '90%', '93%', '54%']  memcached=110.8%
[monitor] ['52%', '80%', '97%', '51%']  memcached=103.8%
[monitor] ['28%', '87%', '94%', '35%']  memcached=63.4%
[MEMCACHED] cores updated to: ['0']
[canneal] cores updated to: [2, 1, 3]
[monitor] ['61%', '100%', '97%', '97%']  memcached=60.9%
[monitor] ['61%', '100%', '94%', '100%']  memcached=60.9%
[monitor] ['61%', '100%', '97%', '97%']  memcached=60.9%
[monitor] ['59%', '100%', '93%', '100%']  memcached=59.1%
[monitor] ['61%', '97%', '97%', '97%']  memcached=60.9%
[monitor] ['59%', '100%', '94%', '100%']  memcached=58.7%
[monitor] ['60%', '100%', '93%', '97%']  memcached=60.0%
[monitor] ['58%', '21%', '100%', '21%']  memcached=57.8%
[monitor] ['62%', '0%', '100%', '0%']  memcached=61.7%
[monitor] ['60%', '3%', '100%', '0%']  memcached=59.6%
[monitor] ['61%', '0%', '100%', '7%']  memcached=60.9%
[monitor] ['59%', '0%', '100%', '3%']  memcached=58.7%
[monitor] ['60%', '0%', '100%', '0%']  memcached=60.0%
[monitor] ['60%', '7%', '100%', '0%']  memcached=59.6%
[monitor] ['60%', '0%', '100%', '0%']  memcached=59.6%
[monitor] ['94%', '4%', '100%', '4%']  memcached=93.8%
[MEMCACHED] cores updated to: ['0', '1', '3']
[canneal] cores updated to: [2]
[monitor] ['68%', '71%', '100%', '68%']  memcached=207.3%
[monitor] ['68%', '68%', '100%', '67%']  memcached=202.5%
[monitor] ['68%', '67%', '100%', '64%']  memcached=199.1%
[monitor] ['66%', '65%', '100%', '64%']  memcached=195.1%
[monitor] ['69%', '68%', '100%', '64%']  memcached=201.6%
[monitor] ['66%', '67%', '100%', '62%']  memcached=195.0%
[monitor] ['66%', '68%', '100%', '66%']  memcached=199.2%
[monitor] ['66%', '66%', '100%', '64%']  memcached=196.0%
[monitor] ['74%', '74%', '89%', '73%']  memcached=220.3%
[canneal] ended.
[MEMCACHED] cores updated to: ['0', '2', '3']
[freqmine] started on cores: [1] with 3 threads.
[monitor] ['67%', '100%', '68%', '68%']  memcached=202.5%
[monitor] ['67%', '100%', '68%', '68%']  memcached=202.5%
[monitor] ['66%', '100%', '65%', '68%']  memcached=198.4%
[monitor] ['71%', '100%', '71%', '68%']  memcached=209.8%
[monitor] ['69%', '100%', '70%', '68%']  memcached=207.3%
[monitor] ['67%', '100%', '67%', '64%']  memcached=197.6%
[monitor] ['56%', '100%', '59%', '59%']  memcached=173.2%
[monitor] ['59%', '100%', '56%', '56%']  memcached=170.7%
[monitor] ['60%', '100%', '60%', '56%']  memcached=176.4%
[monitor] ['56%', '100%', '59%', '55%']  memcached=169.6%
[monitor] ['61%', '100%', '60%', '59%']  memcached=179.5%
[monitor] ['59%', '100%', '62%', '56%']  memcached=176.5%
[monitor] ['60%', '100%', '60%', '64%']  memcached=184.3%
[monitor] ['60%', '100%', '61%', '60%']  memcached=180.0%
[monitor] ['57%', '100%', '60%', '57%']  memcached=173.8%
[monitor] ['60%', '100%', '57%', '56%']  memcached=173.1%
[monitor] ['58%', '100%', '60%', '56%']  memcached=173.8%
[monitor] ['59%', '100%', '57%', '59%']  memcached=175.1%
[monitor] ['67%', '100%', '62%', '68%']  memcached=197.0%
[monitor] ['60%', '100%', '60%', '71%']  memcached=189.8%
[monitor] ['56%', '100%', '60%', '57%']  memcached=172.8%
[monitor] ['59%', '100%', '60%', '57%']  memcached=175.6%
[monitor] ['65%', '100%', '68%', '64%']  memcached=196.6%
[monitor] ['72%', '100%', '74%', '72%']  memcached=218.7%
[monitor] ['75%', '100%', '74%', '71%']  memcached=220.4%
[monitor] ['74%', '100%', '74%', '72%']  memcached=219.9%
[monitor] ['72%', '100%', '74%', '70%']  memcached=216.9%
[monitor] ['72%', '100%', '75%', '69%']  memcached=216.0%
[monitor] ['72%', '100%', '72%', '71%']  memcached=215.3%
[monitor] ['72%', '100%', '74%', '70%']  memcached=216.9%
[monitor] ['72%', '100%', '74%', '71%']  memcached=216.2%
[monitor] ['74%', '100%', '74%', '72%']  memcached=219.8%
[monitor] ['72%', '100%', '73%', '72%']  memcached=218.2%
[monitor] ['72%', '100%', '74%', '69%']  memcached=215.4%
[monitor] ['72%', '100%', '74%', '69%']  memcached=215.4%
[monitor] ['72%', '100%', '74%', '70%']  memcached=216.9%
[monitor] ['72%', '100%', '74%', '69%']  memcached=216.1%
[monitor] ['76%', '100%', '89%', '74%']  memcached=239.5%
[monitor] ['74%', '100%', '100%', '73%']  memcached=247.5%
[monitor] ['27%', '100%', '100%', '21%']  memcached=147.4%
[monitor] ['27%', '100%', '100%', '17%']  memcached=144.5%
[monitor] ['17%', '100%', '17%', '17%']  memcached=51.7%
[MEMCACHED] cores updated to: ['0', '3']
[freqmine] cores updated to: [1, 2]
[monitor] ['34%', '100%', '100%', '32%']  memcached=66.6%
[MEMCACHED] cores updated to: ['0']
[freqmine] cores updated to: [1, 2, 3]
[monitor] ['58%', '100%', '100%', '100%']  memcached=58.1%
[monitor] ['60%', '100%', '100%', '100%']  memcached=60.0%
[monitor] ['57%', '100%', '100%', '100%']  memcached=56.8%
[monitor] ['59%', '100%', '100%', '100%']  memcached=58.7%
[monitor] ['57%', '41%', '100%', '59%']  memcached=56.8%
[monitor] ['57%', '71%', '100%', '70%']  memcached=57.4%
[monitor] ['59%', '100%', '100%', '100%']  memcached=58.7%
[monitor] ['57%', '100%', '100%', '100%']  memcached=56.8%
[monitor] ['60%', '100%', '100%', '100%']  memcached=60.5%
[monitor] ['58%', '100%', '100%', '100%']  memcached=57.8%
[monitor] ['58%', '100%', '100%', '100%']  memcached=57.8%
[monitor] ['61%', '100%', '100%', '100%']  memcached=61.4%
[monitor] ['60%', '100%', '100%', '100%']  memcached=60.5%
[monitor] ['70%', '100%', '100%', '100%']  memcached=69.8%
[monitor] ['70%', '100%', '100%', '100%']  memcached=69.8%
[monitor] ['67%', '100%', '100%', '100%']  memcached=67.4%
[monitor] ['69%', '100%', '100%', '100%']  memcached=68.9%
[monitor] ['70%', '100%', '100%', '100%']  memcached=69.8%
[monitor] ['68%', '100%', '100%', '100%']  memcached=68.2%
[monitor] ['67%', '100%', '100%', '100%']  memcached=66.7%
[monitor] ['68%', '100%', '100%', '100%']  memcached=68.2%
[monitor] ['69%', '100%', '100%', '100%']  memcached=69.0%
[monitor] ['67%', '100%', '100%', '100%']  memcached=66.7%
[monitor] ['68%', '100%', '100%', '100%']  memcached=68.2%
[monitor] ['70%', '100%', '100%', '100%']  memcached=69.8%
[monitor] ['67%', '100%', '100%', '100%']  memcached=66.7%
[monitor] ['70%', '100%', '100%', '100%']  memcached=69.8%
[monitor] ['68%', '100%', '100%', '100%']  memcached=68.2%
[monitor] ['68%', '100%', '100%', '100%']  memcached=68.2%
[monitor] ['94%', '100%', '100%', '100%']  memcached=93.8%
[MEMCACHED] cores updated to: ['0', '1', '2']
[freqmine] cores updated to: [3]
[monitor] ['100%', '58%', '100%', '100%']  memcached=258.1%
[monitor] ['97%', '93%', '97%', '100%']  memcached=286.7%
[monitor] ['83%', '83%', '86%', '100%']  memcached=252.7%
[monitor] ['86%', '83%', '88%', '100%']  memcached=256.9%
[monitor] ['83%', '86%', '85%', '100%']  memcached=253.9%
[monitor] ['83%', '83%', '86%', '100%']  memcached=251.9%
[monitor] ['82%', '83%', '83%', '100%']  memcached=248.5%
[monitor] ['83%', '83%', '86%', '100%']  memcached=252.3%
[monitor] ['88%', '89%', '91%', '100%']  memcached=267.4%
[monitor] ['83%', '89%', '88%', '100%']  memcached=259.7%
[monitor] ['84%', '82%', '86%', '100%']  memcached=251.3%
[monitor] ['83%', '83%', '86%', '100%']  memcached=252.3%
[monitor] ['83%', '83%', '85%', '100%']  memcached=251.5%
[monitor] ['83%', '83%', '83%', '100%']  memcached=249.0%
[monitor] ['83%', '83%', '85%', '100%']  memcached=252.0%
[monitor] ['64%', '66%', '67%', '100%']  memcached=196.3%
[monitor] ['35%', '30%', '33%', '100%']  memcached=98.9%
[MEMCACHED] cores updated to: ['0', '2']
[freqmine] cores updated to: [1, 3]
[monitor] ['50%', '100%', '52%', '100%']  memcached=102.4%
[monitor] ['49%', '100%', '50%', '100%']  memcached=98.7%
[monitor] ['51%', '100%', '48%', '100%']  memcached=98.7%
[monitor] ['50%', '100%', '51%', '100%']  memcached=101.2%
[monitor] ['49%', '100%', '47%', '100%']  memcached=96.1%
[monitor] ['52%', '100%', '51%', '100%']  memcached=103.7%
[monitor] ['50%', '100%', '49%', '100%']  memcached=98.7%
[monitor] ['54%', '100%', '51%', '100%']  memcached=104.9%
[monitor] ['51%', '100%', '51%', '100%']  memcached=102.4%
[monitor] ['52%', '100%', '51%', '100%']  memcached=103.6%
[monitor] ['51%', '100%', '51%', '100%']  memcached=102.4%
[monitor] ['51%', '100%', '51%', '100%']  memcached=102.5%
[monitor] ['51%', '100%', '50%', '100%']  memcached=101.2%
[monitor] ['48%', '100%', '47%', '100%']  memcached=94.9%
[monitor] ['51%', '100%', '51%', '100%']  memcached=102.5%
[monitor] ['65%', '100%', '66%', '100%']  memcached=131.0%
[monitor] ['67%', '100%', '67%', '100%']  memcached=134.9%
[monitor] ['69%', '100%', '69%', '100%']  memcached=138.1%
[monitor] ['69%', '100%', '70%', '100%']  memcached=138.8%
[monitor] ['71%', '100%', '70%', '100%']  memcached=141.4%
[monitor] ['67%', '100%', '68%', '100%']  memcached=135.6%
[monitor] ['69%', '100%', '68%', '100%']  memcached=137.3%
[monitor] ['67%', '100%', '68%', '100%']  memcached=134.8%
[monitor] ['68%', '100%', '69%', '100%']  memcached=137.2%
[monitor] ['69%', '100%', '68%', '100%']  memcached=137.3%
[monitor] ['67%', '100%', '68%', '100%']  memcached=134.9%
[monitor] ['67%', '100%', '67%', '100%']  memcached=134.1%
[monitor] ['69%', '100%', '69%', '100%']  memcached=138.1%
[monitor] ['67%', '100%', '69%', '100%']  memcached=135.7%
[monitor] ['69%', '100%', '67%', '100%']  memcached=136.5%
[monitor] ['67%', '100%', '70%', '100%']  memcached=136.4%
[monitor] ['60%', '100%', '58%', '100%']  memcached=117.4%
[monitor] ['19%', '100%', '17%', '100%']  memcached=36.0%
[MEMCACHED] cores updated to: ['0']
[freqmine] cores updated to: [1, 2, 3]
[monitor] ['26%', '100%', '100%', '100%']  memcached=25.8%
[monitor] ['26%', '100%', '100%', '100%']  memcached=25.8%
[monitor] ['20%', '100%', '100%', '100%']  memcached=20.0%
[monitor] ['29%', '100%', '100%', '100%']  memcached=29.4%
[monitor] ['30%', '100%', '100%', '100%']  memcached=30.3%
[monitor] ['21%', '100%', '100%', '100%']  memcached=20.7%
[monitor] ['25%', '100%', '100%', '100%']  memcached=25.0%
[monitor] ['26%', '100%', '100%', '100%']  memcached=25.8%
[monitor] ['27%', '100%', '100%', '100%']  memcached=27.3%
[monitor] ['23%', '100%', '100%', '100%']  memcached=23.3%
[monitor] ['25%', '100%', '100%', '100%']  memcached=25.0%
[monitor] ['26%', '100%', '100%', '100%']  memcached=25.8%
[monitor] ['23%', '100%', '100%', '100%']  memcached=23.3%
[monitor] ['23%', '100%', '100%', '100%']  memcached=22.6%
[monitor] ['23%', '100%', '100%', '100%']  memcached=23.3%
[monitor] ['62%', '100%', '100%', '100%']  memcached=61.5%
[monitor] ['71%', '100%', '100%', '100%']  memcached=71.4%
[monitor] ['75%', '97%', '100%', '100%']  memcached=75.0%
[monitor] ['71%', '100%', '100%', '100%']  memcached=71.4%
[monitor] ['73%', '100%', '100%', '100%']  memcached=73.2%
[monitor] ['72%', '100%', '100%', '100%']  memcached=72.1%
[monitor] ['73%', '100%', '100%', '100%']  memcached=73.2%
[monitor] ['71%', '100%', '100%', '100%']  memcached=70.7%
[monitor] ['72%', '100%', '100%', '100%']  memcached=72.1%
[monitor] ['71%', '100%', '100%', '100%']  memcached=70.7%
[monitor] ['71%', '100%', '100%', '100%']  memcached=71.4%
[monitor] ['73%', '100%', '100%', '100%']  memcached=73.2%
[monitor] ['73%', '100%', '100%', '100%']  memcached=73.2%
[monitor] ['73%', '100%', '100%', '100%']  memcached=73.2%
[monitor] ['74%', '100%', '100%', '100%']  memcached=73.8%
[monitor] ['71%', '100%', '100%', '100%']  memcached=71.4%
[monitor] ['73%', '100%', '100%', '100%']  memcached=73.2%
[monitor] ['91%', '100%', '100%', '100%']  memcached=90.9%
[MEMCACHED] cores updated to: ['0', '1', '3']
[freqmine] cores updated to: [2]
[monitor] ['56%', '60%', '100%', '56%']  memcached=172.0%
[monitor] ['57%', '60%', '100%', '54%']  memcached=170.9%
[monitor] ['55%', '61%', '100%', '57%']  memcached=173.1%
[monitor] ['59%', '62%', '100%', '57%']  memcached=177.9%
[monitor] ['55%', '60%', '100%', '56%']  memcached=170.9%
[monitor] ['56%', '60%', '100%', '56%']  memcached=171.7%
[monitor] ['57%', '60%', '100%', '55%']  memcached=171.7%
[monitor] ['57%', '60%', '100%', '59%']  memcached=176.5%
[monitor] ['55%', '60%', '100%', '55%']  memcached=169.5%
[monitor] ['59%', '60%', '100%', '56%']  memcached=174.2%
[monitor] ['55%', '60%', '100%', '59%']  memcached=173.1%
[monitor] ['57%', '61%', '100%', '56%']  memcached=174.6%
[monitor] ['56%', '60%', '100%', '59%']  memcached=175.4%
[monitor] ['56%', '59%', '100%', '54%']  memcached=168.5%
[monitor] ['59%', '62%', '100%', '59%']  memcached=179.0%
[monitor] ['32%', '35%', '100%', '32%']  memcached=100.0%
[MEMCACHED] cores updated to: ['0', '3']
[freqmine] cores updated to: [1, 2]
[monitor] ['24%', '100%', '100%', '26%']  memcached=49.9%
[MEMCACHED] cores updated to: ['0']
[freqmine] cores updated to: [1, 2, 3]
[monitor] ['51%', '100%', '100%', '100%']  memcached=51.2%
[monitor] ['49%', '100%', '100%', '100%']  memcached=48.8%
[monitor] ['50%', '100%', '100%', '100%']  memcached=50.0%
[monitor] ['49%', '100%', '100%', '100%']  memcached=48.7%
[monitor] ['50%', '100%', '100%', '100%']  memcached=50.0%
[monitor] ['51%', '100%', '100%', '100%']  memcached=51.2%
[monitor] ['51%', '100%', '100%', '100%']  memcached=51.2%
[monitor] ['49%', '100%', '100%', '100%']  memcached=48.8%
[monitor] ['49%', '100%', '100%', '100%']  memcached=48.8%
[monitor] ['48%', '100%', '100%', '100%']  memcached=47.5%
[monitor] ['50%', '100%', '100%', '100%']  memcached=50.0%
[monitor] ['48%', '100%', '100%', '100%']  memcached=47.5%
[monitor] ['49%', '100%', '100%', '100%']  memcached=48.8%
[monitor] ['50%', '100%', '100%', '100%']  memcached=50.0%
[monitor] ['56%', '100%', '100%', '100%']  memcached=56.4%
[monitor] ['100%', '100%', '100%', '100%']  memcached=100.0%
[MEMCACHED] cores updated to: ['0', '2', '3']
[freqmine] cores updated to: [1]
[monitor] ['81%', '100%', '78%', '78%']  memcached=236.7%
[monitor] ['74%', '100%', '77%', '71%']  memcached=222.3%
[monitor] ['68%', '100%', '72%', '68%']  memcached=208.5%
[monitor] ['70%', '100%', '72%', '69%']  memcached=211.7%
[monitor] ['74%', '100%', '74%', '71%']  memcached=218.1%
[monitor] ['71%', '100%', '73%', '67%']  memcached=211.3%
[monitor] ['72%', '100%', '72%', '68%']  memcached=211.9%
[monitor] ['72%', '100%', '72%', '70%']  memcached=215.0%
[monitor] ['70%', '100%', '72%', '67%']  memcached=208.5%
[monitor] ['72%', '100%', '72%', '68%']  memcached=211.1%
[monitor] ['70%', '100%', '74%', '68%']  memcached=212.1%
[monitor] ['72%', '100%', '73%', '71%']  memcached=216.4%
[monitor] ['72%', '100%', '72%', '68%']  memcached=212.0%
[monitor] ['72%', '100%', '74%', '70%']  memcached=216.2%
[monitor] ['75%', '100%', '76%', '72%']  memcached=223.8%
[monitor] ['71%', '100%', '75%', '70%']  memcached=216.1%
[monitor] ['71%', '100%', '72%', '70%']  memcached=213.2%
[monitor] ['70%', '100%', '71%', '67%']  memcached=207.7%
[monitor] ['72%', '100%', '70%', '67%']  memcached=208.5%
[monitor] ['71%', '100%', '74%', '71%']  memcached=215.1%
[monitor] ['71%', '100%', '70%', '67%']  memcached=207.7%
[monitor] ['68%', '100%', '72%', '68%']  memcached=207.6%
[monitor] ['71%', '100%', '70%', '68%']  memcached=208.9%
[monitor] ['70%', '100%', '72%', '68%']  memcached=210.0%
[monitor] ['70%', '100%', '71%', '68%']  memcached=209.7%
[monitor] ['72%', '100%', '71%', '69%']  memcached=212.1%
[monitor] ['68%', '100%', '71%', '67%']  memcached=205.7%
[monitor] ['71%', '100%', '71%', '70%']  memcached=211.8%
[monitor] ['69%', '100%', '71%', '66%']  memcached=205.8%
[monitor] ['71%', '100%', '71%', '68%']  memcached=209.3%
[monitor] ['69%', '100%', '72%', '67%']  memcached=207.7%
[monitor] ['72%', '100%', '72%', '71%']  memcached=215.0%
[monitor] ['74%', '100%', '76%', '73%']  memcached=223.6%
[monitor] ['76%', '100%', '78%', '72%']  memcached=226.6%
[monitor] ['76%', '100%', '79%', '74%']  memcached=229.6%
[monitor] ['76%', '100%', '78%', '74%']  memcached=228.4%
[monitor] ['74%', '100%', '76%', '73%']  memcached=223.6%
[monitor] ['77%', '100%', '78%', '74%']  memcached=229.0%
[monitor] ['74%', '100%', '79%', '72%']  memcached=224.4%
[monitor] ['76%', '100%', '76%', '75%']  memcached=226.4%
[monitor] ['77%', '100%', '79%', '76%']  memcached=231.5%
[monitor] ['76%', '100%', '78%', '72%']  memcached=226.5%
[monitor] ['76%', '100%', '78%', '74%']  memcached=229.1%
[monitor] ['76%', '100%', '78%', '73%']  memcached=227.7%
[monitor] ['81%', '100%', '81%', '76%']  memcached=238.5%
[monitor] ['79%', '100%', '81%', '79%']  memcached=239.0%
[monitor] ['75%', '100%', '78%', '74%']  memcached=227.1%
[monitor] ['77%', '100%', '76%', '74%']  memcached=226.9%
[monitor] ['62%', '100%', '62%', '58%']  memcached=182.7%
[monitor] ['46%', '100%', '50%', '45%']  memcached=140.7%
[monitor] ['48%', '100%', '49%', '40%']  memcached=136.2%
[MEMCACHED] cores updated to: ['0', '3']
[freqmine] cores updated to: [1, 2]
[monitor] ['55%', '100%', '100%', '59%']  memcached=113.8%
[monitor] ['60%', '100%', '100%', '57%']  memcached=117.0%
[monitor] ['59%', '100%', '100%', '59%']  memcached=117.5%
[monitor] ['57%', '100%', '100%', '59%']  memcached=116.0%
[monitor] ['60%', '100%', '100%', '54%']  memcached=114.3%
[monitor] ['54%', '100%', '100%', '57%']  memcached=111.3%
[monitor] ['56%', '100%', '100%', '60%']  memcached=115.9%
[monitor] ['59%', '100%', '100%', '59%']  memcached=117.1%
[monitor] ['59%', '100%', '100%', '56%']  memcached=115.2%
[monitor] ['62%', '100%', '100%', '59%']  memcached=122.0%
[monitor] ['56%', '100%', '100%', '60%']  memcached=115.9%
[monitor] ['57%', '100%', '100%', '60%']  memcached=117.0%
[monitor] ['55%', '100%', '100%', '57%']  memcached=112.8%
[monitor] ['62%', '100%', '100%', '64%']  memcached=126.2%
[monitor] ['40%', '100%', '100%', '37%']  memcached=77.1%
[monitor] ['27%', '100%', '100%', '33%']  memcached=60.0%
[MEMCACHED] cores updated to: ['0']
[freqmine] cores updated to: [3, 1, 2]
[monitor] ['57%', '100%', '100%', '100%']  memcached=56.8%
[monitor] ['58%', '100%', '100%', '100%']  memcached=57.8%
[monitor] ['58%', '100%', '100%', '100%']  memcached=57.8%
[monitor] ['56%', '100%', '100%', '100%']  memcached=55.8%
[monitor] ['58%', '100%', '100%', '100%']  memcached=57.8%
[monitor] ['57%', '100%', '100%', '100%']  memcached=56.8%
[monitor] ['60%', '100%', '100%', '100%']  memcached=60.0%
[monitor] ['60%', '100%', '100%', '100%']  memcached=60.0%
[monitor] ['57%', '100%', '100%', '100%']  memcached=56.8%
[monitor] ['60%', '100%', '100%', '100%']  memcached=59.6%
[monitor] ['59%', '100%', '100%', '100%']  memcached=59.1%
[monitor] ['55%', '100%', '100%', '100%']  memcached=54.5%
[monitor] ['58%', '100%', '100%', '100%']  memcached=57.8%
[monitor] ['59%', '100%', '100%', '100%']  memcached=59.1%
[monitor] ['71%', '100%', '100%', '100%']  memcached=71.1%
[monitor] ['100%', '100%', '100%', '100%']  memcached=100.0%
[MEMCACHED] cores updated to: ['0', '1', '3']
[freqmine] cores updated to: [2]
[monitor] ['70%', '69%', '100%', '68%']  memcached=207.3%
[monitor] ['67%', '69%', '100%', '66%']  memcached=201.6%
[monitor] ['65%', '68%', '100%', '65%']  memcached=198.3%
[monitor] ['69%', '72%', '100%', '70%']  memcached=210.8%
[monitor] ['64%', '69%', '100%', '67%']  memcached=200.0%
[monitor] ['67%', '68%', '100%', '67%']  memcached=202.4%
[monitor] ['65%', '68%', '100%', '66%']  memcached=199.1%
[monitor] ['69%', '70%', '100%', '67%']  memcached=205.7%
[monitor] ['67%', '67%', '100%', '66%']  memcached=200.0%
[monitor] ['65%', '68%', '100%', '67%']  memcached=200.0%
[monitor] ['66%', '70%', '100%', '66%']  memcached=201.7%
[monitor] ['65%', '68%', '100%', '66%']  memcached=199.1%
[monitor] ['66%', '68%', '100%', '67%']  memcached=200.8%
[monitor] ['64%', '67%', '100%', '66%']  memcached=196.6%
[monitor] ['68%', '70%', '100%', '68%']  memcached=206.6%
[monitor] ['23%', '28%', '100%', '25%']  memcached=76.5%
[MEMCACHED] cores updated to: ['0', '3']
[freqmine] cores updated to: [1, 2]
[monitor] ['37%', '100%', '100%', '33%']  memcached=70.5%
[monitor] ['31%', '100%', '100%', '36%']  memcached=67.6%
[MEMCACHED] cores updated to: ['0']
[freqmine] cores updated to: [3, 1, 2]
[monitor] ['62%', '100%', '100%', '100%']  memcached=61.7%
[monitor] ['62%', '100%', '100%', '100%']  memcached=62.2%
[monitor] ['64%', '100%', '100%', '100%']  memcached=63.8%
[monitor] ['60%', '100%', '100%', '100%']  memcached=60.0%
[monitor] ['64%', '100%', '100%', '100%']  memcached=63.8%
[monitor] ['64%', '100%', '100%', '100%']  memcached=64.4%
[monitor] ['63%', '100%', '100%', '100%']  memcached=63.0%
[monitor] ['61%', '100%', '100%', '100%']  memcached=60.9%
[monitor] ['63%', '100%', '100%', '100%']  memcached=63.0%
[monitor] ['61%', '100%', '100%', '100%']  memcached=60.9%
[monitor] ['60%', '100%', '100%', '100%']  memcached=60.0%
[monitor] ['63%', '100%', '100%', '100%']  memcached=63.0%
[monitor] ['64%', '100%', '100%', '100%']  memcached=63.8%
[monitor] ['76%', '100%', '100%', '100%']  memcached=75.7%
[monitor] ['100%', '100%', '100%', '100%']  memcached=100.0%
[MEMCACHED] cores updated to: ['0', '2', '3']
[freqmine] cores updated to: [1]
[monitor] ['100%', '100%', '100%', '62%']  memcached=262.5%
[monitor] ['91%', '100%', '91%', '80%']  memcached=261.5%
[monitor] ['77%', '100%', '78%', '74%']  memcached=229.0%
[monitor] ['81%', '100%', '81%', '77%']  memcached=239.1%
[monitor] ['74%', '100%', '78%', '74%']  memcached=225.7%
[monitor] ['76%', '100%', '79%', '72%']  memcached=227.8%
[monitor] ['76%', '100%', '78%', '76%']  memcached=230.4%
[monitor] ['78%', '100%', '79%', '74%']  memcached=231.7%
[monitor] ['75%', '100%', '76%', '74%']  memcached=224.4%
[monitor] ['76%', '100%', '77%', '71%']  memcached=224.3%
[monitor] ['77%', '100%', '78%', '74%']  memcached=229.7%
[monitor] ['79%', '100%', '81%', '76%']  memcached=236.3%
[monitor] ['78%', '100%', '81%', '77%']  memcached=236.4%
[monitor] ['78%', '100%', '78%', '74%']  memcached=230.5%
[monitor] ['74%', '100%', '76%', '73%']  memcached=223.6%
[monitor] ['50%', '100%', '50%', '42%']  memcached=141.7%
[monitor] ['50%', '100%', '52%', '44%']  memcached=146.9%
[monitor] ['46%', '100%', '47%', '47%']  memcached=140.7%
[monitor] ['50%', '100%', '51%', '42%']  memcached=142.9%
[monitor] ['49%', '100%', '51%', '46%']  memcached=145.9%
[monitor] ['50%', '100%', '51%', '43%']  memcached=144.1%
[monitor] ['50%', '100%', '51%', '45%']  memcached=146.0%
[monitor] ['46%', '100%', '46%', '47%']  memcached=139.3%
[MEMCACHED] cores updated to: ['0', '3']
[freqmine] cores updated to: [2, 1]
[monitor] ['57%', '100%', '100%', '60%']  memcached=117.0%
[monitor] ['60%', '100%', '100%', '55%']  memcached=114.8%
[monitor] ['57%', '100%', '100%', '56%']  memcached=113.6%
[monitor] ['60%', '100%', '100%', '59%']  memcached=118.1%
[monitor] ['60%', '100%', '100%', '56%']  memcached=115.9%
[monitor] ['57%', '100%', '100%', '60%']  memcached=117.0%
[monitor] ['59%', '100%', '100%', '60%']  memcached=118.1%
[monitor] ['60%', '100%', '100%', '56%']  memcached=115.9%
[monitor] ['59%', '100%', '100%', '60%']  memcached=119.4%
[monitor] ['60%', '100%', '100%', '59%']  memcached=118.5%
[monitor] ['61%', '100%', '100%', '61%']  memcached=122.0%
[monitor] ['60%', '100%', '100%', '60%']  memcached=119.0%
[monitor] ['60%', '100%', '100%', '59%']  memcached=118.5%
[monitor] ['60%', '100%', '100%', '61%']  memcached=121.0%
[monitor] ['56%', '100%', '100%', '61%']  memcached=117.4%
[monitor] ['60%', '100%', '100%', '57%']  memcached=118.0%
[monitor] ['58%', '100%', '100%', '60%']  memcached=117.4%
[monitor] ['60%', '100%', '100%', '59%']  memcached=118.1%
[monitor] ['57%', '100%', '100%', '60%']  memcached=117.0%
[monitor] ['59%', '100%', '100%', '60%']  memcached=118.1%
[monitor] ['59%', '100%', '100%', '61%']  memcached=119.5%
[monitor] ['60%', '100%', '100%', '59%']  memcached=118.5%
[monitor] ['56%', '100%', '100%', '57%']  memcached=113.9%
[monitor] ['60%', '100%', '100%', '60%']  memcached=120.0%
[monitor] ['59%', '100%', '100%', '60%']  memcached=118.5%
[monitor] ['71%', '100%', '100%', '72%']  memcached=143.6%
[monitor] ['75%', '100%', '100%', '71%']  memcached=146.1%
[monitor] ['67%', '100%', '100%', '75%']  memcached=141.7%
[monitor] ['68%', '100%', '100%', '74%']  memcached=141.2%
[monitor] ['69%', '100%', '100%', '71%']  memcached=140.3%
[monitor] ['70%', '100%', '100%', '72%']  memcached=142.5%
[monitor] ['67%', '100%', '100%', '76%']  memcached=143.0%
[monitor] ['72%', '100%', '100%', '71%']  memcached=143.6%
[monitor] ['69%', '100%', '100%', '71%']  memcached=140.3%
[monitor] ['67%', '100%', '100%', '79%']  memcached=146.2%
[monitor] ['71%', '100%', '100%', '68%']  memcached=139.5%
[monitor] ['71%', '100%', '100%', '69%']  memcached=140.3%
[monitor] ['72%', '100%', '100%', '72%']  memcached=144.3%
[monitor] ['70%', '100%', '100%', '71%']  memcached=141.1%
[monitor] ['70%', '100%', '100%', '72%']  memcached=141.8%
[monitor] ['71%', '100%', '100%', '70%']  memcached=141.3%
[monitor] ['58%', '100%', '100%', '65%']  memcached=122.8%
[monitor] ['23%', '100%', '100%', '17%']  memcached=39.8%
[MEMCACHED] cores updated to: ['0']
[freqmine] cores updated to: [2, 1, 3]
[monitor] ['52%', '100%', '100%', '93%']  memcached=52.3%
[monitor] ['52%', '100%', '100%', '100%']  memcached=52.4%
[monitor] ['52%', '100%', '100%', '100%']  memcached=52.4%
[monitor] ['54%', '100%', '100%', '100%']  memcached=53.7%
[monitor] ['52%', '100%', '100%', '100%']  memcached=52.4%
[monitor] ['51%', '100%', '100%', '100%']  memcached=51.2%
[monitor] ['51%', '100%', '100%', '100%']  memcached=51.2%
[monitor] ['50%', '100%', '100%', '100%']  memcached=50.0%
[monitor] ['53%', '100%', '100%', '100%']  memcached=53.5%
[monitor] ['49%', '100%', '100%', '100%']  memcached=48.8%
[monitor] ['52%', '100%', '100%', '100%']  memcached=52.4%
[monitor] ['46%', '100%', '100%', '100%']  memcached=46.2%
[monitor] ['55%', '100%', '100%', '100%']  memcached=54.5%
[monitor] ['50%', '100%', '100%', '100%']  memcached=50.0%
[monitor] ['57%', '100%', '100%', '100%']  memcached=56.8%
[monitor] ['85%', '100%', '100%', '100%']  memcached=84.8%
[MEMCACHED] cores updated to: ['0', '1']
[freqmine] cores updated to: [2, 3]
[monitor] ['100%', '84%', '100%', '100%']  memcached=183.9%
[MEMCACHED] cores updated to: ['0', '1', '3']
[freqmine] cores updated to: [2]
[monitor] ['100%', '97%', '100%', '94%']  memcached=290.4%
[monitor] ['86%', '94%', '100%', '83%']  memcached=262.7%
[monitor] ['81%', '86%', '100%', '80%']  memcached=246.3%
[monitor] ['83%', '88%', '100%', '84%']  memcached=254.9%
[monitor] ['81%', '83%', '100%', '81%']  memcached=244.5%
[monitor] ['81%', '86%', '100%', '80%']  memcached=246.3%
[monitor] ['81%', '86%', '100%', '81%']  memcached=247.4%
[monitor] ['81%', '83%', '100%', '81%']  memcached=245.5%
[monitor] ['81%', '85%', '100%', '80%']  memcached=245.8%
[monitor] ['83%', '85%', '100%', '81%']  memcached=248.7%
[monitor] ['81%', '86%', '100%', '83%']  memcached=249.1%
[monitor] ['83%', '86%', '100%', '81%']  memcached=249.1%
[monitor] ['81%', '85%', '100%', '82%']  memcached=248.0%
[monitor] ['81%', '85%', '100%', '81%']  memcached=246.4%
[monitor] ['65%', '68%', '100%', '65%']  memcached=198.2%
[monitor] ['36%', '42%', '100%', '38%']  memcached=116.3%
[MEMCACHED] cores updated to: ['0', '3']
[freqmine] cores updated to: [2, 1]
[monitor] ['53%', '100%', '100%', '52%']  memcached=105.1%
[monitor] ['55%', '100%', '100%', '56%']  memcached=111.1%
[monitor] ['51%', '100%', '100%', '55%']  memcached=106.3%
[monitor] ['54%', '100%', '100%', '57%']  memcached=111.2%
[monitor] ['55%', '100%', '100%', '50%']  memcached=104.8%
[monitor] ['51%', '100%', '100%', '52%']  memcached=103.8%
[monitor] ['57%', '100%', '100%', '51%']  memcached=108.4%
[monitor] ['52%', '100%', '100%', '51%']  memcached=103.8%
[monitor] ['54%', '100%', '100%', '54%']  memcached=107.3%
[monitor] ['50%', '100%', '100%', '50%']  memcached=100.0%
[monitor] ['52%', '100%', '100%', '52%']  memcached=105.0%
[monitor] ['51%', '100%', '100%', '56%']  memcached=107.4%
[monitor] ['60%', '100%', '100%', '55%']  memcached=114.5%
[monitor] ['56%', '100%', '100%', '59%']  memcached=115.2%
[monitor] ['54%', '100%', '100%', '55%']  memcached=108.8%
[monitor] ['67%', '100%', '100%', '69%']  memcached=135.9%
[monitor] ['63%', '100%', '100%', '76%']  memcached=139.7%
[monitor] ['63%', '100%', '100%', '77%']  memcached=140.3%
[monitor] ['72%', '100%', '100%', '64%']  memcached=135.9%
[monitor] ['77%', '100%', '100%', '57%']  memcached=134.4%
[monitor] ['72%', '100%', '100%', '67%']  memcached=138.5%
[monitor] ['66%', '100%', '100%', '72%']  memcached=137.6%
[monitor] ['68%', '100%', '100%', '69%']  memcached=137.5%
[monitor] ['77%', '100%', '100%', '63%']  memcached=140.3%
[monitor] ['65%', '100%', '100%', '71%']  memcached=136.1%
[monitor] ['70%', '100%', '100%', '72%']  memcached=141.8%
[monitor] ['76%', '100%', '100%', '59%']  memcached=135.3%
[monitor] ['70%', '100%', '100%', '70%']  memcached=140.0%
[monitor] ['68%', '100%', '100%', '71%']  memcached=138.6%
[monitor] ['68%', '100%', '100%', '70%']  memcached=137.5%
[monitor] ['72%', '100%', '100%', '66%']  memcached=137.6%
[monitor] ['62%', '100%', '100%', '67%']  memcached=129.2%
[monitor] ['46%', '100%', '100%', '46%']  memcached=92.1%
[monitor] ['37%', '100%', '100%', '45%']  memcached=81.9%
[monitor] ['40%', '100%', '100%', '42%']  memcached=81.7%
[monitor] ['42%', '100%', '100%', '39%']  memcached=80.6%
[monitor] ['36%', '100%', '100%', '43%']  memcached=79.6%
[monitor] ['45%', '100%', '100%', '38%']  memcached=83.0%
[monitor] ['39%', '100%', '100%', '39%']  memcached=77.8%
[monitor] ['40%', '100%', '100%', '37%']  memcached=77.1%
[monitor] ['42%', '100%', '100%', '40%']  memcached=81.7%
[monitor] ['42%', '100%', '100%', '41%']  memcached=82.6%
[monitor] ['38%', '100%', '100%', '42%']  memcached=79.9%
[monitor] ['33%', '100%', '100%', '41%']  memcached=73.9%
[monitor] ['46%', '100%', '100%', '44%']  memcached=90.4%
[monitor] ['39%', '100%', '100%', '37%']  memcached=76.0%
[monitor] ['42%', '100%', '100%', '41%']  memcached=82.2%
[monitor] ['40%', '100%', '100%', '40%']  memcached=80.0%
[monitor] ['53%', '100%', '100%', '59%']  memcached=111.6%
[monitor] ['71%', '100%', '100%', '67%']  memcached=137.7%
[monitor] ['69%', '100%', '100%', '64%']  memcached=133.2%
[monitor] ['64%', '100%', '100%', '69%']  memcached=133.3%
[monitor] ['62%', '100%', '100%', '70%']  memcached=132.5%
[monitor] ['74%', '100%', '100%', '62%']  memcached=136.9%
[monitor] ['64%', '100%', '100%', '68%']  memcached=132.6%
[monitor] ['62%', '100%', '100%', '71%']  memcached=132.3%
[monitor] ['61%', '100%', '100%', '75%']  memcached=136.0%
[monitor] ['65%', '100%', '100%', '72%']  memcached=136.8%
[monitor] ['68%', '100%', '100%', '66%']  memcached=133.4%
[monitor] ['63%', '100%', '100%', '71%']  memcached=134.1%
[monitor] ['62%', '100%', '100%', '75%']  memcached=137.5%
[monitor] ['69%', '100%', '100%', '70%']  memcached=139.0%
[monitor] ['62%', '100%', '100%', '75%']  memcached=136.5%
[monitor] ['58%', '100%', '100%', '74%']  memcached=132.3%
[monitor] ['62%', '100%', '100%', '71%']  memcached=133.9%
[monitor] ['64%', '100%', '100%', '76%']  memcached=140.4%
[monitor] ['65%', '100%', '100%', '77%']  memcached=141.9%
[monitor] ['62%', '100%', '100%', '76%']  memcached=138.8%
[monitor] ['66%', '100%', '100%', '74%']  memcached=140.2%
[monitor] ['62%', '100%', '100%', '76%']  memcached=137.9%
[monitor] ['66%', '100%', '100%', '79%']  memcached=145.3%
[monitor] ['65%', '100%', '100%', '73%']  memcached=138.0%
[monitor] ['62%', '100%', '100%', '77%']  memcached=139.4%
[monitor] ['64%', '100%', '100%', '78%']  memcached=141.8%
[monitor] ['65%', '100%', '100%', '76%']  memcached=141.3%
[monitor] ['70%', '100%', '100%', '74%']  memcached=144.4%
[monitor] ['62%', '100%', '100%', '79%']  memcached=141.4%
[monitor] ['65%', '100%', '100%', '76%']  memcached=141.3%
[monitor] ['68%', '100%', '100%', '72%']  memcached=140.0%
[monitor] ['62%', '100%', '100%', '78%']  memcached=140.9%
[monitor] ['65%', '100%', '100%', '76%']  memcached=141.3%
[monitor] ['68%', '100%', '100%', '74%']  memcached=142.8%
[monitor] ['68%', '100%', '100%', '86%']  memcached=154.0%
[monitor] ['71%', '100%', '100%', '86%']  memcached=156.8%
[monitor] ['74%', '100%', '100%', '86%']  memcached=159.4%
[monitor] ['70%', '100%', '100%', '85%']  memcached=154.8%
[monitor] ['69%', '100%', '100%', '86%']  memcached=155.7%
[monitor] ['70%', '100%', '100%', '81%']  memcached=150.6%
[monitor] ['72%', '100%', '100%', '80%']  memcached=152.5%
[monitor] ['69%', '100%', '100%', '86%']  memcached=155.7%
[monitor] ['68%', '100%', '100%', '85%']  memcached=152.8%
[monitor] ['74%', '100%', '100%', '81%']  memcached=154.2%
[monitor] ['68%', '100%', '100%', '83%']  memcached=151.6%
[monitor] ['70%', '100%', '100%', '86%']  memcached=155.7%
[monitor] ['72%', '100%', '100%', '81%']  memcached=152.9%
[monitor] ['72%', '100%', '100%', '86%']  memcached=157.5%
[monitor] ['68%', '100%', '100%', '86%']  memcached=154.0%
[monitor] ['70%', '100%', '100%', '83%']  memcached=152.9%
[monitor] ['68%', '100%', '100%', '75%']  memcached=142.5%
[monitor] ['62%', '100%', '100%', '73%']  memcached=135.7%
[monitor] ['65%', '100%', '100%', '76%']  memcached=140.8%
[monitor] ['68%', '100%', '100%', '71%']  memcached=138.2%
[monitor] ['63%', '100%', '100%', '74%']  memcached=137.8%
[monitor] ['66%', '100%', '100%', '76%']  memcached=142.1%
[monitor] ['65%', '100%', '100%', '75%']  memcached=140.0%
[monitor] ['63%', '100%', '100%', '75%']  memcached=138.4%
[monitor] ['63%', '100%', '100%', '77%']  memcached=140.3%
[monitor] ['64%', '100%', '100%', '74%']  memcached=138.5%
[monitor] ['67%', '100%', '100%', '69%']  memcached=135.9%
[monitor] ['63%', '100%', '100%', '78%']  memcached=140.9%
[monitor] ['64%', '100%', '100%', '79%']  memcached=143.0%
[monitor] ['65%', '100%', '100%', '72%']  memcached=136.8%
[monitor] ['63%', '100%', '100%', '78%']  memcached=140.9%
[monitor] ['62%', '100%', '100%', '79%']  memcached=141.4%
[monitor] ['63%', '100%', '100%', '70%']  memcached=133.2%
[monitor] ['51%', '100%', '100%', '56%']  memcached=107.4%
[monitor] ['55%', '100%', '100%', '55%']  memcached=110.0%
[monitor] ['55%', '100%', '100%', '58%']  memcached=113.1%
[monitor] ['55%', '100%', '100%', '55%']  memcached=110.0%
[monitor] ['54%', '100%', '100%', '55%']  memcached=108.8%
[monitor] ['54%', '100%', '100%', '56%']  memcached=109.8%
[monitor] ['54%', '100%', '100%', '55%']  memcached=108.8%
[monitor] ['52%', '100%', '100%', '55%']  memcached=107.3%
[monitor] ['55%', '100%', '100%', '54%']  memcached=108.8%
[monitor] ['56%', '100%', '100%', '56%']  memcached=112.2%
[monitor] ['54%', '100%', '100%', '55%']  memcached=108.6%
[monitor] ['56%', '100%', '100%', '60%']  memcached=115.6%
[monitor] ['51%', '100%', '100%', '56%']  memcached=107.4%
[monitor] ['57%', '100%', '100%', '52%']  memcached=109.6%
[monitor] ['51%', '100%', '100%', '56%']  memcached=107.4%
[monitor] ['55%', '100%', '100%', '55%']  memcached=110.0%
[monitor] ['68%', '100%', '100%', '74%']  memcached=142.7%
[monitor] ['82%', '100%', '100%', '100%']  memcached=182.4%
[MEMCACHED] cores updated to: ['0', '2', '3']
[freqmine] cores updated to: [1]
[monitor] ['83%', '100%', '83%', '81%']  memcached=247.2%
[monitor] ['78%', '100%', '83%', '78%']  memcached=240.1%
[monitor] ['80%', '100%', '81%', '76%']  memcached=236.2%
[monitor] ['83%', '100%', '86%', '79%']  memcached=247.5%
[monitor] ['81%', '100%', '83%', '78%']  memcached=241.7%
[monitor] ['79%', '100%', '83%', '77%']  memcached=239.2%
[monitor] ['80%', '100%', '81%', '76%']  memcached=236.2%
[monitor] ['81%', '100%', '83%', '76%']  memcached=239.7%
[monitor] ['79%', '100%', '81%', '76%']  memcached=236.3%
[monitor] ['83%', '100%', '83%', '78%']  memcached=244.6%
[monitor] ['83%', '100%', '88%', '83%']  memcached=254.4%
[monitor] ['85%', '100%', '88%', '81%']  memcached=254.1%
[monitor] ['84%', '100%', '88%', '81%']  memcached=253.1%
[monitor] ['86%', '100%', '88%', '83%']  memcached=256.9%
[monitor] ['82%', '100%', '86%', '81%']  memcached=249.1%
[monitor] ['50%', '100%', '50%', '41%']  memcached=141.2%
[monitor] ['47%', '100%', '49%', '43%']  memcached=139.3%
[MEMCACHED] cores updated to: ['0', '3']
[freqmine] cores updated to: [2, 1]
[monitor] ['57%', '100%', '100%', '59%']  memcached=116.0%
[monitor] ['59%', '100%', '100%', '57%']  memcached=115.7%
[monitor] ['57%', '100%', '100%', '59%']  memcached=116.5%
[monitor] ['60%', '100%', '100%', '59%']  memcached=119.0%
[monitor] ['59%', '100%', '100%', '60%']  memcached=118.1%
[monitor] ['57%', '100%', '100%', '56%']  memcached=113.6%
[monitor] ['55%', '100%', '100%', '59%']  memcached=113.5%
[monitor] ['57%', '100%', '100%', '60%']  memcached=117.0%
[monitor] ['60%', '100%', '100%', '55%']  memcached=114.5%
[monitor] ['55%', '100%', '100%', '60%']  memcached=114.5%
[monitor] ['57%', '100%', '100%', '59%']  memcached=116.0%
[monitor] ['57%', '100%', '100%', '57%']  memcached=114.6%
[monitor] ['55%', '100%', '100%', '56%']  memcached=111.4%
[monitor] ['60%', '100%', '100%', '59%']  memcached=118.1%
[monitor] ['70%', '100%', '100%', '76%']  memcached=145.9%
[monitor] ['76%', '100%', '100%', '94%']  memcached=169.9%
[MEMCACHED] cores updated to: ['0', '1', '3']
[freqmine] cores updated to: [2]
[monitor] ['72%', '76%', '100%', '74%']  memcached=223.2%
[monitor] ['72%', '74%', '100%', '70%']  memcached=215.5%
[monitor] ['68%', '74%', '100%', '69%']  memcached=211.3%
[monitor] ['72%', '74%', '100%', '74%']  memcached=221.2%
[monitor] ['69%', '75%', '100%', '70%']  memcached=214.2%
[monitor] ['71%', '74%', '100%', '71%']  memcached=216.5%
[monitor] ['71%', '72%', '100%', '71%']  memcached=213.3%
[monitor] ['72%', '72%', '100%', '70%']  memcached=214.3%
[monitor] ['70%', '74%', '100%', '70%']  memcached=214.4%
[monitor] ['71%', '72%', '100%', '71%']  memcached=214.0%
[monitor] ['72%', '77%', '100%', '74%']  memcached=223.1%
[monitor] ['71%', '74%', '100%', '69%']  memcached=213.6%
[monitor] ['72%', '72%', '100%', '71%']  memcached=215.0%
[monitor] ['69%', '74%', '100%', '71%']  memcached=214.0%
[monitor] ['72%', '72%', '100%', '71%']  memcached=215.7%
[monitor] ['60%', '63%', '100%', '60%']  memcached=182.8%
[monitor] ['61%', '62%', '100%', '59%']  memcached=182.4%
[monitor] ['60%', '62%', '100%', '60%']  memcached=181.4%
[monitor] ['59%', '64%', '100%', '61%']  memcached=183.8%
[monitor] ['62%', '63%', '100%', '60%']  memcached=184.7%
[monitor] ['59%', '64%', '100%', '59%']  memcached=181.4%
[monitor] ['60%', '61%', '100%', '60%']  memcached=181.4%
[monitor] ['60%', '62%', '100%', '59%']  memcached=180.6%
[monitor] ['61%', '66%', '100%', '60%']  memcached=186.9%
[monitor] ['60%', '62%', '100%', '60%']  memcached=181.0%
[monitor] ['61%', '64%', '100%', '59%']  memcached=183.1%
[monitor] ['59%', '64%', '100%', '61%']  memcached=184.2%
[monitor] ['59%', '62%', '100%', '57%']  memcached=177.9%
[monitor] ['61%', '63%', '100%', '63%']  memcached=187.2%
[monitor] ['65%', '64%', '100%', '63%']  memcached=192.8%
[monitor] ['62%', '65%', '100%', '62%']  memcached=188.9%
[monitor] ['64%', '67%', '100%', '66%']  memcached=196.6%
[monitor] ['72%', '77%', '100%', '72%']  memcached=220.5%
[monitor] ['72%', '74%', '100%', '71%']  memcached=216.9%
[monitor] ['76%', '78%', '100%', '76%']  memcached=230.4%
[monitor] ['72%', '78%', '100%', '72%']  memcached=222.5%
[monitor] ['72%', '73%', '100%', '73%']  memcached=218.6%
[monitor] ['76%', '76%', '100%', '74%']  memcached=226.4%
[monitor] ['74%', '78%', '100%', '74%']  memcached=225.7%
[monitor] ['72%', '76%', '100%', '72%']  memcached=220.6%
[monitor] ['77%', '78%', '100%', '76%']  memcached=231.0%
[monitor] ['72%', '76%', '100%', '75%']  memcached=223.1%
[monitor] ['72%', '74%', '100%', '72%']  memcached=217.9%
[monitor] ['74%', '74%', '100%', '72%']  memcached=219.8%
[monitor] ['72%', '77%', '100%', '72%']  memcached=221.9%
[monitor] ['70%', '74%', '100%', '72%']  memcached=217.1%
[monitor] ['72%', '76%', '100%', '71%']  memcached=219.9%
[monitor] ['71%', '74%', '100%', '73%']  memcached=218.6%
[monitor] ['46%', '50%', '100%', '46%']  memcached=141.7%
[monitor] ['38%', '42%', '100%', '40%']  memcached=119.9%
[MEMCACHED] cores updated to: ['0', '3']
[freqmine] cores updated to: [2, 1]
[monitor] ['55%', '100%', '100%', '52%']  memcached=107.5%
[monitor] ['52%', '100%', '100%', '54%']  memcached=106.3%
[monitor] ['51%', '100%', '100%', '54%']  memcached=104.9%
[monitor] ['54%', '100%', '100%', '55%']  memcached=108.6%
[monitor] ['56%', '100%', '100%', '59%']  memcached=114.6%
[monitor] ['52%', '100%', '100%', '52%']  memcached=105.0%
[monitor] ['53%', '100%', '100%', '52%']  memcached=105.1%
[monitor] ['52%', '100%', '100%', '54%']  memcached=106.2%
[monitor] ['51%', '100%', '100%', '55%']  memcached=106.3%
[monitor] ['57%', '100%', '100%', '56%']  memcached=113.2%
[monitor] ['57%', '100%', '100%', '56%']  memcached=113.6%
[monitor] ['57%', '100%', '100%', '59%']  memcached=115.7%
[monitor] ['59%', '100%', '100%', '58%']  memcached=116.7%
[monitor] ['58%', '100%', '100%', '59%']  memcached=116.7%
[monitor] ['62%', '100%', '100%', '62%']  memcached=124.0%
[monitor] ['68%', '100%', '100%', '79%']  memcached=147.2%
[monitor] ['67%', '100%', '100%', '82%']  memcached=148.2%
[monitor] ['68%', '100%', '100%', '81%']  memcached=148.8%
[monitor] ['70%', '100%', '100%', '76%']  memcached=145.7%
[monitor] ['69%', '100%', '100%', '83%']  memcached=151.9%
[monitor] ['74%', '100%', '100%', '86%']  memcached=159.8%
[monitor] ['72%', '100%', '100%', '78%']  memcached=150.9%
[monitor] ['68%', '100%', '100%', '78%']  memcached=145.9%
[monitor] ['65%', '100%', '100%', '81%']  memcached=146.1%
[monitor] ['68%', '100%', '100%', '76%']  memcached=143.8%
[monitor] ['68%', '100%', '100%', '78%']  memcached=146.7%
[monitor] ['67%', '100%', '100%', '81%']  memcached=147.7%
[monitor] ['67%', '100%', '100%', '79%']  memcached=146.2%
[monitor] ['71%', '100%', '100%', '74%']  memcached=145.0%
[monitor] ['65%', '100%', '100%', '81%']  memcached=146.1%
[monitor] ['68%', '100%', '100%', '83%']  memcached=150.8%
[monitor] ['76%', '100%', '100%', '76%']  memcached=152.0%
[monitor] ['74%', '100%', '100%', '86%']  memcached=159.4%
[monitor] ['69%', '100%', '100%', '86%']  memcached=155.3%
[monitor] ['75%', '100%', '100%', '80%']  memcached=155.0%
[monitor] ['71%', '100%', '100%', '85%']  memcached=156.3%
[monitor] ['70%', '100%', '100%', '86%']  memcached=156.1%
[monitor] ['69%', '100%', '100%', '83%']  memcached=152.1%
[monitor] ['74%', '100%', '100%', '79%']  memcached=152.6%
[monitor] ['72%', '100%', '100%', '85%']  memcached=157.8%
[monitor] ['69%', '100%', '100%', '86%']  memcached=154.9%
[monitor] ['76%', '100%', '100%', '81%']  memcached=157.4%
[monitor] ['71%', '100%', '100%', '86%']  memcached=156.4%
[monitor] ['68%', '100%', '100%', '86%']  memcached=154.0%
[monitor] ['74%', '100%', '100%', '80%']  memcached=154.4%
[monitor] ['72%', '100%', '100%', '84%']  memcached=155.6%
[monitor] ['72%', '100%', '100%', '85%']  memcached=157.1%
[monitor] ['70%', '100%', '100%', '86%']  memcached=156.1%
[monitor] ['83%', '100%', '100%', '100%']  memcached=182.9%
[MEMCACHED] cores updated to: ['0', '2', '3']
[freqmine] cores updated to: [1]
[monitor] ['83%', '100%', '83%', '79%']  memcached=246.2%
[monitor] ['83%', '100%', '85%', '81%']  memcached=248.7%
[monitor] ['81%', '100%', '85%', '81%']  memcached=247.5%
[monitor] ['83%', '100%', '83%', '79%']  memcached=245.6%
[monitor] ['83%', '100%', '86%', '78%']  memcached=247.2%
[monitor] ['78%', '100%', '81%', '76%']  memcached=234.6%
[monitor] ['78%', '100%', '81%', '76%']  memcached=235.8%
[monitor] ['79%', '100%', '78%', '76%']  memcached=233.0%
[monitor] ['78%', '100%', '81%', '76%']  memcached=234.6%
[monitor] ['78%', '100%', '81%', '74%']  memcached=233.1%
[monitor] ['81%', '100%', '83%', '79%']  memcached=243.4%
[monitor] ['81%', '100%', '80%', '76%']  memcached=236.8%
[monitor] ['76%', '100%', '81%', '76%']  memcached=233.7%
[monitor] ['81%', '100%', '81%', '76%']  memcached=237.3%
[monitor] ['81%', '100%', '83%', '76%']  memcached=239.6%
[monitor] ['81%', '100%', '84%', '79%']  memcached=243.8%
[monitor] ['83%', '100%', '85%', '81%']  memcached=249.2%
[monitor] ['85%', '100%', '86%', '78%']  memcached=248.8%
[monitor] ['83%', '100%', '85%', '81%']  memcached=249.2%
[monitor] ['83%', '100%', '85%', '81%']  memcached=249.2%
[monitor] ['83%', '100%', '86%', '81%']  memcached=250.0%
[monitor] ['83%', '100%', '86%', '81%']  memcached=249.7%
[monitor] ['83%', '100%', '85%', '81%']  memcached=248.7%
[monitor] ['84%', '100%', '85%', '79%']  memcached=248.6%
[monitor] ['83%', '100%', '86%', '81%']  memcached=249.1%
[monitor] ['86%', '100%', '86%', '81%']  memcached=252.9%
[monitor] ['83%', '100%', '86%', '81%']  memcached=249.1%
[monitor] ['83%', '100%', '85%', '81%']  memcached=249.7%
[monitor] ['83%', '100%', '86%', '78%']  memcached=247.4%
[monitor] ['85%', '100%', '85%', '81%']  memcached=250.7%
[monitor] ['83%', '100%', '88%', '82%']  memcached=252.8%
[monitor] ['83%', '100%', '86%', '80%']  memcached=248.6%
[monitor] ['83%', '100%', '83%', '78%']  memcached=244.6%
[monitor] ['81%', '100%', '85%', '79%']  memcached=244.8%
[monitor] ['81%', '100%', '83%', '78%']  memcached=241.7%
[monitor] ['81%', '100%', '81%', '76%']  memcached=238.0%
[monitor] ['77%', '100%', '78%', '74%']  memcached=229.7%
[monitor] ['78%', '100%', '81%', '74%']  memcached=233.1%
[monitor] ['76%', '100%', '79%', '74%']  memcached=229.6%
[monitor] ['78%', '100%', '78%', '75%']  memcached=231.8%
[monitor] ['77%', '100%', '78%', '72%']  memcached=227.8%
[monitor] ['76%', '100%', '78%', '74%']  memcached=228.4%
[monitor] ['76%', '100%', '79%', '74%']  memcached=228.3%
[monitor] ['79%', '100%', '79%', '74%']  memcached=231.6%
[monitor] ['76%', '100%', '78%', '74%']  memcached=227.8%
[monitor] ['76%', '100%', '78%', '74%']  memcached=229.1%
[monitor] ['78%', '100%', '78%', '76%']  memcached=233.1%
[monitor] ['79%', '100%', '81%', '74%']  memcached=234.4%
[monitor] ['66%', '100%', '72%', '68%']  memcached=205.1%
[monitor] ['51%', '100%', '54%', '49%']  memcached=153.8%
[monitor] ['54%', '100%', '54%', '49%']  memcached=156.0%
[monitor] ['52%', '100%', '54%', '50%']  memcached=156.2%
[monitor] ['52%', '100%', '51%', '50%']  memcached=153.8%
[monitor] ['52%', '100%', '56%', '51%']  memcached=159.9%
[monitor] ['56%', '100%', '56%', '54%']  memcached=165.9%
[monitor] ['54%', '100%', '54%', '50%']  memcached=157.3%
[monitor] ['51%', '100%', '52%', '50%']  memcached=153.8%
[monitor] ['55%', '100%', '55%', '47%']  memcached=157.1%
[monitor] ['50%', '100%', '55%', '49%']  memcached=153.4%
[monitor] ['55%', '100%', '51%', '49%']  memcached=155.0%
[monitor] ['56%', '100%', '56%', '50%']  memcached=161.9%
[monitor] ['51%', '100%', '54%', '49%']  memcached=153.6%
[monitor] ['51%', '100%', '55%', '44%']  memcached=150.5%
[monitor] ['51%', '100%', '54%', '51%']  memcached=156.4%
[monitor] ['52%', '100%', '55%', '44%']  memcached=151.7%
[monitor] ['70%', '100%', '73%', '68%']  memcached=211.7%
[monitor] ['78%', '100%', '81%', '76%']  memcached=234.5%
[monitor] ['81%', '100%', '83%', '76%']  memcached=239.7%
[monitor] ['78%', '100%', '81%', '76%']  memcached=235.8%
[monitor] ['81%', '100%', '81%', '76%']  memcached=238.5%
[monitor] ['78%', '100%', '81%', '74%']  memcached=232.6%
[monitor] ['81%', '100%', '83%', '79%']  memcached=242.8%
[monitor] ['81%', '100%', '81%', '76%']  memcached=238.0%
[monitor] ['78%', '100%', '81%', '76%']  memcached=235.8%
[monitor] ['78%', '100%', '81%', '76%']  memcached=234.6%
[monitor] ['85%', '100%', '86%', '81%']  memcached=252.1%
[monitor] ['83%', '100%', '86%', '81%']  memcached=250.1%
[monitor] ['85%', '100%', '91%', '83%']  memcached=258.8%
[monitor] ['83%', '100%', '86%', '79%']  memcached=247.5%
[monitor] ['79%', '100%', '81%', '78%']  memcached=237.9%
[monitor] ['81%', '100%', '81%', '76%']  memcached=237.8%
[monitor] ['74%', '100%', '74%', '68%']  memcached=215.5%
[monitor] ['13%', '100%', '13%', '10%']  memcached=37.0%
[MEMCACHED] cores updated to: ['0', '3']
[freqmine] cores updated to: [2, 1]
[monitor] ['7%', '100%', '100%', '4%']  memcached=11.0%
[MEMCACHED] cores updated to: ['0']
[freqmine] cores updated to: [2, 1, 3]
[monitor] ['21%', '100%', '100%', '100%']  memcached=20.7%
[monitor] ['25%', '100%', '100%', '100%']  memcached=25.0%
[monitor] ['26%', '100%', '100%', '100%']  memcached=25.8%
[monitor] ['23%', '100%', '100%', '100%']  memcached=22.6%
[monitor] ['20%', '100%', '100%', '100%']  memcached=20.0%
[monitor] ['25%', '100%', '100%', '100%']  memcached=25.0%
[monitor] ['21%', '100%', '100%', '100%']  memcached=20.7%
[monitor] ['19%', '100%', '100%', '100%']  memcached=19.4%
[monitor] ['18%', '100%', '100%', '100%']  memcached=17.9%
[monitor] ['23%', '100%', '100%', '100%']  memcached=22.6%
[monitor] ['20%', '100%', '100%', '100%']  memcached=20.0%
[monitor] ['20%', '100%', '100%', '100%']  memcached=20.0%
[monitor] ['17%', '100%', '100%', '100%']  memcached=17.2%
[monitor] ['26%', '100%', '100%', '100%']  memcached=25.8%
[monitor] ['69%', '100%', '100%', '100%']  memcached=68.8%
[monitor] ['94%', '100%', '100%', '100%']  memcached=93.9%
[MEMCACHED] cores updated to: ['0', '1', '3']
[freqmine] cores updated to: [2]
[monitor] ['62%', '65%', '100%', '62%']  memcached=188.9%
[monitor] ['62%', '63%', '100%', '59%']  memcached=184.3%
[monitor] ['60%', '62%', '100%', '61%']  memcached=183.3%
[monitor] ['60%', '63%', '100%', '59%']  memcached=181.9%
[monitor] ['62%', '63%', '100%', '63%']  memcached=188.4%
[monitor] ['60%', '65%', '100%', '61%']  memcached=185.6%
[monitor] ['62%', '63%', '100%', '61%']  memcached=185.7%
[monitor] ['60%', '63%', '100%', '60%']  memcached=182.9%
[monitor] ['61%', '62%', '100%', '62%']  memcached=184.8%
[monitor] ['59%', '64%', '100%', '59%']  memcached=181.8%
[monitor] ['61%', '64%', '100%', '63%']  memcached=187.4%
[monitor] ['62%', '63%', '100%', '60%']  memcached=184.8%
[monitor] ['60%', '62%', '100%', '61%']  memcached=182.4%
[monitor] ['60%', '63%', '100%', '60%']  memcached=183.4%
[monitor] ['54%', '56%', '100%', '54%']  memcached=164.1%
[monitor] ['7%', '7%', '100%', '4%']  memcached=17.4%
[MEMCACHED] cores updated to: ['0', '3']
[freqmine] cores updated to: [2, 1]
[monitor] ['7%', '100%', '100%', '4%']  memcached=10.8%
[MEMCACHED] cores updated to: ['0']
[freqmine] cores updated to: [2, 1, 3]
[monitor] ['19%', '100%', '100%', '100%']  memcached=19.4%
[monitor] ['17%', '100%', '100%', '100%']  memcached=17.2%
[monitor] ['17%', '100%', '100%', '100%']  memcached=17.2%
[monitor] ['17%', '100%', '100%', '100%']  memcached=16.7%
[monitor] ['17%', '100%', '100%', '100%']  memcached=17.2%
[monitor] ['14%', '100%', '100%', '100%']  memcached=13.8%
[monitor] ['21%', '100%', '100%', '100%']  memcached=20.7%
[monitor] ['14%', '100%', '100%', '100%']  memcached=14.3%
[monitor] ['17%', '100%', '100%', '100%']  memcached=16.7%
[monitor] ['14%', '100%', '100%', '100%']  memcached=14.3%
[monitor] ['17%', '100%', '100%', '100%']  memcached=17.2%
[monitor] ['17%', '100%', '100%', '100%']  memcached=17.2%
[monitor] ['17%', '100%', '100%', '100%']  memcached=17.2%
[monitor] ['20%', '100%', '100%', '100%']  memcached=20.0%
[monitor] ['74%', '100%', '100%', '100%']  memcached=74.2%
[monitor] ['97%', '100%', '100%', '100%']  memcached=96.9%
[MEMCACHED] cores updated to: ['0', '1', '2']
[freqmine] cores updated to: [3]
[monitor] ['63%', '63%', '63%', '100%']  memcached=190.2%
[monitor] ['63%', '62%', '64%', '100%']  memcached=189.0%
[monitor] ['62%', '63%', '64%', '100%']  memcached=189.2%
[monitor] ['62%', '61%', '63%', '100%']  memcached=186.3%
[monitor] ['64%', '62%', '64%', '100%']  memcached=191.1%
[monitor] ['63%', '63%', '63%', '100%']  memcached=190.2%
[monitor] ['62%', '61%', '65%', '100%']  memcached=188.0%
[monitor] ['62%', '64%', '63%', '100%']  memcached=189.6%
[monitor] ['62%', '63%', '61%', '100%']  memcached=185.7%
[monitor] ['62%', '63%', '64%', '100%']  memcached=189.0%
[monitor] ['64%', '63%', '64%', '100%']  memcached=191.2%
[monitor] ['61%', '64%', '65%', '100%']  memcached=190.4%
[monitor] ['64%', '61%', '64%', '100%']  memcached=189.5%
[monitor] ['63%', '64%', '63%', '100%']  memcached=191.1%
[monitor] ['62%', '62%', '61%', '100%']  memcached=184.8%
[monitor] ['56%', '56%', '57%', '100%']  memcached=169.3%
[monitor] ['52%', '51%', '57%', '100%']  memcached=160.9%
[monitor] ['54%', '54%', '52%', '100%']  memcached=159.8%
[monitor] ['49%', '55%', '56%', '100%']  memcached=159.5%
[monitor] ['56%', '56%', '55%', '100%']  memcached=166.7%
[monitor] ['57%', '58%', '57%', '100%']  memcached=172.4%
[monitor] ['56%', '57%', '57%', '100%']  memcached=170.1%
[monitor] ['57%', '59%', '59%', '100%']  memcached=175.3%
[monitor] ['57%', '57%', '58%', '100%']  memcached=172.8%
[monitor] ['58%', '59%', '59%', '100%']  memcached=175.4%
[monitor] ['57%', '58%', '57%', '100%']  memcached=172.1%
[monitor] ['56%', '58%', '60%', '100%']  memcached=173.8%
[monitor] ['55%', '57%', '56%', '100%']  memcached=168.0%
[monitor] ['59%', '60%', '58%', '100%']  memcached=177.1%
[monitor] ['55%', '58%', '58%', '100%']  memcached=171.0%
[monitor] ['57%', '58%', '57%', '100%']  memcached=172.4%
[monitor] ['65%', '64%', '64%', '100%']  memcached=193.7%
[monitor] ['65%', '66%', '67%', '100%']  memcached=197.6%
[monitor] ['67%', '66%', '68%', '100%']  memcached=200.0%
[monitor] ['65%', '66%', '66%', '100%']  memcached=196.7%
[monitor] ['66%', '67%', '69%', '100%']  memcached=201.6%
[monitor] ['67%', '65%', '67%', '100%']  memcached=198.3%
[monitor] ['66%', '67%', '67%', '100%']  memcached=199.2%
[monitor] ['66%', '65%', '67%', '100%']  memcached=197.5%
[monitor] ['66%', '63%', '67%', '100%']  memcached=195.9%
[monitor] ['63%', '68%', '68%', '100%']  memcached=198.4%
[monitor] ['67%', '66%', '67%', '100%']  memcached=199.2%
[monitor] ['66%', '66%', '67%', '100%']  memcached=198.4%
[monitor] ['68%', '68%', '69%', '100%']  memcached=205.8%
[monitor] ['65%', '63%', '67%', '100%']  memcached=195.2%
[monitor] ['65%', '66%', '67%', '100%']  memcached=198.3%
[monitor] ['66%', '67%', '68%', '100%']  memcached=200.0%
[monitor] ['63%', '65%', '64%', '100%']  memcached=192.7%
[monitor] ['30%', '28%', '31%', '100%']  memcached=89.7%
[MEMCACHED] cores updated to: ['0', '2']
[freqmine] cores updated to: [1, 3]
[monitor] ['51%', '100%', '51%', '100%']  memcached=102.4%
[monitor] ['47%', '100%', '49%', '100%']  memcached=96.1%
[monitor] ['48%', '100%', '46%', '100%']  memcached=93.4%
[monitor] ['50%', '100%', '46%', '100%']  memcached=96.2%
[monitor] ['48%', '100%', '49%', '100%']  memcached=96.2%
[monitor] ['50%', '100%', '43%', '100%']  memcached=93.2%
[monitor] ['49%', '100%', '50%', '100%']  memcached=98.7%
[monitor] ['49%', '100%', '47%', '100%']  memcached=96.1%
[monitor] ['48%', '100%', '48%', '100%']  memcached=95.0%
[monitor] ['53%', '100%', '49%', '100%']  memcached=102.2%
[monitor] ['49%', '100%', '48%', '100%']  memcached=96.2%
[monitor] ['46%', '100%', '47%', '100%']  memcached=93.5%
[monitor] ['51%', '100%', '50%', '100%']  memcached=101.2%
[monitor] ['50%', '100%', '46%', '100%']  memcached=95.9%
[monitor] ['46%', '100%', '46%', '100%']  memcached=92.3%
[monitor] ['67%', '100%', '64%', '100%']  memcached=130.8%
[monitor] ['79%', '100%', '79%', '100%']  memcached=157.9%
[monitor] ['81%', '100%', '76%', '100%']  memcached=157.4%
[monitor] ['79%', '100%', '79%', '100%']  memcached=157.9%
[monitor] ['78%', '100%', '76%', '100%']  memcached=154.7%
[monitor] ['82%', '100%', '79%', '100%']  memcached=160.5%
[MEMCACHED] cores updated to: ['0', '2', '3']
[freqmine] cores updated to: [1]
[monitor] ['68%', '100%', '68%', '66%']  memcached=202.4%
[monitor] ['65%', '100%', '68%', '65%']  memcached=198.3%
[monitor] ['68%', '100%', '68%', '65%']  memcached=201.6%
[monitor] ['68%', '100%', '70%', '63%']  memcached=201.7%
[monitor] ['66%', '100%', '67%', '66%']  memcached=198.4%
[monitor] ['68%', '100%', '70%', '64%']  memcached=202.6%
[monitor] ['68%', '100%', '68%', '67%']  memcached=201.7%
[monitor] ['67%', '100%', '68%', '63%']  memcached=197.6%
[monitor] ['67%', '100%', '68%', '66%']  memcached=200.8%
[monitor] ['68%', '100%', '68%', '66%']  memcached=201.6%
[monitor] ['68%', '100%', '70%', '64%']  memcached=201.6%
[monitor] ['83%', '100%', '85%', '81%']  memcached=249.7%
[monitor] ['85%', '100%', '86%', '82%']  memcached=252.6%
[monitor] ['83%', '100%', '86%', '83%']  memcached=251.4%
[monitor] ['81%', '100%', '83%', '78%']  memcached=242.2%
[monitor] ['83%', '100%', '85%', '81%']  memcached=249.3%
[monitor] ['83%', '100%', '84%', '81%']  memcached=247.7%
[monitor] ['83%', '100%', '88%', '81%']  memcached=252.6%
[monitor] ['88%', '100%', '91%', '85%']  memcached=263.8%
[monitor] ['88%', '100%', '94%', '85%']  memcached=266.9%
[monitor] ['88%', '100%', '88%', '83%']  memcached=259.0%
[monitor] ['83%', '100%', '88%', '81%']  memcached=251.6%
[monitor] ['83%', '100%', '83%', '81%']  memcached=246.7%
[monitor] ['86%', '100%', '85%', '81%']  memcached=252.1%
[monitor] ['82%', '100%', '85%', '80%']  memcached=247.6%
[monitor] ['83%', '100%', '85%', '81%']  memcached=249.7%
[monitor] ['85%', '100%', '86%', '81%']  memcached=252.1%
[monitor] ['52%', '100%', '53%', '47%']  memcached=151.5%
[monitor] ['14%', '100%', '10%', '7%']  memcached=31.3%
[MEMCACHED] cores updated to: ['0', '3']
[freqmine] cores updated to: [2, 1]
[monitor] ['20%', '100%', '100%', '14%']  memcached=33.8%
[MEMCACHED] cores updated to: ['0']
[freqmine] cores updated to: [2, 1, 3]
[monitor] ['42%', '100%', '100%', '100%']  memcached=42.1%
[monitor] ['42%', '100%', '100%', '100%']  memcached=42.1%
[monitor] ['46%', '100%', '100%', '100%']  memcached=45.9%
[monitor] ['49%', '100%', '100%', '100%']  memcached=48.7%
[monitor] ['45%', '100%', '100%', '100%']  memcached=44.7%
[monitor] ['46%', '100%', '100%', '100%']  memcached=46.3%
[monitor] ['48%', '100%', '100%', '100%']  memcached=47.5%
[monitor] ['46%', '100%', '100%', '100%']  memcached=46.2%
[monitor] ['42%', '100%', '100%', '100%']  memcached=42.1%
[monitor] ['45%', '100%', '100%', '100%']  memcached=44.7%
[monitor] ['45%', '100%', '100%', '100%']  memcached=44.7%
[monitor] ['41%', '100%', '100%', '100%']  memcached=40.5%
[monitor] ['46%', '100%', '100%', '100%']  memcached=46.2%
[monitor] ['46%', '100%', '100%', '100%']  memcached=45.7%
[monitor] ['97%', '100%', '100%', '100%']  memcached=96.8%
[MEMCACHED] cores updated to: ['0', '1', '2']
[freqmine] cores updated to: [3]
[monitor] ['63%', '63%', '64%', '100%']  memcached=191.1%
[monitor] ['64%', '63%', '64%', '100%']  memcached=192.0%
[monitor] ['63%', '63%', '63%', '100%']  memcached=190.2%
[monitor] ['63%', '64%', '63%', '100%']  memcached=191.1%
[monitor] ['63%', '63%', '63%', '100%']  memcached=190.2%
[monitor] ['64%', '62%', '64%', '100%']  memcached=190.5%
[monitor] ['64%', '67%', '67%', '100%']  memcached=197.6%
[monitor] ['63%', '63%', '65%', '100%']  memcached=191.9%
[monitor] ['62%', '63%', '62%', '100%']  memcached=186.6%
[monitor] ['63%', '63%', '66%', '100%']  memcached=192.1%
[monitor] ['64%', '62%', '63%', '100%']  memcached=190.2%
[monitor] ['63%', '62%', '63%', '100%']  memcached=188.7%
[monitor] ['63%', '64%', '63%', '100%']  memcached=191.1%
[monitor] ['64%', '66%', '65%', '100%']  memcached=195.3%
[monitor] ['61%', '64%', '64%', '100%']  memcached=189.5%
[monitor] ['69%', '69%', '70%', '100%']  memcached=208.5%
[monitor] ['72%', '72%', '74%', '100%']  memcached=218.7%
[monitor] ['72%', '75%', '74%', '100%']  memcached=220.5%
[monitor] ['73%', '72%', '75%', '100%']  memcached=219.8%
[monitor] ['74%', '74%', '74%', '100%']  memcached=222.5%
[monitor] ['76%', '76%', '79%', '100%']  memcached=230.9%
[monitor] ['77%', '74%', '73%', '100%']  memcached=223.6%
[monitor] ['72%', '74%', '74%', '100%']  memcached=219.8%
[monitor] ['74%', '72%', '74%', '100%']  memcached=220.5%
[monitor] ['72%', '72%', '74%', '100%']  memcached=219.4%
[monitor] ['72%', '72%', '74%', '100%']  memcached=218.0%
[monitor] ['74%', '74%', '75%', '100%']  memcached=223.0%
[monitor] ['74%', '74%', '74%', '100%']  memcached=221.1%
[monitor] ['72%', '72%', '74%', '100%']  memcached=218.7%
[monitor] ['74%', '72%', '74%', '100%']  memcached=221.2%
[monitor] ['72%', '74%', '76%', '100%']  memcached=223.2%
[monitor] ['72%', '72%', '76%', '100%']  memcached=219.9%
[monitor] ['72%', '74%', '73%', '100%']  memcached=219.2%
[monitor] ['72%', '72%', '74%', '100%']  memcached=217.9%
[monitor] ['74%', '74%', '74%', '100%']  memcached=222.4%
[monitor] ['72%', '72%', '72%', '100%']  memcached=216.8%
[monitor] ['72%', '72%', '72%', '100%']  memcached=216.8%
[monitor] ['72%', '74%', '75%', '100%']  memcached=220.5%
[monitor] ['71%', '71%', '72%', '100%']  memcached=213.3%
[monitor] ['72%', '74%', '74%', '100%']  memcached=220.5%
[monitor] ['72%', '70%', '75%', '100%']  memcached=216.8%
[monitor] ['72%', '75%', '72%', '100%']  memcached=219.3%
[monitor] ['70%', '71%', '72%', '100%']  memcached=212.8%
[monitor] ['72%', '72%', '72%', '100%']  memcached=216.8%
[monitor] ['72%', '72%', '76%', '100%']  memcached=220.6%
[monitor] ['74%', '74%', '74%', '100%']  memcached=222.4%
[monitor] ['71%', '70%', '72%', '100%']  memcached=212.8%
[monitor] ['72%', '72%', '71%', '100%']  memcached=215.3%
[monitor] ['56%', '57%', '57%', '100%']  memcached=169.1%
[monitor] ['37%', '42%', '42%', '100%']  memcached=120.5%
[MEMCACHED] cores updated to: ['0', '2']
[freqmine] cores updated to: [1, 3]
[monitor] ['53%', '97%', '50%', '100%']  memcached=103.5%
[monitor] ['50%', '100%', '50%', '100%']  memcached=100.0%
[monitor] ['50%', '100%', '49%', '100%']  memcached=98.7%
[monitor] ['51%', '100%', '55%', '100%']  memcached=105.8%
[monitor] ['54%', '100%', '50%', '100%']  memcached=103.7%
[monitor] ['50%', '100%', '52%', '100%']  memcached=102.4%
[monitor] ['51%', '100%', '49%', '100%']  memcached=99.9%
[monitor] ['51%', '100%', '51%', '100%']  memcached=102.5%
[monitor] ['51%', '100%', '49%', '100%']  memcached=99.9%
[monitor] ['50%', '100%', '52%', '100%']  memcached=102.4%
[monitor] ['51%', '100%', '52%', '100%']  memcached=103.6%
[monitor] ['48%', '100%', '49%', '100%']  memcached=96.2%
[monitor] ['53%', '100%', '51%', '100%']  memcached=104.7%
[monitor] ['52%', '100%', '51%', '100%']  memcached=103.6%
[monitor] ['52%', '100%', '51%', '100%']  memcached=103.7%
[monitor] ['91%', '100%', '93%', '100%']  memcached=184.2%
[MEMCACHED] cores updated to: ['0', '2', '3']
[freqmine] cores updated to: [1]
[monitor] ['78%', '100%', '78%', '76%']  memcached=232.5%
[monitor] ['78%', '100%', '81%', '74%']  memcached=233.3%
[monitor] ['78%', '100%', '81%', '76%']  memcached=234.6%
[monitor] ['78%', '100%', '81%', '76%']  memcached=235.8%
[monitor] ['78%', '100%', '78%', '77%']  memcached=233.7%
[monitor] ['81%', '100%', '81%', '76%']  memcached=236.8%
[monitor] ['76%', '100%', '81%', '76%']  memcached=233.1%
[monitor] ['79%', '100%', '80%', '77%']  memcached=235.9%
[monitor] ['81%', '100%', '83%', '79%']  memcached=242.8%
[monitor] ['78%', '100%', '81%', '74%']  memcached=233.1%
[monitor] ['79%', '100%', '81%', '76%']  memcached=235.8%
[monitor] ['79%', '100%', '78%', '77%']  memcached=234.2%
[monitor] ['78%', '100%', '81%', '75%']  memcached=233.3%
[monitor] ['81%', '100%', '81%', '76%']  memcached=238.0%
[monitor] ['76%', '100%', '81%', '75%']  memcached=231.8%
[monitor] ['83%', '100%', '82%', '80%']  memcached=245.2%
[monitor] ['86%', '100%', '89%', '83%']  memcached=257.1%
[monitor] ['81%', '100%', '83%', '79%']  memcached=242.9%
[monitor] ['83%', '100%', '86%', '79%']  memcached=247.9%
[monitor] ['81%', '100%', '82%', '78%']  memcached=241.3%
[monitor] ['81%', '100%', '86%', '78%']  memcached=244.0%
[monitor] ['85%', '100%', '86%', '78%']  memcached=249.4%
[monitor] ['81%', '100%', '85%', '81%']  memcached=247.5%
[monitor] ['83%', '100%', '86%', '78%']  memcached=246.8%
[monitor] ['81%', '100%', '83%', '79%']  memcached=243.9%
[monitor] ['83%', '100%', '83%', '78%']  memcached=243.5%
[monitor] ['81%', '100%', '86%', '79%']  memcached=245.2%
[monitor] ['83%', '100%', '85%', '81%']  memcached=249.7%
[monitor] ['83%', '100%', '83%', '78%']  memcached=244.6%
[monitor] ['81%', '100%', '83%', '78%']  memcached=242.3%
[monitor] ['86%', '100%', '88%', '83%']  memcached=257.3%
[monitor] ['85%', '100%', '88%', '83%']  memcached=256.9%
[monitor] ['82%', '100%', '83%', '78%']  memcached=242.8%
[monitor] ['83%', '100%', '85%', '81%']  memcached=249.2%
[monitor] ['81%', '100%', '84%', '78%']  memcached=242.7%
[monitor] ['86%', '100%', '85%', '83%']  memcached=254.3%
[monitor] ['83%', '100%', '85%', '83%']  memcached=251.5%
[monitor] ['81%', '100%', '85%', '78%']  memcached=244.2%
[monitor] ['82%', '100%', '83%', '79%']  memcached=243.9%
[monitor] ['81%', '100%', '83%', '78%']  memcached=241.7%
[monitor] ['83%', '100%', '83%', '79%']  memcached=245.6%
[monitor] ['80%', '100%', '86%', '81%']  memcached=246.3%
[monitor] ['81%', '100%', '83%', '79%']  memcached=242.9%
[monitor] ['83%', '100%', '83%', '78%']  memcached=244.1%
[monitor] ['82%', '100%', '84%', '77%']  memcached=242.3%
[monitor] ['81%', '100%', '83%', '81%']  memcached=244.0%
[monitor] ['81%', '100%', '85%', '76%']  memcached=241.5%
[monitor] ['83%', '100%', '83%', '81%']  memcached=247.7%
[monitor] ['78%', '100%', '83%', '76%']  memcached=238.0%
[monitor] ['79%', '100%', '81%', '74%']  memcached=233.2%
[monitor] ['78%', '100%', '81%', '76%']  memcached=235.1%
[monitor] ['81%', '100%', '83%', '79%']  memcached=242.9%
[monitor] ['76%', '100%', '79%', '73%']  memcached=227.6%
[monitor] ['78%', '100%', '78%', '74%']  memcached=230.5%
[monitor] ['78%', '100%', '81%', '78%']  memcached=236.7%
[monitor] ['84%', '100%', '84%', '81%']  memcached=248.6%
[monitor] ['81%', '100%', '83%', '76%']  memcached=240.2%
[monitor] ['76%', '100%', '78%', '76%']  memcached=229.1%
[monitor] ['79%', '100%', '81%', '74%']  memcached=233.2%
[monitor] ['78%', '100%', '78%', '74%']  memcached=230.5%
[monitor] ['76%', '100%', '78%', '76%']  memcached=231.0%
[monitor] ['81%', '100%', '81%', '76%']  memcached=238.0%
[monitor] ['76%', '100%', '78%', '76%']  memcached=230.4%
[monitor] ['78%', '100%', '81%', '74%']  memcached=232.0%
[monitor] ['79%', '100%', '81%', '76%']  memcached=236.3%
[monitor] ['74%', '100%', '76%', '72%']  memcached=221.2%
[monitor] ['75%', '100%', '76%', '74%']  memcached=224.4%
[monitor] ['75%', '100%', '77%', '72%']  memcached=223.7%
[monitor] ['74%', '100%', '77%', '72%']  memcached=223.8%
[monitor] ['74%', '100%', '73%', '72%']  memcached=219.1%
[monitor] ['74%', '100%', '79%', '72%']  memcached=224.4%
[monitor] ['74%', '100%', '74%', '72%']  memcached=219.8%
[monitor] ['74%', '100%', '77%', '72%']  memcached=223.1%
[monitor] ['74%', '100%', '74%', '71%']  memcached=218.4%
[monitor] ['77%', '100%', '76%', '72%']  memcached=225.7%
[monitor] ['74%', '100%', '76%', '72%']  memcached=222.9%
[monitor] ['72%', '100%', '77%', '72%']  memcached=220.5%
[monitor] ['76%', '100%', '78%', '72%']  memcached=226.5%
[monitor] ['74%', '100%', '74%', '72%']  memcached=221.2%
[monitor] ['74%', '100%', '76%', '71%']  memcached=221.1%
[monitor] ['76%', '100%', '76%', '74%']  memcached=225.7%
[monitor] ['76%', '100%', '79%', '72%']  memcached=227.7%
[monitor] ['57%', '100%', '57%', '53%']  memcached=167.3%
[monitor] ['57%', '100%', '57%', '54%']  memcached=168.8%
[monitor] ['58%', '100%', '58%', '52%']  memcached=168.8%
[monitor] ['56%', '100%', '60%', '54%']  memcached=169.5%
[monitor] ['59%', '100%', '57%', '54%']  memcached=169.5%
[monitor] ['55%', '100%', '60%', '55%']  memcached=169.5%
[monitor] ['59%', '100%', '59%', '54%']  memcached=170.9%
[monitor] ['56%', '100%', '57%', '52%']  memcached=166.1%
[monitor] ['56%', '100%', '58%', '54%']  memcached=168.1%
[monitor] ['59%', '100%', '57%', '53%']  memcached=168.7%
[monitor] ['56%', '100%', '57%', '52%']  memcached=166.1%
[monitor] ['57%', '100%', '59%', '56%']  memcached=172.3%
[monitor] ['59%', '100%', '60%', '56%']  memcached=174.5%
[monitor] ['57%', '100%', '59%', '54%']  memcached=169.7%
[monitor] ['57%', '100%', '59%', '53%']  memcached=168.3%
[monitor] ['60%', '100%', '60%', '56%']  memcached=175.1%
[monitor] ['44%', '100%', '44%', '41%']  memcached=130.1%
[MEMCACHED] cores updated to: ['0', '3']
[freqmine] cores updated to: [2, 1]
[monitor] ['40%', '100%', '100%', '43%']  memcached=83.2%
[monitor] ['35%', '100%', '100%', '37%']  memcached=72.4%
[monitor] ['31%', '100%', '100%', '41%']  memcached=71.8%
[monitor] ['35%', '100%', '100%', '37%']  memcached=72.4%
[monitor] ['36%', '100%', '100%', '46%']  memcached=82.5%
[monitor] ['46%', '100%', '100%', '43%']  memcached=89.4%
[monitor] ['43%', '100%', '100%', '45%']  memcached=88.0%
[monitor] ['42%', '100%', '100%', '43%']  memcached=84.9%
[monitor] ['43%', '100%', '100%', '41%']  memcached=83.8%
[monitor] ['42%', '100%', '100%', '42%']  memcached=83.3%
[monitor] ['35%', '100%', '100%', '35%']  memcached=70.6%
[monitor] ['39%', '100%', '100%', '37%']  memcached=76.0%
[monitor] ['35%', '100%', '100%', '39%']  memcached=74.2%
[monitor] ['38%', '100%', '100%', '33%']  memcached=71.6%
[monitor] ['31%', '100%', '100%', '42%']  memcached=73.4%
[monitor] ['37%', '100%', '100%', '37%']  memcached=74.3%
[monitor] ['63%', '100%', '100%', '62%']  memcached=125.0%
[monitor] ['65%', '100%', '100%', '62%']  memcached=127.5%
[monitor] ['61%', '100%', '100%', '66%']  memcached=126.8%
[monitor] ['64%', '100%', '90%', '62%']  memcached=125.6%
[monitor] ['69%', '43%', '41%', '69%']  memcached=138.5%
[freqmine] ended.
[streamcluster] started on cores: [1, 2] with 3 threads.
[monitor] ['65%', '62%', '56%', '67%']  memcached=131.7%
[monitor] ['68%', '54%', '66%', '66%']  memcached=133.4%
[monitor] ['61%', '4%', '100%', '63%']  memcached=124.4%
[monitor] ['67%', '90%', '97%', '68%']  memcached=134.2%
[monitor] ['66%', '83%', '97%', '63%']  memcached=129.3%
[monitor] ['68%', '97%', '90%', '66%']  memcached=134.1%
[monitor] ['68%', '90%', '93%', '68%']  memcached=135.8%
[monitor] ['66%', '83%', '93%', '69%']  memcached=134.9%
[monitor] ['67%', '93%', '97%', '66%']  memcached=132.5%
[monitor] ['67%', '93%', '97%', '65%']  memcached=132.4%
[monitor] ['67%', '87%', '97%', '69%']  memcached=135.7%
[monitor] ['83%', '93%', '97%', '88%']  memcached=171.6%
[MEMCACHED] cores updated to: ['0', '1', '3']
[streamcluster] cores updated to: [2]
[monitor] ['82%', '81%', '100%', '77%']  memcached=239.6%
[monitor] ['78%', '79%', '100%', '76%']  memcached=233.0%
[monitor] ['79%', '81%', '100%', '76%']  memcached=235.8%
[monitor] ['77%', '79%', '100%', '74%']  memcached=230.2%
[monitor] ['76%', '79%', '100%', '76%']  memcached=230.9%
[monitor] ['78%', '78%', '100%', '76%']  memcached=231.8%
[monitor] ['83%', '83%', '100%', '78%']  memcached=244.4%
[monitor] ['81%', '83%', '100%', '79%']  memcached=243.4%
[monitor] ['83%', '83%', '100%', '78%']  memcached=245.0%
[monitor] ['78%', '78%', '100%', '76%']  memcached=233.1%
[monitor] ['76%', '81%', '100%', '76%']  memcached=233.2%
[monitor] ['78%', '76%', '100%', '74%']  memcached=228.4%
[monitor] ['79%', '79%', '100%', '75%']  memcached=232.9%
[monitor] ['78%', '78%', '100%', '75%']  memcached=231.8%
[monitor] ['79%', '78%', '100%', '76%']  memcached=233.0%
[monitor] ['72%', '74%', '100%', '72%']  memcached=218.7%
[monitor] ['67%', '64%', '100%', '63%']  memcached=194.4%
[monitor] ['66%', '67%', '100%', '65%']  memcached=198.4%
[monitor] ['66%', '66%', '100%', '64%']  memcached=195.3%
[monitor] ['67%', '66%', '100%', '63%']  memcached=195.9%
[monitor] ['66%', '67%', '100%', '64%']  memcached=196.8%
[monitor] ['67%', '67%', '100%', '67%']  memcached=200.8%
[monitor] ['66%', '68%', '100%', '62%']  memcached=195.9%
[monitor] ['65%', '67%', '100%', '64%']  memcached=196.8%
[monitor] ['65%', '65%', '100%', '62%']  memcached=191.9%
[monitor] ['67%', '66%', '100%', '63%']  memcached=196.7%
[monitor] ['63%', '67%', '100%', '64%']  memcached=194.4%
[monitor] ['66%', '67%', '100%', '62%']  memcached=195.0%
[monitor] ['69%', '69%', '100%', '65%']  memcached=203.1%
[monitor] ['66%', '64%', '100%', '62%']  memcached=192.1%
[monitor] ['67%', '69%', '100%', '65%']  memcached=200.7%
[monitor] ['66%', '66%', '100%', '65%']  memcached=196.8%
[monitor] ['67%', '67%', '100%', '63%']  memcached=196.7%
[monitor] ['68%', '67%', '100%', '67%']  memcached=200.8%
[monitor] ['66%', '66%', '100%', '62%']  memcached=194.2%
[monitor] ['67%', '69%', '100%', '63%']  memcached=199.9%
[monitor] ['69%', '68%', '100%', '67%']  memcached=203.2%
[monitor] ['66%', '67%', '100%', '65%']  memcached=197.5%
[monitor] ['67%', '69%', '100%', '63%']  memcached=199.3%
[monitor] ['65%', '64%', '100%', '65%']  memcached=194.4%
[monitor] ['67%', '68%', '100%', '67%']  memcached=201.6%
[monitor] ['67%', '64%', '100%', '61%']  memcached=191.9%
[monitor] ['67%', '67%', '100%', '64%']  memcached=198.4%
[monitor] ['67%', '68%', '100%', '64%']  memcached=198.5%
[monitor] ['67%', '66%', '100%', '64%']  memcached=196.8%
[monitor] ['66%', '66%', '100%', '65%']  memcached=196.7%
[monitor] ['63%', '67%', '100%', '64%']  memcached=193.7%
[monitor] ['67%', '68%', '100%', '63%']  memcached=198.4%
[monitor] ['68%', '70%', '100%', '67%']  memcached=204.7%
[monitor] ['72%', '72%', '100%', '70%']  memcached=215.0%
[monitor] ['74%', '72%', '100%', '70%']  memcached=216.9%
[monitor] ['72%', '74%', '100%', '72%']  memcached=219.4%
[monitor] ['72%', '72%', '100%', '70%']  memcached=215.0%
[monitor] ['72%', '72%', '100%', '69%']  memcached=214.2%
[monitor] ['72%', '74%', '100%', '70%']  memcached=215.5%
[monitor] ['72%', '73%', '100%', '70%']  memcached=215.7%
[monitor] ['72%', '72%', '100%', '68%']  memcached=212.5%
[monitor] ['74%', '72%', '100%', '72%']  memcached=218.7%
[monitor] ['72%', '75%', '100%', '69%']  memcached=216.7%
[monitor] ['72%', '72%', '100%', '69%']  memcached=213.3%
[monitor] ['74%', '73%', '100%', '72%']  memcached=219.3%
[monitor] ['75%', '74%', '100%', '71%']  memcached=220.1%
[monitor] ['71%', '72%', '100%', '69%']  memcached=212.5%
[monitor] ['72%', '72%', '100%', '70%']  memcached=214.3%
[monitor] ['75%', '72%', '100%', '70%']  memcached=217.5%
[monitor] ['55%', '54%', '100%', '54%']  memcached=163.4%
[monitor] ['37%', '42%', '100%', '37%']  memcached=116.0%
[MEMCACHED] cores updated to: ['0', '3']
[streamcluster] cores updated to: [1, 2]
[monitor] ['55%', '93%', '96%', '52%']  memcached=107.3%
[monitor] ['52%', '96%', '94%', '52%']  memcached=105.0%
[monitor] ['52%', '97%', '93%', '55%']  memcached=107.3%
[monitor] ['54%', '94%', '94%', '52%']  memcached=106.2%
[monitor] ['52%', '97%', '97%', '52%']  memcached=105.0%
[monitor] ['52%', '93%', '97%', '56%']  memcached=108.3%
[monitor] ['50%', '93%', '94%', '55%']  memcached=104.8%
[monitor] ['55%', '97%', '97%', '54%']  memcached=108.4%
[monitor] ['52%', '90%', '97%', '54%']  memcached=106.2%
[monitor] ['54%', '93%', '97%', '52%']  memcached=106.2%
[monitor] ['55%', '93%', '94%', '52%']  memcached=107.5%
[monitor] ['50%', '80%', '97%', '54%']  memcached=103.7%
[monitor] ['56%', '90%', '93%', '54%']  memcached=109.5%
[monitor] ['50%', '90%', '97%', '54%']  memcached=103.8%
[monitor] ['55%', '87%', '93%', '55%']  memcached=109.5%
[monitor] ['76%', '93%', '100%', '76%']  memcached=152.0%
[monitor] ['79%', '87%', '90%', '79%']  memcached=157.9%
[monitor] ['73%', '83%', '100%', '73%']  memcached=145.9%
[monitor] ['77%', '93%', '86%', '76%']  memcached=152.6%
[monitor] ['76%', '86%', '93%', '74%']  memcached=150.7%
[monitor] ['74%', '83%', '97%', '76%']  memcached=150.7%
[monitor] ['76%', '86%', '97%', '76%']  memcached=152.0%
[monitor] ['78%', '97%', '86%', '71%']  memcached=149.4%
[monitor] ['74%', '82%', '100%', '76%']  memcached=150.7%
[monitor] ['76%', '86%', '90%', '76%']  memcached=152.0%
[monitor] ['77%', '97%', '90%', '78%']  memcached=155.3%
[monitor] ['72%', '89%', '93%', '76%']  memcached=148.1%
[monitor] ['77%', '97%', '90%', '74%']  memcached=150.6%
[monitor] ['76%', '90%', '97%', '72%']  memcached=148.2%
[monitor] ['78%', '100%', '90%', '72%']  memcached=150.2%
[monitor] ['74%', '93%', '97%', '75%']  memcached=148.7%
[monitor] ['66%', '97%', '97%', '63%']  memcached=128.9%
[monitor] ['42%', '87%', '93%', '45%']  memcached=86.4%
[monitor] ['41%', '93%', '100%', '38%']  memcached=78.8%
[monitor] ['35%', '97%', '94%', '41%']  memcached=75.8%
[monitor] ['42%', '97%', '93%', '39%']  memcached=80.6%
[monitor] ['38%', '93%', '93%', '45%']  memcached=83.0%
[monitor] ['39%', '100%', '93%', '39%']  memcached=77.8%
[monitor] ['42%', '97%', '97%', '41%']  memcached=82.2%
[monitor] ['38%', '93%', '93%', '43%']  memcached=81.5%
[monitor] ['43%', '97%', '97%', '42%']  memcached=84.9%
[monitor] ['43%', '94%', '93%', '42%']  memcached=85.3%
[monitor] ['39%', '97%', '93%', '45%']  memcached=83.6%
[monitor] ['45%', '93%', '97%', '42%']  memcached=86.4%
[monitor] ['39%', '93%', '97%', '41%']  memcached=79.4%
[monitor] ['42%', '97%', '97%', '44%']  memcached=85.3%
[monitor] ['37%', '100%', '94%', '42%']  memcached=78.8%
[monitor] ['44%', '97%', '93%', '42%']  memcached=86.1%
[monitor] ['76%', '93%', '94%', '76%']  memcached=152.2%
[monitor] ['83%', '76%', '93%', '91%']  memcached=174.2%
[MEMCACHED] cores updated to: ['0', '2', '3']
[streamcluster] cores updated to: [1]
[monitor] ['75%', '100%', '75%', '71%']  memcached=221.1%
[monitor] ['73%', '100%', '76%', '72%']  memcached=221.8%
[monitor] ['74%', '100%', '74%', '74%']  memcached=223.1%
[monitor] ['74%', '100%', '74%', '72%']  memcached=219.9%
[monitor] ['74%', '100%', '77%', '73%']  memcached=224.3%
[monitor] ['74%', '100%', '75%', '74%']  memcached=223.0%
[monitor] ['74%', '100%', '76%', '72%']  memcached=222.5%
[monitor] ['72%', '100%', '74%', '74%']  memcached=221.2%
[monitor] ['74%', '100%', '74%', '74%']  memcached=223.1%
[monitor] ['71%', '100%', '74%', '72%']  memcached=217.2%
[monitor] ['75%', '100%', '76%', '74%']  memcached=225.0%
[monitor] ['74%', '100%', '75%', '72%']  memcached=220.5%
[monitor] ['77%', '100%', '78%', '76%']  memcached=231.0%
[monitor] ['74%', '100%', '76%', '75%']  memcached=225.0%
[monitor] ['71%', '100%', '72%', '68%']  memcached=210.3%
[monitor] ['65%', '100%', '64%', '64%']  memcached=193.7%
[monitor] ['63%', '100%', '67%', '66%']  memcached=195.9%
[monitor] ['64%', '100%', '62%', '61%']  memcached=187.8%
[monitor] ['64%', '100%', '64%', '67%']  memcached=195.2%
[monitor] ['63%', '100%', '66%', '63%']  memcached=192.7%
[monitor] ['63%', '100%', '65%', '62%']  memcached=190.3%
[monitor] ['66%', '100%', '65%', '64%']  memcached=195.3%
[monitor] ['61%', '100%', '64%', '63%']  memcached=188.7%
[monitor] ['66%', '100%', '65%', '63%']  memcached=194.3%
[monitor] ['63%', '100%', '64%', '62%']  memcached=189.6%
[monitor] ['63%', '100%', '65%', '63%']  memcached=191.3%
[monitor] ['65%', '100%', '66%', '62%']  memcached=192.5%
[monitor] ['64%', '100%', '63%', '65%']  memcached=192.8%
[monitor] ['64%', '100%', '65%', '62%']  memcached=191.8%
[monitor] ['62%', '100%', '64%', '64%']  memcached=190.4%
[monitor] ['63%', '100%', '63%', '63%']  memcached=189.6%
[monitor] ['62%', '100%', '63%', '60%']  memcached=185.2%
[monitor] ['57%', '100%', '60%', '60%']  memcached=176.2%
[monitor] ['60%', '100%', '59%', '57%']  memcached=175.2%
[monitor] ['55%', '100%', '59%', '59%']  memcached=172.1%
[monitor] ['58%', '100%', '57%', '56%']  memcached=171.4%
[monitor] ['57%', '100%', '60%', '60%']  memcached=176.5%
[monitor] ['59%', '100%', '59%', '57%']  memcached=175.1%
[monitor] ['60%', '100%', '63%', '60%']  memcached=182.3%
[monitor] ['56%', '100%', '59%', '56%']  memcached=170.7%
[monitor] ['57%', '100%', '57%', '59%']  memcached=172.8%
[monitor] ['60%', '100%', '59%', '57%']  memcached=175.2%
[monitor] ['57%', '100%', '59%', '60%']  memcached=175.2%
[monitor] ['60%', '100%', '59%', '57%']  memcached=175.8%
[monitor] ['59%', '100%', '59%', '60%']  memcached=177.2%
[monitor] ['56%', '100%', '59%', '57%']  memcached=172.1%
[monitor] ['59%', '100%', '61%', '59%']  memcached=178.4%
[monitor] ['58%', '100%', '57%', '60%']  memcached=175.2%
[monitor] ['68%', '100%', '70%', '68%']  memcached=206.4%
[monitor] ['68%', '100%', '68%', '67%']  memcached=203.4%
[monitor] ['68%', '100%', '68%', '68%']  memcached=203.3%
[monitor] ['69%', '100%', '70%', '70%']  memcached=209.0%
[monitor] ['68%', '100%', '70%', '69%']  memcached=207.3%
[monitor] ['70%', '100%', '71%', '72%']  memcached=212.5%
[monitor] ['68%', '100%', '69%', '68%']  memcached=205.0%
[monitor] ['68%', '100%', '69%', '67%']  memcached=204.0%
[monitor] ['66%', '100%', '67%', '68%']  memcached=200.8%
[monitor] ['68%', '100%', '69%', '69%']  memcached=205.6%
[monitor] ['68%', '100%', '70%', '67%']  memcached=205.0%
[monitor] ['68%', '100%', '68%', '68%']  memcached=204.1%
[monitor] ['68%', '100%', '68%', '68%']  memcached=205.0%
[monitor] ['68%', '100%', '69%', '68%']  memcached=205.6%
[monitor] ['70%', '100%', '70%', '70%']  memcached=210.0%
[monitor] ['70%', '100%', '68%', '68%']  memcached=206.6%
[monitor] ['68%', '100%', '70%', '68%']  memcached=205.8%
[monitor] ['68%', '100%', '68%', '70%']  memcached=205.8%
[monitor] ['71%', '100%', '72%', '71%']  memcached=213.3%
[monitor] ['70%', '100%', '71%', '68%']  memcached=208.2%
[monitor] ['67%', '100%', '69%', '68%']  memcached=204.0%
[monitor] ['68%', '100%', '68%', '68%']  memcached=204.1%
[monitor] ['67%', '100%', '70%', '68%']  memcached=205.0%
[monitor] ['69%', '100%', '71%', '68%']  memcached=208.1%
[monitor] ['70%', '100%', '71%', '71%']  memcached=211.5%
[monitor] ['69%', '100%', '68%', '68%']  memcached=204.8%
[monitor] ['68%', '100%', '68%', '66%']  memcached=201.6%
[monitor] ['68%', '100%', '71%', '70%']  memcached=208.2%
[monitor] ['68%', '100%', '69%', '68%']  memcached=205.0%
[monitor] ['69%', '100%', '71%', '68%']  memcached=207.3%
[monitor] ['68%', '100%', '68%', '68%']  memcached=204.9%
[monitor] ['67%', '100%', '68%', '67%']  memcached=201.6%
[monitor] ['68%', '100%', '68%', '68%']  memcached=204.2%
[monitor] ['33%', '100%', '35%', '30%']  memcached=98.9%
[MEMCACHED] cores updated to: ['0', '3']
[streamcluster] cores updated to: [1, 2]
[monitor] ['41%', '93%', '97%', '35%']  memcached=75.8%
[monitor] ['39%', '97%', '93%', '37%']  memcached=76.0%
[monitor] ['45%', '97%', '93%', '43%']  memcached=88.0%
[monitor] ['42%', '93%', '97%', '42%']  memcached=84.2%
[monitor] ['41%', '97%', '93%', '39%']  memcached=79.4%
[monitor] ['37%', '97%', '97%', '35%']  memcached=72.4%
[monitor] ['35%', '93%', '93%', '39%']  memcached=74.2%
[monitor] ['33%', '97%', '97%', '39%']  memcached=72.2%
[monitor] ['37%', '94%', '93%', '37%']  memcached=74.3%
[monitor] ['39%', '93%', '93%', '35%']  memcached=74.2%
[monitor] ['37%', '100%', '93%', '39%']  memcached=76.0%
[monitor] ['37%', '94%', '94%', '37%']  memcached=74.3%
[monitor] ['37%', '93%', '97%', '37%']  memcached=74.3%
[monitor] ['40%', '90%', '97%', '40%']  memcached=80.0%
[monitor] ['37%', '93%', '93%', '36%']  memcached=73.3%
[monitor] ['39%', '93%', '100%', '42%']  memcached=80.6%
[monitor] ['47%', '93%', '97%', '52%']  memcached=99.7%
[monitor] ['49%', '96%', '97%', '46%']  memcached=94.9%
[monitor] ['46%', '94%', '97%', '49%']  memcached=94.9%
[monitor] ['46%', '93%', '97%', '49%']  memcached=94.7%
[monitor] ['49%', '90%', '93%', '46%']  memcached=94.9%
[monitor] ['49%', '97%', '97%', '50%']  memcached=98.7%
[monitor] ['47%', '93%', '93%', '50%']  memcached=97.4%
[monitor] ['49%', '97%', '93%', '46%']  memcached=94.9%
[monitor] ['47%', '87%', '97%', '47%']  memcached=94.7%
[monitor] ['45%', '100%', '93%', '45%']  memcached=89.5%
[monitor] ['46%', '97%', '93%', '49%']  memcached=94.9%
[monitor] ['49%', '97%', '97%', '46%']  memcached=94.9%
[monitor] ['49%', '93%', '94%', '49%']  memcached=97.4%
[monitor] ['47%', '93%', '93%', '48%']  memcached=94.9%
[monitor] ['49%', '97%', '93%', '49%']  memcached=97.5%
[monitor] ['47%', '90%', '94%', '50%']  memcached=97.4%
[monitor] ['74%', '97%', '90%', '68%']  memcached=142.0%
[monitor] ['83%', '89%', '97%', '91%']  memcached=173.8%
[MEMCACHED] cores updated to: ['0', '1', '3']
[streamcluster] cores updated to: [2]
[monitor] ['72%', '74%', '100%', '71%']  memcached=217.2%
[monitor] ['74%', '72%', '100%', '71%']  memcached=217.6%
[monitor] ['71%', '72%', '100%', '70%']  memcached=212.8%
[monitor] ['74%', '74%', '100%', '71%']  memcached=219.1%
[monitor] ['72%', '74%', '100%', '73%']  memcached=219.4%
[monitor] ['74%', '74%', '100%', '70%']  memcached=218.0%
[monitor] ['72%', '75%', '100%', '72%']  memcached=219.3%
[monitor] ['74%', '75%', '100%', '69%']  memcached=218.6%
[monitor] ['72%', '74%', '100%', '72%']  memcached=218.0%
[monitor] ['74%', '73%', '100%', '68%']  memcached=215.1%
[monitor] ['75%', '77%', '100%', '74%']  memcached=225.6%
[monitor] ['72%', '71%', '100%', '70%']  memcached=213.6%
[monitor] ['74%', '74%', '100%', '70%']  memcached=218.0%
[monitor] ['75%', '74%', '100%', '71%']  memcached=220.4%
[monitor] ['66%', '67%', '100%', '64%']  memcached=196.6%
[monitor] ['43%', '41%', '100%', '33%']  memcached=117.1%
[MEMCACHED] cores updated to: ['0', '3']
[streamcluster] cores updated to: [1, 2]
[monitor] ['54%', '87%', '100%', '52%']  memcached=106.2%
[monitor] ['51%', '90%', '97%', '52%']  memcached=103.6%
[monitor] ['50%', '79%', '97%', '50%']  memcached=100.0%
[monitor] ['47%', '86%', '97%', '51%']  memcached=98.6%
[monitor] ['51%', '90%', '100%', '51%']  memcached=102.5%
[monitor] ['51%', '96%', '97%', '50%']  memcached=101.3%
[monitor] ['54%', '94%', '94%', '54%']  memcached=107.3%
[monitor] ['52%', '90%', '79%', '51%']  memcached=103.7%
[monitor] ['48%', '93%', '40%', '40%']  memcached=87.5%
[monitor] ['46%', '87%', '90%', '49%']  memcached=94.9%
[monitor] ['50%', '90%', '97%', '51%']  memcached=101.3%
[monitor] ['47%', '94%', '93%', '51%']  memcached=98.6%
[monitor] ['51%', '93%', '93%', '49%']  memcached=99.9%
[monitor] ['47%', '97%', '93%', '46%']  memcached=93.5%
[monitor] ['50%', '97%', '93%', '52%']  memcached=102.5%
[monitor] ['48%', '93%', '90%', '46%']  memcached=93.7%
[monitor] ['49%', '97%', '97%', '47%']  memcached=96.1%
[monitor] ['50%', '87%', '93%', '46%']  memcached=95.9%
[monitor] ['44%', '93%', '94%', '46%']  memcached=90.6%
[monitor] ['49%', '97%', '97%', '47%']  memcached=96.1%
[monitor] ['44%', '83%', '97%', '49%']  memcached=93.2%
[monitor] ['48%', '97%', '90%', '45%']  memcached=92.2%
[monitor] ['47%', '90%', '93%', '48%']  memcached=94.9%
[monitor] ['48%', '93%', '97%', '43%']  memcached=90.7%
[monitor] ['47%', '90%', '93%', '46%']  memcached=93.3%
[monitor] ['48%', '97%', '97%', '46%']  memcached=93.7%
[monitor] ['47%', '93%', '93%', '46%']  memcached=93.5%
[monitor] ['49%', '90%', '100%', '49%']  memcached=97.5%
[monitor] ['49%', '100%', '93%', '47%']  memcached=96.1%
[monitor] ['47%', '97%', '97%', '48%']  memcached=94.9%
[monitor] ['47%', '94%', '90%', '47%']  memcached=94.7%
[monitor] ['45%', '93%', '93%', '49%']  memcached=93.5%
[monitor] ['56%', '97%', '100%', '56%']  memcached=112.2%
[monitor] ['56%', '93%', '97%', '58%']  memcached=114.2%
[monitor] ['56%', '97%', '94%', '54%']  memcached=109.5%
[monitor] ['52%', '86%', '93%', '54%']  memcached=106.2%
[monitor] ['54%', '97%', '97%', '54%']  memcached=107.3%
[monitor] ['53%', '94%', '97%', '54%']  memcached=106.5%
[monitor] ['55%', '93%', '97%', '52%']  memcached=107.3%
[monitor] ['55%', '94%', '97%', '52%']  memcached=107.5%
[monitor] ['56%', '93%', '100%', '54%']  memcached=109.8%
[monitor] ['54%', '93%', '90%', '51%']  memcached=104.9%
[monitor] ['50%', '93%', '93%', '51%']  memcached=101.2%
[monitor] ['54%', '97%', '90%', '55%']  memcached=108.8%
[monitor] ['54%', '90%', '97%', '52%']  memcached=106.2%
[monitor] ['52%', '90%', '97%', '54%']  memcached=106.2%
[monitor] ['49%', '97%', '97%', '52%']  memcached=101.2%
[monitor] ['54%', '97%', '93%', '51%']  memcached=105.1%
[monitor] ['68%', '96%', '97%', '68%']  memcached=136.0%
[monitor] ['94%', '93%', '82%', '100%']  memcached=193.5%
[MEMCACHED] cores updated to: ['0', '2', '3']
[streamcluster] cores updated to: [1]
[monitor] ['85%', '100%', '88%', '83%']  memcached=256.9%
[monitor] ['81%', '100%', '81%', '81%']  memcached=242.2%
[monitor] ['81%', '100%', '83%', '81%']  memcached=245.0%
[monitor] ['80%', '100%', '83%', '82%']  memcached=244.4%
[monitor] ['81%', '100%', '83%', '81%']  memcached=244.4%
[monitor] ['80%', '100%', '83%', '83%']  memcached=246.2%
[monitor] ['84%', '100%', '83%', '81%']  memcached=247.7%
[monitor] ['83%', '100%', '86%', '83%']  memcached=251.9%
[monitor] ['81%', '100%', '83%', '81%']  memcached=245.0%
[monitor] ['81%', '100%', '83%', '83%']  memcached=246.7%
[monitor] ['83%', '100%', '88%', '83%']  memcached=253.7%
[monitor] ['85%', '100%', '86%', '83%']  memcached=254.3%
[monitor] ['81%', '100%', '85%', '83%']  memcached=249.7%
[monitor] ['83%', '100%', '86%', '81%']  memcached=249.1%
[monitor] ['86%', '100%', '85%', '83%']  memcached=253.9%
[monitor] ['69%', '100%', '69%', '69%']  memcached=207.1%
[monitor] ['66%', '100%', '67%', '67%']  memcached=199.2%
[monitor] ['69%', '100%', '68%', '68%']  memcached=204.8%
[monitor] ['68%', '100%', '69%', '66%']  memcached=203.2%
[monitor] ['66%', '100%', '68%', '66%']  memcached=200.0%
[monitor] ['68%', '100%', '69%', '71%']  memcached=208.3%
[monitor] ['68%', '100%', '70%', '68%']  memcached=206.6%
[monitor] ['70%', '100%', '71%', '68%']  memcached=208.2%
[monitor] ['68%', '100%', '68%', '66%']  memcached=201.6%
[monitor] ['66%', '100%', '69%', '65%']  memcached=199.9%
[monitor] ['68%', '100%', '67%', '69%']  memcached=204.0%
[monitor] ['67%', '100%', '68%', '66%']  memcached=200.8%
[monitor] ['70%', '100%', '70%', '68%']  memcached=208.3%
[monitor] ['66%', '100%', '68%', '68%']  memcached=202.4%
[monitor] ['67%', '100%', '68%', '67%']  memcached=201.6%
[monitor] ['68%', '100%', '68%', '68%']  memcached=204.1%
[monitor] ['69%', '100%', '71%', '68%']  memcached=207.3%
[monitor] ['66%', '100%', '69%', '69%']  memcached=203.9%
[monitor] ['67%', '100%', '69%', '68%']  memcached=204.0%
[monitor] ['67%', '100%', '67%', '67%']  memcached=200.0%
[monitor] ['66%', '100%', '67%', '66%']  memcached=198.4%
[monitor] ['67%', '100%', '66%', '67%']  memcached=200.7%
[monitor] ['64%', '100%', '67%', '67%']  memcached=197.6%
[monitor] ['67%', '100%', '66%', '66%']  memcached=198.4%
[monitor] ['67%', '100%', '67%', '65%']  memcached=199.2%
[monitor] ['64%', '100%', '66%', '67%']  memcached=196.8%
[monitor] ['67%', '100%', '67%', '65%']  memcached=199.1%
[monitor] ['62%', '100%', '64%', '63%']  memcached=189.0%
[monitor] ['64%', '100%', '66%', '66%']  memcached=196.0%
[monitor] ['64%', '100%', '64%', '64%']  memcached=192.9%
[monitor] ['64%', '100%', '64%', '63%']  memcached=192.0%
[monitor] ['64%', '100%', '65%', '62%']  memcached=191.2%
[monitor] ['63%', '100%', '65%', '62%']  memcached=191.0%
[monitor] ['60%', '100%', '61%', '60%']  memcached=180.5%
[monitor] ['56%', '100%', '57%', '57%']  memcached=170.4%
[monitor] ['60%', '100%', '60%', '55%']  memcached=174.0%
[monitor] ['56%', '100%', '60%', '60%']  memcached=176.1%
[monitor] ['56%', '100%', '57%', '56%']  memcached=169.3%
[monitor] ['57%', '100%', '60%', '59%']  memcached=175.2%
[monitor] ['57%', '100%', '59%', '56%']  memcached=172.1%
[monitor] ['60%', '100%', '59%', '59%']  memcached=177.0%
[monitor] ['56%', '100%', '60%', '57%']  memcached=172.8%
[monitor] ['56%', '100%', '59%', '60%']  memcached=174.2%
[monitor] ['59%', '100%', '60%', '56%']  memcached=175.1%
[monitor] ['55%', '100%', '56%', '57%']  memcached=168.2%
[monitor] ['60%', '100%', '59%', '59%']  memcached=177.5%
[monitor] ['57%', '100%', '60%', '59%']  memcached=175.2%
[monitor] ['57%', '100%', '58%', '57%']  memcached=172.4%
[monitor] ['57%', '100%', '63%', '58%']  memcached=178.4%
[monitor] ['56%', '100%', '54%', '55%']  memcached=164.5%
[monitor] ['23%', '100%', '26%', '17%']  memcached=65.6%
[MEMCACHED] cores updated to: ['0', '3']
[streamcluster] cores updated to: [1, 2]
[monitor] ['36%', '87%', '100%', '37%']  memcached=73.5%
[monitor] ['37%', '96%', '93%', '35%']  memcached=72.4%
[monitor] ['33%', '97%', '90%', '37%']  memcached=70.5%
[monitor] ['34%', '93%', '97%', '37%']  memcached=71.4%
[monitor] ['37%', '97%', '97%', '42%']  memcached=78.8%
[monitor] ['41%', '94%', '93%', '34%']  memcached=74.8%
[monitor] ['41%', '93%', '97%', '37%']  memcached=77.7%
[monitor] ['35%', '97%', '97%', '37%']  memcached=72.4%
[monitor] ['33%', '97%', '93%', '37%']  memcached=70.5%
[monitor] ['39%', '97%', '93%', '37%']  memcached=76.0%
[monitor] ['37%', '93%', '93%', '39%']  memcached=76.0%
[monitor] ['33%', '94%', '97%', '37%']  memcached=70.5%
[monitor] ['39%', '97%', '94%', '35%']  memcached=74.2%
[monitor] ['34%', '93%', '93%', '41%']  memcached=74.8%
[monitor] ['42%', '97%', '93%', '37%']  memcached=78.8%
[monitor] ['26%', '97%', '93%', '23%']  memcached=48.4%
[MEMCACHED] cores updated to: ['0']
[streamcluster] cores updated to: [1, 2, 3]
[monitor] ['30%', '100%', '77%', '100%']  memcached=30.3%
[monitor] ['35%', '100%', '77%', '100%']  memcached=35.3%
[monitor] ['28%', '100%', '77%', '100%']  memcached=28.1%
[monitor] ['32%', '97%', '77%', '97%']  memcached=32.4%
[monitor] ['33%', '100%', '76%', '100%']  memcached=33.3%
[monitor] ['33%', '100%', '74%', '100%']  memcached=33.3%
[monitor] ['35%', '100%', '79%', '100%']  memcached=35.3%
[monitor] ['35%', '100%', '77%', '97%']  memcached=35.3%
[monitor] ['28%', '100%', '80%', '100%']  memcached=28.1%
[monitor] ['32%', '100%', '77%', '100%']  memcached=32.4%
[monitor] ['33%', '100%', '77%', '100%']  memcached=33.3%
[monitor] ['37%', '100%', '80%', '97%']  memcached=37.1%
[monitor] ['30%', '100%', '80%', '100%']  memcached=30.3%
[monitor] ['32%', '100%', '77%', '100%']  memcached=32.4%
[monitor] ['31%', '100%', '79%', '100%']  memcached=31.2%
[monitor] ['40%', '100%', '80%', '97%']  memcached=40.0%
[monitor] ['100%', '100%', '90%', '97%']  memcached=100.0%
[MEMCACHED] cores updated to: ['0', '1', '3']
[streamcluster] cores updated to: [2]
[monitor] ['97%', '100%', '100%', '88%']  memcached=284.8%
[monitor] ['78%', '79%', '100%', '76%']  memcached=233.0%
[monitor] ['79%', '81%', '100%', '76%']  memcached=236.3%
[monitor] ['78%', '78%', '100%', '76%']  memcached=232.5%
[monitor] ['79%', '79%', '100%', '75%']  memcached=232.9%
[monitor] ['81%', '81%', '100%', '76%']  memcached=237.3%
[monitor] ['78%', '80%', '100%', '77%']  memcached=234.7%
[monitor] ['79%', '79%', '100%', '76%']  memcached=234.1%
[monitor] ['79%', '79%', '100%', '77%']  memcached=234.8%
[monitor] ['78%', '78%', '100%', '74%']  memcached=230.4%
[monitor] ['78%', '81%', '100%', '76%']  memcached=235.8%
[monitor] ['78%', '79%', '100%', '76%']  memcached=233.0%
[monitor] ['79%', '79%', '100%', '76%']  memcached=234.2%
[monitor] ['79%', '79%', '100%', '76%']  memcached=234.2%
[monitor] ['78%', '80%', '100%', '74%']  memcached=232.7%
[monitor] ['48%', '50%', '100%', '44%']  memcached=142.2%
[monitor] ['32%', '30%', '100%', '26%']  memcached=88.5%
[MEMCACHED] cores updated to: ['0', '3']
[streamcluster] cores updated to: [1, 2]
[monitor] ['49%', '93%', '97%', '46%']  memcached=94.7%
[monitor] ['51%', '93%', '93%', '51%']  memcached=102.4%
[monitor] ['47%', '93%', '93%', '48%']  memcached=94.9%
[monitor] ['49%', '90%', '94%', '47%']  memcached=96.1%
[monitor] ['47%', '86%', '93%', '49%']  memcached=96.1%
[monitor] ['50%', '87%', '97%', '52%']  memcached=102.4%
[monitor] ['44%', '90%', '93%', '48%']  memcached=91.9%
[monitor] ['46%', '100%', '97%', '47%']  memcached=93.5%
[monitor] ['49%', '94%', '97%', '49%']  memcached=97.5%
[monitor] ['46%', '97%', '93%', '47%']  memcached=93.5%
[monitor] ['47%', '93%', '93%', '45%']  memcached=92.1%
[monitor] ['49%', '97%', '93%', '46%']  memcached=94.7%
[monitor] ['46%', '97%', '97%', '48%']  memcached=93.7%
[monitor] ['50%', '97%', '93%', '46%']  memcached=95.9%
[monitor] ['51%', '90%', '97%', '49%']  memcached=100.0%
[monitor] ['78%', '93%', '97%', '83%']  memcached=161.2%
[MEMCACHED] cores updated to: ['0', '2', '3']
[streamcluster] cores updated to: [1]
[monitor] ['68%', '100%', '68%', '65%']  memcached=201.6%
[monitor] ['68%', '100%', '70%', '68%']  memcached=205.8%
[monitor] ['68%', '100%', '70%', '68%']  memcached=205.0%
[monitor] ['68%', '100%', '68%', '66%']  memcached=202.4%
[monitor] ['68%', '100%', '70%', '68%']  memcached=206.6%
[monitor] ['68%', '100%', '69%', '69%']  memcached=205.6%
[monitor] ['68%', '100%', '70%', '66%']  memcached=204.1%
[monitor] ['68%', '100%', '68%', '68%']  memcached=204.1%
[monitor] ['68%', '100%', '68%', '66%']  memcached=202.4%
[monitor] ['66%', '100%', '68%', '68%']  memcached=201.6%
[monitor] ['70%', '100%', '70%', '68%']  memcached=208.3%
[monitor] ['68%', '100%', '71%', '69%']  memcached=207.3%
[monitor] ['69%', '100%', '68%', '68%']  memcached=205.6%
[monitor] ['66%', '100%', '68%', '66%']  memcached=200.0%
[monitor] ['70%', '100%', '71%', '68%']  memcached=209.0%
[monitor] ['72%', '100%', '74%', '74%']  memcached=220.5%
[monitor] ['81%', '100%', '81%', '79%']  memcached=241.1%
[monitor] ['78%', '100%', '83%', '81%']  memcached=241.8%
[monitor] ['81%', '100%', '81%', '79%']  memcached=240.6%
[monitor] ['81%', '100%', '81%', '78%']  memcached=240.5%
[monitor] ['76%', '100%', '80%', '78%']  memcached=234.7%
[monitor] ['78%', '100%', '79%', '74%']  memcached=231.1%
[monitor] ['77%', '100%', '79%', '77%']  memcached=232.8%
[monitor] ['81%', '100%', '81%', '76%']  memcached=237.4%
[monitor] ['79%', '100%', '79%', '79%']  memcached=237.4%
[monitor] ['76%', '100%', '79%', '76%']  memcached=231.6%
[monitor] ['76%', '100%', '78%', '74%']  memcached=228.5%
[monitor] ['79%', '100%', '78%', '78%']  memcached=235.7%
[monitor] ['76%', '100%', '78%', '76%']  memcached=231.0%
[monitor] ['78%', '100%', '78%', '76%']  memcached=232.4%
[monitor] ['76%', '100%', '79%', '77%']  memcached=232.7%
[monitor] ['76%', '100%', '77%', '76%']  memcached=228.5%
[monitor] ['25%', '100%', '23%', '17%']  memcached=64.8%
[MEMCACHED] cores updated to: ['0', '3']
[streamcluster] cores updated to: [1, 2]
[monitor] ['42%', '97%', '97%', '38%']  memcached=79.9%
[monitor] ['37%', '90%', '93%', '41%']  memcached=77.7%
[monitor] ['39%', '93%', '97%', '42%']  memcached=81.0%
[monitor] ['38%', '90%', '93%', '37%']  memcached=75.4%
[monitor] ['41%', '90%', '97%', '39%']  memcached=79.4%
[monitor] ['39%', '93%', '93%', '42%']  memcached=81.0%
[monitor] ['39%', '94%', '94%', '37%']  memcached=76.0%
[monitor] ['36%', '90%', '93%', '40%']  memcached=76.4%
[monitor] ['41%', '86%', '93%', '39%']  memcached=79.4%
[monitor] ['37%', '90%', '97%', '42%']  memcached=79.2%
[monitor] ['41%', '86%', '100%', '35%']  memcached=75.8%
[monitor] ['39%', '97%', '97%', '39%']  memcached=77.8%
[monitor] ['37%', '97%', '93%', '41%']  memcached=77.7%
[monitor] ['37%', '93%', '97%', '40%']  memcached=77.1%
[monitor] ['42%', '97%', '97%', '39%']  memcached=80.6%
[monitor] ['51%', '97%', '93%', '51%']  memcached=102.6%
[monitor] ['65%', '87%', '97%', '67%']  memcached=131.8%
[monitor] ['62%', '83%', '97%', '64%']  memcached=125.8%
[monitor] ['64%', '97%', '93%', '61%']  memcached=125.3%
[monitor] ['62%', '97%', '86%', '64%']  memcached=126.8%
[monitor] ['63%', '93%', '97%', '63%']  memcached=126.8%
[monitor] ['62%', '97%', '90%', '63%']  memcached=125.9%
[monitor] ['62%', '83%', '93%', '62%']  memcached=123.8%
[monitor] ['63%', '90%', '100%', '66%']  memcached=129.3%
[monitor] ['64%', '87%', '97%', '63%']  memcached=127.7%
[monitor] ['62%', '90%', '97%', '62%']  memcached=124.4%
[monitor] ['62%', '79%', '97%', '64%']  memcached=126.2%
[monitor] ['62%', '94%', '97%', '63%']  memcached=125.0%
[monitor] ['63%', '90%', '93%', '63%']  memcached=126.8%
[monitor] ['63%', '89%', '100%', '64%']  memcached=127.7%
[monitor] ['62%', '90%', '93%', '63%']  memcached=125.3%
[monitor] ['63%', '87%', '97%', '62%']  memcached=125.3%
[monitor] ['77%', '82%', '100%', '81%']  memcached=157.5%
[monitor] ['78%', '93%', '90%', '81%']  memcached=159.5%
[monitor] ['81%', '93%', '97%', '81%']  memcached=161.1%
[MEMCACHED] cores updated to: ['0', '2', '3']
[streamcluster] cores updated to: [1]
[monitor] ['68%', '100%', '70%', '68%']  memcached=206.6%
[monitor] ['68%', '100%', '69%', '69%']  memcached=206.8%
[monitor] ['68%', '100%', '71%', '66%']  memcached=204.9%
[monitor] ['68%', '100%', '68%', '68%']  memcached=204.1%
[monitor] ['68%', '100%', '70%', '68%']  memcached=206.7%
[monitor] ['70%', '100%', '69%', '71%']  memcached=210.4%
[monitor] ['69%', '100%', '68%', '69%']  memcached=206.8%
[monitor] ['69%', '100%', '70%', '68%']  memcached=207.3%
[monitor] ['68%', '100%', '68%', '68%']  memcached=203.3%
[monitor] ['70%', '100%', '70%', '71%']  memcached=210.7%
[monitor] ['68%', '100%', '71%', '68%']  memcached=207.3%
[monitor] ['68%', '100%', '69%', '68%']  memcached=204.2%
[monitor] ['69%', '100%', '70%', '69%']  memcached=207.9%
[monitor] ['72%', '100%', '72%', '70%']  memcached=213.6%
[monitor] ['72%', '100%', '74%', '72%']  memcached=218.7%
[monitor] ['70%', '100%', '72%', '72%']  memcached=213.6%
[monitor] ['72%', '100%', '74%', '72%']  memcached=218.7%
[monitor] ['70%', '100%', '72%', '72%']  memcached=214.3%
[monitor] ['72%', '100%', '72%', '70%']  memcached=214.3%
[monitor] ['72%', '100%', '74%', '72%']  memcached=218.7%
[monitor] ['72%', '100%', '72%', '72%']  memcached=216.1%
[monitor] ['72%', '100%', '74%', '73%']  memcached=220.0%
[monitor] ['71%', '100%', '72%', '72%']  memcached=215.3%
[monitor] ['71%', '100%', '73%', '71%']  memcached=214.6%
[monitor] ['73%', '100%', '72%', '72%']  memcached=216.8%
[monitor] ['72%', '100%', '75%', '72%']  memcached=218.6%
[monitor] ['71%', '100%', '74%', '72%']  memcached=217.2%
[monitor] ['72%', '100%', '72%', '69%']  memcached=213.5%
[monitor] ['73%', '100%', '72%', '72%']  memcached=216.8%
[monitor] ['73%', '100%', '73%', '72%']  memcached=218.6%
[monitor] ['61%', '100%', '62%', '61%']  memcached=184.5%
[monitor] ['60%', '100%', '59%', '58%']  memcached=176.2%
[monitor] ['60%', '100%', '60%', '54%']  memcached=172.9%
[monitor] ['57%', '100%', '61%', '64%']  memcached=182.1%
[monitor] ['59%', '100%', '61%', '57%']  memcached=177.6%
[monitor] ['57%', '100%', '60%', '60%']  memcached=177.5%
[monitor] ['58%', '100%', '59%', '56%']  memcached=172.8%
[monitor] ['56%', '100%', '59%', '59%']  memcached=173.7%
[monitor] ['56%', '100%', '57%', '56%']  memcached=169.7%
[monitor] ['57%', '100%', '58%', '56%']  memcached=171.7%
[monitor] ['57%', '100%', '60%', '56%']  memcached=173.1%
[monitor] ['56%', '100%', '58%', '58%']  memcached=172.4%
[monitor] ['58%', '100%', '60%', '57%']  memcached=174.8%
[monitor] ['56%', '100%', '57%', '58%']  memcached=171.7%
[monitor] ['58%', '100%', '57%', '60%']  memcached=174.8%
[monitor] ['57%', '100%', '60%', '55%']  memcached=173.0%
[monitor] ['61%', '100%', '60%', '60%']  memcached=181.4%
[monitor] ['78%', '100%', '79%', '77%']  memcached=234.2%
[monitor] ['76%', '100%', '79%', '76%']  memcached=231.6%
[monitor] ['74%', '100%', '78%', '74%']  memcached=226.5%
[monitor] ['77%', '100%', '77%', '76%']  memcached=230.2%
[monitor] ['76%', '100%', '78%', '76%']  memcached=230.4%
[monitor] ['79%', '100%', '78%', '76%']  memcached=232.9%
[monitor] ['76%', '100%', '81%', '76%']  memcached=233.7%
[monitor] ['83%', '100%', '83%', '81%']  memcached=246.3%
[monitor] ['79%', '100%', '83%', '81%']  memcached=242.9%
[monitor] ['78%', '100%', '78%', '78%']  memcached=235.1%
[monitor] ['76%', '100%', '76%', '74%']  memcached=226.3%
[monitor] ['76%', '100%', '78%', '77%']  memcached=231.0%
[monitor] ['78%', '100%', '79%', '76%']  memcached=232.1%
[monitor] ['76%', '100%', '78%', '77%']  memcached=231.0%
[monitor] ['76%', '100%', '78%', '76%']  memcached=231.0%
[monitor] ['78%', '100%', '81%', '78%']  memcached=237.8%
[monitor] ['70%', '100%', '69%', '70%']  memcached=209.2%
[monitor] ['61%', '100%', '63%', '61%']  memcached=184.7%
[monitor] ['64%', '100%', '63%', '63%']  memcached=189.8%
[monitor] ['61%', '100%', '62%', '61%']  memcached=183.9%
[monitor] ['62%', '100%', '62%', '60%']  memcached=183.8%
[monitor] ['62%', '100%', '64%', '62%']  memcached=188.1%
[monitor] ['60%', '100%', '61%', '62%']  memcached=183.3%
[monitor] ['62%', '100%', '63%', '62%']  memcached=186.6%
[monitor] ['62%', '100%', '63%', '63%']  memcached=187.5%
[monitor] ['61%', '100%', '64%', '59%']  memcached=183.8%
[monitor] ['61%', '100%', '63%', '62%']  memcached=186.3%
[monitor] ['64%', '100%', '63%', '62%']  memcached=188.3%
[monitor] ['61%', '100%', '62%', '61%']  memcached=183.9%
[monitor] ['60%', '100%', '62%', '60%']  memcached=182.8%
[monitor] ['60%', '100%', '63%', '62%']  memcached=184.7%
[monitor] ['62%', '100%', '62%', '61%']  memcached=184.8%
[monitor] ['62%', '100%', '64%', '62%']  memcached=188.1%
[monitor] ['70%', '100%', '72%', '71%']  memcached=213.2%
[monitor] ['71%', '100%', '72%', '71%']  memcached=214.0%
[monitor] ['72%', '100%', '72%', '71%']  memcached=214.3%
[monitor] ['70%', '100%', '71%', '69%']  memcached=210.0%
[monitor] ['71%', '100%', '70%', '71%']  memcached=211.5%
[monitor] ['74%', '100%', '76%', '75%']  memcached=225.0%
[monitor] ['72%', '100%', '72%', '72%']  memcached=216.1%
[monitor] ['70%', '100%', '70%', '71%']  memcached=210.7%
[monitor] ['72%', '100%', '76%', '72%']  memcached=220.6%
[monitor] ['71%', '100%', '70%', '70%']  memcached=210.7%
[monitor] ['69%', '100%', '72%', '73%']  memcached=214.2%
[monitor] ['72%', '100%', '72%', '67%']  memcached=210.3%
[monitor] ['71%', '100%', '73%', '70%']  memcached=213.9%
[monitor] ['72%', '100%', '74%', '72%']  memcached=218.0%
[monitor] ['71%', '100%', '72%', '70%']  memcached=213.9%
[monitor] ['72%', '100%', '70%', '71%']  memcached=212.5%
[monitor] ['69%', '100%', '72%', '71%']  memcached=211.8%
[monitor] ['69%', '100%', '70%', '69%']  memcached=208.1%
[monitor] ['68%', '100%', '68%', '67%']  memcached=203.3%
[monitor] ['68%', '100%', '70%', '70%']  memcached=208.3%
[monitor] ['68%', '100%', '68%', '67%']  memcached=202.5%
[monitor] ['68%', '100%', '71%', '69%']  memcached=208.1%
[monitor] ['68%', '100%', '68%', '70%']  memcached=205.8%
[monitor] ['68%', '100%', '70%', '67%']  memcached=203.9%
[monitor] ['67%', '100%', '68%', '68%']  memcached=203.3%
[monitor] ['68%', '100%', '70%', '68%']  memcached=205.8%
[monitor] ['68%', '100%', '68%', '68%']  memcached=204.9%
[monitor] ['68%', '100%', '67%', '68%']  memcached=202.5%
[monitor] ['69%', '100%', '69%', '67%']  memcached=205.5%
[monitor] ['68%', '100%', '68%', '67%']  memcached=202.5%
[monitor] ['69%', '100%', '70%', '68%']  memcached=207.3%
[monitor] ['67%', '100%', '68%', '66%']  memcached=200.0%
[monitor] ['70%', '100%', '70%', '68%']  memcached=207.3%
[monitor] ['67%', '100%', '70%', '66%']  memcached=202.5%
[monitor] ['68%', '100%', '69%', '68%']  memcached=204.8%
[monitor] ['70%', '100%', '68%', '68%']  memcached=205.8%
[monitor] ['71%', '100%', '70%', '70%']  memcached=210.7%
[monitor] ['69%', '100%', '68%', '68%']  memcached=205.6%
[monitor] ['68%', '100%', '69%', '68%']  memcached=205.8%
[monitor] ['68%', '100%', '68%', '68%']  memcached=204.9%
[monitor] ['68%', '100%', '69%', '67%']  memcached=203.4%
[monitor] ['68%', '100%', '70%', '70%']  memcached=208.3%
[monitor] ['68%', '100%', '70%', '68%']  memcached=205.0%
[monitor] ['68%', '100%', '68%', '67%']  memcached=203.2%
[monitor] ['68%', '100%', '69%', '67%']  memcached=203.4%
[monitor] ['68%', '100%', '68%', '68%']  memcached=202.5%
[monitor] ['69%', '100%', '71%', '69%']  memcached=209.5%
[monitor] ['68%', '100%', '68%', '68%']  memcached=203.3%
[monitor] ['68%', '100%', '68%', '68%']  memcached=204.1%
[monitor] ['68%', '100%', '72%', '68%']  memcached=207.5%
[monitor] ['86%', '100%', '85%', '83%']  memcached=253.9%
[monitor] ['81%', '100%', '86%', '83%']  memcached=249.6%
[monitor] ['86%', '100%', '82%', '81%']  memcached=248.6%
[monitor] ['81%', '100%', '86%', '83%']  memcached=250.5%
[monitor] ['83%', '100%', '85%', '83%']  memcached=252.0%
[monitor] ['85%', '100%', '86%', '81%']  memcached=251.6%
[monitor] ['83%', '100%', '85%', '83%']  memcached=251.5%
[monitor] ['83%', '100%', '86%', '84%']  memcached=252.8%
[monitor] ['83%', '100%', '88%', '83%']  memcached=254.1%
[monitor] ['83%', '100%', '83%', '81%']  memcached=247.3%
[monitor] ['83%', '100%', '86%', '83%']  memcached=251.9%
[monitor] ['83%', '100%', '85%', '81%']  memcached=249.2%
[monitor] ['81%', '100%', '86%', '81%']  memcached=248.3%
[monitor] ['82%', '100%', '85%', '83%']  memcached=250.5%
[monitor] ['83%', '100%', '83%', '83%']  memcached=249.5%
[monitor] ['83%', '100%', '85%', '83%']  memcached=252.0%
[monitor] ['78%', '100%', '81%', '78%']  memcached=236.7%
[monitor] ['75%', '100%', '75%', '72%']  memcached=222.5%
[monitor] ['74%', '100%', '74%', '74%']  memcached=222.4%
[monitor] ['74%', '100%', '76%', '74%']  memcached=224.4%
[monitor] ['74%', '100%', '76%', '72%']  memcached=222.5%
[monitor] ['72%', '100%', '74%', '76%']  memcached=221.9%
[monitor] ['74%', '100%', '75%', '75%']  memcached=223.7%
[monitor] ['74%', '100%', '76%', '71%']  memcached=221.7%
[monitor] ['75%', '100%', '76%', '74%']  memcached=225.7%
[monitor] ['74%', '100%', '77%', '74%']  memcached=225.0%
[monitor] ['76%', '100%', '78%', '76%']  memcached=231.0%
[monitor] ['76%', '100%', '81%', '76%']  memcached=233.7%
[monitor] ['76%', '100%', '76%', '74%']  memcached=226.3%
[monitor] ['74%', '100%', '73%', '74%']  memcached=221.7%
[monitor] ['74%', '100%', '75%', '74%']  memcached=223.0%
[monitor] ['76%', '100%', '78%', '76%']  memcached=231.0%
[monitor] ['76%', '100%', '79%', '76%']  memcached=230.9%
[monitor] ['23%', '100%', '23%', '26%']  memcached=72.5%
[MEMCACHED] cores updated to: ['0', '3']
[streamcluster] cores updated to: [1, 2]
[monitor] ['30%', '97%', '97%', '28%']  memcached=58.4%
[MEMCACHED] cores updated to: ['0']
[streamcluster] cores updated to: [3, 1, 2]
[monitor] ['57%', '100%', '81%', '97%']  memcached=56.8%
[monitor] ['56%', '100%', '82%', '100%']  memcached=55.8%
[monitor] ['59%', '100%', '80%', '97%']  memcached=58.7%
[monitor] ['57%', '100%', '83%', '100%']  memcached=56.8%
[monitor] ['58%', '100%', '80%', '100%']  memcached=57.8%
[monitor] ['58%', '100%', '77%', '97%']  memcached=57.8%
[monitor] ['60%', '100%', '83%', '100%']  memcached=60.0%
[monitor] ['59%', '100%', '79%', '97%']  memcached=59.1%
[monitor] ['58%', '100%', '79%', '100%']  memcached=57.8%
[monitor] ['58%', '100%', '77%', '100%']  memcached=57.8%
[monitor] ['58%', '100%', '80%', '97%']  memcached=57.8%
[monitor] ['57%', '100%', '83%', '100%']  memcached=56.8%
[monitor] ['59%', '100%', '80%', '97%']  memcached=58.7%
[monitor] ['59%', '100%', '80%', '100%']  memcached=59.1%
[monitor] ['71%', '100%', '87%', '97%']  memcached=71.1%
[monitor] ['100%', '100%', '93%', '97%']  memcached=100.0%
[MEMCACHED] cores updated to: ['0', '1', '3']
[streamcluster] cores updated to: [2]
[monitor] ['85%', '91%', '100%', '88%']  memcached=263.8%
[monitor] ['75%', '74%', '100%', '72%']  memcached=221.2%
[monitor] ['76%', '75%', '100%', '72%']  memcached=223.1%
[monitor] ['74%', '74%', '100%', '72%']  memcached=220.5%
[monitor] ['74%', '73%', '100%', '72%']  memcached=219.1%
[monitor] ['74%', '77%', '100%', '71%']  memcached=222.7%
[monitor] ['76%', '76%', '100%', '74%']  memcached=227.0%
[monitor] ['74%', '74%', '100%', '70%']  memcached=218.7%
[monitor] ['75%', '74%', '100%', '72%']  memcached=221.9%
[monitor] ['73%', '74%', '100%', '72%']  memcached=219.1%
[monitor] ['75%', '74%', '100%', '73%']  memcached=222.3%
[monitor] ['74%', '74%', '100%', '73%']  memcached=221.9%
[monitor] ['74%', '76%', '100%', '69%']  memcached=219.9%
[monitor] ['74%', '75%', '100%', '72%']  memcached=221.9%
[monitor] ['76%', '76%', '100%', '72%']  memcached=224.5%
[monitor] ['71%', '71%', '100%', '69%']  memcached=210.5%
[monitor] ['70%', '70%', '100%', '69%']  memcached=209.0%
[monitor] ['68%', '68%', '100%', '66%']  memcached=201.6%
[monitor] ['70%', '70%', '100%', '67%']  memcached=206.7%
[monitor] ['68%', '70%', '100%', '68%']  memcached=206.6%
[monitor] ['71%', '69%', '100%', '66%']  memcached=206.3%
[monitor] ['70%', '70%', '100%', '68%']  memcached=208.3%
[monitor] ['68%', '71%', '100%', '68%']  memcached=207.3%
[monitor] ['71%', '68%', '100%', '66%']  memcached=204.1%
[monitor] ['71%', '70%', '100%', '68%']  memcached=208.2%
[monitor] ['69%', '71%', '100%', '67%']  memcached=206.4%
[monitor] ['70%', '70%', '100%', '68%']  memcached=208.3%
[monitor] ['70%', '71%', '100%', '68%']  memcached=208.2%
[monitor] ['69%', '69%', '100%', '65%']  memcached=203.1%
[monitor] ['71%', '69%', '100%', '69%']  memcached=209.0%
[monitor] ['69%', '71%', '100%', '67%']  memcached=207.3%
[monitor] ['67%', '63%', '100%', '62%']  memcached=191.6%
[monitor] ['59%', '59%', '100%', '56%']  memcached=173.2%
[monitor] ['58%', '60%', '100%', '56%']  memcached=174.7%
[monitor] ['59%', '57%', '100%', '56%']  memcached=171.8%
[monitor] ['60%', '60%', '100%', '54%']  memcached=172.9%
[monitor] ['60%', '60%', '100%', '58%']  memcached=178.1%
[monitor] ['60%', '59%', '100%', '56%']  memcached=175.4%
[monitor] ['57%', '60%', '100%', '57%']  memcached=173.8%
[monitor] ['61%', '60%', '100%', '56%']  memcached=176.6%
[monitor] ['60%', '60%', '100%', '57%']  memcached=176.2%
[monitor] ['60%', '60%', '100%', '54%']  memcached=173.8%
[monitor] ['60%', '57%', '100%', '56%']  memcached=172.8%
[monitor] ['59%', '60%', '100%', '57%']  memcached=176.0%
[monitor] ['58%', '60%', '100%', '55%']  memcached=172.7%
[monitor] ['60%', '60%', '100%', '57%']  memcached=176.2%
[monitor] ['59%', '59%', '100%', '55%']  memcached=172.1%
[monitor] ['61%', '60%', '100%', '56%']  memcached=176.6%
[monitor] ['64%', '66%', '100%', '64%']  memcached=194.4%
[monitor] ['66%', '64%', '100%', '62%']  memcached=192.6%
[monitor] ['64%', '67%', '100%', '65%']  memcached=196.8%
[monitor] ['69%', '67%', '100%', '65%']  memcached=200.8%
[monitor] ['65%', '66%', '100%', '62%']  memcached=192.8%
[monitor] ['67%', '65%', '100%', '63%']  memcached=195.2%
[monitor] ['64%', '67%', '100%', '64%']  memcached=196.0%
[monitor] ['66%', '65%', '100%', '63%']  memcached=194.4%
[monitor] ['65%', '65%', '100%', '63%']  memcached=193.5%
[monitor] ['66%', '66%', '100%', '65%']  memcached=196.8%
[monitor] ['65%', '64%', '100%', '61%']  memcached=190.3%
[monitor] ['63%', '66%', '100%', '63%']  memcached=192.7%
[monitor] ['65%', '63%', '100%', '62%']  memcached=190.4%
[monitor] ['67%', '67%', '100%', '64%']  memcached=198.4%
[monitor] ['68%', '66%', '100%', '62%']  memcached=196.6%
[monitor] ['64%', '67%', '100%', '65%']  memcached=196.1%
[monitor] ['66%', '67%', '100%', '63%']  memcached=195.9%
[monitor] ['72%', '72%', '100%', '70%']  memcached=215.0%
[monitor] ['72%', '74%', '100%', '70%']  memcached=215.5%
[monitor] ['73%', '72%', '100%', '72%']  memcached=217.5%
[monitor] ['71%', '76%', '100%', '69%']  memcached=215.7%
[monitor] ['72%', '72%', '100%', '72%']  memcached=216.1%
[monitor] ['74%', '74%', '100%', '70%']  memcached=218.0%
[monitor] ['72%', '71%', '100%', '71%']  memcached=214.0%
[monitor] ['71%', '74%', '100%', '70%']  memcached=214.4%
[monitor] ['74%', '75%', '100%', '72%']  memcached=221.2%
[monitor] ['72%', '72%', '100%', '70%']  memcached=214.3%
[monitor] ['72%', '72%', '100%', '70%']  memcached=215.0%
[monitor] ['70%', '70%', '100%', '70%']  memcached=210.0%
[monitor] ['75%', '74%', '100%', '71%']  memcached=220.1%
[monitor] ['72%', '72%', '100%', '69%']  memcached=212.8%
[monitor] ['72%', '71%', '100%', '70%']  memcached=212.5%
[monitor] ['72%', '74%', '100%', '70%']  memcached=216.2%
[monitor] ['47%', '49%', '100%', '49%']  memcached=144.0%
[monitor] ['17%', '17%', '100%', '14%']  memcached=48.2%
[MEMCACHED] cores updated to: ['0', '3']
[streamcluster] cores updated to: [1, 2]
[monitor] ['28%', '93%', '97%', '32%']  memcached=60.5%
[MEMCACHED] cores updated to: ['0']
[streamcluster] cores updated to: [3, 1, 2]
[monitor] ['60%', '100%', '83%', '97%']  memcached=60.0%
[monitor] ['59%', '100%', '80%', '100%']  memcached=58.7%
[monitor] ['59%', '100%', '81%', '100%']  memcached=58.7%
[monitor] ['57%', '100%', '82%', '97%']  memcached=56.8%
[monitor] ['58%', '100%', '81%', '100%']  memcached=57.8%
[monitor] ['57%', '100%', '83%', '100%']  memcached=56.8%
[monitor] ['59%', '100%', '80%', '100%']  memcached=59.1%
[monitor] ['57%', '100%', '79%', '97%']  memcached=56.8%
[monitor] ['59%', '97%', '79%', '100%']  memcached=58.7%
[monitor] ['58%', '100%', '81%', '97%']  memcached=57.8%
[monitor] ['57%', '100%', '79%', '100%']  memcached=56.8%
[monitor] ['60%', '100%', '79%', '100%']  memcached=59.6%
[monitor] ['59%', '100%', '81%', '97%']  memcached=59.1%
[monitor] ['58%', '100%', '79%', '100%']  memcached=58.1%
[monitor] ['97%', '100%', '87%', '97%']  memcached=96.9%
[MEMCACHED] cores updated to: ['0', '2', '3']
[streamcluster] cores updated to: [1]
[monitor] ['60%', '100%', '62%', '63%']  memcached=184.2%
[monitor] ['57%', '100%', '62%', '60%']  memcached=178.9%
[monitor] ['60%', '100%', '60%', '60%']  memcached=178.6%
[monitor] ['62%', '100%', '63%', '59%']  memcached=183.2%
[monitor] ['60%', '100%', '60%', '60%']  memcached=179.5%
[monitor] ['60%', '100%', '61%', '61%']  memcached=181.5%
[monitor] ['60%', '100%', '61%', '60%']  memcached=180.0%
[monitor] ['63%', '100%', '63%', '61%']  memcached=186.6%
[monitor] ['60%', '100%', '63%', '60%']  memcached=182.3%
[monitor] ['60%', '100%', '61%', '60%']  memcached=180.0%
[monitor] ['61%', '100%', '60%', '62%']  memcached=183.7%
[monitor] ['62%', '100%', '63%', '60%']  memcached=184.2%
[monitor] ['60%', '100%', '62%', '61%']  memcached=183.3%
[monitor] ['62%', '100%', '62%', '59%']  memcached=182.3%
[monitor] ['60%', '100%', '63%', '63%']  memcached=185.6%
[monitor] ['69%', '100%', '70%', '68%']  memcached=207.9%
[monitor] ['81%', '100%', '83%', '81%']  memcached=244.0%
[monitor] ['81%', '100%', '81%', '78%']  memcached=240.5%
[monitor] ['81%', '100%', '82%', '80%']  memcached=242.9%
[monitor] ['81%', '100%', '84%', '81%']  memcached=245.9%
[monitor] ['83%', '100%', '85%', '82%']  memcached=249.7%
[monitor] ['81%', '100%', '81%', '81%']  memcached=242.2%
[monitor] ['79%', '100%', '83%', '78%']  memcached=240.2%
[monitor] ['81%', '100%', '81%', '81%']  memcached=242.2%
[monitor] ['81%', '100%', '83%', '78%']  memcached=242.8%
[monitor] ['81%', '100%', '83%', '81%']  memcached=244.0%
[monitor] ['81%', '100%', '81%', '78%']  memcached=240.0%
[monitor] ['81%', '100%', '83%', '81%']  memcached=244.5%
[monitor] ['81%', '100%', '83%', '79%']  memcached=242.4%
[monitor] ['81%', '100%', '83%', '80%']  memcached=243.4%
[monitor] ['80%', '100%', '81%', '79%']  memcached=239.5%
[monitor] ['81%', '100%', '83%', '79%']  memcached=242.8%
[monitor] ['31%', '100%', '33%', '27%']  memcached=91.3%
[MEMCACHED] cores updated to: ['0', '3']
[streamcluster] cores updated to: [2, 1]
[monitor] ['49%', '90%', '97%', '47%']  memcached=96.1%
[monitor] ['47%', '97%', '94%', '45%']  memcached=92.1%
[monitor] ['45%', '93%', '97%', '46%']  memcached=90.9%
[monitor] ['48%', '93%', '97%', '47%']  memcached=94.9%
[monitor] ['46%', '97%', '90%', '45%']  memcached=90.9%
[monitor] ['44%', '97%', '97%', '47%']  memcached=91.8%
[monitor] ['48%', '94%', '97%', '45%']  memcached=92.2%
[monitor] ['49%', '97%', '93%', '49%']  memcached=97.4%
[monitor] ['48%', '97%', '93%', '46%']  memcached=93.7%
[monitor] ['48%', '93%', '93%', '43%']  memcached=90.7%
[monitor] ['49%', '93%', '97%', '47%']  memcached=96.0%
[monitor] ['46%', '94%', '93%', '49%']  memcached=94.9%
[monitor] ['46%', '97%', '93%', '50%']  memcached=95.9%
[monitor] ['46%', '90%', '97%', '50%']  memcached=95.9%
[monitor] ['46%', '97%', '97%', '46%']  memcached=92.3%
[monitor] ['55%', '94%', '97%', '57%']  memcached=112.8%
[monitor] ['68%', '83%', '97%', '74%']  memcached=141.9%
[monitor] ['70%', '89%', '97%', '68%']  memcached=137.5%
[monitor] ['66%', '83%', '100%', '68%']  memcached=134.1%
[monitor] ['69%', '86%', '97%', '69%']  memcached=138.5%
[monitor] ['68%', '87%', '94%', '71%']  memcached=138.9%
[monitor] ['68%', '90%', '93%', '69%']  memcached=137.5%
[monitor] ['68%', '96%', '97%', '71%']  memcached=139.7%
[monitor] ['70%', '94%', '93%', '69%']  memcached=139.2%
[monitor] ['68%', '97%', '97%', '72%']  memcached=139.3%
[monitor] ['72%', '93%', '93%', '71%']  memcached=142.5%
[monitor] ['68%', '97%', '94%', '67%']  memcached=135.0%
[monitor] ['67%', '93%', '97%', '69%']  memcached=135.7%
[monitor] ['68%', '83%', '97%', '70%']  memcached=138.3%
[monitor] ['71%', '90%', '97%', '64%']  memcached=134.8%
[monitor] ['67%', '96%', '97%', '72%']  memcached=138.5%
[monitor] ['68%', '97%', '93%', '67%']  memcached=135.0%
[monitor] ['94%', '93%', '90%', '91%']  memcached=184.5%
[MEMCACHED] cores updated to: ['0', '1', '3']
[streamcluster] cores updated to: [2]
[monitor] ['83%', '85%', '100%', '85%']  memcached=253.5%
[monitor] ['83%', '82%', '100%', '81%']  memcached=246.2%
[monitor] ['85%', '86%', '100%', '81%']  memcached=252.1%
[monitor] ['88%', '88%', '100%', '83%']  memcached=259.8%
[monitor] ['86%', '88%', '100%', '86%']  memcached=259.3%
[monitor] ['83%', '85%', '100%', '81%']  memcached=249.2%
[monitor] ['85%', '86%', '100%', '83%']  memcached=254.7%
[monitor] ['86%', '85%', '100%', '81%']  memcached=251.6%
[monitor] ['83%', '86%', '100%', '81%']  memcached=249.1%
[monitor] ['83%', '86%', '100%', '81%']  memcached=249.6%
[monitor] ['86%', '85%', '100%', '81%']  memcached=251.6%
[monitor] ['85%', '86%', '100%', '83%']  memcached=254.3%
[monitor] ['84%', '86%', '100%', '83%']  memcached=252.8%
[monitor] ['83%', '85%', '100%', '81%']  memcached=248.7%
[monitor] ['83%', '86%', '100%', '81%']  memcached=249.6%
[monitor] ['86%', '83%', '100%', '81%']  memcached=250.1%
[monitor] ['85%', '85%', '100%', '83%']  memcached=253.4%
[monitor] ['88%', '88%', '100%', '85%']  memcached=261.4%
[monitor] ['88%', '91%', '100%', '83%']  memcached=262.5%
[monitor] ['83%', '83%', '100%', '81%']  memcached=247.7%
[monitor] ['83%', '85%', '100%', '81%']  memcached=248.7%
[monitor] ['86%', '86%', '100%', '83%']  memcached=254.3%
[monitor] ['88%', '88%', '100%', '84%']  memcached=259.9%
[monitor] ['88%', '88%', '100%', '83%']  memcached=259.0%
[monitor] ['89%', '88%', '100%', '85%']  memcached=261.7%
[monitor] ['86%', '86%', '100%', '84%']  memcached=255.6%
[monitor] ['83%', '86%', '100%', '80%']  memcached=249.0%
[monitor] ['83%', '85%', '100%', '83%']  memcached=251.5%
[monitor] ['88%', '88%', '100%', '83%']  memcached=259.0%
[monitor] ['85%', '85%', '100%', '83%']  memcached=253.9%
[monitor] ['86%', '86%', '100%', '84%']  memcached=255.6%
[monitor] ['83%', '85%', '100%', '81%']  memcached=249.7%
[monitor] ['78%', '79%', '100%', '73%']  memcached=230.3%
[monitor] ['74%', '74%', '100%', '74%']  memcached=223.1%
[monitor] ['72%', '76%', '100%', '72%']  memcached=220.6%
[monitor] ['76%', '74%', '100%', '72%']  memcached=223.2%
[monitor] ['74%', '76%', '100%', '73%']  memcached=223.8%
[monitor] ['79%', '76%', '100%', '74%']  memcached=229.6%
[monitor] ['74%', '74%', '100%', '71%']  memcached=219.8%
[monitor] ['75%', '76%', '100%', '72%']  memcached=223.8%
[monitor] ['76%', '78%', '100%', '74%']  memcached=226.9%
[monitor] ['74%', '74%', '100%', '72%']  memcached=219.8%
[monitor] ['74%', '76%', '100%', '74%']  memcached=223.0%
[monitor] ['75%', '76%', '100%', '71%']  memcached=221.3%
[monitor] ['74%', '74%', '100%', '73%']  memcached=221.7%
[monitor] ['76%', '76%', '100%', '72%']  memcached=224.5%
[monitor] ['75%', '75%', '100%', '72%']  memcached=222.5%
[monitor] ['74%', '76%', '100%', '74%']  memcached=224.4%
[monitor] ['69%', '68%', '100%', '65%']  memcached=202.5%
[monitor] ['43%', '44%', '100%', '37%']  memcached=124.0%
[MEMCACHED] cores updated to: ['0', '3']
[streamcluster] cores updated to: [2, 1]
[monitor] ['54%', '93%', '93%', '54%']  memcached=107.7%
[monitor] ['52%', '97%', '93%', '55%']  memcached=107.3%
[monitor] ['54%', '93%', '90%', '51%']  memcached=104.9%
[monitor] ['55%', '97%', '93%', '55%']  memcached=109.8%
[monitor] ['47%', '93%', '94%', '55%']  memcached=102.1%
[monitor] ['55%', '97%', '97%', '53%']  memcached=108.3%
[monitor] ['52%', '97%', '97%', '52%']  memcached=105.0%
[monitor] ['54%', '93%', '94%', '54%']  memcached=107.3%
[monitor] ['52%', '93%', '97%', '54%']  memcached=106.2%
[monitor] ['52%', '97%', '97%', '54%']  memcached=106.2%
[monitor] ['52%', '90%', '97%', '55%']  memcached=107.3%
[monitor] ['54%', '87%', '97%', '56%']  memcached=109.5%
[monitor] ['54%', '97%', '97%', '51%']  memcached=104.9%
[monitor] ['51%', '97%', '97%', '56%']  memcached=107.1%
[monitor] ['51%', '86%', '97%', '52%']  memcached=103.8%
[monitor] ['79%', '86%', '90%', '78%']  memcached=156.6%
[monitor] ['94%', '79%', '93%', '100%']  memcached=193.8%
[MEMCACHED] cores updated to: ['0', '2', '3']
[streamcluster] cores updated to: [1]
[monitor] ['83%', '100%', '83%', '81%']  memcached=247.2%
[monitor] ['78%', '100%', '83%', '78%']  memcached=239.0%
[monitor] ['81%', '100%', '81%', '81%']  memcached=242.2%
[monitor] ['81%', '100%', '83%', '79%']  memcached=242.4%
[monitor] ['78%', '100%', '81%', '81%']  memcached=240.0%
[monitor] ['81%', '100%', '83%', '79%']  memcached=243.4%
[monitor] ['83%', '100%', '84%', '82%']  memcached=249.0%
[monitor] ['79%', '100%', '82%', '78%']  memcached=239.7%
[monitor] ['81%', '100%', '81%', '81%']  memcached=242.7%
[monitor] ['81%', '100%', '83%', '79%']  memcached=243.4%
[monitor] ['81%', '100%', '83%', '81%']  memcached=244.4%
[monitor] ['81%', '100%', '81%', '81%']  memcached=242.7%
[monitor] ['79%', '100%', '83%', '79%']  memcached=240.8%
[monitor] ['83%', '100%', '83%', '81%']  memcached=246.7%
[monitor] ['77%', '100%', '81%', '78%']  memcached=236.4%
[monitor] ['71%', '100%', '72%', '71%']  memcached=213.6%
[monitor] ['70%', '100%', '71%', '71%']  memcached=211.5%
[monitor] ['68%', '100%', '70%', '67%']  memcached=205.0%
[monitor] ['71%', '100%', '72%', '70%']  memcached=212.5%
[monitor] ['69%', '100%', '71%', '69%']  memcached=209.0%
[monitor] ['69%', '100%', '69%', '68%']  memcached=206.6%
[monitor] ['72%', '100%', '72%', '72%']  memcached=215.4%
[monitor] ['71%', '100%', '70%', '68%']  memcached=209.0%
[monitor] ['69%', '100%', '70%', '68%']  memcached=206.7%
[monitor] ['69%', '100%', '71%', '70%']  memcached=209.8%
[monitor] ['68%', '100%', '70%', '70%']  memcached=208.1%
[monitor] ['70%', '100%', '68%', '70%']  memcached=208.3%
[monitor] ['68%', '100%', '71%', '68%']  memcached=207.2%
[monitor] ['69%', '100%', '70%', '68%']  memcached=206.5%
[monitor] ['70%', '100%', '69%', '70%']  memcached=209.2%
[monitor] ['71%', '100%', '70%', '69%']  memcached=209.8%
[monitor] ['68%', '100%', '69%', '70%']  memcached=206.7%
[monitor] ['71%', '100%', '69%', '68%']  memcached=208.1%
[monitor] ['71%', '100%', '72%', '70%']  memcached=212.5%
[monitor] ['69%', '100%', '71%', '70%']  memcached=210.0%
[monitor] ['71%', '100%', '72%', '69%']  memcached=212.5%
[monitor] ['68%', '100%', '70%', '69%']  memcached=207.5%
[monitor] ['70%', '100%', '72%', '68%']  memcached=210.0%
[monitor] ['70%', '100%', '72%', '70%']  memcached=211.8%
[monitor] ['70%', '100%', '71%', '68%']  memcached=208.2%
[monitor] ['72%', '100%', '71%', '70%']  memcached=213.6%
[monitor] ['68%', '100%', '70%', '71%']  memcached=209.0%
[monitor] ['71%', '100%', '72%', '70%']  memcached=213.2%
[monitor] ['70%', '100%', '71%', '69%']  memcached=210.7%
[monitor] ['71%', '100%', '72%', '71%']  memcached=214.0%
[monitor] ['72%', '100%', '73%', '72%']  memcached=216.8%
[monitor] ['72%', '100%', '74%', '73%']  memcached=220.0%
[monitor] ['72%', '100%', '73%', '72%']  memcached=217.5%
[monitor] ['81%', '100%', '83%', '81%']  memcached=244.5%
[monitor] ['81%', '100%', '84%', '81%']  memcached=245.4%
[monitor] ['78%', '100%', '78%', '78%']  memcached=233.9%
[monitor] ['78%', '100%', '81%', '79%']  memcached=238.4%
[monitor] ['77%', '100%', '78%', '77%']  memcached=232.2%
[monitor] ['81%', '100%', '81%', '75%']  memcached=236.1%
[monitor] ['76%', '100%', '78%', '77%']  memcached=231.6%
[monitor] ['77%', '100%', '79%', '78%']  memcached=233.6%
[monitor] ['78%', '100%', '79%', '77%']  memcached=233.6%
[monitor] ['77%', '100%', '78%', '76%']  memcached=231.0%
[monitor] ['78%', '100%', '81%', '77%']  memcached=235.3%
[monitor] ['79%', '100%', '79%', '79%']  memcached=236.8%
[monitor] ['82%', '100%', '83%', '81%']  memcached=246.0%
[monitor] ['81%', '100%', '83%', '81%']  memcached=244.4%
[monitor] ['81%', '100%', '83%', '79%']  memcached=243.4%
[monitor] ['81%', '100%', '81%', '78%']  memcached=239.5%
[monitor] ['61%', '100%', '64%', '62%']  memcached=186.5%
[monitor] ['17%', '100%', '11%', '4%']  memcached=31.2%
[MEMCACHED] cores updated to: ['0', '3']
[streamcluster] cores updated to: [2, 1]
[monitor] ['26%', '94%', '97%', '26%']  memcached=51.6%
[MEMCACHED] cores updated to: ['0']
[streamcluster] cores updated to: [2, 1, 3]
[monitor] ['56%', '100%', '80%', '97%']  memcached=55.6%
[monitor] ['56%', '100%', '79%', '100%']  memcached=55.8%
[monitor] ['58%', '100%', '81%', '100%']  memcached=57.8%
[monitor] ['56%', '100%', '83%', '97%']  memcached=55.8%
[monitor] ['59%', '100%', '80%', '100%']  memcached=58.7%
[monitor] ['55%', '100%', '80%', '97%']  memcached=54.8%
[monitor] ['59%', '97%', '79%', '100%']  memcached=59.1%
[monitor] ['55%', '100%', '80%', '100%']  memcached=54.5%
[monitor] ['57%', '100%', '80%', '97%']  memcached=56.8%
[monitor] ['56%', '100%', '80%', '100%']  memcached=55.8%
[monitor] ['56%', '100%', '79%', '100%']  memcached=55.6%
[monitor] ['58%', '100%', '80%', '97%']  memcached=57.8%
[monitor] ['58%', '100%', '80%', '100%']  memcached=57.8%
[monitor] ['55%', '100%', '79%', '100%']  memcached=54.8%
[monitor] ['70%', '100%', '83%', '97%']  memcached=69.8%
[monitor] ['70%', '100%', '83%', '100%']  memcached=69.8%
[monitor] ['71%', '100%', '83%', '97%']  memcached=70.7%
[monitor] ['70%', '100%', '86%', '100%']  memcached=70.5%
[monitor] ['70%', '100%', '83%', '97%']  memcached=69.8%
[monitor] ['69%', '100%', '83%', '100%']  memcached=69.0%
[monitor] ['70%', '100%', '86%', '97%']  memcached=69.8%
[monitor] ['70%', '100%', '83%', '100%']  memcached=70.5%
[monitor] ['70%', '100%', '83%', '97%']  memcached=69.8%
[monitor] ['71%', '100%', '83%', '100%']  memcached=71.4%
[monitor] ['70%', '100%', '83%', '97%']  memcached=69.8%
[monitor] ['71%', '100%', '83%', '97%']  memcached=71.4%
[monitor] ['69%', '100%', '86%', '100%']  memcached=69.0%
[monitor] ['70%', '100%', '84%', '97%']  memcached=70.5%
[monitor] ['71%', '100%', '83%', '100%']  memcached=70.7%
[monitor] ['70%', '100%', '83%', '97%']  memcached=70.5%
[monitor] ['75%', '100%', '86%', '97%']  memcached=75.0%
[monitor] ['91%', '100%', '86%', '97%']  memcached=90.6%
[MEMCACHED] cores updated to: ['0', '1', '3']
[streamcluster] cores updated to: [2]
[monitor] ['60%', '60%', '100%', '56%']  memcached=175.1%
[monitor] ['63%', '62%', '100%', '60%']  memcached=185.2%
[monitor] ['60%', '60%', '100%', '60%']  memcached=179.5%
[monitor] ['62%', '61%', '100%', '59%']  memcached=181.4%
[monitor] ['59%', '59%', '100%', '56%']  memcached=173.2%
[monitor] ['60%', '60%', '100%', '59%']  memcached=178.5%
[monitor] ['60%', '61%', '100%', '56%']  memcached=177.0%
[monitor] ['62%', '62%', '100%', '60%']  memcached=183.8%
[monitor] ['60%', '60%', '100%', '58%']  memcached=179.1%
[monitor] ['60%', '61%', '100%', '57%']  memcached=178.9%
[monitor] ['62%', '60%', '100%', '60%']  memcached=182.8%
[monitor] ['61%', '63%', '100%', '59%']  memcached=182.3%
[monitor] ['60%', '62%', '100%', '60%']  memcached=181.0%
[monitor] ['62%', '60%', '100%', '58%']  memcached=180.5%
[monitor] ['62%', '62%', '100%', '60%']  memcached=183.3%
[monitor] ['50%', '50%', '100%', '46%']  memcached=145.9%
[monitor] ['44%', '49%', '100%', '42%']  memcached=134.9%
[MEMCACHED] cores updated to: ['0', '3']
[streamcluster] cores updated to: [2, 1]
[monitor] ['59%', '93%', '86%', '60%']  memcached=119.0%
[monitor] ['59%', '100%', '23%', '54%']  memcached=112.7%
[monitor] ['58%', '87%', '93%', '61%']  memcached=119.5%
[monitor] ['59%', '86%', '97%', '57%']  memcached=116.0%
[monitor] ['55%', '100%', '94%', '58%']  memcached=113.1%
[monitor] ['56%', '93%', '93%', '56%']  memcached=112.2%
[monitor] ['55%', '86%', '100%', '58%']  memcached=112.9%
[monitor] ['59%', '90%', '97%', '56%']  memcached=114.6%
[monitor] ['56%', '100%', '93%', '57%']  memcached=113.0%
[monitor] ['56%', '93%', '97%', '58%']  memcached=114.2%
[monitor] ['58%', '97%', '90%', '56%']  memcached=114.2%
[monitor] ['58%', '87%', '97%', '57%']  memcached=115.3%
[monitor] ['59%', '86%', '97%', '57%']  memcached=115.7%
[monitor] ['55%', '87%', '97%', '56%']  memcached=111.1%
[monitor] ['59%', '89%', '97%', '60%']  memcached=118.1%
[monitor] ['64%', '86%', '97%', '64%']  memcached=128.6%
[monitor] ['66%', '87%', '97%', '66%']  memcached=131.7%
[monitor] ['67%', '100%', '97%', '67%']  memcached=134.1%
[monitor] ['67%', '86%', '100%', '66%']  memcached=133.3%
[monitor] ['66%', '93%', '97%', '66%']  memcached=131.7%
[monitor] ['66%', '90%', '97%', '67%']  memcached=132.5%
[monitor] ['67%', '93%', '100%', '67%']  memcached=133.3%
[monitor] ['67%', '97%', '97%', '64%']  memcached=131.7%
[monitor] ['66%', '97%', '90%', '66%']  memcached=131.7%
[monitor] ['67%', '93%', '93%', '66%']  memcached=132.5%
[monitor] ['66%', '93%', '97%', '64%']  memcached=130.1%
[monitor] ['67%', '97%', '97%', '67%']  memcached=134.1%
[monitor] ['61%', '79%', '100%', '64%']  memcached=125.3%
[monitor] ['67%', '97%', '97%', '62%']  memcached=129.2%
[monitor] ['62%', '90%', '97%', '63%']  memcached=124.7%
[monitor] ['64%', '86%', '93%', '63%']  memcached=127.7%
[monitor] ['69%', '90%', '97%', '71%']  memcached=140.0%
[monitor] ['77%', '87%', '100%', '74%']  memcached=151.3%
[monitor] ['71%', '86%', '97%', '78%']  memcached=149.4%
[monitor] ['74%', '93%', '100%', '76%']  memcached=150.0%
[monitor] ['74%', '93%', '97%', '75%']  memcached=148.7%
[monitor] ['74%', '90%', '100%', '73%']  memcached=147.3%
[monitor] ['74%', '97%', '93%', '77%']  memcached=150.6%
[monitor] ['72%', '83%', '100%', '76%']  memcached=148.8%
[monitor] ['74%', '89%', '93%', '76%']  memcached=149.4%
[monitor] ['74%', '83%', '97%', '74%']  memcached=148.0%
[monitor] ['74%', '80%', '100%', '74%']  memcached=148.0%
[monitor] ['76%', '93%', '97%', '76%']  memcached=151.4%
[monitor] ['75%', '93%', '100%', '73%']  memcached=148.0%
[monitor] ['74%', '90%', '97%', '74%']  memcached=148.0%
[monitor] ['74%', '86%', '93%', '74%']  memcached=148.0%
[monitor] ['76%', '97%', '93%', '74%']  memcached=150.0%
[monitor] ['74%', '97%', '93%', '76%']  memcached=150.7%
[monitor] ['88%', '82%', '100%', '100%']  memcached=188.2%
[MEMCACHED] cores updated to: ['0', '2', '3']
[streamcluster] cores updated to: [1]
[monitor] ['82%', '100%', '86%', '77%']  memcached=245.2%
[monitor] ['78%', '100%', '81%', '81%']  memcached=239.5%
[monitor] ['81%', '100%', '82%', '81%']  memcached=243.5%
[monitor] ['78%', '100%', '81%', '76%']  memcached=234.6%
[monitor] ['78%', '100%', '82%', '79%']  memcached=239.5%
[monitor] ['79%', '100%', '80%', '76%']  memcached=235.3%
[monitor] ['76%', '100%', '81%', '76%']  memcached=233.6%
[monitor] ['79%', '100%', '79%', '74%']  memcached=231.1%
[monitor] ['77%', '100%', '80%', '79%']  memcached=235.9%
[monitor] ['78%', '100%', '83%', '78%']  memcached=239.0%
[monitor] ['78%', '100%', '78%', '76%']  memcached=233.1%
[monitor] ['81%', '100%', '83%', '78%']  memcached=241.8%
[monitor] ['79%', '100%', '81%', '79%']  memcached=238.5%
[monitor] ['78%', '100%', '81%', '78%']  memcached=237.2%
[monitor] ['81%', '100%', '83%', '81%']  memcached=244.0%
[monitor] ['65%', '100%', '65%', '66%']  memcached=195.9%
[monitor] ['56%', '100%', '58%', '56%']  memcached=170.3%
[monitor] ['59%', '100%', '59%', '56%']  memcached=173.7%
[monitor] ['55%', '100%', '56%', '54%']  memcached=164.8%
[monitor] ['52%', '100%', '58%', '56%']  memcached=166.7%
[monitor] ['56%', '100%', '57%', '56%']  memcached=169.3%
[monitor] ['56%', '100%', '56%', '56%']  memcached=168.0%
[monitor] ['54%', '100%', '60%', '54%']  memcached=167.0%
[monitor] ['55%', '100%', '56%', '57%']  memcached=168.2%
[monitor] ['57%', '100%', '57%', '54%']  memcached=168.1%
[monitor] ['55%', '100%', '60%', '55%']  memcached=169.3%
[monitor] ['57%', '100%', '59%', '56%']  memcached=172.0%
[monitor] ['56%', '100%', '57%', '56%']  memcached=169.3%
[monitor] ['59%', '100%', '58%', '57%']  memcached=174.4%
[monitor] ['58%', '100%', '59%', '57%']  memcached=173.8%
[monitor] ['59%', '100%', '59%', '57%']  memcached=174.2%
[monitor] ['56%', '100%', '58%', '55%']  memcached=169.0%
[monitor] ['64%', '100%', '65%', '64%']  memcached=193.5%
[monitor] ['67%', '100%', '69%', '68%']  memcached=204.8%
[monitor] ['65%', '100%', '66%', '65%']  memcached=196.0%
[monitor] ['63%', '100%', '63%', '63%']  memcached=190.2%
[monitor] ['65%', '100%', '67%', '64%']  memcached=196.1%
[monitor] ['63%', '100%', '66%', '64%']  memcached=193.6%
[monitor] ['64%', '100%', '65%', '63%']  memcached=192.8%
[monitor] ['67%', '100%', '68%', '67%']  memcached=202.4%
[monitor] ['67%', '100%', '69%', '66%']  memcached=201.6%
[monitor] ['67%', '100%', '70%', '68%']  memcached=205.0%
[monitor] ['66%', '100%', '67%', '67%']  memcached=200.0%
[monitor] ['65%', '100%', '67%', '67%']  memcached=199.2%
[monitor] ['70%', '100%', '70%', '70%']  memcached=210.0%
[monitor] ['66%', '100%', '67%', '64%']  memcached=196.8%
[monitor] ['64%', '100%', '64%', '67%']  memcached=195.2%
[monitor] ['67%', '100%', '69%', '65%']  memcached=200.7%
[monitor] ['72%', '100%', '72%', '71%']  memcached=215.7%
[monitor] ['81%', '100%', '86%', '83%']  memcached=249.6%
[monitor] ['80%', '100%', '81%', '78%']  memcached=238.9%
[monitor] ['79%', '100%', '81%', '78%']  memcached=238.3%
[monitor] ['81%', '100%', '83%', '81%']  memcached=244.5%
[monitor] ['83%', '100%', '83%', '86%']  memcached=252.4%
[monitor] ['81%', '100%', '83%', '78%']  memcached=241.2%
[monitor] ['76%', '100%', '78%', '79%']  memcached=233.6%
[monitor] ['81%', '100%', '82%', '79%']  memcached=241.1%
[monitor] ['78%', '100%', '81%', '76%']  memcached=234.6%
[monitor] ['78%', '100%', '81%', '79%']  memcached=237.8%
[monitor] ['78%', '100%', '81%', '81%']  memcached=240.0%
[monitor] ['79%', '100%', '83%', '75%']  memcached=237.3%
[monitor] ['81%', '100%', '83%', '84%']  memcached=247.7%
[monitor] ['83%', '100%', '85%', '83%']  memcached=252.0%
[monitor] ['81%', '100%', '83%', '80%']  memcached=243.9%
[monitor] ['78%', '100%', '80%', '81%']  memcached=239.5%
[monitor] ['50%', '100%', '54%', '50%']  memcached=153.8%
[monitor] ['42%', '100%', '45%', '37%']  memcached=123.5%
[MEMCACHED] cores updated to: ['0', '3']
[streamcluster] cores updated to: [2, 1]
[monitor] ['56%', '90%', '97%', '54%']  memcached=109.8%
[monitor] ['55%', '93%', '97%', '55%']  memcached=109.8%
[monitor] ['56%', '86%', '93%', '56%']  memcached=112.2%
[monitor] ['55%', '90%', '97%', '57%']  memcached=112.1%
[monitor] ['56%', '87%', '97%', '55%']  memcached=110.9%
[monitor] ['57%', '97%', '97%', '56%']  memcached=113.2%
[monitor] ['60%', '93%', '97%', '60%']  memcached=120.0%
[monitor] ['62%', '90%', '97%', '63%']  memcached=124.7%
[monitor] ['52%', '93%', '97%', '57%']  memcached=109.6%
[monitor] ['60%', '93%', '97%', '57%']  memcached=116.7%
[monitor] ['56%', '97%', '97%', '56%']  memcached=112.2%
[monitor] ['57%', '94%', '96%', '55%']  memcached=111.9%
[monitor] ['56%', '93%', '97%', '55%']  memcached=111.1%
[monitor] ['57%', '97%', '93%', '56%']  memcached=113.2%
[monitor] ['57%', '90%', '97%', '59%']  memcached=116.0%
[monitor] ['68%', '87%', '94%', '68%']  memcached=136.6%
[monitor] ['68%', '86%', '97%', '66%']  memcached=133.4%
[monitor] ['68%', '90%', '97%', '69%']  memcached=136.7%
[monitor] ['68%', '81%', '100%', '67%']  memcached=135.7%
[monitor] ['68%', '90%', '97%', '68%']  memcached=135.0%
[monitor] ['66%', '87%', '93%', '68%']  memcached=133.4%
[monitor] ['68%', '93%', '93%', '68%']  memcached=135.8%
[monitor] ['68%', '97%', '97%', '65%']  memcached=132.5%
[monitor] ['68%', '90%', '97%', '69%']  memcached=137.3%
[monitor] ['68%', '93%', '93%', '68%']  memcached=135.0%
[monitor] ['68%', '93%', '93%', '69%']  memcached=136.5%
[monitor] ['67%', '90%', '97%', '68%']  memcached=134.2%
[monitor] ['67%', '83%', '100%', '66%']  memcached=132.5%
[monitor] ['68%', '87%', '97%', '68%']  memcached=135.8%
[monitor] ['68%', '93%', '93%', '68%']  memcached=136.6%
[monitor] ['66%', '90%', '97%', '67%']  memcached=132.5%
[monitor] ['61%', '97%', '93%', '58%']  memcached=119.1%
[monitor] ['48%', '90%', '97%', '45%']  memcached=92.2%
[monitor] ['46%', '93%', '97%', '46%']  memcached=92.3%
[monitor] ['47%', '97%', '93%', '46%']  memcached=93.5%
[monitor] ['45%', '90%', '94%', '47%']  memcached=92.1%
[monitor] ['47%', '97%', '93%', '45%']  memcached=92.1%
[monitor] ['45%', '93%', '100%', '47%']  memcached=92.1%
[monitor] ['45%', '93%', '93%', '49%']  memcached=93.5%
[monitor] ['47%', '93%', '94%', '47%']  memcached=94.7%
[monitor] ['49%', '94%', '97%', '49%']  memcached=97.4%
[monitor] ['49%', '93%', '93%', '45%']  memcached=93.5%
[monitor] ['45%', '93%', '93%', '47%']  memcached=92.1%
[monitor] ['49%', '97%', '93%', '45%']  memcached=93.5%
[monitor] ['43%', '94%', '93%', '46%']  memcached=89.2%
[monitor] ['45%', '93%', '100%', '48%']  memcached=92.2%
[monitor] ['43%', '90%', '94%', '46%']  memcached=89.4%
[monitor] ['45%', '97%', '93%', '46%']  memcached=90.7%
[monitor] ['81%', '83%', '93%', '81%']  memcached=161.1%
[MEMCACHED] cores updated to: ['0', '1', '3']
[streamcluster] cores updated to: [2]
[monitor] ['74%', '74%', '100%', '72%']  memcached=220.5%
[monitor] ['70%', '73%', '100%', '70%']  memcached=213.2%
[monitor] ['73%', '71%', '100%', '71%']  memcached=215.0%
[monitor] ['72%', '71%', '100%', '67%']  memcached=209.2%
[monitor] ['69%', '72%', '100%', '69%']  memcached=210.3%
[monitor] ['71%', '70%', '100%', '68%']  memcached=208.9%
[monitor] ['72%', '73%', '100%', '69%']  memcached=214.2%
[monitor] ['72%', '72%', '100%', '69%']  memcached=212.6%
[monitor] ['73%', '73%', '100%', '71%']  memcached=217.1%
[monitor] ['72%', '71%', '100%', '69%']  memcached=211.8%
[monitor] ['72%', '74%', '100%', '70%']  memcached=216.2%
[monitor] ['72%', '73%', '100%', '69%']  memcached=214.9%
[monitor] ['72%', '72%', '100%', '68%']  memcached=213.3%
[monitor] ['70%', '72%', '100%', '70%']  memcached=212.5%
[monitor] ['72%', '72%', '100%', '69%']  memcached=213.5%
[monitor] ['75%', '72%', '100%', '73%']  memcached=220.7%
[monitor] ['78%', '81%', '100%', '73%']  memcached=231.9%
[monitor] ['76%', '79%', '100%', '74%']  memcached=229.0%
[monitor] ['77%', '76%', '100%', '74%']  memcached=226.9%
[monitor] ['81%', '78%', '100%', '76%']  memcached=234.6%
[monitor] ['76%', '79%', '100%', '76%']  memcached=231.6%
[monitor] ['79%', '78%', '100%', '74%']  memcached=231.7%
[monitor] ['76%', '78%', '100%', '74%']  memcached=229.1%
[monitor] ['78%', '78%', '100%', '76%']  memcached=233.1%
[monitor] ['77%', '81%', '100%', '77%']  memcached=234.9%
[monitor] ['78%', '76%', '100%', '74%']  memcached=228.4%
[monitor] ['77%', '79%', '100%', '74%']  memcached=229.6%
[monitor] ['76%', '78%', '100%', '76%']  memcached=231.0%
[monitor] ['79%', '76%', '100%', '75%']  memcached=230.3%
[monitor] ['76%', '79%', '100%', '74%']  memcached=228.3%
[monitor] ['78%', '78%', '100%', '75%']  memcached=231.8%
[monitor] ['77%', '78%', '100%', '75%']  memcached=230.3%
[monitor] ['54%', '56%', '100%', '51%']  memcached=161.0%
[monitor] ['52%', '50%', '100%', '50%']  memcached=152.4%
[monitor] ['52%', '54%', '100%', '47%']  memcached=153.5%
[monitor] ['52%', '52%', '100%', '49%']  memcached=153.6%
[monitor] ['51%', '52%', '100%', '47%']  memcached=151.1%
[monitor] ['52%', '52%', '100%', '49%']  memcached=153.6%
[monitor] ['52%', '52%', '100%', '44%']  memcached=149.3%
[monitor] ['54%', '54%', '100%', '49%']  memcached=156.0%
[monitor] ['49%', '54%', '100%', '46%']  memcached=148.3%
[monitor] ['49%', '51%', '100%', '47%']  memcached=147.2%
[monitor] ['51%', '54%', '100%', '51%']  memcached=156.1%
[monitor] ['51%', '54%', '100%', '47%']  memcached=152.3%
[monitor] ['51%', '51%', '100%', '49%']  memcached=151.2%
[monitor] ['51%', '54%', '100%', '49%']  memcached=153.7%
[monitor] ['51%', '51%', '100%', '47%']  memcached=149.9%
[monitor] ['52%', '52%', '100%', '45%']  memcached=149.7%
[monitor] ['57%', '57%', '100%', '56%']  memcached=171.4%
[monitor] ['78%', '78%', '100%', '74%']  memcached=231.1%
[monitor] ['77%', '76%', '100%', '76%']  memcached=228.9%
[monitor] ['74%', '76%', '100%', '72%']  memcached=221.8%
[monitor] ['76%', '78%', '100%', '73%']  memcached=227.0%
[monitor] ['75%', '76%', '100%', '72%']  memcached=223.8%
[monitor] ['76%', '74%', '100%', '71%']  memcached=220.4%
[monitor] ['75%', '75%', '100%', '74%']  memcached=224.4%
[monitor] ['78%', '78%', '100%', '74%']  memcached=231.1%
[monitor] ['82%', '79%', '100%', '77%']  memcached=237.4%
[monitor] ['76%', '78%', '100%', '74%']  memcached=228.4%
[monitor] ['76%', '74%', '100%', '71%']  memcached=221.0%
[monitor] ['76%', '76%', '100%', '73%']  memcached=225.0%
[monitor] ['74%', '76%', '100%', '73%']  memcached=223.8%
[monitor] ['76%', '76%', '100%', '72%']  memcached=224.4%
[monitor] ['74%', '77%', '100%', '72%']  memcached=223.1%
[monitor] ['74%', '74%', '100%', '72%']  memcached=221.2%
[monitor] ['74%', '74%', '100%', '72%']  memcached=221.2%
[monitor] ['77%', '76%', '100%', '72%']  memcached=224.4%
[monitor] ['72%', '75%', '100%', '72%']  memcached=219.3%
[monitor] ['74%', '75%', '100%', '72%']  memcached=221.2%
[monitor] ['75%', '74%', '100%', '71%']  memcached=219.4%
[monitor] ['78%', '76%', '100%', '74%']  memcached=229.1%
[monitor] ['72%', '74%', '100%', '71%']  memcached=217.6%
[monitor] ['76%', '74%', '100%', '72%']  memcached=221.8%
[monitor] ['73%', '74%', '100%', '72%']  memcached=220.0%
[monitor] ['78%', '76%', '100%', '74%']  memcached=228.4%
[monitor] ['76%', '76%', '100%', '73%']  memcached=225.8%
[monitor] ['76%', '76%', '100%', '71%']  memcached=223.0%
[monitor] ['74%', '76%', '100%', '74%']  memcached=224.4%
[monitor] ['74%', '74%', '100%', '72%']  memcached=220.5%
[monitor] ['74%', '74%', '100%', '70%']  memcached=218.7%
[monitor] ['76%', '77%', '100%', '72%']  memcached=225.7%
[monitor] ['73%', '75%', '100%', '74%']  memcached=221.7%
[monitor] ['17%', '14%', '100%', '10%']  memcached=41.4%
[MEMCACHED] cores updated to: ['0', '3']
[streamcluster] cores updated to: [2, 1]
[monitor] ['32%', '94%', '93%', '28%']  memcached=60.5%
[MEMCACHED] cores updated to: ['0']
[streamcluster] cores updated to: [2, 1, 3]
[monitor] ['55%', '100%', '80%', '100%']  memcached=54.5%
[monitor] ['56%', '100%', '79%', '100%']  memcached=55.8%
[monitor] ['57%', '100%', '80%', '97%']  memcached=56.8%
[monitor] ['52%', '100%', '80%', '100%']  memcached=52.4%
[monitor] ['56%', '100%', '79%', '100%']  memcached=55.8%
[monitor] ['55%', '100%', '77%', '97%']  memcached=54.5%
[monitor] ['53%', '100%', '80%', '100%']  memcached=53.5%
[monitor] ['59%', '100%', '83%', '100%']  memcached=59.1%
[monitor] ['53%', '100%', '79%', '97%']  memcached=53.5%
[monitor] ['56%', '100%', '80%', '100%']  memcached=55.8%
[monitor] ['57%', '100%', '80%', '100%']  memcached=56.8%
[monitor] ['53%', '100%', '69%', '87%']  memcached=53.5%
[monitor] ['50%', '24%', '20%', '26%']  memcached=50.0%
[streamcluster] ended.
[vips] started on cores: [1, 2, 3] with 3 threads.
[monitor] ['54%', '46%', '36%', '31%']  memcached=53.7%
[monitor] ['91%', '27%', '23%', '70%']  memcached=90.9%
[MEMCACHED] cores updated to: ['0', '1', '2']
[vips] cores updated to: [3]
[monitor] ['61%', '67%', '62%', '100%']  memcached=190.1%
[monitor] ['59%', '67%', '61%', '100%']  memcached=186.2%
[monitor] ['63%', '64%', '63%', '100%']  memcached=189.9%
[monitor] ['61%', '67%', '63%', '100%']  memcached=190.4%
[monitor] ['62%', '66%', '63%', '100%']  memcached=191.2%
[monitor] ['62%', '66%', '63%', '100%']  memcached=190.6%
[monitor] ['62%', '64%', '64%', '100%']  memcached=190.5%
[monitor] ['61%', '63%', '63%', '100%']  memcached=187.8%
[monitor] ['62%', '64%', '63%', '100%']  memcached=188.3%
[monitor] ['63%', '62%', '61%', '100%']  memcached=185.3%
[monitor] ['62%', '63%', '62%', '100%']  memcached=186.6%
[monitor] ['59%', '62%', '62%', '100%']  memcached=182.3%
[monitor] ['63%', '63%', '62%', '100%']  memcached=188.1%
[monitor] ['61%', '64%', '63%', '100%']  memcached=188.0%
[monitor] ['59%', '61%', '62%', '100%']  memcached=181.4%
[monitor] ['72%', '74%', '74%', '100%']  memcached=220.5%
[monitor] ['88%', '86%', '85%', '100%']  memcached=259.2%
[monitor] ['89%', '86%', '83%', '100%']  memcached=257.6%
[monitor] ['79%', '81%', '81%', '100%']  memcached=241.1%
[monitor] ['81%', '83%', '83%', '100%']  memcached=246.3%
[monitor] ['78%', '81%', '80%', '100%']  memcached=239.5%
[monitor] ['79%', '80%', '81%', '100%']  memcached=240.6%
[monitor] ['78%', '79%', '82%', '100%']  memcached=238.8%
[monitor] ['79%', '81%', '80%', '100%']  memcached=240.0%
[monitor] ['81%', '83%', '81%', '100%']  memcached=244.5%
[monitor] ['78%', '78%', '80%', '100%']  memcached=236.8%
[monitor] ['79%', '78%', '81%', '100%']  memcached=237.9%
[monitor] ['78%', '81%', '82%', '100%']  memcached=241.0%
[monitor] ['78%', '81%', '81%', '100%']  memcached=240.0%
[monitor] ['76%', '79%', '78%', '100%']  memcached=233.0%
[monitor] ['81%', '79%', '81%', '100%']  memcached=240.6%
[monitor] ['79%', '81%', '83%', '100%']  memcached=242.8%
[monitor] ['83%', '83%', '83%', '100%']  memcached=250.0%
[monitor] ['85%', '86%', '88%', '100%']  memcached=259.2%
[monitor] ['86%', '91%', '88%', '100%']  memcached=264.5%
[monitor] ['91%', '89%', '94%', '100%']  memcached=273.9%
[monitor] ['94%', '88%', '91%', '100%']  memcached=273.5%
[monitor] ['100%', '85%', '89%', '100%']  memcached=273.9%
[monitor] ['100%', '86%', '88%', '100%']  memcached=273.9%
[monitor] ['100%', '86%', '85%', '100%']  memcached=271.0%
[monitor] ['100%', '85%', '88%', '100%']  memcached=273.2%
[monitor] ['100%', '91%', '94%', '100%']  memcached=284.8%
[monitor] ['100%', '91%', '91%', '100%']  memcached=281.8%
[monitor] ['91%', '89%', '97%', '100%']  memcached=276.9%
[monitor] ['100%', '85%', '85%', '100%']  memcached=270.6%
[monitor] ['100%', '86%', '88%', '100%']  memcached=273.9%
[monitor] ['100%', '86%', '88%', '100%']  memcached=273.6%
[monitor] ['100%', '83%', '86%', '100%']  memcached=269.0%
[monitor] ['78%', '76%', '95%', '100%']  memcached=248.5%
[monitor] ['67%', '70%', '100%', '100%']  memcached=237.2%
[monitor] ['65%', '67%', '100%', '100%']  memcached=231.7%
[monitor] ['67%', '66%', '100%', '100%']  memcached=232.5%
[monitor] ['67%', '67%', '100%', '100%']  memcached=234.1%
[monitor] ['66%', '68%', '100%', '100%']  memcached=234.1%
[monitor] ['67%', '69%', '100%', '100%']  memcached=235.7%
[monitor] ['67%', '68%', '100%', '100%']  memcached=234.2%
[monitor] ['67%', '67%', '100%', '100%']  memcached=234.1%
[monitor] ['67%', '68%', '100%', '100%']  memcached=234.2%
[monitor] ['66%', '68%', '100%', '100%']  memcached=234.1%
[monitor] ['76%', '68%', '95%', '100%']  memcached=238.6%
[monitor] ['100%', '68%', '67%', '100%']  memcached=235.0%
[monitor] ['75%', '66%', '90%', '100%']  memcached=231.3%
[monitor] ['67%', '66%', '100%', '100%']  memcached=233.3%
[monitor] ['67%', '68%', '100%', '100%']  memcached=234.2%
[monitor] ['68%', '69%', '100%', '100%']  memcached=237.3%
[monitor] ['71%', '72%', '100%', '100%']  memcached=243.2%
[monitor] ['75%', '71%', '100%', '100%']  memcached=246.1%
[monitor] ['73%', '76%', '100%', '100%']  memcached=249.3%
[monitor] ['93%', '74%', '79%', '100%']  memcached=246.5%
[monitor] ['100%', '74%', '77%', '100%']  memcached=250.6%
[monitor] ['100%', '72%', '72%', '100%']  memcached=245.0%
[monitor] ['82%', '72%', '90%', '100%']  memcached=244.1%
[monitor] ['95%', '74%', '76%', '100%']  memcached=245.4%
[monitor] ['72%', '72%', '72%', '100%']  memcached=217.5%
[monitor] ['72%', '76%', '74%', '100%']  memcached=222.5%
[monitor] ['73%', '75%', '73%', '100%']  memcached=221.3%
[monitor] ['72%', '72%', '72%', '100%']  memcached=216.1%
[monitor] ['71%', '73%', '73%', '100%']  memcached=217.1%
[monitor] ['72%', '71%', '74%', '100%']  memcached=217.2%
[monitor] ['70%', '72%', '71%', '100%']  memcached=213.6%
[monitor] ['70%', '69%', '70%', '100%']  memcached=209.2%
[monitor] ['68%', '68%', '68%', '100%']  memcached=202.5%
[monitor] ['56%', '59%', '57%', '100%']  memcached=171.8%
[monitor] ['57%', '62%', '60%', '100%']  memcached=179.8%
[monitor] ['57%', '57%', '60%', '100%']  memcached=174.2%
[monitor] ['57%', '58%', '57%', '100%']  memcached=172.4%
[monitor] ['56%', '60%', '58%', '100%']  memcached=173.8%
[monitor] ['57%', '58%', '60%', '100%']  memcached=175.2%
[monitor] ['55%', '57%', '57%', '100%']  memcached=169.8%
[monitor] ['60%', '58%', '58%', '100%']  memcached=175.8%
[monitor] ['54%', '59%', '57%', '100%']  memcached=169.3%
[monitor] ['56%', '59%', '59%', '100%']  memcached=173.5%
[monitor] ['57%', '58%', '59%', '100%']  memcached=174.4%
[monitor] ['57%', '59%', '60%', '100%']  memcached=176.1%
[monitor] ['58%', '59%', '56%', '100%']  memcached=172.8%
[monitor] ['55%', '58%', '55%', '100%']  memcached=168.1%
[monitor] ['56%', '56%', '57%', '100%']  memcached=169.3%
[monitor] ['57%', '60%', '59%', '100%']  memcached=175.8%
[monitor] ['72%', '74%', '76%', '100%']  memcached=222.5%
[monitor] ['83%', '86%', '86%', '100%']  memcached=255.1%
[monitor] ['81%', '83%', '82%', '100%']  memcached=245.8%
[monitor] ['83%', '83%', '83%', '100%']  memcached=250.0%
[monitor] ['81%', '83%', '86%', '100%']  memcached=250.5%
[monitor] ['82%', '85%', '85%', '100%']  memcached=252.9%
[monitor] ['83%', '83%', '83%', '100%']  memcached=249.5%
[monitor] ['82%', '83%', '85%', '100%']  memcached=249.7%
[monitor] ['83%', '83%', '84%', '100%']  memcached=250.0%
[monitor] ['81%', '86%', '86%', '100%']  memcached=252.4%
[monitor] ['83%', '83%', '83%', '100%']  memcached=248.6%
[monitor] ['82%', '86%', '83%', '100%']  memcached=250.6%
[monitor] ['83%', '83%', '85%', '100%']  memcached=251.5%
[monitor] ['81%', '83%', '83%', '100%']  memcached=247.3%
[monitor] ['85%', '86%', '86%', '100%']  memcached=257.1%
[monitor] ['83%', '86%', '85%', '100%']  memcached=254.3%
[monitor] ['78%', '81%', '83%', '100%']  memcached=241.8%
[monitor] ['60%', '65%', '63%', '100%']  memcached=187.9%
[monitor] ['64%', '64%', '64%', '100%']  memcached=192.9%
[monitor] ['62%', '63%', '62%', '100%']  memcached=187.2%
[monitor] ['62%', '62%', '63%', '100%']  memcached=187.2%
[monitor] ['63%', '67%', '67%', '100%']  memcached=197.5%
[monitor] ['62%', '63%', '63%', '100%']  memcached=187.5%
[monitor] ['62%', '63%', '63%', '100%']  memcached=188.7%
[monitor] ['62%', '64%', '64%', '100%']  memcached=189.8%
[monitor] ['63%', '64%', '63%', '100%']  memcached=189.8%
[monitor] ['64%', '66%', '64%', '100%']  memcached=194.2%
[monitor] ['62%', '61%', '64%', '100%']  memcached=187.2%
[monitor] ['62%', '64%', '63%', '100%']  memcached=189.0%
[monitor] ['63%', '62%', '63%', '100%']  memcached=188.1%
[monitor] ['63%', '64%', '63%', '100%']  memcached=190.5%
[monitor] ['62%', '63%', '63%', '100%']  memcached=188.1%
[monitor] ['63%', '64%', '64%', '100%']  memcached=192.0%
[monitor] ['63%', '64%', '64%', '100%']  memcached=191.4%
[monitor] ['62%', '64%', '62%', '100%']  memcached=188.1%
[monitor] ['62%', '63%', '64%', '100%']  memcached=189.0%
[monitor] ['62%', '63%', '62%', '100%']  memcached=187.2%
[monitor] ['62%', '63%', '64%', '100%']  memcached=189.6%
[monitor] ['62%', '64%', '63%', '100%']  memcached=189.0%
[monitor] ['62%', '63%', '62%', '100%']  memcached=187.8%
[monitor] ['62%', '62%', '64%', '100%']  memcached=187.4%
[monitor] ['62%', '65%', '62%', '100%']  memcached=190.1%
[monitor] ['68%', '65%', '72%', '100%']  memcached=205.9%
[monitor] ['93%', '64%', '70%', '100%']  memcached=226.7%
[monitor] ['100%', '63%', '65%', '100%']  memcached=228.5%
[monitor] ['100%', '64%', '63%', '100%']  memcached=227.7%
[monitor] ['100%', '63%', '63%', '100%']  memcached=225.6%
[monitor] ['63%', '100%', '64%', '100%']  memcached=227.1%
[monitor] ['64%', '100%', '63%', '100%']  memcached=227.7%
[monitor] ['88%', '74%', '64%', '100%']  memcached=226.5%
[monitor] ['90%', '27%', '26%', '100%']  memcached=142.5%
[monitor] ['17%', '16%', '7%', '100%']  memcached=40.2%
[MEMCACHED] cores updated to: ['0', '2']
[vips] cores updated to: [1, 3]
[monitor] ['26%', '100%', '25%', '100%']  memcached=50.8%
[MEMCACHED] cores updated to: ['0']
[vips] cores updated to: [1, 2, 3]
[monitor] ['53%', '100%', '100%', '100%']  memcached=53.5%
[monitor] ['52%', '100%', '100%', '100%']  memcached=52.4%
[monitor] ['50%', '100%', '100%', '100%']  memcached=50.0%
[monitor] ['53%', '100%', '100%', '100%']  memcached=53.5%
[monitor] ['50%', '100%', '100%', '100%']  memcached=50.0%
[monitor] ['52%', '100%', '100%', '100%']  memcached=52.4%
[monitor] ['56%', '100%', '100%', '100%']  memcached=56.1%
[monitor] ['52%', '100%', '100%', '100%']  memcached=52.4%
[monitor] ['55%', '100%', '100%', '100%']  memcached=54.5%
[monitor] ['53%', '100%', '100%', '100%']  memcached=53.5%
[monitor] ['52%', '100%', '100%', '100%']  memcached=52.4%
[monitor] ['55%', '100%', '100%', '100%']  memcached=54.5%
[monitor] ['53%', '100%', '100%', '100%']  memcached=53.5%
[monitor] ['72%', '100%', '100%', '100%']  memcached=72.2%
[monitor] ['100%', '100%', '100%', '100%']  memcached=100.0%
[MEMCACHED] cores updated to: ['0', '1', '3']
[vips] cores updated to: [2]
[monitor] ['65%', '66%', '100%', '64%']  memcached=195.1%
[monitor] ['60%', '64%', '100%', '60%']  memcached=184.3%
[monitor] ['66%', '67%', '100%', '66%']  memcached=198.4%
[monitor] ['66%', '67%', '100%', '64%']  memcached=197.6%
[monitor] ['63%', '66%', '100%', '62%']  memcached=191.8%
[monitor] ['66%', '67%', '100%', '63%']  memcached=195.9%
[monitor] ['65%', '67%', '100%', '65%']  memcached=197.7%
[monitor] ['66%', '67%', '100%', '62%']  memcached=194.4%
[monitor] ['63%', '66%', '100%', '64%']  memcached=193.6%
[monitor] ['64%', '64%', '100%', '63%']  memcached=192.0%
[monitor] ['66%', '67%', '100%', '64%']  memcached=197.6%
[monitor] ['65%', '65%', '100%', '63%']  memcached=193.5%
[monitor] ['64%', '64%', '100%', '61%']  memcached=189.4%
[monitor] ['65%', '67%', '100%', '63%']  memcached=195.2%
[monitor] ['64%', '66%', '100%', '63%']  memcached=193.4%
[monitor] ['57%', '59%', '100%', '56%']  memcached=171.8%
[monitor] ['56%', '57%', '100%', '54%']  memcached=166.9%
[monitor] ['57%', '58%', '100%', '55%']  memcached=170.3%
[monitor] ['57%', '57%', '100%', '57%']  memcached=171.4%
[monitor] ['57%', '59%', '100%', '54%']  memcached=169.3%
[monitor] ['57%', '58%', '100%', '55%']  memcached=170.3%
[monitor] ['57%', '60%', '100%', '55%']  memcached=172.0%
[monitor] ['59%', '58%', '100%', '56%']  memcached=172.8%
[monitor] ['55%', '59%', '100%', '56%']  memcached=169.6%
[monitor] ['59%', '59%', '100%', '56%']  memcached=173.2%
[monitor] ['57%', '60%', '100%', '57%']  memcached=173.8%
[monitor] ['59%', '60%', '100%', '56%']  memcached=174.5%
[monitor] ['56%', '60%', '100%', '56%']  memcached=171.4%
[monitor] ['56%', '58%', '100%', '55%']  memcached=169.2%
[monitor] ['57%', '58%', '100%', '56%']  memcached=171.4%
[monitor] ['56%', '57%', '100%', '55%']  memcached=168.9%
[monitor] ['40%', '42%', '100%', '41%']  memcached=122.2%
[MEMCACHED] cores updated to: ['0', '3']
[vips] cores updated to: [1, 2]
[monitor] ['20%', '100%', '100%', '14%']  memcached=34.3%
[MEMCACHED] cores updated to: ['0']
[vips] cores updated to: [1, 2, 3]
[monitor] ['38%', '100%', '100%', '100%']  memcached=38.2%
[monitor] ['42%', '100%', '100%', '100%']  memcached=42.1%
[monitor] ['41%', '100%', '100%', '100%']  memcached=40.5%
[monitor] ['43%', '100%', '100%', '100%']  memcached=43.2%
[monitor] ['39%', '100%', '100%', '100%']  memcached=38.9%
[monitor] ['39%', '100%', '100%', '100%']  memcached=38.9%
[monitor] ['45%', '100%', '100%', '100%']  memcached=44.7%
[monitor] ['42%', '100%', '100%', '100%']  memcached=42.1%
[monitor] ['43%', '100%', '100%', '100%']  memcached=43.2%
[monitor] ['39%', '100%', '100%', '100%']  memcached=38.9%
[monitor] ['43%', '100%', '100%', '100%']  memcached=43.2%
[monitor] ['39%', '100%', '100%', '100%']  memcached=38.9%
[monitor] ['42%', '100%', '100%', '100%']  memcached=41.7%
[monitor] ['41%', '100%', '100%', '100%']  memcached=40.5%
[monitor] ['43%', '100%', '100%', '100%']  memcached=43.2%
[monitor] ['35%', '100%', '100%', '100%']  memcached=35.3%
[monitor] ['37%', '100%', '100%', '100%']  memcached=37.1%
[monitor] ['33%', '100%', '100%', '100%']  memcached=33.3%
[monitor] ['35%', '100%', '100%', '100%']  memcached=35.3%
[monitor] ['34%', '100%', '97%', '100%']  memcached=34.3%
[monitor] ['38%', '100%', '100%', '100%']  memcached=38.2%
[monitor] ['34%', '100%', '100%', '100%']  memcached=34.3%
[monitor] ['35%', '100%', '100%', '100%']  memcached=35.3%
[monitor] ['35%', '100%', '97%', '100%']  memcached=35.3%
[monitor] ['37%', '100%', '100%', '100%']  memcached=37.1%
[monitor] ['42%', '100%', '100%', '100%']  memcached=41.7%
[monitor] ['39%', '100%', '100%', '100%']  memcached=38.9%
[monitor] ['38%', '100%', '100%', '100%']  memcached=38.2%
[monitor] ['42%', '100%', '100%', '100%']  memcached=41.7%
[monitor] ['39%', '100%', '100%', '100%']  memcached=38.9%
[monitor] ['33%', '100%', '100%', '100%']  memcached=33.3%
[monitor] ['51%', '100%', '100%', '100%']  memcached=51.4%
[monitor] ['89%', '100%', '100%', '100%']  memcached=88.6%
[MEMCACHED] cores updated to: ['0', '2']
[vips] cores updated to: [1, 3]
[monitor] ['68%', '100%', '67%', '100%']  memcached=134.8%
[monitor] ['67%', '100%', '68%', '100%']  memcached=135.0%
[monitor] ['67%', '100%', '68%', '100%']  memcached=134.8%
[monitor] ['69%', '100%', '67%', '100%']  memcached=135.7%
[monitor] ['67%', '100%', '68%', '100%']  memcached=135.7%
[monitor] ['67%', '100%', '68%', '100%']  memcached=134.8%
[monitor] ['75%', '78%', '74%', '79%']  memcached=148.7%
[vips] ended.
[MEMCACHED] cores updated to: ['0', '1', '2', '3']
