Controller pinned to cores 1,2,3.
Scheduler started.
pulled barnes
pulled radix
pulled blackscholes
pulled canneal
pulled freqmine
pulled streamcluster
pulled vips
[MEMCACHED] cores updated to: ['0', '1', '2']
[radix] starting in background on cores: [3] with 1 threads.
[monitor] ['66%', '67%', '72%', '88%']  memcached=204.3%
[monitor] ['62%', '67%', '63%', '100%']  memcached=191.6%
[monitor] ['78%', '78%', '78%', '100%']  memcached=234.5%
[monitor] ['75%', '76%', '78%', '100%']  memcached=229.1%
[monitor] ['77%', '77%', '80%', '100%']  memcached=234.1%
[monitor] ['62%', '59%', '62%', '100%']  memcached=184.1%
[monitor] ['61%', '63%', '63%', '100%']  memcached=187.2%
[monitor] ['62%', '62%', '62%', '100%']  memcached=184.6%
[monitor] ['54%', '55%', '57%', '100%']  memcached=165.8%
[monitor] ['49%', '54%', '52%', '100%']  memcached=154.8%
[monitor] ['52%', '53%', '53%', '100%']  memcached=159.4%
[monitor] ['54%', '55%', '52%', '100%']  memcached=161.2%
[monitor] ['57%', '59%', '57%', '100%']  memcached=173.5%
[monitor] ['57%', '61%', '61%', '100%']  memcached=178.7%
[monitor] ['59%', '57%', '60%', '100%']  memcached=175.3%
[monitor] ['52%', '52%', '53%', '100%']  memcached=158.3%
[monitor] ['53%', '50%', '51%', '100%']  memcached=154.7%
[monitor] ['54%', '55%', '55%', '100%']  memcached=163.2%
[monitor] ['70%', '69%', '71%', '100%']  memcached=210.8%
[monitor] ['78%', '77%', '81%', '100%']  memcached=235.5%
[monitor] ['78%', '77%', '81%', '100%']  memcached=236.1%
[monitor] ['78%', '76%', '80%', '100%']  memcached=233.5%
[monitor] ['78%', '78%', '81%', '100%']  memcached=236.7%
[monitor] ['78%', '79%', '80%', '100%']  memcached=237.8%
[monitor] ['84%', '83%', '85%', '100%']  memcached=253.0%
[monitor] ['78%', '75%', '78%', '100%']  memcached=231.2%
[monitor] ['76%', '78%', '78%', '100%']  memcached=231.2%
[monitor] ['74%', '73%', '78%', '100%']  memcached=225.6%
[monitor] ['60%', '59%', '61%', '100%']  memcached=180.4%
[monitor] ['50%', '51%', '53%', '100%']  memcached=154.7%
[monitor] ['53%', '56%', '55%', '100%']  memcached=163.8%
[monitor] ['44%', '47%', '48%', '100%']  memcached=137.7%
[MEMCACHED] cores updated to: ['0', '2']
[radix] paused.
[barnes] starting in background on cores: [1, 3] with 2 threads.
[monitor] ['52%', '61%', '56%', '60%']  memcached=107.9%
[monitor] ['44%', '47%', '43%', '72%']  memcached=87.9%
[monitor] ['46%', '6%', '47%', '100%']  memcached=92.5%
[monitor] ['74%', '14%', '74%', '100%']  memcached=148.0%
[monitor] ['78%', '72%', '77%', '66%']  memcached=154.9%
[monitor] ['76%', '100%', '76%', '100%']  memcached=151.4%
[monitor] ['56%', '100%', '55%', '100%']  memcached=110.4%
[monitor] ['45%', '100%', '48%', '100%']  memcached=93.3%
[monitor] ['44%', '100%', '48%', '100%']  memcached=92.0%
[monitor] ['51%', '87%', '53%', '100%']  memcached=104.7%
[monitor] ['62%', '100%', '61%', '100%']  memcached=122.5%
[monitor] ['64%', '100%', '62%', '100%']  memcached=126.8%
[monitor] ['61%', '100%', '64%', '100%']  memcached=125.3%
[monitor] ['51%', '100%', '51%', '100%']  memcached=102.2%
[monitor] ['51%', '100%', '51%', '100%']  memcached=102.2%
[monitor] ['51%', '100%', '53%', '100%']  memcached=104.5%
[monitor] ['77%', '100%', '77%', '100%']  memcached=154.3%
[monitor] ['94%', '100%', '88%', '100%']  memcached=181.0%
[MEMCACHED] cores updated to: ['0', '1', '2']
[radix] unpaused.
[barnes] paused.
[monitor] ['78%', '75%', '78%', '100%']  memcached=231.8%
[monitor] ['56%', '58%', '60%', '100%']  memcached=174.3%
[monitor] ['37%', '41%', '38%', '100%']  memcached=115.6%
[MEMCACHED] cores updated to: ['0', '2']
[radix] paused.
[barnes] unpaused.
[monitor] ['44%', '100%', '46%', '100%']  memcached=90.1%
[monitor] ['43%', '100%', '48%', '100%']  memcached=91.0%
[monitor] ['48%', '100%', '50%', '100%']  memcached=97.7%
[monitor] ['45%', '100%', '50%', '100%']  memcached=95.2%
[monitor] ['47%', '100%', '47%', '100%']  memcached=93.0%
[monitor] ['75%', '100%', '72%', '100%']  memcached=147.2%
[monitor] ['82%', '100%', '82%', '100%']  memcached=164.7%
[MEMCACHED] cores updated to: ['0', '1', '2']
[radix] unpaused.
[barnes] paused.
[monitor] ['69%', '71%', '72%', '100%']  memcached=212.3%
[monitor] ['51%', '54%', '55%', '100%']  memcached=160.1%
[monitor] ['31%', '32%', '34%', '100%']  memcached=96.6%
[MEMCACHED] cores updated to: ['0', '2']
[radix] paused.
[barnes] unpaused.
[monitor] ['39%', '100%', '41%', '100%']  memcached=79.5%
[monitor] ['40%', '100%', '42%', '100%']  memcached=82.3%
[monitor] ['70%', '100%', '70%', '100%']  memcached=140.0%
[monitor] ['67%', '100%', '66%', '100%']  memcached=132.5%
[monitor] ['69%', '100%', '70%', '100%']  memcached=139.2%
[monitor] ['55%', '100%', '56%', '100%']  memcached=110.1%
[monitor] ['51%', '100%', '51%', '100%']  memcached=102.2%
[monitor] ['51%', '100%', '52%', '100%']  memcached=103.3%
[monitor] ['64%', '100%', '68%', '100%']  memcached=131.7%
[monitor] ['88%', '100%', '91%', '100%']  memcached=178.5%
[MEMCACHED] cores updated to: ['0', '1', '2']
[radix] unpaused.
[barnes] paused.
[monitor] ['74%', '76%', '76%', '100%']  memcached=225.7%
[monitor] ['70%', '69%', '73%', '100%']  memcached=212.7%
[monitor] ['46%', '49%', '50%', '100%']  memcached=144.9%
[monitor] ['48%', '50%', '50%', '100%']  memcached=147.6%
[monitor] ['46%', '49%', '50%', '100%']  memcached=144.9%
[monitor] ['65%', '64%', '65%', '100%']  memcached=194.1%
[monitor] ['67%', '67%', '69%', '100%']  memcached=202.6%
[monitor] ['68%', '69%', '67%', '100%']  memcached=203.5%
[monitor] ['65%', '67%', '69%', '100%']  memcached=200.9%
[monitor] ['69%', '69%', '68%', '100%']  memcached=206.9%
[monitor] ['66%', '68%', '69%', '100%']  memcached=203.4%
[monitor] ['65%', '66%', '64%', '100%']  memcached=194.9%
[monitor] ['56%', '60%', '60%', '100%']  memcached=175.5%
[monitor] ['56%', '56%', '59%', '100%']  memcached=171.8%
[monitor] ['55%', '59%', '59%', '100%']  memcached=172.1%
[monitor] ['62%', '62%', '63%', '100%']  memcached=187.5%
[monitor] ['58%', '62%', '61%', '100%']  memcached=181.4%
[monitor] ['61%', '61%', '62%', '100%']  memcached=183.6%
[monitor] ['52%', '56%', '58%', '100%']  memcached=166.7%
[monitor] ['51%', '50%', '51%', '100%']  memcached=152.4%
[monitor] ['49%', '52%', '51%', '100%']  memcached=152.3%
[monitor] ['52%', '54%', '54%', '100%']  memcached=160.2%
[monitor] ['70%', '69%', '71%', '100%']  memcached=210.3%
[monitor] ['69%', '70%', '69%', '100%']  memcached=208.7%
[monitor] ['67%', '68%', '72%', '100%']  memcached=206.9%
[monitor] ['57%', '56%', '56%', '100%']  memcached=169.1%
[monitor] ['54%', '54%', '57%', '100%']  memcached=164.5%
[monitor] ['51%', '52%', '54%', '100%']  memcached=157.4%
[monitor] ['55%', '55%', '54%', '100%']  memcached=163.8%
[monitor] ['56%', '60%', '60%', '100%']  memcached=175.5%
[monitor] ['60%', '60%', '61%', '100%']  memcached=180.0%
[monitor] ['57%', '56%', '58%', '100%']  memcached=172.0%
[monitor] ['51%', '49%', '51%', '100%']  memcached=151.2%
[monitor] ['51%', '51%', '55%', '100%']  memcached=157.0%
[monitor] ['49%', '53%', '53%', '100%']  memcached=155.8%
[monitor] ['45%', '40%', '41%', '100%']  memcached=126.9%
[MEMCACHED] cores updated to: ['0', '2']
[radix] paused.
[barnes] unpaused.
[monitor] ['47%', '100%', '50%', '100%']  memcached=96.7%
[monitor] ['50%', '100%', '50%', '100%']  memcached=100.0%
[monitor] ['70%', '100%', '62%', '100%']  memcached=132.2%
[monitor] ['88%', '100%', '72%', '100%']  memcached=159.7%
[monitor] ['87%', '100%', '74%', '100%']  memcached=160.8%
[MEMCACHED] cores updated to: ['0', '1', '2']
[radix] unpaused.
[barnes] paused.
[monitor] ['66%', '67%', '69%', '100%']  memcached=201.7%
[monitor] ['62%', '61%', '62%', '100%']  memcached=184.6%
[monitor] ['61%', '62%', '65%', '100%']  memcached=188.0%
[monitor] ['59%', '63%', '62%', '100%']  memcached=184.9%
[monitor] ['70%', '73%', '74%', '100%']  memcached=216.9%
[monitor] ['73%', '74%', '73%', '100%']  memcached=219.6%
[monitor] ['72%', '74%', '73%', '100%']  memcached=218.9%
[monitor] ['78%', '82%', '81%', '100%']  memcached=240.2%
[monitor] ['85%', '85%', '88%', '100%']  memcached=257.6%
[monitor] ['85%', '84%', '83%', '100%']  memcached=252.1%
[monitor] ['76%', '78%', '80%', '100%']  memcached=234.2%
[monitor] ['70%', '68%', '72%', '100%']  memcached=209.4%
[monitor] ['67%', '69%', '70%', '100%']  memcached=205.9%
[monitor] ['69%', '68%', '68%', '100%']  memcached=205.2%
[monitor] ['51%', '52%', '53%', '100%']  memcached=157.1%
[monitor] ['52%', '50%', '50%', '100%']  memcached=152.4%
[monitor] ['50%', '52%', '55%', '100%']  memcached=157.0%
[monitor] ['44%', '41%', '48%', '100%']  memcached=133.4%
[MEMCACHED] cores updated to: ['0', '2']
[radix] paused.
[barnes] unpaused.
[monitor] ['47%', '100%', '48%', '100%']  memcached=94.5%
[monitor] ['48%', '100%', '47%', '100%']  memcached=94.5%
[monitor] ['56%', '100%', '56%', '100%']  memcached=112.0%
[monitor] ['82%', '100%', '70%', '100%']  memcached=152.6%
[monitor] ['82%', '100%', '69%', '100%']  memcached=151.0%
[monitor] ['82%', '100%', '72%', '100%']  memcached=154.1%
[monitor] ['82%', '100%', '70%', '100%']  memcached=152.6%
[monitor] ['78%', '100%', '70%', '100%']  memcached=147.8%
[monitor] ['79%', '100%', '68%', '100%']  memcached=147.2%
[monitor] ['85%', '100%', '82%', '100%']  memcached=167.6%
[MEMCACHED] cores updated to: ['0', '1', '2']
[radix] unpaused.
[barnes] paused.
[monitor] ['73%', '76%', '76%', '100%']  memcached=225.0%
[monitor] ['72%', '73%', '76%', '100%']  memcached=221.5%
[monitor] ['68%', '68%', '68%', '100%']  memcached=204.4%
[monitor] ['55%', '57%', '56%', '100%']  memcached=168.9%
[monitor] ['58%', '59%', '60%', '100%']  memcached=176.9%
[monitor] ['56%', '57%', '59%', '100%']  memcached=172.1%
[monitor] ['43%', '47%', '47%', '100%']  memcached=135.7%
[MEMCACHED] cores updated to: ['0', '2']
[radix] paused.
[barnes] unpaused.
[monitor] ['52%', '100%', '51%', '100%']  memcached=103.4%
[monitor] ['53%', '100%', '53%', '100%']  memcached=106.7%
[monitor] ['71%', '100%', '67%', '100%']  memcached=138.1%
[monitor] ['78%', '100%', '76%', '100%']  memcached=154.1%
[monitor] ['79%', '100%', '75%', '100%']  memcached=154.4%
[monitor] ['76%', '100%', '72%', '100%']  memcached=147.9%
[monitor] ['70%', '100%', '68%', '100%']  memcached=137.8%
[monitor] ['70%', '100%', '68%', '100%']  memcached=138.7%
[monitor] ['68%', '100%', '69%', '100%']  memcached=137.7%
[monitor] ['61%', '100%', '61%', '100%']  memcached=121.6%
[monitor] ['62%', '100%', '62%', '100%']  memcached=123.4%
[monitor] ['61%', '100%', '63%', '100%']  memcached=123.9%
[monitor] ['65%', '100%', '65%', '100%']  memcached=129.9%
[monitor] ['65%', '100%', '64%', '100%']  memcached=129.0%
[monitor] ['64%', '100%', '66%', '100%']  memcached=129.7%
[monitor] ['59%', '100%', '60%', '100%']  memcached=119.0%
[monitor] ['55%', '100%', '55%', '100%']  memcached=110.0%
[monitor] ['55%', '100%', '55%', '100%']  memcached=110.0%
[monitor] ['55%', '100%', '57%', '100%']  memcached=112.8%
[monitor] ['76%', '100%', '71%', '100%']  memcached=146.7%
[monitor] ['74%', '100%', '69%', '100%']  memcached=143.7%
[monitor] ['72%', '100%', '69%', '100%']  memcached=141.5%
[monitor] ['79%', '100%', '74%', '100%']  memcached=152.5%
[monitor] ['80%', '100%', '75%', '100%']  memcached=155.0%
[monitor] ['76%', '100%', '74%', '100%']  memcached=150.2%
[monitor] ['72%', '100%', '72%', '100%']  memcached=144.0%
[monitor] ['67%', '100%', '67%', '100%']  memcached=133.3%
[monitor] ['66%', '100%', '67%', '100%']  memcached=132.5%
[monitor] ['68%', '100%', '65%', '100%']  memcached=132.4%
[monitor] ['65%', '100%', '65%', '100%']  memcached=129.9%
[monitor] ['65%', '100%', '67%', '100%']  memcached=131.5%
[monitor] ['71%', '100%', '68%', '100%']  memcached=138.6%
[monitor] ['90%', '100%', '81%', '100%']  memcached=170.9%
[MEMCACHED] cores updated to: ['0', '1', '2']
[radix] unpaused.
[barnes] paused.
[monitor] ['73%', '75%', '78%', '100%']  memcached=225.8%
[monitor] ['75%', '75%', '77%', '100%']  memcached=227.1%
[monitor] ['50%', '51%', '52%', '100%']  memcached=153.9%
[monitor] ['26%', '26%', '31%', '100%']  memcached=83.4%
[MEMCACHED] cores updated to: ['0', '2']
[radix] paused.
[barnes] unpaused.
[monitor] ['35%', '100%', '37%', '100%']  memcached=72.2%
[monitor] ['33%', '100%', '39%', '100%']  memcached=72.4%
[monitor] ['43%', '100%', '44%', '100%']  memcached=87.0%
[monitor] ['47%', '83%', '48%', '100%']  memcached=94.2%
[monitor] ['40%', '67%', '45%', '100%']  memcached=85.2%
[monitor] ['39%', '100%', '42%', '100%']  memcached=81.2%
[monitor] ['42%', '100%', '43%', '83%']  memcached=85.4%
[monitor] ['40%', '100%', '42%', '100%']  memcached=81.8%
[monitor] ['51%', '100%', '52%', '100%']  memcached=103.7%
[monitor] ['62%', '100%', '66%', '100%']  memcached=128.3%
[monitor] ['64%', '100%', '68%', '100%']  memcached=131.8%
[monitor] ['59%', '100%', '60%', '100%']  memcached=118.5%
[monitor] ['48%', '100%', '49%', '100%']  memcached=96.6%
[monitor] ['47%', '100%', '49%', '100%']  memcached=95.4%
[monitor] ['49%', '100%', '49%', '100%']  memcached=97.8%
[monitor] ['70%', '100%', '82%', '100%']  memcached=152.1%
[monitor] ['72%', '100%', '91%', '100%']  memcached=162.4%
[MEMCACHED] cores updated to: ['0', '1', '2']
[radix] unpaused.
[barnes] paused.
[monitor] ['68%', '68%', '71%', '100%']  memcached=207.0%
[monitor] ['51%', '54%', '54%', '100%']  memcached=158.5%
[monitor] ['41%', '39%', '43%', '100%']  memcached=123.3%
[MEMCACHED] cores updated to: ['0', '2']
[radix] paused.
[barnes] unpaused.
[monitor] ['50%', '100%', '49%', '100%']  memcached=98.9%
[monitor] ['55%', '100%', '56%', '100%']  memcached=110.6%
[monitor] ['69%', '100%', '88%', '100%']  memcached=157.1%
[monitor] ['71%', '100%', '85%', '100%']  memcached=156.3%
[monitor] ['70%', '100%', '85%', '100%']  memcached=154.8%
[monitor] ['62%', '100%', '64%', '100%']  memcached=126.0%
[monitor] ['59%', '100%', '66%', '100%']  memcached=124.4%
[monitor] ['63%', '100%', '68%', '100%']  memcached=131.7%
[monitor] ['51%', '100%', '53%', '100%']  memcached=104.5%
[monitor] ['47%', '100%', '50%', '100%']  memcached=96.7%
[monitor] ['50%', '100%', '52%', '100%']  memcached=102.2%
[monitor] ['54%', '100%', '60%', '100%']  memcached=113.2%
[monitor] ['75%', '100%', '88%', '100%']  memcached=163.2%
[MEMCACHED] cores updated to: ['0', '1', '2']
[radix] unpaused.
[barnes] paused.
[monitor] ['71%', '73%', '73%', '100%']  memcached=217.0%
[monitor] ['71%', '71%', '73%', '100%']  memcached=215.1%
[monitor] ['61%', '62%', '65%', '100%']  memcached=187.1%
[monitor] ['61%', '57%', '62%', '100%']  memcached=180.4%
[monitor] ['60%', '63%', '63%', '100%']  memcached=186.8%
[monitor] ['70%', '72%', '73%', '100%']  memcached=215.5%
[monitor] ['76%', '77%', '81%', '100%']  memcached=233.9%
[monitor] ['78%', '80%', '79%', '100%']  memcached=237.2%
[monitor] ['63%', '67%', '70%', '100%']  memcached=199.8%
[monitor] ['43%', '40%', '47%', '100%']  memcached=129.4%
[MEMCACHED] cores updated to: ['0', '2']
[radix] paused.
[barnes] unpaused.
[monitor] ['51%', '100%', '51%', '100%']  memcached=102.3%
[monitor] ['46%', '100%', '52%', '100%']  memcached=98.6%
[monitor] ['81%', '100%', '88%', '100%']  memcached=168.4%
[MEMCACHED] cores updated to: ['0', '1', '2']
[radix] unpaused.
[barnes] paused.
[monitor] ['71%', '74%', '76%', '100%']  memcached=221.1%
[monitor] ['74%', '76%', '76%', '100%']  memcached=225.0%
[monitor] ['68%', '70%', '72%', '100%']  memcached=210.5%
[monitor] ['69%', '70%', '71%', '100%']  memcached=210.3%
[monitor] ['71%', '71%', '74%', '100%']  memcached=216.5%
[monitor] ['71%', '76%', '76%', '100%']  memcached=222.4%
[monitor] ['75%', '77%', '81%', '100%']  memcached=232.7%
[monitor] ['76%', '80%', '81%', '100%']  memcached=236.2%
[monitor] ['74%', '77%', '78%', '100%']  memcached=228.5%
[monitor] ['46%', '50%', '51%', '100%']  memcached=147.3%
[monitor] ['50%', '49%', '50%', '100%']  memcached=148.7%
[monitor] ['49%', '49%', '46%', '100%']  memcached=143.7%
[monitor] ['43%', '47%', '48%', '100%']  memcached=137.2%
[MEMCACHED] cores updated to: ['0', '2']
[radix] paused.
[barnes] unpaused.
[monitor] ['49%', '100%', '49%', '100%']  memcached=97.7%
[monitor] ['52%', '100%', '50%', '100%']  memcached=102.3%
[monitor] ['56%', '100%', '60%', '100%']  memcached=115.6%
[monitor] ['69%', '100%', '79%', '100%']  memcached=148.6%
[monitor] ['71%', '100%', '78%', '100%']  memcached=149.4%
[monitor] ['68%', '100%', '78%', '100%']  memcached=146.2%
[monitor] ['62%', '100%', '68%', '100%']  memcached=130.1%
[monitor] ['65%', '100%', '70%', '100%']  memcached=135.0%
[monitor] ['62%', '100%', '66%', '100%']  memcached=127.3%
[monitor] ['76%', '100%', '86%', '100%']  memcached=161.4%
[MEMCACHED] cores updated to: ['0', '1', '2']
[radix] unpaused.
[barnes] paused.
[monitor] ['69%', '76%', '74%', '100%']  memcached=218.7%
[monitor] ['70%', '77%', '72%', '100%']  memcached=219.6%
[monitor] ['57%', '62%', '60%', '100%']  memcached=179.7%
[monitor] ['40%', '43%', '41%', '100%']  memcached=124.3%
[MEMCACHED] cores updated to: ['0', '2']
[radix] paused.
[barnes] unpaused.
[monitor] ['52%', '100%', '49%', '100%']  memcached=101.1%
[monitor] ['51%', '100%', '52%', '100%']  memcached=103.3%
[monitor] ['52%', '100%', '57%', '100%']  memcached=109.0%
[monitor] ['53%', '100%', '57%', '100%']  memcached=110.3%
[monitor] ['56%', '100%', '53%', '100%']  memcached=109.0%
[monitor] ['75%', '100%', '88%', '100%']  memcached=162.9%
[MEMCACHED] cores updated to: ['0', '1', '2']
[radix] unpaused.
[barnes] paused.
[monitor] ['82%', '84%', '85%', '100%']  memcached=252.0%
[monitor] ['76%', '88%', '82%', '100%']  memcached=246.3%
[monitor] ['62%', '62%', '65%', '100%']  memcached=188.3%
[monitor] ['44%', '50%', '48%', '100%']  memcached=141.6%
[monitor] ['45%', '49%', '49%', '100%']  memcached=142.9%
[monitor] ['48%', '48%', '50%', '100%']  memcached=145.0%
[monitor] ['56%', '61%', '57%', '100%']  memcached=173.8%
[monitor] ['58%', '61%', '60%', '100%']  memcached=178.2%
[monitor] ['55%', '61%', '60%', '100%']  memcached=176.6%
[monitor] ['39%', '38%', '38%', '100%']  memcached=115.0%
[MEMCACHED] cores updated to: ['0', '2']
[radix] paused.
[barnes] unpaused.
[monitor] ['42%', '100%', '44%', '100%']  memcached=86.3%
[monitor] ['43%', '100%', '47%', '100%']  memcached=90.0%
[monitor] ['49%', '100%', '50%', '100%']  memcached=98.8%
[monitor] ['56%', '100%', '57%', '100%']  memcached=113.2%
[monitor] ['56%', '100%', '59%', '100%']  memcached=115.2%
[monitor] ['60%', '100%', '60%', '100%']  memcached=119.5%
[monitor] ['64%', '100%', '68%', '100%']  memcached=131.7%
[monitor] ['63%', '100%', '68%', '100%']  memcached=130.9%
[monitor] ['64%', '100%', '68%', '100%']  memcached=132.5%
[monitor] ['48%', '100%', '48%', '100%']  memcached=95.5%
[monitor] ['44%', '100%', '48%', '100%']  memcached=92.0%
[monitor] ['44%', '100%', '49%', '100%']  memcached=93.1%
[monitor] ['62%', '100%', '66%', '100%']  memcached=127.7%
[monitor] ['77%', '100%', '88%', '100%']  memcached=165.4%
[MEMCACHED] cores updated to: ['0', '1', '2']
[radix] unpaused.
[barnes] paused.
[monitor] ['70%', '79%', '72%', '100%']  memcached=221.3%
[monitor] ['68%', '76%', '71%', '100%']  memcached=215.2%
[monitor] ['68%', '76%', '71%', '100%']  memcached=215.2%
[monitor] ['68%', '76%', '74%', '100%']  memcached=217.7%
[monitor] ['68%', '76%', '72%', '100%']  memcached=216.7%
[monitor] ['72%', '77%', '77%', '100%']  memcached=226.5%
[monitor] ['71%', '80%', '78%', '100%']  memcached=229.4%
[monitor] ['76%', '82%', '78%', '100%']  memcached=236.4%
[monitor] ['59%', '64%', '62%', '100%']  memcached=185.6%
[monitor] ['52%', '51%', '54%', '100%']  memcached=157.3%
[monitor] ['56%', '61%', '63%', '82%']  memcached=179.5%
[radix] ended.
[blackscholes] starting in background on cores: [3] with 3 threads.
[monitor] ['59%', '62%', '64%', '88%']  memcached=184.8%
[monitor] ['40%', '41%', '44%', '100%']  memcached=125.2%
[MEMCACHED] cores updated to: ['0', '2']
[barnes] unpaused.
[blackscholes] paused.
[monitor] ['50%', '100%', '51%', '100%']  memcached=101.1%
[monitor] ['49%', '100%', '50%', '100%']  memcached=98.9%
[monitor] ['71%', '100%', '76%', '100%']  memcached=147.5%
[monitor] ['71%', '100%', '78%', '100%']  memcached=148.8%
[monitor] ['75%', '100%', '80%', '100%']  memcached=155.0%
[monitor] ['60%', '100%', '59%', '100%']  memcached=119.0%
[monitor] ['51%', '100%', '52%', '100%']  memcached=103.3%
[monitor] ['52%', '100%', '52%', '100%']  memcached=104.4%
[monitor] ['59%', '100%', '62%', '100%']  memcached=120.4%
[monitor] ['83%', '100%', '94%', '100%']  memcached=177.1%
[MEMCACHED] cores updated to: ['0', '1', '2']
[barnes] paused.
[blackscholes] unpaused.
[monitor] ['73%', '77%', '75%', '100%']  memcached=225.1%
[monitor] ['72%', '77%', '76%', '100%']  memcached=225.7%
[monitor] ['52%', '51%', '56%', '100%']  memcached=159.4%
[monitor] ['52%', '53%', '53%', '100%']  memcached=158.5%
[monitor] ['52%', '52%', '54%', '100%']  memcached=158.5%
[monitor] ['50%', '51%', '55%', '100%']  memcached=156.0%
[monitor] ['50%', '54%', '52%', '100%']  memcached=156.0%
[monitor] ['54%', '67%', '54%', '100%']  memcached=174.4%
[monitor] ['55%', '73%', '55%', '100%']  memcached=183.2%
[monitor] ['61%', '62%', '62%', '100%']  memcached=185.0%
[monitor] ['62%', '63%', '66%', '100%']  memcached=190.6%
[monitor] ['63%', '62%', '63%', '100%']  memcached=187.9%
[monitor] ['41%', '38%', '43%', '100%']  memcached=122.1%
[MEMCACHED] cores updated to: ['0', '2']
[barnes] unpaused.
[blackscholes] paused.
[monitor] ['44%', '100%', '44%', '100%']  memcached=88.4%
[monitor] ['47%', '100%', '48%', '100%']  memcached=94.2%
[monitor] ['78%', '100%', '77%', '100%']  memcached=154.9%
[monitor] ['91%', '100%', '97%', '100%']  memcached=187.8%
[MEMCACHED] cores updated to: ['0', '1', '2']
[barnes] paused.
[blackscholes] unpaused.
[monitor] ['81%', '78%', '83%', '100%']  memcached=241.2%
[monitor] ['64%', '65%', '69%', '100%']  memcached=198.0%
[monitor] ['49%', '52%', '51%', '100%']  memcached=152.3%
[monitor] ['48%', '52%', '53%', '100%']  memcached=153.2%
[monitor] ['49%', '48%', '49%', '100%']  memcached=145.1%
[monitor] ['57%', '62%', '62%', '100%']  memcached=180.8%
[monitor] ['61%', '61%', '60%', '100%']  memcached=181.5%
[monitor] ['58%', '62%', '62%', '100%']  memcached=182.3%
[monitor] ['50%', '49%', '51%', '100%']  memcached=149.9%
[monitor] ['49%', '72%', '58%', '100%']  memcached=178.4%
[monitor] ['88%', '56%', '50%', '100%']  memcached=193.9%
[monitor] ['100%', '50%', '51%', '100%']  memcached=201.2%
[monitor] ['100%', '56%', '61%', '100%']  memcached=217.4%
[monitor] ['100%', '62%', '61%', '100%']  memcached=222.5%
[monitor] ['100%', '59%', '61%', '100%']  memcached=219.9%
[monitor] ['100%', '62%', '62%', '100%']  memcached=225.0%
[monitor] ['70%', '61%', '92%', '100%']  memcached=223.3%
[monitor] ['100%', '63%', '64%', '100%']  memcached=227.3%
[monitor] ['100%', '66%', '69%', '100%']  memcached=235.0%
[monitor] ['100%', '66%', '68%', '100%']  memcached=234.2%
[monitor] ['87%', '67%', '80%', '100%']  memcached=233.5%
[monitor] ['87%', '64%', '79%', '100%']  memcached=230.4%
[monitor] ['71%', '95%', '62%', '100%']  memcached=228.0%
[monitor] ['85%', '82%', '62%', '100%']  memcached=230.0%
[monitor] ['85%', '75%', '61%', '100%']  memcached=220.1%
[monitor] ['59%', '49%', '52%', '100%']  memcached=159.6%
[monitor] ['49%', '48%', '51%', '100%']  memcached=147.5%
[monitor] ['49%', '50%', '54%', '100%']  memcached=153.1%
[monitor] ['70%', '73%', '74%', '100%']  memcached=217.5%
[monitor] ['77%', '82%', '83%', '100%']  memcached=242.8%
[monitor] ['80%', '80%', '82%', '100%']  memcached=242.4%
[monitor] ['61%', '63%', '66%', '100%']  memcached=189.5%
[monitor] ['52%', '47%', '52%', '100%']  memcached=152.4%
[monitor] ['51%', '53%', '55%', '100%']  memcached=159.3%
[monitor] ['52%', '54%', '57%', '100%']  memcached=163.5%
[monitor] ['68%', '70%', '73%', '100%']  memcached=210.8%
[monitor] ['73%', '70%', '72%', '100%']  memcached=215.0%
[monitor] ['67%', '73%', '74%', '100%']  memcached=213.9%
[monitor] ['62%', '59%', '65%', '100%']  memcached=186.0%
[monitor] ['60%', '62%', '61%', '100%']  memcached=182.4%
[monitor] ['59%', '63%', '63%', '100%']  memcached=184.9%
[monitor] ['65%', '67%', '68%', '100%']  memcached=200.0%
[monitor] ['73%', '73%', '76%', '100%']  memcached=222.3%
[monitor] ['70%', '74%', '74%', '100%']  memcached=218.9%
[monitor] ['68%', '69%', '70%', '100%']  memcached=207.1%
[monitor] ['48%', '48%', '51%', '100%']  memcached=146.2%
[monitor] ['50%', '46%', '55%', '100%']  memcached=150.7%
[monitor] ['48%', '51%', '51%', '100%']  memcached=149.8%
[monitor] ['61%', '62%', '62%', '100%']  memcached=185.5%
[monitor] ['62%', '62%', '65%', '100%']  memcached=189.0%
[monitor] ['66%', '67%', '68%', '100%']  memcached=200.0%
[monitor] ['64%', '65%', '64%', '100%']  memcached=193.1%
[monitor] ['67%', '68%', '69%', '100%']  memcached=203.5%
[monitor] ['67%', '68%', '72%', '100%']  memcached=206.9%
[monitor] ['69%', '70%', '68%', '100%']  memcached=207.9%
[monitor] ['77%', '80%', '83%', '100%']  memcached=240.0%
[monitor] ['78%', '80%', '80%', '100%']  memcached=238.4%
[monitor] ['80%', '77%', '79%', '100%']  memcached=236.6%
[monitor] ['80%', '85%', '88%', '100%']  memcached=252.7%
[monitor] ['81%', '81%', '83%', '100%']  memcached=244.4%
[monitor] ['79%', '83%', '85%', '100%']  memcached=246.5%
[monitor] ['76%', '77%', '81%', '100%']  memcached=234.0%
[monitor] ['77%', '78%', '80%', '100%']  memcached=234.9%
[monitor] ['76%', '75%', '78%', '100%']  memcached=229.1%
[monitor] ['67%', '69%', '72%', '100%']  memcached=207.7%
[monitor] ['55%', '55%', '55%', '100%']  memcached=164.3%
[monitor] ['52%', '54%', '57%', '100%']  memcached=163.3%
[monitor] ['54%', '54%', '55%', '100%']  memcached=162.3%
[monitor] ['74%', '78%', '78%', '100%']  memcached=229.8%
[monitor] ['78%', '80%', '82%', '100%']  memcached=240.2%
[monitor] ['79%', '80%', '81%', '100%']  memcached=239.3%
[monitor] ['51%', '50%', '55%', '100%']  memcached=156.3%
[monitor] ['40%', '36%', '36%', '100%']  memcached=111.4%
[MEMCACHED] cores updated to: ['0', '2']
[barnes] unpaused.
[blackscholes] paused.
[monitor] ['44%', '100%', '47%', '100%']  memcached=91.3%
[monitor] ['50%', '100%', '52%', '100%']  memcached=102.3%
[monitor] ['70%', '100%', '70%', '100%']  memcached=140.3%
[monitor] ['70%', '52%', '72%', '100%']  memcached=142.1%
[monitor] ['69%', '11%', '72%', '100%']  memcached=141.0%
[monitor] ['40%', '50%', '44%', '100%']  memcached=84.9%
[monitor] ['41%', '100%', '45%', '100%']  memcached=85.6%
[monitor] ['43%', '100%', '42%', '80%']  memcached=85.4%
[monitor] ['59%', '100%', '61%', '100%']  memcached=119.5%
[monitor] ['68%', '100%', '71%', '100%']  memcached=138.6%
[monitor] ['70%', '100%', '70%', '100%']  memcached=140.3%
[monitor] ['72%', '100%', '69%', '100%']  memcached=141.0%
[monitor] ['63%', '100%', '62%', '100%']  memcached=125.3%
[monitor] ['65%', '100%', '63%', '100%']  memcached=128.4%
[monitor] ['63%', '100%', '62%', '100%']  memcached=125.3%
[monitor] ['80%', '100%', '70%', '100%']  memcached=150.0%
[monitor] ['80%', '100%', '70%', '100%']  memcached=150.0%
[monitor] ['77%', '100%', '71%', '100%']  memcached=148.2%
[monitor] ['61%', '100%', '59%', '100%']  memcached=119.5%
[monitor] ['52%', '100%', '54%', '100%']  memcached=106.6%
[monitor] ['52%', '100%', '55%', '100%']  memcached=106.9%
[monitor] ['64%', '100%', '60%', '100%']  memcached=124.8%
[monitor] ['79%', '100%', '72%', '100%']  memcached=151.2%
[monitor] ['82%', '100%', '68%', '100%']  memcached=150.8%
[monitor] ['79%', '100%', '74%', '100%']  memcached=153.1%
[monitor] ['97%', '100%', '88%', '100%']  memcached=185.0%
[MEMCACHED] cores updated to: ['0', '1', '2']
[barnes] paused.
[blackscholes] unpaused.
[monitor] ['83%', '81%', '85%', '100%']  memcached=249.2%
[monitor] ['81%', '76%', '82%', '100%']  memcached=239.4%
[monitor] ['49%', '49%', '55%', '100%']  memcached=152.2%
[monitor] ['40%', '42%', '42%', '100%']  memcached=124.0%
[MEMCACHED] cores updated to: ['0', '2']
[barnes] unpaused.
[blackscholes] paused.
[monitor] ['49%', '100%', '50%', '100%']  memcached=98.9%
[monitor] ['56%', '100%', '55%', '100%']  memcached=110.6%
[monitor] ['73%', '100%', '67%', '100%']  memcached=139.6%
[monitor] ['75%', '100%', '68%', '100%']  memcached=143.4%
[monitor] ['73%', '100%', '70%', '100%']  memcached=143.0%
[monitor] ['89%', '100%', '78%', '100%']  memcached=166.3%
[MEMCACHED] cores updated to: ['0', '1', '2']
[barnes] paused.
[blackscholes] unpaused.
[monitor] ['74%', '72%', '75%', '100%']  memcached=220.9%
[monitor] ['70%', '69%', '73%', '100%']  memcached=212.7%
[monitor] ['70%', '70%', '71%', '100%']  memcached=211.6%
[monitor] ['71%', '71%', '71%', '100%']  memcached=213.2%
[monitor] ['70%', '71%', '74%', '100%']  memcached=215.0%
[monitor] ['58%', '60%', '63%', '100%']  memcached=181.3%
[monitor] ['45%', '52%', '49%', '100%']  memcached=146.0%
[monitor] ['49%', '46%', '52%', '100%']  memcached=147.4%
[monitor] ['52%', '51%', '52%', '100%']  memcached=155.9%
[monitor] ['78%', '80%', '80%', '100%']  memcached=237.8%
[monitor] ['76%', '74%', '78%', '100%']  memcached=227.7%
[monitor] ['75%', '76%', '78%', '100%']  memcached=228.5%
[monitor] ['81%', '82%', '83%', '100%']  memcached=245.8%
[monitor] ['82%', '84%', '84%', '100%']  memcached=251.1%
[monitor] ['83%', '79%', '83%', '100%']  memcached=245.6%
[monitor] ['80%', '81%', '85%', '100%']  memcached=246.1%
[monitor] ['78%', '79%', '81%', '100%']  memcached=237.3%
[monitor] ['80%', '79%', '82%', '100%']  memcached=241.1%
[monitor] ['79%', '79%', '81%', '100%']  memcached=239.4%
[monitor] ['76%', '76%', '77%', '100%']  memcached=230.1%
[monitor] ['75%', '75%', '76%', '100%']  memcached=226.5%
[monitor] ['74%', '76%', '76%', '100%']  memcached=225.6%
[monitor] ['73%', '74%', '76%', '100%']  memcached=222.9%
[monitor] ['74%', '71%', '74%', '100%']  memcached=219.0%
[monitor] ['73%', '71%', '76%', '100%']  memcached=220.1%
[monitor] ['63%', '65%', '65%', '100%']  memcached=193.2%
[monitor] ['57%', '57%', '59%', '100%']  memcached=173.5%
[monitor] ['55%', '57%', '59%', '100%']  memcached=170.7%
[monitor] ['56%', '54%', '58%', '100%']  memcached=168.1%
[monitor] ['41%', '45%', '45%', '100%']  memcached=132.4%
[MEMCACHED] cores updated to: ['0', '2']
[barnes] unpaused.
[blackscholes] paused.
[monitor] ['51%', '100%', '55%', '100%']  memcached=106.5%
[monitor] ['50%', '100%', '51%', '100%']  memcached=101.2%
[monitor] ['62%', '100%', '61%', '100%']  memcached=122.5%
[monitor] ['64%', '100%', '66%', '100%']  memcached=130.0%
[monitor] ['64%', '100%', '63%', '100%']  memcached=127.5%
[monitor] ['79%', '100%', '73%', '100%']  memcached=152.4%
[monitor] ['94%', '100%', '85%', '100%']  memcached=178.4%
[MEMCACHED] cores updated to: ['0', '1', '2']
[barnes] paused.
[blackscholes] unpaused.
[monitor] ['75%', '75%', '78%', '100%']  memcached=227.8%
[monitor] ['74%', '73%', '76%', '100%']  memcached=222.3%
[monitor] ['62%', '62%', '67%', '100%']  memcached=191.3%
[monitor] ['60%', '62%', '62%', '100%']  memcached=184.0%
[monitor] ['65%', '66%', '65%', '100%']  memcached=195.5%
[monitor] ['63%', '62%', '65%', '100%']  memcached=190.9%
[monitor] ['63%', '62%', '65%', '100%']  memcached=190.9%
[monitor] ['63%', '65%', '64%', '100%']  memcached=192.3%
[monitor] ['67%', '67%', '67%', '100%']  memcached=200.0%
[monitor] ['68%', '67%', '71%', '100%']  memcached=206.1%
[monitor] ['68%', '67%', '69%', '100%']  memcached=204.3%
[monitor] ['66%', '63%', '65%', '100%']  memcached=194.0%
[monitor] ['48%', '48%', '50%', '100%']  memcached=145.1%
[monitor] ['46%', '49%', '51%', '100%']  memcached=146.3%
[monitor] ['46%', '49%', '49%', '100%']  memcached=144.0%
[monitor] ['62%', '62%', '62%', '100%']  memcached=186.5%
[monitor] ['62%', '62%', '64%', '100%']  memcached=188.1%
[monitor] ['63%', '64%', '63%', '100%']  memcached=190.4%
[monitor] ['53%', '51%', '55%', '100%']  memcached=159.5%
[monitor] ['43%', '43%', '44%', '100%']  memcached=129.9%
[MEMCACHED] cores updated to: ['0', '2']
[barnes] unpaused.
[blackscholes] paused.
[monitor] ['53%', '100%', '52%', '100%']  memcached=105.4%
[monitor] ['56%', '100%', '57%', '100%']  memcached=113.2%
[monitor] ['88%', '100%', '81%', '100%']  memcached=169.0%
[MEMCACHED] cores updated to: ['0', '1', '2']
[barnes] paused.
[blackscholes] unpaused.
[monitor] ['74%', '75%', '76%', '100%']  memcached=224.4%
[monitor] ['73%', '72%', '73%', '100%']  memcached=217.7%
[monitor] ['60%', '63%', '64%', '100%']  memcached=187.7%
[monitor] ['61%', '62%', '62%', '100%']  memcached=184.6%
[monitor] ['62%', '62%', '65%', '100%']  memcached=188.1%
[monitor] ['59%', '61%', '61%', '100%']  memcached=180.9%
[monitor] ['57%', '55%', '57%', '100%']  memcached=169.6%
[monitor] ['59%', '59%', '60%', '100%']  memcached=176.6%
[monitor] ['57%', '61%', '60%', '100%']  memcached=177.7%
[monitor] ['67%', '69%', '69%', '100%']  memcached=205.1%
[monitor] ['66%', '66%', '67%', '100%']  memcached=198.2%
[monitor] ['67%', '66%', '68%', '100%']  memcached=200.9%
[monitor] ['66%', '67%', '68%', '100%']  memcached=200.0%
[monitor] ['66%', '65%', '68%', '100%']  memcached=199.1%
[monitor] ['66%', '66%', '68%', '100%']  memcached=199.1%
[monitor] ['51%', '52%', '55%', '100%']  memcached=158.5%
[monitor] ['44%', '39%', '45%', '100%']  memcached=128.7%
[MEMCACHED] cores updated to: ['0', '2']
[barnes] unpaused.
[blackscholes] paused.
[monitor] ['52%', '100%', '50%', '100%']  memcached=102.2%
[monitor] ['51%', '100%', '54%', '100%']  memcached=105.5%
[monitor] ['52%', '100%', '55%', '100%']  memcached=107.6%
[monitor] ['53%', '100%', '57%', '100%']  memcached=110.0%
[monitor] ['50%', '100%', '54%', '100%']  memcached=104.3%
[monitor] ['88%', '100%', '79%', '100%']  memcached=167.3%
[MEMCACHED] cores updated to: ['0', '1', '2']
[barnes] paused.
[blackscholes] unpaused.
[monitor] ['69%', '70%', '76%', '100%']  memcached=215.2%
[monitor] ['72%', '74%', '74%', '100%']  memcached=219.6%
[monitor] ['55%', '55%', '54%', '100%']  memcached=163.4%
[monitor] ['48%', '47%', '49%', '100%']  memcached=143.0%
[monitor] ['45%', '51%', '52%', '100%']  memcached=148.5%
[monitor] ['50%', '47%', '48%', '100%']  memcached=144.2%
[monitor] ['49%', '47%', '52%', '100%']  memcached=147.5%
[monitor] ['47%', '47%', '49%', '100%']  memcached=141.9%
[monitor] ['46%', '45%', '47%', '100%']  memcached=138.1%
[MEMCACHED] cores updated to: ['0', '2']
[barnes] unpaused.
[blackscholes] paused.
[monitor] ['57%', '100%', '55%', '100%']  memcached=111.1%
[monitor] ['56%', '100%', '57%', '100%']  memcached=112.4%
[monitor] ['52%', '100%', '56%', '100%']  memcached=107.9%
[monitor] ['82%', '100%', '78%', '100%']  memcached=160.2%
[MEMCACHED] cores updated to: ['0', '1', '2']
[barnes] paused.
[blackscholes] unpaused.
[monitor] ['81%', '81%', '85%', '100%']  memcached=247.1%
[monitor] ['82%', '80%', '83%', '100%']  memcached=245.7%
[monitor] ['73%', '75%', '75%', '100%']  memcached=223.0%
[monitor] ['67%', '67%', '68%', '100%']  memcached=201.6%
[monitor] ['66%', '64%', '68%', '100%']  memcached=198.3%
[monitor] ['68%', '66%', '68%', '100%']  memcached=200.8%
[monitor] ['63%', '62%', '64%', '100%']  memcached=190.0%
[monitor] ['62%', '62%', '64%', '100%']  memcached=187.4%
[monitor] ['61%', '61%', '65%', '100%']  memcached=186.1%
[monitor] ['59%', '57%', '61%', '100%']  memcached=177.0%
[monitor] ['55%', '57%', '60%', '100%']  memcached=172.0%
[monitor] ['54%', '51%', '55%', '100%']  memcached=160.2%
[monitor] ['50%', '49%', '50%', '100%']  memcached=148.7%
[monitor] ['42%', '43%', '45%', '100%']  memcached=130.2%
[MEMCACHED] cores updated to: ['0', '2']
[barnes] unpaused.
[blackscholes] paused.
[monitor] ['51%', '100%', '51%', '100%']  memcached=102.2%
[monitor] ['50%', '100%', '53%', '100%']  memcached=103.2%
[monitor] ['43%', '100%', '45%', '100%']  memcached=87.9%
[monitor] ['42%', '100%', '43%', '100%']  memcached=85.4%
[monitor] ['44%', '100%', '44%', '100%']  memcached=88.9%
[monitor] ['76%', '100%', '73%', '100%']  memcached=149.4%
[monitor] ['90%', '100%', '85%', '100%']  memcached=175.2%
[MEMCACHED] cores updated to: ['0', '1', '2']
[barnes] paused.
[blackscholes] unpaused.
[monitor] ['76%', '76%', '78%', '100%']  memcached=229.1%
[monitor] ['60%', '59%', '61%', '100%']  memcached=179.9%
[monitor] ['47%', '43%', '49%', '100%']  memcached=137.8%
[MEMCACHED] cores updated to: ['0', '2']
[barnes] unpaused.
[blackscholes] paused.
[monitor] ['52%', '97%', '54%', '100%']  memcached=106.6%
[monitor] ['56%', '100%', '53%', '100%']  memcached=109.3%
[monitor] ['77%', '100%', '76%', '100%']  memcached=153.5%
[monitor] ['79%', '100%', '75%', '100%']  memcached=153.8%
[monitor] ['78%', '100%', '76%', '100%']  memcached=154.1%
[monitor] ['88%', '100%', '82%', '100%']  memcached=170.6%
[MEMCACHED] cores updated to: ['0', '1', '2']
[barnes] paused.
[blackscholes] unpaused.
[monitor] ['75%', '76%', '76%', '100%']  memcached=227.6%
[monitor] ['77%', '76%', '80%', '100%']  memcached=233.6%
[monitor] ['58%', '56%', '62%', '100%']  memcached=176.2%
[monitor] ['45%', '44%', '48%', '100%']  memcached=137.4%
[MEMCACHED] cores updated to: ['0', '2']
[barnes] unpaused.
[blackscholes] paused.
[monitor] ['50%', '100%', '52%', '100%']  memcached=102.3%
[monitor] ['54%', '100%', '52%', '100%']  memcached=106.5%
[monitor] ['61%', '100%', '62%', '100%']  memcached=122.9%
[monitor] ['62%', '100%', '62%', '100%']  memcached=123.8%
[monitor] ['61%', '100%', '62%', '100%']  memcached=122.9%
[monitor] ['78%', '100%', '74%', '100%']  memcached=152.1%
[monitor] ['81%', '100%', '76%', '100%']  memcached=156.2%
[monitor] ['79%', '100%', '78%', '100%']  memcached=157.8%
[monitor] ['85%', '100%', '76%', '100%']  memcached=161.2%
[MEMCACHED] cores updated to: ['0', '1', '2']
[barnes] paused.
[blackscholes] unpaused.
[monitor] ['68%', '70%', '72%', '100%']  memcached=210.1%
[monitor] ['71%', '71%', '72%', '100%']  memcached=213.9%
[monitor] ['68%', '68%', '70%', '100%']  memcached=205.4%
[monitor] ['55%', '56%', '57%', '100%']  memcached=168.2%
[monitor] ['55%', '58%', '57%', '100%']  memcached=170.6%
[monitor] ['56%', '55%', '60%', '100%']  memcached=171.6%
[monitor] ['72%', '75%', '75%', '100%']  memcached=222.2%
[monitor] ['76%', '76%', '75%', '100%']  memcached=226.4%
[monitor] ['74%', '74%', '76%', '100%']  memcached=224.9%
[monitor] ['65%', '67%', '69%', '100%']  memcached=200.8%
[monitor] ['59%', '60%', '63%', '100%']  memcached=182.4%
[monitor] ['58%', '61%', '63%', '100%']  memcached=181.7%
[monitor] ['61%', '61%', '62%', '100%']  memcached=183.0%
[monitor] ['68%', '68%', '70%', '100%']  memcached=205.9%
[monitor] ['67%', '68%', '70%', '100%']  memcached=204.2%
[monitor] ['68%', '69%', '71%', '100%']  memcached=207.9%
[monitor] ['66%', '66%', '67%', '100%']  memcached=198.2%
[monitor] ['64%', '68%', '70%', '100%']  memcached=201.6%
[monitor] ['67%', '67%', '69%', '100%']  memcached=202.6%
[monitor] ['67%', '68%', '68%', '100%']  memcached=202.6%
[monitor] ['65%', '66%', '68%', '100%']  memcached=199.1%
[monitor] ['66%', '67%', '69%', '100%']  memcached=201.7%
[monitor] ['70%', '72%', '74%', '100%']  memcached=216.2%
[monitor] ['82%', '79%', '83%', '100%']  memcached=244.6%
[monitor] ['80%', '81%', '85%', '100%']  memcached=245.8%
[monitor] ['82%', '80%', '82%', '100%']  memcached=244.2%
[monitor] ['73%', '71%', '74%', '100%']  memcached=217.7%
[monitor] ['73%', '73%', '76%', '100%']  memcached=222.3%
[monitor] ['70%', '69%', '73%', '100%']  memcached=212.7%
[monitor] ['51%', '54%', '56%', '100%']  memcached=160.8%
[monitor] ['40%', '40%', '45%', '100%']  memcached=126.4%
[MEMCACHED] cores updated to: ['0', '2']
[barnes] unpaused.
[blackscholes] paused.
[monitor] ['48%', '100%', '51%', '100%']  memcached=98.8%
[monitor] ['56%', '100%', '57%', '100%']  memcached=113.6%
[monitor] ['88%', '100%', '78%', '100%']  memcached=166.3%
[MEMCACHED] cores updated to: ['0', '1', '2']
[barnes] paused.
[blackscholes] unpaused.
[monitor] ['70%', '71%', '74%', '100%']  memcached=215.0%
[monitor] ['72%', '71%', '74%', '100%']  memcached=217.0%
[monitor] ['64%', '67%', '68%', '100%']  memcached=199.2%
[monitor] ['70%', '67%', '69%', '100%']  memcached=205.9%
[monitor] ['69%', '68%', '69%', '100%']  memcached=206.0%
[monitor] ['60%', '61%', '63%', '100%']  memcached=184.4%
[monitor] ['57%', '54%', '58%', '100%']  memcached=169.3%
[monitor] ['60%', '56%', '59%', '100%']  memcached=174.2%
[monitor] ['57%', '58%', '61%', '100%']  memcached=176.4%
[monitor] ['61%', '62%', '64%', '100%']  memcached=186.2%
[monitor] ['62%', '62%', '66%', '100%']  memcached=189.9%
[monitor] ['65%', '63%', '65%', '100%']  memcached=193.2%
[monitor] ['68%', '69%', '71%', '100%']  memcached=207.9%
[monitor] ['71%', '70%', '72%', '100%']  memcached=213.1%
[monitor] ['68%', '70%', '72%', '100%']  memcached=210.9%
[monitor] ['51%', '50%', '51%', '100%']  memcached=152.4%
[monitor] ['45%', '39%', '45%', '100%']  memcached=129.9%
[MEMCACHED] cores updated to: ['0', '2']
[barnes] unpaused.
[blackscholes] paused.
[monitor] ['49%', '100%', '49%', '100%']  memcached=97.8%
[monitor] ['55%', '100%', '56%', '100%']  memcached=110.4%
[monitor] ['67%', '100%', '68%', '100%']  memcached=134.2%
[monitor] ['68%', '100%', '69%', '100%']  memcached=136.8%
[monitor] ['68%', '100%', '68%', '100%']  memcached=136.8%
[monitor] ['97%', '100%', '86%', '100%']  memcached=182.6%
[MEMCACHED] cores updated to: ['0', '1', '2']
[barnes] paused.
[blackscholes] unpaused.
[monitor] ['76%', '79%', '82%', '100%']  memcached=237.7%
[monitor] ['79%', '77%', '81%', '100%']  memcached=237.6%
[monitor] ['54%', '52%', '55%', '100%']  memcached=161.2%
[monitor] ['48%', '43%', '48%', '100%']  memcached=138.0%
[MEMCACHED] cores updated to: ['0', '2']
[barnes] unpaused.
[blackscholes] paused.
[monitor] ['51%', '84%', '51%', '100%']  memcached=102.3%
[monitor] ['57%', '13%', '58%', '100%']  memcached=115.3%
[monitor] ['66%', '86%', '68%', '100%']  memcached=134.1%
[monitor] ['65%', '100%', '67%', '100%']  memcached=131.5%
[monitor] ['68%', '100%', '70%', '87%']  memcached=137.8%
[monitor] ['94%', '100%', '97%', '100%']  memcached=190.3%
[MEMCACHED] cores updated to: ['0', '1', '2']
[barnes] paused.
[blackscholes] unpaused.
[monitor] ['81%', '83%', '85%', '100%']  memcached=248.7%
[monitor] ['80%', '76%', '83%', '100%']  memcached=239.3%
[monitor] ['80%', '82%', '85%', '100%']  memcached=247.1%
[monitor] ['79%', '78%', '82%', '100%']  memcached=239.5%
[monitor] ['80%', '81%', '83%', '100%']  memcached=243.4%
[monitor] ['75%', '75%', '78%', '100%']  memcached=228.4%
[monitor] ['72%', '73%', '74%', '100%']  memcached=219.5%
[monitor] ['72%', '70%', '76%', '100%']  memcached=217.7%
[monitor] ['68%', '70%', '71%', '100%']  memcached=208.9%
[monitor] ['48%', '48%', '50%', '100%']  memcached=145.2%
[monitor] ['49%', '49%', '52%', '100%']  memcached=149.8%
[monitor] ['48%', '45%', '50%', '100%']  memcached=142.6%
[monitor] ['70%', '72%', '75%', '100%']  memcached=217.5%
[monitor] ['77%', '75%', '78%', '100%']  memcached=230.5%
[monitor] ['76%', '75%', '78%', '100%']  memcached=228.5%
[monitor] ['72%', '71%', '76%', '100%']  memcached=218.9%
[monitor] ['68%', '67%', '70%', '100%']  memcached=205.1%
[monitor] ['67%', '69%', '71%', '100%']  memcached=207.0%
[monitor] ['67%', '65%', '70%', '100%']  memcached=201.7%
[monitor] ['68%', '72%', '71%', '100%']  memcached=211.3%
[monitor] ['67%', '68%', '71%', '100%']  memcached=206.1%
[monitor] ['71%', '65%', '70%', '100%']  memcached=206.2%
[monitor] ['74%', '76%', '78%', '100%']  memcached=228.5%
[monitor] ['75%', '76%', '81%', '100%']  memcached=231.9%
[monitor] ['74%', '74%', '76%', '100%']  memcached=224.3%
[monitor] ['56%', '56%', '57%', '100%']  memcached=169.7%
[monitor] ['38%', '43%', '44%', '100%']  memcached=124.5%
[MEMCACHED] cores updated to: ['0', '2']
[barnes] unpaused.
[blackscholes] paused.
[monitor] ['50%', '100%', '50%', '100%']  memcached=100.0%
[monitor] ['49%', '100%', '51%', '100%']  memcached=100.0%
[monitor] ['55%', '100%', '56%', '100%']  memcached=110.1%
[monitor] ['57%', '100%', '58%', '100%']  memcached=114.6%
[monitor] ['56%', '100%', '56%', '100%']  memcached=111.1%
[monitor] ['64%', '100%', '68%', '100%']  memcached=131.6%
[monitor] ['67%', '100%', '68%', '100%']  memcached=134.2%
[monitor] ['65%', '100%', '67%', '100%']  memcached=131.7%
[monitor] ['61%', '100%', '62%', '100%']  memcached=123.0%
[monitor] ['57%', '100%', '58%', '100%']  memcached=114.6%
[monitor] ['58%', '100%', '58%', '100%']  memcached=116.3%
[monitor] ['59%', '100%', '58%', '100%']  memcached=117.2%
[monitor] ['59%', '100%', '62%', '100%']  memcached=120.4%
[monitor] ['61%', '100%', '63%', '100%']  memcached=123.8%
[monitor] ['62%', '100%', '62%', '100%']  memcached=123.8%
[monitor] ['72%', '100%', '76%', '100%']  memcached=148.1%
[monitor] ['70%', '100%', '76%', '100%']  memcached=145.9%
[monitor] ['71%', '100%', '73%', '100%']  memcached=144.0%
[monitor] ['83%', '100%', '85%', '100%']  memcached=168.2%
[MEMCACHED] cores updated to: ['0', '1', '2']
[barnes] paused.
[blackscholes] unpaused.
[monitor] ['75%', '76%', '81%', '100%']  memcached=231.2%
[monitor] ['77%', '81%', '79%', '100%']  memcached=237.1%
[monitor] ['71%', '69%', '74%', '100%']  memcached=214.9%
[monitor] ['52%', '55%', '60%', '100%']  memcached=166.8%
[monitor] ['59%', '55%', '57%', '100%']  memcached=170.7%
[monitor] ['54%', '55%', '58%', '100%']  memcached=166.8%
[monitor] ['58%', '62%', '62%', '100%']  memcached=182.3%
[monitor] ['63%', '63%', '63%', '100%']  memcached=190.0%
[monitor] ['61%', '62%', '65%', '100%']  memcached=187.1%
[monitor] ['72%', '69%', '72%', '100%']  memcached=213.0%
[monitor] ['76%', '76%', '81%', '100%']  memcached=234.2%
[monitor] ['78%', '79%', '80%', '100%']  memcached=237.2%
[monitor] ['68%', '67%', '70%', '100%']  memcached=205.4%
[monitor] ['48%', '49%', '51%', '100%']  memcached=147.6%
[monitor] ['50%', '50%', '50%', '100%']  memcached=150.0%
[monitor] ['50%', '50%', '51%', '100%']  memcached=151.2%
[monitor] ['55%', '56%', '57%', '100%']  memcached=168.6%
[monitor] ['56%', '56%', '59%', '100%']  memcached=171.0%
[monitor] ['55%', '57%', '56%', '100%']  memcached=168.6%
[monitor] ['50%', '49%', '52%', '100%']  memcached=151.2%
[monitor] ['47%', '45%', '48%', '100%']  memcached=139.5%
[MEMCACHED] cores updated to: ['0', '2']
[barnes] unpaused.
[blackscholes] paused.
[monitor] ['52%', '100%', '53%', '100%']  memcached=105.6%
[monitor] ['62%', '100%', '62%', '100%']  memcached=124.4%
[monitor] ['76%', '100%', '82%', '100%']  memcached=157.6%
[monitor] ['76%', '100%', '83%', '100%']  memcached=159.3%
[monitor] ['74%', '100%', '81%', '100%']  memcached=154.8%
[monitor] ['84%', '100%', '91%', '100%']  memcached=174.7%
[MEMCACHED] cores updated to: ['0', '1', '2']
[barnes] paused.
[blackscholes] unpaused.
[monitor] ['71%', '73%', '74%', '100%']  memcached=217.7%
[monitor] ['73%', '71%', '75%', '100%']  memcached=219.0%
[monitor] ['61%', '59%', '61%', '100%']  memcached=180.5%
[monitor] ['53%', '49%', '54%', '100%']  memcached=155.9%
[monitor] ['52%', '51%', '53%', '100%']  memcached=157.1%
[monitor] ['60%', '60%', '63%', '100%']  memcached=183.4%
[monitor] ['71%', '68%', '72%', '100%']  memcached=211.2%
[monitor] ['70%', '72%', '74%', '100%']  memcached=216.2%
[monitor] ['73%', '70%', '73%', '100%']  memcached=216.2%
[monitor] ['70%', '70%', '74%', '100%']  memcached=214.2%
[monitor] ['69%', '70%', '73%', '100%']  memcached=212.5%
[monitor] ['70%', '70%', '73%', '100%']  memcached=213.5%
[monitor] ['49%', '51%', '53%', '100%']  memcached=153.3%
[monitor] ['38%', '39%', '44%', '100%']  memcached=121.0%
[MEMCACHED] cores updated to: ['0', '2']
[barnes] unpaused.
[blackscholes] paused.
[monitor] ['48%', '100%', '50%', '100%']  memcached=97.8%
[monitor] ['55%', '100%', '55%', '100%']  memcached=109.5%
[monitor] ['68%', '100%', '68%', '100%']  memcached=136.0%
[monitor] ['68%', '100%', '71%', '100%']  memcached=139.5%
[monitor] ['69%', '100%', '72%', '100%']  memcached=141.0%
[monitor] ['85%', '100%', '91%', '100%']  memcached=175.8%
[MEMCACHED] cores updated to: ['0', '1', '2']
[barnes] paused.
[blackscholes] unpaused.
[monitor] ['76%', '73%', '78%', '100%']  memcached=226.4%
[monitor] ['72%', '74%', '77%', '100%']  memcached=223.7%
[monitor] ['78%', '79%', '81%', '100%']  memcached=237.7%
[monitor] ['82%', '82%', '85%', '100%']  memcached=249.6%
[monitor] ['78%', '80%', '86%', '100%']  memcached=244.1%
[monitor] ['72%', '74%', '73%', '100%']  memcached=218.9%
[monitor] ['62%', '62%', '65%', '100%']  memcached=190.0%
[monitor] ['61%', '62%', '62%', '100%']  memcached=184.6%
[monitor] ['66%', '63%', '68%', '100%']  memcached=196.5%
[monitor] ['70%', '71%', '74%', '100%']  memcached=215.0%
[monitor] ['68%', '69%', '68%', '100%']  memcached=206.1%
[monitor] ['71%', '68%', '74%', '100%']  memcached=213.2%
[monitor] ['57%', '56%', '61%', '100%']  memcached=174.9%
[monitor] ['54%', '54%', '55%', '100%']  memcached=162.3%
[monitor] ['56%', '56%', '58%', '100%']  memcached=170.3%
[monitor] ['64%', '66%', '67%', '100%']  memcached=196.3%
[monitor] ['80%', '79%', '83%', '100%']  memcached=242.3%
[monitor] ['81%', '81%', '83%', '100%']  memcached=244.0%
[monitor] ['73%', '73%', '78%', '100%']  memcached=223.7%
[monitor] ['59%', '62%', '62%', '100%']  memcached=183.4%
[monitor] ['59%', '60%', '63%', '100%']  memcached=182.4%
[monitor] ['62%', '61%', '62%', '100%']  memcached=185.0%
[monitor] ['58%', '61%', '62%', '100%']  memcached=181.4%
[monitor] ['60%', '58%', '60%', '100%']  memcached=177.9%
[monitor] ['59%', '60%', '62%', '100%']  memcached=181.5%
[monitor] ['48%', '50%', '53%', '100%']  memcached=151.0%
[monitor] ['40%', '39%', '44%', '100%']  memcached=123.9%
[MEMCACHED] cores updated to: ['0', '2']
[barnes] unpaused.
[blackscholes] paused.
[monitor] ['45%', '100%', '49%', '100%']  memcached=94.4%
[monitor] ['50%', '100%', '54%', '100%']  memcached=104.3%
[monitor] ['70%', '100%', '75%', '100%']  memcached=145.3%
[monitor] ['75%', '100%', '74%', '100%']  memcached=148.7%
[monitor] ['70%', '100%', '72%', '100%']  memcached=142.5%
[monitor] ['66%', '100%', '67%', '100%']  memcached=132.5%
[monitor] ['63%', '100%', '64%', '100%']  memcached=127.7%
[monitor] ['64%', '100%', '67%', '100%']  memcached=130.8%
[monitor] ['54%', '100%', '57%', '100%']  memcached=110.2%
[monitor] ['43%', '100%', '47%', '100%']  memcached=89.8%
[monitor] ['47%', '100%', '48%', '100%']  memcached=94.7%
[monitor] ['46%', '100%', '47%', '100%']  memcached=92.3%
[monitor] ['45%', '100%', '48%', '100%']  memcached=93.4%
[monitor] ['46%', '100%', '47%', '100%']  memcached=92.5%
[monitor] ['44%', '100%', '46%', '100%']  memcached=90.1%
[monitor] ['63%', '100%', '65%', '100%']  memcached=128.4%
[monitor] ['64%', '100%', '66%', '100%']  memcached=130.0%
[monitor] ['68%', '100%', '68%', '100%']  memcached=135.8%
[monitor] ['81%', '100%', '80%', '100%']  memcached=160.6%
[MEMCACHED] cores updated to: ['0', '1', '2']
[barnes] paused.
[blackscholes] unpaused.
[monitor] ['78%', '77%', '83%', '100%']  memcached=238.3%
[monitor] ['78%', '79%', '82%', '100%']  memcached=239.5%
[monitor] ['71%', '72%', '73%', '100%']  memcached=215.8%
[monitor] ['52%', '55%', '57%', '100%']  memcached=164.4%
[monitor] ['55%', '57%', '55%', '100%']  memcached=166.9%
[monitor] ['55%', '52%', '57%', '100%']  memcached=164.4%
[monitor] ['76%', '76%', '78%', '100%']  memcached=231.2%
[monitor] ['77%', '80%', '82%', '100%']  memcached=239.5%
[monitor] ['76%', '76%', '78%', '100%']  memcached=229.8%
[monitor] ['53%', '51%', '57%', '100%']  memcached=161.1%
[monitor] ['43%', '47%', '45%', '100%']  memcached=135.3%
[MEMCACHED] cores updated to: ['0', '2']
[barnes] unpaused.
[blackscholes] paused.
[monitor] ['50%', '100%', '50%', '100%']  memcached=100.0%
[monitor] ['50%', '100%', '52%', '100%']  memcached=102.2%
[monitor] ['50%', '100%', '52%', '100%']  memcached=102.2%
[monitor] ['50%', '100%', '53%', '100%']  memcached=103.3%
[monitor] ['52%', '100%', '51%', '100%']  memcached=103.3%
[monitor] ['60%', '100%', '62%', '100%']  memcached=122.5%
[monitor] ['61%', '100%', '62%', '100%']  memcached=123.0%
[monitor] ['62%', '100%', '62%', '100%']  memcached=124.4%
[monitor] ['70%', '100%', '71%', '100%']  memcached=141.7%
[monitor] ['72%', '100%', '74%', '100%']  memcached=146.5%
[monitor] ['76%', '100%', '77%', '100%']  memcached=153.2%
[monitor] ['68%', '100%', '69%', '100%']  memcached=137.7%
[monitor] ['56%', '100%', '58%', '100%']  memcached=114.2%
[monitor] ['57%', '100%', '59%', '100%']  memcached=116.0%
[monitor] ['58%', '100%', '60%', '100%']  memcached=118.1%
[monitor] ['40%', '100%', '41%', '100%']  memcached=80.4%
[monitor] ['41%', '100%', '41%', '100%']  memcached=82.2%
[monitor] ['43%', '100%', '43%', '100%']  memcached=87.0%
[monitor] ['69%', '100%', '72%', '100%']  memcached=140.8%
[monitor] ['88%', '100%', '94%', '100%']  memcached=182.0%
[MEMCACHED] cores updated to: ['0', '1', '2']
[barnes] paused.
[blackscholes] unpaused.
[monitor] ['79%', '77%', '82%', '100%']  memcached=238.9%
[monitor] ['65%', '66%', '68%', '100%']  memcached=198.2%
[monitor] ['48%', '45%', '51%', '100%']  memcached=144.1%
[monitor] ['49%', '45%', '48%', '100%']  memcached=141.8%
[monitor] ['45%', '45%', '49%', '100%']  memcached=139.3%
[MEMCACHED] cores updated to: ['0', '2']
[barnes] unpaused.
[blackscholes] paused.
[monitor] ['72%', '100%', '71%', '100%']  memcached=142.8%
[monitor] ['68%', '100%', '69%', '100%']  memcached=137.7%
[monitor] ['71%', '100%', '69%', '100%']  memcached=140.3%
[monitor] ['62%', '100%', '64%', '100%']  memcached=126.6%
[monitor] ['59%', '39%', '60%', '100%']  memcached=119.0%
[monitor] ['67%', '49%', '68%', '61%']  memcached=134.2%
[barnes] ended.
[MEMCACHED] cores updated to: ['0', '3']
[blackscholes] unpaused.
[blackscholes] cores updated to: [1, 2]
[monitor] ['61%', '100%', '100%', '63%']  memcached=123.8%
[monitor] ['63%', '53%', '83%', '64%']  memcached=127.5%
[monitor] ['62%', '7%', '100%', '63%']  memcached=125.0%
[monitor] ['60%', '10%', '100%', '64%']  memcached=124.1%
[monitor] ['44%', '7%', '100%', '46%']  memcached=90.1%
[monitor] ['44%', '6%', '100%', '47%']  memcached=91.1%
[monitor] ['44%', '7%', '100%', '45%']  memcached=89.6%
[monitor] ['61%', '14%', '100%', '62%']  memcached=122.1%
[monitor] ['68%', '7%', '100%', '69%']  memcached=137.0%
[monitor] ['68%', '17%', '100%', '70%']  memcached=138.4%
[monitor] ['71%', '20%', '100%', '75%']  memcached=146.1%
[monitor] ['75%', '11%', '100%', '75%']  memcached=150.0%
[monitor] ['74%', '11%', '100%', '78%']  memcached=152.1%
[monitor] ['73%', '14%', '100%', '75%']  memcached=148.0%
[monitor] ['67%', '14%', '100%', '69%']  memcached=135.9%
[monitor] ['68%', '11%', '100%', '68%']  memcached=136.8%
[monitor] ['68%', '14%', '100%', '69%']  memcached=136.7%
[monitor] ['73%', '14%', '100%', '76%']  memcached=148.6%
[monitor] ['73%', '57%', '100%', '73%']  memcached=145.9%
[monitor] ['75%', '44%', '100%', '76%']  memcached=150.7%
[monitor] ['73%', '51%', '88%', '78%']  memcached=150.8%
[blackscholes] ended.
[canneal] starting in background on cores: [1, 2] with 3 threads.
[monitor] ['76%', '100%', '75%', '68%']  memcached=144.1%
[monitor] ['64%', '100%', '83%', '67%']  memcached=130.8%
[monitor] ['65%', '100%', '36%', '95%']  memcached=159.6%
[monitor] ['94%', '100%', '100%', '97%']  memcached=190.4%
[MEMCACHED] cores updated to: ['0', '1', '3']
[monitor] ['88%', '94%', '93%', '93%']  memcached=274.4%
[monitor] ['85%', '91%', '77%', '88%']  memcached=263.7%
[monitor] ['62%', '77%', '70%', '65%']  memcached=204.3%
[monitor] ['57%', '79%', '52%', '59%']  memcached=195.4%
[monitor] ['52%', '51%', '100%', '55%']  memcached=158.8%
[monitor] ['56%', '54%', '100%', '56%']  memcached=166.0%
[monitor] ['55%', '55%', '100%', '57%']  memcached=167.8%
[monitor] ['59%', '59%', '100%', '60%']  memcached=176.6%
[monitor] ['55%', '53%', '100%', '57%']  memcached=165.1%
[monitor] ['59%', '53%', '100%', '57%']  memcached=168.7%
[monitor] ['56%', '59%', '100%', '57%']  memcached=172.1%
[monitor] ['59%', '54%', '100%', '60%']  memcached=172.4%
[monitor] ['56%', '51%', '100%', '52%']  memcached=159.9%
[monitor] ['52%', '51%', '100%', '57%']  memcached=160.4%
[monitor] ['50%', '52%', '100%', '51%']  memcached=153.7%
[monitor] ['62%', '61%', '100%', '62%']  memcached=184.6%
[monitor] ['71%', '70%', '100%', '73%']  memcached=214.3%
[monitor] ['71%', '70%', '100%', '73%']  memcached=214.3%
[monitor] ['68%', '68%', '100%', '72%']  memcached=208.2%
[monitor] ['69%', '68%', '100%', '72%']  memcached=209.4%
[monitor] ['73%', '71%', '100%', '73%']  memcached=217.0%
[monitor] ['71%', '81%', '100%', '78%']  memcached=230.5%
[monitor] ['64%', '65%', '100%', '67%']  memcached=195.8%
[monitor] ['65%', '61%', '100%', '67%']  memcached=192.6%
[monitor] ['65%', '66%', '100%', '65%']  memcached=195.7%
[monitor] ['60%', '57%', '100%', '62%']  memcached=179.3%
[monitor] ['54%', '52%', '100%', '56%']  memcached=162.4%
[monitor] ['54%', '50%', '100%', '56%']  memcached=159.8%
[monitor] ['56%', '50%', '100%', '55%']  memcached=161.1%
[monitor] ['62%', '59%', '100%', '62%']  memcached=183.5%
[monitor] ['61%', '57%', '100%', '61%']  memcached=178.6%
[monitor] ['59%', '58%', '100%', '62%']  memcached=179.9%
[monitor] ['72%', '71%', '100%', '71%']  memcached=213.9%
[monitor] ['71%', '74%', '100%', '76%']  memcached=221.4%
[monitor] ['70%', '72%', '100%', '74%']  memcached=216.2%
[monitor] ['56%', '55%', '100%', '56%']  memcached=167.2%
[monitor] ['42%', '40%', '100%', '43%']  memcached=125.2%
[MEMCACHED] cores updated to: ['0', '3']
[canneal] cores updated to: [1, 2]
[monitor] ['48%', '10%', '100%', '49%']  memcached=96.7%
[monitor] ['51%', '7%', '100%', '55%']  memcached=106.0%
[monitor] ['88%', '66%', '100%', '88%']  memcached=176.1%
[MEMCACHED] cores updated to: ['0', '2', '3']
[canneal] cores updated to: [1]
[monitor] ['71%', '100%', '78%', '78%']  memcached=226.6%
[monitor] ['71%', '100%', '74%', '80%']  memcached=224.3%
[monitor] ['73%', '100%', '81%', '79%']  memcached=232.8%
[monitor] ['74%', '100%', '76%', '81%']  memcached=230.4%
[monitor] ['73%', '100%', '76%', '79%']  memcached=227.4%
[monitor] ['74%', '100%', '80%', '83%']  memcached=237.1%
[monitor] ['83%', '100%', '88%', '91%']  memcached=261.7%
[monitor] ['78%', '100%', '88%', '94%']  memcached=259.0%
[monitor] ['71%', '100%', '75%', '74%']  memcached=219.6%
[monitor] ['46%', '100%', '49%', '52%']  memcached=147.5%
[monitor] ['46%', '100%', '49%', '48%']  memcached=142.7%
[monitor] ['45%', '100%', '49%', '48%']  memcached=141.6%
[monitor] ['51%', '100%', '53%', '54%']  memcached=158.4%
[monitor] ['50%', '100%', '50%', '54%']  memcached=153.8%
[monitor] ['52%', '100%', '53%', '54%']  memcached=159.5%
[monitor] ['44%', '100%', '49%', '50%']  memcached=142.7%
[monitor] ['43%', '100%', '45%', '45%']  memcached=133.5%
[MEMCACHED] cores updated to: ['0', '3']
[canneal] cores updated to: [1, 2]
[monitor] ['49%', '100%', '10%', '46%']  memcached=95.2%
[monitor] ['48%', '100%', '7%', '45%']  memcached=93.0%
[monitor] ['49%', '100%', '6%', '43%']  memcached=91.8%
[monitor] ['46%', '100%', '3%', '41%']  memcached=87.1%
[monitor] ['45%', '100%', '3%', '40%']  memcached=85.9%
[monitor] ['83%', '100%', '28%', '82%']  memcached=165.2%
[MEMCACHED] cores updated to: ['0', '1', '3']
[canneal] cores updated to: [2]
[monitor] ['71%', '70%', '100%', '77%']  memcached=218.2%
[monitor] ['73%', '71%', '100%', '71%']  memcached=215.5%
[monitor] ['52%', '50%', '100%', '56%']  memcached=158.3%
[monitor] ['47%', '43%', '100%', '47%']  memcached=135.5%
[MEMCACHED] cores updated to: ['0', '3']
[canneal] cores updated to: [1, 2]
[monitor] ['49%', '3%', '100%', '49%']  memcached=97.6%
[monitor] ['59%', '14%', '100%', '60%']  memcached=119.4%
[monitor] ['82%', '18%', '100%', '82%']  memcached=163.6%
[MEMCACHED] cores updated to: ['0', '2', '3']
[canneal] cores updated to: [1]
[monitor] ['68%', '100%', '69%', '71%']  memcached=208.7%
[monitor] ['68%', '100%', '71%', '72%']  memcached=211.7%
[monitor] ['70%', '100%', '71%', '74%']  memcached=215.6%
[monitor] ['66%', '100%', '70%', '71%']  memcached=206.8%
[monitor] ['66%', '100%', '69%', '73%']  memcached=208.0%
[monitor] ['70%', '100%', '73%', '78%']  memcached=221.0%
[monitor] ['76%', '100%', '78%', '80%']  memcached=234.7%
[monitor] ['76%', '100%', '76%', '81%']  memcached=231.9%
[monitor] ['68%', '100%', '73%', '75%']  memcached=215.5%
[monitor] ['62%', '100%', '64%', '66%']  memcached=192.4%
[monitor] ['62%', '100%', '62%', '66%']  memcached=188.9%
[monitor] ['63%', '100%', '66%', '68%']  memcached=196.8%
[monitor] ['74%', '100%', '76%', '80%']  memcached=230.0%
[monitor] ['73%', '100%', '76%', '79%']  memcached=228.7%
[monitor] ['73%', '100%', '76%', '79%']  memcached=228.1%
[monitor] ['71%', '100%', '74%', '74%']  memcached=218.4%
[monitor] ['68%', '100%', '68%', '74%']  memcached=211.1%
[monitor] ['68%', '100%', '71%', '74%']  memcached=213.2%
[monitor] ['61%', '100%', '63%', '64%']  memcached=188.5%
[monitor] ['51%', '100%', '55%', '55%']  memcached=160.8%
[monitor] ['51%', '100%', '57%', '54%']  memcached=161.7%
[monitor] ['51%', '100%', '50%', '55%']  memcached=156.2%
[monitor] ['46%', '100%', '50%', '51%']  memcached=147.4%
[monitor] ['50%', '100%', '51%', '51%']  memcached=152.4%
[monitor] ['48%', '100%', '51%', '49%']  memcached=147.4%
[monitor] ['70%', '100%', '71%', '78%']  memcached=219.1%
[monitor] ['79%', '100%', '82%', '91%']  memcached=252.4%
[monitor] ['79%', '100%', '82%', '85%']  memcached=246.1%
[monitor] ['73%', '100%', '78%', '83%']  memcached=233.6%
[monitor] ['67%', '100%', '68%', '70%']  memcached=205.4%
[monitor] ['66%', '100%', '67%', '73%']  memcached=205.4%
[monitor] ['67%', '100%', '68%', '71%']  memcached=205.2%
[monitor] ['54%', '100%', '60%', '60%']  memcached=174.1%
[monitor] ['52%', '100%', '56%', '57%']  memcached=165.8%
[monitor] ['56%', '100%', '56%', '60%']  memcached=171.2%
[monitor] ['66%', '100%', '72%', '74%']  memcached=211.3%
[monitor] ['73%', '100%', '73%', '79%']  memcached=225.4%
[monitor] ['73%', '100%', '74%', '77%']  memcached=224.5%
[monitor] ['65%', '100%', '67%', '72%']  memcached=203.5%
[monitor] ['60%', '100%', '62%', '63%']  memcached=185.3%
[monitor] ['59%', '100%', '62%', '66%']  memcached=186.8%
[monitor] ['62%', '100%', '62%', '64%']  memcached=187.5%
[monitor] ['76%', '100%', '81%', '83%']  memcached=239.1%
[monitor] ['77%', '100%', '80%', '84%']  memcached=241.5%
[monitor] ['74%', '100%', '77%', '81%']  memcached=232.0%
[monitor] ['69%', '100%', '70%', '75%']  memcached=214.5%
[monitor] ['68%', '100%', '72%', '75%']  memcached=215.2%
[monitor] ['71%', '100%', '74%', '74%']  memcached=219.0%
[monitor] ['54%', '100%', '55%', '57%']  memcached=166.3%
[monitor] ['37%', '100%', '40%', '39%']  memcached=116.1%
[MEMCACHED] cores updated to: ['0', '3']
[canneal] cores updated to: [1, 2]
[monitor] ['44%', '100%', '9%', '45%']  memcached=89.6%
[monitor] ['48%', '100%', '7%', '48%']  memcached=95.2%
[monitor] ['88%', '100%', '19%', '91%']  memcached=178.8%
[MEMCACHED] cores updated to: ['0', '1', '3']
[canneal] cores updated to: [2]
[monitor] ['73%', '74%', '100%', '71%']  memcached=218.1%
[monitor] ['72%', '71%', '100%', '76%']  memcached=219.2%
[monitor] ['55%', '57%', '100%', '60%']  memcached=172.3%
[monitor] ['55%', '52%', '100%', '54%']  memcached=160.9%
[monitor] ['55%', '55%', '100%', '55%']  memcached=164.5%
[monitor] ['59%', '56%', '100%', '60%']  memcached=174.5%
[monitor] ['63%', '62%', '100%', '64%']  memcached=188.8%
[monitor] ['60%', '62%', '100%', '62%']  memcached=183.1%
[monitor] ['64%', '59%', '100%', '64%']  memcached=187.2%
[monitor] ['59%', '57%', '100%', '61%']  memcached=177.0%
[monitor] ['57%', '56%', '100%', '59%']  memcached=171.8%
[monitor] ['57%', '55%', '100%', '56%']  memcached=169.2%
[monitor] ['48%', '45%', '100%', '50%']  memcached=142.9%
[monitor] ['44%', '43%', '100%', '43%']  memcached=129.9%
[MEMCACHED] cores updated to: ['0', '3']
[canneal] cores updated to: [1, 2]
[monitor] ['50%', '87%', '90%', '54%']  memcached=104.3%
[monitor] ['66%', '80%', '90%', '66%']  memcached=131.6%
[monitor] ['90%', '86%', '90%', '78%']  memcached=168.7%
[MEMCACHED] cores updated to: ['0', '2', '3']
[canneal] cores updated to: [1]
[monitor] ['71%', '100%', '74%', '76%']  memcached=220.4%
[monitor] ['69%', '100%', '71%', '74%']  memcached=213.9%
[monitor] ['65%', '100%', '69%', '72%']  memcached=206.5%
[monitor] ['68%', '100%', '68%', '71%']  memcached=207.9%
[monitor] ['67%', '100%', '70%', '74%']  memcached=210.6%
[monitor] ['67%', '100%', '68%', '69%']  memcached=203.4%
[monitor] ['66%', '100%', '68%', '72%']  memcached=206.0%
[monitor] ['66%', '100%', '68%', '69%']  memcached=202.7%
[monitor] ['49%', '100%', '49%', '50%']  memcached=147.5%
[monitor] ['33%', '100%', '37%', '37%']  memcached=107.8%
[MEMCACHED] cores updated to: ['0', '3']
[canneal] cores updated to: [1, 2]
[monitor] ['44%', '84%', '87%', '48%']  memcached=92.4%
[monitor] ['44%', '90%', '87%', '47%']  memcached=90.7%
[monitor] ['67%', '86%', '87%', '69%']  memcached=135.9%
[monitor] ['63%', '93%', '97%', '65%']  memcached=128.2%
[monitor] ['64%', '87%', '93%', '68%']  memcached=131.6%
[monitor] ['62%', '84%', '90%', '63%']  memcached=125.3%
[monitor] ['62%', '97%', '83%', '63%']  memcached=125.9%
[monitor] ['63%', '90%', '90%', '64%']  memcached=127.7%
[monitor] ['76%', '84%', '100%', '76%']  memcached=151.4%
[monitor] ['94%', '97%', '91%', '78%']  memcached=171.9%
[MEMCACHED] cores updated to: ['0', '1', '3']
[canneal] cores updated to: [2]
[monitor] ['72%', '71%', '100%', '75%']  memcached=217.8%
[monitor] ['68%', '69%', '100%', '71%']  memcached=208.7%
[monitor] ['53%', '55%', '100%', '58%']  memcached=165.8%
[monitor] ['52%', '52%', '100%', '56%']  memcached=161.1%
[monitor] ['52%', '51%', '100%', '52%']  memcached=156.2%
[monitor] ['61%', '58%', '100%', '62%']  memcached=180.9%
[monitor] ['61%', '62%', '100%', '63%']  memcached=186.2%
[monitor] ['62%', '61%', '100%', '65%']  memcached=187.4%
[monitor] ['51%', '49%', '100%', '52%']  memcached=152.3%
[monitor] ['43%', '42%', '100%', '43%']  memcached=127.9%
[MEMCACHED] cores updated to: ['0', '3']
[canneal] cores updated to: [1, 2]
[monitor] ['49%', '90%', '84%', '50%']  memcached=98.9%
[monitor] ['55%', '80%', '94%', '54%']  memcached=108.4%
[monitor] ['68%', '94%', '97%', '64%']  memcached=131.6%
[monitor] ['67%', '90%', '93%', '64%']  memcached=131.0%
[monitor] ['62%', '83%', '94%', '64%']  memcached=125.6%
[monitor] ['57%', '90%', '97%', '56%']  memcached=112.6%
[monitor] ['55%', '84%', '87%', '57%']  memcached=111.4%
[monitor] ['54%', '80%', '97%', '60%']  memcached=113.2%
[monitor] ['74%', '94%', '90%', '69%']  memcached=143.5%
[monitor] ['91%', '93%', '87%', '78%']  memcached=168.4%
[MEMCACHED] cores updated to: ['0', '2', '3']
[canneal] cores updated to: [1]
[monitor] ['71%', '100%', '74%', '75%']  memcached=219.7%
[monitor] ['76%', '100%', '76%', '80%']  memcached=231.4%
[monitor] ['81%', '100%', '79%', '88%']  memcached=247.5%
[monitor] ['78%', '100%', '83%', '85%']  memcached=245.5%
[monitor] ['76%', '100%', '78%', '83%']  memcached=236.3%
[monitor] ['74%', '100%', '78%', '79%']  memcached=231.5%
[monitor] ['74%', '100%', '76%', '81%']  memcached=229.9%
[monitor] ['74%', '100%', '77%', '82%']  memcached=233.8%
[monitor] ['50%', '100%', '52%', '50%']  memcached=152.4%
[monitor] ['37%', '100%', '42%', '39%']  memcached=117.8%
[MEMCACHED] cores updated to: ['0', '3']
[canneal] cores updated to: [1, 2]
[monitor] ['47%', '80%', '97%', '48%']  memcached=94.5%
[monitor] ['52%', '87%', '90%', '53%']  memcached=105.9%
[monitor] ['71%', '84%', '100%', '73%']  memcached=144.0%
[monitor] ['68%', '90%', '97%', '75%']  memcached=143.4%
[monitor] ['74%', '87%', '97%', '71%']  memcached=144.7%
[monitor] ['68%', '90%', '97%', '70%']  memcached=137.5%
[monitor] ['68%', '90%', '91%', '68%']  memcached=136.7%
[monitor] ['66%', '83%', '100%', '67%']  memcached=132.5%
[monitor] ['55%', '84%', '94%', '58%']  memcached=112.9%
[monitor] ['51%', '83%', '100%', '51%']  memcached=102.3%
[monitor] ['51%', '75%', '94%', '55%']  memcached=105.7%
[monitor] ['51%', '87%', '90%', '51%']  memcached=102.3%
[monitor] ['48%', '84%', '93%', '50%']  memcached=97.8%
[monitor] ['48%', '80%', '90%', '50%']  memcached=97.7%
[monitor] ['48%', '83%', '87%', '48%']  memcached=95.6%
[monitor] ['56%', '80%', '97%', '57%']  memcached=112.6%
[monitor] ['52%', '72%', '97%', '57%']  memcached=109.2%
[monitor] ['57%', '90%', '87%', '57%']  memcached=114.0%
[monitor] ['50%', '81%', '97%', '52%']  memcached=102.3%
[monitor] ['50%', '75%', '97%', '51%']  memcached=101.1%
[monitor] ['48%', '83%', '84%', '51%']  memcached=98.8%
[monitor] ['61%', '93%', '90%', '62%']  memcached=122.5%
[monitor] ['88%', '90%', '97%', '85%']  memcached=172.3%
[MEMCACHED] cores updated to: ['0', '1', '3']
[canneal] cores updated to: [2]
[monitor] ['72%', '73%', '100%', '76%']  memcached=220.9%
[monitor] ['73%', '73%', '100%', '73%']  memcached=218.9%
[monitor] ['81%', '80%', '100%', '85%']  memcached=245.8%
[monitor] ['82%', '82%', '100%', '85%']  memcached=249.0%
[monitor] ['79%', '82%', '100%', '85%']  memcached=246.5%
[monitor] ['49%', '46%', '100%', '49%']  memcached=143.9%
[monitor] ['37%', '38%', '100%', '40%']  memcached=115.8%
[MEMCACHED] cores updated to: ['0', '3']
[canneal] cores updated to: [1, 2]
[monitor] ['43%', '81%', '87%', '48%']  memcached=91.2%
[monitor] ['52%', '83%', '93%', '51%']  memcached=103.5%
[monitor] ['61%', '83%', '94%', '64%']  memcached=125.3%
[monitor] ['63%', '86%', '90%', '65%']  memcached=128.4%
[monitor] ['63%', '90%', '94%', '64%']  memcached=127.7%
[monitor] ['68%', '97%', '77%', '68%']  memcached=136.8%
[monitor] ['66%', '90%', '94%', '68%']  memcached=133.4%
[monitor] ['68%', '90%', '93%', '66%']  memcached=133.3%
[monitor] ['79%', '90%', '97%', '81%']  memcached=159.3%
[monitor] ['81%', '83%', '97%', '88%']  memcached=168.6%
[MEMCACHED] cores updated to: ['0', '2', '3']
[canneal] cores updated to: [1]
[monitor] ['69%', '100%', '72%', '74%']  memcached=215.4%
[monitor] ['57%', '100%', '57%', '60%']  memcached=175.0%
[monitor] ['43%', '100%', '48%', '47%']  memcached=137.3%
[MEMCACHED] cores updated to: ['0', '3']
[canneal] cores updated to: [1, 2]
[monitor] ['50%', '88%', '87%', '54%']  memcached=104.3%
[monitor] ['54%', '97%', '84%', '52%']  memcached=106.0%
[monitor] ['85%', '77%', '100%', '97%']  memcached=181.5%
[MEMCACHED] cores updated to: ['0', '1', '3']
[canneal] cores updated to: [2]
[monitor] ['78%', '78%', '100%', '83%']  memcached=239.5%
[monitor] ['82%', '82%', '100%', '82%']  memcached=247.1%
[monitor] ['56%', '56%', '100%', '61%']  memcached=173.5%
[monitor] ['52%', '55%', '100%', '56%']  memcached=162.9%
[monitor] ['55%', '54%', '100%', '54%']  memcached=162.1%
[monitor] ['66%', '68%', '100%', '70%']  memcached=204.5%
[monitor] ['80%', '82%', '100%', '85%']  memcached=246.7%
[monitor] ['80%', '79%', '100%', '85%']  memcached=244.7%
[monitor] ['72%', '72%', '100%', '75%']  memcached=219.4%
[monitor] ['47%', '45%', '100%', '48%']  memcached=139.4%
[MEMCACHED] cores updated to: ['0', '3']
[canneal] cores updated to: [1, 2]
[monitor] ['51%', '83%', '88%', '55%']  memcached=105.7%
[monitor] ['51%', '77%', '93%', '55%']  memcached=105.7%
[monitor] ['74%', '93%', '94%', '74%']  memcached=148.0%
[monitor] ['75%', '84%', '100%', '79%']  memcached=153.9%
[monitor] ['80%', '86%', '93%', '76%']  memcached=155.7%
[monitor] ['82%', '83%', '97%', '88%']  memcached=169.9%
[MEMCACHED] cores updated to: ['0', '2', '3']
[canneal] cores updated to: [1]
[monitor] ['78%', '100%', '81%', '86%']  memcached=244.6%
[monitor] ['76%', '100%', '78%', '79%']  memcached=233.5%
[monitor] ['75%', '100%', '80%', '83%']  memcached=237.9%
[monitor] ['78%', '100%', '81%', '83%']  memcached=241.8%
[monitor] ['80%', '100%', '83%', '85%']  memcached=248.6%
[monitor] ['78%', '100%', '80%', '85%']  memcached=242.6%
[monitor] ['59%', '100%', '62%', '65%']  memcached=186.5%
[monitor] ['57%', '100%', '60%', '61%']  memcached=178.5%
[monitor] ['56%', '100%', '59%', '62%']  memcached=176.5%
[monitor] ['70%', '100%', '72%', '72%']  memcached=214.3%
[monitor] ['78%', '100%', '79%', '83%']  memcached=240.0%
[monitor] ['77%', '100%', '82%', '88%']  memcached=247.0%
[monitor] ['76%', '100%', '76%', '78%']  memcached=229.1%
[monitor] ['59%', '100%', '64%', '62%']  memcached=184.8%
[monitor] ['62%', '100%', '62%', '68%']  memcached=191.5%
[monitor] ['59%', '100%', '63%', '66%']  memcached=188.2%
[monitor] ['42%', '100%', '40%', '44%']  memcached=126.5%
[MEMCACHED] cores updated to: ['0', '3']
[canneal] cores updated to: [1, 2]
[monitor] ['48%', '74%', '97%', '47%']  memcached=94.7%
[monitor] ['43%', '81%', '93%', '50%']  memcached=93.2%
[monitor] ['57%', '81%', '97%', '59%']  memcached=116.0%
[monitor] ['66%', '86%', '97%', '69%']  memcached=135.0%
[monitor] ['68%', '90%', '97%', '72%']  memcached=139.3%
[monitor] ['64%', '90%', '93%', '64%']  memcached=127.8%
[monitor] ['60%', '87%', '97%', '61%']  memcached=120.5%
[monitor] ['61%', '77%', '100%', '63%']  memcached=123.8%
[monitor] ['60%', '84%', '93%', '62%']  memcached=121.1%
[monitor] ['88%', '84%', '97%', '77%']  memcached=164.6%
[MEMCACHED] cores updated to: ['0', '1', '3']
[canneal] cores updated to: [2]
[monitor] ['74%', '73%', '100%', '75%']  memcached=221.7%
[monitor] ['72%', '73%', '100%', '75%']  memcached=219.8%
[monitor] ['55%', '54%', '100%', '59%']  memcached=167.6%
[monitor] ['47%', '43%', '100%', '49%']  memcached=137.8%
[MEMCACHED] cores updated to: ['0', '3']
[canneal] cores updated to: [1, 2]
[monitor] ['52%', '97%', '81%', '55%']  memcached=106.8%
[monitor] ['60%', '93%', '87%', '60%']  memcached=119.5%
[monitor] ['80%', '94%', '87%', '72%']  memcached=151.8%
[monitor] ['78%', '93%', '94%', '71%']  memcached=148.8%
[monitor] ['75%', '81%', '100%', '77%']  memcached=152.1%
[monitor] ['52%', '73%', '90%', '56%']  memcached=107.9%
[monitor] ['55%', '87%', '90%', '55%']  memcached=109.1%
[monitor] ['51%', '73%', '93%', '55%']  memcached=105.9%
[monitor] ['63%', '87%', '94%', '61%']  memcached=124.4%
[monitor] ['71%', '86%', '100%', '70%']  memcached=141.1%
[monitor] ['65%', '80%', '97%', '67%']  memcached=131.7%
[monitor] ['67%', '94%', '94%', '67%']  memcached=133.3%
[monitor] ['61%', '77%', '93%', '64%']  memcached=125.3%
[monitor] ['61%', '84%', '97%', '62%']  memcached=123.5%
[monitor] ['60%', '90%', '97%', '62%']  memcached=121.4%
[monitor] ['83%', '79%', '97%', '75%']  memcached=157.9%
[monitor] ['87%', '97%', '87%', '74%']  memcached=160.8%
[MEMCACHED] cores updated to: ['0', '2', '3']
[canneal] cores updated to: [1]
[monitor] ['67%', '100%', '72%', '72%']  memcached=211.4%
[monitor] ['48%', '100%', '49%', '49%']  memcached=145.1%
[monitor] ['40%', '100%', '40%', '39%']  memcached=120.0%
[MEMCACHED] cores updated to: ['0', '3']
[canneal] cores updated to: [1, 2]
[monitor] ['45%', '84%', '90%', '50%']  memcached=95.5%
[monitor] ['54%', '93%', '93%', '58%']  memcached=111.8%
[monitor] ['85%', '94%', '85%', '77%']  memcached=162.0%
[MEMCACHED] cores updated to: ['0', '1', '3']
[canneal] cores updated to: [2]
[monitor] ['72%', '68%', '100%', '73%']  memcached=212.3%
[monitor] ['70%', '70%', '100%', '74%']  memcached=214.2%
[monitor] ['68%', '68%', '100%', '69%']  memcached=206.3%
[monitor] ['68%', '70%', '100%', '72%']  memcached=210.5%
[monitor] ['71%', '66%', '100%', '73%']  memcached=209.7%
[monitor] ['73%', '75%', '100%', '76%']  memcached=223.6%
[monitor] ['76%', '75%', '100%', '78%']  memcached=229.7%
[monitor] ['76%', '77%', '100%', '81%']  memcached=233.4%
[monitor] ['68%', '68%', '100%', '71%']  memcached=207.0%
[monitor] ['49%', '49%', '100%', '55%']  memcached=152.3%
[monitor] ['52%', '47%', '100%', '52%']  memcached=152.2%
[monitor] ['50%', '51%', '100%', '55%']  memcached=156.0%
[monitor] ['46%', '48%', '100%', '45%']  memcached=138.7%
[MEMCACHED] cores updated to: ['0', '3']
[canneal] cores updated to: [1, 2]
[monitor] ['57%', '93%', '86%', '55%']  memcached=111.7%
[monitor] ['52%', '76%', '93%', '57%']  memcached=109.2%
[monitor] ['56%', '80%', '94%', '61%']  memcached=117.4%
[monitor] ['60%', '69%', '97%', '62%']  memcached=121.5%
[monitor] ['59%', '83%', '97%', '64%']  memcached=123.3%
[monitor] ['73%', '94%', '94%', '69%']  memcached=142.2%
[monitor] ['88%', '97%', '87%', '80%']  memcached=167.5%
[MEMCACHED] cores updated to: ['0', '2', '3']
[canneal] cores updated to: [1]
[monitor] ['67%', '100%', '69%', '74%']  memcached=209.6%
[monitor] ['66%', '100%', '68%', '70%']  memcached=203.6%
[monitor] ['56%', '100%', '56%', '57%']  memcached=169.7%
[monitor] ['57%', '100%', '59%', '59%']  memcached=174.6%
[monitor] ['56%', '100%', '58%', '58%']  memcached=172.4%
[monitor] ['50%', '100%', '52%', '51%']  memcached=153.5%
[monitor] ['49%', '100%', '50%', '51%']  memcached=150.0%
[monitor] ['48%', '100%', '53%', '50%']  memcached=150.8%
[monitor] ['46%', '100%', '51%', '56%']  memcached=153.2%
[monitor] ['54%', '100%', '55%', '54%']  memcached=162.1%
[monitor] ['52%', '100%', '52%', '51%']  memcached=156.2%
[monitor] ['56%', '100%', '56%', '57%']  memcached=169.4%
[monitor] ['79%', '100%', '85%', '88%']  memcached=251.5%
[monitor] ['83%', '100%', '86%', '88%']  memcached=256.5%
[monitor] ['81%', '100%', '80%', '85%']  memcached=245.4%
[monitor] ['66%', '100%', '68%', '71%']  memcached=204.3%
[monitor] ['65%', '100%', '66%', '67%']  memcached=197.5%
[monitor] ['63%', '100%', '65%', '68%']  memcached=195.7%
[monitor] ['51%', '100%', '54%', '54%']  memcached=158.5%
[monitor] ['37%', '100%', '40%', '36%']  memcached=112.0%
[MEMCACHED] cores updated to: ['0', '3']
[canneal] cores updated to: [1, 2]
[monitor] ['46%', '79%', '94%', '45%']  memcached=91.1%
[monitor] ['40%', '78%', '90%', '44%']  memcached=84.9%
[monitor] ['37%', '86%', '93%', '43%']  memcached=79.8%
[monitor] ['42%', '77%', '93%', '46%']  memcached=87.5%
[monitor] ['41%', '79%', '90%', '40%']  memcached=81.4%
[monitor] ['76%', '91%', '88%', '74%']  memcached=150.2%
[monitor] ['91%', '96%', '93%', '79%']  memcached=170.6%
[MEMCACHED] cores updated to: ['0', '1', '3']
[canneal] cores updated to: [2]
[monitor] ['70%', '73%', '100%', '76%']  memcached=219.6%
[monitor] ['68%', '70%', '100%', '71%']  memcached=208.6%
[monitor] ['68%', '68%', '100%', '71%']  memcached=207.9%
[monitor] ['69%', '68%', '100%', '71%']  memcached=207.9%
[monitor] ['65%', '63%', '100%', '68%']  memcached=196.3%
[monitor] ['56%', '54%', '100%', '55%']  memcached=164.5%
[monitor] ['51%', '51%', '100%', '54%']  memcached=156.4%
[monitor] ['52%', '51%', '100%', '55%']  memcached=158.7%
[monitor] ['50%', '45%', '100%', '49%']  memcached=143.8%
[monitor] ['46%', '49%', '100%', '51%']  memcached=146.3%
[monitor] ['45%', '42%', '100%', '45%']  memcached=131.8%
[MEMCACHED] cores updated to: ['0', '3']
[canneal] cores updated to: [1, 2]
[monitor] ['69%', '93%', '94%', '70%']  memcached=139.7%
[monitor] ['89%', '90%', '96%', '91%']  memcached=179.2%
[MEMCACHED] cores updated to: ['0', '2', '3']
[canneal] cores updated to: [1]
[monitor] ['75%', '100%', '79%', '80%']  memcached=233.9%
[monitor] ['73%', '100%', '73%', '78%']  memcached=223.7%
[monitor] ['67%', '100%', '68%', '67%']  memcached=200.8%
[monitor] ['64%', '100%', '66%', '68%']  memcached=198.3%
[monitor] ['65%', '100%', '65%', '66%']  memcached=195.8%
[monitor] ['44%', '100%', '49%', '48%']  memcached=140.4%
[monitor] ['41%', '100%', '45%', '47%']  memcached=133.6%
[MEMCACHED] cores updated to: ['0', '3']
[canneal] cores updated to: [1, 2]
[monitor] ['49%', '87%', '90%', '51%']  memcached=99.9%
[monitor] ['60%', '83%', '94%', '60%']  memcached=120.0%
[monitor] ['73%', '83%', '94%', '70%']  memcached=143.0%
[monitor] ['70%', '90%', '97%', '68%']  memcached=137.8%
[monitor] ['69%', '86%', '97%', '74%']  memcached=143.5%
[monitor] ['88%', '93%', '94%', '82%']  memcached=170.2%
[MEMCACHED] cores updated to: ['0', '1', '3']
[canneal] cores updated to: [2]
[monitor] ['70%', '69%', '100%', '74%']  memcached=213.4%
[monitor] ['69%', '67%', '100%', '73%']  memcached=208.2%
[monitor] ['38%', '41%', '100%', '45%']  memcached=124.7%
[MEMCACHED] cores updated to: ['0', '3']
[canneal] cores updated to: [1, 2]
[monitor] ['44%', '81%', '90%', '48%']  memcached=91.6%
[monitor] ['48%', '87%', '83%', '47%']  memcached=94.2%
[monitor] ['68%', '94%', '91%', '68%']  memcached=136.0%
[monitor] ['88%', '93%', '93%', '90%']  memcached=178.2%
[MEMCACHED] cores updated to: ['0', '2', '3']
[canneal] cores updated to: [1]
[monitor] ['72%', '100%', '73%', '77%']  memcached=222.3%
[monitor] ['73%', '100%', '76%', '77%']  memcached=225.8%
[monitor] ['77%', '100%', '83%', '82%']  memcached=242.4%
[monitor] ['81%', '100%', '82%', '88%']  memcached=251.1%
[monitor] ['78%', '100%', '81%', '82%']  memcached=240.7%
[monitor] ['70%', '100%', '73%', '78%']  memcached=221.0%
[monitor] ['73%', '100%', '76%', '75%']  memcached=223.6%
[monitor] ['71%', '100%', '74%', '78%']  memcached=223.1%
[monitor] ['74%', '100%', '77%', '79%']  memcached=230.2%
[monitor] ['75%', '100%', '78%', '83%']  memcached=235.6%
[monitor] ['76%', '100%', '79%', '80%']  memcached=235.3%
[monitor] ['76%', '100%', '78%', '80%']  memcached=233.5%
[monitor] ['74%', '100%', '80%', '82%']  memcached=236.6%
[monitor] ['76%', '100%', '78%', '83%']  memcached=236.9%
[monitor] ['80%', '100%', '82%', '87%']  memcached=249.4%
[monitor] ['72%', '100%', '76%', '78%']  memcached=225.2%
[monitor] ['74%', '100%', '76%', '79%']  memcached=230.1%
[monitor] ['68%', '100%', '72%', '76%']  memcached=215.5%
[monitor] ['70%', '100%', '74%', '75%']  memcached=219.0%
[monitor] ['70%', '100%', '73%', '78%']  memcached=221.0%
[monitor] ['69%', '100%', '71%', '74%']  memcached=214.0%
[monitor] ['61%', '100%', '65%', '64%']  memcached=189.4%
[monitor] ['45%', '100%', '47%', '44%']  memcached=136.0%
[MEMCACHED] cores updated to: ['0', '3']
[canneal] cores updated to: [1, 2]
[monitor] ['50%', '65%', '100%', '52%']  memcached=102.3%
[monitor] ['48%', '76%', '90%', '48%']  memcached=95.2%
[monitor] ['62%', '77%', '97%', '66%']  memcached=127.8%
[monitor] ['64%', '87%', '84%', '64%']  memcached=128.4%
[monitor] ['61%', '83%', '93%', '64%']  memcached=125.1%
[monitor] ['68%', '90%', '87%', '68%']  memcached=135.0%
[monitor] ['69%', '81%', '97%', '68%']  memcached=136.7%
[monitor] ['68%', '87%', '87%', '68%']  memcached=135.0%
[monitor] ['74%', '80%', '97%', '78%']  memcached=151.5%
[monitor] ['88%', '90%', '90%', '94%']  memcached=181.2%
[MEMCACHED] cores updated to: ['0', '1', '3']
[canneal] cores updated to: [2]
[monitor] ['73%', '75%', '100%', '76%']  memcached=224.4%
[monitor] ['72%', '73%', '100%', '76%']  memcached=221.5%
[monitor] ['58%', '57%', '100%', '56%']  memcached=172.0%
[monitor] ['57%', '55%', '100%', '60%']  memcached=173.0%
[monitor] ['56%', '57%', '100%', '60%']  memcached=173.1%
[monitor] ['74%', '75%', '100%', '77%']  memcached=226.4%
[monitor] ['78%', '81%', '100%', '85%']  memcached=244.2%
[monitor] ['82%', '83%', '100%', '85%']  memcached=250.5%
[monitor] ['72%', '70%', '100%', '75%']  memcached=217.1%
[monitor] ['56%', '55%', '100%', '56%']  memcached=167.2%
[monitor] ['56%', '57%', '100%', '57%']  memcached=171.4%
[monitor] ['55%', '54%', '100%', '59%']  memcached=167.4%
[monitor] ['54%', '54%', '100%', '56%']  memcached=163.9%
[monitor] ['56%', '53%', '100%', '59%']  memcached=167.6%
[monitor] ['56%', '57%', '100%', '57%']  memcached=171.1%
[monitor] ['57%', '56%', '100%', '60%']  memcached=173.6%
[monitor] ['60%', '56%', '100%', '57%']  memcached=173.1%
[monitor] ['56%', '55%', '100%', '57%']  memcached=169.2%
[monitor] ['51%', '52%', '100%', '58%']  memcached=161.9%
[monitor] ['46%', '49%', '100%', '46%']  memcached=141.3%
[monitor] ['48%', '49%', '100%', '48%']  memcached=143.8%
[monitor] ['48%', '48%', '100%', '49%']  memcached=144.0%
[monitor] ['45%', '43%', '100%', '44%']  memcached=132.5%
[MEMCACHED] cores updated to: ['0', '3']
[canneal] cores updated to: [1, 2]
[monitor] ['50%', '74%', '87%', '52%']  memcached=102.2%
[monitor] ['47%', '77%', '87%', '51%']  memcached=97.6%
[monitor] ['80%', '83%', '93%', '85%']  memcached=165.3%
[MEMCACHED] cores updated to: ['0', '2', '3']
[canneal] cores updated to: [1]
[monitor] ['81%', '100%', '85%', '88%']  memcached=253.3%
[monitor] ['78%', '100%', '81%', '85%']  memcached=244.2%
[monitor] ['66%', '100%', '69%', '71%']  memcached=205.4%
[monitor] ['57%', '100%', '58%', '61%']  memcached=176.6%
[monitor] ['57%', '100%', '60%', '60%']  memcached=178.1%
[monitor] ['59%', '100%', '62%', '63%']  memcached=183.9%
[monitor] ['76%', '100%', '78%', '81%']  memcached=234.6%
[monitor] ['72%', '100%', '78%', '80%']  memcached=230.6%
[monitor] ['75%', '100%', '78%', '80%']  memcached=233.4%
[monitor] ['56%', '100%', '59%', '62%']  memcached=176.5%
[monitor] ['51%', '100%', '56%', '55%']  memcached=161.5%
[monitor] ['54%', '100%', '53%', '55%']  memcached=161.9%
[monitor] ['61%', '100%', '66%', '68%']  memcached=193.9%
[monitor] ['78%', '100%', '78%', '81%']  memcached=236.8%
[monitor] ['76%', '100%', '78%', '82%']  memcached=236.4%
[monitor] ['73%', '100%', '78%', '82%']  memcached=233.1%
[monitor] ['69%', '100%', '74%', '76%']  memcached=219.6%
[monitor] ['74%', '100%', '78%', '78%']  memcached=230.5%
[monitor] ['71%', '100%', '74%', '79%']  memcached=224.1%
[monitor] ['71%', '100%', '72%', '76%']  memcached=218.5%
[monitor] ['69%', '100%', '74%', '74%']  memcached=216.8%
[monitor] ['72%', '100%', '74%', '78%']  memcached=223.3%
[monitor] ['76%', '100%', '77%', '82%']  memcached=234.6%
[monitor] ['78%', '100%', '80%', '88%']  memcached=245.7%
[monitor] ['79%', '100%', '83%', '88%']  memcached=250.6%
[monitor] ['68%', '100%', '72%', '73%']  memcached=213.6%
[monitor] ['38%', '100%', '44%', '41%']  memcached=124.1%
[MEMCACHED] cores updated to: ['0', '3']
[canneal] cores updated to: [1, 2]
[monitor] ['48%', '74%', '97%', '51%']  memcached=98.8%
[monitor] ['48%', '81%', '87%', '50%']  memcached=97.7%
[monitor] ['70%', '87%', '93%', '74%']  memcached=144.6%
[monitor] ['75%', '84%', '97%', '81%']  memcached=155.6%
[monitor] ['74%', '90%', '100%', '78%']  memcached=151.3%
[monitor] ['79%', '90%', '97%', '91%']  memcached=170.0%
[MEMCACHED] cores updated to: ['0', '1', '3']
[canneal] cores updated to: [2]
[monitor] ['88%', '88%', '100%', '91%']  memcached=266.4%
[monitor] ['79%', '82%', '100%', '86%']  memcached=247.5%
[monitor] ['74%', '74%', '100%', '79%']  memcached=227.3%
[monitor] ['59%', '59%', '100%', '61%']  memcached=178.9%
[monitor] ['61%', '60%', '100%', '62%']  memcached=182.5%
[monitor] ['59%', '59%', '100%', '62%']  memcached=180.0%
[monitor] ['57%', '55%', '100%', '55%']  memcached=166.7%
[monitor] ['52%', '55%', '100%', '58%']  memcached=165.6%
[monitor] ['55%', '55%', '100%', '54%']  memcached=163.4%
[monitor] ['50%', '46%', '100%', '52%']  memcached=148.6%
[monitor] ['47%', '43%', '100%', '43%']  memcached=131.5%
[MEMCACHED] cores updated to: ['0', '3']
[canneal] cores updated to: [1, 2]
[monitor] ['50%', '80%', '90%', '53%']  memcached=103.3%
[monitor] ['53%', '84%', '87%', '53%']  memcached=106.8%
[monitor] ['57%', '83%', '91%', '60%']  memcached=117.6%
[monitor] ['59%', '83%', '90%', '60%']  memcached=119.0%
[monitor] ['56%', '87%', '77%', '57%']  memcached=112.6%
[monitor] ['59%', '71%', '97%', '66%']  memcached=124.8%
[monitor] ['61%', '87%', '93%', '66%']  memcached=126.8%
[monitor] ['58%', '80%', '97%', '68%']  memcached=125.4%
[monitor] ['50%', '70%', '97%', '58%']  memcached=108.1%
[monitor] ['47%', '74%', '97%', '54%']  memcached=100.9%
[monitor] ['47%', '90%', '77%', '49%']  memcached=95.4%
[monitor] ['57%', '84%', '87%', '60%']  memcached=117.0%
[monitor] ['88%', '72%', '97%', '100%']  memcached=188.2%
[MEMCACHED] cores updated to: ['0', '2', '3']
[canneal] cores updated to: [1]
[monitor] ['83%', '100%', '86%', '91%']  memcached=259.7%
[monitor] ['76%', '100%', '80%', '83%']  memcached=238.5%
[monitor] ['52%', '100%', '56%', '55%']  memcached=163.6%
[monitor] ['55%', '100%', '57%', '55%']  memcached=166.6%
[monitor] ['55%', '100%', '52%', '55%']  memcached=161.9%
[monitor] ['68%', '100%', '74%', '74%']  memcached=215.5%
[monitor] ['77%', '100%', '78%', '83%']  memcached=238.3%
[monitor] ['75%', '100%', '82%', '83%']  memcached=240.7%
[monitor] ['70%', '100%', '71%', '74%']  memcached=215.6%
[monitor] ['55%', '100%', '60%', '60%']  memcached=174.0%
[monitor] ['55%', '100%', '57%', '59%']  memcached=170.7%
[monitor] ['57%', '100%', '57%', '56%']  memcached=170.7%
[monitor] ['65%', '100%', '71%', '71%']  memcached=207.0%
[monitor] ['68%', '100%', '69%', '71%']  memcached=207.8%
[monitor] ['66%', '100%', '67%', '72%']  memcached=204.7%
[monitor] ['60%', '100%', '62%', '62%']  memcached=183.1%
[monitor] ['59%', '100%', '60%', '62%']  memcached=180.0%
[monitor] ['59%', '100%', '59%', '60%']  memcached=177.1%
[monitor] ['56%', '100%', '61%', '62%']  memcached=178.9%
[monitor] ['60%', '100%', '60%', '63%']  memcached=183.2%
[monitor] ['62%', '100%', '64%', '67%']  memcached=192.3%
[monitor] ['60%', '100%', '61%', '65%']  memcached=186.0%
[monitor] ['65%', '100%', '68%', '68%']  memcached=200.9%
[monitor] ['64%', '100%', '68%', '71%']  memcached=203.6%
[monitor] ['66%', '100%', '68%', '69%']  memcached=203.5%
[monitor] ['68%', '100%', '68%', '70%']  memcached=205.9%
[monitor] ['66%', '100%', '69%', '72%']  memcached=207.2%
[monitor] ['66%', '100%', '68%', '72%']  memcached=206.0%
[monitor] ['68%', '100%', '69%', '71%']  memcached=208.4%
[monitor] ['75%', '100%', '76%', '82%']  memcached=233.8%
[monitor] ['76%', '100%', '78%', '83%']  memcached=236.9%
[monitor] ['73%', '100%', '76%', '77%']  memcached=225.8%
[monitor] ['50%', '100%', '50%', '48%']  memcached=147.6%
[monitor] ['46%', '100%', '51%', '49%']  memcached=146.2%
[monitor] ['50%', '100%', '50%', '49%']  memcached=148.8%
[monitor] ['56%', '100%', '59%', '60%']  memcached=174.9%
[monitor] ['61%', '100%', '62%', '64%']  memcached=187.1%
[monitor] ['61%', '100%', '62%', '64%']  memcached=187.6%
[monitor] ['64%', '100%', '63%', '66%']  memcached=193.0%
[monitor] ['65%', '100%', '68%', '73%']  memcached=206.1%
[monitor] ['64%', '100%', '68%', '71%']  memcached=202.7%
[monitor] ['67%', '100%', '68%', '67%']  memcached=201.8%
[monitor] ['58%', '100%', '60%', '62%']  memcached=180.1%
[monitor] ['57%', '100%', '61%', '61%']  memcached=179.5%
[monitor] ['57%', '100%', '60%', '62%']  memcached=178.6%
[monitor] ['45%', '100%', '45%', '43%']  memcached=133.4%
[MEMCACHED] cores updated to: ['0', '3']
[canneal] cores updated to: [1, 2]
[monitor] ['42%', '73%', '97%', '46%']  memcached=87.5%
[monitor] ['46%', '87%', '90%', '46%']  memcached=91.3%
[monitor] ['51%', '87%', '97%', '52%']  memcached=103.5%
[monitor] ['64%', '81%', '97%', '62%']  memcached=126.8%
[monitor] ['63%', '87%', '93%', '64%']  memcached=127.7%
[monitor] ['60%', '87%', '97%', '63%']  memcached=123.4%
[monitor] ['41%', '84%', '82%', '44%']  memcached=85.4%
[monitor] ['45%', '87%', '86%', '45%']  memcached=89.4%
[monitor] ['43%', '86%', '81%', '42%']  memcached=85.7%
[monitor] ['62%', '90%', '97%', '64%']  memcached=125.6%
[monitor] ['70%', '87%', '100%', '72%']  memcached=142.5%
[monitor] ['68%', '81%', '91%', '71%']  memcached=138.6%
[monitor] ['68%', '70%', '97%', '71%']  memcached=139.5%
[monitor] ['74%', '77%', '97%', '76%']  memcached=150.0%
[monitor] ['77%', '90%', '97%', '78%']  memcached=154.9%
[monitor] ['76%', '94%', '93%', '78%']  memcached=154.2%
[monitor] ['97%', '87%', '86%', '100%']  memcached=196.9%
[MEMCACHED] cores updated to: ['0', '1', '3']
[canneal] cores updated to: [2]
[monitor] ['80%', '84%', '100%', '88%']  memcached=252.3%
[monitor] ['82%', '86%', '100%', '88%']  memcached=255.9%
[monitor] ['57%', '54%', '100%', '57%']  memcached=168.5%
[monitor] ['46%', '50%', '100%', '51%']  memcached=147.4%
[monitor] ['49%', '51%', '100%', '50%']  memcached=150.0%
[monitor] ['63%', '63%', '100%', '66%']  memcached=192.1%
[monitor] ['76%', '76%', '100%', '81%']  memcached=232.5%
[monitor] ['75%', '76%', '100%', '81%']  memcached=232.0%
[monitor] ['70%', '74%', '100%', '74%']  memcached=218.3%
[monitor] ['55%', '52%', '100%', '55%']  memcached=162.3%
[monitor] ['54%', '54%', '100%', '56%']  memcached=163.4%
[monitor] ['51%', '52%', '100%', '54%']  memcached=157.4%
[monitor] ['63%', '62%', '100%', '66%']  memcached=190.7%
[monitor] ['65%', '64%', '100%', '68%']  memcached=196.4%
[monitor] ['64%', '66%', '100%', '66%']  memcached=195.7%
[monitor] ['69%', '69%', '100%', '73%']  memcached=211.9%
[monitor] ['72%', '73%', '100%', '77%']  memcached=222.3%
[monitor] ['74%', '72%', '100%', '76%']  memcached=222.2%
[monitor] ['66%', '67%', '100%', '69%']  memcached=201.9%
[monitor] ['49%', '49%', '100%', '50%']  memcached=147.6%
[monitor] ['49%', '46%', '100%', '50%']  memcached=145.2%
[monitor] ['46%', '46%', '100%', '51%']  memcached=143.5%
[monitor] ['72%', '72%', '100%', '78%']  memcached=222.2%
[monitor] ['77%', '79%', '100%', '82%']  memcached=238.9%
[monitor] ['79%', '80%', '100%', '83%']  memcached=242.3%
[monitor] ['80%', '81%', '100%', '85%']  memcached=245.8%
[monitor] ['78%', '78%', '100%', '80%']  memcached=235.6%
[monitor] ['76%', '76%', '100%', '81%']  memcached=232.7%
[monitor] ['76%', '77%', '100%', '80%']  memcached=232.8%
[monitor] ['72%', '72%', '100%', '75%']  memcached=219.0%
[monitor] ['74%', '75%', '100%', '78%']  memcached=227.1%
[monitor] ['73%', '73%', '100%', '76%']  memcached=221.6%
[monitor] ['74%', '73%', '100%', '78%']  memcached=224.4%
[monitor] ['76%', '77%', '100%', '77%']  memcached=230.0%
[monitor] ['75%', '71%', '100%', '80%']  memcached=226.4%
[monitor] ['62%', '65%', '100%', '66%']  memcached=193.4%
[monitor] ['56%', '55%', '100%', '55%']  memcached=165.6%
[monitor] ['54%', '55%', '100%', '58%']  memcached=167.0%
[monitor] ['51%', '51%', '100%', '54%']  memcached=156.2%
[monitor] ['44%', '49%', '100%', '49%']  memcached=141.1%
[monitor] ['48%', '49%', '100%', '50%']  memcached=146.4%
[monitor] ['49%', '50%', '100%', '49%']  memcached=147.6%
[monitor] ['44%', '43%', '100%', '44%']  memcached=131.5%
[MEMCACHED] cores updated to: ['0', '3']
[canneal] cores updated to: [1, 2]
[monitor] ['49%', '71%', '94%', '54%']  memcached=103.2%
[monitor] ['47%', '73%', '100%', '50%']  memcached=96.5%
[monitor] ['70%', '87%', '83%', '75%']  memcached=145.3%
[monitor] ['91%', '94%', '81%', '91%']  memcached=181.2%
[MEMCACHED] cores updated to: ['0', '2', '3']
[canneal] cores updated to: [1]
[monitor] ['75%', '100%', '78%', '78%']  memcached=231.8%
[monitor] ['62%', '100%', '62%', '66%']  memcached=189.5%
[monitor] ['33%', '100%', '37%', '35%']  memcached=105.5%
[MEMCACHED] cores updated to: ['0', '3']
[canneal] cores updated to: [1, 2]
[monitor] ['47%', '93%', '97%', '45%']  memcached=92.1%
[monitor] ['46%', '87%', '87%', '43%']  memcached=89.1%
[monitor] ['70%', '93%', '90%', '72%']  memcached=141.8%
[monitor] ['73%', '93%', '93%', '75%']  memcached=148.0%
[monitor] ['73%', '83%', '97%', '75%']  memcached=148.0%
[monitor] ['68%', '72%', '97%', '68%']  memcached=135.9%
[monitor] ['67%', '93%', '90%', '69%']  memcached=136.1%
[monitor] ['68%', '94%', '94%', '72%']  memcached=140.2%
[monitor] ['66%', '83%', '93%', '64%']  memcached=130.0%
[monitor] ['56%', '87%', '87%', '60%']  memcached=115.6%
[monitor] ['60%', '77%', '97%', '60%']  memcached=120.0%
[monitor] ['57%', '83%', '97%', '60%']  memcached=116.7%
[monitor] ['72%', '87%', '97%', '73%']  memcached=144.8%
[monitor] ['72%', '87%', '93%', '74%']  memcached=145.9%
[monitor] ['71%', '90%', '97%', '73%']  memcached=144.0%
[monitor] ['68%', '87%', '90%', '72%']  memcached=140.2%
[monitor] ['68%', '87%', '90%', '68%']  memcached=136.0%
[monitor] ['71%', '81%', '97%', '74%']  memcached=144.4%
[monitor] ['75%', '97%', '90%', '76%']  memcached=150.7%
[monitor] ['91%', '93%', '91%', '91%']  memcached=181.5%
[MEMCACHED] cores updated to: ['0', '1', '3']
[canneal] cores updated to: [2]
[monitor] ['75%', '75%', '100%', '80%']  memcached=230.0%
[monitor] ['76%', '74%', '100%', '77%']  memcached=227.1%
[monitor] ['43%', '44%', '100%', '39%']  memcached=126.2%
[MEMCACHED] cores updated to: ['0', '3']
[canneal] cores updated to: [1, 2]
[monitor] ['50%', '90%', '83%', '51%']  memcached=101.1%
[monitor] ['49%', '87%', '81%', '49%']  memcached=97.7%
[monitor] ['78%', '94%', '90%', '78%']  memcached=155.6%
[monitor] ['91%', '90%', '87%', '91%']  memcached=181.2%
[MEMCACHED] cores updated to: ['0', '2', '3']
[canneal] cores updated to: [1]
[monitor] ['76%', '100%', '76%', '80%']  memcached=232.0%
[monitor] ['63%', '100%', '67%', '68%']  memcached=198.2%
[monitor] ['51%', '100%', '52%', '54%']  memcached=157.3%
[monitor] ['55%', '100%', '56%', '54%']  memcached=164.0%
[monitor] ['52%', '100%', '55%', '55%']  memcached=162.1%
[monitor] ['57%', '100%', '60%', '60%']  memcached=177.5%
[monitor] ['59%', '100%', '61%', '62%']  memcached=182.4%
[monitor] ['59%', '100%', '60%', '62%']  memcached=180.1%
[monitor] ['50%', '100%', '50%', '47%']  memcached=147.4%
[monitor] ['47%', '100%', '49%', '45%']  memcached=140.3%
[monitor] ['45%', '100%', '49%', '48%']  memcached=141.5%
[monitor] ['59%', '100%', '61%', '63%']  memcached=182.7%
[monitor] ['79%', '100%', '83%', '86%']  memcached=248.0%
[monitor] ['83%', '100%', '88%', '91%']  memcached=262.0%
[monitor] ['76%', '100%', '79%', '81%']  memcached=237.1%
[monitor] ['54%', '100%', '57%', '56%']  memcached=166.6%
[monitor] ['56%', '100%', '57%', '56%']  memcached=168.7%
[monitor] ['55%', '100%', '55%', '56%']  memcached=165.6%
[monitor] ['60%', '100%', '63%', '67%']  memcached=190.1%
[monitor] ['65%', '100%', '68%', '68%']  memcached=200.9%
[monitor] ['65%', '100%', '68%', '71%']  memcached=204.3%
[monitor] ['62%', '100%', '65%', '66%']  memcached=193.5%
[monitor] ['54%', '100%', '56%', '60%']  memcached=169.3%
[monitor] ['56%', '100%', '58%', '59%']  memcached=172.8%
[monitor] ['56%', '100%', '60%', '60%']  memcached=175.6%
[monitor] ['76%', '100%', '76%', '79%']  memcached=230.8%
[monitor] ['74%', '100%', '75%', '78%']  memcached=226.5%
[monitor] ['74%', '100%', '76%', '78%']  memcached=227.1%
[monitor] ['46%', '100%', '50%', '51%']  memcached=147.5%
[monitor] ['40%', '100%', '43%', '42%']  memcached=125.5%
[MEMCACHED] cores updated to: ['0', '3']
[canneal] cores updated to: [1, 2]
[monitor] ['44%', '100%', '7%', '45%']  memcached=89.9%
[monitor] ['57%', '100%', '7%', '60%']  memcached=117.5%
[monitor] ['75%', '100%', '20%', '78%']  memcached=152.8%
[monitor] ['72%', '100%', '18%', '76%']  memcached=147.9%
[monitor] ['72%', '100%', '15%', '75%']  memcached=147.2%
[monitor] ['71%', '100%', '11%', '77%']  memcached=148.6%
[monitor] ['76%', '100%', '14%', '73%']  memcached=148.6%
[monitor] ['72%', '100%', '12%', '78%']  memcached=150.6%
[monitor] ['78%', '69%', '57%', '78%']  memcached=155.6%
[canneal] ended.
[freqmine] starting in background on cores: [1, 2] with 3 threads.
[monitor] ['82%', '69%', '80%', '83%']  memcached=164.7%
[MEMCACHED] cores updated to: ['0', '1', '3']
[freqmine] cores updated to: [2]
[monitor] ['64%', '62%', '100%', '67%']  memcached=192.3%
[monitor] ['68%', '66%', '100%', '66%']  memcached=200.0%
[monitor] ['68%', '67%', '100%', '68%']  memcached=202.7%
[monitor] ['70%', '67%', '100%', '71%']  memcached=207.7%
[monitor] ['64%', '66%', '100%', '69%']  memcached=199.1%
[monitor] ['57%', '57%', '100%', '57%']  memcached=172.1%
[monitor] ['59%', '59%', '100%', '62%']  memcached=179.0%
[monitor] ['60%', '56%', '100%', '60%']  memcached=176.9%
[monitor] ['63%', '65%', '100%', '65%']  memcached=193.4%
[monitor] ['65%', '62%', '100%', '68%']  memcached=194.7%
[monitor] ['62%', '65%', '100%', '67%']  memcached=193.2%
[monitor] ['55%', '57%', '100%', '57%']  memcached=169.0%
[monitor] ['47%', '48%', '100%', '48%']  memcached=141.9%
[monitor] ['50%', '49%', '100%', '52%']  memcached=151.1%
[monitor] ['49%', '51%', '100%', '50%']  memcached=150.0%
[monitor] ['64%', '67%', '100%', '69%']  memcached=200.0%
[monitor] ['66%', '66%', '100%', '66%']  memcached=197.4%
[monitor] ['64%', '64%', '100%', '69%']  memcached=197.4%
[monitor] ['56%', '55%', '100%', '59%']  memcached=169.6%
[monitor] ['80%', '61%', '100%', '59%']  memcached=200.0%
[monitor] ['66%', '58%', '100%', '55%']  memcached=179.0%
[monitor] ['55%', '55%', '100%', '60%']  memcached=169.5%
[monitor] ['59%', '55%', '100%', '59%']  memcached=172.9%
[monitor] ['56%', '60%', '100%', '62%']  memcached=178.3%
[monitor] ['57%', '59%', '100%', '62%']  memcached=178.5%
[monitor] ['63%', '63%', '100%', '64%']  memcached=190.7%
[monitor] ['63%', '64%', '100%', '67%']  memcached=193.9%
[monitor] ['63%', '65%', '100%', '65%']  memcached=193.3%
[monitor] ['66%', '66%', '100%', '68%']  memcached=200.0%
[monitor] ['68%', '69%', '100%', '71%']  memcached=208.6%
[monitor] ['68%', '67%', '100%', '69%']  memcached=204.5%
[monitor] ['56%', '56%', '100%', '57%']  memcached=170.0%
[monitor] ['48%', '50%', '100%', '51%']  memcached=148.8%
[monitor] ['51%', '49%', '100%', '51%']  memcached=151.2%
[monitor] ['51%', '50%', '100%', '56%']  memcached=157.3%
[monitor] ['68%', '68%', '100%', '71%']  memcached=206.1%
[monitor] ['67%', '68%', '100%', '69%']  memcached=203.7%
[monitor] ['68%', '67%', '100%', '71%']  memcached=205.3%
[monitor] ['67%', '77%', '100%', '80%']  memcached=223.6%
[monitor] ['100%', '61%', '100%', '62%']  memcached=222.5%
[monitor] ['68%', '61%', '100%', '95%']  memcached=222.6%
[monitor] ['67%', '71%', '100%', '94%']  memcached=232.0%
[monitor] ['74%', '71%', '100%', '78%']  memcached=222.9%
[monitor] ['72%', '76%', '100%', '78%']  memcached=225.7%
[monitor] ['70%', '69%', '100%', '72%']  memcached=211.5%
[monitor] ['59%', '60%', '100%', '61%']  memcached=179.5%
[monitor] ['61%', '63%', '100%', '62%']  memcached=186.6%
[monitor] ['59%', '59%', '100%', '63%']  memcached=180.9%
[monitor] ['78%', '80%', '100%', '83%']  memcached=241.2%
[monitor] ['78%', '81%', '100%', '85%']  memcached=244.3%
[monitor] ['80%', '83%', '100%', '88%']  memcached=250.4%
[monitor] ['54%', '55%', '100%', '56%']  memcached=165.3%
[monitor] ['40%', '41%', '100%', '44%']  memcached=126.1%
[MEMCACHED] cores updated to: ['0', '3']
[freqmine] cores updated to: [1, 2]
[monitor] ['49%', '100%', '100%', '52%']  memcached=101.0%
[monitor] ['62%', '100%', '90%', '60%']  memcached=121.4%
[monitor] ['91%', '100%', '17%', '94%']  memcached=184.2%
[MEMCACHED] cores updated to: ['0', '2', '3']
[freqmine] cores updated to: [1]
[monitor] ['76%', '100%', '78%', '78%']  memcached=231.2%
[monitor] ['78%', '100%', '81%', '80%']  memcached=238.9%
[monitor] ['76%', '100%', '78%', '81%']  memcached=234.6%
[monitor] ['78%', '100%', '83%', '80%']  memcached=240.6%
[monitor] ['80%', '100%', '82%', '85%']  memcached=247.2%
[monitor] ['65%', '100%', '68%', '69%']  memcached=202.5%
[monitor] ['59%', '100%', '62%', '62%']  memcached=183.4%
[monitor] ['61%', '100%', '61%', '62%']  memcached=184.5%
[monitor] ['60%', '100%', '62%', '62%']  memcached=184.4%
[monitor] ['60%', '100%', '62%', '62%']  memcached=184.0%
[monitor] ['61%', '100%', '62%', '61%']  memcached=183.9%
[monitor] ['60%', '100%', '62%', '62%']  memcached=185.0%
[monitor] ['59%', '100%', '59%', '60%']  memcached=176.6%
[monitor] ['54%', '100%', '59%', '59%']  memcached=170.9%
[monitor] ['59%', '100%', '60%', '60%']  memcached=179.0%
[monitor] ['38%', '100%', '38%', '40%']  memcached=116.9%
[MEMCACHED] cores updated to: ['0', '3']
[freqmine] cores updated to: [1, 2]
[monitor] ['43%', '100%', '100%', '43%']  memcached=85.1%
[monitor] ['42%', '100%', '100%', '43%']  memcached=85.7%
[monitor] ['45%', '100%', '100%', '47%']  memcached=92.0%
[monitor] ['59%', '100%', '100%', '63%']  memcached=121.9%
[monitor] ['60%', '100%', '100%', '62%']  memcached=121.4%
[monitor] ['60%', '100%', '100%', '62%']  memcached=121.7%
[monitor] ['59%', '100%', '100%', '60%']  memcached=119.2%
[monitor] ['60%', '100%', '100%', '60%']  memcached=120.0%
[monitor] ['62%', '100%', '100%', '63%']  memcached=124.7%
[monitor] ['68%', '100%', '100%', '71%']  memcached=139.3%
[monitor] ['79%', '100%', '100%', '69%']  memcached=148.6%
[monitor] ['77%', '100%', '100%', '71%']  memcached=148.2%
[monitor] ['71%', '100%', '100%', '71%']  memcached=142.1%
[monitor] ['64%', '100%', '100%', '63%']  memcached=127.7%
[monitor] ['64%', '100%', '100%', '63%']  memcached=127.7%
[monitor] ['62%', '100%', '100%', '66%']  memcached=128.4%
[monitor] ['73%', '100%', '100%', '74%']  memcached=147.3%
[monitor] ['75%', '100%', '100%', '71%']  memcached=146.1%
[monitor] ['76%', '100%', '100%', '66%']  memcached=142.2%
[monitor] ['68%', '100%', '100%', '67%']  memcached=135.0%
[monitor] ['62%', '100%', '100%', '63%']  memcached=125.3%
[monitor] ['63%', '100%', '100%', '62%']  memcached=125.0%
[monitor] ['70%', '100%', '100%', '77%']  memcached=146.9%
[monitor] ['88%', '100%', '100%', '100%']  memcached=187.9%
[MEMCACHED] cores updated to: ['0', '1', '3']
[freqmine] cores updated to: [2]
[monitor] ['83%', '88%', '100%', '91%']  memcached=261.0%
[monitor] ['75%', '78%', '100%', '82%']  memcached=235.7%
[monitor] ['65%', '67%', '100%', '68%']  memcached=200.1%
[monitor] ['65%', '66%', '100%', '68%']  memcached=199.2%
[monitor] ['64%', '66%', '100%', '66%']  memcached=195.7%
[monitor] ['62%', '64%', '100%', '65%']  memcached=190.5%
[monitor] ['60%', '58%', '100%', '63%']  memcached=181.8%
[monitor] ['57%', '61%', '100%', '62%']  memcached=179.6%
[monitor] ['63%', '63%', '100%', '64%']  memcached=190.9%
[monitor] ['67%', '64%', '100%', '68%']  memcached=198.1%
[monitor] ['65%', '69%', '100%', '69%']  memcached=203.7%
[monitor] ['63%', '62%', '100%', '64%']  memcached=189.7%
[monitor] ['49%', '50%', '100%', '53%']  memcached=152.3%
[monitor] ['51%', '52%', '100%', '54%']  memcached=157.2%
[monitor] ['48%', '51%', '100%', '50%']  memcached=148.7%
[monitor] ['64%', '63%', '100%', '66%']  memcached=193.0%
[monitor] ['64%', '70%', '100%', '71%']  memcached=205.2%
[monitor] ['68%', '69%', '100%', '73%']  memcached=210.8%
[monitor] ['71%', '72%', '100%', '73%']  memcached=216.2%
[monitor] ['70%', '72%', '100%', '74%']  memcached=216.6%
[monitor] ['70%', '73%', '100%', '78%']  memcached=221.0%
[monitor] ['68%', '71%', '100%', '70%']  memcached=209.3%
[monitor] ['51%', '52%', '100%', '55%']  memcached=158.8%
[monitor] ['50%', '51%', '100%', '54%']  memcached=154.9%
[monitor] ['52%', '51%', '100%', '54%']  memcached=157.3%
[monitor] ['54%', '56%', '100%', '57%']  memcached=167.4%
[monitor] ['57%', '57%', '100%', '59%']  memcached=173.2%
[monitor] ['55%', '56%', '100%', '57%']  memcached=168.6%
[monitor] ['65%', '68%', '100%', '68%']  memcached=200.0%
[monitor] ['79%', '79%', '100%', '85%']  memcached=244.1%
[monitor] ['83%', '81%', '100%', '85%']  memcached=249.0%
[monitor] ['68%', '71%', '100%', '73%']  memcached=211.7%
[monitor] ['42%', '43%', '100%', '43%']  memcached=127.6%
[MEMCACHED] cores updated to: ['0', '3']
[freqmine] cores updated to: [1, 2]
[monitor] ['48%', '100%', '100%', '51%']  memcached=98.8%
[monitor] ['50%', '100%', '100%', '51%']  memcached=101.1%
[monitor] ['51%', '100%', '100%', '55%']  memcached=106.4%
[monitor] ['50%', '100%', '100%', '57%']  memcached=106.5%
[monitor] ['55%', '100%', '100%', '48%']  memcached=103.0%
[monitor] ['46%', '100%', '100%', '47%']  memcached=92.3%
[monitor] ['42%', '100%', '100%', '42%']  memcached=84.4%
[monitor] ['41%', '100%', '100%', '45%']  memcached=86.0%
[monitor] ['44%', '100%', '100%', '46%']  memcached=90.1%
[monitor] ['58%', '100%', '100%', '60%']  memcached=118.6%
[monitor] ['59%', '100%', '100%', '64%']  memcached=122.7%
[monitor] ['59%', '100%', '100%', '59%']  memcached=118.2%
[monitor] ['51%', '100%', '100%', '51%']  memcached=102.1%
[monitor] ['46%', '100%', '100%', '51%']  memcached=96.7%
[monitor] ['52%', '100%', '100%', '51%']  memcached=103.1%
[monitor] ['67%', '100%', '100%', '69%']  memcached=135.9%
[monitor] ['83%', '100%', '100%', '97%']  memcached=180.2%
[MEMCACHED] cores updated to: ['0', '2', '3']
[freqmine] cores updated to: [1]
[monitor] ['80%', '100%', '81%', '79%']  memcached=240.5%
[monitor] ['75%', '100%', '78%', '76%']  memcached=229.1%
[monitor] ['64%', '100%', '66%', '66%']  memcached=195.7%
[monitor] ['66%', '100%', '67%', '68%']  memcached=200.9%
[monitor] ['67%', '100%', '70%', '68%']  memcached=205.0%
[monitor] ['67%', '100%', '71%', '71%']  memcached=208.8%
[monitor] ['68%', '100%', '73%', '73%']  memcached=214.4%
[monitor] ['69%', '100%', '71%', '71%']  memcached=210.7%
[monitor] ['62%', '100%', '63%', '62%']  memcached=187.5%
[monitor] ['55%', '100%', '56%', '56%']  memcached=167.5%
[monitor] ['56%', '100%', '58%', '54%']  memcached=168.1%
[monitor] ['59%', '100%', '64%', '65%']  memcached=188.6%
[monitor] ['83%', '100%', '85%', '85%']  memcached=253.0%
[monitor] ['82%', '100%', '86%', '85%']  memcached=252.8%
[monitor] ['80%', '100%', '82%', '83%']  memcached=245.2%
[monitor] ['72%', '100%', '76%', '76%']  memcached=223.1%
[monitor] ['73%', '100%', '73%', '76%']  memcached=221.6%
[monitor] ['70%', '100%', '74%', '74%']  memcached=218.3%
[monitor] ['60%', '100%', '62%', '64%']  memcached=185.8%
[monitor] ['57%', '100%', '60%', '59%']  memcached=176.0%
[monitor] ['57%', '100%', '57%', '59%']  memcached=172.8%
[monitor] ['52%', '100%', '59%', '56%']  memcached=167.7%
[monitor] ['55%', '100%', '55%', '56%']  memcached=165.6%
[monitor] ['52%', '100%', '57%', '55%']  memcached=164.3%
[monitor] ['54%', '100%', '55%', '56%']  memcached=164.5%
[monitor] ['54%', '100%', '57%', '56%']  memcached=166.9%
[monitor] ['56%', '100%', '56%', '56%']  memcached=168.3%
[monitor] ['54%', '100%', '59%', '57%']  memcached=169.9%
[monitor] ['47%', '100%', '45%', '47%']  memcached=138.3%
[MEMCACHED] cores updated to: ['0', '3']
[freqmine] cores updated to: [1, 2]
[monitor] ['44%', '100%', '100%', '49%']  memcached=93.3%
[monitor] ['50%', '100%', '100%', '47%']  memcached=96.7%
[monitor] ['57%', '100%', '100%', '59%']  memcached=115.4%
[monitor] ['80%', '100%', '100%', '97%']  memcached=176.9%
[MEMCACHED] cores updated to: ['0', '1', '3']
[freqmine] cores updated to: [2]
[monitor] ['77%', '79%', '100%', '80%']  memcached=236.6%
[monitor] ['75%', '76%', '100%', '80%']  memcached=230.7%
[monitor] ['73%', '73%', '100%', '76%']  memcached=221.6%
[monitor] ['72%', '73%', '100%', '75%']  memcached=219.8%
[monitor] ['71%', '73%', '100%', '76%']  memcached=219.7%
[monitor] ['64%', '64%', '100%', '66%']  memcached=194.0%
[monitor] ['60%', '61%', '100%', '62%']  memcached=182.6%
[monitor] ['60%', '59%', '100%', '63%']  memcached=181.9%
[monitor] ['70%', '68%', '100%', '71%']  memcached=209.5%
[monitor] ['76%', '76%', '100%', '81%']  memcached=233.5%
[monitor] ['76%', '78%', '100%', '80%']  memcached=233.5%
[monitor] ['76%', '77%', '100%', '81%']  memcached=233.4%
[monitor] ['64%', '68%', '100%', '68%']  memcached=200.1%
[monitor] ['63%', '64%', '100%', '68%']  memcached=195.8%
[monitor] ['65%', '66%', '100%', '70%']  memcached=200.7%
[monitor] ['61%', '62%', '100%', '63%']  memcached=185.9%
[monitor] ['56%', '59%', '100%', '58%']  memcached=172.8%
[monitor] ['57%', '60%', '100%', '62%']  memcached=180.0%
[monitor] ['56%', '52%', '100%', '55%']  memcached=163.3%
[monitor] ['49%', '46%', '100%', '51%']  memcached=146.3%
[monitor] ['47%', '46%', '100%', '49%']  memcached=141.6%
[monitor] ['46%', '46%', '100%', '46%']  memcached=139.0%
[MEMCACHED] cores updated to: ['0', '3']
[freqmine] cores updated to: [1, 2]
[monitor] ['52%', '100%', '100%', '62%']  memcached=114.5%
[monitor] ['56%', '100%', '100%', '57%']  memcached=112.6%
[monitor] ['53%', '100%', '100%', '57%']  memcached=110.6%
[monitor] ['57%', '100%', '100%', '65%']  memcached=122.1%
[monitor] ['60%', '100%', '100%', '61%']  memcached=120.9%
[monitor] ['61%', '100%', '100%', '60%']  memcached=121.4%
[monitor] ['59%', '100%', '100%', '67%']  memcached=125.2%
[monitor] ['68%', '100%', '100%', '68%']  memcached=135.0%
[monitor] ['63%', '100%', '100%', '71%']  memcached=134.5%
[monitor] ['67%', '100%', '100%', '71%']  memcached=137.7%
[monitor] ['78%', '100%', '100%', '94%']  memcached=171.3%
[MEMCACHED] cores updated to: ['0', '2', '3']
[freqmine] cores updated to: [1]
[monitor] ['74%', '100%', '77%', '77%']  memcached=228.2%
[monitor] ['78%', '100%', '76%', '77%']  memcached=230.6%
[monitor] ['69%', '100%', '69%', '69%']  memcached=207.7%
[monitor] ['66%', '100%', '68%', '68%']  memcached=202.6%
[monitor] ['65%', '100%', '69%', '69%']  memcached=203.5%
[monitor] ['67%', '100%', '66%', '67%']  memcached=199.1%
[monitor] ['69%', '100%', '71%', '72%']  memcached=212.1%
[monitor] ['69%', '100%', '71%', '74%']  memcached=214.0%
[monitor] ['72%', '100%', '73%', '72%']  memcached=217.4%
[monitor] ['85%', '100%', '88%', '88%']  memcached=260.2%
[monitor] ['79%', '100%', '83%', '82%']  memcached=244.6%
[monitor] ['81%', '100%', '81%', '83%']  memcached=244.0%
[monitor] ['64%', '100%', '67%', '66%']  memcached=196.6%
[monitor] ['61%', '100%', '62%', '66%']  memcached=188.9%
[monitor] ['63%', '100%', '64%', '64%']  memcached=191.8%
[monitor] ['68%', '100%', '70%', '72%']  memcached=210.5%
[monitor] ['76%', '100%', '78%', '77%']  memcached=230.6%
[monitor] ['78%', '100%', '78%', '78%']  memcached=233.9%
[monitor] ['75%', '100%', '78%', '80%']  memcached=232.8%
[monitor] ['64%', '100%', '65%', '65%']  memcached=194.1%
[monitor] ['62%', '100%', '67%', '64%']  memcached=193.3%
[monitor] ['62%', '100%', '63%', '65%']  memcached=190.7%
[monitor] ['66%', '100%', '70%', '69%']  memcached=205.0%
[monitor] ['68%', '100%', '69%', '68%']  memcached=206.1%
[monitor] ['68%', '100%', '69%', '68%']  memcached=205.9%
[monitor] ['64%', '100%', '67%', '67%']  memcached=197.4%
[monitor] ['65%', '100%', '65%', '68%']  memcached=197.5%
[monitor] ['63%', '100%', '67%', '64%']  memcached=193.9%
[monitor] ['65%', '100%', '68%', '68%']  memcached=199.9%
[monitor] ['75%', '100%', '78%', '76%']  memcached=229.1%
[monitor] ['78%', '100%', '78%', '83%']  memcached=238.4%
[monitor] ['75%', '100%', '77%', '78%']  memcached=229.9%
[monitor] ['78%', '100%', '81%', '80%']  memcached=238.3%
[monitor] ['80%', '100%', '81%', '82%']  memcached=242.9%
[monitor] ['81%', '100%', '82%', '83%']  memcached=245.8%
[monitor] ['67%', '100%', '68%', '68%']  memcached=203.5%
[monitor] ['55%', '100%', '60%', '57%']  memcached=172.0%
[monitor] ['59%', '100%', '60%', '59%']  memcached=177.0%
[monitor] ['52%', '100%', '55%', '55%']  memcached=162.5%
[monitor] ['53%', '100%', '53%', '53%']  memcached=160.5%
[monitor] ['49%', '100%', '51%', '50%']  memcached=150.0%
[monitor] ['51%', '100%', '53%', '51%']  memcached=155.7%
[monitor] ['54%', '100%', '57%', '59%']  memcached=169.9%
[monitor] ['59%', '100%', '60%', '58%']  memcached=176.0%
[monitor] ['53%', '100%', '59%', '60%']  memcached=170.7%
[monitor] ['44%', '100%', '48%', '46%']  memcached=138.0%
[MEMCACHED] cores updated to: ['0', '3']
[freqmine] cores updated to: [1, 2]
[monitor] ['42%', '100%', '100%', '46%']  memcached=87.9%
[monitor] ['44%', '100%', '100%', '44%']  memcached=88.9%
[monitor] ['51%', '100%', '100%', '51%']  memcached=102.3%
[monitor] ['74%', '100%', '100%', '85%']  memcached=159.0%
[monitor] ['78%', '100%', '100%', '81%']  memcached=158.7%
[monitor] ['85%', '100%', '100%', '75%']  memcached=160.3%
[MEMCACHED] cores updated to: ['0', '1', '3']
[freqmine] cores updated to: [2]
[monitor] ['60%', '60%', '100%', '62%']  memcached=182.5%
[monitor] ['61%', '61%', '100%', '64%']  memcached=185.6%
[monitor] ['61%', '61%', '100%', '62%']  memcached=184.5%
[monitor] ['54%', '51%', '100%', '55%']  memcached=160.0%
[monitor] ['50%', '51%', '100%', '51%']  memcached=152.4%
[monitor] ['50%', '50%', '100%', '52%']  memcached=152.5%
[monitor] ['44%', '45%', '100%', '49%']  memcached=137.7%
[MEMCACHED] cores updated to: ['0', '3']
[freqmine] cores updated to: [1, 2]
[monitor] ['45%', '100%', '100%', '47%']  memcached=91.6%
[monitor] ['45%', '100%', '100%', '46%']  memcached=90.5%
[monitor] ['45%', '100%', '100%', '46%']  memcached=90.3%
[monitor] ['60%', '100%', '100%', '61%']  memcached=121.4%
[monitor] ['63%', '100%', '100%', '61%']  memcached=124.2%
[monitor] ['60%', '100%', '100%', '62%']  memcached=122.4%
[monitor] ['58%', '100%', '100%', '61%']  memcached=119.1%
[monitor] ['56%', '100%', '100%', '60%']  memcached=115.8%
[monitor] ['62%', '100%', '100%', '62%']  memcached=124.4%
[monitor] ['61%', '100%', '100%', '63%']  memcached=123.8%
[monitor] ['65%', '100%', '100%', '80%']  memcached=145.0%
[monitor] ['66%', '100%', '100%', '73%']  memcached=138.8%
[monitor] ['62%', '100%', '100%', '78%']  memcached=139.9%
[monitor] ['66%', '100%', '100%', '81%']  memcached=146.4%
[monitor] ['68%', '100%', '100%', '75%']  memcached=142.5%
[monitor] ['74%', '100%', '100%', '72%']  memcached=145.5%
[monitor] ['57%', '100%', '100%', '56%']  memcached=112.6%
[monitor] ['49%', '100%', '100%', '49%']  memcached=97.9%
[monitor] ['49%', '100%', '100%', '51%']  memcached=100.0%
[monitor] ['58%', '100%', '100%', '60%']  memcached=118.2%
[monitor] ['75%', '100%', '100%', '97%']  memcached=171.8%
[MEMCACHED] cores updated to: ['0', '2', '3']
[freqmine] cores updated to: [1]
[monitor] ['72%', '100%', '75%', '75%']  memcached=222.2%
[monitor] ['75%', '100%', '78%', '77%']  memcached=229.7%
[monitor] ['32%', '100%', '32%', '33%']  memcached=98.3%
[MEMCACHED] cores updated to: ['0', '3']
[freqmine] cores updated to: [1, 2]
[monitor] ['43%', '100%', '100%', '43%']  memcached=86.0%
[monitor] ['41%', '100%', '100%', '43%']  memcached=84.8%
[monitor] ['53%', '100%', '100%', '55%']  memcached=108.3%
[monitor] ['60%', '100%', '100%', '60%']  memcached=120.9%
[monitor] ['63%', '100%', '100%', '65%']  memcached=127.9%
[monitor] ['58%', '100%', '100%', '60%']  memcached=117.4%
[monitor] ['51%', '100%', '100%', '54%']  memcached=105.3%
[monitor] ['53%', '100%', '100%', '52%']  memcached=105.4%
[monitor] ['50%', '100%', '100%', '52%']  memcached=102.3%
[monitor] ['51%', '100%', '100%', '54%']  memcached=105.5%
[monitor] ['49%', '100%', '100%', '51%']  memcached=100.0%
[monitor] ['50%', '100%', '100%', '50%']  memcached=100.0%
[monitor] ['49%', '100%', '100%', '51%']  memcached=100.0%
[monitor] ['50%', '100%', '100%', '49%']  memcached=98.9%
[monitor] ['49%', '100%', '100%', '51%']  memcached=100.0%
[monitor] ['49%', '100%', '100%', '52%']  memcached=101.1%
[monitor] ['52%', '100%', '100%', '52%']  memcached=104.4%
[monitor] ['51%', '100%', '100%', '52%']  memcached=103.3%
[monitor] ['52%', '100%', '100%', '55%']  memcached=107.6%
[monitor] ['51%', '100%', '100%', '53%']  memcached=104.4%
[monitor] ['52%', '100%', '100%', '52%']  memcached=104.3%
[monitor] ['52%', '100%', '100%', '52%']  memcached=104.4%
[monitor] ['72%', '100%', '100%', '83%']  memcached=154.7%
[monitor] ['83%', '100%', '100%', '100%']  memcached=183.3%
[MEMCACHED] cores updated to: ['0', '1', '3']
[freqmine] cores updated to: [2]
[monitor] ['80%', '88%', '100%', '88%']  memcached=255.7%
[monitor] ['75%', '78%', '100%', '79%']  memcached=232.8%
[monitor] ['73%', '78%', '100%', '78%']  memcached=229.1%
[monitor] ['74%', '76%', '100%', '81%']  memcached=229.9%
[monitor] ['73%', '75%', '100%', '79%']  memcached=227.4%
[monitor] ['74%', '78%', '100%', '78%']  memcached=229.2%
[monitor] ['72%', '74%', '100%', '78%']  memcached=225.0%
[monitor] ['75%', '76%', '100%', '79%']  memcached=229.5%
[monitor] ['66%', '68%', '100%', '72%']  memcached=206.8%
[monitor] ['62%', '64%', '100%', '68%']  memcached=194.3%
[monitor] ['67%', '66%', '100%', '66%']  memcached=198.2%
[monitor] ['65%', '67%', '100%', '69%']  memcached=200.9%
[monitor] ['68%', '70%', '100%', '74%']  memcached=213.0%
[monitor] ['69%', '72%', '100%', '74%']  memcached=215.4%
[monitor] ['67%', '70%', '100%', '73%']  memcached=209.9%
[monitor] ['61%', '62%', '100%', '62%']  memcached=185.0%
[monitor] ['61%', '59%', '100%', '66%']  memcached=185.8%
[monitor] ['59%', '62%', '100%', '63%']  memcached=183.5%
[monitor] ['48%', '48%', '100%', '51%']  memcached=146.4%
[monitor] ['41%', '40%', '100%', '45%']  memcached=126.7%
[MEMCACHED] cores updated to: ['0', '3']
[freqmine] cores updated to: [1, 2]
[monitor] ['53%', '100%', '100%', '50%']  memcached=103.3%
[monitor] ['56%', '100%', '100%', '61%']  memcached=116.7%
[monitor] ['64%', '100%', '100%', '65%']  memcached=129.3%
[monitor] ['62%', '100%', '100%', '66%']  memcached=128.4%
[monitor] ['68%', '100%', '100%', '64%']  memcached=132.4%
[monitor] ['72%', '100%', '100%', '91%']  memcached=162.4%
[MEMCACHED] cores updated to: ['0', '2', '3']
[freqmine] cores updated to: [1]
[monitor] ['73%', '100%', '74%', '74%']  memcached=220.3%
[monitor] ['73%', '100%', '74%', '73%']  memcached=219.6%
[monitor] ['75%', '100%', '78%', '81%']  memcached=233.3%
[monitor] ['75%', '100%', '76%', '79%']  memcached=230.9%
[monitor] ['76%', '100%', '77%', '78%']  memcached=230.6%
[monitor] ['66%', '100%', '65%', '66%']  memcached=196.4%
[monitor] ['55%', '100%', '57%', '55%']  memcached=166.9%
[monitor] ['57%', '100%', '57%', '60%']  memcached=173.8%
[monitor] ['54%', '100%', '57%', '57%']  memcached=168.1%
[monitor] ['46%', '100%', '52%', '51%']  memcached=149.8%
[monitor] ['48%', '100%', '50%', '50%']  memcached=147.5%
[monitor] ['48%', '100%', '51%', '48%']  memcached=146.3%
[monitor] ['62%', '100%', '64%', '65%']  memcached=191.6%
[monitor] ['65%', '100%', '66%', '67%']  memcached=197.3%
[monitor] ['63%', '100%', '66%', '68%']  memcached=196.4%
[monitor] ['63%', '100%', '68%', '68%']  memcached=198.2%
[monitor] ['68%', '100%', '68%', '68%']  memcached=202.6%
[monitor] ['65%', '100%', '67%', '67%']  memcached=198.3%
[monitor] ['62%', '100%', '67%', '65%']  memcached=193.2%
[monitor] ['52%', '100%', '54%', '56%']  memcached=161.9%
[monitor] ['52%', '100%', '53%', '53%']  memcached=159.4%
[monitor] ['52%', '100%', '53%', '53%']  memcached=159.2%
[monitor] ['66%', '100%', '68%', '71%']  memcached=205.3%
[monitor] ['68%', '100%', '72%', '69%']  memcached=208.6%
[monitor] ['69%', '100%', '70%', '72%']  memcached=211.3%
[monitor] ['73%', '100%', '76%', '76%']  memcached=225.0%
[monitor] ['78%', '100%', '81%', '83%']  memcached=241.2%
[monitor] ['81%', '100%', '81%', '79%']  memcached=240.5%
[monitor] ['68%', '100%', '72%', '72%']  memcached=211.2%
[monitor] ['44%', '100%', '44%', '45%']  memcached=133.3%
[MEMCACHED] cores updated to: ['0', '3']
[freqmine] cores updated to: [1, 2]
[monitor] ['54%', '100%', '100%', '51%']  memcached=105.5%
[monitor] ['53%', '100%', '100%', '48%']  memcached=100.9%
[monitor] ['49%', '100%', '100%', '52%']  memcached=101.0%
[monitor] ['47%', '100%', '100%', '51%']  memcached=97.8%
[monitor] ['50%', '100%', '100%', '50%']  memcached=100.0%
[monitor] ['47%', '100%', '100%', '49%']  memcached=95.6%
[monitor] ['48%', '100%', '100%', '50%']  memcached=97.8%
[monitor] ['48%', '100%', '100%', '51%']  memcached=98.9%
[monitor] ['50%', '100%', '100%', '51%']  memcached=101.2%
[monitor] ['51%', '100%', '100%', '58%']  memcached=109.4%
[monitor] ['56%', '100%', '100%', '49%']  memcached=104.4%
[monitor] ['56%', '100%', '100%', '55%']  memcached=110.1%
[monitor] ['69%', '100%', '100%', '71%']  memcached=140.7%
[monitor] ['72%', '100%', '100%', '72%']  memcached=143.6%
[monitor] ['62%', '100%', '100%', '83%']  memcached=145.8%
[monitor] ['53%', '100%', '100%', '56%']  memcached=109.1%
[monitor] ['47%', '100%', '100%', '49%']  memcached=95.7%
[monitor] ['48%', '100%', '100%', '47%']  memcached=94.8%
[monitor] ['53%', '100%', '100%', '55%']  memcached=108.0%
[monitor] ['68%', '100%', '100%', '88%']  memcached=156.3%
[monitor] ['79%', '100%', '100%', '78%']  memcached=157.2%
[monitor] ['86%', '100%', '100%', '74%']  memcached=159.4%
[monitor] ['50%', '100%', '100%', '52%']  memcached=102.0%
[monitor] ['51%', '100%', '100%', '49%']  memcached=100.0%
[monitor] ['47%', '100%', '100%', '52%']  memcached=98.9%
[monitor] ['49%', '100%', '100%', '50%']  memcached=98.9%
[monitor] ['49%', '100%', '100%', '51%']  memcached=100.0%
[monitor] ['51%', '100%', '100%', '50%']  memcached=101.0%
[monitor] ['52%', '100%', '100%', '55%']  memcached=106.7%
[monitor] ['60%', '100%', '100%', '60%']  memcached=120.5%
[monitor] ['64%', '100%', '100%', '63%']  memcached=126.4%
[monitor] ['57%', '100%', '100%', '68%']  memcached=125.0%
[monitor] ['56%', '100%', '100%', '62%']  memcached=117.5%
[monitor] ['59%', '100%', '100%', '62%']  memcached=121.0%
[monitor] ['60%', '100%', '100%', '61%']  memcached=121.4%
[monitor] ['57%', '100%', '100%', '61%']  memcached=118.2%
[monitor] ['56%', '100%', '100%', '60%']  memcached=116.3%
[monitor] ['57%', '100%', '100%', '62%']  memcached=118.7%
[monitor] ['59%', '100%', '100%', '66%']  memcached=124.4%
[monitor] ['63%', '100%', '100%', '69%']  memcached=132.6%
[monitor] ['64%', '100%', '100%', '70%']  memcached=134.3%
[monitor] ['66%', '100%', '100%', '68%']  memcached=133.4%
[monitor] ['56%', '100%', '100%', '64%']  memcached=120.7%
[monitor] ['58%', '100%', '100%', '66%']  memcached=124.0%
[monitor] ['60%', '100%', '100%', '64%']  memcached=124.8%
[monitor] ['50%', '100%', '100%', '53%']  memcached=103.2%
[monitor] ['46%', '100%', '100%', '51%']  memcached=96.7%
[monitor] ['46%', '100%', '100%', '49%']  memcached=94.6%
[monitor] ['54%', '100%', '100%', '60%']  memcached=113.7%
[monitor] ['68%', '100%', '100%', '77%']  memcached=145.4%
[monitor] ['70%', '100%', '100%', '83%']  memcached=152.9%
[monitor] ['65%', '100%', '100%', '82%']  memcached=146.8%
[monitor] ['78%', '100%', '100%', '100%']  memcached=178.4%
[MEMCACHED] cores updated to: ['0', '1', '3']
[freqmine] cores updated to: [2]
[monitor] ['74%', '74%', '100%', '77%']  memcached=225.1%
[monitor] ['74%', '75%', '100%', '79%']  memcached=228.3%
[monitor] ['74%', '78%', '100%', '75%']  memcached=226.5%
[monitor] ['71%', '76%', '100%', '78%']  memcached=225.1%
[monitor] ['76%', '77%', '100%', '81%']  memcached=234.0%
[monitor] ['59%', '62%', '100%', '63%']  memcached=184.6%
[monitor] ['45%', '43%', '100%', '48%']  memcached=136.0%
[MEMCACHED] cores updated to: ['0', '3']
[freqmine] cores updated to: [1, 2]
[monitor] ['51%', '100%', '100%', '53%']  memcached=104.3%
[monitor] ['55%', '100%', '100%', '55%']  memcached=110.6%
[monitor] ['67%', '100%', '100%', '80%']  memcached=146.7%
[monitor] ['71%', '100%', '100%', '72%']  memcached=143.3%
[monitor] ['72%', '100%', '100%', '74%']  memcached=145.5%
[monitor] ['68%', '100%', '100%', '73%']  memcached=140.5%
[monitor] ['67%', '100%', '100%', '73%']  memcached=139.6%
[monitor] ['66%', '100%', '100%', '74%']  memcached=139.5%
[monitor] ['65%', '100%', '100%', '73%']  memcached=138.0%
[monitor] ['66%', '100%', '100%', '72%']  memcached=138.4%
[monitor] ['72%', '100%', '100%', '67%']  memcached=139.2%
[monitor] ['71%', '100%', '100%', '69%']  memcached=140.3%
[monitor] ['63%', '100%', '100%', '75%']  memcached=138.4%
[monitor] ['70%', '100%', '100%', '69%']  memcached=139.0%
[monitor] ['69%', '100%', '100%', '71%']  memcached=140.3%
[monitor] ['78%', '100%', '100%', '90%']  memcached=168.1%
[MEMCACHED] cores updated to: ['0', '2', '3']
[freqmine] cores updated to: [1]
[monitor] ['76%', '100%', '78%', '78%']  memcached=231.8%
[monitor] ['76%', '100%', '78%', '79%']  memcached=233.0%
[monitor] ['68%', '100%', '68%', '71%']  memcached=207.0%
[monitor] ['59%', '100%', '62%', '63%']  memcached=183.9%
[monitor] ['60%', '100%', '62%', '62%']  memcached=184.4%
[monitor] ['60%', '100%', '60%', '62%']  memcached=182.5%
[monitor] ['52%', '100%', '52%', '55%']  memcached=159.5%
[monitor] ['52%', '100%', '55%', '55%']  memcached=161.9%
[monitor] ['54%', '100%', '55%', '56%']  memcached=164.0%
[monitor] ['43%', '100%', '48%', '47%']  memcached=137.1%
[MEMCACHED] cores updated to: ['0', '3']
[freqmine] cores updated to: [1, 2]
[monitor] ['53%', '100%', '100%', '53%']  memcached=106.5%
[monitor] ['47%', '100%', '100%', '54%']  memcached=101.0%
[monitor] ['62%', '100%', '100%', '62%']  memcached=124.4%
[monitor] ['68%', '100%', '100%', '72%']  memcached=140.9%
[monitor] ['72%', '100%', '100%', '70%']  memcached=141.8%
[monitor] ['70%', '100%', '100%', '76%']  memcached=146.3%
[monitor] ['74%', '100%', '100%', '91%']  memcached=165.0%
[MEMCACHED] cores updated to: ['0', '1', '3']
[freqmine] cores updated to: [2]
[monitor] ['71%', '73%', '100%', '74%']  memcached=217.7%
[monitor] ['69%', '71%', '100%', '74%']  memcached=214.0%
[monitor] ['69%', '70%', '100%', '73%']  memcached=212.5%
[monitor] ['69%', '72%', '100%', '73%']  memcached=214.0%
[monitor] ['72%', '75%', '100%', '75%']  memcached=222.2%
[monitor] ['71%', '73%', '100%', '76%']  memcached=219.7%
[monitor] ['74%', '75%', '100%', '78%']  memcached=226.5%
[monitor] ['69%', '70%', '100%', '74%']  memcached=213.2%
[monitor] ['70%', '72%', '100%', '75%']  memcached=217.5%
[monitor] ['73%', '78%', '100%', '80%']  memcached=230.8%
[monitor] ['76%', '80%', '100%', '83%']  memcached=238.5%
[monitor] ['75%', '77%', '100%', '80%']  memcached=232.1%
[monitor] ['48%', '49%', '100%', '45%']  memcached=141.8%
[monitor] ['40%', '42%', '100%', '43%']  memcached=125.2%
[MEMCACHED] cores updated to: ['0', '3']
[freqmine] cores updated to: [1, 2]
[monitor] ['51%', '100%', '100%', '49%']  memcached=99.9%
[monitor] ['67%', '100%', '100%', '64%']  memcached=131.0%
[monitor] ['78%', '100%', '100%', '79%']  memcached=157.2%
[monitor] ['78%', '100%', '100%', '82%']  memcached=160.1%
[MEMCACHED] cores updated to: ['0', '2', '3']
[freqmine] cores updated to: [1]
[monitor] ['71%', '100%', '72%', '73%']  memcached=216.4%
[monitor] ['68%', '100%', '72%', '74%']  memcached=213.9%
[monitor] ['68%', '100%', '72%', '69%']  memcached=208.8%
[monitor] ['68%', '100%', '69%', '71%']  memcached=208.9%
[monitor] ['74%', '100%', '74%', '75%']  memcached=223.0%
[monitor] ['72%', '100%', '75%', '76%']  memcached=222.9%
[monitor] ['70%', '100%', '74%', '73%']  memcached=216.9%
[monitor] ['69%', '100%', '69%', '70%']  memcached=208.5%
[monitor] ['68%', '100%', '71%', '68%']  memcached=206.7%
[monitor] ['68%', '100%', '68%', '71%']  memcached=206.7%
[monitor] ['67%', '100%', '72%', '72%']  memcached=211.0%
[monitor] ['77%', '100%', '81%', '81%']  memcached=238.3%
[monitor] ['78%', '100%', '80%', '81%']  memcached=238.9%
[monitor] ['76%', '100%', '78%', '78%']  memcached=232.4%
[monitor] ['76%', '100%', '78%', '76%']  memcached=229.8%
[monitor] ['76%', '100%', '78%', '78%']  memcached=231.8%
[monitor] ['75%', '100%', '78%', '78%']  memcached=231.2%
[monitor] ['69%', '100%', '72%', '73%']  memcached=214.0%
[monitor] ['66%', '100%', '69%', '67%']  memcached=201.7%
[monitor] ['67%', '100%', '68%', '69%']  memcached=204.2%
[monitor] ['60%', '100%', '62%', '62%']  memcached=184.0%
[monitor] ['50%', '100%', '51%', '51%']  memcached=152.4%
[monitor] ['49%', '100%', '55%', '48%']  memcached=150.9%
[monitor] ['50%', '100%', '52%', '51%']  memcached=153.5%
[monitor] ['59%', '100%', '63%', '62%']  memcached=184.9%
[monitor] ['59%', '100%', '62%', '63%']  memcached=184.9%
[monitor] ['62%', '100%', '64%', '62%']  memcached=188.3%
[monitor] ['62%', '100%', '63%', '65%']  memcached=190.3%
[monitor] ['57%', '100%', '60%', '59%']  memcached=176.5%
[monitor] ['60%', '100%', '61%', '62%']  memcached=182.4%
[monitor] ['59%', '100%', '62%', '62%']  memcached=183.0%
[monitor] ['69%', '100%', '70%', '71%']  memcached=210.3%
[monitor] ['67%', '100%', '69%', '70%']  memcached=205.9%
[monitor] ['68%', '100%', '70%', '67%']  memcached=205.1%
[monitor] ['82%', '100%', '85%', '88%']  memcached=255.1%
[monitor] ['79%', '100%', '81%', '81%']  memcached=240.1%
[monitor] ['80%', '100%', '85%', '85%']  memcached=250.6%
[monitor] ['67%', '100%', '68%', '68%']  memcached=203.5%
[monitor] ['60%', '100%', '65%', '63%']  memcached=188.5%
[monitor] ['62%', '100%', '61%', '62%']  memcached=185.4%
[monitor] ['61%', '100%', '62%', '63%']  memcached=186.9%
[monitor] ['64%', '100%', '68%', '66%']  memcached=197.2%
[monitor] ['64%', '100%', '67%', '68%']  memcached=198.3%
[monitor] ['66%', '100%', '69%', '68%']  memcached=202.6%
[monitor] ['56%', '100%', '58%', '59%']  memcached=173.3%
[monitor] ['56%', '100%', '60%', '61%']  memcached=177.9%
[monitor] ['57%', '100%', '55%', '56%']  memcached=168.6%
[monitor] ['55%', '100%', '54%', '55%']  memcached=163.2%
[monitor] ['51%', '100%', '52%', '52%']  memcached=156.0%
[monitor] ['52%', '100%', '53%', '56%']  memcached=161.7%
[monitor] ['49%', '100%', '53%', '49%']  memcached=151.0%
[monitor] ['51%', '100%', '50%', '50%']  memcached=151.2%
[monitor] ['48%', '100%', '51%', '52%']  memcached=151.0%
[monitor] ['48%', '100%', '48%', '48%']  memcached=142.5%
[monitor] ['45%', '100%', '49%', '47%']  memcached=140.6%
[monitor] ['45%', '100%', '48%', '50%']  memcached=142.9%
[monitor] ['46%', '100%', '48%', '48%']  memcached=141.7%
[monitor] ['46%', '100%', '50%', '48%']  memcached=144.0%
[monitor] ['44%', '100%', '50%', '45%']  memcached=138.9%
[MEMCACHED] cores updated to: ['0', '3']
[freqmine] cores updated to: [1, 2]
[monitor] ['49%', '100%', '100%', '56%']  memcached=104.7%
[monitor] ['53%', '100%', '100%', '59%']  memcached=112.6%
[monitor] ['57%', '100%', '100%', '59%']  memcached=115.9%
[monitor] ['55%', '100%', '100%', '57%']  memcached=111.6%
[monitor] ['57%', '100%', '100%', '59%']  memcached=115.4%
[monitor] ['82%', '100%', '100%', '74%']  memcached=156.0%
[monitor] ['82%', '100%', '100%', '74%']  memcached=156.7%
[monitor] ['88%', '100%', '100%', '68%']  memcached=155.9%
[monitor] ['88%', '100%', '100%', '83%']  memcached=170.4%
[MEMCACHED] cores updated to: ['0', '1', '3']
[freqmine] cores updated to: [2]
[monitor] ['73%', '76%', '100%', '81%']  memcached=229.2%
[monitor] ['76%', '77%', '100%', '83%']  memcached=235.7%
[monitor] ['62%', '62%', '100%', '63%']  memcached=187.2%
[monitor] ['48%', '50%', '100%', '50%']  memcached=147.7%
[monitor] ['48%', '50%', '100%', '51%']  memcached=148.7%
[monitor] ['50%', '48%', '100%', '50%']  memcached=147.6%
[monitor] ['43%', '47%', '100%', '45%']  memcached=134.2%
[MEMCACHED] cores updated to: ['0', '3']
[freqmine] cores updated to: [1, 2]
[monitor] ['52%', '100%', '100%', '56%']  memcached=108.3%
[monitor] ['49%', '100%', '100%', '54%']  memcached=103.2%
[monitor] ['69%', '100%', '100%', '79%']  memcached=148.6%
[monitor] ['79%', '100%', '100%', '91%']  memcached=169.9%
[MEMCACHED] cores updated to: ['0', '2', '3']
[freqmine] cores updated to: [1]
[monitor] ['72%', '100%', '75%', '76%']  memcached=222.9%
[monitor] ['65%', '100%', '68%', '68%']  memcached=200.8%
[monitor] ['56%', '100%', '58%', '56%']  memcached=171.0%
[monitor] ['54%', '100%', '60%', '60%']  memcached=172.7%
[monitor] ['55%', '100%', '57%', '57%']  memcached=169.6%
[monitor] ['50%', '100%', '53%', '51%']  memcached=154.6%
[monitor] ['51%', '100%', '53%', '52%']  memcached=157.1%
[monitor] ['50%', '100%', '52%', '53%']  memcached=155.9%
[monitor] ['56%', '100%', '57%', '56%']  memcached=169.3%
[monitor] ['55%', '100%', '58%', '56%']  memcached=169.5%
[monitor] ['56%', '100%', '60%', '57%']  memcached=173.1%
[monitor] ['57%', '100%', '60%', '60%']  memcached=177.0%
[monitor] ['60%', '100%', '64%', '60%']  memcached=184.3%
[monitor] ['60%', '100%', '60%', '62%']  memcached=181.5%
[monitor] ['59%', '100%', '62%', '61%']  memcached=182.0%
[monitor] ['52%', '100%', '55%', '54%']  memcached=160.6%
[monitor] ['51%', '100%', '54%', '54%']  memcached=158.5%
[monitor] ['51%', '100%', '55%', '52%']  memcached=158.3%
[monitor] ['66%', '100%', '69%', '69%']  memcached=204.3%
[monitor] ['68%', '100%', '73%', '73%']  memcached=214.4%
[monitor] ['68%', '100%', '70%', '74%']  memcached=212.4%
[monitor] ['79%', '100%', '81%', '77%']  memcached=237.6%
[monitor] ['82%', '100%', '85%', '88%']  memcached=255.5%
[monitor] ['79%', '100%', '85%', '85%']  memcached=248.9%
[monitor] ['75%', '100%', '75%', '76%']  memcached=226.5%
[monitor] ['52%', '100%', '56%', '55%']  memcached=163.6%
[monitor] ['54%', '100%', '57%', '55%']  memcached=165.8%
[monitor] ['52%', '100%', '55%', '55%']  memcached=162.3%
[monitor] ['67%', '100%', '69%', '66%']  memcached=201.7%
[monitor] ['68%', '100%', '68%', '73%']  memcached=209.8%
[monitor] ['67%', '100%', '69%', '69%']  memcached=205.1%
[monitor] ['65%', '100%', '68%', '68%']  memcached=201.7%
[monitor] ['68%', '100%', '68%', '68%']  memcached=202.6%
[monitor] ['65%', '100%', '70%', '72%']  memcached=206.9%
[monitor] ['62%', '100%', '65%', '64%']  memcached=191.6%
[monitor] ['51%', '100%', '56%', '57%']  memcached=164.2%
[monitor] ['56%', '100%', '56%', '57%']  memcached=168.4%
[monitor] ['51%', '100%', '56%', '51%']  memcached=158.3%
[monitor] ['72%', '100%', '76%', '78%']  memcached=225.7%
[monitor] ['74%', '100%', '76%', '78%']  memcached=228.4%
[monitor] ['76%', '100%', '78%', '79%']  memcached=234.1%
[monitor] ['54%', '100%', '57%', '59%']  memcached=169.9%
[monitor] ['43%', '100%', '48%', '47%']  memcached=136.7%
[MEMCACHED] cores updated to: ['0', '3']
[freqmine] cores updated to: [1, 2]
[monitor] ['53%', '100%', '100%', '50%']  memcached=103.1%
[monitor] ['55%', '100%', '100%', '59%']  memcached=113.9%
[monitor] ['77%', '100%', '100%', '100%']  memcached=176.9%
[MEMCACHED] cores updated to: ['0', '1', '3']
[freqmine] cores updated to: [2]
[monitor] ['78%', '79%', '100%', '82%']  memcached=239.5%
[monitor] ['74%', '78%', '100%', '82%']  memcached=235.0%
[monitor] ['50%', '52%', '100%', '55%']  memcached=156.9%
[monitor] ['46%', '49%', '100%', '49%']  memcached=143.9%
[monitor] ['49%', '49%', '100%', '52%']  memcached=149.9%
[monitor] ['52%', '52%', '100%', '56%']  memcached=161.0%
[monitor] ['53%', '52%', '100%', '56%']  memcached=162.1%
[monitor] ['56%', '56%', '100%', '55%']  memcached=166.9%
[monitor] ['57%', '56%', '100%', '62%']  memcached=175.5%
[monitor] ['63%', '67%', '100%', '68%']  memcached=198.2%
[monitor] ['65%', '67%', '100%', '68%']  memcached=200.0%
[monitor] ['65%', '63%', '100%', '67%']  memcached=194.8%
[monitor] ['40%', '37%', '100%', '40%']  memcached=115.7%
[MEMCACHED] cores updated to: ['0', '3']
[freqmine] cores updated to: [1, 2]
[monitor] ['45%', '100%', '100%', '48%']  memcached=93.4%
[monitor] ['45%', '100%', '100%', '46%']  memcached=90.3%
[monitor] ['56%', '100%', '100%', '59%']  memcached=114.9%
[monitor] ['65%', '100%', '100%', '68%']  memcached=132.5%
[monitor] ['63%', '100%', '100%', '65%']  memcached=128.4%
[monitor] ['64%', '100%', '100%', '66%']  memcached=130.1%
[monitor] ['59%', '100%', '100%', '60%']  memcached=119.6%
[monitor] ['60%', '100%', '100%', '60%']  memcached=120.9%
[monitor] ['59%', '100%', '100%', '61%']  memcached=120.5%
[monitor] ['86%', '100%', '100%', '80%']  memcached=165.7%
[MEMCACHED] cores updated to: ['0', '2', '3']
[freqmine] cores updated to: [1]
[monitor] ['72%', '100%', '74%', '76%']  memcached=222.4%
[monitor] ['73%', '100%', '75%', '76%']  memcached=224.3%
[monitor] ['79%', '100%', '82%', '84%']  memcached=246.1%
[monitor] ['82%', '100%', '86%', '88%']  memcached=255.6%
[monitor] ['82%', '100%', '84%', '85%']  memcached=251.6%
[monitor] ['69%', '100%', '74%', '76%']  memcached=219.2%
[monitor] ['57%', '100%', '57%', '58%']  memcached=172.4%
[monitor] ['54%', '100%', '59%', '55%']  memcached=167.9%
[monitor] ['56%', '100%', '59%', '56%']  memcached=171.6%
[monitor] ['62%', '100%', '62%', '66%']  memcached=190.9%
[monitor] ['60%', '100%', '62%', '62%']  memcached=185.0%
[monitor] ['61%', '100%', '64%', '63%']  memcached=188.7%
[monitor] ['64%', '100%', '65%', '64%']  memcached=193.2%
[monitor] ['62%', '100%', '63%', '64%']  memcached=190.0%
[monitor] ['62%', '100%', '65%', '65%']  memcached=192.6%
[monitor] ['65%', '100%', '67%', '68%']  memcached=199.2%
[monitor] ['68%', '100%', '74%', '71%']  memcached=213.2%
[monitor] ['70%', '100%', '72%', '72%']  memcached=214.3%
[monitor] ['67%', '100%', '72%', '70%']  memcached=208.7%
[monitor] ['55%', '100%', '56%', '57%']  memcached=168.2%
[monitor] ['57%', '100%', '58%', '57%']  memcached=172.1%
[monitor] ['55%', '100%', '58%', '57%']  memcached=170.0%
[monitor] ['46%', '100%', '50%', '51%']  memcached=147.5%
[monitor] ['45%', '100%', '48%', '45%']  memcached=138.5%
[MEMCACHED] cores updated to: ['0', '3']
[freqmine] cores updated to: [1, 2]
[monitor] ['53%', '100%', '100%', '53%']  memcached=106.7%
[monitor] ['61%', '100%', '100%', '65%']  memcached=125.6%
[monitor] ['91%', '100%', '100%', '80%']  memcached=170.9%
[MEMCACHED] cores updated to: ['0', '1', '3']
[freqmine] cores updated to: [2]
[monitor] ['69%', '73%', '100%', '76%']  memcached=217.9%
[monitor] ['70%', '71%', '100%', '74%']  memcached=215.4%
[monitor] ['68%', '69%', '100%', '70%']  memcached=207.0%
[monitor] ['68%', '71%', '100%', '71%']  memcached=210.5%
[monitor] ['68%', '68%', '100%', '71%']  memcached=207.0%
[monitor] ['75%', '75%', '100%', '80%']  memcached=230.0%
[monitor] ['74%', '78%', '100%', '80%']  memcached=231.5%
[monitor] ['73%', '78%', '100%', '81%']  memcached=231.8%
[monitor] ['68%', '70%', '100%', '71%']  memcached=208.6%
[monitor] ['57%', '60%', '100%', '61%']  memcached=178.0%
[monitor] ['59%', '58%', '100%', '62%']  memcached=178.9%
[monitor] ['58%', '57%', '100%', '61%']  memcached=176.6%
[monitor] ['48%', '50%', '100%', '49%']  memcached=146.5%
[monitor] ['45%', '45%', '100%', '44%']  memcached=133.8%
[MEMCACHED] cores updated to: ['0', '3']
[freqmine] cores updated to: [1, 2]
[monitor] ['57%', '100%', '100%', '54%']  memcached=111.8%
[monitor] ['63%', '100%', '100%', '65%']  memcached=127.8%
[monitor] ['61%', '100%', '100%', '72%']  memcached=132.8%
[monitor] ['64%', '100%', '100%', '69%']  memcached=133.3%
[monitor] ['56%', '100%', '100%', '66%']  memcached=122.0%
[monitor] ['47%', '100%', '100%', '49%']  memcached=95.6%
[monitor] ['47%', '100%', '100%', '52%']  memcached=98.8%
[monitor] ['53%', '100%', '100%', '49%']  memcached=102.0%
[monitor] ['62%', '100%', '100%', '69%']  memcached=131.7%
[monitor] ['63%', '100%', '100%', '69%']  memcached=132.6%
[monitor] ['64%', '100%', '100%', '68%']  memcached=131.6%
[monitor] ['78%', '100%', '100%', '91%']  memcached=169.6%
[MEMCACHED] cores updated to: ['0', '2', '3']
[freqmine] cores updated to: [1]
[monitor] ['78%', '100%', '83%', '85%']  memcached=245.9%
[monitor] ['78%', '100%', '82%', '83%']  memcached=243.0%
[monitor] ['56%', '100%', '59%', '55%']  memcached=170.2%
[monitor] ['37%', '100%', '38%', '35%']  memcached=109.7%
[MEMCACHED] cores updated to: ['0', '3']
[freqmine] cores updated to: [1, 2]
[monitor] ['42%', '100%', '100%', '48%']  memcached=90.1%
[monitor] ['48%', '100%', '100%', '50%']  memcached=97.7%
[monitor] ['83%', '100%', '100%', '81%']  memcached=163.4%
[MEMCACHED] cores updated to: ['0', '1', '3']
[freqmine] cores updated to: [2]
[monitor] ['71%', '74%', '100%', '76%']  memcached=220.4%
[monitor] ['70%', '73%', '100%', '76%']  memcached=218.9%
[monitor] ['60%', '56%', '100%', '60%']  memcached=177.3%
[monitor] ['54%', '55%', '100%', '55%']  memcached=163.9%
[monitor] ['54%', '55%', '100%', '57%']  memcached=165.8%
[monitor] ['51%', '49%', '100%', '54%']  memcached=153.5%
[monitor] ['46%', '49%', '100%', '51%']  memcached=146.3%
[monitor] ['47%', '45%', '100%', '46%']  memcached=138.1%
[MEMCACHED] cores updated to: ['0', '3']
[freqmine] cores updated to: [1, 2]
[monitor] ['55%', '100%', '100%', '58%']  memcached=112.3%
[monitor] ['62%', '100%', '100%', '62%']  memcached=123.8%
[monitor] ['60%', '100%', '100%', '62%']  memcached=122.5%
[monitor] ['57%', '100%', '100%', '62%']  memcached=119.6%
[monitor] ['81%', '100%', '100%', '78%']  memcached=158.9%
[monitor] ['82%', '100%', '100%', '81%']  memcached=162.9%
[MEMCACHED] cores updated to: ['0', '2', '3']
[freqmine] cores updated to: [1]
[monitor] ['71%', '100%', '74%', '72%']  memcached=217.0%
[monitor] ['69%', '100%', '71%', '74%']  memcached=214.2%
[monitor] ['67%', '100%', '71%', '69%']  memcached=207.0%
[monitor] ['69%', '100%', '69%', '72%']  memcached=210.3%
[monitor] ['70%', '100%', '73%', '72%']  memcached=215.0%
[monitor] ['68%', '100%', '71%', '70%']  memcached=208.9%
[monitor] ['68%', '100%', '68%', '72%']  memcached=208.6%
[monitor] ['68%', '100%', '70%', '70%']  memcached=208.1%
[monitor] ['67%', '100%', '70%', '69%']  memcached=205.9%
[monitor] ['65%', '100%', '66%', '68%']  memcached=199.2%
[monitor] ['64%', '100%', '69%', '68%']  memcached=200.6%
[monitor] ['59%', '100%', '61%', '61%']  memcached=180.9%
[monitor] ['53%', '100%', '55%', '55%']  memcached=163.0%
[monitor] ['49%', '100%', '55%', '56%']  memcached=159.2%
[monitor] ['50%', '100%', '51%', '51%']  memcached=152.4%
[monitor] ['42%', '100%', '48%', '41%']  memcached=131.1%
[MEMCACHED] cores updated to: ['0', '3']
[freqmine] cores updated to: [1, 2]
[monitor] ['48%', '100%', '97%', '51%']  memcached=98.9%
[monitor] ['47%', '100%', '100%', '51%']  memcached=97.7%
[monitor] ['56%', '100%', '100%', '60%']  memcached=116.3%
[monitor] ['58%', '100%', '100%', '60%']  memcached=118.2%
[monitor] ['57%', '100%', '100%', '61%']  memcached=118.5%
[monitor] ['53%', '100%', '100%', '57%']  memcached=110.8%
[monitor] ['48%', '100%', '100%', '55%']  memcached=103.1%
[monitor] ['51%', '100%', '100%', '55%']  memcached=106.2%
[monitor] ['54%', '100%', '100%', '58%']  memcached=112.5%
[monitor] ['62%', '100%', '100%', '64%']  memcached=126.8%
[monitor] ['64%', '100%', '100%', '61%']  memcached=125.3%
[monitor] ['61%', '100%', '100%', '67%']  memcached=127.6%
[monitor] ['69%', '100%', '100%', '69%']  memcached=138.5%
[monitor] ['65%', '100%', '100%', '71%']  memcached=136.1%
[monitor] ['68%', '100%', '100%', '71%']  memcached=138.2%
[monitor] ['63%', '100%', '100%', '62%']  memcached=124.7%
[monitor] ['54%', '100%', '100%', '60%']  memcached=114.1%
[monitor] ['56%', '100%', '100%', '61%']  memcached=116.7%
[monitor] ['62%', '100%', '100%', '64%']  memcached=126.2%
[monitor] ['71%', '100%', '100%', '76%']  memcached=146.7%
[monitor] ['74%', '100%', '100%', '76%']  memcached=150.7%
[monitor] ['75%', '100%', '100%', '71%']  memcached=146.1%
[monitor] ['93%', '100%', '100%', '83%']  memcached=176.2%
[MEMCACHED] cores updated to: ['0', '1', '3']
[freqmine] cores updated to: [2]
[monitor] ['72%', '76%', '100%', '75%']  memcached=222.9%
[monitor] ['74%', '76%', '100%', '79%']  memcached=228.9%
[monitor] ['62%', '61%', '100%', '66%']  memcached=187.9%
[monitor] ['57%', '57%', '100%', '59%']  memcached=173.2%
[monitor] ['57%', '57%', '100%', '57%']  memcached=171.8%
[monitor] ['61%', '62%', '100%', '64%']  memcached=186.2%
[monitor] ['73%', '77%', '100%', '78%']  memcached=227.9%
[monitor] ['71%', '76%', '100%', '78%']  memcached=224.5%
[monitor] ['73%', '76%', '100%', '78%']  memcached=227.0%
[monitor] ['78%', '81%', '100%', '86%']  memcached=244.0%
[monitor] ['75%', '80%', '100%', '82%']  memcached=237.4%
[monitor] ['81%', '83%', '100%', '88%']  memcached=250.9%
[monitor] ['67%', '67%', '100%', '71%']  memcached=204.4%
[monitor] ['61%', '64%', '100%', '63%']  memcached=188.7%
[monitor] ['62%', '62%', '100%', '63%']  memcached=187.2%
[monitor] ['67%', '69%', '100%', '74%']  memcached=210.3%
[monitor] ['78%', '82%', '100%', '84%']  memcached=244.5%
[monitor] ['80%', '80%', '100%', '86%']  memcached=245.7%
[monitor] ['78%', '83%', '100%', '84%']  memcached=245.6%
[monitor] ['74%', '78%', '100%', '81%']  memcached=233.1%
[monitor] ['78%', '80%', '100%', '83%']  memcached=241.2%
[monitor] ['76%', '78%', '100%', '82%']  memcached=235.9%
[monitor] ['72%', '75%', '100%', '78%']  memcached=225.0%
[monitor] ['69%', '74%', '100%', '73%']  memcached=215.9%
[monitor] ['71%', '73%', '100%', '76%']  memcached=219.7%
[monitor] ['61%', '61%', '100%', '65%']  memcached=186.5%
[monitor] ['45%', '48%', '100%', '51%']  memcached=144.0%
[monitor] ['48%', '45%', '100%', '48%']  memcached=140.6%
[monitor] ['48%', '48%', '100%', '49%']  memcached=144.2%
[monitor] ['44%', '43%', '100%', '44%']  memcached=131.2%
[MEMCACHED] cores updated to: ['0', '3']
[freqmine] cores updated to: [1, 2]
[monitor] ['47%', '100%', '100%', '53%']  memcached=99.9%
[monitor] ['47%', '100%', '100%', '55%']  memcached=101.6%
[monitor] ['56%', '100%', '100%', '55%']  memcached=110.3%
[monitor] ['56%', '100%', '100%', '61%']  memcached=116.4%
[monitor] ['56%', '100%', '100%', '54%']  memcached=109.9%
[monitor] ['60%', '100%', '100%', '60%']  memcached=120.0%
[monitor] ['65%', '100%', '100%', '69%']  memcached=134.2%
[monitor] ['67%', '100%', '100%', '72%']  memcached=139.2%
[monitor] ['67%', '100%', '100%', '74%']  memcached=141.0%
[monitor] ['85%', '100%', '100%', '83%']  memcached=167.7%
[MEMCACHED] cores updated to: ['0', '2', '3']
[freqmine] cores updated to: [1]
[monitor] ['70%', '100%', '74%', '74%']  memcached=217.4%
[monitor] ['72%', '100%', '76%', '75%']  memcached=222.9%
[monitor] ['48%', '100%', '55%', '51%']  memcached=153.3%
[monitor] ['48%', '100%', '48%', '48%']  memcached=143.1%
[monitor] ['43%', '100%', '45%', '48%']  memcached=135.1%
[MEMCACHED] cores updated to: ['0', '3']
[freqmine] cores updated to: [1, 2]
[monitor] ['58%', '100%', '100%', '57%']  memcached=114.6%
[monitor] ['61%', '100%', '100%', '63%']  memcached=124.4%
[monitor] ['59%', '100%', '100%', '64%']  memcached=123.4%
[monitor] ['62%', '100%', '100%', '61%']  memcached=122.9%
[monitor] ['51%', '100%', '100%', '49%']  memcached=100.0%
[monitor] ['47%', '100%', '100%', '51%']  memcached=97.7%
[monitor] ['48%', '100%', '100%', '50%']  memcached=97.9%
[monitor] ['60%', '100%', '100%', '62%']  memcached=121.4%
[monitor] ['67%', '100%', '100%', '58%']  memcached=125.6%
[monitor] ['62%', '100%', '100%', '61%']  memcached=123.3%
[monitor] ['69%', '100%', '100%', '79%']  memcached=148.2%
[monitor] ['82%', '100%', '100%', '100%']  memcached=181.6%
[MEMCACHED] cores updated to: ['0', '1', '3']
[freqmine] cores updated to: [2]
[monitor] ['77%', '77%', '100%', '85%']  memcached=239.1%
[monitor] ['76%', '79%', '100%', '83%']  memcached=237.5%
[monitor] ['80%', '81%', '100%', '82%']  memcached=243.6%
[monitor] ['76%', '77%', '100%', '83%']  memcached=236.5%
[monitor] ['75%', '78%', '100%', '82%']  memcached=234.6%
[monitor] ['65%', '66%', '100%', '66%']  memcached=196.6%
[monitor] ['64%', '65%', '100%', '68%']  memcached=197.4%
[monitor] ['66%', '67%', '100%', '70%']  memcached=202.5%
[monitor] ['68%', '70%', '100%', '72%']  memcached=210.9%
[monitor] ['73%', '75%', '100%', '78%']  memcached=225.8%
[monitor] ['73%', '75%', '100%', '77%']  memcached=225.1%
[monitor] ['66%', '66%', '100%', '70%']  memcached=201.8%
[monitor] ['40%', '40%', '100%', '43%']  memcached=123.2%
[MEMCACHED] cores updated to: ['0', '3']
[freqmine] cores updated to: [1, 2]
[monitor] ['47%', '97%', '100%', '50%']  memcached=96.8%
[monitor] ['47%', '100%', '100%', '51%']  memcached=97.9%
[monitor] ['57%', '100%', '100%', '57%']  memcached=113.0%
[monitor] ['52%', '100%', '100%', '59%']  memcached=111.0%
[monitor] ['57%', '100%', '100%', '56%']  memcached=112.1%
[monitor] ['50%', '100%', '100%', '53%']  memcached=103.2%
[monitor] ['43%', '100%', '100%', '47%']  memcached=90.3%
[monitor] ['47%', '100%', '100%', '47%']  memcached=93.6%
[monitor] ['49%', '100%', '100%', '50%']  memcached=98.9%
[monitor] ['55%', '100%', '100%', '57%']  memcached=111.9%
[monitor] ['57%', '100%', '100%', '59%']  memcached=115.5%
[monitor] ['55%', '100%', '100%', '57%']  memcached=111.4%
[monitor] ['78%', '100%', '100%', '94%']  memcached=172.1%
[MEMCACHED] cores updated to: ['0', '2', '3']
[freqmine] cores updated to: [1]
[monitor] ['76%', '100%', '78%', '78%']  memcached=231.8%
[monitor] ['78%', '100%', '81%', '80%']  memcached=239.5%
[monitor] ['59%', '100%', '58%', '58%']  memcached=174.8%
[monitor] ['49%', '100%', '51%', '50%']  memcached=149.9%
[monitor] ['48%', '100%', '52%', '51%']  memcached=151.0%
[monitor] ['56%', '100%', '58%', '54%']  memcached=167.6%
[monitor] ['75%', '100%', '78%', '79%']  memcached=231.7%
[monitor] ['76%', '100%', '78%', '78%']  memcached=231.8%
[monitor] ['73%', '100%', '76%', '75%']  memcached=224.3%
[monitor] ['54%', '100%', '56%', '58%']  memcached=167.9%
[monitor] ['55%', '100%', '54%', '52%']  memcached=160.9%
[monitor] ['56%', '100%', '57%', '55%']  memcached=167.4%
[monitor] ['43%', '100%', '47%', '48%']  memcached=137.0%
[MEMCACHED] cores updated to: ['0', '3']
[freqmine] cores updated to: [1, 2]
[monitor] ['49%', '100%', '100%', '50%']  memcached=99.0%
[monitor] ['48%', '100%', '100%', '49%']  memcached=96.8%
[monitor] ['45%', '100%', '100%', '48%']  memcached=92.6%
[monitor] ['46%', '100%', '100%', '51%']  memcached=96.7%
[monitor] ['47%', '100%', '100%', '47%']  memcached=93.7%
[monitor] ['48%', '100%', '100%', '47%']  memcached=94.9%
[monitor] ['61%', '100%', '100%', '62%']  memcached=122.9%
[monitor] ['60%', '100%', '100%', '62%']  memcached=122.4%
[monitor] ['63%', '100%', '100%', '64%']  memcached=126.4%
[monitor] ['50%', '100%', '100%', '55%']  memcached=105.3%
[monitor] ['48%', '100%', '100%', '50%']  memcached=97.9%
[monitor] ['50%', '100%', '100%', '48%']  memcached=97.9%
[monitor] ['50%', '100%', '100%', '51%']  memcached=101.1%
[monitor] ['55%', '100%', '100%', '51%']  memcached=106.4%
[monitor] ['54%', '100%', '100%', '53%']  memcached=107.4%
[monitor] ['47%', '100%', '100%', '58%']  memcached=105.0%
[monitor] ['60%', '100%', '100%', '68%']  memcached=128.8%
[monitor] ['63%', '100%', '100%', '66%']  memcached=129.3%
[monitor] ['62%', '100%', '100%', '67%']  memcached=129.2%
[monitor] ['58%', '100%', '100%', '66%']  memcached=124.0%
[monitor] ['59%', '100%', '100%', '60%']  memcached=119.0%
[monitor] ['61%', '100%', '100%', '66%']  memcached=126.8%
[monitor] ['61%', '100%', '100%', '58%']  memcached=119.5%
[monitor] ['58%', '100%', '100%', '61%']  memcached=118.6%
[monitor] ['57%', '100%', '100%', '61%']  memcached=118.8%
[monitor] ['57%', '100%', '100%', '58%']  memcached=114.6%
[monitor] ['71%', '100%', '100%', '73%']  memcached=143.7%
[monitor] ['67%', '100%', '100%', '74%']  memcached=141.0%
[monitor] ['71%', '100%', '100%', '73%']  memcached=144.0%
[monitor] ['62%', '100%', '100%', '75%']  memcached=136.9%
[monitor] ['67%', '100%', '100%', '66%']  memcached=132.5%
[monitor] ['66%', '100%', '100%', '68%']  memcached=134.1%
[monitor] ['67%', '100%', '100%', '74%']  memcached=140.4%
[monitor] ['70%', '100%', '100%', '85%']  memcached=155.3%
[monitor] ['76%', '100%', '100%', '85%']  memcached=161.0%
[MEMCACHED] cores updated to: ['0', '1', '3']
[freqmine] cores updated to: [2]
[monitor] ['71%', '68%', '100%', '71%']  memcached=209.4%
[monitor] ['65%', '70%', '100%', '73%']  memcached=208.1%
[monitor] ['67%', '66%', '100%', '69%']  memcached=201.7%
[monitor] ['67%', '69%', '100%', '69%']  memcached=205.1%
[monitor] ['50%', '48%', '100%', '51%']  memcached=148.7%
[monitor] ['40%', '43%', '100%', '42%']  memcached=124.6%
[MEMCACHED] cores updated to: ['0', '3']
[freqmine] cores updated to: [1, 2]
[monitor] ['50%', '100%', '100%', '52%']  memcached=102.1%
[monitor] ['49%', '100%', '100%', '48%']  memcached=96.9%
[monitor] ['42%', '100%', '100%', '42%']  memcached=84.4%
[monitor] ['40%', '100%', '100%', '43%']  memcached=83.5%
[monitor] ['43%', '100%', '100%', '43%']  memcached=86.4%
[monitor] ['78%', '100%', '100%', '83%']  memcached=161.7%
[MEMCACHED] cores updated to: ['0', '2', '3']
[freqmine] cores updated to: [1]
[monitor] ['69%', '100%', '72%', '71%']  memcached=212.1%
[monitor] ['68%', '100%', '68%', '72%']  memcached=208.6%
[monitor] ['72%', '100%', '73%', '73%']  memcached=217.7%
[monitor] ['71%', '100%', '71%', '71%']  memcached=213.2%
[monitor] ['68%', '100%', '73%', '74%']  memcached=215.3%
[monitor] ['73%', '100%', '78%', '78%']  memcached=229.1%
[monitor] ['82%', '100%', '85%', '88%']  memcached=255.5%
[monitor] ['85%', '100%', '85%', '85%']  memcached=255.4%
[monitor] ['80%', '100%', '85%', '83%']  memcached=248.2%
[monitor] ['76%', '100%', '78%', '78%']  memcached=231.2%
[monitor] ['75%', '100%', '78%', '78%']  memcached=231.8%
[monitor] ['78%', '100%', '78%', '80%']  memcached=236.8%
[monitor] ['59%', '100%', '62%', '62%']  memcached=183.0%
[monitor] ['56%', '100%', '58%', '59%']  memcached=172.8%
[monitor] ['54%', '100%', '60%', '58%']  memcached=172.3%
[monitor] ['68%', '100%', '71%', '69%']  memcached=208.0%
[monitor] ['82%', '100%', '83%', '85%']  memcached=250.5%
[monitor] ['83%', '100%', '85%', '83%']  memcached=251.5%
[monitor] ['74%', '100%', '75%', '78%']  memcached=227.1%
[monitor] ['50%', '100%', '52%', '51%']  memcached=153.3%
[monitor] ['48%', '100%', '51%', '51%']  memcached=149.9%
[monitor] ['49%', '100%', '50%', '51%']  memcached=149.9%
[monitor] ['42%', '100%', '43%', '42%']  memcached=127.3%
[MEMCACHED] cores updated to: ['0', '3']
[freqmine] cores updated to: [1, 2]
[monitor] ['41%', '100%', '97%', '48%']  memcached=88.8%
[monitor] ['45%', '100%', '100%', '46%']  memcached=90.3%
[monitor] ['60%', '100%', '100%', '62%']  memcached=121.9%
[monitor] ['70%', '100%', '100%', '91%']  memcached=160.9%
[MEMCACHED] cores updated to: ['0', '1', '3']
[freqmine] cores updated to: [2]
[monitor] ['67%', '68%', '100%', '70%']  memcached=204.2%
[monitor] ['62%', '62%', '100%', '64%']  memcached=187.2%
[monitor] ['40%', '40%', '100%', '40%']  memcached=121.4%
[MEMCACHED] cores updated to: ['0', '3']
[freqmine] cores updated to: [1, 2]
[monitor] ['48%', '100%', '100%', '52%']  memcached=99.9%
[monitor] ['50%', '100%', '100%', '53%']  memcached=102.9%
[monitor] ['52%', '100%', '100%', '53%']  memcached=105.3%
[monitor] ['51%', '100%', '100%', '54%']  memcached=105.2%
[monitor] ['54%', '100%', '100%', '55%']  memcached=109.3%
[monitor] ['69%', '100%', '100%', '68%']  memcached=137.7%
[monitor] ['83%', '100%', '100%', '100%']  memcached=183.3%
[MEMCACHED] cores updated to: ['0', '2', '3']
[freqmine] cores updated to: [1]
[monitor] ['82%', '100%', '87%', '94%']  memcached=262.7%
[monitor] ['71%', '100%', '72%', '75%']  memcached=217.8%
[monitor] ['46%', '100%', '43%', '40%']  memcached=129.0%
[MEMCACHED] cores updated to: ['0', '3']
[freqmine] cores updated to: [1, 2]
[monitor] ['49%', '100%', '100%', '52%']  memcached=101.1%
[monitor] ['50%', '100%', '100%', '50%']  memcached=100.0%
[monitor] ['74%', '100%', '100%', '72%']  memcached=146.2%
[monitor] ['78%', '100%', '100%', '78%']  memcached=156.2%
[monitor] ['76%', '100%', '100%', '77%']  memcached=152.8%
[monitor] ['79%', '100%', '100%', '80%']  memcached=159.4%
[monitor] ['86%', '100%', '100%', '81%']  memcached=166.3%
[MEMCACHED] cores updated to: ['0', '1', '3']
[freqmine] cores updated to: [2]
[monitor] ['74%', '76%', '100%', '76%']  memcached=225.7%
[monitor] ['74%', '73%', '100%', '78%']  memcached=224.4%
[monitor] ['78%', '83%', '100%', '85%']  memcached=246.0%
[monitor] ['77%', '81%', '100%', '86%']  memcached=243.4%
[monitor] ['79%', '82%', '100%', '85%']  memcached=246.5%
[monitor] ['81%', '83%', '100%', '85%']  memcached=248.7%
[monitor] ['79%', '82%', '100%', '84%']  memcached=246.1%
[monitor] ['80%', '83%', '100%', '85%']  memcached=247.7%
[monitor] ['67%', '68%', '100%', '70%']  memcached=205.4%
[monitor] ['55%', '56%', '100%', '56%']  memcached=167.0%
[monitor] ['56%', '54%', '100%', '59%']  memcached=168.0%
[monitor] ['59%', '57%', '100%', '60%']  memcached=175.6%
[monitor] ['63%', '64%', '100%', '68%']  memcached=194.8%
[monitor] ['65%', '67%', '100%', '68%']  memcached=199.2%
[monitor] ['61%', '65%', '100%', '68%']  memcached=193.9%
[monitor] ['74%', '73%', '100%', '75%']  memcached=221.7%
[monitor] ['71%', '76%', '100%', '76%']  memcached=223.0%
[monitor] ['72%', '76%', '100%', '78%']  memcached=225.2%
[monitor] ['59%', '59%', '100%', '61%']  memcached=178.0%
[monitor] ['50%', '55%', '100%', '52%']  memcached=157.3%
[monitor] ['52%', '51%', '100%', '56%']  memcached=159.4%
[monitor] ['57%', '57%', '100%', '60%']  memcached=174.5%
[monitor] ['72%', '72%', '100%', '76%']  memcached=220.5%
[monitor] ['73%', '74%', '100%', '76%']  memcached=222.3%
[monitor] ['71%', '73%', '100%', '77%']  memcached=220.9%
[monitor] ['68%', '71%', '100%', '72%']  memcached=211.7%
[monitor] ['68%', '68%', '100%', '72%']  memcached=208.5%
[monitor] ['68%', '70%', '100%', '71%']  memcached=209.7%
[monitor] ['72%', '74%', '100%', '78%']  memcached=223.7%
[monitor] ['76%', '76%', '100%', '78%']  memcached=229.1%
[monitor] ['72%', '74%', '100%', '78%']  memcached=223.9%
[monitor] ['62%', '62%', '100%', '62%']  memcached=185.2%
[monitor] ['43%', '40%', '100%', '40%']  memcached=124.1%
[MEMCACHED] cores updated to: ['0', '3']
[freqmine] cores updated to: [1, 2]
[monitor] ['46%', '100%', '100%', '51%']  memcached=96.7%
[monitor] ['51%', '100%', '100%', '50%']  memcached=101.0%
[monitor] ['60%', '100%', '100%', '72%']  memcached=131.8%
[monitor] ['67%', '100%', '100%', '66%']  memcached=132.5%
[monitor] ['65%', '100%', '100%', '67%']  memcached=131.8%
[monitor] ['68%', '100%', '100%', '68%']  memcached=135.8%
[monitor] ['64%', '100%', '100%', '68%']  memcached=132.5%
[monitor] ['70%', '100%', '100%', '69%']  memcached=139.2%
[monitor] ['65%', '100%', '100%', '63%']  memcached=128.4%
[monitor] ['57%', '100%', '100%', '66%']  memcached=123.1%
[monitor] ['60%', '100%', '100%', '60%']  memcached=120.5%
[monitor] ['60%', '100%', '100%', '60%']  memcached=119.5%
[monitor] ['83%', '100%', '100%', '70%']  memcached=152.9%
[monitor] ['77%', '100%', '100%', '72%']  memcached=149.6%
[monitor] ['76%', '100%', '100%', '77%']  memcached=153.5%
[monitor] ['62%', '100%', '100%', '64%']  memcached=126.2%
[monitor] ['60%', '100%', '100%', '60%']  memcached=120.0%
[monitor] ['59%', '100%', '100%', '60%']  memcached=119.1%
[monitor] ['62%', '100%', '100%', '66%']  memcached=127.8%
[monitor] ['67%', '100%', '100%', '75%']  memcached=141.7%
[monitor] ['68%', '100%', '100%', '77%']  memcached=145.2%
[monitor] ['68%', '100%', '100%', '73%']  memcached=141.4%
[monitor] ['67%', '100%', '100%', '85%']  memcached=152.0%
[monitor] ['72%', '100%', '100%', '83%']  memcached=154.7%
[monitor] ['73%', '100%', '100%', '78%']  memcached=150.8%
[monitor] ['79%', '100%', '100%', '76%']  memcached=154.6%
[monitor] ['85%', '100%', '100%', '72%']  memcached=156.6%
[monitor] ['78%', '100%', '100%', '81%']  memcached=158.3%
[monitor] ['66%', '100%', '100%', '68%']  memcached=133.4%
[monitor] ['53%', '100%', '100%', '55%']  memcached=108.8%
[monitor] ['57%', '100%', '100%', '53%']  memcached=109.9%
[monitor] ['54%', '100%', '100%', '59%']  memcached=113.0%
[monitor] ['94%', '100%', '100%', '76%']  memcached=169.4%
[MEMCACHED] cores updated to: ['0', '2', '3']
[freqmine] cores updated to: [1]
[monitor] ['69%', '100%', '72%', '74%']  memcached=215.4%
[monitor] ['71%', '100%', '74%', '74%']  memcached=218.4%
[monitor] ['43%', '100%', '46%', '45%']  memcached=134.1%
[MEMCACHED] cores updated to: ['0', '3']
[freqmine] cores updated to: [1, 2]
[monitor] ['47%', '100%', '100%', '47%']  memcached=93.6%
[monitor] ['49%', '100%', '100%', '48%']  memcached=97.0%
[monitor] ['57%', '100%', '100%', '59%']  memcached=115.9%
[monitor] ['82%', '100%', '100%', '72%']  memcached=154.9%
[monitor] ['76%', '100%', '100%', '72%']  memcached=148.1%
[monitor] ['73%', '100%', '100%', '74%']  memcached=146.7%
[monitor] ['80%', '100%', '100%', '72%']  memcached=152.2%
[monitor] ['78%', '100%', '100%', '72%']  memcached=149.6%
[monitor] ['72%', '100%', '100%', '77%']  memcached=148.7%
[monitor] ['88%', '100%', '100%', '78%']  memcached=165.7%
[MEMCACHED] cores updated to: ['0', '1', '3']
[freqmine] cores updated to: [2]
[monitor] ['70%', '75%', '100%', '77%']  memcached=222.4%
[monitor] ['72%', '72%', '100%', '78%']  memcached=221.8%
[monitor] ['68%', '71%', '100%', '72%']  memcached=211.7%
[monitor] ['68%', '68%', '100%', '69%']  memcached=206.1%
[monitor] ['65%', '66%', '100%', '68%']  memcached=198.4%
[monitor] ['62%', '65%', '100%', '67%']  memcached=194.0%
[monitor] ['57%', '57%', '100%', '59%']  memcached=172.8%
[monitor] ['55%', '56%', '100%', '56%']  memcached=167.8%
[monitor] ['55%', '56%', '100%', '57%']  memcached=168.4%
[monitor] ['43%', '41%', '100%', '49%']  memcached=132.4%
[MEMCACHED] cores updated to: ['0', '3']
[freqmine] cores updated to: [1, 2]
[monitor] ['48%', '100%', '100%', '52%']  memcached=99.9%
[monitor] ['49%', '100%', '100%', '51%']  memcached=100.0%
[monitor] ['72%', '100%', '100%', '66%']  memcached=137.6%
[monitor] ['100%', '100%', '100%', '91%']  memcached=191.2%
[MEMCACHED] cores updated to: ['0', '2', '3']
[freqmine] cores updated to: [1]
[monitor] ['88%', '100%', '91%', '91%']  memcached=269.0%
[monitor] ['78%', '100%', '82%', '81%']  memcached=240.7%
[monitor] ['72%', '100%', '76%', '76%']  memcached=223.6%
[monitor] ['74%', '100%', '78%', '76%']  memcached=228.5%
[monitor] ['71%', '100%', '74%', '76%']  memcached=221.1%
[monitor] ['61%', '100%', '61%', '62%']  memcached=183.9%
[monitor] ['57%', '100%', '61%', '60%']  memcached=178.5%
[monitor] ['57%', '100%', '62%', '60%']  memcached=179.9%
[monitor] ['66%', '100%', '68%', '71%']  memcached=205.3%
[monitor] ['75%', '100%', '76%', '78%']  memcached=229.7%
[monitor] ['75%', '100%', '80%', '77%']  memcached=232.1%
[monitor] ['71%', '100%', '73%', '76%']  memcached=219.7%
[monitor] ['62%', '100%', '62%', '66%']  memcached=190.9%
[monitor] ['61%', '100%', '63%', '62%']  memcached=186.9%
[monitor] ['62%', '100%', '63%', '63%']  memcached=188.4%
[monitor] ['55%', '100%', '60%', '60%']  memcached=175.0%
[monitor] ['55%', '100%', '57%', '56%']  memcached=168.0%
[monitor] ['57%', '100%', '60%', '56%']  memcached=173.2%
[monitor] ['61%', '100%', '63%', '59%']  memcached=183.8%
[monitor] ['63%', '100%', '64%', '64%']  memcached=191.5%
[monitor] ['59%', '100%', '64%', '65%']  memcached=188.1%
[monitor] ['63%', '100%', '65%', '65%']  memcached=193.2%
[monitor] ['62%', '100%', '66%', '63%']  memcached=190.6%
[monitor] ['60%', '100%', '63%', '65%']  memcached=188.4%
[monitor] ['62%', '100%', '62%', '66%']  memcached=190.9%
[monitor] ['56%', '100%', '55%', '55%']  memcached=165.6%
[monitor] ['55%', '100%', '58%', '54%']  memcached=166.7%
[monitor] ['52%', '100%', '56%', '56%']  memcached=164.7%
[monitor] ['52%', '100%', '53%', '52%']  memcached=158.0%
[monitor] ['46%', '100%', '50%', '45%']  memcached=141.3%
[monitor] ['46%', '100%', '50%', '49%']  memcached=145.2%
[monitor] ['50%', '100%', '51%', '49%']  memcached=149.9%
[monitor] ['52%', '100%', '55%', '54%']  memcached=161.1%
[monitor] ['55%', '100%', '56%', '57%']  memcached=168.0%
[monitor] ['54%', '100%', '58%', '57%']  memcached=168.9%
[monitor] ['77%', '100%', '80%', '82%']  memcached=239.5%
[monitor] ['81%', '100%', '83%', '83%']  memcached=246.3%
[monitor] ['83%', '100%', '85%', '85%']  memcached=253.4%
[monitor] ['72%', '100%', '75%', '75%']  memcached=221.8%
[monitor] ['69%', '100%', '70%', '72%']  memcached=211.7%
[monitor] ['69%', '100%', '74%', '71%']  memcached=214.0%
[monitor] ['66%', '100%', '68%', '69%']  memcached=203.3%
[monitor] ['63%', '100%', '64%', '66%']  memcached=193.4%
[monitor] ['62%', '100%', '63%', '64%']  memcached=190.0%
[monitor] ['61%', '100%', '63%', '64%']  memcached=188.0%
[monitor] ['51%', '100%', '56%', '50%']  memcached=157.0%
[monitor] ['51%', '100%', '53%', '53%']  memcached=158.2%
[monitor] ['53%', '100%', '54%', '55%']  memcached=161.9%
[monitor] ['59%', '100%', '61%', '60%']  memcached=179.9%
[monitor] ['68%', '100%', '70%', '68%']  memcached=205.9%
[monitor] ['63%', '100%', '68%', '67%']  memcached=197.3%
[monitor] ['69%', '100%', '68%', '70%']  memcached=207.9%
[monitor] ['70%', '100%', '73%', '73%']  memcached=216.2%
[monitor] ['70%', '100%', '72%', '74%']  memcached=216.2%
[monitor] ['72%', '100%', '76%', '75%']  memcached=223.5%
[monitor] ['51%', '100%', '53%', '56%']  memcached=160.2%
[monitor] ['49%', '100%', '55%', '52%']  memcached=155.6%
[monitor] ['52%', '100%', '53%', '55%']  memcached=160.4%
[monitor] ['43%', '100%', '43%', '45%']  memcached=131.8%
[MEMCACHED] cores updated to: ['0', '3']
[freqmine] cores updated to: [1, 2]
[monitor] ['42%', '100%', '100%', '47%']  memcached=88.7%
[monitor] ['46%', '100%', '100%', '48%']  memcached=93.6%
[monitor] ['45%', '100%', '100%', '49%']  memcached=93.7%
[monitor] ['45%', '100%', '100%', '51%']  memcached=95.7%
[monitor] ['45%', '100%', '100%', '48%']  memcached=92.6%
[monitor] ['46%', '100%', '100%', '47%']  memcached=92.5%
[monitor] ['91%', '100%', '100%', '81%']  memcached=172.0%
[MEMCACHED] cores updated to: ['0', '1', '3']
[freqmine] cores updated to: [2]
[monitor] ['70%', '73%', '100%', '75%']  memcached=218.2%
[monitor] ['72%', '74%', '100%', '78%']  memcached=224.3%
[monitor] ['46%', '46%', '100%', '45%']  memcached=137.7%
[MEMCACHED] cores updated to: ['0', '3']
[freqmine] cores updated to: [1, 2]
[monitor] ['43%', '100%', '100%', '41%']  memcached=84.4%
[monitor] ['42%', '100%', '100%', '42%']  memcached=84.4%
[monitor] ['45%', '100%', '100%', '48%']  memcached=93.3%
[monitor] ['56%', '100%', '100%', '56%']  memcached=111.4%
[monitor] ['56%', '100%', '100%', '57%']  memcached=112.4%
[monitor] ['54%', '100%', '100%', '57%']  memcached=110.9%
[monitor] ['61%', '100%', '100%', '63%']  memcached=123.8%
[monitor] ['60%', '100%', '100%', '61%']  memcached=121.4%
[monitor] ['61%', '100%', '100%', '66%']  memcached=127.3%
[monitor] ['80%', '100%', '100%', '72%']  memcached=151.8%
[monitor] ['72%', '100%', '100%', '94%']  memcached=166.2%
[MEMCACHED] cores updated to: ['0', '2', '3']
[freqmine] cores updated to: [1]
[monitor] ['71%', '100%', '74%', '74%']  memcached=218.4%
[monitor] ['67%', '100%', '69%', '69%']  memcached=205.1%
[monitor] ['62%', '100%', '66%', '64%']  memcached=191.5%
[monitor] ['62%', '100%', '63%', '65%']  memcached=190.9%
[monitor] ['60%', '100%', '64%', '63%']  memcached=187.4%
[monitor] ['56%', '100%', '59%', '58%']  memcached=172.8%
[monitor] ['54%', '100%', '58%', '59%']  memcached=170.9%
[monitor] ['56%', '100%', '56%', '57%']  memcached=169.7%
[monitor] ['61%', '100%', '65%', '67%']  memcached=192.2%
[monitor] ['66%', '100%', '69%', '68%']  memcached=202.5%
[monitor] ['67%', '100%', '69%', '71%']  memcached=206.6%
[monitor] ['68%', '100%', '69%', '70%']  memcached=207.0%
[monitor] ['68%', '100%', '70%', '69%']  memcached=206.8%
[monitor] ['66%', '100%', '68%', '70%']  memcached=204.5%
[monitor] ['68%', '100%', '68%', '68%']  memcached=202.5%
[monitor] ['65%', '100%', '68%', '70%']  memcached=202.5%
[monitor] ['68%', '100%', '68%', '67%']  memcached=203.3%
[monitor] ['63%', '100%', '68%', '67%']  memcached=197.3%
[monitor] ['61%', '100%', '62%', '65%']  memcached=188.5%
[monitor] ['61%', '100%', '62%', '63%']  memcached=186.9%
[monitor] ['62%', '100%', '63%', '62%']  memcached=187.5%
[monitor] ['50%', '100%', '50%', '49%']  memcached=148.7%
[monitor] ['37%', '100%', '40%', '37%']  memcached=113.3%
[MEMCACHED] cores updated to: ['0', '3']
[freqmine] cores updated to: [1, 2]
[monitor] ['44%', '100%', '100%', '46%']  memcached=90.1%
[monitor] ['48%', '100%', '100%', '53%']  memcached=100.9%
[monitor] ['88%', '100%', '100%', '100%']  memcached=188.2%
[MEMCACHED] cores updated to: ['0', '1', '3']
[freqmine] cores updated to: [2]
[monitor] ['78%', '81%', '100%', '85%']  memcached=243.8%
[monitor] ['75%', '80%', '100%', '83%']  memcached=238.3%
[monitor] ['52%', '52%', '100%', '53%']  memcached=158.1%
[monitor] ['45%', '48%', '100%', '48%']  memcached=140.5%
[monitor] ['47%', '45%', '100%', '49%']  memcached=140.6%
[monitor] ['57%', '56%', '100%', '59%']  memcached=171.8%
[monitor] ['65%', '65%', '100%', '69%']  memcached=199.1%
[monitor] ['64%', '69%', '100%', '68%']  memcached=201.8%
[monitor] ['67%', '67%', '100%', '70%']  memcached=203.6%
[monitor] ['75%', '78%', '100%', '81%']  memcached=233.9%
[monitor] ['75%', '80%', '100%', '82%']  memcached=237.4%
[monitor] ['78%', '78%', '100%', '83%']  memcached=239.6%
[monitor] ['67%', '71%', '100%', '70%']  memcached=208.0%
[monitor] ['67%', '70%', '100%', '74%']  memcached=210.6%
[monitor] ['68%', '71%', '100%', '71%']  memcached=209.3%
[monitor] ['74%', '74%', '100%', '77%']  memcached=225.7%
[monitor] ['79%', '85%', '100%', '88%']  memcached=252.6%
[monitor] ['80%', '82%', '100%', '88%']  memcached=249.7%
[monitor] ['78%', '81%', '100%', '85%']  memcached=244.8%
[monitor] ['77%', '83%', '100%', '83%']  memcached=243.3%
[monitor] ['81%', '85%', '100%', '91%']  memcached=256.5%
[monitor] ['79%', '82%', '100%', '84%']  memcached=246.1%
[monitor] ['72%', '71%', '100%', '74%']  memcached=217.2%
[monitor] ['72%', '74%', '100%', '78%']  memcached=223.3%
[monitor] ['68%', '74%', '100%', '72%']  memcached=214.3%
[monitor] ['72%', '72%', '100%', '76%']  memcached=220.3%
[monitor] ['71%', '73%', '100%', '76%']  memcached=219.7%
[monitor] ['71%', '71%', '100%', '74%']  memcached=215.8%
[monitor] ['65%', '69%', '100%', '69%']  memcached=203.7%
[monitor] ['56%', '58%', '100%', '60%']  memcached=174.7%
[monitor] ['57%', '60%', '100%', '60%']  memcached=177.5%
[monitor] ['57%', '59%', '100%', '61%']  memcached=176.7%
[monitor] ['71%', '74%', '100%', '75%']  memcached=219.7%
[monitor] ['73%', '74%', '100%', '76%']  memcached=223.0%
[monitor] ['74%', '76%', '100%', '77%']  memcached=227.1%
[monitor] ['64%', '68%', '100%', '67%']  memcached=198.3%
[monitor] ['59%', '61%', '100%', '67%']  memcached=186.6%
[monitor] ['60%', '61%', '100%', '60%']  memcached=181.4%
[monitor] ['61%', '62%', '100%', '67%']  memcached=189.2%
[monitor] ['66%', '66%', '100%', '68%']  memcached=199.2%
[monitor] ['68%', '68%', '100%', '69%']  memcached=205.2%
[monitor] ['68%', '66%', '100%', '71%']  memcached=204.0%
[monitor] ['73%', '76%', '100%', '77%']  memcached=225.8%
[monitor] ['76%', '76%', '100%', '81%']  memcached=233.1%
[monitor] ['75%', '80%', '100%', '82%']  memcached=237.4%
[monitor] ['71%', '71%', '100%', '72%']  memcached=214.3%
[monitor] ['66%', '68%', '100%', '70%']  memcached=203.4%
[monitor] ['66%', '68%', '100%', '71%']  memcached=204.5%
[monitor] ['68%', '69%', '100%', '71%']  memcached=207.9%
[monitor] ['76%', '77%', '100%', '80%']  memcached=233.5%
[monitor] ['73%', '78%', '100%', '81%']  memcached=231.8%
[monitor] ['78%', '80%', '100%', '82%']  memcached=240.1%
[monitor] ['50%', '48%', '100%', '51%']  memcached=148.8%
[monitor] ['47%', '48%', '100%', '50%']  memcached=144.1%
[monitor] ['48%', '49%', '100%', '49%']  memcached=145.2%
[monitor] ['54%', '56%', '100%', '56%']  memcached=165.6%
[monitor] ['57%', '55%', '100%', '57%']  memcached=169.3%
[monitor] ['55%', '60%', '100%', '58%']  memcached=172.7%
[monitor] ['62%', '61%', '100%', '63%']  memcached=186.2%
[monitor] ['68%', '70%', '100%', '74%']  memcached=212.1%
[monitor] ['69%', '73%', '100%', '74%']  memcached=215.9%
[monitor] ['71%', '72%', '100%', '72%']  memcached=214.7%
[monitor] ['70%', '68%', '100%', '75%']  memcached=213.4%
[monitor] ['69%', '73%', '100%', '73%']  memcached=215.2%
[monitor] ['71%', '71%', '100%', '74%']  memcached=215.8%
[monitor] ['68%', '68%', '100%', '70%']  memcached=206.2%
[monitor] ['66%', '67%', '100%', '69%']  memcached=201.8%
[monitor] ['66%', '64%', '100%', '68%']  memcached=198.4%
[monitor] ['60%', '62%', '100%', '63%']  memcached=185.9%
[monitor] ['55%', '57%', '100%', '60%']  memcached=171.4%
[monitor] ['57%', '57%', '100%', '59%']  memcached=173.2%
[monitor] ['57%', '57%', '100%', '56%']  memcached=170.1%
[monitor] ['42%', '40%', '100%', '44%']  memcached=125.8%
[MEMCACHED] cores updated to: ['0', '3']
[freqmine] cores updated to: [1, 2]
[monitor] ['47%', '100%', '100%', '56%']  memcached=102.9%
[monitor] ['48%', '100%', '100%', '52%']  memcached=99.9%
[monitor] ['55%', '100%', '100%', '47%']  memcached=101.8%
[monitor] ['57%', '100%', '100%', '52%']  memcached=108.7%
[monitor] ['53%', '100%', '100%', '53%']  memcached=106.4%
[monitor] ['51%', '100%', '100%', '58%']  memcached=108.9%
[monitor] ['63%', '100%', '100%', '59%']  memcached=121.5%
[monitor] ['64%', '100%', '100%', '60%']  memcached=123.2%
[monitor] ['58%', '100%', '100%', '63%']  memcached=120.9%
[monitor] ['67%', '100%', '100%', '85%']  memcached=152.0%
[monitor] ['76%', '100%', '100%', '71%']  memcached=146.7%
[monitor] ['73%', '100%', '100%', '73%']  memcached=145.9%
[monitor] ['59%', '100%', '100%', '68%']  memcached=126.0%
[monitor] ['58%', '100%', '100%', '67%']  memcached=125.6%
[monitor] ['59%', '100%', '100%', '66%']  memcached=124.9%
[monitor] ['60%', '100%', '100%', '56%']  memcached=115.8%
[monitor] ['52%', '100%', '100%', '51%']  memcached=103.2%
[monitor] ['54%', '100%', '100%', '49%']  memcached=103.2%
[monitor] ['52%', '100%', '100%', '52%']  memcached=104.5%
[monitor] ['66%', '100%', '100%', '78%']  memcached=143.6%
[monitor] ['80%', '100%', '100%', '66%']  memcached=145.9%
[monitor] ['68%', '100%', '100%', '76%']  memcached=144.7%
[monitor] ['60%', '100%', '100%', '64%']  memcached=124.6%
[monitor] ['63%', '100%', '100%', '64%']  memcached=127.1%
[monitor] ['60%', '100%', '100%', '62%']  memcached=121.9%
[monitor] ['76%', '100%', '100%', '69%']  memcached=145.5%
[monitor] ['86%', '100%', '100%', '88%']  memcached=173.9%
[MEMCACHED] cores updated to: ['0', '2', '3']
[freqmine] cores updated to: [1]
[monitor] ['77%', '100%', '78%', '81%']  memcached=235.5%
[monitor] ['75%', '100%', '78%', '76%']  memcached=229.7%
[monitor] ['71%', '100%', '72%', '75%']  memcached=218.3%
[monitor] ['71%', '100%', '74%', '74%']  memcached=219.1%
[monitor] ['71%', '100%', '76%', '74%']  memcached=221.1%
[monitor] ['49%', '100%', '48%', '52%']  memcached=148.7%
[monitor] ['38%', '100%', '43%', '48%']  memcached=128.7%
[MEMCACHED] cores updated to: ['0', '3']
[freqmine] cores updated to: [1, 2]
[monitor] ['54%', '100%', '100%', '51%']  memcached=105.5%
[monitor] ['48%', '83%', '100%', '54%']  memcached=102.0%
[monitor] ['59%', '44%', '47%', '62%']  memcached=122.0%
[freqmine] ended.
[streamcluster] starting in background on cores: [1, 2] with 3 threads.
[monitor] ['64%', '65%', '72%', '58%']  memcached=122.0%
[monitor] ['54%', '64%', '66%', '56%']  memcached=109.5%
[monitor] ['52%', '31%', '88%', '55%']  memcached=107.5%
[monitor] ['60%', '67%', '93%', '56%']  memcached=116.6%
[monitor] ['57%', '90%', '84%', '55%']  memcached=111.6%
[monitor] ['64%', '83%', '94%', '63%']  memcached=127.5%
[monitor] ['65%', '97%', '90%', '65%']  memcached=130.0%
[monitor] ['62%', '81%', '97%', '66%']  memcached=127.4%
[monitor] ['67%', '79%', '100%', '68%']  memcached=134.2%
[monitor] ['69%', '97%', '90%', '64%']  memcached=133.5%
[monitor] ['73%', '97%', '90%', '68%']  memcached=141.4%
[monitor] ['68%', '93%', '94%', '67%']  memcached=135.1%
[monitor] ['48%', '87%', '91%', '51%']  memcached=98.7%
[monitor] ['46%', '87%', '87%', '50%']  memcached=96.2%
[monitor] ['50%', '80%', '93%', '49%']  memcached=98.8%
[monitor] ['45%', '93%', '91%', '48%']  memcached=93.3%
[monitor] ['43%', '93%', '87%', '48%']  memcached=91.0%
[monitor] ['43%', '87%', '97%', '45%']  memcached=88.6%
[monitor] ['44%', '90%', '83%', '45%']  memcached=89.6%
[monitor] ['44%', '90%', '94%', '47%']  memcached=90.9%
[monitor] ['47%', '87%', '90%', '44%']  memcached=90.7%
[monitor] ['51%', '83%', '93%', '53%']  memcached=104.7%
[monitor] ['78%', '93%', '87%', '78%']  memcached=156.8%
[monitor] ['85%', '97%', '90%', '69%']  memcached=154.1%
[monitor] ['76%', '90%', '94%', '78%']  memcached=154.1%
[monitor] ['54%', '90%', '81%', '53%']  memcached=107.1%
[monitor] ['51%', '81%', '87%', '50%']  memcached=101.1%
[monitor] ['52%', '80%', '94%', '50%']  memcached=102.2%
[monitor] ['74%', '87%', '89%', '70%']  memcached=143.5%
[monitor] ['97%', '97%', '87%', '86%']  memcached=182.4%
[MEMCACHED] cores updated to: ['0', '1', '3']
[streamcluster] cores updated to: [2]
[monitor] ['78%', '77%', '100%', '79%']  memcached=234.3%
[monitor] ['68%', '71%', '100%', '71%']  memcached=210.5%
[monitor] ['60%', '60%', '100%', '59%']  memcached=178.5%
[monitor] ['61%', '58%', '100%', '60%']  memcached=178.9%
[monitor] ['60%', '57%', '100%', '60%']  memcached=177.5%
[monitor] ['60%', '61%', '100%', '59%']  memcached=179.9%
[monitor] ['58%', '56%', '100%', '61%']  memcached=174.0%
[monitor] ['59%', '58%', '100%', '59%']  memcached=176.3%
[monitor] ['59%', '55%', '100%', '60%']  memcached=173.8%
[monitor] ['56%', '59%', '100%', '55%']  memcached=169.6%
[monitor] ['55%', '54%', '100%', '56%']  memcached=165.3%
[monitor] ['62%', '62%', '100%', '64%']  memcached=188.2%
[monitor] ['77%', '78%', '100%', '78%']  memcached=233.3%
[monitor] ['78%', '77%', '100%', '81%']  memcached=235.5%
[monitor] ['80%', '78%', '100%', '78%']  memcached=235.6%
[monitor] ['77%', '75%', '100%', '76%']  memcached=228.6%
[monitor] ['73%', '72%', '100%', '76%']  memcached=220.9%
[monitor] ['75%', '76%', '100%', '76%']  memcached=227.6%
[monitor] ['77%', '77%', '100%', '78%']  memcached=232.1%
[monitor] ['77%', '76%', '100%', '78%']  memcached=231.2%
[monitor] ['78%', '76%', '100%', '81%']  memcached=235.4%
[monitor] ['72%', '71%', '100%', '74%']  memcached=217.0%
[monitor] ['66%', '65%', '100%', '67%']  memcached=197.5%
[monitor] ['65%', '63%', '100%', '66%']  memcached=194.0%
[monitor] ['67%', '67%', '100%', '68%']  memcached=200.9%
[monitor] ['68%', '68%', '100%', '70%']  memcached=206.3%
[monitor] ['72%', '72%', '100%', '74%']  memcached=217.7%
[monitor] ['67%', '67%', '100%', '68%']  memcached=201.8%
[monitor] ['61%', '59%', '100%', '62%']  memcached=182.0%
[monitor] ['56%', '53%', '100%', '58%']  memcached=166.6%
[monitor] ['57%', '56%', '100%', '59%']  memcached=171.8%
[monitor] ['54%', '51%', '100%', '55%']  memcached=159.7%
[monitor] ['51%', '49%', '100%', '51%']  memcached=151.2%
[monitor] ['53%', '53%', '100%', '51%']  memcached=158.2%
[monitor] ['51%', '50%', '100%', '50%']  memcached=151.2%
[monitor] ['69%', '68%', '100%', '71%']  memcached=208.9%
[monitor] ['70%', '69%', '100%', '74%']  memcached=213.2%
[monitor] ['68%', '68%', '100%', '71%']  memcached=207.9%
[monitor] ['76%', '78%', '100%', '81%']  memcached=235.1%
[monitor] ['80%', '81%', '100%', '82%']  memcached=242.9%
[monitor] ['80%', '80%', '100%', '83%']  memcached=242.9%
[monitor] ['76%', '76%', '100%', '78%']  memcached=229.7%
[monitor] ['68%', '69%', '100%', '71%']  memcached=208.7%
[monitor] ['69%', '69%', '100%', '72%']  memcached=211.0%
[monitor] ['66%', '65%', '100%', '67%']  memcached=197.5%
[monitor] ['42%', '38%', '100%', '38%']  memcached=116.9%
[MEMCACHED] cores updated to: ['0', '3']
[streamcluster] cores updated to: [1, 2]
[monitor] ['45%', '77%', '94%', '49%']  memcached=94.3%
[monitor] ['44%', '83%', '97%', '48%']  memcached=92.0%
[monitor] ['65%', '87%', '94%', '67%']  memcached=131.7%
[monitor] ['74%', '90%', '100%', '73%']  memcached=146.5%
[monitor] ['74%', '93%', '97%', '71%']  memcached=144.7%
[monitor] ['80%', '94%', '94%', '81%']  memcached=160.6%
[MEMCACHED] cores updated to: ['0', '2', '3']
[streamcluster] cores updated to: [1]
[monitor] ['72%', '100%', '74%', '74%']  memcached=219.8%
[monitor] ['71%', '100%', '75%', '79%']  memcached=225.0%
[monitor] ['73%', '100%', '77%', '76%']  memcached=226.6%
[monitor] ['72%', '100%', '75%', '78%']  memcached=225.0%
[monitor] ['72%', '100%', '77%', '78%']  memcached=227.5%
[monitor] ['72%', '100%', '76%', '78%']  memcached=226.5%
[monitor] ['76%', '100%', '79%', '82%']  memcached=238.2%
[monitor] ['80%', '100%', '83%', '88%']  memcached=250.4%
[monitor] ['79%', '100%', '85%', '85%']  memcached=250.0%
[monitor] ['68%', '100%', '70%', '73%']  memcached=211.7%
[monitor] ['47%', '100%', '54%', '55%']  memcached=155.9%
[monitor] ['54%', '100%', '56%', '57%']  memcached=167.0%
[monitor] ['52%', '100%', '57%', '57%']  memcached=167.1%
[monitor] ['59%', '100%', '59%', '60%']  memcached=177.1%
[monitor] ['61%', '100%', '60%', '62%']  memcached=183.5%
[monitor] ['57%', '100%', '59%', '62%']  memcached=179.0%
[monitor] ['45%', '100%', '49%', '49%']  memcached=142.3%
[monitor] ['46%', '100%', '48%', '45%']  memcached=139.0%
[MEMCACHED] cores updated to: ['0', '3']
[streamcluster] cores updated to: [1, 2]
[monitor] ['53%', '87%', '90%', '53%']  memcached=106.8%
[monitor] ['49%', '63%', '97%', '53%']  memcached=102.1%
[monitor] ['47%', '81%', '93%', '48%']  memcached=94.2%
[monitor] ['47%', '87%', '90%', '48%']  memcached=94.4%
[monitor] ['49%', '79%', '86%', '50%']  memcached=98.8%
[monitor] ['79%', '93%', '88%', '74%']  memcached=153.1%
[monitor] ['83%', '97%', '90%', '72%']  memcached=154.7%
[monitor] ['77%', '83%', '90%', '77%']  memcached=154.3%
[monitor] ['73%', '90%', '80%', '74%']  memcached=146.7%
[monitor] ['70%', '87%', '97%', '69%']  memcached=139.5%
[monitor] ['74%', '83%', '90%', '70%']  memcached=143.7%
[monitor] ['74%', '97%', '90%', '74%']  memcached=148.6%
[monitor] ['70%', '90%', '94%', '72%']  memcached=142.1%
[monitor] ['71%', '90%', '88%', '71%']  memcached=142.1%
[monitor] ['72%', '93%', '93%', '76%']  memcached=147.9%
[monitor] ['76%', '84%', '97%', '80%']  memcached=156.5%
[monitor] ['85%', '100%', '80%', '71%']  memcached=155.9%
[monitor] ['77%', '97%', '89%', '78%']  memcached=155.5%
[monitor] ['62%', '81%', '97%', '65%']  memcached=127.5%
[monitor] ['61%', '87%', '90%', '62%']  memcached=122.5%
[monitor] ['61%', '97%', '90%', '64%']  memcached=124.8%
[monitor] ['59%', '86%', '87%', '57%']  memcached=115.7%
[monitor] ['52%', '79%', '97%', '58%']  memcached=110.5%
[monitor] ['56%', '93%', '80%', '54%']  memcached=109.9%
[monitor] ['63%', '77%', '97%', '62%']  memcached=124.7%
[monitor] ['100%', '90%', '79%', '94%']  memcached=193.8%
[MEMCACHED] cores updated to: ['0', '1', '3']
[streamcluster] cores updated to: [2]
[monitor] ['84%', '85%', '100%', '88%']  memcached=256.7%
[monitor] ['79%', '81%', '100%', '82%']  memcached=242.3%
[monitor] ['59%', '58%', '100%', '61%']  memcached=177.4%
[monitor] ['57%', '55%', '100%', '61%']  memcached=173.7%
[monitor] ['55%', '57%', '100%', '58%']  memcached=170.7%
[monitor] ['59%', '55%', '100%', '56%']  memcached=170.2%
[monitor] ['55%', '57%', '100%', '57%']  memcached=170.3%
[monitor] ['59%', '56%', '100%', '61%']  memcached=175.9%
[monitor] ['52%', '52%', '100%', '54%']  memcached=158.7%
[monitor] ['40%', '38%', '100%', '38%']  memcached=117.4%
[MEMCACHED] cores updated to: ['0', '3']
[streamcluster] cores updated to: [1, 2]
[monitor] ['47%', '83%', '97%', '50%']  memcached=96.5%
[monitor] ['50%', '90%', '83%', '50%']  memcached=100.0%
[monitor] ['67%', '90%', '94%', '68%']  memcached=135.1%
[monitor] ['70%', '90%', '90%', '67%']  memcached=136.9%
[monitor] ['70%', '100%', '73%', '65%']  memcached=135.3%
[monitor] ['73%', '91%', '94%', '68%']  memcached=140.5%
[monitor] ['73%', '90%', '97%', '78%']  memcached=150.8%
[monitor] ['74%', '94%', '93%', '71%']  memcached=144.7%
[monitor] ['66%', '84%', '94%', '72%']  memcached=137.6%
[monitor] ['60%', '83%', '93%', '62%']  memcached=121.5%
[monitor] ['57%', '84%', '90%', '61%']  memcached=118.5%
[monitor] ['60%', '93%', '90%', '60%']  memcached=120.5%
[monitor] ['47%', '79%', '97%', '50%']  memcached=96.5%
[monitor] ['49%', '74%', '87%', '52%']  memcached=101.1%
[monitor] ['51%', '84%', '84%', '48%']  memcached=98.8%
[monitor] ['74%', '77%', '90%', '74%']  memcached=148.6%
[monitor] ['97%', '100%', '83%', '94%']  memcached=190.2%
[MEMCACHED] cores updated to: ['0', '2', '3']
[streamcluster] cores updated to: [1]
[monitor] ['77%', '100%', '81%', '83%']  memcached=240.6%
[monitor] ['74%', '100%', '78%', '80%']  memcached=231.5%
[monitor] ['66%', '100%', '67%', '69%']  memcached=201.9%
[monitor] ['65%', '100%', '67%', '69%']  memcached=200.9%
[monitor] ['65%', '100%', '69%', '68%']  memcached=202.5%
[monitor] ['46%', '100%', '46%', '51%']  memcached=143.8%
[monitor] ['44%', '100%', '49%', '50%']  memcached=142.4%
[monitor] ['45%', '100%', '46%', '52%']  memcached=143.6%
[monitor] ['65%', '100%', '70%', '74%']  memcached=209.3%
[monitor] ['81%', '100%', '84%', '88%']  memcached=253.3%
[monitor] ['80%', '100%', '86%', '90%']  memcached=255.7%
[monitor] ['70%', '100%', '73%', '75%']  memcached=218.2%
[monitor] ['57%', '100%', '59%', '60%']  memcached=176.5%
[monitor] ['57%', '100%', '60%', '65%']  memcached=182.5%
[monitor] ['57%', '100%', '60%', '60%']  memcached=178.0%
[monitor] ['62%', '100%', '66%', '67%']  memcached=195.0%
[monitor] ['62%', '100%', '63%', '64%']  memcached=189.1%
[monitor] ['62%', '100%', '65%', '67%']  memcached=194.2%
[monitor] ['68%', '100%', '70%', '76%']  memcached=213.5%
[monitor] ['73%', '100%', '74%', '77%']  memcached=224.5%
[monitor] ['74%', '100%', '76%', '79%']  memcached=229.4%
[monitor] ['68%', '100%', '68%', '71%']  memcached=206.1%
[monitor] ['59%', '100%', '60%', '62%']  memcached=181.5%
[monitor] ['60%', '100%', '62%', '64%']  memcached=186.6%
[monitor] ['61%', '100%', '58%', '64%']  memcached=183.0%
[monitor] ['64%', '100%', '68%', '71%']  memcached=202.7%
[monitor] ['67%', '100%', '68%', '69%']  memcached=203.4%
[monitor] ['66%', '100%', '66%', '69%']  memcached=201.0%
[monitor] ['62%', '100%', '67%', '67%']  memcached=195.8%
[monitor] ['62%', '100%', '65%', '66%']  memcached=192.4%
[monitor] ['62%', '100%', '63%', '64%']  memcached=190.0%
[monitor] ['51%', '100%', '55%', '57%']  memcached=163.5%
[monitor] ['42%', '100%', '36%', '42%']  memcached=119.6%
[MEMCACHED] cores updated to: ['0', '3']
[streamcluster] cores updated to: [1, 2]
[monitor] ['47%', '81%', '93%', '50%']  memcached=96.5%
[monitor] ['50%', '77%', '100%', '50%']  memcached=100.0%
[monitor] ['75%', '97%', '94%', '79%']  memcached=153.8%
[monitor] ['74%', '97%', '93%', '75%']  memcached=148.5%
[monitor] ['77%', '94%', '97%', '79%']  memcached=156.6%
[monitor] ['49%', '93%', '84%', '50%']  memcached=98.8%
[monitor] ['43%', '93%', '87%', '45%']  memcached=88.6%
[monitor] ['42%', '90%', '87%', '42%']  memcached=83.7%
[monitor] ['50%', '83%', '90%', '49%']  memcached=98.8%
[monitor] ['60%', '83%', '94%', '61%']  memcached=121.4%
[monitor] ['59%', '68%', '100%', '60%']  memcached=118.5%
[monitor] ['62%', '87%', '94%', '62%']  memcached=124.0%
[monitor] ['88%', '93%', '90%', '85%']  memcached=172.8%
[MEMCACHED] cores updated to: ['0', '1', '3']
[streamcluster] cores updated to: [2]
[monitor] ['71%', '70%', '100%', '76%']  memcached=217.0%
[monitor] ['70%', '71%', '100%', '73%']  memcached=214.3%
[monitor] ['78%', '76%', '100%', '80%']  memcached=234.2%
[monitor] ['78%', '77%', '100%', '82%']  memcached=237.3%
[monitor] ['80%', '81%', '100%', '82%']  memcached=242.9%
[monitor] ['75%', '76%', '100%', '78%']  memcached=229.1%
[monitor] ['72%', '70%', '100%', '73%']  memcached=215.0%
[monitor] ['72%', '72%', '100%', '76%']  memcached=220.3%
[monitor] ['68%', '69%', '100%', '71%']  memcached=208.9%
[monitor] ['59%', '51%', '100%', '57%']  memcached=167.4%
[monitor] ['55%', '51%', '100%', '55%']  memcached=161.3%
[monitor] ['55%', '55%', '100%', '60%']  memcached=169.3%
[monitor] ['74%', '73%', '100%', '78%']  memcached=224.3%
[monitor] ['81%', '79%', '100%', '83%']  memcached=243.3%
[monitor] ['82%', '82%', '100%', '87%']  memcached=251.3%
[monitor] ['71%', '70%', '100%', '74%']  memcached=215.7%
[monitor] ['59%', '58%', '100%', '58%']  memcached=174.8%
[monitor] ['61%', '58%', '100%', '62%']  memcached=181.4%
[monitor] ['61%', '64%', '100%', '65%']  memcached=190.2%
[monitor] ['76%', '71%', '100%', '76%']  memcached=223.4%
[monitor] ['73%', '73%', '100%', '78%']  memcached=223.7%
[monitor] ['76%', '74%', '100%', '78%']  memcached=227.8%
[monitor] ['66%', '69%', '100%', '70%']  memcached=205.0%
[monitor] ['70%', '67%', '100%', '68%']  memcached=204.2%
[monitor] ['66%', '67%', '100%', '70%']  memcached=202.7%
[monitor] ['68%', '68%', '100%', '70%']  memcached=207.1%
[monitor] ['75%', '73%', '100%', '78%']  memcached=226.4%
[monitor] ['76%', '77%', '100%', '76%']  memcached=228.3%
[monitor] ['72%', '69%', '100%', '76%']  memcached=216.9%
[monitor] ['59%', '62%', '100%', '62%']  memcached=183.0%
[monitor] ['62%', '61%', '100%', '64%']  memcached=187.1%
[monitor] ['59%', '59%', '100%', '62%']  memcached=180.0%
[monitor] ['78%', '74%', '100%', '80%']  memcached=232.7%
[monitor] ['82%', '83%', '100%', '85%']  memcached=251.0%
[monitor] ['82%', '83%', '100%', '86%']  memcached=250.9%
[monitor] ['56%', '53%', '100%', '56%']  memcached=164.7%
[monitor] ['36%', '31%', '100%', '37%']  memcached=103.1%
[MEMCACHED] cores updated to: ['0', '3']
[streamcluster] cores updated to: [1, 2]
[monitor] ['41%', '94%', '93%', '44%']  memcached=85.4%
[monitor] ['49%', '87%', '90%', '49%']  memcached=97.8%
[monitor] ['61%', '90%', '90%', '59%']  memcached=119.9%
[monitor] ['59%', '94%', '83%', '60%']  memcached=119.0%
[monitor] ['60%', '86%', '93%', '61%']  memcached=121.4%
[monitor] ['51%', '87%', '97%', '52%']  memcached=103.3%
[monitor] ['50%', '76%', '100%', '49%']  memcached=98.8%
[monitor] ['47%', '90%', '97%', '49%']  memcached=95.4%
[monitor] ['56%', '80%', '97%', '57%']  memcached=113.2%
[monitor] ['63%', '79%', '100%', '64%']  memcached=127.7%
[monitor] ['63%', '90%', '94%', '64%']  memcached=127.5%
[monitor] ['68%', '94%', '90%', '68%']  memcached=135.0%
[monitor] ['88%', '87%', '94%', '82%']  memcached=170.2%
[MEMCACHED] cores updated to: ['0', '2', '3']
[streamcluster] cores updated to: [1]
[monitor] ['69%', '100%', '71%', '73%']  memcached=213.3%
[monitor] ['69%', '100%', '72%', '74%']  memcached=215.4%
[monitor] ['50%', '100%', '50%', '51%']  memcached=151.2%
[monitor] ['43%', '100%', '52%', '53%']  memcached=149.0%
[monitor] ['46%', '100%', '50%', '52%']  memcached=148.7%
[monitor] ['62%', '100%', '65%', '66%']  memcached=192.3%
[monitor] ['71%', '100%', '73%', '76%']  memcached=219.7%
[monitor] ['73%', '100%', '72%', '78%']  memcached=223.0%
[monitor] ['67%', '100%', '71%', '71%']  memcached=208.5%
[monitor] ['54%', '100%', '56%', '59%']  memcached=169.0%
[monitor] ['52%', '100%', '54%', '58%']  memcached=164.3%
[monitor] ['54%', '100%', '57%', '57%']  memcached=168.3%
[monitor] ['56%', '100%', '53%', '57%']  memcached=165.9%
[monitor] ['54%', '100%', '57%', '60%']  memcached=171.0%
[monitor] ['54%', '100%', '57%', '57%']  memcached=168.3%
[monitor] ['70%', '100%', '74%', '74%']  memcached=218.9%
[monitor] ['77%', '100%', '80%', '83%']  memcached=240.0%
[monitor] ['81%', '100%', '78%', '82%']  memcached=240.8%
[monitor] ['74%', '100%', '76%', '81%']  memcached=231.2%
[monitor] ['68%', '100%', '70%', '74%']  memcached=211.5%
[monitor] ['69%', '100%', '70%', '74%']  memcached=213.8%
[monitor] ['70%', '100%', '70%', '72%']  memcached=212.8%
[monitor] ['47%', '100%', '50%', '48%']  memcached=144.1%
[monitor] ['47%', '100%', '49%', '48%']  memcached=143.0%
[monitor] ['42%', '100%', '47%', '46%']  memcached=135.0%
[MEMCACHED] cores updated to: ['0', '3']
[streamcluster] cores updated to: [1, 2]
[monitor] ['56%', '87%', '84%', '52%']  memcached=107.9%
[monitor] ['51%', '71%', '93%', '57%']  memcached=108.3%
[monitor] ['53%', '80%', '93%', '55%']  memcached=108.3%
[monitor] ['51%', '77%', '94%', '51%']  memcached=102.3%
[monitor] ['48%', '69%', '97%', '49%']  memcached=96.5%
[monitor] ['48%', '94%', '87%', '50%']  memcached=97.7%
[monitor] ['46%', '90%', '87%', '51%']  memcached=97.5%
[monitor] ['88%', '97%', '83%', '77%']  memcached=164.6%
[MEMCACHED] cores updated to: ['0', '1', '3']
[streamcluster] cores updated to: [2]
[monitor] ['66%', '67%', '100%', '68%']  memcached=200.9%
[monitor] ['66%', '65%', '100%', '70%']  memcached=200.7%
[monitor] ['65%', '66%', '100%', '67%']  memcached=197.3%
[monitor] ['62%', '62%', '100%', '62%']  memcached=187.2%
[monitor] ['63%', '61%', '100%', '65%']  memcached=188.9%
[monitor] ['62%', '59%', '100%', '62%']  memcached=183.6%
[monitor] ['60%', '60%', '100%', '62%']  memcached=182.5%
[monitor] ['62%', '61%', '100%', '63%']  memcached=185.5%
[monitor] ['61%', '61%', '100%', '65%']  memcached=186.1%
[monitor] ['69%', '68%', '100%', '72%']  memcached=209.4%
[monitor] ['71%', '70%', '100%', '71%']  memcached=212.8%
[monitor] ['70%', '71%', '100%', '75%']  memcached=216.3%
[monitor] ['46%', '45%', '100%', '46%']  memcached=137.7%
[MEMCACHED] cores updated to: ['0', '3']
[streamcluster] cores updated to: [1, 2]
[monitor] ['40%', '87%', '87%', '49%']  memcached=89.4%
[monitor] ['49%', '83%', '94%', '48%']  memcached=96.8%
[monitor] ['59%', '87%', '97%', '62%']  memcached=120.5%
[monitor] ['97%', '97%', '87%', '97%']  memcached=193.5%
[MEMCACHED] cores updated to: ['0', '2', '3']
[streamcluster] cores updated to: [1]
[monitor] ['83%', '100%', '88%', '88%']  memcached=257.9%
[monitor] ['77%', '100%', '78%', '85%']  memcached=239.8%
[monitor] ['51%', '100%', '57%', '57%']  memcached=165.6%
[monitor] ['51%', '100%', '54%', '59%']  memcached=163.5%
[monitor] ['52%', '100%', '57%', '56%']  memcached=165.4%
[monitor] ['69%', '100%', '72%', '76%']  memcached=218.0%
[monitor] ['77%', '100%', '82%', '85%']  memcached=244.3%
[monitor] ['76%', '100%', '78%', '83%']  memcached=236.3%
[monitor] ['70%', '100%', '69%', '74%']  memcached=212.9%
[monitor] ['59%', '100%', '62%', '62%']  memcached=183.0%
[monitor] ['62%', '100%', '62%', '65%']  memcached=189.0%
[monitor] ['61%', '100%', '64%', '66%']  memcached=191.1%
[monitor] ['74%', '100%', '76%', '80%']  memcached=230.0%
[monitor] ['73%', '100%', '78%', '80%']  memcached=230.8%
[monitor] ['74%', '100%', '76%', '78%']  memcached=229.0%
[monitor] ['70%', '100%', '72%', '76%']  memcached=218.2%
[monitor] ['70%', '100%', '72%', '75%']  memcached=217.8%
[monitor] ['68%', '100%', '72%', '74%']  memcached=213.5%
[monitor] ['62%', '100%', '66%', '68%']  memcached=195.0%
[monitor] ['59%', '100%', '60%', '61%']  memcached=179.0%
[monitor] ['55%', '100%', '60%', '60%']  memcached=174.5%
[monitor] ['56%', '100%', '60%', '59%']  memcached=175.8%
[monitor] ['64%', '100%', '66%', '68%']  memcached=198.3%
[monitor] ['64%', '100%', '63%', '68%']  memcached=194.6%
[monitor] ['65%', '100%', '66%', '68%']  memcached=198.4%
[monitor] ['72%', '100%', '73%', '77%']  memcached=221.9%
[monitor] ['70%', '100%', '74%', '78%']  memcached=221.7%
[monitor] ['76%', '100%', '76%', '80%']  memcached=231.4%
[monitor] ['62%', '100%', '68%', '69%']  memcached=198.9%
[monitor] ['57%', '100%', '60%', '61%']  memcached=177.6%
[monitor] ['56%', '100%', '60%', '62%']  memcached=177.5%
[monitor] ['59%', '100%', '61%', '61%']  memcached=180.5%
[monitor] ['62%', '100%', '63%', '67%']  memcached=192.6%
[monitor] ['63%', '100%', '62%', '64%']  memcached=189.8%
[monitor] ['61%', '100%', '64%', '67%']  memcached=191.9%
[monitor] ['55%', '100%', '55%', '59%']  memcached=168.5%
[monitor] ['52%', '100%', '56%', '56%']  memcached=164.7%
[monitor] ['52%', '100%', '55%', '57%']  memcached=164.3%
[monitor] ['46%', '100%', '52%', '56%']  memcached=154.1%
[monitor] ['44%', '100%', '47%', '43%']  memcached=132.9%
[MEMCACHED] cores updated to: ['0', '3']
[streamcluster] cores updated to: [1, 2]
[monitor] ['53%', '97%', '81%', '54%']  memcached=107.7%
[monitor] ['57%', '90%', '90%', '59%']  memcached=116.5%
[monitor] ['88%', '84%', '94%', '88%']  memcached=176.5%
[MEMCACHED] cores updated to: ['0', '1', '3']
[streamcluster] cores updated to: [2]
[monitor] ['76%', '74%', '100%', '74%']  memcached=223.0%
[monitor] ['73%', '72%', '100%', '75%']  memcached=220.2%
[monitor] ['72%', '71%', '100%', '73%']  memcached=215.8%
[monitor] ['68%', '69%', '100%', '71%']  memcached=208.7%
[monitor] ['68%', '69%', '100%', '74%']  memcached=212.0%
[monitor] ['74%', '76%', '100%', '76%']  memcached=225.0%
[monitor] ['78%', '77%', '100%', '83%']  memcached=237.8%
[monitor] ['77%', '80%', '100%', '83%']  memcached=240.0%
[monitor] ['75%', '78%', '100%', '82%']  memcached=235.7%
[monitor] ['77%', '77%', '100%', '81%']  memcached=235.4%
[monitor] ['76%', '76%', '100%', '77%']  memcached=229.1%
[monitor] ['79%', '80%', '100%', '83%']  memcached=241.6%
[monitor] ['73%', '74%', '100%', '75%']  memcached=221.7%
[monitor] ['74%', '72%', '100%', '74%']  memcached=219.6%
[monitor] ['73%', '73%', '100%', '75%']  memcached=220.9%
[monitor] ['56%', '55%', '100%', '57%']  memcached=168.6%
[monitor] ['46%', '44%', '100%', '46%']  memcached=136.4%
[MEMCACHED] cores updated to: ['0', '3']
[streamcluster] cores updated to: [1, 2]
[monitor] ['52%', '83%', '90%', '58%']  memcached=110.1%
[monitor] ['61%', '90%', '94%', '64%']  memcached=124.6%
[monitor] ['91%', '87%', '97%', '94%']  memcached=184.5%
[MEMCACHED] cores updated to: ['0', '2', '3']
[streamcluster] cores updated to: [1]
[monitor] ['80%', '100%', '81%', '88%']  memcached=249.3%
[monitor] ['77%', '100%', '82%', '87%']  memcached=246.2%
[monitor] ['57%', '100%', '57%', '60%']  memcached=175.0%
[monitor] ['54%', '100%', '56%', '59%']  memcached=168.5%
[monitor] ['59%', '100%', '57%', '62%']  memcached=177.9%
[monitor] ['59%', '100%', '60%', '62%']  memcached=180.1%
[monitor] ['61%', '100%', '61%', '63%']  memcached=185.1%
[monitor] ['59%', '100%', '62%', '62%']  memcached=182.1%
[monitor] ['57%', '100%', '55%', '62%']  memcached=174.0%
[monitor] ['44%', '100%', '49%', '49%']  memcached=141.6%
[monitor] ['43%', '100%', '46%', '48%']  memcached=136.5%
[MEMCACHED] cores updated to: ['0', '3']
[streamcluster] cores updated to: [1, 2]
[monitor] ['51%', '87%', '90%', '56%']  memcached=107.0%
[monitor] ['62%', '79%', '93%', '69%']  memcached=131.7%
[monitor] ['61%', '85%', '97%', '68%']  memcached=128.5%
[monitor] ['62%', '76%', '97%', '69%']  memcached=131.0%
[monitor] ['82%', '86%', '94%', '83%']  memcached=165.2%
[MEMCACHED] cores updated to: ['0', '1', '3']
[streamcluster] cores updated to: [2]
[monitor] ['76%', '75%', '100%', '79%']  memcached=230.3%
[monitor] ['76%', '78%', '100%', '78%']  memcached=231.9%
[monitor] ['69%', '69%', '100%', '72%']  memcached=210.2%
[monitor] ['48%', '50%', '100%', '49%']  memcached=146.2%
[monitor] ['52%', '47%', '100%', '50%']  memcached=149.6%
[monitor] ['51%', '49%', '100%', '52%']  memcached=152.4%
[monitor] ['70%', '72%', '100%', '76%']  memcached=217.7%
[monitor] ['72%', '71%', '100%', '73%']  memcached=216.6%
[monitor] ['72%', '72%', '100%', '73%']  memcached=217.0%
[monitor] ['67%', '66%', '100%', '69%']  memcached=201.7%
[monitor] ['63%', '63%', '100%', '68%']  memcached=193.8%
[monitor] ['65%', '65%', '100%', '66%']  memcached=195.9%
[monitor] ['59%', '59%', '100%', '61%']  memcached=178.5%
[monitor] ['56%', '53%', '100%', '57%']  memcached=166.2%
[monitor] ['56%', '54%', '100%', '59%']  memcached=168.5%
[monitor] ['55%', '53%', '100%', '55%']  memcached=162.6%
[monitor] ['43%', '43%', '100%', '44%']  memcached=128.9%
[MEMCACHED] cores updated to: ['0', '3']
[streamcluster] cores updated to: [1, 2]
[monitor] ['52%', '87%', '87%', '53%']  memcached=105.8%
[monitor] ['52%', '79%', '90%', '53%']  memcached=105.9%
[monitor] ['62%', '87%', '93%', '66%']  memcached=128.3%
[monitor] ['68%', '81%', '90%', '68%']  memcached=135.1%
[monitor] ['71%', '90%', '87%', '70%']  memcached=141.1%
[monitor] ['80%', '97%', '86%', '70%']  memcached=150.3%
[monitor] ['88%', '80%', '90%', '85%']  memcached=173.2%
[MEMCACHED] cores updated to: ['0', '2', '3']
[streamcluster] cores updated to: [1]
[monitor] ['72%', '100%', '76%', '76%']  memcached=224.9%
[monitor] ['72%', '100%', '72%', '78%']  memcached=222.2%
[monitor] ['56%', '100%', '61%', '64%']  memcached=181.5%
[monitor] ['59%', '100%', '63%', '62%']  memcached=184.3%
[monitor] ['59%', '100%', '62%', '66%']  memcached=186.4%
[monitor] ['52%', '100%', '53%', '56%']  memcached=161.7%
[monitor] ['48%', '100%', '50%', '53%']  memcached=151.1%
[monitor] ['45%', '100%', '52%', '51%']  memcached=148.2%
[monitor] ['45%', '100%', '50%', '51%']  memcached=146.2%
[monitor] ['49%', '100%', '50%', '51%']  memcached=150.0%
[monitor] ['44%', '100%', '50%', '50%']  memcached=143.6%
[monitor] ['48%', '100%', '48%', '47%']  memcached=142.6%
[monitor] ['41%', '100%', '47%', '47%']  memcached=134.0%
[MEMCACHED] cores updated to: ['0', '3']
[streamcluster] cores updated to: [1, 2]
[monitor] ['52%', '90%', '81%', '49%']  memcached=101.1%
[monitor] ['53%', '100%', '77%', '51%']  memcached=104.5%
[monitor] ['53%', '73%', '93%', '60%']  memcached=113.0%
[monitor] ['59%', '93%', '77%', '59%']  memcached=117.1%
[monitor] ['59%', '81%', '94%', '61%']  memcached=119.5%
[monitor] ['52%', '77%', '97%', '55%']  memcached=106.9%
[monitor] ['50%', '78%', '97%', '50%']  memcached=100.0%
[monitor] ['49%', '100%', '84%', '51%']  memcached=100.0%
[monitor] ['51%', '90%', '83%', '50%']  memcached=101.2%
[monitor] ['64%', '87%', '90%', '68%']  memcached=132.4%
[monitor] ['62%', '83%', '87%', '70%']  memcached=131.5%
[monitor] ['64%', '90%', '93%', '66%']  memcached=129.9%
[monitor] ['88%', '90%', '91%', '85%']  memcached=173.5%
[MEMCACHED] cores updated to: ['0', '1', '3']
[streamcluster] cores updated to: [2]
[monitor] ['76%', '76%', '100%', '76%']  memcached=227.7%
[monitor] ['77%', '80%', '100%', '85%']  memcached=242.0%
[monitor] ['65%', '64%', '100%', '67%']  memcached=195.8%
[monitor] ['56%', '55%', '100%', '54%']  memcached=164.9%
[monitor] ['56%', '56%', '100%', '55%']  memcached=167.5%
[monitor] ['57%', '59%', '100%', '61%']  memcached=177.0%
[monitor] ['77%', '78%', '100%', '81%']  memcached=236.1%
[monitor] ['74%', '73%', '100%', '76%']  memcached=223.0%
[monitor] ['78%', '78%', '100%', '81%']  memcached=236.7%
[monitor] ['64%', '62%', '100%', '65%']  memcached=191.1%
[monitor] ['62%', '63%', '100%', '65%']  memcached=190.7%
[monitor] ['62%', '61%', '100%', '61%']  memcached=184.7%
[monitor] ['56%', '57%', '100%', '58%']  memcached=171.7%
[monitor] ['51%', '49%', '100%', '54%']  memcached=153.7%
[monitor] ['52%', '50%', '100%', '55%']  memcached=157.3%
[monitor] ['56%', '55%', '100%', '56%']  memcached=167.5%
[monitor] ['65%', '64%', '100%', '67%']  memcached=195.8%
[monitor] ['66%', '66%', '100%', '66%']  memcached=197.4%
[monitor] ['67%', '63%', '100%', '69%']  memcached=198.8%
[monitor] ['76%', '74%', '100%', '76%']  memcached=225.0%
[monitor] ['76%', '75%', '100%', '78%']  memcached=229.1%
[monitor] ['71%', '72%', '100%', '76%']  memcached=219.3%
[monitor] ['78%', '78%', '100%', '79%']  memcached=235.0%
[monitor] ['77%', '80%', '100%', '83%']  memcached=240.0%
[monitor] ['80%', '83%', '100%', '85%']  memcached=248.2%
[monitor] ['78%', '77%', '100%', '80%']  memcached=234.9%
[monitor] ['68%', '68%', '100%', '69%']  memcached=205.2%
[monitor] ['66%', '65%', '100%', '68%']  memcached=199.1%
[monitor] ['68%', '66%', '100%', '68%']  memcached=201.7%
[monitor] ['83%', '85%', '100%', '86%']  memcached=253.4%
[monitor] ['83%', '85%', '100%', '85%']  memcached=253.4%
[monitor] ['82%', '82%', '100%', '85%']  memcached=249.6%
[monitor] ['64%', '62%', '100%', '67%']  memcached=193.3%
[monitor] ['54%', '53%', '100%', '56%']  memcached=162.4%
[monitor] ['57%', '52%', '100%', '55%']  memcached=164.6%
[monitor] ['56%', '54%', '100%', '57%']  memcached=167.1%
[monitor] ['56%', '55%', '100%', '62%']  memcached=173.6%
[monitor] ['59%', '60%', '100%', '62%']  memcached=181.0%
[monitor] ['59%', '59%', '100%', '59%']  memcached=176.0%
[monitor] ['78%', '79%', '100%', '83%']  memcached=240.6%
[monitor] ['81%', '78%', '100%', '81%']  memcached=239.5%
[monitor] ['81%', '80%', '100%', '82%']  memcached=242.9%
[monitor] ['74%', '77%', '100%', '80%']  memcached=231.4%
[monitor] ['81%', '79%', '100%', '83%']  memcached=243.3%
[monitor] ['77%', '78%', '100%', '81%']  memcached=236.1%
[monitor] ['76%', '74%', '100%', '74%']  memcached=224.3%
[monitor] ['69%', '69%', '100%', '71%']  memcached=209.5%
[monitor] ['68%', '69%', '100%', '71%']  memcached=208.7%
[monitor] ['69%', '69%', '100%', '71%']  memcached=209.5%
[monitor] ['49%', '46%', '100%', '49%']  memcached=143.4%
[monitor] ['49%', '47%', '100%', '49%']  memcached=144.8%
[monitor] ['49%', '47%', '100%', '49%']  memcached=144.7%
[monitor] ['51%', '51%', '100%', '56%']  memcached=159.0%
[monitor] ['56%', '53%', '100%', '57%']  memcached=166.7%
[monitor] ['57%', '53%', '100%', '56%']  memcached=165.8%
[monitor] ['56%', '56%', '100%', '59%']  memcached=170.9%
[monitor] ['56%', '55%', '100%', '56%']  memcached=168.1%
[monitor] ['56%', '56%', '100%', '57%']  memcached=169.6%
[monitor] ['56%', '56%', '100%', '61%']  memcached=172.9%
[monitor] ['45%', '42%', '100%', '48%']  memcached=134.2%
[MEMCACHED] cores updated to: ['0', '3']
[streamcluster] cores updated to: [1, 2]
[monitor] ['53%', '87%', '84%', '55%']  memcached=107.6%
[monitor] ['52%', '77%', '94%', '53%']  memcached=105.1%
[monitor] ['60%', '93%', '93%', '60%']  memcached=120.0%
[monitor] ['62%', '87%', '80%', '59%']  memcached=120.5%
[monitor] ['62%', '86%', '79%', '59%']  memcached=120.5%
[monitor] ['69%', '87%', '90%', '67%']  memcached=135.2%
[monitor] ['87%', '94%', '84%', '74%']  memcached=161.4%
[MEMCACHED] cores updated to: ['0', '2', '3']
[streamcluster] cores updated to: [1]
[monitor] ['67%', '100%', '67%', '71%']  memcached=204.4%
[monitor] ['68%', '100%', '69%', '70%']  memcached=207.1%
[monitor] ['71%', '100%', '74%', '77%']  memcached=221.9%
[monitor] ['72%', '100%', '76%', '77%']  memcached=225.0%
[monitor] ['77%', '100%', '76%', '82%']  memcached=236.0%
[monitor] ['78%', '100%', '80%', '83%']  memcached=240.6%
[monitor] ['75%', '100%', '81%', '83%']  memcached=238.4%
[monitor] ['79%', '100%', '79%', '87%']  memcached=245.9%
[monitor] ['78%', '100%', '83%', '85%']  memcached=245.9%
[monitor] ['78%', '100%', '80%', '85%']  memcached=243.2%
[monitor] ['76%', '100%', '82%', '85%']  memcached=243.0%
[monitor] ['75%', '100%', '80%', '85%']  memcached=240.3%
[monitor] ['62%', '100%', '65%', '65%']  memcached=191.4%
[monitor] ['63%', '100%', '64%', '63%']  memcached=190.4%
[monitor] ['59%', '100%', '61%', '66%']  memcached=185.3%
[monitor] ['52%', '100%', '59%', '56%']  memcached=168.0%
[monitor] ['51%', '100%', '53%', '56%']  memcached=160.9%
[monitor] ['46%', '100%', '49%', '51%']  memcached=146.2%
[monitor] ['46%', '100%', '50%', '51%']  memcached=147.4%
[monitor] ['41%', '100%', '45%', '48%']  memcached=134.6%
[MEMCACHED] cores updated to: ['0', '3']
[streamcluster] cores updated to: [1, 2]
[monitor] ['52%', '80%', '93%', '49%']  memcached=101.1%
[monitor] ['51%', '86%', '91%', '52%']  memcached=103.6%
[monitor] ['82%', '97%', '93%', '82%']  memcached=164.7%
[MEMCACHED] cores updated to: ['0', '1', '3']
[streamcluster] cores updated to: [2]
[monitor] ['70%', '71%', '100%', '74%']  memcached=215.0%
[monitor] ['69%', '69%', '100%', '74%']  memcached=211.5%
[monitor] ['76%', '76%', '100%', '78%']  memcached=229.7%
[monitor] ['77%', '76%', '100%', '83%']  memcached=236.5%
[monitor] ['78%', '76%', '100%', '82%']  memcached=236.5%
[monitor] ['76%', '79%', '100%', '82%']  memcached=237.6%
[monitor] ['76%', '74%', '100%', '78%']  memcached=228.3%
[monitor] ['75%', '75%', '100%', '80%']  memcached=230.0%
[monitor] ['72%', '70%', '100%', '74%']  memcached=216.0%
[monitor] ['56%', '56%', '100%', '58%']  memcached=169.9%
[monitor] ['58%', '57%', '100%', '60%']  memcached=174.7%
[monitor] ['59%', '58%', '100%', '59%']  memcached=176.3%
[monitor] ['62%', '64%', '100%', '68%']  memcached=194.1%
[monitor] ['67%', '63%', '100%', '68%']  memcached=198.1%
[monitor] ['69%', '65%', '100%', '68%']  memcached=202.5%
[monitor] ['62%', '62%', '100%', '64%']  memcached=188.8%
[monitor] ['59%', '60%', '100%', '62%']  memcached=180.5%
[monitor] ['61%', '59%', '100%', '63%']  memcached=182.9%
[monitor] ['55%', '59%', '100%', '62%']  memcached=175.8%
[monitor] ['54%', '55%', '100%', '58%']  memcached=166.8%
[monitor] ['57%', '53%', '100%', '55%']  memcached=164.8%
[monitor] ['54%', '53%', '100%', '56%']  memcached=162.6%
[monitor] ['67%', '66%', '100%', '67%']  memcached=199.1%
[monitor] ['67%', '66%', '100%', '69%']  memcached=201.7%
[monitor] ['69%', '67%', '100%', '70%']  memcached=206.2%
[monitor] ['57%', '59%', '100%', '59%']  memcached=175.9%
[monitor] ['52%', '49%', '100%', '54%']  memcached=154.9%
[monitor] ['52%', '54%', '100%', '54%']  memcached=159.7%
[monitor] ['54%', '51%', '100%', '55%']  memcached=159.9%
[monitor] ['64%', '62%', '100%', '63%']  memcached=188.8%
[monitor] ['64%', '65%', '100%', '67%']  memcached=195.8%
[monitor] ['64%', '59%', '100%', '61%']  memcached=184.7%
[monitor] ['45%', '46%', '100%', '48%']  memcached=139.1%
[MEMCACHED] cores updated to: ['0', '3']
[streamcluster] cores updated to: [1, 2]
[monitor] ['49%', '77%', '97%', '52%']  memcached=101.1%
[monitor] ['51%', '74%', '94%', '51%']  memcached=102.3%
[monitor] ['57%', '80%', '97%', '60%']  memcached=118.0%
[monitor] ['61%', '83%', '97%', '64%']  memcached=125.2%
[monitor] ['65%', '87%', '91%', '64%']  memcached=129.1%
[monitor] ['59%', '88%', '87%', '58%']  memcached=117.1%
[monitor] ['43%', '79%', '93%', '45%']  memcached=88.6%
[monitor] ['44%', '87%', '88%', '46%']  memcached=90.1%
[monitor] ['44%', '77%', '87%', '43%']  memcached=87.6%
[monitor] ['48%', '83%', '90%', '52%']  memcached=100.0%
[monitor] ['53%', '88%', '90%', '49%']  memcached=102.2%
[monitor] ['50%', '86%', '83%', '51%']  memcached=101.2%
[monitor] ['58%', '97%', '94%', '61%']  memcached=118.9%
[monitor] ['68%', '93%', '90%', '69%']  memcached=137.7%
[monitor] ['67%', '87%', '87%', '66%']  memcached=132.5%
[monitor] ['70%', '87%', '86%', '67%']  memcached=136.9%
[monitor] ['83%', '100%', '90%', '74%']  memcached=156.5%
[monitor] ['91%', '97%', '94%', '77%']  memcached=167.8%
[MEMCACHED] cores updated to: ['0', '2', '3']
[streamcluster] cores updated to: [1]
[monitor] ['65%', '100%', '68%', '70%']  memcached=203.7%
[monitor] ['62%', '100%', '65%', '66%']  memcached=192.3%
[monitor] ['61%', '100%', '61%', '62%']  memcached=183.5%
[monitor] ['59%', '100%', '62%', '64%']  memcached=185.6%
[monitor] ['65%', '100%', '66%', '68%']  memcached=198.4%
[monitor] ['67%', '100%', '72%', '74%']  memcached=212.1%
[monitor] ['70%', '100%', '73%', '74%']  memcached=216.7%
[monitor] ['60%', '100%', '62%', '62%']  memcached=183.7%
[monitor] ['32%', '100%', '34%', '34%']  memcached=100.8%
[MEMCACHED] cores updated to: ['0', '3']
[streamcluster] cores updated to: [1, 2]
[monitor] ['44%', '87%', '97%', '46%']  memcached=90.1%
[monitor] ['45%', '90%', '94%', '44%']  memcached=89.1%
[monitor] ['52%', '73%', '97%', '53%']  memcached=105.8%
[monitor] ['55%', '90%', '87%', '57%']  memcached=111.4%
[monitor] ['56%', '93%', '97%', '56%']  memcached=111.6%
[monitor] ['51%', '94%', '90%', '52%']  memcached=103.5%
[monitor] ['52%', '97%', '88%', '52%']  memcached=104.7%
[monitor] ['52%', '90%', '93%', '54%']  memcached=106.6%
[monitor] ['62%', '87%', '93%', '63%']  memcached=124.7%
[monitor] ['97%', '97%', '90%', '88%']  memcached=184.9%
[MEMCACHED] cores updated to: ['0', '1', '3']
[streamcluster] cores updated to: [2]
[monitor] ['83%', '81%', '100%', '85%']  memcached=248.8%
[monitor] ['79%', '80%', '100%', '85%']  memcached=244.7%
[monitor] ['43%', '43%', '100%', '43%']  memcached=129.5%
[MEMCACHED] cores updated to: ['0', '3']
[streamcluster] cores updated to: [1, 2]
[monitor] ['47%', '90%', '83%', '49%']  memcached=95.3%
[monitor] ['50%', '80%', '94%', '50%']  memcached=100.0%
[monitor] ['50%', '97%', '77%', '44%']  memcached=93.9%
[monitor] ['50%', '93%', '77%', '47%']  memcached=96.5%
[monitor] ['49%', '90%', '78%', '45%']  memcached=94.3%
[monitor] ['56%', '87%', '97%', '53%']  memcached=109.0%
[monitor] ['63%', '93%', '87%', '66%']  memcached=129.2%
[monitor] ['65%', '97%', '94%', '62%']  memcached=127.5%
[monitor] ['67%', '90%', '90%', '64%']  memcached=130.8%
[monitor] ['71%', '97%', '94%', '68%']  memcached=139.0%
[monitor] ['68%', '86%', '100%', '68%']  memcached=135.9%
[monitor] ['68%', '100%', '81%', '68%']  memcached=135.0%
[monitor] ['83%', '90%', '93%', '81%']  memcached=163.4%
[MEMCACHED] cores updated to: ['0', '2', '3']
[streamcluster] cores updated to: [1]
[monitor] ['78%', '100%', '82%', '85%']  memcached=246.0%
[monitor] ['75%', '100%', '81%', '82%']  memcached=237.9%
[monitor] ['78%', '100%', '83%', '85%']  memcached=246.1%
[monitor] ['72%', '100%', '78%', '78%']  memcached=227.8%
[monitor] ['75%', '100%', '78%', '85%']  memcached=238.2%
[monitor] ['72%', '100%', '78%', '77%']  memcached=227.1%
[monitor] ['69%', '100%', '70%', '72%']  memcached=211.0%
[monitor] ['67%', '100%', '72%', '73%']  memcached=211.4%
[monitor] ['69%', '100%', '70%', '72%']  memcached=211.7%
[monitor] ['41%', '100%', '44%', '45%']  memcached=129.9%
[MEMCACHED] cores updated to: ['0', '3']
[streamcluster] cores updated to: [1, 2]
[monitor] ['42%', '90%', '93%', '42%']  memcached=84.4%
[monitor] ['38%', '94%', '97%', '46%']  memcached=83.7%
[monitor] ['45%', '87%', '93%', '47%']  memcached=91.7%
[monitor] ['51%', '86%', '97%', '52%']  memcached=103.4%
[monitor] ['52%', '87%', '97%', '53%']  memcached=105.8%
[monitor] ['55%', '90%', '93%', '56%']  memcached=110.6%
[monitor] ['82%', '97%', '94%', '74%']  memcached=156.6%
[monitor] ['80%', '87%', '97%', '76%']  memcached=155.7%
[monitor] ['83%', '96%', '97%', '75%']  memcached=157.9%
[monitor] ['49%', '84%', '97%', '54%']  memcached=103.1%
[monitor] ['48%', '87%', '97%', '43%']  memcached=91.0%
[monitor] ['44%', '74%', '100%', '47%']  memcached=91.1%
[monitor] ['62%', '93%', '94%', '55%']  memcached=117.8%
[monitor] ['90%', '97%', '97%', '78%']  memcached=168.1%
[MEMCACHED] cores updated to: ['0', '1', '3']
[streamcluster] cores updated to: [2]
[monitor] ['74%', '72%', '100%', '76%']  memcached=222.2%
[monitor] ['70%', '71%', '100%', '74%']  memcached=215.0%
[monitor] ['64%', '65%', '100%', '68%']  memcached=196.5%
[monitor] ['67%', '66%', '100%', '68%']  memcached=200.0%
[monitor] ['68%', '70%', '100%', '71%']  memcached=209.7%
[monitor] ['76%', '72%', '100%', '76%']  memcached=223.6%
[monitor] ['72%', '74%', '100%', '75%']  memcached=221.5%
[monitor] ['76%', '74%', '100%', '76%']  memcached=225.7%
[monitor] ['64%', '65%', '100%', '68%']  memcached=196.3%
[monitor] ['56%', '50%', '100%', '57%']  memcached=163.6%
[monitor] ['57%', '60%', '100%', '57%']  memcached=174.3%
[monitor] ['61%', '57%', '100%', '64%']  memcached=181.8%
[monitor] ['78%', '80%', '100%', '82%']  memcached=240.1%
[monitor] ['78%', '78%', '100%', '83%']  memcached=239.0%
[monitor] ['81%', '81%', '100%', '81%']  memcached=242.2%
[monitor] ['72%', '72%', '100%', '76%']  memcached=220.1%
[monitor] ['70%', '72%', '100%', '72%']  memcached=214.3%
[monitor] ['70%', '69%', '100%', '74%']  memcached=213.4%
[monitor] ['60%', '58%', '100%', '62%']  memcached=180.4%
[monitor] ['50%', '49%', '100%', '46%']  memcached=144.7%
[monitor] ['50%', '49%', '100%', '53%']  memcached=152.2%
[monitor] ['49%', '45%', '100%', '48%']  memcached=141.3%
[monitor] ['37%', '37%', '100%', '38%']  memcached=111.3%
[MEMCACHED] cores updated to: ['0', '3']
[streamcluster] cores updated to: [1, 2]
[monitor] ['46%', '90%', '87%', '45%']  memcached=91.1%
[monitor] ['46%', '90%', '90%', '44%']  memcached=90.1%
[monitor] ['56%', '79%', '97%', '55%']  memcached=110.3%
[monitor] ['56%', '90%', '97%', '56%']  memcached=111.7%
[monitor] ['55%', '93%', '90%', '59%']  memcached=113.9%
[monitor] ['60%', '90%', '97%', '59%']  memcached=118.5%
[monitor] ['60%', '80%', '94%', '61%']  memcached=120.5%
[monitor] ['63%', '90%', '97%', '62%']  memcached=124.7%
[monitor] ['61%', '87%', '97%', '62%']  memcached=123.5%
[monitor] ['65%', '93%', '87%', '68%']  memcached=132.5%
[monitor] ['65%', '81%', '97%', '66%']  memcached=130.9%
[monitor] ['65%', '90%', '94%', '68%']  memcached=132.5%
[monitor] ['57%', '90%', '100%', '59%']  memcached=115.7%
[monitor] ['56%', '94%', '91%', '57%']  memcached=113.2%
[monitor] ['58%', '87%', '97%', '60%']  memcached=117.7%
[monitor] ['65%', '87%', '100%', '66%']  memcached=130.8%
[monitor] ['74%', '90%', '94%', '78%']  memcached=151.5%
[monitor] ['76%', '86%', '100%', '72%']  memcached=147.5%
[monitor] ['64%', '97%', '90%', '66%']  memcached=129.9%
[monitor] ['50%', '80%', '97%', '49%']  memcached=98.9%
[monitor] ['48%', '87%', '93%', '50%']  memcached=97.7%
[monitor] ['48%', '90%', '97%', '50%']  memcached=97.7%
[monitor] ['68%', '100%', '94%', '69%']  memcached=137.7%
[monitor] ['70%', '90%', '87%', '68%']  memcached=138.4%
[monitor] ['70%', '87%', '93%', '69%']  memcached=139.5%
[monitor] ['84%', '97%', '91%', '85%']  memcached=169.2%
[MEMCACHED] cores updated to: ['0', '2', '3']
[streamcluster] cores updated to: [1]
[monitor] ['81%', '100%', '80%', '85%']  memcached=245.8%
[monitor] ['78%', '100%', '81%', '85%']  memcached=244.2%
[monitor] ['78%', '100%', '79%', '84%']  memcached=241.1%
[monitor] ['69%', '100%', '73%', '76%']  memcached=218.3%
[monitor] ['74%', '100%', '76%', '78%']  memcached=228.4%
[monitor] ['70%', '100%', '73%', '76%']  memcached=219.6%
[monitor] ['53%', '100%', '59%', '59%']  memcached=170.1%
[monitor] ['56%', '100%', '56%', '60%']  memcached=171.7%
[monitor] ['55%', '100%', '60%', '59%']  memcached=173.5%
[monitor] ['63%', '100%', '66%', '66%']  memcached=194.8%
[monitor] ['67%', '100%', '69%', '69%']  memcached=205.3%
[monitor] ['67%', '100%', '68%', '71%']  memcached=205.3%
[monitor] ['69%', '100%', '70%', '74%']  memcached=213.2%
[monitor] ['77%', '100%', '83%', '85%']  memcached=245.3%
[monitor] ['77%', '100%', '77%', '83%']  memcached=237.1%
[monitor] ['78%', '100%', '80%', '82%']  memcached=240.1%
[monitor] ['79%', '100%', '83%', '88%']  memcached=249.8%
[monitor] ['81%', '100%', '82%', '85%']  memcached=248.3%
[monitor] ['82%', '100%', '86%', '91%']  memcached=258.7%
[monitor] ['78%', '100%', '83%', '87%']  memcached=247.7%
[monitor] ['78%', '100%', '80%', '83%']  memcached=241.1%
[monitor] ['78%', '100%', '78%', '83%']  memcached=239.0%
[monitor] ['68%', '100%', '72%', '75%']  memcached=214.8%
[monitor] ['54%', '100%', '59%', '60%']  memcached=172.4%
[monitor] ['55%', '100%', '56%', '61%']  memcached=172.6%
[monitor] ['55%', '100%', '57%', '57%']  memcached=170.0%
[monitor] ['58%', '100%', '60%', '62%']  memcached=180.4%
[monitor] ['56%', '100%', '60%', '62%']  memcached=177.9%
[monitor] ['54%', '100%', '56%', '60%']  memcached=170.5%
[monitor] ['41%', '100%', '44%', '45%']  memcached=130.6%
[MEMCACHED] cores updated to: ['0', '3']
[streamcluster] cores updated to: [1, 2]
[monitor] ['43%', '77%', '97%', '42%']  memcached=85.0%
[monitor] ['43%', '93%', '94%', '46%']  memcached=88.8%
[monitor] ['51%', '84%', '97%', '52%']  memcached=103.7%
[monitor] ['80%', '90%', '93%', '75%']  memcached=155.0%
[monitor] ['77%', '90%', '84%', '78%']  memcached=154.9%
[monitor] ['75%', '97%', '90%', '74%']  memcached=149.3%
[monitor] ['46%', '87%', '91%', '44%']  memcached=90.1%
[monitor] ['43%', '93%', '77%', '46%']  memcached=89.1%
[monitor] ['42%', '90%', '96%', '43%']  memcached=85.0%
[monitor] ['76%', '90%', '97%', '71%']  memcached=147.1%
[monitor] ['88%', '79%', '94%', '85%']  memcached=172.8%
[MEMCACHED] cores updated to: ['0', '1', '3']
[streamcluster] cores updated to: [2]
[monitor] ['76%', '76%', '100%', '78%']  memcached=229.7%
[monitor] ['68%', '68%', '100%', '71%']  memcached=207.9%
[monitor] ['57%', '55%', '100%', '58%']  memcached=170.7%
[monitor] ['57%', '59%', '100%', '60%']  memcached=176.5%
[monitor] ['60%', '55%', '100%', '60%']  memcached=175.3%
[monitor] ['75%', '78%', '100%', '81%']  memcached=233.3%
[monitor] ['77%', '77%', '100%', '80%']  memcached=234.3%
[monitor] ['81%', '81%', '100%', '83%']  memcached=244.5%
[monitor] ['51%', '50%', '100%', '54%']  memcached=155.1%
[monitor] ['47%', '44%', '100%', '48%']  memcached=138.0%
[MEMCACHED] cores updated to: ['0', '3']
[streamcluster] cores updated to: [1, 2]
[monitor] ['51%', '87%', '90%', '55%']  memcached=105.7%
[monitor] ['59%', '90%', '90%', '56%']  memcached=115.2%
[monitor] ['61%', '84%', '94%', '62%']  memcached=123.5%
[monitor] ['64%', '100%', '84%', '61%']  memcached=125.3%
[monitor] ['65%', '91%', '90%', '57%']  memcached=122.1%
[monitor] ['40%', '70%', '100%', '45%']  memcached=85.0%
[monitor] ['43%', '94%', '87%', '43%']  memcached=86.7%
[monitor] ['45%', '93%', '97%', '47%']  memcached=92.0%
[monitor] ['68%', '90%', '90%', '69%']  memcached=136.9%
[monitor] ['78%', '90%', '100%', '78%']  memcached=156.2%
[monitor] ['84%', '97%', '90%', '72%']  memcached=156.1%
[monitor] ['76%', '94%', '97%', '81%']  memcached=156.9%
[monitor] ['68%', '86%', '97%', '72%']  memcached=140.9%
[monitor] ['73%', '83%', '94%', '73%']  memcached=145.9%
[monitor] ['70%', '88%', '97%', '71%']  memcached=141.3%
[monitor] ['74%', '83%', '93%', '80%']  memcached=153.7%
[monitor] ['74%', '93%', '97%', '78%']  memcached=151.5%
[monitor] ['79%', '97%', '90%', '78%']  memcached=157.2%
[monitor] ['85%', '94%', '97%', '83%']  memcached=168.2%
[MEMCACHED] cores updated to: ['0', '2', '3']
[streamcluster] cores updated to: [1]
[monitor] ['72%', '100%', '72%', '76%']  memcached=220.0%
[monitor] ['71%', '100%', '75%', '77%']  memcached=223.2%
[monitor] ['73%', '100%', '72%', '76%']  memcached=220.9%
[monitor] ['76%', '100%', '78%', '82%']  memcached=236.4%
[monitor] ['75%', '100%', '78%', '81%']  memcached=233.9%
[monitor] ['68%', '100%', '72%', '72%']  memcached=212.9%
[monitor] ['35%', '100%', '40%', '40%']  memcached=114.1%
[MEMCACHED] cores updated to: ['0', '3']
[streamcluster] cores updated to: [1, 2]
[monitor] ['48%', '93%', '97%', '51%']  memcached=98.9%
[monitor] ['44%', '83%', '100%', '49%']  memcached=93.4%
[monitor] ['60%', '87%', '97%', '59%']  memcached=119.0%
[monitor] ['64%', '77%', '97%', '67%']  memcached=130.8%
[monitor] ['66%', '100%', '93%', '64%']  memcached=129.9%
[monitor] ['68%', '91%', '100%', '72%']  memcached=140.6%
[monitor] ['74%', '90%', '97%', '75%']  memcached=148.7%
[monitor] ['74%', '87%', '100%', '74%']  memcached=147.4%
[monitor] ['73%', '97%', '97%', '78%']  memcached=150.8%
[monitor] ['75%', '91%', '97%', '80%']  memcached=155.0%
[monitor] ['76%', '90%', '97%', '82%']  memcached=158.7%
[monitor] ['82%', '97%', '84%', '83%']  memcached=165.7%
[MEMCACHED] cores updated to: ['0', '1', '3']
[streamcluster] cores updated to: [2]
[monitor] ['68%', '68%', '100%', '69%']  memcached=204.2%
[monitor] ['69%', '69%', '100%', '71%']  memcached=209.5%
[monitor] ['68%', '69%', '100%', '71%']  memcached=207.9%
[monitor] ['68%', '66%', '100%', '69%']  memcached=202.5%
[monitor] ['66%', '66%', '100%', '66%']  memcached=197.5%
[monitor] ['65%', '65%', '100%', '66%']  memcached=195.9%
[monitor] ['69%', '68%', '100%', '70%']  memcached=207.1%
[monitor] ['79%', '81%', '100%', '81%']  memcached=240.5%
[monitor] ['78%', '80%', '100%', '82%']  memcached=240.7%
[monitor] ['77%', '77%', '100%', '83%']  memcached=237.1%
[monitor] ['75%', '78%', '100%', '78%']  memcached=231.8%
[monitor] ['74%', '76%', '100%', '76%']  memcached=225.0%
[monitor] ['76%', '76%', '100%', '80%']  memcached=231.4%
[monitor] ['53%', '53%', '100%', '53%']  memcached=157.9%
[monitor] ['38%', '36%', '100%', '39%']  memcached=112.4%
[MEMCACHED] cores updated to: ['0', '3']
[streamcluster] cores updated to: [1, 2]
[monitor] ['44%', '90%', '94%', '48%']  memcached=92.0%
[monitor] ['54%', '97%', '87%', '56%']  memcached=109.8%
[monitor] ['100%', '100%', '79%', '94%']  memcached=193.5%
[MEMCACHED] cores updated to: ['0', '2', '3']
[streamcluster] cores updated to: [1]
[monitor] ['82%', '100%', '88%', '91%']  memcached=260.9%
[monitor] ['77%', '100%', '82%', '85%']  memcached=244.3%
[monitor] ['76%', '100%', '76%', '77%']  memcached=228.5%
[monitor] ['73%', '100%', '78%', '83%']  memcached=234.1%
[monitor] ['77%', '100%', '79%', '81%']  memcached=237.8%
[monitor] ['64%', '100%', '68%', '69%']  memcached=200.8%
[monitor] ['57%', '100%', '63%', '63%']  memcached=184.3%
[monitor] ['62%', '100%', '59%', '63%']  memcached=184.0%
[monitor] ['62%', '100%', '65%', '66%']  memcached=192.9%
[monitor] ['81%', '100%', '82%', '85%']  memcached=247.8%
[monitor] ['77%', '100%', '82%', '86%']  memcached=245.2%
[monitor] ['78%', '100%', '80%', '85%']  memcached=243.2%
[monitor] ['70%', '100%', '74%', '76%']  memcached=220.9%
[monitor] ['70%', '100%', '73%', '75%']  memcached=218.2%
[monitor] ['72%', '100%', '74%', '76%']  memcached=221.9%
[monitor] ['73%', '100%', '76%', '79%']  memcached=228.1%
[monitor] ['76%', '100%', '81%', '80%']  memcached=236.2%
[monitor] ['78%', '100%', '78%', '80%']  memcached=236.8%
[monitor] ['66%', '100%', '65%', '67%']  memcached=197.5%
[monitor] ['44%', '100%', '48%', '50%']  memcached=141.2%
[monitor] ['44%', '100%', '49%', '49%']  memcached=141.6%
[monitor] ['44%', '100%', '44%', '45%']  memcached=132.2%
[MEMCACHED] cores updated to: ['0', '3']
[streamcluster] cores updated to: [1, 2]
[monitor] ['91%', '72%', '94%', '94%']  memcached=184.2%
[MEMCACHED] cores updated to: ['0', '1', '3']
[streamcluster] cores updated to: [2]
[monitor] ['76%', '78%', '100%', '81%']  memcached=235.2%
[monitor] ['79%', '79%', '100%', '82%']  memcached=241.2%
[monitor] ['66%', '70%', '100%', '71%']  memcached=206.8%
[monitor] ['65%', '65%', '100%', '66%']  memcached=195.9%
[monitor] ['64%', '62%', '100%', '65%']  memcached=191.6%
[monitor] ['69%', '68%', '100%', '71%']  memcached=207.9%
[monitor] ['74%', '75%', '100%', '78%']  memcached=226.5%
[monitor] ['77%', '77%', '100%', '78%']  memcached=232.1%
[monitor] ['76%', '76%', '100%', '78%']  memcached=230.4%
[monitor] ['58%', '59%', '100%', '62%']  memcached=178.8%
[monitor] ['61%', '60%', '100%', '63%']  memcached=184.4%
[monitor] ['59%', '58%', '100%', '62%']  memcached=179.4%
[monitor] ['56%', '52%', '100%', '55%']  memcached=163.3%
[monitor] ['55%', '49%', '100%', '54%']  memcached=157.1%
[monitor] ['52%', '55%', '100%', '51%']  memcached=158.4%
[monitor] ['55%', '51%', '100%', '57%']  memcached=163.9%
[monitor] ['62%', '64%', '100%', '64%']  memcached=190.7%
[monitor] ['63%', '61%', '100%', '66%']  memcached=190.2%
[monitor] ['63%', '64%', '100%', '65%']  memcached=192.5%
[monitor] ['68%', '67%', '100%', '69%']  memcached=204.3%
[monitor] ['68%', '67%', '100%', '67%']  memcached=200.8%
[monitor] ['68%', '67%', '100%', '71%']  memcached=206.1%
[monitor] ['59%', '59%', '100%', '63%']  memcached=180.3%
[monitor] ['58%', '55%', '100%', '57%']  memcached=170.0%
[monitor] ['54%', '57%', '100%', '56%']  memcached=166.9%
[monitor] ['60%', '59%', '100%', '63%']  memcached=181.9%
[monitor] ['62%', '60%', '100%', '62%']  memcached=185.0%
[monitor] ['62%', '62%', '100%', '65%']  memcached=189.0%
[monitor] ['63%', '62%', '100%', '65%']  memcached=189.3%
[monitor] ['64%', '62%', '100%', '64%']  memcached=190.7%
[monitor] ['62%', '62%', '100%', '66%']  memcached=190.9%
[monitor] ['64%', '62%', '100%', '64%']  memcached=190.7%
[monitor] ['80%', '78%', '100%', '82%']  memcached=240.1%
[monitor] ['82%', '83%', '100%', '85%']  memcached=250.0%
[monitor] ['82%', '81%', '100%', '86%']  memcached=248.1%
[monitor] ['74%', '72%', '100%', '76%']  memcached=221.6%
[monitor] ['64%', '65%', '100%', '66%']  memcached=194.9%
[monitor] ['65%', '62%', '100%', '69%']  memcached=196.5%
[monitor] ['66%', '65%', '100%', '65%']  memcached=195.9%
[monitor] ['63%', '64%', '100%', '67%']  memcached=193.9%
[monitor] ['65%', '63%', '100%', '67%']  memcached=194.8%
[monitor] ['64%', '63%', '100%', '66%']  memcached=193.4%
[monitor] ['55%', '54%', '100%', '57%']  memcached=165.8%
[monitor] ['54%', '50%', '100%', '55%']  memcached=158.7%
[monitor] ['52%', '52%', '100%', '55%']  memcached=159.6%
[monitor] ['50%', '46%', '100%', '51%']  memcached=147.3%
[monitor] ['44%', '47%', '100%', '45%']  memcached=135.7%
[MEMCACHED] cores updated to: ['0', '3']
[streamcluster] cores updated to: [1, 2]
[monitor] ['52%', '93%', '72%', '52%']  memcached=104.5%
[monitor] ['58%', '80%', '91%', '57%']  memcached=115.3%
[monitor] ['97%', '90%', '97%', '97%']  memcached=193.6%
[MEMCACHED] cores updated to: ['0', '2', '3']
[streamcluster] cores updated to: [1]
[monitor] ['78%', '100%', '79%', '84%']  memcached=241.1%
[monitor] ['78%', '100%', '79%', '82%']  memcached=239.5%
[monitor] ['66%', '100%', '70%', '72%']  memcached=208.0%
[monitor] ['66%', '100%', '65%', '69%']  memcached=200.1%
[monitor] ['66%', '100%', '68%', '68%']  memcached=201.7%
[monitor] ['63%', '100%', '66%', '68%']  memcached=197.4%
[monitor] ['68%', '100%', '67%', '70%']  memcached=204.4%
[monitor] ['67%', '100%', '68%', '72%']  memcached=206.9%
[monitor] ['67%', '100%', '68%', '68%']  memcached=202.6%
[monitor] ['50%', '100%', '52%', '59%']  memcached=161.6%
[monitor] ['52%', '100%', '55%', '56%']  memcached=163.4%
[monitor] ['54%', '100%', '55%', '55%']  memcached=163.4%
[monitor] ['64%', '100%', '62%', '68%']  memcached=193.8%
[monitor] ['68%', '100%', '68%', '73%']  memcached=209.8%
[monitor] ['68%', '100%', '69%', '72%']  memcached=209.2%
[monitor] ['62%', '100%', '63%', '62%']  memcached=187.2%
[monitor] ['53%', '100%', '57%', '59%']  memcached=168.7%
[monitor] ['57%', '100%', '56%', '60%']  memcached=173.2%
[monitor] ['52%', '100%', '57%', '56%']  memcached=165.6%
[monitor] ['48%', '100%', '47%', '48%']  memcached=141.6%
[monitor] ['45%', '100%', '50%', '49%']  memcached=143.8%
[monitor] ['43%', '100%', '48%', '49%']  memcached=138.9%
[MEMCACHED] cores updated to: ['0', '3']
[streamcluster] cores updated to: [1, 2]
[monitor] ['48%', '87%', '84%', '49%']  memcached=96.8%
[monitor] ['47%', '77%', '97%', '47%']  memcached=93.3%
[monitor] ['45%', '80%', '97%', '49%']  memcached=94.3%
[monitor] ['68%', '87%', '97%', '67%']  memcached=134.2%
[monitor] ['94%', '90%', '97%', '85%']  memcached=178.8%
[MEMCACHED] cores updated to: ['0', '1', '3']
[streamcluster] cores updated to: [2]
[monitor] ['76%', '75%', '100%', '78%']  memcached=229.1%
[monitor] ['74%', '74%', '100%', '78%']  memcached=226.2%
[monitor] ['68%', '68%', '100%', '68%']  memcached=204.2%
[monitor] ['67%', '66%', '100%', '70%']  memcached=202.5%
[monitor] ['67%', '68%', '100%', '68%']  memcached=201.7%
[monitor] ['64%', '63%', '100%', '68%']  memcached=194.8%
[monitor] ['67%', '65%', '100%', '68%']  memcached=199.2%
[monitor] ['63%', '64%', '100%', '67%']  memcached=194.2%
[monitor] ['55%', '50%', '100%', '56%']  memcached=160.6%
[monitor] ['44%', '40%', '100%', '41%']  memcached=125.6%
[MEMCACHED] cores updated to: ['0', '3']
[streamcluster] cores updated to: [1, 2]
[monitor] ['51%', '83%', '87%', '52%']  memcached=103.3%
[monitor] ['57%', '88%', '93%', '57%']  memcached=114.3%
[monitor] ['88%', '93%', '80%', '76%']  memcached=163.6%
[MEMCACHED] cores updated to: ['0', '2', '3']
[streamcluster] cores updated to: [1]
[monitor] ['67%', '100%', '70%', '70%']  memcached=206.9%
[monitor] ['68%', '100%', '69%', '69%']  memcached=206.0%
[monitor] ['38%', '100%', '39%', '43%']  memcached=119.4%
[MEMCACHED] cores updated to: ['0', '3']
[streamcluster] cores updated to: [1, 2]
[monitor] ['44%', '80%', '97%', '44%']  memcached=88.9%
[monitor] ['47%', '87%', '93%', '48%']  memcached=94.7%
[monitor] ['49%', '87%', '97%', '53%']  memcached=102.0%
[monitor] ['53%', '93%', '97%', '55%']  memcached=107.7%
[monitor] ['51%', '71%', '97%', '51%']  memcached=102.2%
[monitor] ['59%', '87%', '100%', '60%']  memcached=118.6%
[monitor] ['80%', '97%', '87%', '76%']  memcached=156.3%
[monitor] ['83%', '97%', '100%', '74%']  memcached=156.5%
[monitor] ['79%', '87%', '97%', '74%']  memcached=152.5%
[monitor] ['94%', '87%', '94%', '94%']  memcached=187.5%
[MEMCACHED] cores updated to: ['0', '1', '3']
[streamcluster] cores updated to: [2]
[monitor] ['91%', '94%', '100%', '94%']  memcached=278.1%
[monitor] ['82%', '80%', '100%', '85%']  memcached=247.6%
[monitor] ['80%', '81%', '100%', '83%']  memcached=243.4%
[monitor] ['78%', '77%', '100%', '81%']  memcached=235.5%
[monitor] ['78%', '76%', '100%', '80%']  memcached=234.1%
[monitor] ['66%', '66%', '100%', '67%']  memcached=198.2%
[monitor] ['47%', '43%', '100%', '49%']  memcached=137.8%
[MEMCACHED] cores updated to: ['0', '3']
[streamcluster] cores updated to: [1, 2]
[monitor] ['53%', '90%', '81%', '52%']  memcached=105.5%
[monitor] ['48%', '70%', '97%', '56%']  memcached=103.2%
[monitor] ['94%', '90%', '94%', '94%']  memcached=187.7%
[MEMCACHED] cores updated to: ['0', '2', '3']
[streamcluster] cores updated to: [1]
[monitor] ['75%', '100%', '78%', '82%']  memcached=235.1%
[monitor] ['76%', '100%', '78%', '82%']  memcached=236.4%
[monitor] ['66%', '100%', '68%', '70%']  memcached=203.3%
[monitor] ['64%', '100%', '67%', '68%']  memcached=199.2%
[monitor] ['64%', '100%', '67%', '66%']  memcached=196.6%
[monitor] ['65%', '100%', '66%', '69%']  memcached=200.1%
[monitor] ['63%', '100%', '68%', '67%']  memcached=197.6%
[monitor] ['64%', '100%', '63%', '67%']  memcached=193.9%
[monitor] ['59%', '100%', '63%', '66%']  memcached=188.4%
[monitor] ['52%', '100%', '55%', '52%']  memcached=159.3%
[monitor] ['51%', '100%', '51%', '52%']  memcached=154.8%
[monitor] ['50%', '100%', '52%', '55%']  memcached=156.8%
[monitor] ['64%', '100%', '68%', '67%']  memcached=198.3%
[monitor] ['68%', '100%', '69%', '71%']  memcached=208.2%
[monitor] ['69%', '100%', '71%', '71%']  memcached=210.7%
[monitor] ['65%', '100%', '65%', '68%']  memcached=197.5%
[monitor] ['59%', '100%', '61%', '62%']  memcached=182.0%
[monitor] ['56%', '100%', '63%', '60%']  memcached=178.9%
[monitor] ['57%', '100%', '60%', '63%']  memcached=180.4%
[monitor] ['59%', '100%', '59%', '60%']  memcached=176.6%
[monitor] ['56%', '100%', '60%', '59%']  memcached=174.6%
[monitor] ['60%', '100%', '59%', '59%']  memcached=177.5%
[monitor] ['44%', '100%', '44%', '47%']  memcached=134.6%
[MEMCACHED] cores updated to: ['0', '3']
[streamcluster] cores updated to: [1, 2]
[monitor] ['49%', '90%', '90%', '48%']  memcached=96.7%
[monitor] ['48%', '77%', '97%', '48%']  memcached=95.6%
[monitor] ['62%', '84%', '94%', '66%']  memcached=128.4%
[monitor] ['97%', '97%', '79%', '88%']  memcached=184.8%
[MEMCACHED] cores updated to: ['0', '1', '3']
[streamcluster] cores updated to: [2]
[monitor] ['79%', '80%', '100%', '82%']  memcached=241.2%
[monitor] ['81%', '79%', '100%', '81%']  memcached=240.1%
[monitor] ['68%', '68%', '100%', '69%']  memcached=204.4%
[monitor] ['68%', '68%', '100%', '70%']  memcached=205.9%
[monitor] ['68%', '68%', '100%', '69%']  memcached=204.3%
[monitor] ['59%', '60%', '100%', '60%']  memcached=178.5%
[monitor] ['57%', '56%', '100%', '57%']  memcached=170.1%
[monitor] ['59%', '57%', '100%', '59%']  memcached=174.6%
[monitor] ['60%', '61%', '100%', '61%']  memcached=182.0%
[monitor] ['65%', '64%', '100%', '67%']  memcached=195.6%
[monitor] ['63%', '66%', '100%', '68%']  memcached=196.4%
[monitor] ['62%', '61%', '100%', '63%']  memcached=185.9%
[monitor] ['40%', '42%', '100%', '43%']  memcached=124.6%
[MEMCACHED] cores updated to: ['0', '3']
[streamcluster] cores updated to: [1, 2]
[monitor] ['50%', '87%', '90%', '50%']  memcached=100.0%
[monitor] ['44%', '73%', '97%', '49%']  memcached=93.4%
[monitor] ['62%', '97%', '97%', '63%']  memcached=125.9%
[monitor] ['65%', '91%', '97%', '66%']  memcached=130.9%
[monitor] ['68%', '87%', '97%', '68%']  memcached=135.9%
[monitor] ['79%', '97%', '93%', '78%']  memcached=156.6%
[monitor] ['83%', '93%', '97%', '88%']  memcached=171.2%
[MEMCACHED] cores updated to: ['0', '2', '3']
[streamcluster] cores updated to: [1]
[monitor] ['72%', '100%', '73%', '74%']  memcached=219.1%
[monitor] ['71%', '100%', '73%', '77%']  memcached=221.2%
[monitor] ['78%', '100%', '78%', '81%']  memcached=236.1%
[monitor] ['76%', '100%', '78%', '82%']  memcached=235.3%
[monitor] ['75%', '100%', '79%', '80%']  memcached=233.9%
[monitor] ['60%', '100%', '57%', '61%']  memcached=177.3%
[monitor] ['54%', '100%', '57%', '60%']  memcached=170.3%
[monitor] ['53%', '100%', '56%', '59%']  memcached=167.3%
[monitor] ['60%', '100%', '61%', '64%']  memcached=185.1%
[monitor] ['67%', '100%', '68%', '68%']  memcached=202.6%
[monitor] ['65%', '100%', '69%', '70%']  memcached=204.5%
[monitor] ['68%', '100%', '70%', '72%']  memcached=209.3%
[monitor] ['78%', '100%', '78%', '82%']  memcached=237.9%
[monitor] ['76%', '100%', '80%', '81%']  memcached=236.2%
[monitor] ['78%', '100%', '78%', '83%']  memcached=239.6%
[monitor] ['44%', '100%', '48%', '44%']  memcached=135.5%
[MEMCACHED] cores updated to: ['0', '3']
[streamcluster] cores updated to: [1, 2]
[monitor] ['50%', '80%', '97%', '51%']  memcached=101.1%
[monitor] ['48%', '87%', '93%', '51%']  memcached=98.9%
[monitor] ['64%', '83%', '94%', '62%']  memcached=126.3%
[monitor] ['78%', '93%', '100%', '79%']  memcached=156.7%
[monitor] ['76%', '87%', '94%', '78%']  memcached=154.1%
[monitor] ['66%', '90%', '100%', '74%']  memcached=139.5%
[monitor] ['59%', '81%', '97%', '60%']  memcached=118.6%
[monitor] ['57%', '83%', '94%', '58%']  memcached=114.6%
[monitor] ['57%', '94%', '94%', '57%']  memcached=114.3%
[monitor] ['57%', '93%', '87%', '58%']  memcached=114.3%
[monitor] ['56%', '87%', '97%', '59%']  memcached=114.3%
[monitor] ['56%', '87%', '100%', '53%']  memcached=109.0%
[monitor] ['78%', '100%', '97%', '72%']  memcached=149.6%
[monitor] ['97%', '97%', '87%', '85%']  memcached=182.0%
[MEMCACHED] cores updated to: ['0', '1', '3']
[streamcluster] cores updated to: [2]
[monitor] ['76%', '76%', '100%', '78%']  memcached=229.7%
[monitor] ['78%', '77%', '100%', '78%']  memcached=233.3%
[monitor] ['79%', '85%', '100%', '85%']  memcached=249.1%
[monitor] ['83%', '82%', '100%', '86%']  memcached=251.4%
[monitor] ['83%', '80%', '100%', '85%']  memcached=247.7%
[monitor] ['65%', '67%', '100%', '69%']  memcached=200.9%
[monitor] ['64%', '65%', '100%', '68%']  memcached=197.4%
[monitor] ['66%', '65%', '100%', '67%']  memcached=197.5%
[monitor] ['66%', '67%', '100%', '68%']  memcached=200.0%
[monitor] ['71%', '72%', '100%', '72%']  memcached=215.3%
[monitor] ['73%', '69%', '100%', '74%']  memcached=215.9%
[monitor] ['62%', '62%', '100%', '63%']  memcached=186.9%
[monitor] ['38%', '45%', '100%', '43%']  memcached=126.8%
[MEMCACHED] cores updated to: ['0', '3']
[streamcluster] cores updated to: [1, 2]
[monitor] ['50%', '87%', '94%', '51%']  memcached=101.1%
[monitor] ['50%', '90%', '90%', '51%']  memcached=101.1%
[monitor] ['50%', '77%', '93%', '53%']  memcached=103.2%
[monitor] ['51%', '83%', '90%', '50%']  memcached=101.1%
[monitor] ['49%', '84%', '90%', '52%']  memcached=101.1%
[monitor] ['71%', '97%', '90%', '78%']  memcached=148.8%
[monitor] ['83%', '79%', '100%', '86%']  memcached=168.6%
[MEMCACHED] cores updated to: ['0', '2', '3']
[streamcluster] cores updated to: [1]
[monitor] ['71%', '100%', '73%', '76%']  memcached=219.7%
[monitor] ['64%', '100%', '66%', '69%']  memcached=199.2%
[monitor] ['53%', '100%', '56%', '54%']  memcached=163.0%
[monitor] ['50%', '100%', '53%', '52%']  memcached=156.0%
[monitor] ['55%', '100%', '55%', '55%']  memcached=163.6%
[monitor] ['78%', '100%', '81%', '88%']  memcached=246.4%
[monitor] ['76%', '100%', '82%', '82%']  memcached=240.4%
[monitor] ['78%', '100%', '81%', '88%']  memcached=246.4%
[monitor] ['71%', '100%', '72%', '76%']  memcached=219.6%
[monitor] ['70%', '100%', '74%', '74%']  memcached=218.0%
[monitor] ['70%', '100%', '72%', '76%']  memcached=218.2%
[monitor] ['60%', '100%', '62%', '64%']  memcached=186.6%
[monitor] ['48%', '100%', '49%', '48%']  memcached=144.1%
[monitor] ['44%', '100%', '48%', '50%']  memcached=141.5%
[monitor] ['50%', '100%', '52%', '48%']  memcached=149.8%
[monitor] ['79%', '100%', '85%', '86%']  memcached=250.0%
[monitor] ['81%', '100%', '83%', '83%']  memcached=247.3%
[monitor] ['80%', '100%', '85%', '91%']  memcached=255.8%
[monitor] ['72%', '100%', '73%', '76%']  memcached=221.1%
[monitor] ['67%', '100%', '72%', '72%']  memcached=210.3%
[monitor] ['69%', '100%', '69%', '74%']  memcached=212.1%
[monitor] ['70%', '100%', '71%', '76%']  memcached=216.7%
[monitor] ['76%', '100%', '76%', '81%']  memcached=232.7%
[monitor] ['74%', '100%', '79%', '82%']  memcached=235.0%
[monitor] ['75%', '100%', '78%', '80%']  memcached=232.8%
[monitor] ['80%', '100%', '83%', '88%']  memcached=251.1%
[monitor] ['80%', '100%', '82%', '88%']  memcached=250.2%
[monitor] ['81%', '100%', '83%', '85%']  memcached=249.2%
[monitor] ['63%', '100%', '65%', '65%']  memcached=193.4%
[monitor] ['57%', '100%', '61%', '62%']  memcached=180.0%
[monitor] ['60%', '100%', '59%', '62%']  memcached=180.6%
[monitor] ['66%', '100%', '69%', '70%']  memcached=205.3%
[monitor] ['80%', '100%', '86%', '90%']  memcached=256.0%
[monitor] ['83%', '100%', '83%', '90%']  memcached=256.0%
[monitor] ['76%', '100%', '80%', '83%']  memcached=238.5%
[monitor] ['56%', '100%', '55%', '57%']  memcached=167.7%
[monitor] ['55%', '100%', '56%', '58%']  memcached=168.7%
[monitor] ['54%', '100%', '57%', '55%']  memcached=165.5%
[monitor] ['47%', '100%', '50%', '49%']  memcached=145.3%
[monitor] ['47%', '100%', '50%', '44%']  memcached=140.4%
[monitor] ['45%', '100%', '48%', '48%']  memcached=140.6%
[monitor] ['48%', '100%', '54%', '50%']  memcached=152.0%
[monitor] ['53%', '100%', '55%', '54%']  memcached=161.9%
[monitor] ['51%', '100%', '56%', '55%']  memcached=162.1%
[monitor] ['56%', '100%', '56%', '55%']  memcached=167.2%
[monitor] ['64%', '100%', '68%', '69%']  memcached=201.0%
[monitor] ['65%', '100%', '67%', '68%']  memcached=200.7%
[monitor] ['65%', '100%', '68%', '68%']  memcached=200.9%
[monitor] ['51%', '100%', '51%', '49%']  memcached=151.1%
[monitor] ['47%', '100%', '47%', '41%']  memcached=134.0%
[MEMCACHED] cores updated to: ['0', '3']
[streamcluster] cores updated to: [1, 2]
[monitor] ['50%', '77%', '97%', '55%']  memcached=105.3%
[monitor] ['49%', '84%', '100%', '51%']  memcached=99.9%
[monitor] ['50%', '81%', '93%', '48%']  memcached=97.7%
[monitor] ['49%', '79%', '91%', '49%']  memcached=97.8%
[monitor] ['57%', '84%', '97%', '52%']  memcached=108.8%
[monitor] ['77%', '100%', '90%', '81%']  memcached=158.2%
[monitor] ['79%', '97%', '94%', '78%']  memcached=157.8%
[monitor] ['88%', '93%', '100%', '73%']  memcached=161.2%
[MEMCACHED] cores updated to: ['0', '1', '3']
[streamcluster] cores updated to: [2]
[monitor] ['67%', '70%', '100%', '72%']  memcached=209.2%
[monitor] ['69%', '68%', '100%', '68%']  memcached=205.2%
[monitor] ['68%', '69%', '100%', '70%']  memcached=206.7%
[monitor] ['71%', '70%', '100%', '74%']  memcached=215.7%
[monitor] ['74%', '74%', '100%', '76%']  memcached=223.7%
[monitor] ['73%', '74%', '100%', '76%']  memcached=222.3%
[monitor] ['73%', '71%', '100%', '74%']  memcached=218.4%
[monitor] ['67%', '68%', '100%', '67%']  memcached=200.8%
[monitor] ['68%', '67%', '100%', '68%']  memcached=202.6%
[monitor] ['65%', '67%', '100%', '69%']  memcached=200.8%
[monitor] ['49%', '50%', '100%', '52%']  memcached=151.2%
[monitor] ['49%', '49%', '100%', '49%']  memcached=146.5%
[monitor] ['49%', '50%', '100%', '52%']  memcached=151.2%
[monitor] ['66%', '68%', '100%', '69%']  memcached=202.6%
[monitor] ['82%', '82%', '100%', '86%']  memcached=249.9%
[monitor] ['85%', '85%', '100%', '87%']  memcached=256.8%
[monitor] ['74%', '74%', '100%', '76%']  memcached=223.0%
[monitor] ['49%', '46%', '100%', '49%']  memcached=144.1%
[monitor] ['45%', '47%', '100%', '49%']  memcached=140.6%
[monitor] ['46%', '44%', '100%', '51%']  memcached=141.0%
[monitor] ['68%', '71%', '100%', '71%']  memcached=210.5%
[monitor] ['76%', '75%', '100%', '78%']  memcached=228.5%
[monitor] ['75%', '74%', '100%', '78%']  memcached=227.1%
[monitor] ['62%', '62%', '100%', '62%']  memcached=186.9%
[monitor] ['48%', '49%', '100%', '54%']  memcached=150.7%
[monitor] ['48%', '49%', '100%', '52%']  memcached=148.7%
[monitor] ['53%', '50%', '100%', '51%']  memcached=154.6%
[monitor] ['52%', '56%', '100%', '60%']  memcached=169.1%
[monitor] ['54%', '52%', '100%', '56%']  memcached=162.0%
[monitor] ['57%', '54%', '100%', '56%']  memcached=166.6%
[monitor] ['54%', '54%', '100%', '55%']  memcached=162.1%
[monitor] ['49%', '55%', '100%', '55%']  memcached=158.5%
[monitor] ['54%', '52%', '100%', '55%']  memcached=160.9%
[monitor] ['45%', '45%', '100%', '47%']  memcached=137.2%
[MEMCACHED] cores updated to: ['0', '3']
[streamcluster] cores updated to: [1, 2]
[monitor] ['46%', '93%', '93%', '48%']  memcached=93.5%
[monitor] ['47%', '87%', '87%', '47%']  memcached=93.5%
[monitor] ['50%', '90%', '97%', '54%']  memcached=104.2%
[monitor] ['68%', '83%', '93%', '67%']  memcached=135.1%
[monitor] ['70%', '93%', '87%', '69%']  memcached=139.2%
[monitor] ['66%', '80%', '97%', '69%']  memcached=135.1%
[monitor] ['85%', '86%', '90%', '81%']  memcached=166.4%
[MEMCACHED] cores updated to: ['0', '2', '3']
[streamcluster] cores updated to: [1]
[monitor] ['68%', '100%', '72%', '73%']  memcached=213.0%
[monitor] ['70%', '100%', '72%', '73%']  memcached=215.0%
[monitor] ['74%', '100%', '75%', '78%']  memcached=227.1%
[monitor] ['73%', '100%', '76%', '79%']  memcached=228.7%
[monitor] ['75%', '100%', '76%', '78%']  memcached=228.5%
[monitor] ['67%', '100%', '70%', '72%']  memcached=208.5%
[monitor] ['51%', '100%', '52%', '53%']  memcached=157.1%
[monitor] ['49%', '100%', '53%', '54%']  memcached=155.8%
[monitor] ['50%', '100%', '55%', '52%']  memcached=156.9%
[monitor] ['41%', '100%', '42%', '42%']  memcached=125.0%
[MEMCACHED] cores updated to: ['0', '3']
[streamcluster] cores updated to: [1, 2]
[monitor] ['48%', '83%', '100%', '48%']  memcached=95.7%
[monitor] ['46%', '80%', '97%', '50%']  memcached=95.7%
[monitor] ['69%', '87%', '100%', '71%']  memcached=140.5%
[monitor] ['85%', '90%', '97%', '88%']  memcached=173.1%
[MEMCACHED] cores updated to: ['0', '1', '3']
[streamcluster] cores updated to: [2]
[monitor] ['72%', '71%', '100%', '73%']  memcached=216.5%
[monitor] ['73%', '73%', '100%', '76%']  memcached=222.3%
[monitor] ['76%', '74%', '100%', '78%']  memcached=227.1%
[monitor] ['74%', '74%', '100%', '75%']  memcached=222.4%
[monitor] ['76%', '72%', '100%', '78%']  memcached=225.7%
[monitor] ['51%', '53%', '100%', '52%']  memcached=157.1%
[monitor] ['52%', '53%', '100%', '55%']  memcached=160.6%
[monitor] ['52%', '55%', '100%', '51%']  memcached=158.4%
[monitor] ['50%', '49%', '100%', '52%']  memcached=151.2%
[monitor] ['52%', '52%', '100%', '52%']  memcached=156.9%
[monitor] ['50%', '48%', '100%', '51%']  memcached=148.7%
[monitor] ['56%', '56%', '100%', '59%']  memcached=170.7%
[monitor] ['66%', '66%', '100%', '68%']  memcached=199.2%
[monitor] ['64%', '64%', '100%', '67%']  memcached=194.9%
[monitor] ['63%', '63%', '100%', '63%']  memcached=190.0%
[monitor] ['39%', '39%', '100%', '43%']  memcached=120.9%
[MEMCACHED] cores updated to: ['0', '3']
[streamcluster] cores updated to: [1, 2]
[monitor] ['47%', '93%', '100%', '48%']  memcached=94.4%
[monitor] ['51%', '90%', '87%', '51%']  memcached=102.0%
[monitor] ['66%', '97%', '90%', '65%']  memcached=130.8%
[monitor] ['74%', '81%', '97%', '74%']  memcached=147.4%
[monitor] ['76%', '83%', '97%', '72%']  memcached=147.5%
[monitor] ['79%', '87%', '97%', '72%']  memcached=151.9%
[monitor] ['75%', '87%', '87%', '71%']  memcached=146.4%
[monitor] ['85%', '97%', '93%', '74%']  memcached=159.2%
[monitor] ['82%', '97%', '83%', '76%']  memcached=158.7%
[monitor] ['100%', '87%', '83%', '91%']  memcached=190.6%
[MEMCACHED] cores updated to: ['0', '2', '3']
[streamcluster] cores updated to: [1]
[monitor] ['82%', '100%', '85%', '91%']  memcached=258.4%
[monitor] ['80%', '100%', '81%', '85%']  memcached=245.4%
[monitor] ['59%', '100%', '64%', '63%']  memcached=186.2%
[monitor] ['56%', '100%', '58%', '59%']  memcached=172.9%
[monitor] ['56%', '100%', '57%', '60%']  memcached=172.8%
[monitor] ['51%', '100%', '53%', '53%']  memcached=158.1%
[monitor] ['44%', '100%', '48%', '50%']  memcached=141.6%
[monitor] ['48%', '100%', '47%', '44%']  memcached=138.1%
[MEMCACHED] cores updated to: ['0', '3']
[streamcluster] cores updated to: [1, 2]
[monitor] ['57%', '90%', '88%', '56%']  memcached=112.4%
[monitor] ['91%', '97%', '97%', '85%']  memcached=175.9%
[MEMCACHED] cores updated to: ['0', '1', '3']
[streamcluster] cores updated to: [2]
[monitor] ['75%', '76%', '100%', '78%']  memcached=229.7%
[monitor] ['76%', '75%', '100%', '78%']  memcached=229.1%
[monitor] ['60%', '56%', '100%', '60%']  memcached=176.1%
[monitor] ['53%', '56%', '100%', '55%']  memcached=164.1%
[monitor] ['52%', '55%', '100%', '58%']  memcached=165.0%
[monitor] ['52%', '48%', '100%', '52%']  memcached=152.2%
[monitor] ['45%', '49%', '100%', '47%']  memcached=140.6%
[monitor] ['48%', '44%', '100%', '49%']  memcached=140.4%
[monitor] ['50%', '51%', '100%', '50%']  memcached=151.2%
[monitor] ['80%', '76%', '100%', '80%']  memcached=235.7%
[monitor] ['76%', '77%', '100%', '78%']  memcached=231.8%
[monitor] ['75%', '76%', '100%', '78%']  memcached=229.7%
[monitor] ['73%', '71%', '100%', '74%']  memcached=217.7%
[monitor] ['71%', '68%', '100%', '70%']  memcached=209.7%
[monitor] ['72%', '73%', '100%', '76%']  memcached=220.4%
[monitor] ['59%', '59%', '100%', '59%']  memcached=175.6%
[monitor] ['49%', '47%', '100%', '49%']  memcached=144.2%
[monitor] ['48%', '49%', '100%', '48%']  memcached=144.2%
[monitor] ['56%', '52%', '100%', '53%']  memcached=161.4%
[monitor] ['72%', '72%', '100%', '76%']  memcached=219.3%
[monitor] ['74%', '74%', '100%', '74%']  memcached=222.4%
[monitor] ['75%', '73%', '100%', '74%']  memcached=221.7%
[monitor] ['76%', '74%', '100%', '78%']  memcached=227.8%
[monitor] ['76%', '75%', '100%', '78%']  memcached=229.1%
[monitor] ['76%', '76%', '100%', '79%']  memcached=230.9%
[monitor] ['66%', '65%', '100%', '68%']  memcached=198.2%
[monitor] ['56%', '57%', '100%', '60%']  memcached=172.8%
[monitor] ['55%', '60%', '100%', '59%']  memcached=173.1%
[monitor] ['56%', '52%', '100%', '56%']  memcached=164.4%
[monitor] ['44%', '45%', '100%', '48%']  memcached=137.4%
[MEMCACHED] cores updated to: ['0', '3']
[streamcluster] cores updated to: [1, 2]
[monitor] ['52%', '79%', '94%', '55%']  memcached=107.5%
[monitor] ['50%', '90%', '90%', '52%']  memcached=102.3%
[monitor] ['85%', '90%', '97%', '83%']  memcached=168.2%
[MEMCACHED] cores updated to: ['0', '2', '3']
[streamcluster] cores updated to: [1]
[monitor] ['71%', '100%', '74%', '74%']  memcached=219.1%
[monitor] ['72%', '100%', '73%', '75%']  memcached=219.8%
[monitor] ['61%', '100%', '62%', '63%']  memcached=186.3%
[monitor] ['54%', '100%', '56%', '56%']  memcached=165.6%
[monitor] ['52%', '100%', '55%', '53%']  memcached=160.6%
[monitor] ['57%', '100%', '60%', '60%']  memcached=176.7%
[monitor] ['70%', '100%', '72%', '76%']  memcached=218.8%
[monitor] ['72%', '100%', '73%', '76%']  memcached=220.4%
[monitor] ['70%', '100%', '72%', '76%']  memcached=217.5%
[monitor] ['42%', '100%', '44%', '44%']  memcached=130.7%
[MEMCACHED] cores updated to: ['0', '3']
[streamcluster] cores updated to: [1, 2]
[monitor] ['49%', '87%', '97%', '50%']  memcached=98.9%
[monitor] ['47%', '80%', '97%', '49%']  memcached=95.6%
[monitor] ['68%', '90%', '100%', '71%']  memcached=138.6%
[monitor] ['91%', '97%', '90%', '88%']  memcached=178.5%
[MEMCACHED] cores updated to: ['0', '1', '3']
[streamcluster] cores updated to: [2]
[monitor] ['74%', '73%', '100%', '74%']  memcached=220.3%
[monitor] ['69%', '70%', '100%', '72%']  memcached=211.0%
[monitor] ['60%', '60%', '100%', '64%']  memcached=184.3%
[monitor] ['60%', '59%', '100%', '60%']  memcached=178.5%
[monitor] ['60%', '60%', '100%', '60%']  memcached=179.5%
[monitor] ['48%', '45%', '100%', '49%']  memcached=141.8%
[monitor] ['45%', '45%', '100%', '49%']  memcached=139.3%
[MEMCACHED] cores updated to: ['0', '3']
[streamcluster] cores updated to: [1, 2]
[monitor] ['53%', '97%', '90%', '52%']  memcached=105.6%
[monitor] ['52%', '90%', '97%', '54%']  memcached=106.6%
[monitor] ['47%', '74%', '97%', '49%']  memcached=95.3%
[monitor] ['48%', '84%', '97%', '51%']  memcached=98.8%
[monitor] ['55%', '97%', '88%', '56%']  memcached=110.6%
[monitor] ['68%', '90%', '100%', '72%']  memcached=140.2%
[monitor] ['73%', '93%', '97%', '73%']  memcached=145.9%
[monitor] ['68%', '97%', '97%', '70%']  memcached=137.5%
[monitor] ['97%', '86%', '93%', '94%']  memcached=190.3%
[MEMCACHED] cores updated to: ['0', '2', '3']
[streamcluster] cores updated to: [1]
[monitor] ['85%', '100%', '88%', '91%']  memcached=263.9%
[monitor] ['81%', '100%', '83%', '85%']  memcached=248.7%
[monitor] ['51%', '100%', '56%', '53%']  memcached=160.0%
[monitor] ['37%', '100%', '37%', '38%']  memcached=111.3%
[MEMCACHED] cores updated to: ['0', '3']
[streamcluster] cores updated to: [1, 2]
[monitor] ['41%', '83%', '97%', '49%']  memcached=89.9%
[monitor] ['60%', '93%', '90%', '60%']  memcached=120.0%
[monitor] ['91%', '84%', '97%', '91%']  memcached=181.5%
[MEMCACHED] cores updated to: ['0', '1', '3']
[streamcluster] cores updated to: [2]
[monitor] ['75%', '76%', '100%', '78%']  memcached=228.5%
[monitor] ['77%', '76%', '100%', '76%']  memcached=228.9%
[monitor] ['75%', '76%', '100%', '77%']  memcached=228.5%
[monitor] ['77%', '75%', '100%', '81%']  memcached=232.7%
[monitor] ['76%', '76%', '100%', '76%']  memcached=227.1%
[monitor] ['70%', '71%', '100%', '74%']  memcached=215.0%
[monitor] ['67%', '69%', '100%', '68%']  memcached=204.3%
[monitor] ['68%', '68%', '100%', '72%']  memcached=207.7%
[monitor] ['64%', '64%', '100%', '66%']  memcached=194.2%
[monitor] ['56%', '56%', '100%', '57%']  memcached=170.0%
[monitor] ['56%', '57%', '100%', '59%']  memcached=172.0%
[monitor] ['55%', '55%', '100%', '56%']  memcached=166.2%
[monitor] ['45%', '44%', '100%', '45%']  memcached=134.9%
[MEMCACHED] cores updated to: ['0', '3']
[streamcluster] cores updated to: [1, 2]
[monitor] ['50%', '93%', '93%', '49%']  memcached=98.8%
[monitor] ['46%', '97%', '84%', '52%']  memcached=98.6%
[monitor] ['60%', '80%', '93%', '61%']  memcached=121.4%
[monitor] ['65%', '87%', '97%', '67%']  memcached=131.7%
[monitor] ['63%', '86%', '97%', '68%']  memcached=130.7%
[monitor] ['70%', '84%', '100%', '74%']  memcached=144.0%
[monitor] ['83%', '93%', '97%', '81%']  memcached=163.4%
[MEMCACHED] cores updated to: ['0', '2', '3']
[streamcluster] cores updated to: [1]
[monitor] ['69%', '100%', '69%', '74%']  memcached=212.8%
[monitor] ['67%', '100%', '69%', '70%']  memcached=206.2%
[monitor] ['67%', '100%', '68%', '70%']  memcached=204.2%
[monitor] ['63%', '100%', '67%', '68%']  memcached=198.1%
[monitor] ['66%', '100%', '68%', '69%']  memcached=202.6%
[monitor] ['66%', '100%', '68%', '72%']  memcached=205.1%
[monitor] ['68%', '100%', '68%', '69%']  memcached=204.2%
[monitor] ['65%', '100%', '68%', '70%']  memcached=203.7%
[monitor] ['59%', '100%', '63%', '62%']  memcached=184.3%
[monitor] ['51%', '100%', '49%', '50%']  memcached=149.9%
[monitor] ['49%', '100%', '51%', '52%']  memcached=152.4%
[monitor] ['50%', '100%', '52%', '52%']  memcached=154.8%
[monitor] ['77%', '100%', '81%', '82%']  memcached=240.1%
[monitor] ['77%', '100%', '78%', '81%']  memcached=235.3%
[monitor] ['78%', '100%', '78%', '83%']  memcached=239.0%
[monitor] ['73%', '100%', '77%', '81%']  memcached=230.5%
[monitor] ['74%', '100%', '78%', '78%']  memcached=229.2%
[monitor] ['79%', '100%', '81%', '82%']  memcached=241.7%
[monitor] ['60%', '100%', '60%', '62%']  memcached=180.6%
[monitor] ['43%', '100%', '47%', '41%']  memcached=131.3%
[MEMCACHED] cores updated to: ['0', '3']
[streamcluster] cores updated to: [1, 2]
[monitor] ['50%', '84%', '94%', '49%']  memcached=98.9%
[monitor] ['50%', '68%', '100%', '56%']  memcached=105.6%
[monitor] ['86%', '90%', '100%', '86%']  memcached=172.2%
[MEMCACHED] cores updated to: ['0', '1', '3']
[streamcluster] cores updated to: [2]
[monitor] ['70%', '71%', '100%', '74%']  memcached=215.6%
[monitor] ['68%', '68%', '100%', '71%']  memcached=207.9%
[monitor] ['48%', '50%', '100%', '50%']  memcached=147.6%
[monitor] ['41%', '43%', '100%', '41%']  memcached=125.8%
[MEMCACHED] cores updated to: ['0', '3']
[streamcluster] cores updated to: [1, 2]
[monitor] ['49%', '84%', '97%', '52%']  memcached=101.2%
[monitor] ['68%', '86%', '100%', '68%']  memcached=136.0%
[monitor] ['94%', '90%', '90%', '94%']  memcached=187.3%
[MEMCACHED] cores updated to: ['0', '2', '3']
[streamcluster] cores updated to: [1]
[monitor] ['79%', '100%', '82%', '88%']  memcached=249.6%
[monitor] ['81%', '100%', '83%', '88%']  memcached=250.9%
[monitor] ['77%', '100%', '80%', '83%']  memcached=240.0%
[monitor] ['75%', '100%', '80%', '82%']  memcached=237.4%
[monitor] ['78%', '100%', '78%', '83%']  memcached=239.0%
[monitor] ['69%', '100%', '70%', '75%']  memcached=214.5%
[monitor] ['68%', '100%', '72%', '72%']  memcached=213.4%
[monitor] ['69%', '100%', '70%', '73%']  memcached=212.5%
[monitor] ['55%', '100%', '56%', '55%']  memcached=165.9%
[monitor] ['43%', '100%', '48%', '48%']  memcached=137.8%
[MEMCACHED] cores updated to: ['0', '3']
[streamcluster] cores updated to: [1, 2]
[monitor] ['53%', '80%', '93%', '56%']  memcached=109.6%
[monitor] ['57%', '83%', '94%', '60%']  memcached=116.7%
[monitor] ['94%', '84%', '90%', '97%']  memcached=190.5%
[MEMCACHED] cores updated to: ['0', '1', '3']
[streamcluster] cores updated to: [2]
[monitor] ['78%', '76%', '100%', '81%']  memcached=234.5%
[monitor] ['83%', '81%', '100%', '85%']  memcached=248.3%
[monitor] ['66%', '64%', '100%', '67%']  memcached=196.6%
[monitor] ['63%', '65%', '100%', '68%']  memcached=196.5%
[monitor] ['62%', '63%', '100%', '65%']  memcached=190.7%
[monitor] ['68%', '64%', '100%', '69%']  memcached=200.8%
[monitor] ['68%', '67%', '100%', '69%']  memcached=204.2%
[monitor] ['68%', '69%', '100%', '69%']  memcached=206.9%
[monitor] ['63%', '63%', '100%', '65%']  memcached=191.8%
[monitor] ['46%', '49%', '100%', '52%']  memcached=147.5%
[monitor] ['49%', '46%', '100%', '50%']  memcached=145.2%
[monitor] ['45%', '46%', '100%', '51%']  memcached=142.5%
[monitor] ['40%', '40%', '100%', '44%']  memcached=124.7%
[MEMCACHED] cores updated to: ['0', '3']
[streamcluster] cores updated to: [1, 2]
[monitor] ['50%', '88%', '94%', '49%']  memcached=98.9%
[monitor] ['48%', '86%', '93%', '50%']  memcached=97.7%
[monitor] ['53%', '90%', '93%', '56%']  memcached=109.3%
[monitor] ['60%', '79%', '97%', '60%']  memcached=120.0%
[monitor] ['60%', '86%', '97%', '61%']  memcached=121.4%
[monitor] ['62%', '90%', '87%', '62%']  memcached=123.8%
[monitor] ['59%', '83%', '93%', '62%']  memcached=120.5%
[monitor] ['63%', '93%', '97%', '66%']  memcached=129.3%
[monitor] ['61%', '90%', '93%', '63%']  memcached=123.8%
[monitor] ['49%', '83%', '97%', '49%']  memcached=97.7%
[monitor] ['50%', '80%', '90%', '50%']  memcached=100.0%
[monitor] ['51%', '94%', '97%', '49%']  memcached=99.9%
[monitor] ['66%', '90%', '81%', '67%']  memcached=133.2%
[monitor] ['83%', '81%', '97%', '82%']  memcached=165.2%
[MEMCACHED] cores updated to: ['0', '2', '3']
[streamcluster] cores updated to: [1]
[monitor] ['67%', '100%', '70%', '72%']  memcached=208.5%
[monitor] ['74%', '100%', '73%', '78%']  memcached=224.4%
[monitor] ['79%', '100%', '82%', '88%']  memcached=248.7%
[monitor] ['78%', '100%', '83%', '86%']  memcached=246.3%
[monitor] ['80%', '100%', '83%', '88%']  memcached=250.4%
[monitor] ['69%', '100%', '69%', '70%']  memcached=208.7%
[monitor] ['65%', '100%', '68%', '69%']  memcached=201.7%
[monitor] ['67%', '100%', '69%', '68%']  memcached=204.3%
[monitor] ['54%', '100%', '54%', '54%']  memcached=161.0%
[monitor] ['45%', '100%', '47%', '46%']  memcached=138.1%
[MEMCACHED] cores updated to: ['0', '3']
[streamcluster] cores updated to: [1, 2]
[monitor] ['53%', '80%', '93%', '56%']  memcached=109.0%
[monitor] ['55%', '90%', '84%', '56%']  memcached=110.6%
[monitor] ['59%', '83%', '90%', '60%']  memcached=118.6%
[monitor] ['60%', '90%', '93%', '58%']  memcached=117.7%
[monitor] ['56%', '73%', '97%', '60%']  memcached=116.1%
[monitor] ['97%', '93%', '83%', '94%']  memcached=190.5%
[MEMCACHED] cores updated to: ['0', '1', '3']
[streamcluster] cores updated to: [2]
[monitor] ['91%', '84%', '100%', '91%']  memcached=265.6%
[monitor] ['82%', '82%', '100%', '88%']  memcached=252.6%
[monitor] ['80%', '79%', '100%', '83%']  memcached=242.3%
[monitor] ['78%', '75%', '100%', '83%']  memcached=236.2%
[monitor] ['78%', '78%', '100%', '83%']  memcached=239.0%
[monitor] ['62%', '61%', '100%', '60%']  memcached=183.0%
[monitor] ['33%', '38%', '100%', '34%']  memcached=105.6%
[MEMCACHED] cores updated to: ['0', '3']
[streamcluster] cores updated to: [1, 2]
[monitor] ['45%', '88%', '94%', '47%']  memcached=91.5%
[monitor] ['44%', '93%', '88%', '43%']  memcached=87.6%
[monitor] ['54%', '87%', '87%', '55%']  memcached=108.9%
[monitor] ['55%', '94%', '93%', '55%']  memcached=110.6%
[monitor] ['52%', '93%', '87%', '53%']  memcached=105.5%
[monitor] ['82%', '93%', '97%', '80%']  memcached=161.8%
[MEMCACHED] cores updated to: ['0', '2', '3']
[streamcluster] cores updated to: [1]
[monitor] ['81%', '100%', '83%', '86%']  memcached=249.1%
[monitor] ['78%', '100%', '79%', '82%']  memcached=239.5%
[monitor] ['75%', '100%', '79%', '83%']  memcached=236.8%
[monitor] ['68%', '100%', '70%', '74%']  memcached=211.5%
[monitor] ['70%', '100%', '72%', '74%']  memcached=215.7%
[monitor] ['67%', '100%', '72%', '74%']  memcached=212.7%
[monitor] ['60%', '100%', '56%', '58%']  memcached=174.5%
[monitor] ['55%', '100%', '59%', '60%']  memcached=173.1%
[monitor] ['57%', '100%', '59%', '60%']  memcached=175.2%
[monitor] ['43%', '100%', '45%', '44%']  memcached=132.2%
[MEMCACHED] cores updated to: ['0', '3']
[streamcluster] cores updated to: [1, 2]
[monitor] ['47%', '91%', '90%', '49%']  memcached=95.6%
[monitor] ['48%', '100%', '90%', '48%']  memcached=95.7%
[monitor] ['47%', '84%', '93%', '47%']  memcached=93.2%
[monitor] ['47%', '97%', '83%', '49%']  memcached=95.6%
[monitor] ['48%', '83%', '93%', '49%']  memcached=96.7%
[monitor] ['51%', '86%', '94%', '51%']  memcached=102.2%
[monitor] ['62%', '97%', '97%', '63%']  memcached=125.3%
[monitor] ['63%', '90%', '94%', '63%']  memcached=126.8%
[monitor] ['64%', '90%', '90%', '67%']  memcached=130.8%
[monitor] ['62%', '93%', '93%', '63%']  memcached=124.7%
[monitor] ['60%', '97%', '83%', '61%']  memcached=121.4%
[monitor] ['60%', '90%', '87%', '60%']  memcached=120.0%
[monitor] ['63%', '87%', '90%', '66%']  memcached=129.3%
[monitor] ['65%', '89%', '93%', '67%']  memcached=131.7%
[monitor] ['68%', '97%', '90%', '68%']  memcached=135.0%
[monitor] ['67%', '81%', '94%', '69%']  memcached=135.9%
[monitor] ['85%', '97%', '97%', '76%']  memcached=161.2%
[MEMCACHED] cores updated to: ['0', '1', '3']
[streamcluster] cores updated to: [2]
[monitor] ['68%', '70%', '100%', '72%']  memcached=209.3%
[monitor] ['67%', '68%', '100%', '68%']  memcached=203.5%
[monitor] ['72%', '70%', '100%', '73%']  memcached=214.8%
[monitor] ['72%', '71%', '100%', '74%']  memcached=217.0%
[monitor] ['69%', '70%', '100%', '73%']  memcached=212.5%
[monitor] ['78%', '77%', '100%', '81%']  memcached=236.1%
[monitor] ['84%', '83%', '100%', '88%']  memcached=254.7%
[monitor] ['86%', '82%', '100%', '88%']  memcached=256.3%
[monitor] ['79%', '80%', '100%', '83%']  memcached=242.3%
[monitor] ['61%', '61%', '100%', '65%']  memcached=187.0%
[monitor] ['61%', '62%', '100%', '62%']  memcached=184.1%
[monitor] ['62%', '59%', '100%', '62%']  memcached=182.8%
[monitor] ['57%', '57%', '100%', '60%']  memcached=173.8%
[monitor] ['54%', '55%', '100%', '57%']  memcached=165.8%
[monitor] ['57%', '57%', '100%', '57%']  memcached=171.1%
[monitor] ['49%', '52%', '100%', '51%']  memcached=152.2%
[monitor] ['48%', '43%', '100%', '49%']  memcached=139.1%
[MEMCACHED] cores updated to: ['0', '3']
[streamcluster] cores updated to: [1, 2]
[monitor] ['52%', '84%', '87%', '53%']  memcached=105.6%
[monitor] ['47%', '77%', '97%', '54%']  memcached=100.9%
[monitor] ['43%', '84%', '93%', '43%']  memcached=86.4%
[monitor] ['40%', '84%', '93%', '43%']  memcached=83.2%
[monitor] ['43%', '93%', '93%', '43%']  memcached=86.7%
[monitor] ['58%', '84%', '97%', '60%']  memcached=117.7%
[monitor] ['63%', '80%', '100%', '64%']  memcached=127.1%
[monitor] ['62%', '93%', '87%', '63%']  memcached=125.9%
[monitor] ['61%', '93%', '90%', '61%']  memcached=122.7%
[monitor] ['57%', '87%', '87%', '59%']  memcached=115.9%
[monitor] ['60%', '90%', '93%', '60%']  memcached=119.0%
[monitor] ['63%', '81%', '97%', '65%']  memcached=128.4%
[monitor] ['85%', '87%', '97%', '86%']  memcached=171.0%
[MEMCACHED] cores updated to: ['0', '2', '3']
[streamcluster] cores updated to: [1]
[monitor] ['71%', '100%', '73%', '77%']  memcached=221.2%
[monitor] ['72%', '100%', '72%', '74%']  memcached=218.7%
[monitor] ['51%', '100%', '53%', '52%']  memcached=157.2%
[monitor] ['48%', '100%', '52%', '52%']  memcached=152.3%
[monitor] ['51%', '100%', '55%', '48%']  memcached=153.2%
[monitor] ['68%', '100%', '70%', '71%']  memcached=209.3%
[monitor] ['78%', '100%', '81%', '83%']  memcached=241.2%
[monitor] ['83%', '100%', '85%', '86%']  memcached=253.4%
[monitor] ['79%', '100%', '85%', '85%']  memcached=249.6%
[monitor] ['81%', '100%', '83%', '85%']  memcached=249.2%
[monitor] ['78%', '100%', '83%', '83%']  memcached=244.6%
[monitor] ['80%', '100%', '82%', '85%']  memcached=247.2%
[monitor] ['52%', '48%', '55%', '57%']  memcached=164.0%
[streamcluster] ended.
[vips] starting in background on cores: [1] with 3 threads.
[monitor] ['52%', '84%', '57%', '52%']  memcached=161.9%
[monitor] ['41%', '100%', '45%', '44%']  memcached=130.8%
[MEMCACHED] cores updated to: ['0', '3']
[vips] cores updated to: [1, 2]
[monitor] ['64%', '100%', '34%', '67%']  memcached=130.8%
[monitor] ['78%', '100%', '15%', '85%']  memcached=163.2%
[MEMCACHED] cores updated to: ['0', '1', '3']
[vips] cores updated to: [2]
[monitor] ['69%', '68%', '100%', '71%']  memcached=207.5%
[monitor] ['66%', '68%', '100%', '67%']  memcached=200.0%
[monitor] ['60%', '60%', '100%', '61%']  memcached=181.0%
[monitor] ['60%', '56%', '100%', '59%']  memcached=175.2%
[monitor] ['60%', '56%', '100%', '59%']  memcached=175.1%
[monitor] ['67%', '67%', '100%', '67%']  memcached=200.0%
[monitor] ['66%', '65%', '100%', '70%']  memcached=200.9%
[monitor] ['67%', '68%', '100%', '69%']  memcached=203.4%
[monitor] ['62%', '62%', '100%', '62%']  memcached=185.0%
[monitor] ['59%', '61%', '100%', '63%']  memcached=182.9%
[monitor] ['59%', '60%', '100%', '61%']  memcached=179.5%
[monitor] ['65%', '65%', '100%', '67%']  memcached=196.8%
[monitor] ['72%', '74%', '100%', '73%']  memcached=218.5%
[monitor] ['71%', '74%', '100%', '78%']  memcached=223.2%
[monitor] ['71%', '70%', '100%', '74%']  memcached=215.0%
[monitor] ['42%', '64%', '100%', '48%']  memcached=153.3%
[monitor] ['47%', '47%', '100%', '48%']  memcached=141.0%
[monitor] ['44%', '40%', '100%', '45%']  memcached=130.4%
[MEMCACHED] cores updated to: ['0', '3']
[vips] cores updated to: [1, 2]
[monitor] ['70%', '100%', '100%', '75%']  memcached=145.3%
[monitor] ['86%', '100%', '100%', '91%']  memcached=176.6%
[MEMCACHED] cores updated to: ['0', '2', '3']
[vips] cores updated to: [1]
[monitor] ['72%', '100%', '76%', '78%']  memcached=226.6%
[monitor] ['74%', '100%', '74%', '76%']  memcached=224.4%
[monitor] ['74%', '100%', '78%', '78%']  memcached=231.1%
[monitor] ['74%', '100%', '75%', '78%']  memcached=227.7%
[monitor] ['74%', '100%', '76%', '78%']  memcached=227.8%
[monitor] ['52%', '100%', '50%', '51%']  memcached=153.5%
[monitor] ['52%', '100%', '51%', '51%']  memcached=154.6%
[monitor] ['52%', '100%', '51%', '52%']  memcached=155.8%
[monitor] ['47%', '100%', '47%', '46%']  memcached=139.4%
[MEMCACHED] cores updated to: ['0', '3']
[vips] cores updated to: [1, 2]
[monitor] ['52%', '100%', '100%', '53%']  memcached=105.4%
[monitor] ['55%', '100%', '100%', '53%']  memcached=108.5%
[monitor] ['49%', '100%', '100%', '50%']  memcached=98.9%
[monitor] ['46%', '100%', '100%', '43%']  memcached=89.3%
[monitor] ['43%', '100%', '100%', '47%']  memcached=90.3%
[monitor] ['74%', '100%', '100%', '52%']  memcached=126.0%
[monitor] ['100%', '100%', '100%', '65%']  memcached=165.0%
[MEMCACHED] cores updated to: ['0', '1', '3']
[vips] cores updated to: [2]
[monitor] ['100%', '52%', '100%', '55%']  memcached=207.3%
[monitor] ['100%', '55%', '100%', '53%']  memcached=208.0%
[monitor] ['76%', '95%', '100%', '71%']  memcached=241.3%
[monitor] ['100%', '76%', '100%', '78%']  memcached=254.1%
[monitor] ['100%', '74%', '100%', '74%']  memcached=247.4%
[monitor] ['100%', '63%', '100%', '64%']  memcached=227.5%
[monitor] ['100%', '44%', '100%', '47%']  memcached=190.4%
[monitor] ['100%', '45%', '100%', '50%']  memcached=195.2%
[monitor] ['100%', '43%', '100%', '46%']  memcached=188.8%
[monitor] ['89%', '55%', '100%', '62%']  memcached=206.5%
[monitor] ['53%', '50%', '100%', '100%']  memcached=203.5%
[monitor] ['51%', '51%', '100%', '100%']  memcached=202.4%
[monitor] ['97%', '71%', '100%', '73%']  memcached=241.5%
[monitor] ['100%', '71%', '100%', '76%']  memcached=247.4%
[monitor] ['82%', '89%', '100%', '72%']  memcached=243.0%
[monitor] ['73%', '100%', '100%', '77%']  memcached=250.1%
[monitor] ['73%', '100%', '100%', '76%']  memcached=248.6%
[monitor] ['74%', '100%', '100%', '78%']  memcached=251.5%
[monitor] ['73%', '100%', '100%', '78%']  memcached=250.8%
[monitor] ['82%', '97%', '100%', '85%']  memcached=264.3%
[monitor] ['92%', '89%', '100%', '83%']  memcached=263.8%
[monitor] ['78%', '100%', '100%', '82%']  memcached=260.1%
[monitor] ['68%', '70%', '100%', '97%']  memcached=236.1%
[monitor] ['64%', '76%', '100%', '92%']  memcached=232.7%
[monitor] ['65%', '100%', '100%', '67%']  memcached=231.7%
[monitor] ['57%', '100%', '100%', '60%']  memcached=216.7%
[monitor] ['45%', '100%', '100%', '50%']  memcached=195.5%
[monitor] ['45%', '100%', '100%', '48%']  memcached=193.0%
[monitor] ['86%', '60%', '100%', '49%']  memcached=195.0%
[monitor] ['100%', '51%', '100%', '51%']  memcached=202.4%
[monitor] ['100%', '50%', '100%', '52%']  memcached=202.3%
[monitor] ['100%', '49%', '100%', '50%']  memcached=198.8%
[monitor] ['97%', '81%', '100%', '84%']  memcached=262.8%
[monitor] ['81%', '100%', '100%', '91%']  memcached=272.2%
[monitor] ['81%', '100%', '100%', '88%']  memcached=269.0%
[monitor] ['78%', '100%', '100%', '80%']  memcached=257.8%
[monitor] ['74%', '100%', '100%', '78%']  memcached=252.1%
[monitor] ['71%', '86%', '100%', '89%']  memcached=246.4%
[monitor] ['67%', '69%', '100%', '78%']  memcached=213.2%
[monitor] ['46%', '46%', '100%', '48%']  memcached=140.3%
[monitor] ['49%', '49%', '100%', '50%']  memcached=147.7%
[monitor] ['46%', '46%', '100%', '49%']  memcached=141.5%
[monitor] ['50%', '50%', '100%', '51%']  memcached=151.2%
[monitor] ['51%', '51%', '100%', '55%']  memcached=156.9%
[monitor] ['52%', '48%', '100%', '47%']  memcached=147.1%
[monitor] ['59%', '60%', '100%', '61%']  memcached=179.5%
[monitor] ['69%', '68%', '100%', '71%']  memcached=207.9%
[monitor] ['69%', '72%', '100%', '74%']  memcached=214.7%
[monitor] ['69%', '70%', '100%', '73%']  memcached=212.5%
[monitor] ['65%', '67%', '100%', '67%']  memcached=198.3%
[monitor] ['69%', '66%', '100%', '70%']  memcached=205.3%
[monitor] ['64%', '69%', '100%', '68%']  memcached=201.8%
[monitor] ['49%', '49%', '100%', '53%']  memcached=151.0%
[monitor] ['45%', '45%', '100%', '48%']  memcached=138.1%
[MEMCACHED] cores updated to: ['0', '3']
[vips] cores updated to: [1, 2]
[monitor] ['54%', '100%', '100%', '50%']  memcached=104.3%
[monitor] ['59%', '100%', '100%', '60%']  memcached=119.6%
[monitor] ['59%', '100%', '100%', '67%']  memcached=125.8%
[monitor] ['62%', '100%', '100%', '68%']  memcached=130.2%
[monitor] ['65%', '100%', '100%', '65%']  memcached=130.1%
[monitor] ['74%', '100%', '100%', '67%']  memcached=140.4%
[monitor] ['72%', '100%', '100%', '71%']  memcached=142.8%
[monitor] ['71%', '100%', '100%', '68%']  memcached=138.6%
[monitor] ['58%', '100%', '100%', '57%']  memcached=114.6%
[monitor] ['55%', '100%', '100%', '59%']  memcached=113.6%
[monitor] ['46%', '100%', '100%', '61%']  memcached=107.7%
[monitor] ['72%', '100%', '100%', '78%']  memcached=150.2%
[monitor] ['91%', '100%', '100%', '97%']  memcached=187.4%
[MEMCACHED] cores updated to: ['0', '2', '3']
[vips] cores updated to: [1]
[monitor] ['83%', '100%', '86%', '88%']  memcached=256.5%
[monitor] ['79%', '100%', '85%', '88%']  memcached=252.5%
[monitor] ['86%', '100%', '88%', '88%']  memcached=261.1%
[monitor] ['82%', '100%', '88%', '90%']  memcached=260.6%
[monitor] ['82%', '100%', '85%', '88%']  memcached=255.0%
[monitor] ['76%', '100%', '77%', '78%']  memcached=231.6%
[monitor] ['74%', '100%', '77%', '80%']  memcached=230.8%
[monitor] ['74%', '100%', '80%', '78%']  memcached=232.7%
[monitor] ['69%', '100%', '71%', '72%']  memcached=212.5%
[monitor] ['65%', '100%', '67%', '68%']  memcached=200.0%
[monitor] ['66%', '100%', '70%', '70%']  memcached=205.9%
[monitor] ['68%', '100%', '71%', '72%']  memcached=210.8%
[monitor] ['81%', '100%', '82%', '85%']  memcached=248.2%
[monitor] ['80%', '100%', '83%', '82%']  memcached=245.2%
[monitor] ['82%', '100%', '82%', '88%']  memcached=252.9%
[monitor] ['52%', '100%', '55%', '56%']  memcached=163.0%
[monitor] ['51%', '100%', '53%', '54%']  memcached=158.4%
[monitor] ['51%', '100%', '57%', '55%']  memcached=162.9%
[monitor] ['68%', '100%', '69%', '72%']  memcached=209.2%
[monitor] ['80%', '100%', '83%', '84%']  memcached=247.7%
[monitor] ['80%', '100%', '82%', '83%']  memcached=245.7%
[monitor] ['73%', '100%', '76%', '81%']  memcached=229.2%
[monitor] ['66%', '100%', '68%', '71%']  memcached=205.3%
[monitor] ['68%', '100%', '69%', '68%']  memcached=206.1%
[monitor] ['68%', '100%', '69%', '71%']  memcached=207.8%
[monitor] ['56%', '100%', '58%', '59%']  memcached=172.8%
[monitor] ['58%', '100%', '59%', '59%']  memcached=175.2%
[monitor] ['56%', '100%', '59%', '57%']  memcached=172.1%
[monitor] ['48%', '100%', '51%', '50%']  memcached=148.8%
[monitor] ['45%', '100%', '50%', '49%']  memcached=143.8%
[monitor] ['45%', '100%', '47%', '45%']  memcached=136.7%
[MEMCACHED] cores updated to: ['0', '3']
[vips] cores updated to: [1, 2]
[monitor] ['63%', '100%', '100%', '68%']  memcached=130.3%
[monitor] ['88%', '100%', '100%', '100%']  memcached=187.9%
[MEMCACHED] cores updated to: ['0', '1', '3']
[vips] cores updated to: [2]
[monitor] ['72%', '82%', '100%', '83%']  memcached=236.9%
[monitor] ['78%', '77%', '100%', '81%']  memcached=235.5%
[monitor] ['71%', '73%', '100%', '73%']  memcached=216.7%
[monitor] ['68%', '70%', '100%', '74%']  memcached=212.4%
[monitor] ['71%', '71%', '100%', '73%']  memcached=215.1%
[monitor] ['78%', '83%', '100%', '85%']  memcached=245.5%
[monitor] ['83%', '85%', '100%', '85%']  memcached=253.0%
[monitor] ['91%', '85%', '100%', '94%']  memcached=269.0%
[monitor] ['100%', '86%', '100%', '86%']  memcached=271.8%
[monitor] ['100%', '79%', '100%', '82%']  memcached=261.2%
[monitor] ['84%', '82%', '100%', '97%']  memcached=262.6%
[monitor] ['92%', '83%', '100%', '78%']  memcached=252.5%
[monitor] ['43%', '100%', '100%', '45%']  memcached=188.6%
[monitor] ['39%', '100%', '100%', '45%']  memcached=184.5%
[monitor] ['98%', '44%', '100%', '45%']  memcached=187.0%
[monitor] ['100%', '46%', '100%', '52%']  memcached=198.6%
[monitor] ['100%', '50%', '100%', '51%']  memcached=201.2%
[monitor] ['54%', '52%', '100%', '52%']  memcached=158.3%
[monitor] ['61%', '63%', '100%', '64%']  memcached=188.2%
[monitor] ['83%', '85%', '100%', '85%']  memcached=253.0%
[monitor] ['78%', '80%', '100%', '85%']  memcached=243.1%
[monitor] ['78%', '80%', '100%', '83%']  memcached=240.6%
[monitor] ['70%', '70%', '100%', '72%']  memcached=211.8%
[monitor] ['67%', '67%', '100%', '70%']  memcached=203.3%
[monitor] ['68%', '68%', '100%', '70%']  memcached=206.3%
[monitor] ['68%', '72%', '100%', '72%']  memcached=212.6%
[monitor] ['70%', '71%', '100%', '74%']  memcached=215.4%
[monitor] ['68%', '72%', '100%', '74%']  memcached=214.6%
[monitor] ['72%', '73%', '100%', '78%']  memcached=223.3%
[monitor] ['78%', '81%', '100%', '82%']  memcached=240.7%
[monitor] ['75%', '80%', '100%', '83%']  memcached=237.9%
[monitor] ['73%', '76%', '100%', '77%']  memcached=225.8%
[monitor] ['50%', '50%', '100%', '52%']  memcached=152.3%
[monitor] ['50%', '51%', '100%', '55%']  memcached=155.8%
[monitor] ['50%', '49%', '100%', '48%']  memcached=146.5%
[monitor] ['67%', '68%', '100%', '70%']  memcached=205.4%
[monitor] ['74%', '74%', '100%', '77%']  memcached=224.5%
[monitor] ['72%', '76%', '100%', '76%']  memcached=223.8%
[monitor] ['71%', '75%', '100%', '77%']  memcached=223.2%
[monitor] ['76%', '74%', '100%', '78%']  memcached=229.1%
[monitor] ['74%', '78%', '100%', '78%']  memcached=229.2%
[monitor] ['72%', '76%', '100%', '81%']  memcached=228.5%
[monitor] ['74%', '74%', '100%', '72%']  memcached=219.6%
[monitor] ['72%', '74%', '100%', '77%']  memcached=222.4%
[monitor] ['72%', '72%', '100%', '74%']  memcached=217.7%
[monitor] ['55%', '61%', '100%', '60%']  memcached=176.4%
[monitor] ['56%', '56%', '100%', '58%']  memcached=170.1%
[monitor] ['52%', '55%', '100%', '60%']  memcached=167.0%
[monitor] ['68%', '66%', '100%', '68%']  memcached=200.9%
[monitor] ['74%', '75%', '100%', '78%']  memcached=227.7%
[monitor] ['75%', '78%', '100%', '78%']  memcached=231.2%
[monitor] ['74%', '75%', '100%', '78%']  memcached=226.5%
[monitor] ['69%', '69%', '100%', '73%']  memcached=211.6%
[monitor] ['69%', '72%', '100%', '73%']  memcached=214.0%
[monitor] ['69%', '69%', '100%', '71%']  memcached=209.5%
[monitor] ['57%', '57%', '100%', '60%']  memcached=174.2%
[monitor] ['56%', '56%', '100%', '57%']  memcached=169.1%
[monitor] ['57%', '56%', '100%', '58%']  memcached=171.4%
[monitor] ['68%', '70%', '100%', '70%']  memcached=208.1%
[monitor] ['77%', '81%', '100%', '85%']  memcached=243.0%
[monitor] ['79%', '80%', '100%', '83%']  memcached=241.8%
[monitor] ['78%', '81%', '100%', '83%']  memcached=241.7%
[monitor] ['79%', '81%', '100%', '83%']  memcached=242.8%
[monitor] ['78%', '80%', '100%', '83%']  memcached=241.1%
[monitor] ['76%', '79%', '100%', '82%']  memcached=236.9%
[monitor] ['81%', '81%', '100%', '83%']  memcached=244.0%
[monitor] ['78%', '83%', '100%', '85%']  memcached=245.5%
[monitor] ['79%', '78%', '100%', '83%']  memcached=239.6%
[monitor] ['62%', '64%', '100%', '62%']  memcached=189.3%
[monitor] ['49%', '54%', '100%', '54%']  memcached=156.1%
[monitor] ['52%', '50%', '100%', '53%']  memcached=155.9%
[monitor] ['56%', '55%', '100%', '57%']  memcached=168.0%
[monitor] ['66%', '65%', '100%', '68%']  memcached=199.3%
[monitor] ['63%', '65%', '100%', '67%']  memcached=194.8%
[monitor] ['61%', '64%', '100%', '65%']  memcached=189.3%
[monitor] ['59%', '60%', '100%', '60%']  memcached=179.0%
[monitor] ['59%', '57%', '100%', '63%']  memcached=179.9%
[monitor] ['60%', '59%', '100%', '62%']  memcached=181.0%
[monitor] ['48%', '50%', '100%', '50%']  memcached=147.5%
[monitor] ['40%', '38%', '100%', '44%']  memcached=123.1%
[MEMCACHED] cores updated to: ['0', '3']
[vips] cores updated to: [1, 2]
[monitor] ['48%', '97%', '100%', '52%']  memcached=99.9%
[monitor] ['58%', '100%', '100%', '57%']  memcached=114.3%
[monitor] ['76%', '100%', '100%', '70%']  memcached=145.7%
[monitor] ['76%', '100%', '100%', '72%']  memcached=147.5%
[monitor] ['74%', '100%', '100%', '72%']  memcached=145.5%
[monitor] ['86%', '100%', '100%', '76%']  memcached=162.0%
[MEMCACHED] cores updated to: ['0', '2', '3']
[vips] cores updated to: [1]
[monitor] ['68%', '100%', '69%', '72%']  memcached=209.4%
[monitor] ['68%', '100%', '72%', '72%']  memcached=212.0%
[monitor] ['68%', '100%', '71%', '73%']  memcached=212.4%
[monitor] ['70%', '100%', '71%', '74%']  memcached=214.7%
[monitor] ['69%', '100%', '72%', '71%']  memcached=212.8%
[monitor] ['68%', '100%', '72%', '74%']  memcached=214.6%
[monitor] ['73%', '100%', '75%', '76%']  memcached=224.3%
[monitor] ['76%', '100%', '76%', '78%']  memcached=231.0%
[monitor] ['73%', '100%', '78%', '78%']  memcached=229.1%
[monitor] ['71%', '100%', '74%', '73%']  memcached=218.4%
[monitor] ['70%', '100%', '72%', '73%']  memcached=214.8%
[monitor] ['70%', '100%', '74%', '74%']  memcached=217.4%
[monitor] ['76%', '100%', '80%', '82%']  memcached=238.8%
[monitor] ['81%', '100%', '86%', '88%']  memcached=254.3%
[monitor] ['79%', '100%', '83%', '84%']  memcached=246.1%
[monitor] ['76%', '100%', '81%', '79%']  memcached=235.6%
[monitor] ['76%', '100%', '80%', '81%']  memcached=236.2%
[monitor] ['77%', '100%', '78%', '83%']  memcached=238.2%
[monitor] ['73%', '100%', '76%', '76%']  memcached=224.3%
[monitor] ['47%', '100%', '45%', '48%']  memcached=139.7%
[MEMCACHED] cores updated to: ['0', '3']
[vips] cores updated to: [1, 2]
[monitor] ['53%', '100%', '100%', '51%']  memcached=104.3%
[monitor] ['50%', '100%', '100%', '55%']  memcached=105.3%
[monitor] ['63%', '100%', '100%', '64%']  memcached=127.1%
[monitor] ['81%', '100%', '100%', '70%']  memcached=150.6%
[monitor] ['68%', '100%', '100%', '74%']  memcached=142.1%
[monitor] ['83%', '100%', '100%', '74%']  memcached=157.7%
[monitor] ['97%', '100%', '100%', '82%']  memcached=179.1%
[MEMCACHED] cores updated to: ['0', '1', '3']
[vips] cores updated to: [2]
[monitor] ['78%', '80%', '100%', '80%']  memcached=238.4%
[monitor] ['75%', '78%', '100%', '83%']  memcached=236.2%
[monitor] ['64%', '63%', '100%', '64%']  memcached=191.5%
[monitor] ['62%', '62%', '100%', '66%']  memcached=190.9%
[monitor] ['64%', '66%', '100%', '66%']  memcached=195.9%
[monitor] ['68%', '68%', '100%', '72%']  memcached=207.6%
[monitor] ['69%', '70%', '100%', '74%']  memcached=212.9%
[monitor] ['68%', '68%', '100%', '69%']  memcached=204.5%
[monitor] ['53%', '64%', '100%', '87%']  memcached=203.9%
[monitor] ['88%', '37%', '100%', '49%']  memcached=174.1%
[monitor] ['100%', '38%', '100%', '33%']  memcached=171.4%
[monitor] ['100%', '37%', '100%', '39%']  memcached=175.6%
[monitor] ['100%', '73%', '100%', '75%']  memcached=248.0%
[monitor] ['85%', '88%', '100%', '76%']  memcached=247.8%
[monitor] ['70%', '100%', '100%', '76%']  memcached=245.9%
[monitor] ['71%', '100%', '100%', '74%']  memcached=244.4%
[monitor] ['69%', '100%', '100%', '71%']  memcached=240.3%
[monitor] ['66%', '79%', '100%', '70%']  memcached=215.3%
[monitor] ['60%', '61%', '100%', '62%']  memcached=183.0%
[monitor] ['51%', '49%', '100%', '52%']  memcached=152.2%
[monitor] ['50%', '55%', '100%', '51%']  memcached=155.7%
[monitor] ['49%', '48%', '100%', '49%']  memcached=145.3%
[monitor] ['34%', '36%', '100%', '40%']  memcached=109.4%
[MEMCACHED] cores updated to: ['0', '3']
[vips] cores updated to: [1, 2]
[monitor] ['45%', '100%', '100%', '43%']  memcached=88.4%
[monitor] ['43%', '100%', '100%', '42%']  memcached=85.7%
[monitor] ['68%', '100%', '100%', '66%']  memcached=134.1%
[monitor] ['69%', '100%', '100%', '78%']  memcached=147.6%
[monitor] ['76%', '100%', '100%', '76%']  memcached=151.4%
[monitor] ['78%', '100%', '100%', '72%']  memcached=150.3%
[monitor] ['74%', '100%', '100%', '71%']  memcached=145.4%
[monitor] ['67%', '100%', '100%', '71%']  memcached=137.7%
[monitor] ['70%', '100%', '100%', '72%']  memcached=141.8%
[monitor] ['82%', '90%', '100%', '75%']  memcached=157.4%
[monitor] ['80%', '100%', '100%', '78%']  memcached=158.4%
[monitor] ['82%', '100%', '100%', '78%']  memcached=160.1%
[MEMCACHED] cores updated to: ['0', '2', '3']
[vips] cores updated to: [1]
[monitor] ['78%', '100%', '80%', '85%']  memcached=243.1%
[monitor] ['80%', '100%', '85%', '88%']  memcached=253.2%
[monitor] ['78%', '100%', '81%', '82%']  memcached=241.3%
[monitor] ['59%', '100%', '62%', '61%']  memcached=182.0%
[monitor] ['43%', '100%', '45%', '44%']  memcached=132.5%
[MEMCACHED] cores updated to: ['0', '3']
[vips] cores updated to: [1, 2]
[monitor] ['54%', '100%', '100%', '50%']  memcached=104.3%
[monitor] ['55%', '100%', '100%', '60%']  memcached=114.5%
[monitor] ['81%', '100%', '100%', '100%']  memcached=181.1%
[MEMCACHED] cores updated to: ['0', '1', '3']
[vips] cores updated to: [2]
[monitor] ['91%', '88%', '91%', '91%']  memcached=269.6%
[vips] ended.
[MEMCACHED] cores updated to: ['0', '1', '2', '3']
