Random waveform, supplied seed
Total number of intervals = 1450 (6927, 52892, 98921, 61129, 40613, 53226, 38560, 103465, 104758, 94759, 37799, 8296, 69443, 12517, 43591, 20430, 93758, 10485, 16518, 83230, 5484, 55611, 20774, 96726, 32442, 73039, 74055, 51197, 59442, 35654, 78747, 42212, 52488, 36950, 16762, 79473, 61431, 87172, 108181, 80515, 37149, 13444, 72057, 70041, 90162, 52082, 24258, 72013, 58012, 45398, 50177, 34504, 66010, 73937, 55020, 53235, 97743, 5419, 14764, 7451, 48208, 16149, 78989, 18886, 75954, 44409, 16431, 85707, 58253, 103867, 21604, 90401, 84467, 99700, 32052, 18173, 67789, 51929, 83850, 18614, 29315, 108090, 27024, 49907, 9150, 34328, 51881, 14569, 81517, 78694, 93409, 39093, 18729, 70818, 21942, 91810, 39588, 40957, 62645, 15539, 107672, 32954, 58866, 23739, 54701, 60706, 72350, 58661, 34912, 103268, 38703, 83358, 57408, 86837, 33517, 66204, 73758, 99742, 109462, 94453, 44096, 100467, 8576, 59359, 7614, 60329, 43762, 67038, 26095, 71173, 109276, 13150, 61250, 84472, 82226, 27671, 98736, 106314, 105027, 96867, 89493, 50538, 22083, 48618, 94298, 63579, 64573, 77178, 29824, 64495, 20917, 85651, 61935, 50216, 72251, 71798, 19701, 24952, 81838, 26648, 24837, 29420, 103882, 70314, 61679, 49557, 19325, 9128, 94933, 24327, 71896, 93771, 20452, 42338, 72627, 80603, 49049, 92305, 56889, 78036, 71583, 72609, 107382, 86530, 16550, 84534, 72631, 49291, 62175, 80213, 16566, 53985, 101949, 24076, 52574, 106271, 105451, 86087, 29108, 101115, 74326, 75832, 94901, 15809, 28874, 51882, 32653, 41676, 63019, 99164, 47055, 62394, 98519, 32122, 49464, 24034, 77363, 91698, 38997, 86028, 83012, 15024, 56640, 97362, 107412, 65030, 79278, 47544, 105368, 58181, 56960, 14849, 63672, 48289, 11797, 10781, 49362, 102119, 46213, 97025, 18351, 21426, 43013, 67376, 36043, 6255, 102499, 26263, 56974, 40869, 46514, 11431, 58600, 68058, 54502, 64022, 52142, 101375, 40606, 47485, 48977, 38615, 80279, 75843, 67095, 41325, 55752, 85561, 14194, 88002, 90515, 109283, 26699, 37400, 19307, 11527, 83787, 22209, 75169, 73833, 94641, 61338, 91825, 77235, 37257, 32057, 108618, 72930, 43714, 87369, 56640, 97360, 79788, 11352, 87962, 40663, 59386, 48302, 19398, 82197, 77387, 72753, 7720, 46279, 42102, 90892, 39976, 61084, 16735, 45909, 28976, 84704, 101822, 92571, 12106, 58568, 51319, 21556, 14191, 29072, 16350, 86891, 104441, 8906, 42175, 51797, 76678, 19630, 100132, 40498, 108559, 23964, 70760, 99567, 107548, 53742, 103931, 60359, 9725, 52014, 40053, 86436, 23983, 66595, 26056, 51764, 40202, 76665, 11133, 80405, 79106, 97258, 36307, 28636, 41620, 75736, 44979, 31478, 37586, 108330, 64301, 11203, 7291, 87477, 77485, 42055, 26865, 94592, 66869, 17835, 55977, 82437, 15775, 87559, 105401, 88752, 94531, 101303, 86640, 84818, 20221, 43599, 52779, 89855, 48532, 107423, 46535, 47535, 49633, 30334, 17207, 106074, 48912, 96483, 39228, 92350, 85084, 81993, 101617, 16730, 71079, 108942, 55406, 42279, 21876, 34140, 42897, 18462, 100375, 41347, 101594, 47486, 73393, 51134, 58201, 71020, 72071, 93446, 28724, 59269, 74624, 52368, 9687, 44165, 6895, 55457, 61164, 108384, 33319, 97895, 39720, 68554, 86849, 30264, 100754, 98098, 86028, 93054, 42348, 29490, 18187, 95113, 8570, 62285, 52582, 34260, 59493, 58208, 93458, 18056, 94134, 37808, 53481, 25666, 108853, 41576, 70282, 45769, 92383, 12100, 67747, 68933, 63242, 72993, 51022, 67069, 24895, 68588, 42706, 49479, 64792, 73879, 31893, 74262, 57246, 91617, 55173, 108633, 15720, 99961, 102613, 57169, 56950, 49938, 5383, 39719, 36653, 69482, 46749, 65109, 46501, 109480, 69433, 58157, 70737, 34617, 77563, 90036, 36689, 46832, 104903, 14153, 21674, 5689, 37781, 15507, 102064, 71340, 79815, 44352, 109562, 86219, 47335, 41962, 45802, 13389, 95780, 87844, 55903, 100902, 70988, 53831, 26948, 32347, 41050, 56197, 94617, 71839, 79082, 107630, 60164, 97878, 63680, 73888, 65499, 96906, 103287, 49664, 32535, 46477, 7459, 74137, 57061, 34213, 7432, 41605, 32998, 61636, 64695, 14063, 91302, 6064, 41354, 19863, 19488, 14040, 19538, 20199, 106657, 92457, 92780, 68203, 81753, 57748, 21027, 49680, 82042, 93691, 45291, 30437, 67422, 69956, 35404, 80225, 105585, 20088, 12672, 15696, 25951, 65007, 10189, 78008, 12678, 15922, 41774, 38788, 34559, 54825, 42697, 12669, 70047, 96137, 92934, 20597, 66597, 59987, 58456, 59958, 98221, 55912, 39018, 18747, 60013, 85584, 84809, 85435, 94907, 16437, 78505, 77219, 86414, 73427, 100497, 96416, 71637, 33216, 58699, 53809, 72797, 107267, 55877, 70507, 46741, 36507, 30697, 25261, 25212, 33805, 76345, 95558, 28428, 21673, 89018, 46753, 34034, 47329, 56893, 38690, 79988, 107429, 43713, 76624, 71700, 40703, 95489, 18531, 99369, 29286, 42988, 69249, 7889, 51783, 38634, 86204, 109534, 45136, 59949, 61681, 76329, 44322, 20698, 84853, 75889, 98396, 53818, 26200, 54761, 12268, 52324, 106440, 7154, 87362, 43716, 26737, 41596, 85490, 77612, 78124, 69632, 39180, 15803, 36987, 19833, 46567, 57368, 36003, 68916, 93229, 46632, 93663, 106418, 60496, 109057, 96861, 86255, 25686, 17483, 29211, 55328, 87592, 23882, 44790, 12236, 42928, 103959, 97347, 68379, 92596, 10055, 29634, 9324, 30076, 100150, 27527, 95171, 40523, 11422, 9200, 42816, 10698, 22301, 48159, 39987, 33067, 62704, 52778, 75981, 74522, 14533, 5566, 78062, 82399, 108638, 93541, 47145, 109796, 26597, 7034, 72616, 13584, 19750, 109139, 15150, 74389, 87266, 108170, 103631, 44587, 66411, 89167, 35723, 85827, 78806, 89641, 14186, 52308, 56743, 38302, 71662, 36015, 65048, 72989, 76390, 24409, 85530, 8346, 69627, 70266, 89525, 70975, 46633, 16963, 109556, 91124, 51505, 93804, 58474, 43487, 61792, 59548, 43635, 27536, 42828, 109424, 78273, 60279, 35178, 67279, 80752, 35012, 7936, 8578, 89696, 5569, 26905, 42389, 84689, 59305, 44512, 72395, 74619, 67302, 57822, 8117, 106178, 25089, 68848, 98941, 78157, 109857, 108875, 86646, 83239, 51061, 89906, 56601, 71203, 95942, 71622, 97182, 27718, 46519, 83197, 79080, 69401, 45684, 18120, 21245, 39039, 67458, 42773, 20690, 63440, 41615, 97229, 86249, 20807, 26130, 30510, 43868, 55324, 20437, 9548, 12101, 72073, 21310, 90755, 51252, 53070, 48181, 97336, 91976, 94742, 66079, 79328, 45235, 35310, 76589, 107175, 78127, 13331, 59382, 87477, 92020, 109297, 42293, 52962, 23492, 12594, 69120, 57144, 57232, 71593, 40799, 29614, 106611, 50009, 47727, 15204, 50703, 60979, 37662, 16932, 100183, 69175, 27515, 106411, 49629, 63537, 88081, 55527, 69558, 60702, 13487, 67037, 8281, 34986, 82336, 101465, 82733, 44752, 104681, 53872, 87376, 70834, 86701, 56054, 106733, 6476, 33857, 15953, 41252, 76853, 32962, 83564, 46260, 46426, 100015, 78102, 24168, 25529, 17342, 71657, 59805, 55558, 79251, 9123, 109516, 41153, 98946, 56315, 92525, 79997, 48998, 67260, 88431, 51359, 60398, 41854, 23797, 83091, 78319, 101978, 97985, 82850, 24622, 99932, 46761, 56274, 24750, 46988, 96633, 32524, 82709, 64734, 44841, 23220, 52173, 87894, 55637, 31153, 30053, 20489, 33457, 16922, 47200, 95934, 42596, 94660, 59804, 37634, 68516, 86478, 101464, 70660, 105480, 41912, 50818, 99610, 99247, 72793, 34890, 49665, 51276, 30810, 42632, 71502, 87471, 95450, 101882, 61422, 36550, 20285, 80275, 99091, 90849, 53477, 67190, 55837, 43938, 73349, 38158, 62627, 21095, 43996, 8918, 19346, 48373, 72207, 57914, 78645, 6581, 25723, 21861, 102729, 15233, 14904, 44168, 49750, 100878, 93330, 75527, 6637, 22677, 69399, 9465, 81491, 68604, 86719, 48219, 105020, 79027, 33669, 9087, 28486, 36839, 46303, 29630, 58735, 15717, 54660, 100453, 84114, 47655, 71572, 97243, 109600, 97814, 46973, 52430, 7146, 64613, 8185, 91736, 50530, 99806, 23088, 39498, 7321, 70463, 55826, 68597, 83723, 93939, 10956, 43150, 61224, 72370, 75062, 66006, 103596, 92033, 10484, 101797, 93004, 55072, 97279, 82336, 94577, 25009, 98952, 62113, 90099, 54206, 36396, 61074, 70494, 44168, 57463, 60314, 105044, 63992, 64734, 38524, 23279, 96010, 68478, 71493, 39521, 73637, 46296, 25879, 11714, 89519, 71339, 63633, 18929, 69661, 8686, 20828, 68811, 108532, 96969, 21773, 90731, 63998, 64446, 32180, 75461, 51464, 47445, 12315, 98965, 71412, 44818, 65032, 10162, 46718, 81555, 93247, 44331, 68373, 99824, 13056, 65920, 28566, 25078, 88903, 108661, 64992, 77433, 15971, 16899, 84638, 35480, 97273, 79139, 25297, 102339, 72458, 90171, 108648, 50499, 103049, 39793, 21064, 40595, 66094, 19325, 13925, 72470, 73495, 86683, 68819, 27253, 105279, 23628, 86180, 28305, 39975, 39392, 9232, 50310, 78444, 92684, 33919, 9652, 84235, 89236, 35182, 29868, 65163, 12137, 61980, 68692, 107979, 44697, 21036, 89648, 38068, 23853, 94618, 79614, 24378, 84735, 90499, 46515, 18830, 83245, 38103, 78351, 11883, 82546, 53356, 21606, 16566, 53192, 108883, 7366, 94850, 93630, 74411, 44291, 18140, 46406, 76568, 67484, 70037, 28245, 95855, 94882, 15781, 77465, 18000, 99573, 99265, 75628, 21273, 99065, 62986, 71174, 26304, 13354, 35658, 39892, 14874, 71766, 106924, 69312, 23069, 31532, 105945, 100442, 7075, 21318, 104020, 78635, 46764, 9723, 13017, 40662, 34465, 46730, 73264, 79688, 108967, 56343, 41842, 19881, 6107, 38731, 31156, 79889, 31951, 105358, 104834, 12457, 72818, 44775, 68489, 52510, 84955, 14282, 87096, 90273, 31352, 19469, 7075, 35529, 84543, 19670, 35779, 80767, 84436, 102570, 64539, 20695, 29052, 109606, 86574, 26386, 30300, 79261, 72798, 23763, 45061, 57867, 28765, 105615, 109800, 92474, 69536, 108847, 37648, 98797, 71781, 45034, 23060, 99559, 78907, 109987, 96463, 14541, 30227, 109068, 73889, 80825, 101968, 28070, 88127, 93037, 85313, 42639, 89688, 77922, 43434, 105109, 104178, 103636, 33841, 65328, 53849, 14112, 65229, 74794, 76657, 92562, 79594, 106208, 94770, 19122, 60408, 98371, 61350, 78813, 5604, 81210, 73960, 28059, 6090, 65353, 55646, 75470, 101368, 20305, 101317, 108543, 81018, 106524, 50658, 43791, 14504, 47555, 67848, 93337, 82735, 79691, 61855, 61378, 27280, 35620, 32911, 76628, 32305, 74231, 69333, 53526, 43970, 92984, 22716, 86539, 73888, 73554, 26912, 44840, 16966, 51903, 71461, 21248, 98493, 105716, 19488, 16605, 75130, 45842, 48598, 67944, 26800, 49959, 54114, 66577, 39563, 40228, 92385, 35189, 34744, 15082, 87824, 33965, 38138, 42450, 65120, 17329, 56524, 36287, 14642, 53127, 67385, 80362, 105193, 50992, 85438, 50475, 15668, 66984, 57056, 45383, 9044, 39958, 67432, 23503, 89906, 60865, 10097, 104385, 16694, 96807, 23545, 53603, 77963, 99004, 89009, 109606, 94996, 26308, 76851, 105149, 51656, 12606, 56950)
Average QPS expected = 58285
Timestamp start: 1778603049958
Timestamp end: 1778604500720

#type       avg     std     min      p5     p10     p50     p67     p75     p80     p85     p90     p95     p99    p999   p9999      QPS   target
read      270.8    81.3   109.4   173.2   190.9   265.2   289.2   302.1   311.4   320.7   339.7   371.0   495.3  1198.7  2436.9   6784.0     6927
read      348.9   299.6    93.8   152.1   169.3   307.4   372.9   412.0   442.6   484.5   542.7   632.4   995.3  3903.9  9810.4  52451.0    52892
read      262.3   103.5    86.8   138.6   151.7   239.2   297.2   328.7   350.3   373.9   402.3   444.8   536.3   806.3  1667.3  98807.0    98921
read      271.6   106.1    93.8   140.3   154.6   259.4   318.3   344.9   362.4   381.3   403.5   435.9   501.8   687.7  2034.3  61333.0    61129
read      282.7   100.4   101.3   152.8   168.3   284.8   328.8   348.3   362.1   376.2   394.5   420.5   468.3   583.8  1380.0  40605.0    40613
read      277.9   108.0    86.8   144.8   159.7   268.8   326.0   351.8   368.0   386.0   405.9   435.3   502.0   667.7  3214.1  53022.0    53226
read      283.9    90.7    93.8   154.7   170.6   287.1   329.4   348.7   362.0   375.5   394.0   420.0   468.4   567.5  2782.3  38480.0    38560
read      263.3   164.9    86.8   137.6   151.2   236.6   292.3   323.4   345.3   370.4   399.9   444.2   549.7  1621.6  7343.4 103454.0   103465
read      268.5   137.0    86.8   139.1   152.8   242.2   298.4   329.1   350.5   375.1   406.0   455.7   613.7  1462.7  3595.4 105004.0   104758
read      263.4   119.4    86.8   138.1   151.3   240.4   298.9   330.6   352.3   376.4   405.0   447.9   539.0   739.9  1923.8  94985.0    94759
read      283.9   114.2    93.8   153.9   169.3   285.6   326.4   345.2   358.5   372.1   391.1   418.0   471.6  1093.0  3410.3  38002.0    37799
read      269.4   315.7   118.1   171.0   186.8   251.8   271.5   282.7   290.5   299.1   313.8   338.8   460.5  7334.0  9295.5   8449.0     8296
read      284.0   125.0    86.8   140.3   154.6   259.0   320.5   356.0   381.4   412.6   454.1   510.8   613.3   862.9  2626.5  69292.0    69443
read      269.8    79.0   109.4   169.6   187.2   271.5   293.4   305.8   314.4   324.2   338.0   358.4   403.0   887.7  2973.6  12586.0    12517
read      291.9   113.3    86.8   148.9   163.6   285.7   339.4   366.2   384.0   402.4   428.8   468.6   548.4   714.4  2892.5  43573.0    43591
read      283.9    76.0    93.8   165.3   181.3   287.1   317.7   333.5   343.9   357.4   372.4   398.6   458.1   836.8  1158.3  20568.0    20430
read      290.3   142.2    86.8   143.2   158.1   255.8   316.5   350.7   375.8   408.1   456.7   550.3   808.5  1238.5  1683.3  93824.0    93758
read      259.5   149.4   109.4   167.6   183.0   258.5   278.9   289.4   296.0   306.0   317.0   337.3   394.8   976.2  7829.7  10266.0    10485
read      279.2    68.2   101.3   167.9   185.4   283.0   308.4   320.9   331.7   342.7   358.7   381.4   433.7   879.8  1067.2  16288.0    16518
read      281.0   138.5    93.8   139.9   153.9   252.4   313.5   347.0   371.9   400.3   437.7   505.3   671.3  1196.9  2322.5  83023.0    83230
read      242.1    64.1   118.1   166.3   179.0   240.4   257.3   267.3   273.5   283.1   294.2   314.1   370.4   971.0  1953.2   5540.0     5484
read      288.9   121.0    93.8   143.3   158.3   272.6   333.7   365.3   386.9   411.5   444.2   494.6   585.1   792.9  1179.9  54869.0    55611
read      280.6    70.5   109.4   164.2   181.0   285.0   313.9   329.4   340.3   353.0   368.3   391.5   436.4   528.2   941.7  20737.0    20774
read      285.1   144.9    86.8   140.4   154.3   249.9   310.5   344.6   369.7   399.7   445.5   544.7   804.0  1236.8  2446.7  96264.0    96726
read      284.8    84.1    93.8   160.7   176.3   291.2   326.2   343.2   355.2   367.9   383.9   403.5   452.4   545.4  1544.3  32128.0    32442
read      272.0   172.5    86.8   138.6   151.9   249.2   311.6   341.7   362.0   383.8   408.2   444.1   534.3  2013.7  6141.0  73379.0    73039
read      269.0   101.8    93.8   139.0   152.6   249.8   312.2   344.7   364.9   386.6   411.9   449.4   523.3   658.5  1163.5  74169.0    74055
read      278.8   116.9    86.8   145.9   160.9   271.8   327.3   352.3   368.3   385.5   403.4   432.6   493.1   650.7  3452.4  51484.0    51197
read      278.0   101.0    93.8   143.5   158.1   267.4   327.3   354.8   372.3   391.2   413.1   445.0   511.9   724.1  1146.3  59173.0    59442
read      286.1    88.1   101.3   157.8   174.0   291.4   330.8   349.0   361.5   374.0   391.8   415.9   464.9   539.1  1918.1  35738.0    35654
read      266.2   102.0    93.8   137.4   151.0   246.4   309.3   340.6   361.1   383.0   408.0   444.7   514.4   644.6  1446.2  78372.0    78747
read      283.3    94.7    93.8   151.9   167.3   283.8   331.3   352.6   366.0   381.0   398.8   425.8   471.8   592.7  1738.5  42391.0    42212
read      278.7    95.8    93.8   145.8   160.7   273.2   328.3   353.4   369.3   386.9   405.6   434.8   498.2   632.3  1009.2  52568.0    52488
read      287.1   160.5   101.3   156.5   172.3   287.7   329.5   348.5   361.9   375.5   393.2   417.6   467.0   792.5  7706.2  37182.0    36950
read      272.3    67.6   109.4   166.0   181.4   276.5   301.7   314.5   323.0   334.8   346.7   370.0   419.1   830.4  1423.2  16667.0    16762
read      300.2   215.6    93.8   139.1   152.8   261.2   327.1   363.3   390.4   423.9   469.0   546.9   856.5  2892.9  4733.9  79110.0    79473
read      274.0   100.7    93.8   141.7   156.0   261.5   323.0   350.7   368.2   387.6   409.7   440.3   503.4   636.8   938.1  61532.0    61431
read      265.8   118.0    86.8   138.2   151.5   242.8   303.1   334.9   356.3   379.7   407.1   447.2   537.4   921.1  3030.5  86844.0    87172
read      281.2   147.8    93.8   145.4   160.8   254.8   311.1   341.5   363.4   388.4   419.5   467.2   673.0  1706.0  3790.3 107977.0   108181
read      263.5   112.3    86.8   136.4   149.5   242.1   303.5   334.7   355.6   377.8   403.2   439.3   521.7   780.0  3216.7  80645.0    80515
read      286.4   121.6   101.3   156.1   171.5   288.2   329.5   348.5   361.4   374.4   392.4   416.9   470.2  1412.8  3842.2  37605.0    37149
read      270.1   105.0   109.4   168.7   185.8   270.7   293.6   306.1   314.6   324.4   338.6   359.7   404.1   937.2  5678.9  13703.0    13444
read      291.8   132.9    86.8   139.0   153.1   267.3   331.5   366.6   392.8   425.4   468.0   531.9   671.4  1019.4  1652.1  71844.0    72057
read      286.9   128.4    80.4   139.2   152.9   263.9   326.7   361.5   387.2   417.9   458.5   515.9   633.9   840.3  2437.4  70543.0    70041
read      282.5   140.9    93.8   140.9   155.1   250.4   311.3   343.7   367.4   394.7   430.3   499.6   819.0  1453.7  1833.4  90195.0    90162
read      280.2   101.4    93.8   145.1   160.5   273.6   329.8   355.0   371.1   389.2   409.6   440.7   510.6   646.9  1136.4  51836.0    52082
read      283.6    77.3   101.3   162.7   178.5   288.2   319.5   336.0   346.6   360.8   375.5   401.0   465.4   600.9   983.2  24191.0    24258
read      293.1   144.3    93.8   140.3   154.4   266.5   330.6   366.4   393.2   427.0   471.4   538.0   674.9   963.4  3761.9  72035.0    72013
read      300.9   234.9    93.8   141.4   156.0   273.4   335.0   367.5   390.6   418.0   454.9   509.6   644.2  3942.9  7787.9  58268.0    58012
read      296.2   123.0    93.8   148.7   164.4   288.8   341.8   369.0   387.8   408.6   435.7   481.5   578.2   914.6  2467.4  45534.0    45398
read      293.6   113.4    93.8   145.0   160.7   281.8   340.1   369.5   390.3   414.3   445.3   494.9   595.0   760.2  1157.0  50724.0    50177
read      300.3   141.7    93.8   156.5   172.8   300.0   343.5   366.2   381.5   398.1   420.5   454.4   526.3  1010.6  4723.7  34332.0    34504
read      288.2   131.4    93.8   137.2   151.4   267.5   328.7   362.6   387.3   417.5   458.0   513.7   633.6   939.4  3347.5  66459.0    66010
read      292.4   139.0    86.8   138.6   152.5   264.7   329.1   365.2   392.9   428.2   472.1   539.8   693.6  1149.4  2394.1  74220.0    73937
read      292.2   134.4    93.8   143.1   158.6   276.2   336.2   366.6   388.3   413.4   445.1   494.2   589.6  1184.8  3823.6  54666.0    55020
read      303.9   191.8    93.8   144.3   159.7   281.6   340.5   370.8   392.3   417.8   452.7   508.6   732.3  2833.2  6580.5  53073.0    53235
read      285.8   167.5    86.8   139.7   153.3   246.6   304.9   337.4   360.8   388.6   427.0   525.1  1023.8  1674.3  2208.5  97013.0    97743
read      259.0   162.6   109.4   174.6   189.3   252.8   271.1   281.6   289.2   296.8   311.2   333.8   402.9  2902.5  7813.2   5407.0     5419
read      281.3    67.7   109.4   175.9   194.0   283.0   308.4   320.3   330.7   341.5   356.4   376.6   432.4   915.1  1415.7  14677.0    14764
read      258.5    84.4   118.1   172.5   188.5   255.5   275.6   288.3   296.2   306.6   317.6   337.5   397.9  1150.7  3298.7   7429.0     7451
read      293.5   111.9    93.8   145.1   160.2   284.5   342.3   370.1   390.0   413.1   443.2   491.1   583.4   768.2   978.1  47879.0    48208
read      280.5    80.7   101.3   168.4   186.5   283.3   309.7   322.2   332.6   343.1   358.8   381.0   431.7   893.6  3830.5  15988.0    16149
read      290.3   151.9    86.8   138.7   152.3   258.8   323.7   358.4   383.6   414.6   459.1   543.8   752.4  1373.2  3364.6  78520.0    78989
read      278.7   104.3   109.4   167.4   184.0   281.5   307.6   320.0   330.4   341.3   355.9   374.4   428.5  1097.5  6003.9  19106.0    18886
read      300.1   151.1    86.8   139.0   152.7   268.5   334.8   371.9   401.4   439.5   492.4   571.5   776.8  1320.9  2786.2  75914.0    75954
read      295.0   119.8    86.8   146.7   162.2   286.6   341.9   368.5   386.9   407.1   435.7   483.2   583.1   875.8  3702.4  44521.0    44409
read      277.8    85.9   109.4   167.3   184.4   279.5   306.8   319.7   330.0   340.6   355.0   374.5   433.2   924.0  3072.5  16671.0    16431
read      288.7   173.4    93.8   138.0   151.6   250.9   314.7   348.9   373.9   404.9   452.3   553.1   856.9  1465.1  6059.1  85200.0    85707
read      277.4   113.9    86.8   142.0   156.4   267.0   325.2   351.4   368.8   387.7   409.0   441.3   509.5  1003.9  2756.7  58381.0    58253
read      259.7   122.1    86.8   137.5   150.8   235.4   291.9   322.6   344.3   368.3   396.8   436.4   530.5  1040.9  3906.1 103894.0   103867
read      281.4    74.6   101.3   165.1   181.4   285.4   314.3   329.2   339.5   351.6   367.8   392.9   458.6   619.4  1380.2  21770.0    21604
read      283.4   187.4    86.8   138.0   151.4   246.9   308.4   341.2   364.7   392.2   429.8   508.3   893.5  1783.9  7318.5  90218.0    90401
read      262.1   102.8    86.8   137.0   150.0   240.0   300.5   332.2   353.8   377.1   403.3   440.7   529.9   711.8  1699.6  84421.0    84467
read      264.5   111.7    93.8   140.0   153.5   242.4   300.1   330.9   352.1   375.2   403.1   445.0   537.5   745.3  1500.2  99740.0    99700
read      285.6    87.3   101.3   160.4   176.1   292.1   327.4   344.1   356.4   369.2   386.1   407.3   459.5   584.5  1828.1  32428.0    32052
read      282.3   107.4   109.4   167.1   185.0   284.4   311.4   325.2   335.9   346.5   363.2   386.4   435.9   873.0  7032.6  18046.0    18173
read      296.5   142.9    86.8   140.1   154.4   271.5   335.5   370.9   397.6   431.3   475.1   541.0   675.4  1429.1  2028.3  67296.0    67789
read      293.9   137.0    93.8   144.6   159.5   280.1   337.2   367.0   388.3   412.9   445.2   497.7   602.4  1190.1  4000.2  51841.0    51929
read      288.2   152.1    86.8   142.4   157.1   257.2   319.1   352.7   376.1   403.0   439.5   509.2   783.8  1651.5  2697.0  83327.0    83850
read      278.6   110.2   109.4   166.4   183.0   282.6   309.2   322.0   332.8   343.6   359.0   378.4   422.8   525.8  7189.6  18629.0    18614
read      288.0    92.3    93.8   157.9   173.6   290.8   329.1   347.4   361.4   375.5   394.8   423.6   487.0   591.3  2591.1  28766.0    29315
read      327.3   417.0    86.8   144.5   160.2   260.8   317.1   348.4   371.5   398.7   434.7   503.2  3215.7  5188.9  7963.6 107731.0   108090
read      285.9    90.3   101.3   166.1   182.9   291.5   323.0   338.6   348.8   361.7   374.6   397.6   441.7   550.6  1931.6  26974.0    27024
read      286.5   102.3    93.8   150.7   165.8   280.3   333.6   358.8   375.4   393.8   415.8   448.1   517.9   634.5  3118.1  49531.0    49907
read      262.6    84.5   118.1   171.0   187.6   261.6   281.3   291.5   298.2   308.8   319.4   341.2   401.5  1434.7  2581.1   9253.0     9150
read      297.0   165.7   101.3   153.6   169.2   290.4   335.8   359.1   374.6   393.2   416.5   455.1   552.8  2445.1  7270.7  34270.0    34328
read      289.8   111.5    93.8   144.4   159.1   276.8   334.9   364.6   385.3   408.9   441.1   492.2   589.5   744.5  1075.1  51756.0    51881
read      272.2   105.5   109.4   167.0   183.8   273.8   297.1   310.7   319.2   331.0   343.8   366.6   422.2   893.7  4961.7  14405.0    14569
read      295.7   155.9    86.8   142.9   156.9   261.2   324.0   359.5   385.5   418.9   465.5   559.8   829.1  1465.3  2624.3  81451.0    81517
read      275.8   113.5    93.8   142.6   156.8   254.8   315.4   346.7   367.9   391.6   421.2   465.1   566.5   839.7  2125.1  78336.0    78694
read      268.1   106.9    86.8   141.2   155.3   245.3   302.8   334.3   356.4   381.0   410.2   455.2   551.1   964.4  1480.0  93881.0    93409
read      309.7   279.2    93.8   155.3   172.0   295.3   340.3   363.0   378.3   395.9   420.7   468.3   760.0  4006.7  9425.7  39646.0    39093
read      286.4   132.1   118.1   170.1   186.9   289.3   316.9   331.5   341.3   353.0   367.6   390.0   437.4   948.2  7378.2  18492.0    18729
read      303.2   204.8    93.8   139.5   153.4   269.4   333.4   370.3   398.1   432.8   479.7   549.4   777.8  3495.1  4396.6  70320.0    70818
read      284.8   149.7   101.3   162.1   178.0   286.6   317.4   333.7   344.3   358.3   373.2   398.6   456.5   634.9  7365.8  22215.0    21942
read      300.0   193.7    86.8   141.1   155.5   253.4   314.8   350.1   374.7   406.4   459.5   611.2  1115.2  1978.3  3841.0  91180.0    91810
read      286.2    90.1    93.8   155.0   171.2   290.5   333.6   352.8   365.9   380.4   397.5   423.2   469.3   561.3  2608.3  39641.0    39588
read      286.6   122.4    93.8   153.0   168.6   288.8   333.0   353.5   367.2   382.3   399.2   426.0   477.1   602.1  5122.2  40726.0    40957
read      279.4   152.3    86.8   141.3   155.6   260.1   321.8   351.7   370.4   391.2   416.4   455.5   557.2  2060.5  3761.2  62839.0    62645
read      279.6    98.5   109.4   170.6   187.2   281.8   307.7   320.4   330.8   341.5   356.8   379.3   442.7   857.7  4911.2  15733.0    15539
read      368.1   432.9    93.8   145.9   163.1   272.7   329.9   363.6   390.1   425.8   486.7   924.2  2621.8  4112.3  7963.3 107506.0   107672
read      287.4   113.2    93.8   160.8   176.0   292.3   329.8   347.5   360.0   372.6   390.0   412.8   463.1   683.4  2148.8  33127.0    32954
read      278.2    99.2    86.8   144.4   159.2   268.7   327.5   353.8   371.5   390.7   412.6   442.5   505.0   618.7  1621.1  58701.0    58866
read      284.7   119.7   101.3   168.0   184.9   290.0   318.3   332.7   342.0   353.7   368.1   389.9   430.5   519.5  7207.4  23562.0    23739
read      278.4    98.9    93.8   144.5   159.3   271.0   327.0   352.4   369.0   387.3   407.6   438.2   506.7   703.7  1928.8  54323.0    54701
read      279.9   108.3    93.8   143.2   157.6   267.8   327.6   355.4   373.5   393.2   416.6   451.4   535.4   807.4  2149.3  60298.0    60706
read      271.7   110.5    86.8   139.1   153.0   252.1   314.3   345.1   365.6   387.7   413.6   452.9   546.8   846.8  2031.9  72616.0    72350
read      279.6   120.1    93.8   144.3   159.3   269.0   328.3   354.8   371.8   391.2   413.9   446.7   517.9   703.9  1151.6  58375.0    58661
read      286.3    94.5   101.3   157.8   173.9   290.8   330.3   348.9   361.4   374.0   391.0   413.2   462.5   605.2  2854.8  34883.0    34912
read      270.2   145.5    86.8   141.7   156.0   245.8   301.7   333.0   354.7   379.2   407.5   454.3   571.9  1323.2  4182.6 102960.0   103268
read      284.0    85.8    93.8   154.0   170.2   288.3   331.2   350.6   363.4   376.9   394.7   420.0   465.9   532.1   951.6  38921.0    38703
read      268.1   107.6    86.8   139.3   152.7   245.9   308.9   340.5   361.7   384.4   410.7   450.1   535.7   843.9  1909.9  83653.0    83358
read      279.6   126.5    93.8   144.6   159.0   268.0   327.2   353.7   371.0   390.1   412.1   444.5   512.4   781.4  4485.9  57412.0    57408
read      265.7   110.3    86.8   139.8   153.2   243.6   303.4   335.2   356.8   379.9   405.7   446.4   525.8   807.2  2796.4  86578.0    86837
read      286.5   106.4   101.3   157.7   173.5   289.3   327.8   345.1   357.4   370.1   387.2   410.2   469.9  1492.1  2547.7  33819.0    33517
read      273.6   107.9    86.8   140.7   154.5   256.6   319.9   350.3   369.7   390.8   415.1   449.1   518.3   692.5  2388.8  65862.0    66204
read      270.1   102.4    86.8   139.8   153.4   251.0   314.7   345.9   366.4   388.3   413.5   449.5   521.5   656.4   897.0  73295.0    73758
read      271.4   123.3    93.8   143.8   158.3   249.7   306.1   336.7   357.8   381.4   410.0   453.5   544.6  1048.1  4885.1  99266.0    99742
read      270.9   155.2    86.8   142.1   156.4   246.3   300.8   330.8   351.4   374.9   403.7   449.2   569.7  1913.1  5775.6 109339.0   109462
read      264.1   111.1    86.8   139.4   152.7   241.7   299.5   331.2   352.7   376.4   403.7   444.9   527.7   778.3  3113.1  94680.0    94453
read      281.2    91.0    86.8   150.3   165.5   283.3   329.6   350.4   364.3   379.3   397.8   424.6   471.3   562.4  2136.8  43863.0    44096
read      266.3   108.0    93.8   141.6   155.4   243.3   301.0   332.2   353.9   377.9   405.5   449.0   542.4   811.6  2684.9 100988.0   100467
read      253.3    66.9   118.1   168.8   183.1   253.4   272.1   283.0   290.7   299.1   312.2   331.9   383.2   920.9  2225.3   8550.0     8576
read      289.0   131.8    86.8   141.0   155.5   269.4   330.2   362.7   385.8   413.1   448.8   503.0   621.1  1023.7  3527.0  58701.0    59359
read      249.7    59.1   118.1   165.6   179.5   249.7   270.1   281.2   289.1   297.0   310.3   328.5   378.5   903.7  1455.3   7545.0     7614
read      303.8   236.7    93.8   142.6   157.2   271.3   334.0   366.6   390.0   418.5   457.1   517.6   776.5  3102.5  7953.3  59249.0    60329
read      301.8   186.0    93.8   149.2   164.3   285.7   338.9   365.3   383.7   404.0   433.2   482.4   661.1  2868.4  4375.9  43290.0    43762
read      292.5   198.3    93.8   140.5   154.5   268.3   331.7   365.7   390.7   421.5   462.5   524.6   653.8  1023.7  3314.5  66817.0    67038
read      289.0   128.2   109.4   160.7   176.3   290.3   324.4   342.2   355.2   369.6   388.2   415.0   483.8  1193.0  6081.7  25856.0    26095
read      296.3   163.4    93.8   140.0   154.5   270.2   334.2   369.3   395.5   427.9   471.1   536.4   680.2  1509.5  4628.0  70651.0    71173
read      337.6   427.8    86.8   142.9   158.3   260.7   316.5   346.4   368.4   394.5   430.6   519.6  3087.3  4290.4  7984.9 109326.0   109276
read      264.2    93.0   101.3   168.6   184.0   264.6   287.2   298.5   307.4   316.2   329.3   348.5   398.2   911.0  4344.4  13253.0    13150
read      290.5   120.6    86.8   140.7   155.0   272.5   334.6   367.4   391.3   419.4   456.1   510.1   610.9   824.1  1257.5  60937.0    61250
read      279.5   128.0    86.8   139.4   153.1   250.9   313.0   346.5   370.4   398.1   434.2   501.9   706.9  1057.6  1683.0  84442.0    84472
read      266.1   105.6    86.8   138.9   152.1   243.9   306.8   338.4   359.3   381.8   408.0   447.6   526.1   691.3  1590.3  82224.0    82226
read      281.4    82.7    93.8   162.1   177.9   286.7   318.4   334.5   344.8   357.9   371.8   395.5   441.6   628.4  1918.1  27866.0    27671
read      262.1   103.5    86.8   138.6   152.0   238.8   296.2   327.4   348.8   372.2   400.6   442.7   542.0   921.6  1391.1  98692.0    98736
read      273.6   121.0    86.8   145.6   160.6   251.7   307.1   337.5   358.5   381.7   410.2   455.5   559.9  1041.6  3851.4 106500.0   106314
read      267.3   153.0    86.8   140.1   153.5   241.9   297.5   328.5   349.7   373.6   402.4   449.2   566.4  1622.3  5099.8 104625.0   105027
read      265.7   123.4    86.8   139.0   152.6   241.8   299.1   330.5   352.3   376.7   405.6   452.2   565.9  1045.9  1792.7  96734.0    96867
read      261.7   102.3    86.8   136.4   150.0   238.8   299.7   331.1   352.4   375.6   402.2   440.7   530.4   752.7  1499.7  88940.0    89493
read      277.5   110.3    86.8   144.8   159.8   273.2   326.2   350.4   366.2   383.3   402.1   431.3   485.4   578.4  2555.4  50546.0    50538
read      286.5    88.5   101.3   166.2   182.5   290.1   319.9   335.2   344.9   358.4   372.9   398.6   447.8  1030.1  3101.3  21863.0    22083
read      290.9   119.2    93.8   144.4   159.9   279.9   337.8   367.0   387.1   409.4   437.1   481.8   566.3   770.8  3781.1  48524.0    48618
read      311.8   220.4    93.8   143.5   158.8   259.8   320.5   355.6   382.8   418.2   478.7   654.6  1234.5  2341.5  3427.0  94639.0    94298
read      276.0   108.5    86.8   141.3   155.7   261.8   324.5   352.8   371.2   391.7   415.4   448.3   514.0   682.3  1015.3  63359.0    63579
read      273.7    99.2    93.8   142.0   156.1   259.4   321.1   349.6   368.3   388.3   410.8   443.3   506.7   641.7   895.3  64415.0    64573
read      267.7   109.4    86.8   138.9   152.2   247.3   310.1   341.3   362.2   384.6   409.8   446.4   517.0   672.5  2435.8  76841.0    77178
read      287.9   106.0   101.3   162.7   178.9   292.3   328.0   344.1   356.3   369.2   386.0   406.7   455.8   645.3  6462.2  29937.0    29824
read      274.1   105.1    93.8   140.6   154.6   259.1   321.5   350.5   369.4   389.8   413.2   447.1   511.8   679.2  1719.3  64166.0    64495
read      279.7    73.5   101.3   165.4   181.4   284.8   313.2   327.2   337.6   348.7   364.4   386.6   432.3   585.1  1954.0  20981.0    20917
read      279.8   129.1    86.8   140.1   153.9   251.1   314.3   348.2   372.6   400.3   436.5   499.5   673.0  1057.0  1803.0  85602.0    85651
read      271.9   100.3    86.8   140.6   154.6   257.6   319.1   347.7   366.6   386.6   408.8   441.1   506.3   594.7  1041.0  61886.0    61935
read      280.3   148.4    93.8   146.8   161.6   273.4   328.4   352.1   367.5   384.7   403.4   432.8   493.1   681.3  4264.7  50358.0    50216
read      269.6   103.4    86.8   139.7   153.6   250.6   313.1   343.3   363.7   385.7   410.7   447.3   522.1   683.2  1742.3  72157.0    72251
read      271.7   115.4    93.8   140.8   154.9   252.3   314.1   345.1   365.0   386.3   411.0   447.9   523.9   997.4  3137.6  71856.0    71798
read      277.7    83.3   109.4   167.7   183.7   281.3   307.7   320.4   331.1   342.1   357.6   379.3   435.8   890.5  3366.9  19578.0    19701
read      286.0   114.8   109.4   161.0   176.4   287.3   321.0   338.7   350.6   365.0   382.1   405.5   466.2  1334.7  3393.8  25004.0    24952
read      285.2   159.2    86.8   141.4   155.6   255.1   317.2   351.0   373.8   399.9   435.1   502.1   725.4  1934.4  4223.2  82074.0    81838
read      279.2    83.9   101.3   163.3   178.8   284.7   315.3   330.1   340.1   351.7   366.9   390.0   434.7   559.2  2255.9  26808.0    26648
read      279.5    99.8   101.3   164.4   180.3   285.0   314.4   328.9   338.5   349.0   364.1   385.0   429.5   605.5  3116.2  24844.0    24837
read      289.6   141.4   101.3   158.4   174.2   292.3   329.3   347.4   361.0   374.5   393.3   420.7   482.3   650.2  5168.0  29050.0    29420
read      312.8   322.5    86.8   146.2   161.9   260.3   316.7   347.2   369.1   394.8   429.5   496.7  1879.0  3470.8  7841.0 104068.0   103882
read      270.6   105.2    93.8   139.6   153.5   252.6   316.5   346.2   365.9   387.0   411.1   446.1   514.7   657.8  2027.4  70622.0    70314
read      274.3   103.0    86.8   141.3   155.7   261.0   321.8   350.4   368.8   388.8   411.4   443.5   505.9   639.1  2020.8  62118.0    61679
read      281.2   115.0    93.8   146.9   161.9   274.5   328.1   353.0   369.6   387.7   407.7   437.6   508.9   734.4  5275.2  49314.0    49557
read      277.2    69.6   109.4   164.8   180.8   281.7   308.9   322.1   332.6   343.2   358.6   379.8   433.6   592.8  1390.7  19194.0    19325
read      261.0    62.7   109.4   170.3   185.6   261.3   282.6   293.4   301.5   311.4   321.2   342.5   406.3   908.9  1630.5   8951.0     9128
read      299.2   206.0    86.8   140.8   155.1   253.3   315.1   351.8   379.4   415.8   473.9   606.3   989.2  1786.5  7276.8  93941.0    94933
read      285.2    78.4   101.3   163.5   180.2   289.3   321.8   337.5   347.5   361.8   377.2   401.5   458.8   623.8  1974.1  24154.0    24327
read      286.3   128.8    86.8   138.4   152.1   260.9   324.1   359.7   385.2   416.1   458.7   521.0   641.6  1091.7  1943.7  71705.0    71896
read      281.8   154.2    86.8   140.7   154.8   249.8   308.6   341.5   365.2   392.6   430.1   505.4   768.7  1765.4  3146.3  93806.0    93771
read      276.1    72.0   109.4   163.0   179.7   281.3   308.5   321.2   331.9   342.8   358.5   380.5   430.6   558.9  1613.2  20619.0    20452
read      292.0   161.2    86.8   145.8   161.2   283.2   334.4   359.7   376.4   395.6   420.9   461.4   557.0  2106.1  5280.9  42598.0    42338
read      294.1   138.7    93.8   141.3   155.4   265.8   330.1   366.9   394.6   429.0   474.0   541.2   683.8  1254.7  2358.5  72730.0    72627
read      275.6   126.1    93.8   140.1   153.7   250.7   312.8   344.8   367.2   391.7   422.0   471.2   631.3  1043.5  3483.8  81074.0    80603
read      277.7    90.9    93.8   147.2   162.6   275.9   326.4   349.5   364.8   381.0   398.8   426.4   472.5   560.4   724.2  48925.0    49049
read      266.3   129.0    86.8   139.3   152.8   242.4   301.3   333.1   355.0   379.0   406.0   449.0   542.3   889.6  4345.7  92180.0    92305
read      275.9   158.9    86.8   141.5   156.0   264.5   322.2   348.3   364.9   383.0   403.2   433.8   500.0   855.8  9021.7  56837.0    56889
read      262.0   110.3    86.8   136.1   149.1   241.4   303.0   333.8   353.9   375.4   401.4   436.1   512.3   649.7  3039.2  78062.0    78036
read      268.3    99.6    86.8   139.0   152.4   250.1   313.4   343.9   363.9   385.2   409.1   443.4   507.1   621.9   931.7  71755.0    71583
read      269.8   102.8    93.8   140.1   154.0   251.3   313.7   343.8   363.9   385.4   409.9   446.3   524.5   690.2   939.5  72829.0    72609
read      269.1   114.1    86.8   143.1   157.4   246.9   301.7   331.7   352.6   376.0   404.6   451.7   553.6  1000.8  2944.2 107521.0   107382
read      264.1   134.3    86.8   138.1   151.1   241.0   300.8   331.9   352.9   376.1   402.8   441.7   531.6   893.0  4666.0  86541.0    86530
read      273.4    65.8   109.4   168.2   184.9   278.5   302.5   314.7   322.9   334.1   345.2   367.1   408.9   547.4  1952.9  16688.0    16550
read      279.7   135.6    86.8   138.9   152.5   249.5   312.5   345.8   369.8   397.4   434.6   507.0   707.4  1240.1  3179.3  84418.0    84534
read      271.8   104.9    93.8   140.6   154.4   253.0   315.8   346.3   365.8   387.1   412.1   449.6   539.8   762.8  1493.1  72524.0    72631
read      280.3    95.6    93.8   148.5   162.9   277.2   329.6   352.9   368.0   384.7   402.8   431.8   490.0   592.6  1562.5  49087.0    49291
read      277.2   112.8    86.8   141.6   155.9   262.5   324.3   352.9   371.4   391.9   415.7   449.5   528.5   734.5  3709.5  62166.0    62175
read      267.4   103.6    86.8   138.9   152.3   245.7   309.8   341.3   362.3   384.8   410.6   448.7   528.1   733.8  1440.6  80577.0    80213
read      276.6    65.3   109.4   169.8   186.9   280.8   305.6   317.4   326.5   337.3   349.2   370.0   419.2   764.0  1536.1  16748.0    16566
read      289.3   119.1    93.8   142.8   157.9   273.9   334.6   366.1   388.3   413.6   445.3   494.8   584.9   691.6  2136.4  53886.0    53985
read      299.8   210.1    86.8   143.6   158.5   255.6   313.8   347.1   371.6   401.9   448.3   571.2  1095.4  2339.9  5023.0 102322.0   101949
read      286.0    77.2   101.3   165.3   182.0   292.1   322.1   337.6   347.6   361.5   375.9   399.9   453.6   580.9  1975.2  24083.0    24076
read      291.4   117.0    93.8   144.9   160.0   277.1   337.9   369.1   390.2   413.8   444.1   492.6   583.5   751.0  1602.2  52451.0    52574
read      345.6   398.9    86.8   147.5   163.6   269.9   325.9   358.9   383.2   413.3   459.3   586.8  2451.6  3758.2  7984.7 106836.0   106271
read      274.1   178.6    86.8   140.4   154.8   245.4   301.0   332.4   354.4   379.1   409.2   456.2   587.1  3124.8  3764.5 105279.0   105451
read      266.9   111.6    86.8   139.4   152.7   243.5   305.0   337.4   359.1   382.7   410.3   453.0   542.4   745.2  2067.9  86181.0    86087
read      287.4   136.5   101.3   162.1   177.8   290.6   324.4   340.4   351.4   364.5   379.6   402.2   459.6  1381.1  7550.3  29302.0    29108
read      259.2   105.8    86.8   137.6   150.8   235.5   292.0   322.8   344.2   368.1   395.9   435.6   537.9  1028.0  1957.7 100983.0   101115
read      267.7   103.0    86.8   139.2   152.7   249.3   310.4   340.6   360.7   382.3   406.8   443.2   517.9   690.1  1928.4  74377.0    74326
read      270.3   115.6    93.8   139.9   154.0   250.4   312.3   343.9   364.6   386.8   412.4   449.4   523.4   680.2  4010.6  76070.0    75832
read      263.7   106.1    86.8   138.3   151.7   240.5   300.0   331.2   352.9   376.9   404.0   446.5   541.8   814.8  1851.8  94882.0    94901
read      269.8    79.4   109.4   166.5   183.2   271.9   295.2   308.1   316.5   327.4   341.6   364.9   417.6   792.8  3093.3  15802.0    15809
read      287.8    83.2   101.3   158.7   175.1   290.8   329.5   348.6   362.9   377.9   395.8   422.9   477.5   552.9   928.0  28865.0    28874
read      289.5   113.4    86.8   144.5   159.4   275.9   336.7   366.9   387.8   411.4   440.8   488.6   577.2   698.0  1262.4  52222.0    51882
read      293.3   103.8   101.3   154.8   170.9   294.3   336.5   357.7   371.7   388.5   407.3   441.8   526.6   800.4  3132.1  32542.0    32653
read      292.6   130.2    93.8   150.0   165.0   287.7   339.7   364.8   381.6   400.0   424.3   462.6   546.2   682.6  6130.6  41441.0    41676
read      292.1   150.0    86.8   141.0   155.2   267.3   329.8   365.0   390.5   421.4   461.4   519.3   652.1  1227.8  5844.9  63106.0    63019
read      284.1   170.0    93.8   140.9   155.1   250.0   308.2   340.3   363.0   388.9   422.7   488.5   941.7  2088.9  2742.2  98267.0    99164
read      279.0    92.0    93.8   148.6   162.9   276.4   327.9   350.4   364.9   380.7   399.4   428.0   483.7   581.6  1260.3  47325.0    47055
read      273.3   104.0    93.8   140.5   154.6   259.4   322.1   349.5   367.9   387.6   409.7   441.2   505.4   629.9  2331.8  62495.0    62394
read      266.1   105.8    86.8   140.6   154.4   242.7   300.5   332.2   354.0   378.1   406.5   450.5   550.8   901.2  1691.2  98517.0    98519
read      284.0   115.9   101.3   157.9   173.9   287.3   323.2   340.2   351.9   365.3   381.4   403.3   457.4  1407.9  3959.9  32219.0    32122
read      281.3    96.4    93.8   147.5   162.6   278.6   331.7   355.3   370.1   386.8   404.3   432.4   493.8   621.1  1047.6  49451.0    49464
read      281.9    74.3   101.3   163.2   179.2   287.4   318.3   334.0   344.1   357.3   371.6   396.4   451.6   632.8  1002.5  24338.0    24034
read      311.4   286.0    93.8   140.0   154.3   264.9   327.0   364.9   394.4   432.9   486.3   564.8   948.9  4781.0  7567.3  76908.0    77363
read      272.9   140.8    86.8   137.1   150.5   243.1   302.8   335.6   359.2   386.5   422.2   488.0   688.7  1222.3  4213.1  91310.0    91698
read      285.6   115.4    93.8   153.4   168.9   287.2   331.7   351.4   364.6   379.0   397.0   423.9   474.6   677.5  4956.0  39109.0    38997
read      264.6   118.3    86.8   136.8   150.2   241.8   302.8   335.0   356.3   379.4   406.4   449.5   540.2   838.4  2152.9  85748.0    86028
read      266.8   111.1    86.8   138.2   151.5   243.9   305.0   336.5   358.2   381.4   408.0   450.6   546.8   948.4  2299.7  83211.0    83012
read      267.6    61.3   109.4   167.5   184.7   271.4   294.7   306.7   314.5   323.1   336.6   355.0   397.0   885.9  1011.3  15062.0    15024
read      288.0   118.2    86.8   141.4   155.9   271.1   332.1   364.4   386.7   411.9   444.8   497.5   596.7   868.9  2004.8  56369.0    56640
read      281.5   164.7    86.8   137.6   150.9   242.7   302.8   336.8   361.0   389.8   430.0   525.9   914.8  1716.9  2049.1  96986.0    97362
read      265.2   110.3    86.8   139.9   154.1   243.4   297.7   327.9   348.8   373.2   402.2   447.0   545.9  1066.7  2607.6 107581.0   107412
read      271.2   103.6    86.8   139.6   153.5   256.2   318.9   347.1   365.2   385.1   407.8   439.7   506.2   612.5  1961.6  64988.0    65030
read      269.7   136.6    86.8   137.3   150.6   247.1   308.4   339.9   361.1   383.9   410.2   451.2   546.3  1554.1  3398.5  79242.0    79278
read      278.9   111.3    93.8   146.7   161.6   277.0   327.7   350.3   365.2   381.1   398.8   425.9   476.3   584.9  4867.2  47567.0    47544
read      267.5   157.3    86.8   139.7   153.5   242.2   297.1   328.5   350.1   373.9   403.2   449.5   573.1  1531.6  7172.0 105681.0   105368
read      275.9   121.2    93.8   142.3   156.7   264.7   323.6   350.6   368.1   387.2   408.2   439.3   507.3   641.8  6131.5  58216.0    58181
read      276.7   101.3    86.8   143.1   157.9   267.3   326.0   352.8   370.1   389.1   410.5   438.0   501.4   621.5  1212.3  57494.0    56960
read      272.5   118.9   118.1   169.3   186.4   274.7   298.1   310.2   317.7   328.0   340.9   362.3   409.5   908.9  7258.0  14952.0    14849
read      291.7   129.6    93.8   141.4   155.6   266.9   330.4   366.1   391.9   423.6   465.1   525.5   651.0  1096.1  1792.7  63382.0    63672
read      290.4   109.3    93.8   147.5   162.3   280.3   336.3   364.8   384.3   405.1   434.5   480.0   571.5   779.4  1543.6  48350.0    48289
read      264.9    79.8   118.1   167.0   182.7   264.6   288.0   299.8   309.0   318.3   333.5   355.5   403.9  1320.2  3090.3  11855.0    11797
read      260.0    62.4   109.4   167.8   183.9   262.0   283.5   294.3   302.7   312.7   324.0   343.3   381.0   579.6  1876.5  10677.0    10781
read      291.1   114.4    93.8   145.8   160.6   279.0   336.4   365.3   385.4   407.6   436.8   484.3   589.6   915.8  1991.3  49042.0    49362
read      282.4   194.0    86.8   141.1   155.5   248.4   305.4   337.3   360.0   385.8   419.4   483.0   885.7  1799.0  5525.3 101716.0   102119
read      282.1   136.8    86.8   149.0   163.4   280.1   329.8   352.2   366.6   382.4   400.1   427.7   487.4   688.3  6164.4  46199.0    46213
read      266.7   124.6    86.8   140.6   154.2   243.9   299.9   330.9   352.3   375.6   403.3   447.0   546.6  1058.6  2911.0  96858.0    97025
read      275.4    65.4   101.3   167.2   183.9   279.4   305.0   318.0   327.8   338.7   352.3   373.7   427.5   588.2   991.5  18158.0    18351
read      283.8    76.3   109.4   164.2   180.3   288.8   318.9   334.5   344.5   357.8   372.3   395.9   446.8   566.2  1089.9  21286.0    21426
read      294.3   103.3    93.8   150.6   165.6   289.4   341.8   368.6   386.8   406.1   432.0   471.5   549.3   672.9   786.1  42791.0    43013
read      287.5   148.8    93.8   141.6   155.9   263.9   325.0   360.3   385.3   414.2   452.8   509.8   623.7   917.6  3149.5  66905.0    67376
read      292.1   106.1    93.8   152.7   168.2   291.4   339.1   362.0   376.9   393.5   414.0   447.1   520.7   678.2  2447.3  36236.0    36043
read      243.5    79.5   109.4   163.1   175.5   242.9   261.7   271.9   279.8   289.5   300.8   319.0   368.3   892.6  4887.1   6368.0     6255
read      319.5   311.4    86.8   143.6   159.2   259.6   319.1   354.6   381.0   415.7   471.3   620.1  1371.1  3590.1  7885.7 100886.0   102499
read      278.3    75.8    93.8   163.5   179.6   284.9   314.0   328.5   338.5   349.3   363.9   383.8   425.7   509.6  1857.8  26041.0    26263
read      289.7   126.7    86.8   141.5   155.7   272.0   333.2   365.5   388.2   415.1   450.7   503.0   609.4   849.3  2130.6  56976.0    56974
read      307.0   233.4    93.8   151.6   166.9   292.8   343.2   369.0   387.6   409.0   439.2   491.8   650.0  1752.0  9254.2  40835.0    40869
read      295.3   119.4    93.8   148.5   163.6   286.4   342.9   370.7   389.2   409.4   436.4   479.1   577.2  1079.2  3790.5  46605.0    46514
read      267.9    62.0   109.4   171.0   188.0   270.6   293.6   305.6   313.5   321.4   336.3   356.2   398.2   715.1  1012.8  11610.0    11431
read      292.9   116.9    93.8   143.5   158.8   276.7   340.3   372.4   394.4   420.5   454.3   503.7   598.4   730.9  1410.8  57783.0    58600
read      294.9   129.7    93.8   143.3   157.8   272.3   337.3   371.0   396.0   426.8   467.2   531.0   645.3   822.6  3244.1  68147.0    68058
read      294.9   120.8    86.8   145.6   160.5   281.7   342.1   372.1   392.7   417.4   450.1   498.6   597.2   927.7  2293.5  54674.0    54502
read      296.8   143.1    93.8   143.9   158.5   275.8   341.2   374.3   397.9   426.2   465.2   525.9   640.2   810.3  3198.6  64202.0    64022
read      310.0   236.8    86.8   147.5   162.9   289.8   350.9   380.0   399.4   423.1   454.8   510.1   697.6  3468.1  9181.6  52175.0    52142
read      366.6   358.3    86.8   153.2   170.5   287.8   351.4   391.5   424.0   471.4   569.3   836.0  1902.3  3424.3  9993.0 101344.0   101375
read      295.6   127.2   101.3   154.9   170.9   295.7   342.9   364.7   378.9   394.7   414.5   445.5   523.5   850.9  3915.1  40752.0    40606
read      285.6    98.8    93.8   150.5   165.5   282.1   335.2   359.2   374.3   391.8   411.9   440.4   506.1   625.6  1781.1  47507.0    47485
read      285.1   101.9    93.8   149.4   164.2   280.9   335.0   360.0   376.2   393.7   414.3   442.6   501.9   590.0  1894.0  48934.0    48977
read      290.9   160.5    93.8   156.0   172.4   291.6   335.8   356.2   369.4   384.9   402.0   429.6   485.5   639.0  7853.3  38450.0    38615
read      269.2   103.9    93.8   139.8   153.6   247.5   310.7   342.4   363.7   386.7   413.2   452.4   538.4   689.0  1525.6  80493.0    80279
read      274.0   118.4    86.8   141.0   155.1   253.0   316.6   347.9   368.9   391.5   418.5   459.1   545.3   722.2  2608.7  75816.0    75843
read      276.9   126.9    86.8   142.6   156.7   260.1   323.0   353.3   372.8   394.4   419.9   455.7   528.8   638.4  1700.9  67006.0    67095
read      288.3    90.9    93.8   154.5   170.0   289.4   336.9   359.1   373.4   389.8   407.5   434.2   489.9   560.8   864.0  41481.0    41325
read      283.1   100.9    93.8   147.7   162.3   273.3   333.4   360.7   378.3   396.9   419.3   451.4   520.4   653.9   989.2  55765.0    55752
read      267.9   113.0    80.4   140.3   154.0   246.4   307.1   338.3   359.7   382.6   408.5   448.9   532.0   721.9  3746.6  85037.0    85561
read      277.3   128.6   109.4   172.7   190.7   277.4   300.0   312.2   319.9   331.6   344.2   367.3   426.4  1413.7  6757.6  14264.0    14194
read      287.9   175.3    93.8   142.5   157.0   255.3   316.5   350.2   373.7   402.0   441.8   513.7   732.8  2259.0  5436.3  87631.0    88002
read      272.6   113.5    93.8   141.7   156.2   249.8   309.6   340.7   362.7   386.9   415.4   459.2   565.1  1006.2  1885.2  90715.0    90515
read      284.1   113.2    93.8   149.2   164.8   264.8   320.1   350.2   370.8   395.3   426.4   473.8   589.7   895.1  3009.9 109284.0   109283
read      285.8    74.1    93.8   165.9   182.3   292.3   323.9   339.4   349.8   362.7   376.3   398.6   436.5   545.5  1204.3  26673.0    26699
read      290.2   105.6    93.8   158.3   174.4   294.5   336.4   356.0   368.7   383.2   399.4   426.3   482.9   589.0  2081.4  37261.0    37400
read      284.5    70.9   109.4   171.5   189.2   288.2   314.9   329.2   339.2   350.5   366.0   389.5   437.2   624.4  1895.8  19347.0    19307
read      269.6    72.6   109.4   175.8   193.2   270.9   293.2   305.1   313.3   321.5   335.8   354.1   395.1   877.8  3449.9  11578.0    11527
read      282.6   137.7    93.8   140.3   154.7   254.0   318.0   351.6   373.9   399.8   432.5   489.7   719.9  1452.3  2168.4  83108.0    83787
read      286.4    92.5   101.3   166.2   183.0   291.1   320.2   335.8   345.7   359.2   373.1   397.9   446.0   604.3  2758.8  22386.0    22209
read      292.9   158.4    93.8   145.1   159.8   266.7   331.5   364.0   386.7   413.3   449.6   514.9   683.9  1070.4  7689.5  74746.0    75169
read      282.5   204.6    93.8   143.4   158.0   259.1   320.4   351.2   371.8   394.4   421.8   462.3   563.9  2151.5  7974.4  73666.0    73833
read      269.6   105.7    93.8   141.1   155.2   248.6   307.2   337.7   358.9   382.3   409.7   452.7   549.5  1002.2  1292.5  94775.0    94641
read      278.6   109.3    93.8   144.0   158.8   266.3   326.6   355.2   373.5   393.0   415.8   448.8   514.1   632.8  3176.0  61730.0    61338
read      273.2   113.7    86.8   141.2   155.5   251.2   308.9   340.2   361.8   385.6   414.4   461.2   592.3  1093.0  1932.3  91573.0    91825
read      270.6   108.9    86.8   139.6   153.6   250.7   312.1   343.0   364.1   386.9   413.7   454.6   539.1   681.3  1983.6  77623.0    77235
read      290.8   104.2    93.8   158.0   173.2   293.7   336.8   356.8   369.5   384.8   401.6   429.1   486.3   962.6  2314.2  37972.0    37257
read      288.2    92.1   101.3   161.2   178.0   295.2   331.3   348.1   360.4   372.6   389.7   411.5   458.5   535.1  1170.5  32041.0    32057
read      285.6   176.6    86.8   145.8   161.5   259.4   314.7   344.3   365.7   390.3   422.0   472.5   628.8  2826.3  4352.7 108775.0   108618
read      274.2   106.0    86.8   141.6   155.8   256.0   318.0   348.4   368.4   390.1   415.9   455.0   535.6   724.9  1939.4  72908.0    72930
read      288.0   125.3    93.8   152.6   168.0   287.0   335.4   357.8   372.1   388.3   405.0   432.8   497.1   736.9  3441.3  43825.0    43714
read      267.7   111.0    93.8   140.0   153.6   246.7   305.8   336.9   358.2   381.1   408.0   450.1   541.4   760.1  1647.6  87629.0    87369
read      279.4    99.1    93.8   145.2   160.4   269.1   328.1   355.2   372.4   391.4   413.6   446.1   517.4   636.9   816.1  56644.0    56640
read      272.5   110.2    86.8   142.6   157.2   252.0   308.8   339.0   360.4   384.4   413.5   459.7   563.4   772.9  2402.3  97210.0    97360
read      271.2   104.8    86.8   140.4   154.5   251.2   312.6   343.5   364.6   387.7   415.0   455.7   541.9   689.7  1386.0  80023.0    79788
read      270.0    89.1   109.4   175.4   193.2   270.4   292.0   303.6   311.7   319.9   333.9   352.1   398.0   924.7  4912.2  11417.0    11352
read      286.1   144.0    86.8   140.0   154.0   252.6   314.7   348.6   372.2   399.8   438.1   522.4   878.2  1278.5  1569.5  87530.0    87962
read      290.3    96.6    93.8   156.6   172.6   291.8   338.0   359.7   373.4   389.3   405.7   432.8   489.8   593.9  2111.9  40790.0    40663
read      279.5   150.5    93.8   144.1   158.6   266.0   325.0   352.9   371.2   391.3   414.6   447.9   520.1   687.8  7800.6  59308.0    59386
read      287.1   133.7   101.3   150.9   166.1   281.4   334.1   357.9   373.0   390.9   411.4   440.8   506.9   803.8  6120.1  48501.0    48302
read      282.0   123.0   101.3   168.5   186.0   281.9   309.6   323.5   334.8   346.1   362.9   386.5   439.0  1066.8  5996.6  19413.0    19398
read      297.6   171.5    93.8   143.3   157.9   262.3   327.7   362.1   387.4   419.0   463.1   546.3   836.8  1665.7  3462.5  82182.0    82197
read      269.7   101.5    93.8   139.8   153.7   251.0   311.5   342.7   363.4   385.6   411.2   450.4   533.9   701.5   891.1  77489.0    77387
read      270.0   115.1    86.8   139.3   152.8   251.1   313.5   343.2   363.3   385.0   410.0   446.6   525.1   679.2  2547.0  72964.0    72753
read      254.0    57.5   118.1   171.8   187.3   252.8   273.4   284.5   291.7   300.0   312.7   331.9   375.6   906.4  1919.5   7774.0     7720
read      303.5   125.5   101.3   151.8   167.0   291.5   348.2   377.9   398.8   424.9   459.3   508.1   611.0   807.4  3324.3  45749.0    46279
read      296.1   109.3    93.8   152.6   167.8   287.8   341.8   368.0   385.9   404.6   434.3   480.0   573.3   728.4  2432.8  41984.0    42102
read      284.4   149.1    86.8   139.5   153.1   249.0   311.5   346.5   372.8   402.7   450.0   542.8   762.3  1241.7  3489.1  90062.0    90892
read      286.9    91.2    93.8   155.2   170.7   288.9   333.6   354.4   367.8   383.0   400.2   428.2   491.3   673.9  1697.4  40188.0    39976
read      277.5   147.1    86.8   142.7   157.2   263.2   322.9   351.4   369.4   389.5   412.9   446.5   515.2   673.7  8881.5  60923.0    61084
read      279.6    90.2   109.4   172.0   189.1   280.6   306.5   319.2   329.5   340.7   356.0   379.0   435.2   998.9  4870.9  16794.0    16735
read      301.5   132.0    93.8   150.7   166.0   292.0   346.5   374.5   394.7   418.5   450.0   498.2   589.3   898.5  5169.3  46074.0    45909
read      295.7   103.2   109.4   161.9   177.1   295.6   335.7   356.0   369.6   386.3   404.9   440.4   527.7   871.8  1627.4  29185.0    28976
read      287.3   136.9    86.8   141.2   155.4   257.6   321.9   357.1   381.3   410.4   451.7   523.7   707.2  1093.8  2358.8  84816.0    84704
read      279.3   161.1    86.8   145.1   160.0   255.5   311.9   341.9   363.2   387.4   417.2   462.4   594.1  1611.0  6522.1 101736.0   101822
read      271.8   195.5    93.8   140.4   154.3   247.9   306.8   337.9   359.4   383.3   412.6   458.0   566.7   950.1  4521.4  92948.0    92571
read      267.7    63.0   118.1   173.9   191.2   268.9   290.5   301.8   310.5   319.3   333.8   353.9   397.8   919.9  1094.9  12037.0    12106
read      300.1   154.4    93.8   145.0   159.8   279.0   342.9   375.7   399.2   428.9   468.1   529.7   664.0   991.5  5803.5  58081.0    58568
read      296.9   118.9    93.8   147.0   161.9   282.4   342.2   372.3   393.8   419.2   453.5   504.5   613.6   891.3  2025.9  51445.0    51319
read      287.8    81.0   101.3   166.5   183.2   288.9   321.8   339.0   350.9   365.4   383.2   409.5   474.8   874.3  1095.3  21898.0    21556
read      275.6    84.1   109.4   172.6   189.6   274.8   299.7   312.8   320.9   333.7   346.8   371.7   435.3  1232.0  2476.0  14167.0    14191
read      297.8   133.6    93.8   161.7   177.8   295.9   336.9   357.9   371.6   388.3   406.7   441.7   518.1  1360.2  6998.9  29253.0    29072
read      277.6    68.4   109.4   171.7   190.0   278.4   305.6   319.2   329.9   341.4   357.4   380.4   433.1   624.9  1913.4  16362.0    16350
read      293.4   158.0    86.8   140.9   155.0   256.0   319.1   354.8   380.4   412.0   460.0   570.2   876.3  1385.2  2091.0  86674.0    86891
read      276.3   109.9    86.8   145.7   160.8   254.9   311.1   341.8   363.6   388.3   418.7   464.2   575.1   947.5  1711.9 103911.0   104441
read      253.5    74.9   109.4   167.9   182.7   254.2   273.4   284.1   291.2   298.8   311.4   328.4   371.9   926.7  4100.2   9121.0     8906
read      299.4   114.2    93.8   153.0   168.6   291.0   344.3   371.6   391.0   413.0   441.0   487.6   582.4   890.1  2850.4  42108.0    42175
read      297.7   123.9    93.8   147.3   162.3   283.6   343.0   372.6   395.0   421.8   456.6   508.0   618.1   794.1  1979.5  51388.0    51797
read      303.6   163.5    93.8   145.5   160.7   268.5   333.8   369.2   394.7   427.3   475.8   572.4   824.0  1797.9  2754.6  76412.0    76678
read      280.9    71.2   109.4   169.0   185.9   283.9   311.4   325.6   336.3   347.1   363.8   388.2   450.9   694.3  1335.0  19968.0    19630
read      323.9   282.7    86.8   146.8   162.7   264.4   322.5   356.9   382.1   413.3   462.7   671.4  1523.1  2858.6  8022.1  99705.0   100132
read      285.3   104.1    93.8   154.6   169.8   287.2   331.7   351.8   365.9   381.2   398.6   425.2   471.9   578.5  1735.6  40823.0    40498
read      267.0   109.9    86.8   141.9   156.0   244.7   299.9   330.4   351.3   374.8   403.4   447.5   550.1  1071.6  2457.3 108490.0   108559
read      286.7    79.5   101.3   165.5   182.7   290.0   321.7   338.5   349.7   363.9   380.3   404.2   469.5   594.7   983.8  23975.0    23964
read      304.5   151.4    93.8   143.8   158.5   276.9   343.0   380.6   407.0   441.6   489.1   562.7   726.1  1083.5  3093.2  70633.0    70760
read      291.6   216.1    86.8   141.4   156.0   251.6   308.8   340.9   364.0   390.8   425.9   497.6  1196.5  2344.0  6724.0  99489.0    99567
read      263.8   102.9    86.8   140.7   154.7   241.7   297.1   327.3   347.8   371.4   400.0   441.9   537.7   999.7  1673.1 107816.0   107548
read      281.1   100.5    93.8   146.7   161.7   274.7   330.1   355.5   371.8   389.9   410.6   441.5   505.1   624.1  1246.6  53890.0    53742
read      274.2   150.8    86.8   141.4   155.6   247.9   303.4   333.9   355.5   379.9   409.9   459.7   623.4  2367.0  3465.4 103743.0   103931
read      279.2   103.0    86.8   144.7   159.6   267.8   326.6   354.4   372.7   392.8   416.0   448.4   512.6   678.1  1183.4  60574.0    60359
read      258.6    97.7   118.1   169.7   185.3   255.5   275.3   287.8   295.7   306.5   318.2   339.5   396.9  1916.8  3364.4   9773.0     9725
read      303.4   134.5    86.8   148.8   163.6   284.0   344.8   377.4   400.7   431.2   470.1   532.6   671.5   975.8  2185.8  51717.0    52014
read      301.6   116.6    93.8   155.2   170.5   294.2   345.5   371.7   391.0   412.8   440.1   486.4   593.0   934.5  2617.5  39918.0    40053
read      279.5   127.5    86.8   140.4   154.6   252.0   313.8   347.8   370.8   397.6   432.9   495.7   673.7  1003.5  3106.7  86213.0    86436
read      287.6   107.5   109.4   166.7   182.8   290.2   321.5   337.7   348.2   362.5   378.3   402.7   464.8   840.8  2432.5  24025.0    23983
read      300.5   138.1    86.8   143.3   158.3   276.4   341.7   377.9   402.8   435.9   479.8   544.6   680.6   903.7  2524.6  66498.0    66595
read      293.0    86.5   109.4   165.2   181.4   295.0   331.7   350.5   363.8   378.2   397.4   427.4   493.6   616.1  2266.6  26201.0    26056
read      299.9   129.0    93.8   148.1   162.8   286.5   344.7   374.9   396.5   422.8   457.3   508.3   620.2   932.2  2549.0  51765.0    51764
read      299.7   118.7    93.8   153.4   169.7   292.1   343.0   368.9   386.9   406.4   433.8   479.9   582.7   942.2  2865.6  40157.0    40202
read      287.2   141.6    93.8   140.5   154.4   260.4   326.3   361.0   385.3   413.3   451.4   513.0   659.6  1023.1  3575.5  76964.0    76665
read      267.0   102.7   109.4   174.8   191.2   266.2   287.8   299.0   308.2   317.4   330.6   346.8   395.5   939.9  3481.7  11401.0    11133
read      279.5   126.4    86.8   139.1   152.5   253.6   317.6   350.4   373.0   399.2   433.9   496.8   657.2   960.7  2772.5  79804.0    80405
read      266.6   103.3    86.8   137.6   151.2   245.9   307.5   338.9   360.1   383.1   409.9   450.9   535.5   691.9  1213.9  79313.0    79106
read      267.9   119.1    86.8   139.1   152.5   242.8   300.5   332.7   355.1   379.4   407.8   453.6   582.7  1365.9  2130.2  97086.0    97258
read      290.6    91.3    93.8   156.5   173.3   295.2   336.8   356.9   370.1   385.7   402.5   429.5   483.7   576.5  2791.0  36395.0    36307
read      293.8    85.9    93.8   161.7   177.8   297.7   336.0   355.6   368.9   384.5   401.8   431.3   500.3   600.3   997.4  28563.0    28636
read      299.8   111.2    93.8   150.6   166.6   292.9   346.0   372.8   391.7   413.9   444.0   490.8   586.4   792.2  1330.9  41547.0    41620
read      294.2   135.6    86.8   144.1   158.7   266.7   333.1   367.5   391.7   419.9   458.0   527.5   718.4  1188.7  2223.5  75957.0    75736
read      288.5   129.6    93.8   152.4   167.6   284.0   332.8   354.9   369.3   386.1   404.3   434.2   506.9  1582.6  3442.2  45004.0    44979
read      288.4   109.6    93.8   162.2   178.1   291.2   327.8   345.6   358.3   371.1   389.0   412.9   460.8   638.5  4193.4  31302.0    31478
read      292.7   179.1    93.8   156.1   172.6   291.3   333.8   353.7   367.1   382.3   400.0   428.1   495.1  1917.6  7910.7  37580.0    37586
read      275.9   116.1    86.8   144.3   159.7   256.2   310.3   340.2   361.2   384.7   413.6   459.4   575.5  1114.5  2421.1 108057.0   108330
read      275.5   101.7    86.8   141.6   156.0   262.1   323.5   352.0   370.0   389.9   413.0   446.9   515.2   657.4  1416.5  64535.0    64301
read      266.9    77.2   109.4   175.3   191.7   266.5   289.5   301.2   309.8   318.4   332.0   350.1   398.9  1005.6  2188.7  11352.0    11203
read      259.1    63.4   127.6   176.9   191.8   257.4   278.5   289.7   296.7   307.5   318.7   339.3   390.1   922.8  2246.1   7366.0     7291
read      287.7   151.9    93.8   139.5   153.1   252.2   317.7   354.8   381.5   413.3   459.6   544.3   770.4  1174.5  3623.5  86719.0    87477
read      267.6   103.3    86.8   138.2   151.4   247.5   309.4   341.1   361.9   384.2   410.4   451.4   535.9   673.2  1150.6  77222.0    77485
read      288.7   129.2    93.8   152.7   168.5   288.9   336.4   358.4   372.3   388.3   404.8   432.3   492.7   654.5  3760.5  42034.0    42055
read      291.4    85.5   101.3   166.3   183.4   295.3   330.3   346.8   359.8   372.9   390.4   413.7   466.5   655.9  1950.7  27122.0    26865
read      313.0   221.3    86.8   143.7   159.1   259.7   319.4   355.3   382.1   418.5   480.3   652.9  1330.5  2318.7  3112.4  95017.0    94592
read      282.6   161.3    86.8   143.5   157.9   260.4   322.3   353.0   373.3   395.1   421.6   460.5   567.0  2311.7  4672.8  67366.0    66869
read      278.9    94.2   109.4   172.6   189.9   280.9   306.1   318.5   328.3   339.1   352.7   373.7   431.5   949.3  2168.4  17689.0    17835
read      297.4   123.8    93.8   145.1   160.4   281.2   342.1   373.7   395.7   422.8   459.1   512.6   624.4   918.0  2276.7  56278.0    55977
read      296.5   168.3    86.8   142.0   156.7   259.2   323.7   359.1   384.2   414.2   459.4   558.0   888.3  1640.8  2828.7  82194.0    82437
read      281.8    68.3   109.4   177.8   196.0   282.7   308.3   321.1   332.1   343.1   359.2   381.9   434.4   714.7  1005.2  15466.0    15775
read      320.6   220.7    86.8   144.4   160.2   266.9   332.1   369.6   397.4   434.4   502.5   690.2  1254.7  2184.8  3101.8  87218.0    87559
read      268.9   106.3    86.8   141.8   156.4   247.5   303.7   333.9   354.7   377.8   405.4   450.8   552.4   944.0  1715.9 105812.0   105401
read      267.4   104.6    93.8   138.7   152.7   246.2   305.9   337.3   358.8   382.2   409.7   451.8   542.0   764.6  1696.7  89134.0    88752
read      269.8   134.9    86.8   138.8   152.5   244.8   302.9   334.0   355.5   379.2   408.0   455.1   584.1  1599.4  3412.8  95204.0    94531
read      269.6   113.4    86.8   141.8   155.9   247.7   304.3   334.6   355.9   380.0   408.2   453.4   561.7  1079.5  3190.1 101759.0   101303
read      273.7   132.1    86.8   141.4   155.2   250.3   310.0   341.5   363.0   386.5   414.9   458.9   574.9  1327.1  3583.0  86792.0    86640
read      266.8   112.6    86.8   138.5   151.9   244.8   305.3   337.1   358.3   381.3   408.6   450.7   540.8   773.3  3172.5  84983.0    84818
read      285.1    84.8   109.4   169.4   186.1   286.6   315.9   331.8   342.6   356.1   371.4   397.1   462.6   862.2  2372.7  20350.0    20221
read      300.0   110.4    93.8   151.8   167.3   292.5   347.9   374.8   394.2   416.5   444.9   490.6   579.9   694.2  1980.1  43756.0    43599
read      295.8   125.2    93.8   146.2   160.9   281.8   340.8   371.6   393.1   418.3   451.5   501.9   602.7   854.5  2961.4  52828.0    52779
read      319.5   244.5    86.8   144.0   159.4   264.1   326.5   362.7   388.9   422.3   477.2   651.7  1490.2  2564.9  3214.5  90305.0    89855
read      283.9    95.5    93.8   150.1   165.3   279.6   332.9   357.4   373.2   390.7   410.4   436.7   497.3   600.7  1626.5  48513.0    48532
read      272.4   121.8    86.8   144.1   158.7   250.1   304.8   335.0   356.4   380.3   408.7   453.7   572.5  1327.8  3358.4 107261.0   107423
read      285.1    94.0    93.8   151.3   166.5   282.4   333.4   357.0   372.5   389.6   408.4   436.1   498.8   618.7   957.4  46306.0    46535
read      285.5   107.5    93.8   150.0   165.1   281.1   335.3   359.9   375.6   392.8   412.5   439.4   499.1   590.5  3801.5  47912.0    47535
read      287.2   120.6    93.8   149.1   164.1   279.6   335.7   361.1   377.4   395.7   417.7   449.0   523.3   744.8  3775.3  49650.0    49633
read      293.8   100.4    93.8   165.4   181.4   298.8   334.7   351.7   364.2   377.4   394.1   418.5   469.3  1016.8  2375.0  30170.0    30334
read      278.3    70.4   118.1   169.7   185.9   281.5   309.6   322.2   332.5   342.8   358.1   379.5   432.7   589.9  2401.8  17262.0    17207
read      342.8   372.6    86.8   147.7   163.8   274.4   335.1   368.2   392.6   424.0   470.8   605.7  1951.2  4060.1  8087.3 105494.0   106074
read      284.4    98.7   101.3   151.3   166.7   281.6   333.2   356.3   371.3   388.5   407.1   434.4   490.9   587.2  2083.3  48594.0    48912
read      265.0   124.0    86.8   139.3   152.9   242.1   299.0   330.1   351.2   374.1   402.3   446.4   547.9   892.2  6039.1  97000.0    96483
read      285.7    86.2    93.8   157.2   173.2   288.7   331.9   351.4   364.1   377.7   395.7   421.8   469.7   577.4  1194.8  39336.0    39228
read      275.7   115.4    93.8   144.8   159.3   254.2   311.8   342.7   364.6   388.9   418.2   462.4   569.6   891.8  2761.6  92779.0    92350
read      275.8   115.1    93.8   142.1   156.7   252.9   313.2   344.9   367.0   391.1   420.2   463.8   586.0  1141.3  1716.8  85002.0    85084
read      273.0   147.6    86.8   141.0   154.9   251.0   311.9   342.5   363.9   387.4   414.7   454.4   542.8   811.1  6158.2  81645.0    81993
read      288.1   213.8    86.8   145.0   160.2   255.9   313.1   344.1   366.2   391.4   423.5   476.6   761.4  2730.7  7963.1 101679.0   101617
read      279.1    72.6   101.3   170.2   188.1   280.3   308.0   321.2   332.1   343.1   359.2   381.9   437.4   921.7  1911.4  16621.0    16730
read      303.8   156.2    93.8   142.2   156.9   273.1   340.2   377.2   405.1   442.8   491.2   566.3   748.2  1313.6  3310.5  70908.0    71079
read      322.9   289.4    93.8   148.4   163.8   269.6   328.4   360.6   383.6   411.6   452.5   543.1  1663.3  3419.4  7539.9 109337.0   108942
read      281.1   117.0    93.8   146.6   161.2   271.3   328.2   353.9   371.1   389.9   411.2   441.6   516.6   859.1  3956.8  55230.0    55406
read      286.7   103.5   101.3   154.3   169.6   287.4   334.9   356.3   369.9   385.6   402.5   429.4   483.1   607.6  1451.9  42227.0    42279
read      284.1    77.0   101.3   167.2   184.6   287.2   316.9   332.5   342.8   356.0   371.1   395.8   448.9   799.7  1863.4  21612.0    21876
read      297.6   108.2    93.8   157.6   173.7   295.6   340.5   363.4   378.6   396.5   420.6   459.2   542.8   742.0  2836.3  34119.0    34140
read      304.3   132.2    93.8   152.3   168.2   294.3   348.4   375.7   395.1   418.5   450.1   499.9   609.2  1046.3  2320.1  42636.0    42897
read      282.7    91.4   118.1   170.0   186.5   282.9   313.0   328.7   339.8   353.0   369.8   395.7   456.3   600.6  1769.2  18360.0    18462
read      391.9   461.1    93.8   150.8   168.0   287.3   349.7   386.5   416.5   460.8   545.3  1072.2  2549.5  4910.1  8018.1 100253.0   100375
read      289.2   111.4    93.8   155.8   172.1   290.3   334.9   355.7   369.2   384.8   401.7   429.4   488.6   700.1  5256.3  41397.0    41347
read      267.9   104.1    86.8   141.9   156.3   246.4   302.3   332.9   354.5   378.3   406.5   450.4   548.3   967.2  1447.0 101641.0   101594
read      284.4    94.0    93.8   150.9   166.3   282.9   333.5   356.8   371.6   388.5   406.9   434.4   493.2   606.0  1227.2  47789.0    47486
read      271.5   114.2    86.8   140.1   154.4   252.4   314.5   345.2   365.7   387.8   413.5   452.3   533.0   693.9   870.5  73743.0    73393
read      281.9    94.9    93.8   149.5   164.0   276.9   330.1   354.8   371.0   389.2   409.5   436.9   501.5   590.4  1090.0  51275.0    51134
read      283.6   152.5    86.8   145.3   160.2   269.1   327.6   355.2   372.7   392.2   415.1   448.5   522.5  2103.4  4719.8  58324.0    58201
read      274.8   143.1    86.8   140.6   154.5   254.7   317.2   347.1   367.8   390.0   416.0   454.5   535.9   720.9  4637.9  71104.0    71020
read      275.7   107.3    86.8   142.0   156.4   257.9   318.8   348.8   368.6   390.9   417.4   456.2   550.7   804.1  1777.6  72056.0    72071
read      270.4   118.3    93.8   141.5   155.4   249.3   306.9   337.5   358.8   382.4   410.6   454.5   549.6   802.4  3204.6  93452.0    93446
read      287.5   128.9   101.3   164.1   179.8   290.6   323.4   339.0   349.4   362.8   377.4   400.9   459.2  1319.3  5063.3  28652.0    28724
read      281.0   140.7    86.8   144.3   159.4   268.1   327.8   355.5   373.3   392.9   415.7   448.3   517.1   714.8  5479.7  58909.0    59269
read      272.1   110.3    93.8   140.5   154.4   252.9   314.8   345.0   365.8   388.0   413.7   453.4   542.0   694.3  1445.5  74659.0    74624
read      282.0   109.1    86.8   148.5   162.7   274.9   330.8   356.1   372.1   390.0   410.1   439.0   504.8   674.5  1491.2  52654.0    52368
read      258.2    63.6   109.4   170.8   186.4   256.8   278.0   290.1   297.8   308.3   318.7   340.3   399.1   888.7  1890.5   9697.0     9687
read      297.4   138.4    93.8   150.5   165.5   287.8   342.3   369.2   388.3   410.0   437.9   484.0   579.4  1032.8  4913.9  43975.0    44165
read      246.8    66.5   118.1   169.6   182.4   245.8   264.3   273.5   281.3   290.1   300.3   316.8   363.2   920.0  3064.1   7018.0     6895
read      299.3   139.0    93.8   145.7   160.5   281.1   343.0   374.8   398.3   427.1   465.1   526.1   635.2   813.9  4454.4  55130.0    55457
read      318.7   214.0    93.8   146.2   161.6   286.1   349.5   385.4   412.5   447.1   492.7   568.6   853.8  3289.5  4857.2  61462.0    61164
read      392.9   459.8    86.8   151.6   169.9   294.0   356.6   393.2   422.5   463.4   539.9   867.3  2994.1  4141.6  8054.4 107819.0   108384
read      293.5   126.1   101.3   160.5   176.6   295.3   334.4   353.4   366.4   380.7   397.4   423.9   491.5  1438.3  3642.9  33650.0    33319
read      262.1   112.3    86.8   138.7   152.0   239.1   296.3   327.9   349.2   373.1   401.3   442.0   535.8   857.4  1328.7  97988.0    97895
read      292.7   127.0    93.8   155.4   171.9   293.7   339.7   361.3   375.3   391.2   408.8   435.6   501.0   658.5  7539.9  39759.0    39720
read      274.9   109.1    86.8   141.3   155.6   257.5   320.2   349.9   369.8   391.8   417.1   453.0   532.9   669.3  3788.7  68141.0    68554
read      268.0   107.8    93.8   139.5   153.3   244.8   305.5   338.1   360.2   384.6   413.6   456.6   549.4   799.2  1417.4  87187.0    86849
read      290.2    88.6   101.3   163.6   179.7   295.2   331.8   348.6   361.0   373.3   391.3   416.7   471.0   568.4  2991.1  30074.0    30264
read      272.0   106.4    93.8   143.2   157.7   249.9   307.5   338.8   360.3   384.2   413.1   457.7   570.6   930.4  1384.7 100906.0   100754
read      269.6   114.0    86.8   141.1   155.4   248.4   304.6   335.3   356.8   380.6   409.2   454.9   554.1   865.3  2390.2  97720.0    98098
read      267.6   104.6    86.8   138.9   152.6   245.4   305.2   337.9   360.4   385.1   413.8   457.0   546.3   732.8  1132.1  86399.0    86028
read      267.3   120.1    86.8   139.3   152.9   244.3   304.7   336.6   358.3   381.9   409.2   450.9   541.2   728.1  3454.7  92785.0    93054
read      287.8   112.8    93.8   152.9   168.5   285.5   335.0   357.5   372.1   388.6   406.1   434.3   502.0   666.3  4859.8  42527.0    42348
read      287.8    86.9   101.3   162.7   179.1   293.9   328.4   345.2   356.8   368.7   384.5   404.0   459.9   600.5  1893.5  29497.0    29490
read      284.0   107.2   109.4   170.8   187.7   286.2   314.0   328.5   338.8   350.4   366.4   390.9   443.8   712.0  2407.4  18332.0    18187
read      347.7   344.7    86.8   144.1   160.2   269.0   331.5   367.2   394.5   431.3   500.4   817.6  1970.2  3358.0  7793.6  94500.0    95113
read      258.7   129.9   118.1   172.8   187.5   255.9   274.5   285.7   292.9   302.1   314.6   334.0   374.5  1430.9  8230.5   8597.0     8570
read      292.8   125.1    93.8   143.0   157.4   273.3   335.1   368.9   393.4   423.2   461.7   520.1   632.7   793.3  2165.8  62087.0    62285
read      302.4   119.1    93.8   149.4   163.7   288.2   348.9   380.5   402.0   429.5   465.5   519.3   628.1   828.6  1056.4  52387.0    52582
read      296.5   100.3   101.3   158.2   173.9   294.5   339.9   363.0   378.3   396.5   420.2   458.0   538.1   689.7  2153.5  34201.0    34260
read      301.2   145.1    93.8   144.8   159.7   277.3   339.7   374.1   398.2   428.0   467.7   532.4   730.2  1471.8  2211.3  59342.0    59493
read      291.2   121.2    93.8   142.9   157.3   272.7   334.9   366.9   389.7   416.8   453.9   508.2   620.0   801.9  1904.1  57596.0    58208
read      311.4   247.9    86.8   143.7   158.9   259.6   320.4   356.7   383.4   417.5   474.1   635.0  1210.9  2754.0  9020.0  93666.0    93458
read      284.1   105.0   109.4   171.3   188.5   284.4   312.3   326.8   337.7   349.5   366.8   391.7   447.7   908.7  3991.3  17986.0    18056
read      346.2   303.4    93.8   147.1   163.2   272.9   334.5   370.8   400.2   442.6   527.2   844.3  1741.1  2955.9  7667.0  93984.0    94134
read      290.3    89.2   101.3   158.4   174.6   294.3   337.2   357.2   370.1   385.0   401.0   426.8   473.8   593.4  1761.7  37781.0    37808
read      284.5    99.8    86.8   147.4   162.5   277.9   334.8   360.7   377.5   395.8   417.7   448.2   512.5   627.7  1638.6  53293.0    53481
read      287.5    78.7   101.3   168.0   184.2   294.0   324.6   339.5   349.6   362.3   375.2   397.3   435.8   632.1  1989.0  25839.0    25666
read      278.9   114.2    86.8   146.7   161.8   258.4   313.5   343.3   364.8   389.2   419.8   466.5   585.3   979.0  2569.5 108570.0   108853
read      285.3    97.3    93.8   153.5   168.8   287.5   332.7   353.6   366.8   381.8   399.3   426.8   483.5   604.3  3336.8  41906.0    41576
read      271.9   103.2    86.8   140.0   153.8   254.7   316.5   346.0   366.2   388.3   413.8   450.2   526.7   705.3  1364.8  70443.0    70282
read      288.2   112.8    93.8   153.8   169.4   287.2   336.0   358.1   372.1   388.0   404.3   431.1   490.8   959.5  2963.0  45363.0    45769
read      268.5   153.5    93.8   138.7   151.8   242.8   302.0   333.7   355.3   379.4   407.5   452.1   575.6  1409.8  5025.4  92727.0    92383
read      267.5    96.3   109.4   173.8   189.9   267.8   289.9   301.4   309.8   318.2   331.2   346.5   395.2   920.5  3706.8  12265.0    12100
read      294.1   127.9    86.8   142.7   157.3   269.9   334.1   368.2   393.4   424.3   465.4   531.0   679.0   929.6  1632.8  67544.0    67747
read      291.4   128.6    93.8   141.7   156.2   268.7   332.9   367.5   391.9   421.5   461.4   524.8   647.1   808.2  1695.7  69054.0    68933
read      327.9   330.4    86.8   146.8   162.1   281.7   349.1   383.3   406.5   435.9   482.6   583.1  1163.4  5455.6 10104.4  63267.0    63242
read      273.4   138.4    86.8   139.9   154.0   252.9   317.2   347.8   368.9   391.3   417.1   453.2   526.3   683.1  6386.5  73117.0    72993
read      282.9    95.8    93.8   148.8   163.7   277.6   332.9   357.9   373.8   391.3   411.2   439.2   501.8   587.0   641.9  50924.0    51022
read      273.9   147.7    93.8   140.0   153.9   254.9   319.2   348.9   368.7   389.6   413.6   448.7   523.9   788.6  6628.1  67081.0    67069
read      285.3    77.0   109.4   166.0   182.6   291.5   321.7   337.3   347.1   360.3   373.5   397.1   439.5   564.8   990.4  25095.0    24895
read      274.2   109.5    86.8   140.5   154.4   256.2   319.5   350.2   370.9   392.6   418.0   454.2   530.6   669.2  2107.1  68431.0    68588
read      288.0    94.5    93.8   153.6   169.3   288.5   336.7   358.5   372.5   388.8   406.0   433.4   497.5   673.3  1599.6  42881.0    42706
read      283.3   108.9    93.8   147.9   162.8   278.3   333.0   357.4   372.7   390.3   410.2   437.8   501.6   682.9  3775.2  49484.0    49479
read      274.4   101.9    86.8   140.9   155.3   259.2   322.1   350.9   369.7   390.2   413.9   448.2   517.9   656.0  1177.9  64819.0    64792
read      273.0   113.1    93.8   139.8   153.4   253.5   316.7   347.5   368.4   390.7   417.0   455.3   534.7   803.5  1871.4  74154.0    73879
read      290.4   102.5   101.3   160.2   175.6   295.1   333.0   351.0   363.6   376.7   394.6   420.5   471.8   851.4  3387.2  32027.0    31893
read      272.4   114.7    86.8   139.8   153.8   252.1   315.8   347.1   368.0   390.9   418.0   456.8   540.5   688.4  2121.5  74028.0    74262
read      281.4   105.0    93.8   144.4   159.2   269.5   329.3   356.6   374.4   394.5   418.7   454.7   544.4   839.8  1596.7  56735.0    57246
read      264.9   111.7    86.8   137.4   150.8   241.1   301.4   333.3   354.9   378.6   406.5   449.5   549.9   865.9  2197.8  92129.0    91617
read      276.9    99.5    93.8   143.4   158.0   267.5   326.3   352.8   369.6   388.1   408.7   438.4   506.6   634.9  1731.4  55756.0    55173
read      267.5   119.7    86.8   141.3   155.2   244.6   300.6   331.3   352.6   376.5   404.1   450.0   557.3   941.9  3614.3 109017.0   108633
read      274.3   106.4   109.4   170.6   187.3   277.2   301.0   313.1   320.6   332.0   343.7   365.1   406.4   922.0  3895.5  15840.0    15720
read      300.2   215.6    86.8   140.6   155.4   254.7   313.5   346.1   370.6   401.6   451.9   582.7  1100.9  2282.8  6269.6 100013.0    99961
read      267.4   101.3    86.8   141.6   155.9   247.1   302.8   333.1   354.3   377.4   404.7   447.2   545.0   823.0  1146.2 102803.0   102613
read      280.3   157.5    93.8   144.1   158.7   269.1   328.3   354.3   370.7   388.6   408.1   436.1   499.1   923.1  6378.2  57326.0    57169
read      278.4    99.3    86.8   143.7   158.6   269.3   328.1   354.8   371.9   390.7   412.3   443.9   507.0   618.8   898.2  56477.0    56950
read      283.4   106.9    86.8   148.5   163.5   278.8   332.9   357.4   372.9   390.6   410.3   436.5   495.9   651.0  2693.5  50230.0    49938
read      234.8    77.1   118.1   162.9   173.3   233.6   251.1   260.7   267.4   274.0   286.1   303.7   359.9   919.7  3909.0   5392.0     5383
read      290.0   174.0    93.8   149.1   163.4   281.4   330.1   354.8   371.2   390.1   412.6   449.4   532.6  3347.9  5878.7  39367.0    39719
read      289.8   154.5    86.8   150.1   164.7   282.0   327.9   351.0   366.7   385.0   406.6   444.8   552.1  2048.2  3208.9  36790.0    36653
read      289.0   166.4    86.8   138.2   151.7   264.0   328.6   362.9   387.3   416.1   455.6   513.9   651.1  1306.3  7139.1  69800.0    69482
read      286.3   108.1    93.8   144.4   159.3   277.6   332.0   359.1   376.9   398.2   426.6   469.8   560.8   821.9  1328.1  46967.0    46749
read      287.3   152.2    86.8   138.1   151.8   267.0   331.0   363.4   386.1   412.5   447.9   500.5   617.9  1080.4  7390.8  65210.0    65109
read      288.0   121.1    93.8   144.5   159.5   278.1   334.5   362.1   380.6   400.5   427.4   467.6   548.8  1118.3  3135.4  46391.0    46501
read      376.1   470.1    86.8   149.7   167.1   278.6   336.4   371.0   398.0   433.6   491.1   684.3  3052.6  4485.9  7992.5 109706.0   109480
read      271.8   103.6    93.8   139.3   153.0   253.6   317.4   347.5   367.4   389.3   414.8   451.7   530.9   728.5  1288.7  69495.0    69433
read      278.2   105.1    86.8   143.7   158.2   266.4   325.9   354.1   371.6   391.3   414.3   447.2   516.6   687.6  2613.1  57695.0    58157
read      269.3   103.7    86.8   139.0   152.9   250.2   313.6   344.2   364.6   386.2   410.6   446.4   523.7   706.3  1049.3  71378.0    70737
read      288.5    87.3   101.3   156.7   173.8   294.0   333.8   352.8   365.6   379.8   397.1   422.9   470.0   574.7  1338.2  34673.0    34617
read      267.7   105.8    93.8   137.8   151.0   246.1   310.6   341.1   361.8   384.4   410.2   449.1   541.4   807.1  1172.9  77050.0    77563
read      261.2   114.5    86.8   135.7   149.2   237.3   298.9   330.7   352.1   374.7   401.1   440.8   526.9   844.5  3540.6  89297.0    90036
read      291.7   164.7    93.8   156.5   172.3   291.5   334.4   355.0   368.5   383.9   400.8   428.1   483.2  1626.8 12034.5  36847.0    36689
read      286.0   100.9    93.8   150.4   165.3   282.0   335.6   360.3   375.8   392.8   412.6   441.1   502.1   716.5  2002.4  46838.0    46832
read      273.3   109.4    86.8   143.0   158.0   251.3   308.0   338.6   360.4   385.0   415.2   461.7   578.7   992.6  1706.9 104767.0   104903
read      266.9    71.0   101.3   169.2   185.1   267.9   292.4   305.1   313.6   322.8   337.7   359.0   408.6   880.1  1473.6  14250.0    14153
read      279.3    78.2   101.3   162.8   178.5   280.0   312.1   328.7   340.2   354.0   371.1   398.5   462.2   720.8  1007.1  21563.0    21674
read      238.2   112.0   118.1   163.5   174.6   234.3   251.7   261.5   268.4   275.3   288.1   306.3   358.0  1914.6  3986.9   5620.0     5689
read      284.3   115.6    93.8   149.8   164.3   280.9   327.4   350.3   366.2   384.0   404.3   440.1   515.4   806.2  3145.2  37265.0    37781
read      262.4    70.9   109.4   164.2   178.9   263.9   288.2   300.6   310.1   319.7   335.1   356.9   401.1   841.5  2658.5  15485.0    15507
read      335.9   400.8    86.8   141.5   156.1   253.0   309.4   342.4   367.5   399.5   452.1   649.4  2572.8  3477.2  7969.0 101831.0   102064
read      271.4   106.1    93.8   140.1   154.1   254.2   316.0   346.1   366.1   387.4   411.6   445.7   511.1   671.2  2189.0  71319.0    71340
read      268.8   107.1    86.8   138.2   151.8   247.5   310.6   342.1   363.3   385.9   411.8   450.9   540.2   799.6  1986.2  80148.0    79815
read      288.4   136.9    93.8   152.2   168.2   287.2   336.6   359.4   373.9   390.3   407.8   433.2   489.8   580.4  7078.0  44626.0    44352
read      272.0   106.0    86.8   143.4   158.7   252.2   306.9   336.3   357.2   380.6   408.7   452.7   554.5   998.3  1863.0 109844.0   109562
read      266.9   103.4    86.8   139.3   152.9   246.5   307.6   338.6   359.3   381.7   407.4   446.8   525.3   713.2  1173.1  85731.0    86219
read      286.7    93.7    93.8   151.7   166.7   285.5   337.7   361.1   376.1   392.7   411.9   437.6   495.1   591.5   756.7  47393.0    47335
read      289.5   120.5    93.8   153.6   169.6   289.6   336.0   357.4   371.3   387.9   405.6   433.0   494.3   674.2  4349.0  41861.0    41962
read      288.2    99.6    93.8   151.5   166.8   288.2   339.6   362.5   377.1   393.4   412.5   437.2   499.3   616.1   905.1  45486.0    45802
read      268.3    88.3   109.4   169.3   185.5   269.0   293.1   305.5   313.6   322.3   338.0   360.3   404.3   902.0  3723.5  13334.0    13389
read      338.8   396.2    86.8   141.1   156.1   257.5   316.8   351.3   376.7   408.3   458.2   618.8  2532.1  3588.5  7967.7  95303.0    95780
read      264.1   110.0    86.8   137.6   150.9   241.2   301.7   333.0   354.6   377.8   404.3   445.0   539.3   833.4  2215.1  87386.0    87844
read      280.7   112.0    93.8   144.4   159.2   269.1   328.9   356.0   373.9   392.9   415.3   448.5   529.4   807.7  3612.8  55629.0    55903
read      266.2   152.5    86.8   139.3   153.1   242.0   298.7   329.4   350.9   374.6   402.6   445.5   546.8  1083.5  6763.0 100799.0   100902
read      268.5   102.2    86.8   138.2   152.0   250.3   313.6   343.9   363.5   384.4   407.5   442.7   524.9   769.7  1323.5  70554.0    70988
read      280.9   101.3    86.8   145.2   160.5   273.3   330.4   356.6   373.3   391.9   413.5   445.0   510.8   653.5  1374.1  53542.0    53831
read      287.9    81.9   101.3   165.5   181.7   294.0   327.0   342.7   354.3   367.2   383.4   403.9   452.1   525.7  2459.9  26719.0    26948
read      289.2    90.9   101.3   156.1   172.3   289.7   331.1   352.5   367.6   385.2   404.8   436.6   505.8   613.3  1451.7  32288.0    32347
read      290.3   111.3    93.8   149.8   164.9   284.3   336.4   362.3   379.5   398.6   423.7   462.5   539.2   684.2  3142.5  41241.0    41050
read      286.5   116.3    93.8   140.5   155.0   271.9   332.0   362.5   383.3   406.8   437.8   489.0   587.1   930.7  1677.2  56004.0    56197
read      299.3   227.8    86.8   139.3   153.3   248.5   307.8   341.4   365.7   395.0   437.6   572.9  1341.6  2437.3  3851.8  94579.0    94617
read      270.7   103.6    93.8   139.7   153.9   254.1   315.4   345.4   365.1   386.0   409.6   445.5   516.6   640.0  1014.3  71833.0    71839
read      269.8   104.6    86.8   139.6   153.3   249.4   310.9   342.2   363.4   386.2   412.5   452.1   539.6   735.2  1968.1  79114.0    79082
read      277.9   160.8    93.8   144.1   159.3   253.7   308.8   338.8   359.8   383.2   411.7   458.4   590.8  2392.8  7135.6 107413.0   107630
read      277.6    99.1    86.8   143.4   158.0   267.3   326.4   354.0   371.9   391.5   414.0   445.4   509.1   671.1   866.5  59744.0    60164
read      266.9   113.1    86.8   140.2   154.3   245.8   302.8   333.4   354.6   378.0   406.2   448.8   541.8   771.8  2348.0  97882.0    97878
read      278.0   122.1    86.8   141.7   156.4   262.5   325.7   355.0   374.6   395.0   418.8   452.2   520.1   639.6  3836.7  63367.0    63680
read      272.8   138.6    93.8   139.4   153.4   252.7   314.6   345.9   366.8   389.2   415.2   452.4   528.2   736.7  5505.0  74183.0    73888
read      273.3   101.0    86.8   140.1   154.3   258.5   320.3   349.9   368.9   389.7   413.6   447.3   516.2   630.8   741.7  65640.0    65499
read      262.9   102.5    86.8   138.6   152.4   241.2   297.9   328.9   350.5   374.0   402.1   442.7   534.7   773.8  1361.3  97286.0    96906
read      272.1   129.6    86.8   141.4   155.9   248.4   304.0   334.4   355.6   379.7   409.1   454.5   587.6  1572.4  3078.2 103577.0   103287
read      284.4   127.7    93.8   148.9   163.9   279.8   332.8   356.9   372.4   389.7   408.5   435.0   493.5   795.5  5631.9  49556.0    49664
read      287.8   135.2   101.3   158.7   174.9   290.5   327.9   344.4   356.6   369.6   387.0   411.0   474.2  1253.9  4360.7  32247.0    32535
read      283.8   178.8    93.8   149.4   164.4   270.4   322.4   347.0   364.0   382.9   404.7   436.9   513.3  2638.5  6361.9  46583.0    46477
read      249.7    66.2   118.1   168.4   182.7   248.5   266.7   275.6   284.1   292.6   304.5   320.8   382.7   922.7  2244.8   7442.0     7459
read      308.2   154.8    86.8   144.5   159.5   277.9   345.2   383.3   411.6   449.4   498.5   574.5   771.9  1317.7  1905.0  73670.0    74137
read      279.1   119.1    93.8   144.1   158.8   267.0   327.2   354.9   371.9   390.9   413.0   444.6   512.3   692.1  4020.9  56816.0    57061
read      288.1    97.3   101.3   159.3   175.0   292.5   332.1   350.6   363.2   376.2   394.3   419.3   466.3   567.0  3854.9  34367.0    34213
read      239.7    69.0   118.1   163.0   174.6   237.9   256.8   267.4   274.0   284.2   295.3   315.5   363.3   925.3  2615.3   7590.0     7432
read      282.6   105.4    93.8   147.7   162.5   277.6   327.5   352.7   369.6   388.6   410.7   446.3   517.2   623.9  3203.5  41196.0    41605
read      285.6   136.5   101.3   153.5   168.2   282.0   324.2   345.2   360.4   376.3   398.0   432.2   527.4  1344.7  2322.6  33020.0    32998
read      291.4   131.0    93.8   140.6   155.4   273.2   334.3   367.4   391.2   419.4   456.8   510.2   628.0   837.2  3894.7  61728.0    61636
read      296.3   181.4    86.8   139.1   153.1   269.5   333.2   367.3   391.1   420.4   459.9   520.4   685.6  2162.6  4707.2  64307.0    64695
read      262.5    84.9   101.3   166.0   181.3   261.9   286.1   298.3   307.9   317.4   331.9   352.9   401.5   908.3  3950.2  14024.0    14063
read      294.8   169.1    86.8   140.0   154.2   253.2   316.2   350.9   376.3   407.3   456.6   577.2  1002.3  1720.9  2185.5  91053.0    91302
read      240.0    62.1   118.1   164.2   176.0   239.0   258.3   267.8   273.7   282.8   293.3   313.2   371.6   941.8  1943.9   6160.0     6064
read      285.0   101.0    93.8   148.4   162.9   280.6   331.2   356.2   372.6   391.5   414.4   451.5   522.6   625.0  1186.8  40923.0    41354
read      277.5    75.2   109.4   165.9   181.9   278.4   308.6   323.6   335.1   346.7   364.9   391.0   442.7   672.9  1839.4  20000.0    19863
read      281.0    83.3   109.4   166.3   182.4   282.4   311.6   326.8   338.2   351.1   369.0   395.2   453.9   938.4  2379.7  19580.0    19488
read      275.4    67.9   118.1   172.0   187.3   276.8   303.4   316.7   326.6   338.3   352.6   374.0   432.3   850.1  1066.4  14171.0    14040
read      283.2    80.4   101.3   167.0   183.5   284.8   316.0   331.9   342.6   356.2   371.7   398.0   458.6   722.9  3006.9  19408.0    19538
read      284.0   130.9   101.3   166.1   182.4   284.3   315.7   332.3   343.4   357.3   372.5   398.8   453.4   772.8  7160.2  20212.0    20199
read      390.7   568.7    80.4   146.8   163.1   269.0   325.1   359.2   385.2   419.3   471.8   679.5  3346.3  6126.7  8133.8 106494.0   106657
read      269.4   146.4    86.8   138.6   152.1   242.4   303.5   335.7   357.2   380.9   409.6   454.8   572.7  1788.9  4351.7  92803.0    92457
read      266.3   108.1    86.8   138.7   152.3   243.0   302.5   334.6   356.7   380.7   408.8   452.1   547.1   910.3  1936.8  92892.0    92780
read      269.1   120.1    86.8   138.8   152.4   251.4   312.2   342.1   362.0   383.1   406.5   443.1   523.8   660.7  3789.9  68020.0    68203
read      265.9   102.7    86.8   137.7   150.8   244.9   306.8   338.2   359.1   381.7   407.9   448.7   538.5   722.5   995.3  81941.0    81753
read      277.4   115.0    86.8   142.4   157.3   265.0   325.8   353.6   371.5   390.7   412.8   444.7   508.1   642.0  1914.7  58095.0    57748
read      279.6    72.6   109.4   166.3   183.6   283.4   312.2   326.6   337.1   348.0   364.7   388.6   438.1   578.6  1731.2  21166.0    21027
read      283.7   113.9    86.8   142.8   157.5   273.9   329.9   357.9   376.6   397.5   425.1   467.5   548.7   729.6  1443.8  49622.0    49680
read      279.3   119.5    93.8   139.3   153.4   252.8   318.1   351.1   373.9   400.2   434.5   496.5   647.4   920.9  1274.8  81841.0    82042
read      270.6   120.0    86.8   141.9   156.1   249.3   307.4   338.4   360.1   383.8   411.2   454.4   545.1   743.9  2917.3  93619.0    93691
read      285.0    95.9    93.8   151.4   166.2   283.3   333.4   356.5   371.4   388.0   405.4   433.1   497.0   661.3  1554.0  45254.0    45291
read      291.0   105.6   101.3   163.8   180.1   295.5   331.2   348.0   360.5   373.1   391.1   415.1   461.8   759.9  4058.0  30451.0    30437
read      275.4   102.9    86.8   141.5   155.6   258.4   322.0   352.2   372.1   393.8   419.5   456.2   530.7   685.7  1039.5  67381.0    67422
read      273.3   107.2    86.8   140.6   154.8   255.5   318.4   349.1   369.1   390.8   416.1   451.9   523.3   670.4  2600.4  69891.0    69956
read      287.2    83.9   101.3   158.7   174.8   292.0   331.7   349.5   362.9   376.8   394.9   421.3   469.4   560.1   959.7  35682.0    35404
read      265.8   107.5    86.8   138.0   151.2   244.9   308.1   339.6   360.3   382.5   407.4   443.9   515.6   670.6  2886.8  79563.0    80225
read      260.6   115.2    86.8   137.9   151.3   236.5   292.7   323.1   344.5   368.2   396.0   434.5   530.8  1451.4  2648.0 105902.0   105585
read      278.7    85.0   101.3   165.4   181.5   281.5   310.5   324.6   335.5   346.3   363.1   386.5   436.0   746.0  3867.4  20313.0    20088
read      258.6    60.7   109.4   165.8   181.1   259.2   281.9   293.9   303.1   313.7   327.3   348.6   398.8   866.8  1009.0  12630.0    12672
read      271.3    88.3   109.4   165.8   182.0   271.7   297.9   311.4   319.8   332.3   345.5   370.2   419.7   931.5  2924.6  15363.0    15696
read      294.6   152.6   109.4   160.7   176.5   290.7   327.3   346.0   359.9   373.9   395.7   431.3   531.4  2288.9  7052.9  25973.0    25951
read      291.1   167.1    86.8   137.3   151.0   270.9   333.4   366.3   390.1   418.6   456.2   512.8   641.4  1078.6  7212.3  64823.0    65007
read      250.7    58.0   118.1   167.5   181.6   251.8   271.6   282.4   289.9   297.4   310.6   328.5   374.7   869.8   943.2  10292.0    10189
read      289.9   139.8    86.8   137.8   151.5   259.8   326.8   363.5   391.0   424.5   467.1   534.4   728.9  1178.5  1922.2  77982.0    78008
read      258.9    70.0   109.4   166.6   181.2   260.6   283.3   294.7   303.4   313.0   324.2   343.7   388.2   812.2  1466.2  12792.0    12678
read      263.1    81.3   109.4   164.3   179.2   264.2   289.5   302.9   312.1   321.4   336.4   356.7   401.0   760.0   938.3  15896.0    15922
read      293.2   112.4    93.8   149.5   164.6   286.5   337.4   362.4   379.4   399.7   428.4   469.4   569.4  1126.4  1741.7  41755.0    41774
read      284.8   103.5    93.8   149.1   163.8   281.3   327.3   351.3   367.5   386.2   408.6   448.5   526.5   938.4  1865.8  38654.0    38788
read      290.7   103.1    93.8   153.5   169.2   287.5   332.5   355.1   370.4   388.8   411.1   449.9   536.5   872.7  3027.5  34191.0    34559
read      283.3   115.1    93.8   139.9   154.1   269.6   329.3   359.5   380.0   402.7   434.0   482.3   568.7   687.3   963.5  54693.0    54825
read      286.8   116.6    93.8   146.0   160.9   279.9   330.6   356.3   373.3   393.2   419.2   460.2   543.3  1050.4  2811.6  42684.0    42697
read      261.9   103.0    93.8   166.0   181.9   261.0   283.9   295.3   304.5   314.4   327.5   348.0   400.6  1117.3  3200.8  12617.0    12669
read      287.1   130.7    86.8   136.2   149.8   264.6   327.6   361.8   386.4   416.9   459.9   522.7   660.1  1073.7  1558.3  69566.0    70047
read      297.2   239.8    86.8   138.2   151.7   243.9   302.0   335.1   359.2   388.2   428.7   551.4  1428.1  2399.2  7203.7  95741.0    96137
read      265.4   107.6    86.8   138.5   151.5   241.2   300.6   333.0   354.7   378.5   406.3   451.9   561.8   996.9  1346.2  92878.0    92934
read      275.8    86.5   101.3   163.7   179.8   277.5   307.8   322.6   333.8   345.0   361.0   382.2   433.0   613.1  2986.6  20827.0    20597
read      285.7   124.9    86.8   136.6   150.2   264.2   328.1   361.6   385.6   414.1   454.1   515.8   650.2   916.2  1510.3  66698.0    66597
read      287.1   133.5    86.8   139.3   153.1   271.2   332.0   363.3   385.1   410.1   443.8   499.1   609.2   858.0  1744.7  60239.0    59987
read      285.9   119.8    93.8   139.6   153.9   269.9   330.7   360.8   381.8   406.3   440.4   495.0   593.6   875.8  2149.3  58583.0    58456
read      285.3   157.1    93.8   138.6   152.6   266.7   328.0   359.3   380.5   404.4   437.1   489.9   593.2   849.1  5805.1  60019.0    59958
read      308.9   341.1    86.8   138.7   152.4   246.2   301.5   333.7   356.8   383.8   419.7   494.8  2310.7  3180.4  7933.9  98532.0    98221
read      280.9   112.6    93.8   143.4   158.6   271.9   329.7   356.3   373.4   392.9   415.5   446.8   507.6   686.1  2927.7  55869.0    55912
read      290.8    88.2    93.8   157.2   174.0   294.4   338.3   359.3   372.6   388.2   404.1   430.6   483.1   588.8   689.6  38959.0    39018
read      278.1    77.3   109.4   167.6   183.7   279.7   308.1   322.3   333.7   345.0   362.4   387.0   436.4   884.2  1905.4  18711.0    18747
read      295.8   176.0    93.8   140.9   155.2   273.3   334.6   366.2   388.4   414.8   451.2   506.7   655.1  2799.6  3943.6  59715.0    60013
read      279.2   164.3    86.8   135.9   149.4   244.0   309.0   342.8   366.9   394.4   430.7   504.2   792.5  1703.0  3690.6  85688.0    85584
read      265.9   139.7    86.8   137.7   151.3   242.6   303.1   335.5   357.4   380.8   407.5   446.1   532.8   747.3  6589.6  85081.0    84809
read      267.1   124.1    86.8   137.9   151.2   244.5   306.6   338.4   360.0   383.2   410.0   449.0   537.4   733.6  3901.0  85251.0    85435
read      272.3   130.8    86.8   139.3   153.3   245.4   304.6   336.7   359.0   384.0   414.3   462.0   641.8  1444.5  2488.1  94533.0    94907
read      276.9   102.7   118.1   169.5   187.1   276.9   303.1   316.0   325.4   337.0   350.3   372.4   432.1  1012.6  4218.1  16503.0    16437
read      296.5   183.2    93.8   138.0   152.0   262.9   328.9   364.3   390.2   423.5   468.5   546.2   778.8  2523.9  4658.3  78388.0    78505
read      273.4   131.3    86.8   140.1   154.4   253.9   314.8   345.7   366.1   388.1   414.0   452.2   534.7   779.5  5636.3  76872.0    77219
read      269.0   108.5    86.8   138.8   152.7   246.1   309.1   340.7   362.2   385.7   413.0   454.5   546.7   845.7  2351.5  85512.0    86414
read      267.5   109.4    86.8   138.5   151.9   249.4   312.4   342.0   361.4   382.2   405.2   439.5   509.2   632.5  3119.8  73467.0    73427
read      261.4   101.7    86.8   138.4   151.8   239.6   296.8   327.4   348.4   372.0   399.7   439.8   532.5   729.7  1149.7 100841.0   100497
read      262.3   120.6    86.8   137.7   151.1   239.4   297.6   328.8   350.0   373.5   400.4   438.4   529.6   785.8  4475.9  96602.0    96416
read      269.8   105.7    93.8   138.4   152.0   251.4   314.9   345.6   365.6   387.4   412.1   446.1   517.1   724.7  1607.0  71652.0    71637
read      288.9    98.3   101.3   159.5   176.0   294.9   333.2   351.2   363.1   375.0   391.7   413.3   459.8   536.1  4023.3  33200.0    33216
read      279.4   107.7    86.8   141.9   156.9   268.1   328.5   355.6   373.5   393.4   416.8   450.6   527.4   688.0  2382.1  58669.0    58699
read      281.2   101.9    93.8   146.8   161.4   274.5   330.5   356.5   373.2   391.5   412.4   442.4   504.3   618.6  1155.3  53765.0    53809
read      275.2   151.2    86.8   140.2   153.8   253.4   316.3   346.4   366.6   388.1   413.1   451.1   545.5  1433.6  5187.6  72866.0    72797
read      274.3   132.4    86.8   144.3   159.7   253.6   308.9   339.0   360.0   383.5   412.2   456.4   560.5   913.6  5873.1 107409.0   107267
read      280.4    97.9    93.8   144.8   159.9   271.4   330.7   357.7   374.6   392.9   414.3   445.4   508.4   624.7   740.9  55928.0    55877
read      271.2   103.2    93.8   139.1   152.9   252.9   315.5   346.0   366.8   389.2   415.0   452.1   527.6   646.1   869.1  70689.0    70507
read      285.6    94.1    93.8   150.3   165.4   284.3   336.0   359.6   374.7   391.0   408.8   435.1   493.0   635.2   968.7  46610.0    46741
read      290.2   115.5   101.3   158.0   174.3   292.9   335.0   355.3   368.4   383.8   401.2   427.4   472.9   620.8  6602.1  36365.0    36507
read      291.3    83.7    93.8   162.4   179.3   297.6   335.0   353.0   364.7   377.2   394.4   418.3   464.7   542.6  1012.1  30903.0    30697
read      288.4    88.3   101.3   166.8   183.9   295.2   326.2   341.2   351.8   364.3   378.2   399.6   439.5   533.4  3108.1  25183.0    25261
read      291.7   116.7   101.3   164.8   180.7   294.7   329.0   346.2   359.1   372.2   390.6   417.0   489.5   925.6  6647.7  25559.0    25212
read      287.7    99.7   101.3   151.8   167.5   286.6   331.4   354.2   369.8   387.8   408.3   439.9   506.5   626.6  2306.9  33910.0    33805
read      290.2   140.4    86.8   137.4   151.2   262.9   329.6   366.1   391.9   423.1   464.0   528.1   695.4  1299.5  2459.2  76065.0    76345
read      281.3   172.3    86.8   139.0   152.9   246.6   306.7   340.1   364.5   393.0   430.5   502.5   797.7  1668.2  5846.9  95302.0    95558
read      288.8   122.5   101.3   163.2   179.1   292.6   327.0   344.1   356.6   369.8   386.9   408.4   460.6   930.2  3721.4  28707.0    28428
read      281.3    75.8   109.4   165.1   181.4   284.8   315.1   330.7   341.2   353.9   369.1   394.1   441.1   702.8  1862.7  21663.0    21673
read      295.3   160.3    86.8   139.5   153.6   254.1   320.2   356.4   383.7   418.2   474.6   594.5   891.4  1443.5  2201.6  89161.0    89018
read      287.0   115.4    93.8   150.1   165.3   283.7   336.1   360.2   375.7   393.2   413.6   441.2   498.9   638.6  4176.1  47171.0    46753
read      290.4   130.9   101.3   159.8   175.7   293.9   333.5   352.5   365.5   379.9   397.4   424.6   482.5   667.1  1974.1  34157.0    34034
read      287.0   104.3    93.8   150.5   166.1   284.3   336.8   360.6   375.8   392.9   412.4   437.2   497.4   603.0  3344.6  46956.0    47329
read      280.7   100.3    86.8   143.5   158.3   271.0   331.8   359.0   376.5   395.8   418.6   449.9   509.4   667.3   895.8  56812.0    56893
read      289.8    96.4    93.8   155.8   172.5   292.5   336.5   357.4   370.7   386.7   403.8   431.0   483.7   558.7  2577.2  38338.0    38690
read      278.1   146.1    86.8   139.4   153.4   252.5   316.1   347.2   368.9   392.7   421.5   464.2   608.4  2026.9  3432.9  79330.0    79988
read      286.2   193.2    86.8   146.3   161.8   257.5   313.2   343.1   364.5   389.0   420.1   468.5   643.9  2883.1  7266.8 107923.0   107429
read      287.9    95.3    93.8   153.9   169.9   288.3   335.8   357.7   371.9   388.3   405.6   432.6   491.9   679.6  1977.7  43081.0    43713
read      268.6   108.8    86.8   138.3   152.0   249.2   310.9   341.9   362.9   385.4   410.9   449.0   525.8   672.5  2854.0  76261.0    76624
read      276.4   107.2    86.8   141.0   155.2   257.7   322.7   354.0   374.2   396.6   423.0   460.2   540.2   737.8  1599.6  71442.0    71700
read      288.2    93.9    86.8   154.0   169.8   291.0   336.4   358.0   371.8   387.7   404.1   432.1   485.1   580.1  1606.6  40859.0    40703
read      266.2   106.9    86.8   138.7   152.2   243.9   302.8   335.0   357.2   381.3   409.3   452.7   546.6   781.1  1637.0  95336.0    95489
read      281.2    87.7   109.4   169.8   186.6   283.8   311.1   324.7   335.3   346.0   362.6   385.7   435.3   839.8  4776.4  18565.0    18531
read      346.6   450.5    86.8   142.8   158.0   257.1   313.3   345.2   369.3   398.9   440.9   553.4  2899.9  4128.7  8017.2  98885.0    99369
read      286.4   153.8   101.3   161.4   177.2   290.4   324.9   341.2   352.5   365.2   380.1   401.6   451.7   607.2  7950.1  29407.0    29286
read      284.0    94.8    93.8   151.0   165.7   284.3   332.1   353.6   368.0   384.4   402.7   432.0   493.1   593.7  1671.5  43112.0    42988
read      271.5   131.4    86.8   138.0   151.4   252.3   315.9   345.8   365.7   387.4   412.8   450.1   532.2   690.7  4408.5  69365.0    69249
read      256.0   103.3   118.1   168.5   182.4   252.0   272.5   283.9   291.5   300.3   313.7   334.1   390.3  1961.9  3136.6   7987.0     7889
read      282.3   116.3    93.8   139.4   153.6   270.0   328.4   357.1   376.6   399.6   429.4   473.0   564.0   767.8  2742.3  51400.0    51783
read      286.3   125.3    93.8   148.1   163.2   283.1   331.3   355.5   371.8   390.1   411.9   447.8   519.3   854.8  2010.8  38611.0    38634
read      281.5   141.9    86.8   139.6   153.5   251.9   315.3   348.4   371.9   397.9   432.5   493.8   710.7  1506.1  1901.4  86936.0    86204
read      274.9   111.3    93.8   144.7   160.0   254.2   309.3   339.3   360.5   384.2   413.0   458.0   574.8  1101.4  2167.5 109726.0   109534
read      285.0   109.0    93.8   150.5   165.5   285.2   334.4   357.1   371.6   387.9   404.8   433.0   490.9   578.6  5581.7  45229.0    45136
read      275.4    99.6    86.8   140.9   155.5   264.9   324.5   352.9   370.4   389.6   411.4   441.7   504.1   610.4  1497.2  59967.0    59949
read      276.1   113.4    86.8   140.7   155.6   262.9   322.6   350.6   368.5   388.3   411.3   446.1   526.7   755.6  3538.0  61548.0    61681
read      271.3   112.3    86.8   138.8   152.3   251.2   313.7   344.9   366.0   388.8   415.1   452.9   538.8   868.0  2221.8  76247.0    76329
read      283.9   128.2    93.8   150.0   164.9   282.1   331.6   353.2   367.5   383.5   401.1   429.3   486.8   689.9  7122.3  44491.0    44322
read      282.0    93.7   109.4   167.0   183.1   284.8   314.1   328.9   339.2   350.8   366.8   391.0   443.5   915.2  1494.1  20830.0    20698
read      287.6   143.8    93.8   139.8   153.8   255.2   320.5   355.9   380.5   408.9   449.9   524.9   800.1  1173.6  2128.8  84357.0    84853
read      267.5   105.2    86.8   138.3   151.3   247.0   309.7   341.1   362.2   385.0   411.2   450.8   536.5   687.1   979.5  76127.0    75889
read      262.8   160.3    86.8   136.9   150.4   238.8   295.5   326.3   347.6   371.8   399.9   440.6   540.5   800.0  6993.2  98101.0    98396
read      279.9   100.9    86.8   143.6   158.8   271.3   329.8   356.9   374.0   392.7   414.6   445.4   507.7   641.4  1571.1  53820.0    53818
read      285.0   115.2   101.3   161.9   177.8   287.7   321.0   337.9   349.0   362.7   377.6   401.0   456.3   912.9  3949.6  26183.0    26200
read      290.1   125.6    93.8   140.1   154.4   274.7   334.9   365.7   387.0   411.2   444.4   495.8   612.9  1172.4  2119.5  54640.0    54761
read      263.3    68.0   118.1   168.3   184.0   262.2   285.8   297.3   307.1   316.9   332.1   355.5   408.2   969.7  1472.1  12260.0    12268
read      288.8   127.8    93.8   141.7   156.0   273.9   334.3   364.5   384.6   406.3   436.5   484.0   586.7  1241.8  2988.0  52147.0    52324
read      321.8   401.5    86.8   141.1   156.2   252.9   307.8   339.0   361.7   388.5   424.2   495.6  2575.8  4215.3  9265.1 106240.0   106440
read      252.4    73.9   109.4   171.7   186.2   251.2   269.3   278.9   286.5   294.1   306.0   321.2   387.4   986.9  3571.1   7122.0     7154
read      273.1   119.7    86.8   137.5   150.9   246.5   310.8   344.2   367.3   393.4   427.1   481.6   621.9   883.2  1941.5  86315.0    87362
read      287.6    92.8    86.8   151.8   168.1   287.1   336.8   359.5   374.1   390.7   409.0   435.3   497.9   631.9   894.9  43903.0    43716
read      285.8    77.5   101.3   162.9   179.2   290.5   324.6   340.8   352.2   365.6   381.6   403.0   459.1   708.5   934.0  26745.0    26737
read      295.0   137.9    93.8   150.6   165.3   285.8   336.0   361.9   379.4   399.1   427.0   469.3   574.9  2205.1  3059.7  41608.0    41596
read      282.2   131.2    86.8   138.6   152.1   252.7   317.8   352.4   377.0   405.4   445.3   508.1   704.2  1150.3  1909.5  85306.0    85490
read      268.1   105.1    86.8   138.1   151.6   248.6   311.7   343.2   363.8   385.9   411.2   447.7   521.7   659.1  2073.0  77781.0    77612
read      272.1   116.3    86.8   139.4   153.3   250.2   313.1   344.9   366.0   388.8   415.7   455.4   545.8  1016.3  3042.0  77665.0    78124
read      274.3   113.1    93.8   140.2   154.6   257.0   320.0   349.5   369.1   390.2   415.0   451.7   532.4   688.3  2774.0  69867.0    69632
read      289.7   102.2    93.8   157.5   173.6   291.7   335.5   355.6   368.5   383.5   400.7   427.6   480.8   707.9  3775.6  39439.0    39180
read      272.5    72.3   109.4   169.3   185.3   273.1   300.1   313.0   321.1   333.9   346.7   370.4   422.9   874.4   996.9  15841.0    15803
read      286.6   147.3   101.3   151.1   165.9   282.4   328.3   351.8   367.9   385.9   405.6   442.3   515.4   772.3  7885.5  36831.0    36987
read      278.2    76.1   109.4   165.9   182.5   279.8   309.1   323.6   335.2   346.8   364.6   390.2   450.4   664.7  1988.7  19559.0    19833
read      290.7   173.6    93.8   146.0   161.2   281.1   334.8   361.5   379.5   400.3   428.0   469.3   557.9   765.4 10438.4  46435.0    46567
read      283.6   115.1    86.8   138.9   153.1   268.5   329.1   360.0   381.5   404.9   436.5   486.1   576.7   758.8  2046.8  57543.0    57368
read      285.9   106.2    93.8   151.4   166.4   283.4   328.8   351.6   366.9   384.1   403.5   436.6   508.6   814.8  3909.0  36170.0    36003
read      287.0   127.0    86.8   138.3   152.1   265.0   328.6   362.6   386.4   414.7   453.0   508.5   637.3  1015.2  2203.5  68730.0    68916
read      280.2   174.1    86.8   138.1   151.6   247.1   309.7   343.8   367.4   394.7   430.8   493.5   708.1  2363.5  4362.3  92907.0    93229
read      283.9   101.0    93.8   149.3   164.2   279.9   332.8   357.0   372.3   390.1   410.4   440.1   505.9   650.6  2637.5  46505.0    46632
read      264.4   150.9    86.8   137.2   150.4   238.6   297.3   329.7   351.2   374.6   402.5   446.1   555.7  1237.5  7900.9  93710.0    93663
read      265.2   101.2    86.8   140.6   154.8   243.9   299.5   330.3   351.8   375.5   403.4   446.6   541.9   780.3  1015.7 106769.0   106418
read      277.2   113.8    93.8   141.3   155.6   263.4   325.0   353.9   372.4   392.9   417.0   451.5   520.3   634.4  3890.0  60219.0    60496
read      265.7   107.2    86.8   140.2   154.4   243.6   299.4   329.8   351.1   375.0   403.0   446.2   546.5   839.3  2230.6 108992.0   109057
read      268.2   106.4    86.8   140.5   154.6   246.8   305.5   336.7   358.0   381.4   409.6   451.9   545.0   738.7  1787.1  97074.0    96861
read      264.4   103.7    86.8   136.8   150.4   241.9   303.6   335.8   357.3   380.3   406.5   447.4   535.8   725.5  1811.9  86495.0    86255
read      286.0    90.7   101.3   165.5   181.2   290.9   323.5   339.2   349.6   362.5   375.9   400.0   454.8   586.9  3902.8  25598.0    25686
read      276.6    66.5   118.1   167.7   184.3   280.5   307.4   320.2   330.6   341.4   356.4   377.7   428.8   624.2   936.7  17770.0    17483
read      290.4   121.4    93.8   158.3   174.2   290.1   330.1   350.2   364.2   379.6   399.6   430.7   505.8   777.4  5043.1  29049.0    29211
read      297.4   147.7    86.8   141.2   156.0   277.1   338.7   371.0   393.2   419.8   455.7   510.7   669.1  1956.6  2748.2  55565.0    55328
read      279.9   173.9    86.8   138.1   151.6   248.7   311.6   345.7   369.1   396.4   432.0   494.7   694.5  1562.0  7761.5  87583.0    87592
read      287.0    86.5   101.3   168.4   185.0   291.9   321.4   337.5   347.9   361.4   375.3   399.2   447.1   594.5  2123.7  24006.0    23882
read      288.4   106.0    93.8   146.1   161.5   281.5   335.0   361.6   379.6   399.9   426.1   465.8   550.0   680.1  1363.0  44532.0    44790
read      259.2    60.4   118.1   166.9   182.4   260.4   282.4   293.5   301.9   312.0   323.0   343.8   396.4   900.0   939.1  12433.0    12236
read      287.6   105.1    86.8   149.4   164.0   282.2   332.5   358.3   375.3   395.2   420.1   458.3   537.5   670.1  2512.5  42806.0    42928
read      353.6   449.4    86.8   143.2   158.4   258.7   315.0   348.6   374.0   406.6   457.6   614.1  2801.3  3555.9  8004.3 103974.0   103959
read      273.2   121.4    86.8   142.5   156.9   249.0   306.9   338.2   359.7   383.7   412.9   458.8   591.4  1409.0  2499.0  97357.0    97347
read      270.8   103.5    93.8   139.1   153.0   253.2   317.4   347.6   367.4   388.5   412.5   446.6   509.6   636.8  1854.7  68946.0    68379
read      266.5   124.6    93.8   138.4   151.8   242.1   301.9   334.1   356.1   380.2   408.6   453.0   557.3   912.9  3595.8  92477.0    92596
read      255.3    61.3   118.1   169.9   185.1   255.5   275.6   287.6   295.0   305.0   316.2   335.8   374.2   906.5  1882.7  10229.0    10055
read      284.1   103.7   101.3   155.5   171.0   283.9   323.8   343.8   357.9   372.5   392.3   420.8   477.1   778.3  3428.8  29589.0    29634
read      253.0    68.9   101.3   167.8   182.4   252.8   273.7   284.7   291.8   299.9   312.7   331.6   374.4   926.7  2148.5   9433.0     9324
read      291.2    95.0    93.8   156.2   172.6   291.9   333.6   355.4   369.7   386.5   404.4   435.7   502.7   734.9  2118.1  30019.0    30076
read      309.0   330.5    86.8   138.9   153.2   248.1   305.3   337.9   361.5   389.4   427.5   508.1  2270.8  2981.4  7939.0  99763.0   100150
read      284.5   107.6   101.3   163.3   179.8   290.1   321.0   336.5   346.3   359.8   373.7   397.3   441.8   569.7  6022.4  27503.0    27527
read      263.7   102.2    86.8   138.2   151.7   241.9   300.8   332.1   353.4   376.8   404.3   446.9   537.3   731.7  1268.1  94867.0    95171
read      287.6   106.2    93.8   153.4   169.2   292.1   335.7   356.1   369.3   384.5   401.0   427.1   471.8   563.0  1881.4  40323.0    40523
read      254.9    56.9   118.1   166.5   181.4   256.4   278.2   289.3   296.2   306.5   317.6   337.2   378.4   840.3  1174.4  11593.0    11422
read      245.6    78.4   109.4   164.6   178.1   244.4   264.8   275.0   283.8   292.7   305.1   321.6   364.3   895.3  3932.9   9199.0     9200
read      286.8   120.6    93.8   145.4   160.2   279.5   330.7   356.2   373.4   394.5   421.7   464.4   556.9   923.2  2017.1  42608.0    42816
read      249.1    81.9   101.3   164.1   177.5   247.8   268.4   279.0   287.5   295.9   309.4   328.2   378.0  1233.3  2027.1  10642.0    10698
read      274.2    83.2    93.8   161.0   175.8   276.5   308.2   323.5   335.0   346.6   364.2   388.5   436.8   559.0  1083.8  22036.0    22301
read      289.0   113.7    93.8   145.1   160.1   278.5   334.1   362.3   381.6   402.7   433.8   480.5   574.4   786.3  1912.1  48265.0    48159
read      286.7   110.3    93.8   149.8   164.0   281.6   330.3   354.3   370.7   389.9   413.7   453.9   533.6   893.1  2287.6  40046.0    39987
read      286.2   166.5    93.8   151.9   166.8   282.2   323.8   344.1   359.5   376.1   397.3   429.6   507.2  1438.5  8082.7  32810.0    33067
read      285.4   117.8    93.8   138.0   152.1   269.4   330.7   362.2   384.4   410.3   447.1   500.0   594.3   770.4  1798.7  62484.0    62704
read      284.0   115.4    93.8   142.2   156.5   272.3   330.0   359.5   378.9   400.0   429.0   470.5   558.5   833.6  2523.6  53338.0    52778
read      293.3   226.7    86.8   138.1   151.3   259.0   324.9   359.2   383.6   413.1   453.9   523.1   750.2  2717.6  9771.5  76078.0    75981
read      268.7   108.6    86.8   137.8   151.3   247.9   311.7   342.8   363.5   385.9   411.7   450.2   540.3   805.8  1821.9  74584.0    74522
read      266.6    77.8   101.3   166.9   181.9   268.0   293.8   306.5   314.7   323.9   337.9   358.0   403.3   935.8  2894.4  14435.0    14533
read      237.2    61.1   118.1   164.3   176.7   235.0   253.1   263.5   270.4   278.7   290.8   310.0   365.1   907.6  2109.1   5566.0     5566
read      276.6   116.2    86.8   138.5   152.6   252.8   317.7   349.9   371.9   396.5   427.6   477.6   615.5   857.2  1831.2  77424.0    78062
read      263.5   102.7    86.8   137.1   150.2   243.1   304.0   335.2   356.0   378.3   403.9   441.8   520.8   674.4  1008.8  82682.0    82399
read      277.6   153.6    86.8   144.2   159.6   254.5   309.2   339.0   359.9   383.6   412.9   458.0   580.0  2187.9  5370.5 108219.0   108638
read      266.6   104.7    86.8   139.2   153.1   246.3   304.9   336.2   357.3   380.1   406.0   446.0   535.4   718.6  1487.8  94217.0    93541
read      285.8    95.2    93.8   150.4   165.0   284.7   335.7   359.3   374.6   391.3   409.9   436.5   498.1   650.1   893.2  47188.0    47145
read      269.2   124.4    86.8   142.3   157.0   247.7   302.9   332.8   353.6   376.4   404.3   448.3   545.8  1037.3  3242.2 109612.0   109796
read      279.6    77.8   101.3   161.7   177.3   286.4   316.2   331.4   341.4   353.6   368.3   390.9   434.5   573.2  2277.6  26731.0    26597
read      245.8    65.2   127.6   167.7   180.2   244.2   264.2   274.1   282.3   291.0   302.0   318.8   370.0   921.0  2833.9   7165.0     7034
read      298.1   215.3    86.8   139.8   153.7   262.3   326.6   359.9   383.4   411.4   451.9   532.5   876.5  3346.7  7089.3  72025.0    72616
read      262.5    69.3   109.4   167.8   183.1   263.3   287.1   299.2   308.5   317.8   331.8   350.5   395.8   922.9  2018.5  13645.0    13584
read      270.6    83.0   101.3   162.5   177.5   272.5   299.7   313.8   323.3   336.3   351.0   373.2   425.9   899.3  2570.1  19791.0    19750
read      387.3   537.9    86.8   150.6   168.1   277.7   332.5   367.0   395.1   431.6   490.5   640.1  3388.9  5653.6  8043.0 109331.0   109139
read      269.9    63.0   118.1   169.2   185.8   273.4   297.9   311.0   319.2   330.3   342.4   363.8   403.6   476.4  1679.2  15181.0    15150
read      288.4   138.3    86.8   137.2   150.9   262.9   329.2   364.8   390.5   422.1   463.5   527.0   659.2   944.8  2523.7  74435.0    74389
read      278.7   123.7    93.8   138.1   151.7   250.2   314.5   348.2   372.4   400.2   436.9   504.1   682.7   961.7  1231.7  87270.0    87266
read      265.4   125.7    86.8   140.1   154.2   243.9   298.3   328.5   349.4   372.8   401.1   445.3   545.3   889.9  2235.7 107960.0   108170
read      275.7   110.0    86.8   146.6   161.3   254.8   311.4   341.8   363.5   387.5   416.5   460.4   560.9   954.8  1901.7 103752.0   103631
read      287.9   110.6    86.8   151.5   166.6   285.7   335.9   358.8   373.3   390.2   408.9   436.8   503.8   889.0  3210.8  44454.0    44587
read      273.0   102.6    86.8   139.9   153.9   256.2   318.8   348.8   368.4   389.8   414.6   449.8   525.3   675.6  1130.1  66626.0    66411
read      267.0   148.9    86.8   138.4   151.6   242.6   303.0   334.6   355.8   378.7   405.0   446.5   542.7  1048.1  6738.4  89273.0    89167
read      287.1    91.2   101.3   157.3   173.2   291.8   332.5   351.4   364.1   377.6   394.9   420.0   468.9   588.6  1869.5  35877.0    35723
read      268.5   118.1    86.8   139.7   153.3   246.3   308.4   340.0   361.0   383.8   411.0   452.1   541.7   740.3  1410.3  85664.0    85827
read      267.1   107.1    86.8   136.6   150.3   244.6   309.3   341.4   362.8   386.0   412.8   451.9   535.5   728.0  1893.7  78464.0    78806
read      271.0   177.7    86.8   140.1   154.0   247.0   307.1   338.3   360.0   384.0   411.7   453.3   543.3   849.3  9498.3  89621.0    89641
read      268.6    83.8   109.4   167.7   183.2   269.6   295.4   308.5   316.7   327.3   340.7   361.7   408.1   910.5  1973.6  14191.0    14186
read      284.9   138.8    93.8   140.9   155.1   270.2   329.8   359.5   379.4   400.8   432.3   481.8   575.6   832.2  4036.8  52306.0    52308
read      284.7   118.7    86.8   138.9   152.8   269.4   329.3   360.7   382.1   405.9   438.4   488.5   589.1   799.7  2411.0  57026.0    56743
read      287.3   140.3    93.8   150.2   164.8   283.3   331.4   354.0   369.3   387.3   408.1   442.4   511.1   679.5  7065.2  38439.0    38302
read      292.1   172.3    86.8   136.0   149.9   263.1   328.9   363.3   387.9   417.9   458.4   517.6   695.6  2348.5  3431.0  71563.0    71662
read      288.3   127.9    93.8   152.5   167.8   284.1   329.8   353.5   369.4   387.2   406.7   436.4   509.6  1151.3  4798.9  36072.0    36015
read      289.0   126.0    86.8   138.8   152.8   269.5   332.2   365.6   389.6   418.3   455.5   509.3   633.8   968.0  1963.4  64864.0    65048
read      294.6   182.2    86.8   137.7   151.6   263.8   329.5   365.9   392.3   424.9   468.2   535.0   731.8  1687.0  7748.7  72951.0    72989
read      289.8   134.7    86.8   138.2   151.8   262.9   329.8   365.8   392.4   423.8   464.5   529.9   676.8  1150.9  2324.4  76254.0    76390
read      285.7    97.3    93.8   162.8   178.5   286.6   320.7   338.2   350.0   364.5   381.7   406.7   471.7   918.1  2538.8  24266.0    24409
read      275.7   121.2    86.8   137.5   150.8   249.4   312.7   346.2   369.2   395.4   429.8   488.9   644.9   978.4  1855.1  85434.0    85530
read      244.9    70.0   109.4   165.9   178.8   243.5   263.3   273.0   280.8   289.7   299.7   316.9   366.6   941.5  2600.5   8309.0     8346
read      284.5   123.2    86.8   137.4   151.0   262.5   326.3   360.4   384.8   413.4   450.9   505.9   631.5   932.1  1471.0  69411.0    69627
read      287.6   154.8    93.8   137.8   151.5   263.8   326.7   360.8   384.9   413.4   452.9   509.3   639.5  1452.2  5687.0  70026.0    70266
read      278.6   157.9    86.8   138.1   151.9   247.5   309.2   342.9   366.5   393.1   427.8   492.0   691.3  2273.0  3745.5  89671.0    89525
read      276.0   150.3    86.8   139.6   153.5   254.6   318.7   349.9   370.5   393.2   420.0   458.5   545.5   865.7  6453.1  71175.0    70975
read      287.0   115.1    93.8   149.8   164.7   285.0   336.4   360.7   376.5   394.0   414.4   441.4   500.7   622.1  4493.0  46404.0    46633
read      275.7    80.9   101.3   168.1   184.3   277.7   305.6   319.1   329.6   340.7   355.4   374.5   424.4   872.9  3063.6  17039.0    16963
read      401.5   539.0    93.8   152.8   171.1   297.4   353.5   384.3   407.1   438.4   493.5   758.1  3360.3  5365.3  8151.4 109246.0   109556
read      261.9   106.4    86.8   136.4   149.9   240.0   299.1   330.4   351.7   375.4   402.5   441.3   536.3   759.9  2760.4  91041.0    91124
read      280.7    99.0    93.8   145.4   160.7   275.6   330.4   355.3   371.2   389.1   409.2   438.7   504.1   634.8  1932.0  51691.0    51505
read      266.4   109.2    86.8   139.0   152.8   244.8   303.7   334.8   356.1   379.9   408.0   450.3   539.7   765.0  2135.3  93956.0    93804
read      278.7   100.2    93.8   143.6   158.6   268.6   328.6   355.7   372.8   391.6   413.4   445.2   505.4   592.4  1939.7  58623.0    58474
read      286.9   115.3    93.8   152.1   167.8   285.5   333.1   354.5   368.6   384.7   402.5   430.7   489.7  1161.0  3867.1  43559.0    43487
read      277.6   103.3    93.8   142.0   156.4   265.4   326.9   355.3   373.4   393.4   416.6   449.0   518.2   727.3  1488.7  62291.0    61792
read      283.1   155.0    93.8   143.5   158.4   268.0   328.9   356.5   374.3   393.7   416.5   449.0   516.3  2355.2  4244.2  59400.0    59548
read      286.7   102.0    93.8   151.3   166.8   288.4   336.9   358.6   372.3   388.5   405.5   432.8   489.2   575.9  1822.6  43611.0    43635
read      287.3    76.0    93.8   165.2   181.6   294.4   327.5   342.9   354.2   366.6   381.8   402.5   449.3   536.6   917.2  27498.0    27536
read      288.2    97.3    86.8   151.0   167.0   288.8   338.1   360.0   373.9   390.4   408.6   436.0   500.1   630.6   925.5  42561.0    42828
read      268.8   162.7    86.8   141.3   155.9   245.9   301.6   331.1   351.5   374.4   402.5   447.4   566.9   940.5  8897.1 109370.0   109424
read      266.9   104.1    86.8   137.8   151.2   246.4   310.1   341.2   361.6   383.3   408.0   445.5   528.7   680.4  1636.0  78520.0    78273
read      279.9   117.7    93.8   143.0   158.1   267.8   328.8   356.5   374.0   393.4   416.3   449.5   509.4   639.2  3767.9  60150.0    60279
read      291.1    94.6   101.3   159.3   175.6   296.6   336.1   355.3   368.0   382.4   398.6   424.4   473.2   717.3  3168.9  35283.0    35178
read      277.4   118.9    86.8   140.8   155.4   259.5   323.3   353.6   373.8   395.8   421.4   457.8   534.5   770.7  3997.6  67361.0    67279
read      274.6   120.7    86.8   139.8   153.7   251.1   314.8   346.7   367.7   390.8   418.1   459.1   587.2  1173.5  2643.5  81077.0    80752
read      290.2   129.9   101.3   158.6   174.6   294.0   333.6   352.4   364.7   378.0   395.3   420.0   466.0   641.1  6614.1  35201.0    35012
read      252.0    74.4   109.4   168.7   182.1   250.7   270.8   281.8   289.7   297.8   310.9   328.2   375.3   988.3  3039.9   8030.0     7936
read      245.8    64.2   109.4   164.3   178.2   244.9   264.8   274.4   282.9   291.9   303.5   319.1   369.0  1287.6  1376.4   8640.0     8578
read      271.1   114.9    86.8   137.0   150.5   244.9   307.9   341.0   363.7   389.5   422.7   476.3   625.1   863.0  1451.7  89112.0    89696
read      240.5    64.3   109.4   166.7   178.1   239.5   258.2   268.6   275.0   284.8   294.8   314.1   368.8   864.0  3098.3   5593.0     5569
read      285.5    82.2   101.3   161.1   175.9   287.4   323.7   342.4   355.9   370.7   390.0   418.4   483.7   694.8   987.4  26726.0    26905
read      284.5   107.7    93.8   146.3   161.1   276.8   329.8   355.8   372.9   392.7   417.9   458.6   542.3   747.0  1835.5  42499.0    42389
read      281.7   128.0    86.8   137.8   151.5   253.0   317.3   351.5   375.5   403.9   445.2   517.9   706.7   941.0  1513.8  84419.0    84689
read      280.5   119.1    93.8   144.4   159.3   268.3   328.6   356.0   373.7   393.4   416.4   449.2   520.7   744.0  4827.5  59688.0    59305
read      283.6    91.8    93.8   151.1   165.8   284.0   332.9   354.8   369.0   385.1   402.4   430.2   483.9   580.5   963.7  44635.0    44512
read      271.7   132.1    86.8   139.5   153.4   253.2   314.5   344.5   364.2   385.5   409.9   446.7   522.6   784.7  6033.8  72498.0    72395
read      268.9   101.2    86.8   138.7   152.1   250.9   313.3   343.1   363.6   385.5   410.1   446.3   522.8   667.8   909.3  74455.0    74619
read      274.5   101.8    86.8   140.9   155.1   259.4   323.0   351.9   370.4   390.8   414.4   448.0   513.5   626.8   755.7  66594.0    67302
read      280.3   102.6    80.4   142.7   157.4   269.2   330.5   358.4   376.5   395.8   419.3   452.6   514.9   655.5  1712.6  57813.0    57822
read      255.2    56.4   118.1   171.3   185.6   255.5   275.3   286.8   294.0   303.2   314.2   331.2   373.6   886.6  1344.8   8066.0     8117
read      348.2   453.5    86.8   142.4   158.1   264.7   321.3   353.9   377.9   408.2   454.5   573.1  3289.3  4965.1  8035.7 105177.0   106178
read      285.8    81.1   101.3   165.9   182.4   292.9   322.7   337.9   347.6   360.9   374.2   397.4   435.8   534.0  2881.0  25040.0    25089
read      276.1   135.0    86.8   141.1   155.4   257.0   319.0   349.2   369.4   391.5   417.1   453.4   530.7  1213.2  6992.5  68439.0    68848
read      273.1   153.3    86.8   140.8   155.1   246.9   305.4   337.4   359.3   383.3   412.7   459.3   615.0  1441.7  7359.5  98504.0    98941
read      266.9   105.9    86.8   137.4   151.1   245.4   307.4   339.5   360.7   383.3   409.2   449.1   541.1   740.0  1350.8  77569.0    78157
read      273.9   144.4    86.8   142.7   157.1   249.9   305.8   336.1   357.3   381.4   411.2   459.4   590.1  1364.0  5198.7 109815.0   109857
read      268.4   113.4    86.8   141.7   156.3   246.8   301.9   332.3   353.6   376.9   404.8   450.4   553.4   867.4  3141.8 108870.0   108875
read      263.7   104.3    93.8   137.1   150.8   241.3   303.5   335.3   356.6   379.5   405.2   444.6   526.4   689.2  1373.6  86168.0    86646
read      265.8   101.6    86.8   138.4   151.8   244.1   306.5   338.3   359.7   382.8   409.2   446.9   531.9   679.8   855.8  83721.0    83239
read      278.8   105.5    86.8   145.1   160.3   272.6   328.1   352.4   368.1   385.6   404.5   434.3   497.9   690.5  2110.2  50991.0    51061
read      265.7   102.3    93.8   139.0   152.6   243.0   304.2   336.4   358.2   381.9   409.7   450.7   536.2   703.2  1073.8  89637.0    89906
read      277.5   107.4    93.8   143.4   158.3   266.9   326.1   353.3   370.9   390.0   411.4   440.8   503.1   637.3  3585.8  56387.0    56601
read      270.3   102.5    86.8   139.1   152.8   252.5   314.7   344.8   364.8   386.4   411.4   448.8   530.0   690.0   851.2  71435.0    71203
read      267.2   121.4    86.8   139.0   152.5   243.1   303.0   334.5   356.2   379.8   408.0   452.1   561.7  1013.7  2942.5  95879.0    95942
read      272.4   116.5    86.8   138.8   152.6   252.8   317.9   347.2   367.2   388.6   413.5   451.5   544.3   853.1  2429.7  71489.0    71622
read      266.9   131.4    86.8   138.2   151.7   240.8   300.5   332.4   354.5   378.8   407.3   450.6   564.6  1430.0  3952.2  97706.0    97182
read      291.5   120.6   109.4   164.4   180.7   296.8   330.7   347.0   359.1   371.2   388.3   410.5   457.1   585.2  6127.2  27907.0    27718
read      289.4   138.5    93.8   148.8   164.2   283.1   336.6   360.8   376.1   393.3   413.4   442.0   514.7  1640.5  3478.5  46627.0    46519
read      266.5   106.3    93.8   137.3   150.7   243.9   306.3   338.1   359.7   383.3   411.3   453.4   549.7   741.3  2093.7  83012.0    83197
read      271.2   106.2    93.8   140.7   154.8   250.9   312.8   344.4   365.9   389.1   416.1   455.3   537.0   675.5  1783.6  79316.0    79080
read      272.1   101.7    86.8   140.0   153.8   254.3   316.9   347.9   368.2   390.1   415.6   452.6   528.4   648.8   743.3  69164.0    69401
read      284.4   106.9    93.8   149.7   164.3   282.8   333.1   356.6   371.8   388.8   407.2   434.6   497.6   626.1  3163.0  45782.0    45684
read      278.5    72.7   109.4   167.9   184.4   281.3   309.0   322.1   332.7   343.3   359.7   383.4   434.7   894.8  1914.1  18135.0    18120
read      276.0    85.3   101.3   161.4   177.2   278.5   309.9   324.9   336.0   347.3   364.9   390.3   451.5   631.7  2019.1  21176.0    21245
read      285.8   114.9    93.8   147.6   162.6   280.9   330.4   354.2   370.3   388.9   410.9   447.1   518.8  1185.3  3364.6  39036.0    39039
read      288.8   134.5    86.8   137.3   150.9   268.1   331.8   366.0   390.3   418.9   456.3   510.7   639.1  1068.2  2487.1  67286.0    67458
read      290.1   124.6    93.8   146.2   161.5   283.6   335.4   362.0   380.6   401.1   429.2   468.2   544.1   688.8  4185.4  43010.0    42773
read      279.4    79.8   109.4   161.9   178.2   280.8   311.9   328.0   339.2   352.1   368.6   394.9   462.4   925.1  1373.8  20890.0    20690
read      291.9   145.2    86.8   139.6   153.7   272.1   333.5   367.0   391.2   420.1   457.7   512.2   648.0  1130.0  4691.5  63275.0    63440
read      291.7   117.8    93.8   147.2   162.6   287.2   337.7   363.2   380.6   400.4   427.6   466.9   546.0   890.6  1729.5  41294.0    41615
read      311.0   268.8    86.8   141.4   156.6   255.5   317.6   353.1   379.6   412.4   463.6   600.1  1315.1  3222.1  7713.4  97681.0    97229
read      267.0   118.6    86.8   138.3   151.8   244.9   305.4   337.3   359.0   382.6   411.0   452.3   534.2   692.7  3714.0  86019.0    86249
read      281.4    82.8   109.4   167.3   184.1   284.3   313.0   327.4   337.7   348.5   364.5   387.3   432.7  1081.3  2315.0  20705.0    20807
read      333.4   367.9   101.3   165.1   183.3   309.7   350.3   371.1   386.6   402.9   431.0   486.5   997.0  8337.3 10714.2  26261.0    26130
read      303.0   132.4    93.8   161.1   177.3   302.3   343.9   365.7   381.0   398.6   422.1   457.7   542.1  1152.7  2768.5  30624.0    30510
read      302.5   116.0    93.8   150.8   166.5   293.4   348.2   376.4   396.8   421.9   455.2   504.2   602.0   747.7  1474.8  44028.0    43868
read      307.6   146.1    93.8   146.5   161.6   288.0   352.0   386.5   410.6   440.4   479.5   541.1   672.2  1034.2  3841.7  55244.0    55324
read      295.6    92.3   109.4   170.8   187.9   296.9   330.4   347.2   359.8   372.5   391.4   420.2   484.4   635.7  3911.5  20617.0    20437
read      269.7    71.0   118.1   175.1   193.6   266.9   290.4   303.3   312.9   323.2   339.7   365.8   431.4   912.1  3002.7   9585.0     9548
read      275.9    69.5   118.1   175.2   192.7   276.2   300.7   314.0   322.7   335.4   348.8   369.8   422.4   911.0  2005.1  12103.0    12101
read      299.8   141.2    86.8   141.3   155.7   272.1   339.0   376.2   403.6   438.3   482.8   550.5   725.4  1059.6  1968.9  71525.0    72073
read      290.7   125.4   101.3   163.6   180.8   292.5   324.6   341.4   353.6   367.7   386.1   413.5   479.2   854.5  7240.7  21181.0    21310
read      381.3   396.7    93.8   147.8   164.1   280.2   344.3   382.9   412.8   456.5   552.8  1221.1  2163.9  3538.4  7775.1  90582.0    90755
read      283.8   100.7    93.8   147.5   162.6   277.4   333.3   358.0   373.7   392.8   414.7   445.3   512.6   773.2  1770.5  51320.0    51252
read      286.5   114.0    93.8   146.6   162.0   276.6   334.5   361.1   378.3   397.0   420.6   457.1   546.9   984.4  3553.3  53285.0    53070
read      287.5   147.1    93.8   148.6   164.0   282.1   335.5   359.9   375.3   393.0   413.7   443.7   506.6   711.5  5868.4  47728.0    48181
read      274.7   145.5    86.8   140.2   154.1   247.2   306.1   337.9   360.0   384.8   415.8   463.3   649.0  1860.4  3661.5  97191.0    97336
read      264.3   110.9    86.8   137.9   151.2   240.8   300.3   332.1   353.8   377.7   405.3   448.8   546.6   986.8  1384.8  91958.0    91976
read      267.2   110.6    86.8   138.8   152.1   242.8   302.5   334.7   356.8   381.6   411.6   456.6   570.6  1022.7  1650.1  94615.0    94742
read      276.6   110.5    86.8   140.2   154.4   258.3   323.0   353.0   372.4   393.5   419.2   458.4   549.3   978.1  1485.4  66328.0    66079
read      267.1   108.0    86.8   138.3   151.6   245.5   306.9   338.8   360.0   383.0   410.1   450.8   537.4   763.5  2459.6  79098.0    79328
read      287.0   141.9    86.8   149.9   165.2   284.6   335.1   358.1   372.9   389.8   408.1   435.0   497.4   636.3  7367.1  45149.0    45235
read      287.1    88.6    93.8   155.4   171.0   291.8   332.8   351.8   365.2   379.7   397.1   424.0   477.0   561.4  1306.5  35534.0    35310
read      273.6   156.2    86.8   139.3   152.8   249.6   312.7   344.1   364.8   387.5   414.5   455.1   547.5  1404.4  5570.2  76525.0    76589
read      269.5   139.4    86.8   141.0   155.1   244.2   298.0   328.4   349.8   373.2   402.7   450.9   585.5  2244.3  3089.9 107227.0   107175
read      263.4   108.2    93.8   136.3   149.5   241.4   304.4   335.8   356.9   379.5   403.9   442.0   524.9   720.3  2239.4  77748.0    78127
read      273.6   100.7   109.4   172.1   189.9   273.9   297.0   309.9   318.0   329.5   343.4   366.8   426.9   901.8  6145.9  13172.0    13331
read      308.7   138.3    93.8   145.7   161.4   288.7   353.9   388.9   415.0   447.9   489.6   553.9   685.2   915.1  3004.3  59033.0    59382
read      292.3   168.7    86.8   142.0   157.2   258.4   319.5   352.4   374.8   401.6   436.6   506.7   943.8  2065.1  2476.0  87237.0    87477
read      266.4   114.7    86.8   138.7   152.3   243.9   303.3   334.8   356.5   380.1   407.9   452.0   550.1   792.6  3338.4  91783.0    92020
read      275.0   113.4    86.8   144.2   159.6   253.5   308.4   338.5   359.9   384.3   414.6   462.2   584.3  1179.5  1887.7 109641.0   109297
read      289.2   105.7    93.8   153.4   169.6   289.9   337.2   359.3   373.4   389.9   407.9   434.7   495.5   633.1  3597.7  42338.0    42293
read      287.7   124.0    93.8   147.6   162.6   278.0   335.6   361.7   378.4   396.7   419.5   453.0   533.8  1498.9  3162.8  52897.0    52962
read      288.9    86.3   109.4   166.0   182.9   293.4   324.9   340.9   352.2   365.6   382.0   404.6   466.8   570.5  2531.4  23625.0    23492
read      277.2    84.3   109.4   173.2   191.8   275.4   301.0   314.4   323.5   335.7   348.9   371.4   435.3  1052.8  2516.7  12584.0    12594
read      304.1   149.2    93.8   142.4   156.9   275.8   343.7   381.3   410.4   446.3   492.8   565.1   736.7  1075.1  1992.4  68833.0    69120
read      305.8   147.5    93.8   146.5   161.6   284.1   347.4   381.8   406.2   437.2   477.1   537.8   667.1  1592.1  3795.3  57484.0    57144
read      311.0   222.2    93.8   147.3   162.5   288.9   351.6   386.0   412.0   444.0   485.8   547.1   676.5  1027.1 15129.4  56793.0    57232
read      303.3   145.0    86.8   141.7   156.5   274.3   341.3   379.1   407.4   444.7   492.0   565.1   740.4  1204.8  2328.3  71565.0    71593
read      303.5   111.4    93.8   153.2   168.8   296.1   350.9   378.5   397.2   420.3   450.2   494.9   584.0   775.6  1590.3  41091.0    40799
read      303.4    94.2    93.8   162.9   179.5   304.1   347.5   368.9   384.0   400.4   423.8   458.9   537.0   678.4  1062.1  29396.0    29614
read      384.6   476.6    86.8   151.4   169.2   288.1   349.0   384.8   411.8   448.4   505.3   715.6  3289.7  4365.7  8070.9 106400.0   106611
read      284.3    96.9    93.8   147.9   163.2   279.5   335.6   360.3   376.0   393.3   414.1   445.8   507.8   612.9   773.1  49871.0    50009
read      287.2   102.0    86.8   150.9   166.1   283.0   335.5   361.0   377.2   394.2   414.8   445.2   509.3   697.6  1902.6  47793.0    47727
read      280.4    71.8   118.1   173.2   190.3   281.8   308.4   321.0   331.6   342.2   357.7   379.5   445.9   927.7  1372.7  15254.0    15204
read      304.1   147.8    93.8   148.4   163.7   291.7   350.1   381.1   402.1   428.9   462.6   511.0   629.6   972.2  4050.0  50717.0    50703
read      307.6   157.0    86.8   144.8   159.9   284.5   347.6   383.3   409.2   443.5   488.1   553.3   695.9  1314.8  5608.4  60651.0    60979
read      301.4   106.6   101.3   154.0   170.4   297.3   345.6   371.0   388.9   408.9   437.3   484.0   573.9   721.9  1762.1  37735.0    37662
read      282.9    80.6   109.4   170.0   187.8   284.1   312.3   326.6   337.3   348.7   365.8   390.7   447.1   833.3  2630.1  16868.0    16932
read      403.0   478.9    93.8   149.2   166.4   287.0   349.3   386.8   417.0   461.1   549.3  1384.9  2881.3  3877.8  8004.9 100130.0   100183
read      274.8   102.7    86.8   142.3   156.5   258.4   319.5   348.9   368.2   389.4   414.8   454.0   537.7   701.0  1336.9  69202.0    69175
read      289.7   116.3    86.8   164.7   181.3   295.3   327.5   342.8   354.2   367.0   383.1   404.1   461.2   622.0  6177.0  27807.0    27515
read      281.7   121.0    86.8   146.5   161.8   260.0   317.1   347.0   368.6   393.3   425.6   477.5   603.8   975.7  3324.2 106586.0   106411
read      283.9   107.2    93.8   148.5   163.4   278.9   332.4   356.3   371.7   389.5   409.4   437.8   508.7   692.0  2287.0  50091.0    49629
read      275.9   110.5    86.8   141.1   155.2   261.2   324.0   351.9   370.2   390.5   414.5   450.3   531.7   712.6  1985.8  63382.0    63537
read      271.6   151.1    80.4   138.8   152.3   247.5   308.5   339.8   360.9   384.5   414.1   460.3   576.9  1284.7  3931.9  87793.0    88081
read      283.4   137.7    86.8   145.8   161.1   274.0   330.9   357.4   374.2   394.0   417.5   451.4   524.2   666.8  7586.4  55010.0    55527
read      277.0   124.9    93.8   140.1   154.2   257.8   320.8   350.6   370.1   391.7   417.8   457.7   553.7  1162.9  2781.8  69516.0    69558
read      278.9   101.2    93.8   144.0   158.8   266.3   326.6   354.3   372.6   392.8   417.0   453.3   533.4   659.3  1016.6  60928.0    60702
read      278.0    91.4   109.4   175.6   195.0   278.2   301.4   313.8   321.8   333.8   345.9   369.8   430.7   961.2  2973.2  13529.0    13487
read      308.3   158.5    93.8   143.4   158.2   278.9   344.1   381.2   410.1   447.1   497.1   578.7   757.2  1793.3  2514.6  66615.0    67037
read      264.4    64.8   109.4   175.3   191.6   262.7   284.7   296.1   305.4   315.2   328.2   346.4   401.3   916.1  1974.1   8308.0     8281
read      310.2   158.4    93.8   158.6   175.0   301.5   349.2   372.7   390.7   411.4   439.1   485.3   594.3  2269.3  7081.4  34443.0    34986
read      299.9   199.1    86.8   141.3   155.9   260.3   323.3   358.8   384.0   414.0   457.7   549.3   963.1  2526.5  4677.7  82029.0    82336
read      268.6   130.9    86.8   140.3   154.3   244.2   300.3   330.8   352.2   376.0   404.8   452.7   575.2  1524.3  4489.7 101615.0   101465
read      270.5   125.6    86.8   139.5   153.2   247.6   309.6   341.3   362.7   385.9   413.7   456.4   555.2   878.7  2351.6  82749.0    82733
read      288.1   114.1    93.8   151.3   166.9   285.9   337.4   360.3   374.6   391.7   411.1   437.6   500.4   632.8  3208.8  44882.0    44752
read      271.3   117.0    93.8   143.0   157.5   250.0   305.0   335.7   357.4   381.5   410.7   456.6   559.5   914.7  1963.1 104417.0   104681
read      284.6    99.9    93.8   147.6   162.4   275.7   335.0   361.4   378.3   396.5   419.6   454.3   528.1   640.9   772.8  54050.0    53872
read      273.6   150.4    86.8   141.2   155.4   250.4   310.4   341.8   363.6   387.8   417.1   461.1   563.0   875.3  7331.3  87343.0    87376
read      273.1   107.2    86.8   140.0   153.9   254.3   316.8   346.8   367.2   389.5   416.0   455.7   541.4   833.2  1378.7  70733.0    70834
read      268.7   119.7    86.8   139.8   153.4   246.5   306.3   337.8   359.3   382.9   410.9   453.1   545.3   801.3  3692.5  86645.0    86701
read      282.2   103.0    93.8   145.5   160.7   271.8   330.6   357.5   374.9   394.5   418.3   453.3   532.8   815.6  1333.2  56171.0    56054
read      281.2   193.2    86.8   141.6   156.3   252.0   308.3   338.7   360.1   384.4   415.8   466.6   639.8  3157.8  5513.7 106870.0   106733
read      252.9   113.2   101.3   167.3   181.3   248.0   268.3   279.3   287.8   296.3   309.9   329.4   415.3  1236.9  4291.9   6471.0     6476
read      301.1   130.2    93.8   155.5   171.8   296.1   342.1   365.7   382.4   401.4   429.0   469.1   554.2  1487.9  3467.6  33584.0    33857
read      282.4    82.8   109.4   169.2   187.1   281.3   311.1   326.0   337.1   348.9   366.8   394.2   464.5  1034.4  1989.7  16240.0    15953
read      304.3   173.0    86.8   150.2   165.4   292.9   345.4   372.0   391.6   414.5   444.9   493.8   596.4  3157.3  4921.3  40938.0    41252
read      296.5   145.9    86.8   142.2   156.8   265.6   331.4   365.0   389.6   419.4   462.0   548.8   806.8  1261.8  1732.7  76757.0    76853
read      290.7    85.6   101.3   161.5   177.7   296.7   333.1   350.9   363.4   376.6   394.5   420.9   470.6   585.9  1967.7  32905.0    32962
read      271.5   106.3    86.8   139.6   153.4   250.4   312.6   343.3   364.9   388.4   416.5   459.4   552.2   780.2  1356.4  83222.0    83564
read      283.9   110.9    93.8   149.1   163.2   282.6   331.6   354.2   369.1   386.4   405.3   435.0   503.7   631.3  3915.4  46247.0    46260
read      283.1    92.5    93.8   149.5   164.3   281.8   332.1   354.6   369.5   386.5   404.7   434.1   499.6   595.2   686.9  46548.0    46426
read      274.4   143.9    86.8   141.5   155.7   249.2   307.0   337.7   359.1   383.3   412.9   459.8   589.9  1926.9  4154.1  99751.0   100015
read      273.1   118.7    86.8   140.0   153.8   252.2   313.9   345.5   366.7   389.9   417.9   459.3   552.4   756.1  2545.1  77640.0    78102
read      288.4    75.0   101.3   166.7   184.4   294.6   323.6   339.4   350.1   364.0   379.9   402.3   461.6   574.0  1008.5  24127.0    24168
read      300.7   196.4   101.3   164.1   180.5   298.4   335.7   355.3   369.0   385.3   403.4   435.3   506.6   900.9  9860.7  25826.0    25529
read      290.2    73.7   118.1   173.1   191.0   292.2   320.7   336.9   347.2   361.4   376.4   402.3   471.0   626.4  1040.7  17329.0    17342
read      288.1   127.3    86.8   142.3   156.7   264.1   329.4   361.9   384.3   409.6   443.8   502.5   687.1  1012.4  1789.5  71416.0    71657
read      284.7   130.1    86.8   144.1   158.8   269.6   331.7   360.2   378.3   397.9   422.4   458.9   543.9  1651.0  3456.6  59831.0    59805
read      284.4   103.2    93.8   145.9   161.2   275.2   334.6   361.9   379.3   397.9   421.9   457.6   536.2   667.3   996.7  55894.0    55558
read      270.1   112.6    86.8   139.4   152.8   247.9   311.3   343.5   364.8   387.9   415.4   456.1   543.4   770.6  1853.0  79439.0    79251
read      263.0    92.2   109.4   172.4   189.4   261.5   283.2   294.1   302.7   313.0   325.4   345.1   402.6   906.8  6018.6   9247.0     9123
read      386.3   460.6    93.8   152.5   170.1   285.6   344.0   378.4   405.9   446.3   519.8   923.4  2934.6  3761.9  7998.3 108127.0   109516
read      290.9   112.5    93.8   155.6   171.3   293.4   337.9   359.0   372.6   388.5   405.0   433.9   496.9   704.5  4035.2  41206.0    41153
read      272.6   125.2    86.8   142.2   156.5   249.8   306.2   337.5   359.2   383.3   413.1   461.1   587.4  1231.1  2499.5  99307.0    98946
read      285.3   138.0    93.8   146.4   161.5   273.4   331.0   356.5   373.1   392.5   415.2   448.8   533.8  1834.9  3882.0  56286.0    56315
read      268.6   112.8    86.8   139.4   153.1   246.3   305.9   337.0   358.2   381.7   409.8   453.8   560.8   972.1  1866.8  92743.0    92525
read      270.4   110.3    86.8   139.1   152.9   248.9   312.2   343.1   364.0   386.8   413.9   454.6   545.7   829.8  1118.0  80031.0    79997
read      285.6   122.8    93.8   149.8   164.6   281.8   335.4   358.9   373.6   391.3   411.5   440.7   501.2   612.5  2042.7  48923.0    48998
read      275.4   105.2    93.8   140.7   154.9   258.6   321.5   350.4   370.2   392.2   418.3   456.4   534.9   711.2  2043.2  67254.0    67260
read      268.8   118.1    93.8   139.1   152.9   246.5   307.2   338.2   359.2   382.4   410.5   454.0   550.4   810.7  3744.3  88271.0    88431
read      281.8    99.8    93.8   147.0   161.8   275.8   330.1   355.2   371.5   389.8   410.6   441.4   504.9   619.1  2642.3  51377.0    51359
read      282.1   146.8    93.8   143.0   157.5   265.9   323.8   351.2   368.9   389.1   413.4   452.0   556.1  2269.7  3230.9  60256.0    60398
read      291.9   145.1    93.8   155.2   171.5   290.3   335.1   356.3   370.4   386.8   404.1   433.6   504.9  1148.9  7182.4  41695.0    41854
read      292.9   102.7   101.3   167.6   184.3   295.1   327.8   343.9   356.4   370.0   388.4   415.3   481.7   728.0  4829.6  23642.0    23797
read      316.5   232.2    86.8   144.5   159.7   267.8   334.2   369.2   395.1   428.2   480.9   634.1  1175.1  2557.4  7739.5  83147.0    83091
read      268.0   110.2    86.8   138.8   152.3   247.6   310.1   341.4   362.2   384.8   410.7   448.4   524.6   642.1  2211.7  77958.0    78319
read      265.0   112.2    86.8   140.0   153.5   241.8   298.4   329.6   351.5   375.4   403.9   448.9   547.1   968.6  2284.8 102003.0   101978
read      267.0   111.8    86.8   140.1   154.0   244.5   301.0   332.5   354.1   378.1   406.7   452.7   556.9   857.8  2795.7  97782.0    97985
read      270.3   104.4    86.8   140.4   154.3   248.8   310.0   342.1   364.3   388.2   416.1   456.7   542.2   725.8  1280.6  82772.0    82850
read      294.6   109.5   101.3   165.6   183.1   296.8   331.4   348.0   361.1   374.1   393.9   423.2   490.8   643.3  6065.8  24780.0    24622
read      374.1   428.4    86.8   150.6   167.8   282.5   344.2   380.7   408.7   447.8   513.0   789.2  2541.8  4007.2  7921.5 100249.0    99932
read      288.8   120.1    93.8   152.0   167.4   286.6   335.8   359.4   374.9   392.4   412.6   441.3   505.1   754.9  5068.2  46402.0    46761
read      281.4   107.1    93.8   145.9   160.5   272.9   330.2   355.9   372.4   391.5   414.2   448.8   523.3   686.5  3545.6  56238.0    56274
read      287.5    94.3    93.8   163.3   180.3   291.2   323.8   339.3   349.8   363.2   378.3   402.9   469.7   679.4  3849.4  24738.0    24750
read      302.8   123.0    93.8   148.9   164.0   292.2   348.6   377.7   398.2   424.1   457.5   506.9   625.9   904.8  1969.2  46870.0    46988
read      305.1   249.5    86.8   141.3   156.1   254.4   314.9   347.8   371.8   400.5   441.7   547.2  1390.2  2826.8  7004.3  96698.0    96633
read      292.7    89.4    93.8   158.9   174.9   298.7   338.6   357.6   370.0   384.9   401.3   429.1   489.9   719.5  1184.4  32772.0    32524
read      268.8   116.7    86.8   138.2   151.7   246.9   309.5   341.5   363.2   386.4   413.1   453.4   543.2   763.9  3074.2  82994.0    82709
read      275.8   133.7    86.8   140.5   154.5   259.2   321.1   351.1   370.6   392.2   417.9   455.2   537.1   678.8  2551.5  64520.0    64734
read      290.1   109.3    93.8   152.0   167.4   287.9   339.7   362.8   377.7   394.6   414.9   444.0   510.1   643.1  3810.4  44640.0    44841
read      291.9    88.4   109.4   166.8   184.2   295.3   328.0   344.1   356.3   369.3   387.9   417.1   478.5   620.9  2324.8  22892.0    23220
read      306.8   150.8    93.8   147.9   162.7   292.6   351.4   382.5   403.8   432.4   468.8   525.8   656.9  1094.4  5520.4  51851.0    52173
read      294.9   220.2    86.8   140.9   155.1   256.2   320.0   354.9   380.6   413.2   461.8   558.1   796.8  2254.7  7660.0  87688.0    87894
read      281.5   117.8    93.8   144.8   159.8   272.6   329.0   355.1   372.1   391.5   414.3   447.6   518.9   658.1  3268.6  55775.0    55637
read      290.9   103.8   101.3   162.9   179.5   297.0   331.6   349.1   361.3   373.5   390.8   413.7   463.2   560.1  3463.7  31045.0    31153
read      291.5    84.2   101.3   163.1   179.6   298.4   334.5   351.1   362.7   374.3   391.8   415.3   464.8   533.3  1282.1  30297.0    30053
read      292.6   111.4   101.3   170.2   187.9   293.0   324.7   341.0   352.7   366.2   383.1   406.2   470.1  1022.0  4369.6  20851.0    20489
read      305.8   142.3   101.3   159.5   175.6   303.2   349.1   372.3   388.6   405.6   431.0   468.6   564.6   868.7  7160.3  33677.0    33457
read      285.2    69.5   109.4   172.0   189.9   286.2   315.4   331.2   342.1   355.2   370.2   395.2   452.3   582.9   987.1  16845.0    16922
read      303.4   137.7    86.8   148.9   164.0   293.4   349.6   378.3   398.7   424.1   457.2   508.2   614.1   862.2  3799.1  47104.0    47200
read      303.0   253.1    93.8   142.1   156.7   254.8   315.6   348.9   372.5   401.8   444.8   546.2  1154.4  3336.9  7757.0  96069.0    95934
read      287.4    96.1    93.8   152.7   168.1   287.7   336.2   358.6   372.8   389.1   406.5   434.1   496.6   612.5  2066.4  42731.0    42596
read      267.8   125.6    86.8   138.9   152.5   242.3   301.7   333.4   355.1   378.6   406.0   450.6   573.9  1550.7  2733.2  94739.0    94660
read      279.4   123.9    93.8   142.8   157.3   264.2   324.7   353.5   372.6   393.4   418.0   453.7   535.6   955.9  3675.1  60191.0    59804
read      292.7   197.0    86.8   158.2   174.1   294.3   337.1   357.6   371.0   386.8   403.4   431.3   489.1   632.6 16348.2  37602.0    37634
read      273.6   103.6    86.8   140.7   154.9   256.5   320.1   349.3   368.8   390.2   415.2   451.6   525.9   685.4  1243.9  68345.0    68516
read      272.7   113.9    86.8   141.1   155.2   249.3   312.0   344.0   366.1   389.9   418.4   461.1   558.6   964.9  2813.6  86163.0    86478
read      273.6   129.3    86.8   143.4   158.0   250.5   308.5   339.1   360.5   384.7   415.2   462.5   580.4   873.5  2006.4 102018.0   101464
read      275.1   110.5    93.8   140.5   155.0   255.5   319.1   350.4   370.9   392.9   419.3   458.9   546.9   751.6  3029.3  70835.0    70660
read      274.8   119.6    86.8   145.0   160.1   254.4   309.2   339.3   360.6   384.8   414.9   460.4   562.9   912.9  2286.3 105569.0   105480
read      288.1    93.0    93.8   153.7   169.4   289.4   336.8   358.5   372.2   388.7   406.7   435.3   495.2   616.8   871.5  41927.0    41912
read      284.7   103.6    93.8   148.2   162.9   278.3   332.8   358.2   374.1   392.7   414.6   446.5   523.9   869.9  2033.4  50452.0    50818
read      268.2   110.9    86.8   140.6   154.5   244.2   302.2   333.9   355.5   379.6   408.2   455.1   575.1   989.7  2174.2  98812.0    99610
read      266.5   112.9    86.8   139.9   153.8   243.4   300.7   332.0   353.9   378.0   406.2   451.7   554.5   892.4  2178.8  99253.0    99247
read      274.0   136.1    86.8   140.8   154.7   254.1   317.6   347.9   368.1   390.1   416.4   456.1   536.4   681.9  7078.5  72803.0    72793
read      300.2   105.8   101.3   165.5   182.3   303.4   344.2   363.7   376.4   391.3   407.6   433.6   492.2  1079.6  2533.5  35304.0    34890
read      292.1   118.9    93.8   152.5   169.2   285.7   340.6   366.6   383.4   400.5   422.5   454.1   520.7   671.7  2670.3  49630.0    49665
read      286.4   112.3    93.8   149.3   164.7   278.2   334.8   360.1   376.4   395.1   417.9   451.5   518.6   677.6  2865.4  51486.0    51276
read      306.6    95.8   101.3   167.7   185.5   307.4   349.8   370.5   385.0   400.4   422.8   457.8   534.5   710.1  2004.2  30797.0    30810
read      304.6   126.5    93.8   154.5   171.2   298.5   351.3   378.2   396.4   418.5   447.1   490.1   579.0   784.9  2178.6  42599.0    42632
read      293.5   124.8    93.8   144.9   160.0   270.3   335.2   368.2   391.1   418.0   454.9   515.2   663.5   956.7  1709.1  71606.0    71502
read      283.0   149.2    86.8   144.1   159.0   257.0   318.2   349.6   371.3   395.6   426.3   471.4   607.9  2004.7  4797.2  87468.0    87471
read      285.0   212.1    86.8   147.4   162.9   261.9   319.4   350.2   371.2   396.1   426.7   470.4   584.0  1191.0 10889.8  95652.0    95450
read      278.0   126.2    86.8   144.9   160.4   256.6   313.0   342.9   364.4   388.9   419.6   465.7   584.7  1007.3  2660.2 101604.0   101882
read      285.2   123.3    93.8   147.8   163.0   272.5   331.4   359.7   378.0   398.2   423.2   459.1   537.8   729.4  3195.2  61545.0    61422
read      296.2   116.4   101.3   161.7   178.0   299.3   339.8   360.1   373.2   389.1   405.9   434.5   495.9   663.7  5400.1  36790.0    36550
read      292.6    94.3   109.4   174.9   192.4   292.8   323.1   339.3   350.4   364.7   382.2   410.0   478.6   675.8  1279.6  20411.0    20285
read      288.9   174.8    93.8   142.5   157.3   258.7   321.3   354.7   378.1   405.7   443.1   508.5   741.0  1447.0  2946.6  80400.0    80275
read      271.5   125.4    86.8   142.7   156.7   248.3   305.7   336.3   357.9   382.3   411.8   457.8   556.6  1035.6  2779.2  98904.0    99091
read      273.3   128.0    86.8   142.7   157.3   250.6   310.2   342.1   364.0   387.9   416.4   458.6   550.5   856.4  3895.1  90955.0    90849
read      289.5   147.1    93.8   148.4   163.8   275.6   333.4   359.9   377.2   395.9   419.3   455.8   547.9  2228.4  3676.1  53534.0    53477
read      278.6   116.4    93.8   142.4   156.7   260.5   324.5   355.5   375.7   396.7   422.6   460.5   544.5   769.6  3398.4  67142.0    67190
read      280.5   110.4    93.8   145.7   160.4   269.3   328.0   354.2   371.4   390.8   413.7   447.9   520.9   737.3  2547.7  55723.0    55837
read      287.8    94.2    93.8   152.1   167.7   287.8   337.1   359.8   374.2   391.0   409.8   436.4   499.2   605.3  1561.4  43900.0    43938
read      272.7   151.2    86.8   139.2   152.7   249.8   313.5   344.6   365.2   387.7   414.6   454.2   542.6  1428.0  8847.5  73492.0    73349
read      290.5   102.3    93.8   156.2   172.1   294.3   337.4   357.9   371.2   386.9   403.6   430.2   486.0   619.6  1856.6  38396.0    38158
read      279.1   104.0    93.8   143.4   157.8   265.0   328.2   356.9   375.4   395.8   420.1   454.6   528.2   758.5  1715.7  62364.0    62627
read      290.0    86.7   109.4   169.2   186.5   292.2   323.8   339.7   350.8   364.6   380.8   403.4   466.5   675.6  3207.3  21040.0    21095
read      303.9   112.2    93.8   152.8   168.7   296.7   350.8   378.6   398.0   422.3   453.1   498.3   590.0   814.9  1645.2  43437.0    43996
read      262.4    67.0   127.6   174.4   189.4   261.8   283.2   294.5   303.2   312.8   323.9   344.0   404.7   928.8  2219.3   8891.0     8918
read      290.0    82.8   118.1   167.9   185.1   291.9   322.3   339.3   351.1   366.0   384.7   412.9   474.7   661.2  3004.4  19513.0    19346
read      305.9   128.2   101.3   149.4   164.5   294.5   351.7   381.5   401.9   429.3   464.5   520.7   639.8   857.6  4123.0  48421.0    48373
read      300.6   153.8    93.8   141.6   156.1   271.7   338.4   373.9   399.1   430.4   472.7   550.1   764.4  1534.2  2707.3  71739.0    72207
read      283.8   149.2    86.8   144.0   159.0   270.8   330.1   356.8   373.8   393.4   417.2   453.6   534.8  1738.9  4715.8  57569.0    57914
read      273.0   124.1    86.8   139.9   153.8   251.9   313.7   345.1   366.6   390.2   418.2   459.0   543.2   718.1  4757.0  78335.0    78645
read      257.0   158.8   118.1   170.1   184.8   251.8   270.0   280.0   287.6   295.1   308.1   326.6   384.2  2017.7  7166.0   6632.0     6581
read      295.6    96.6   101.3   163.6   179.7   296.3   333.5   353.0   366.4   381.9   400.8   435.4   508.8   855.7  1809.3  25488.0    25723
read      294.4    81.3   101.3   168.3   185.6   296.7   330.3   347.6   360.8   373.9   392.9   421.4   485.2   644.5  1606.6  21721.0    21861
read      371.4   423.4    86.8   149.8   166.3   278.5   338.5   373.9   401.6   438.8   503.4   816.9  2656.9  3748.0  7932.1 102749.0   102729
read      280.4   106.1   109.4   171.2   188.8   280.9   308.3   321.0   331.9   342.9   359.1   382.5   435.1   887.0  6214.5  15457.0    15233
read      278.0    95.1   109.4   173.1   191.6   278.6   303.1   316.1   325.8   337.7   351.8   372.7   420.7   909.6  4577.7  14874.0    14904
read      305.6   149.7    93.8   151.5   166.9   294.7   348.7   377.2   397.5   422.6   456.1   505.9   615.0  1048.2  7044.5  44047.0    44168
read      307.9   177.0    93.8   149.8   164.7   290.1   347.3   377.8   399.6   427.2   462.5   518.8   650.8  2358.2  7350.2  49997.0    49750
read      313.1   286.7    86.8   145.9   161.4   262.4   319.8   352.1   375.4   404.1   443.4   523.5  1436.9  3632.5  7642.8 100567.0   100878
read      272.7   131.1    86.8   141.0   155.3   250.6   307.9   339.6   361.3   385.3   414.5   460.3   571.3   961.4  4725.0  93426.0    93330
read      273.3   125.3    86.8   140.9   154.9   253.5   315.6   346.4   367.2   389.7   416.4   456.7   542.0   681.8  3356.0  75211.0    75527
read      260.1   223.7   118.1   174.0   187.6   253.0   272.1   282.7   290.0   297.2   311.3   331.3   384.3  2247.8 10082.7   6727.0     6637
read      293.4    86.1    93.8   165.7   182.4   296.3   331.1   348.3   361.3   374.3   393.7   422.9   483.7   624.3  1372.2  22739.0    22677
read      304.7   141.5    93.8   143.3   157.8   276.9   344.5   383.0   411.2   448.1   495.0   566.8   725.9  1122.0  1816.3  69928.0    69399
read      266.4    60.6   118.1   174.9   192.2   265.9   288.8   300.5   309.5   318.6   332.5   350.6   402.6   901.7  1022.5   9563.0     9465
read      299.0   185.0    86.8   141.6   156.3   261.5   328.2   364.2   389.7   421.4   466.3   561.5   854.2  2404.0  4589.8  80769.0    81491
read      281.0   168.0    86.8   141.5   155.7   259.9   322.0   352.8   372.4   395.1   422.8   463.5   571.4  1538.7  8168.8  68177.0    68604
read      275.4   122.8    86.8   141.5   155.4   250.3   311.4   343.7   365.9   390.6   421.4   467.2   597.5  1279.2  2092.4  86589.0    86719
read      288.9   100.4    93.8   150.6   165.9   286.1   339.6   364.3   380.2   397.1   418.5   449.7   512.6   630.7  2394.1  48072.0    48219
read      267.0   123.6    86.8   141.0   154.9   242.9   298.9   329.4   350.5   374.0   402.2   448.1   568.6  1284.4  2180.0 104861.0   105020
read      272.7   111.2    86.8   141.2   155.2   251.4   315.6   346.9   367.6   390.5   417.7   456.7   539.0   745.5  2672.9  79134.0    79027
read      291.5    89.6    93.8   160.3   176.8   298.1   336.0   354.2   366.2   379.8   396.8   422.6   473.1   580.1  2089.3  33555.0    33669
read      264.0    74.1   118.1   175.0   192.7   263.6   284.3   295.1   303.7   313.3   324.5   342.7   388.3   928.9  3121.4   9252.0     9087
read      307.4   323.0   109.4   162.1   178.0   299.4   340.4   362.4   377.1   395.0   417.9   453.8   534.9   972.6 14615.0  28228.0    28486
read      301.4   123.0    93.8   156.1   171.9   296.0   345.4   370.6   388.3   407.7   436.2   481.9   570.6   746.6  2083.6  37130.0    36839
read      299.7   113.7    93.8   149.4   164.4   288.2   345.3   374.8   396.0   421.8   456.0   504.5   600.0   738.2  1170.9  45986.0    46303
read      306.1   135.5   109.4   162.7   179.1   301.6   345.3   369.0   385.1   401.9   427.7   468.2   553.9  1366.3  5007.7  29583.0    29630
read      312.2   203.0    93.8   144.3   159.2   282.9   347.7   383.5   409.5   442.1   486.7   555.4   747.5  2819.2  7050.8  58696.0    58735
read      285.6    79.3   109.4   173.6   191.0   285.3   313.8   329.0   339.7   352.3   368.6   396.4   461.6   900.9  2861.5  15919.0    15717
read      304.8   166.9    93.8   146.0   161.5   283.7   345.9   379.2   402.8   434.1   473.4   535.1   665.7  1300.4  7339.3  54700.0    54660
read      328.0   331.0    93.8   147.7   163.7   272.6   332.1   365.3   389.2   417.9   458.2   544.0  1623.7  4096.8  7751.9  99917.0   100453
read      273.7   110.6    86.8   141.2   155.3   251.3   313.0   344.1   365.7   389.6   418.5   462.0   572.9   862.2  2087.5  84438.0    84114
read      285.6   101.4    93.8   150.7   165.7   283.0   334.1   358.0   373.4   390.9   410.7   437.8   499.1   636.4  2069.3  48008.0    47655
read      275.4   105.2    93.8   141.2   155.4   257.0   320.7   351.0   371.1   393.5   420.1   458.4   542.7   726.0  1275.8  71628.0    71572
read      277.3   124.6    86.8   143.9   158.9   256.1   313.3   343.6   365.3   389.8   420.3   466.6   587.7   913.6  1790.6  96828.0    97243
read      278.8   122.8    86.8   145.9   161.1   255.6   310.5   340.5   362.4   387.7   420.0   469.5   621.9  1304.7  2112.2 109895.0   109600
read      272.9   126.8    86.8   141.9   156.3   249.7   307.4   338.5   360.3   384.8   414.3   460.0   590.1  1003.5  4423.5  97769.0    97814
read      292.5   139.2    86.8   151.6   167.3   288.8   339.8   363.2   378.3   394.7   414.9   444.6   518.2  1600.4  5160.2  46966.0    46973
read      285.1   115.6    93.8   147.4   162.6   277.8   332.4   357.7   374.0   392.5   414.7   448.9   527.8   726.7  3222.5  52012.0    52430
read      261.8   137.7   109.4   174.9   189.9   258.9   278.6   289.5   296.4   306.8   317.8   338.5   390.2   985.7  9697.1   7319.0     7146
read      313.3   141.9    93.8   148.2   163.1   288.3   355.6   393.5   422.2   457.1   503.5   576.8   717.4   996.1  2192.5  63546.0    64613
read      258.4    62.0   127.6   174.0   190.0   257.4   277.5   288.5   295.4   305.6   317.1   338.3   391.5   921.5  2067.2   8137.0     8185
read      307.1   197.6    86.8   142.7   157.4   258.9   322.6   359.8   387.7   424.4   485.6   636.1  1079.0  2222.4  2769.9  91079.0    91736
read      285.7    99.1    93.8   149.0   164.1   280.9   336.8   361.7   377.7   394.9   416.1   447.4   509.2   655.2   942.4  50148.0    50530
read      265.8   111.8    86.8   139.9   153.9   242.8   300.0   331.4   352.6   376.5   404.9   449.5   547.7   919.7  2119.6  99835.0    99806
read      289.3    88.1   101.3   166.6   183.9   292.4   323.8   339.8   350.8   364.7   381.5   406.4   473.1   640.1  2258.7  23297.0    23088
read      307.0   149.8   101.3   153.8   169.9   295.9   348.4   375.5   393.9   416.1   446.7   494.2   607.6  2162.9  4318.9  39260.0    39498
read      266.5   118.4   118.1   175.5   191.0   259.3   280.8   292.4   300.8   311.7   324.0   345.4   455.9  2229.8  3301.5   7317.0     7321
read      312.9   160.8    93.8   144.5   159.6   280.5   349.0   387.5   417.1   454.7   503.3   584.4   834.0  1503.9  3088.9  69928.0    70463
read      309.2   178.5    93.8   148.3   162.9   286.7   347.1   380.8   404.5   436.8   476.9   536.7   673.1  2363.6  5363.2  55758.0    55826
read      301.9   144.8    93.8   143.2   157.6   275.2   341.0   377.3   404.7   440.7   487.1   554.3   711.6   974.5  1853.9  68367.0    68597
read      285.5   135.2    86.8   141.2   155.5   257.9   319.8   353.2   376.7   403.9   440.8   506.7   725.7  1099.4  1870.0  83672.0    83723
read      269.0   109.6    86.8   140.1   154.4   247.6   307.1   337.4   358.3   382.0   410.8   455.0   549.1   808.6  2600.7  93190.0    93939
read      268.5    66.3   109.4   172.6   191.3   268.6   291.2   303.6   312.7   322.2   337.1   358.7   404.4   894.2  1731.4  11151.0    10956
read      305.5   118.6    93.8   152.3   168.1   296.6   352.6   381.7   401.2   427.2   460.3   507.3   596.1   733.1  2639.1  42857.0    43150
read      304.8   136.1    86.8   145.2   160.1   282.5   346.9   382.4   408.6   442.3   486.0   549.8   687.6  1033.5  1613.7  60537.0    61224
read      313.1   192.1    86.8   142.9   157.5   276.6   345.2   383.9   414.7   455.6   508.2   592.3   803.5  2281.7  5350.5  72220.0    72370
read      266.5   103.6    86.8   138.7   151.7   246.0   308.2   339.6   360.1   382.1   407.1   444.9   527.5   744.0  1120.7  75392.0    75062
read      273.7   108.4    86.8   140.3   154.0   256.1   320.3   350.2   369.8   390.7   415.5   453.6   532.0   677.1  2490.1  65939.0    66006
read      270.6   169.9    86.8   139.8   153.8   244.7   301.4   332.3   353.6   378.4   408.2   455.3   570.6  2386.7  6198.7 102905.0   103596
read      267.9   118.2    86.8   139.2   152.8   244.8   304.9   336.5   358.5   382.9   411.7   454.7   545.6   830.9  2340.1  92138.0    92033
read      271.3    98.9   109.4   173.0   190.3   269.8   292.1   304.2   312.7   321.3   336.0   356.8   425.8  1456.8  2984.7  10727.0    10484
read      392.0   462.7    93.8   153.2   171.8   295.6   358.1   395.2   425.1   465.6   533.4   773.8  3028.7  3958.9  9904.2 101334.0   101797
read      273.1   111.2    93.8   141.6   155.7   251.4   310.2   341.6   363.7   387.9   417.1   461.2   568.6   874.4  2309.1  92708.0    93004
read      284.1   160.7    86.8   147.1   162.5   273.6   330.1   355.9   373.0   392.3   414.9   447.7   510.9   816.1  9107.5  54888.0    55072
read      279.8   112.9    86.8   145.4   160.8   258.4   316.1   347.0   368.6   393.2   424.1   470.9   590.5  1033.9  1819.9  97309.0    97279
read      273.2   137.0    93.8   139.9   154.0   250.0   311.5   343.1   364.5   387.9   416.1   460.0   572.7   946.9  5523.9  82264.0    82336
read      271.4   149.8    86.8   139.6   153.6   247.0   305.4   336.6   358.1   382.1   411.3   456.7   586.7  1346.2  3966.2  94465.0    94577
read      287.4    73.1    93.8   167.4   184.1   294.4   323.3   338.5   348.4   361.5   374.6   398.7   445.4   540.0  1059.9  24969.0    25009
read      323.9   319.7    86.8   144.2   160.0   262.5   320.9   355.1   380.4   411.2   457.8   592.5  1661.5  3440.2  9717.2  98759.0    98952
read      278.2   107.7    93.8   143.5   157.9   262.7   326.0   355.0   373.4   394.0   418.4   454.2   532.1   677.2  1716.7  62280.0    62113
read      272.4   113.2    86.8   140.9   155.1   248.8   309.1   341.6   364.2   389.0   419.1   463.6   574.8  1031.4  1485.8  90177.0    90099
read      285.7   145.3    93.8   147.0   162.0   275.4   332.9   360.3   378.2   397.2   420.6   454.6   532.2   774.8  8350.1  54089.0    54206
read      292.0    87.2   101.3   158.8   175.1   296.8   339.8   359.8   372.4   387.6   403.4   430.1   479.8   580.9   718.4  36528.0    36396
read      277.1   111.3    93.8   141.7   156.0   261.8   324.9   354.1   372.7   393.2   417.1   451.5   526.1   691.5  2767.2  61128.0    61074
read      274.3   118.2    86.8   139.8   153.4   253.4   318.4   349.8   369.5   391.6   418.3   457.6   546.6   851.3  3327.3  70579.0    70494
read      288.1   110.4    86.8   151.9   167.3   287.3   336.8   359.7   374.1   390.7   408.9   435.6   502.7   652.3  4245.1  44024.0    44168
read      281.1   111.4    93.8   143.1   158.0   268.8   329.4   357.8   375.8   394.9   418.5   454.3   539.0   878.4  1970.6  57544.0    57463
read      279.5   108.9    93.8   144.1   158.9   266.2   327.5   355.9   374.3   394.5   418.8   454.5   531.0   640.8  2269.9  60066.0    60314
read      280.0   146.5    86.8   144.4   159.4   253.9   310.4   341.6   363.9   389.6   421.7   471.3   675.1  1362.1  7008.4 105643.0   105044
read      279.1   156.6    93.8   142.0   156.2   258.9   322.4   351.7   370.5   391.2   415.7   451.7   532.6  2222.6  7155.4  64108.0    63992
read      276.7   111.9    86.8   140.4   154.7   259.1   323.8   353.8   373.2   394.5   419.9   456.7   536.6   750.2  2525.9  64699.0    64734
read      292.4    92.4   101.3   156.3   172.2   296.6   341.5   362.0   375.0   390.6   407.4   434.4   494.1   595.9  2050.0  38386.0    38524
read      290.0    79.3   118.1   167.5   184.0   294.2   325.8   341.9   353.5   366.8   383.9   409.1   476.4   614.6  1342.1  22890.0    23279
read      374.3   440.3    86.8   151.2   167.9   284.4   345.9   381.6   408.2   443.6   502.0   738.3  2508.6  4796.9  8126.4  96113.0    96010
read      274.8   102.5    86.8   140.8   155.1   257.1   321.3   351.1   370.5   392.4   418.8   457.2   533.3   671.8   860.5  68153.0    68478
read      276.2   113.5    86.8   141.4   155.7   256.7   320.1   351.0   371.4   393.6   420.1   459.3   547.0   848.6  3460.3  71177.0    71493
read      291.3    94.5    93.8   157.4   173.5   294.1   339.1   359.6   372.7   388.4   404.6   432.5   490.9   606.5  1999.6  39712.0    39521
read      270.6   110.3    86.8   139.5   153.2   251.2   312.0   342.9   363.8   386.7   413.3   452.3   534.0   743.4  2434.9  73777.0    73637
read      288.6   119.9    93.8   152.0   167.4   285.8   338.0   361.3   376.4   393.6   413.9   443.0   501.9   615.1  2321.0  46216.0    46296
read      292.1   101.2   101.3   168.4   185.2   297.3   328.3   343.7   355.2   367.6   383.6   404.1   455.2   557.2  3976.0  25847.0    25879
read      274.6    67.3   118.1   175.4   193.1   273.6   298.9   312.6   321.1   333.4   345.7   370.8   424.6   852.8  1369.4  11642.0    11714
read      307.8   194.2    86.8   144.3   159.4   261.8   325.2   362.8   391.1   427.5   484.4   616.0  1079.6  1779.4  2640.9  89017.0    89519
read      273.8   102.6    93.8   141.1   155.4   255.1   319.3   349.0   370.0   391.8   417.5   455.5   536.6   662.7   801.4  71127.0    71339
read      277.1   101.9    93.8   143.7   158.1   261.9   324.1   353.0   371.8   392.3   416.9   453.2   523.9   624.5  1533.3  63965.0    63633
read      281.6    73.1   109.4   168.5   185.3   285.7   313.7   327.5   337.1   346.7   363.1   386.3   447.5   833.4  2206.4  19242.0    18929
read      293.8   142.8    93.8   144.3   159.5   271.0   334.9   366.7   388.8   414.7   449.4   509.2   673.4  1466.6  3496.6  69375.0    69661
read      256.7    59.6   127.6   173.1   188.6   256.2   275.7   287.0   294.1   303.8   315.9   336.0   396.2   909.6  1355.9   8869.0     8686
read      286.1    90.5   101.3   165.5   182.2   286.7   318.5   335.7   346.8   361.5   377.5   403.7   471.4   874.4  2192.6  20879.0    20828
read      298.8   163.9    86.8   141.8   156.4   272.1   337.3   373.3   399.8   432.6   475.5   539.4   685.9  1330.0  6620.8  68381.0    68811
read      367.9   451.2    86.8   153.4   171.4   289.4   349.1   383.4   408.5   440.5   488.9   599.9  3260.4  5291.0  8057.5 108736.0   108532
read      267.3   108.6    86.8   140.7   154.4   244.5   303.5   335.0   356.2   379.5   407.0   450.4   544.6   906.7  2275.2  97160.0    96969
read      285.3    82.4   109.4   166.6   183.4   288.0   318.3   334.2   344.3   358.2   373.4   399.4   468.6   588.9  2751.2  21939.0    21773
read      331.7   323.9    86.8   146.0   161.7   269.0   329.9   363.8   388.0   418.0   463.5   597.3  1926.5  3369.6  7890.4  90778.0    90731
read      279.1   121.9    93.8   143.0   157.7   264.4   324.8   353.6   372.3   393.8   419.0   454.7   530.5   682.6  4527.4  64116.0    63998
read      280.4   112.6    93.8   143.7   158.5   263.7   326.3   356.3   375.8   397.6   423.5   460.8   543.4   723.7  1608.7  64082.0    64446
read      292.6   131.7   101.3   162.4   178.7   297.6   334.4   352.0   364.3   377.5   395.2   420.9   470.3   584.9  5798.3  32469.0    32180
read      272.9   106.5    86.8   139.8   153.8   253.1   316.9   347.1   367.2   389.7   416.7   456.6   548.8   767.6  1487.6  75153.0    75461
read      285.5   100.1    93.8   149.6   164.6   281.8   334.5   359.3   375.5   394.0   415.5   445.5   513.8   652.3  2027.7  51211.0    51464
read      296.0   135.1    93.8   152.2   167.9   290.4   343.7   368.3   384.8   401.9   424.4   458.3   539.4  1567.5  3434.6  47357.0    47445
read      274.3    64.2   118.1   176.1   192.8   275.9   299.2   311.7   319.6   331.2   343.7   367.3   420.4   880.3  1361.4  12421.0    12315
read      368.0   408.6    86.8   149.0   165.1   274.0   332.3   367.0   393.6   429.2   496.7  1040.2  2447.4  3630.3  7913.7  98523.0    98965
read      276.4   114.8    93.8   142.0   156.2   257.9   320.7   352.3   372.6   394.2   419.8   456.2   535.3   727.2  3649.8  71525.0    71412
read      286.7    93.8    93.8   151.1   166.8   285.4   337.9   360.4   374.5   391.0   409.3   436.2   497.6   590.2  1114.8  45113.0    44818
read      278.1   124.2    86.8   142.4   156.9   262.1   323.9   354.0   373.4   394.7   419.6   455.0   531.4   742.2  3112.1  65017.0    65032
read      269.2   162.7   109.4   174.1   190.5   265.5   287.6   298.8   308.1   317.4   331.0   349.1   408.3  1172.4  7985.7  10183.0    10162
read      307.8   134.5    86.8   151.7   167.1   294.9   353.6   384.0   405.1   432.3   467.9   522.3   631.5   839.7  5405.9  46505.0    46718
read      306.9   199.6    86.8   141.8   156.5   263.3   328.1   363.6   389.6   422.8   474.1   603.6  1062.6  2276.5  3198.0  81420.0    81555
read      278.2   134.9    93.8   142.2   157.1   254.2   313.7   345.4   367.4   391.6   421.5   467.8   599.7  1275.1  3860.0  93154.0    93247
read      289.4   108.6    93.8   151.5   167.4   286.9   336.8   360.4   376.2   393.6   414.6   446.1   519.6   703.5  3825.7  44463.0    44331
read      276.6   108.4    86.8   141.8   156.1   260.0   322.2   351.6   371.1   392.7   418.7   456.9   540.2   738.2  1965.5  68358.0    68373
read      266.9   117.5    86.8   140.2   153.9   243.8   301.7   332.6   353.6   376.6   404.2   447.9   551.2  1078.8  2772.9  99830.0    99824
read      277.3    63.6   118.1   176.2   194.7   278.0   303.6   315.9   324.8   336.4   349.0   371.2   420.6   873.7  1370.9  12985.0    13056
read      312.0   146.6    93.8   147.0   161.7   284.3   351.9   389.2   418.3   457.1   508.7   586.9   735.0  1012.1  1595.2  65429.0    65920
read      301.9   114.3   109.4   163.2   179.0   301.2   343.3   364.7   379.0   395.7   417.4   452.9   535.2   980.9  2484.9  28510.0    28566
read      296.0    88.5   101.3   165.0   181.1   296.9   334.9   354.3   367.7   383.2   401.1   431.8   503.0   638.6  2076.2  25166.0    25078
read      335.1   264.5    93.8   146.1   162.1   270.0   333.6   370.9   399.0   437.6   522.4   796.2  1434.5  2517.7  5579.6  89093.0    88903
read      275.5   151.8    86.8   143.7   158.7   249.4   304.6   335.1   356.4   380.0   409.8   458.1   624.7  2063.3  5620.8 108970.0   108661
read      276.5   144.8    86.8   142.6   156.8   260.7   321.4   351.1   370.4   391.3   415.7   450.4   519.6   662.6  7443.0  65012.0    64992
read      272.1   123.2    86.8   141.1   155.0   250.1   311.9   343.8   365.5   388.7   415.6   455.4   545.8   852.1  3549.8  77305.0    77433
read      280.7    73.4   118.1   171.5   188.6   282.7   308.9   321.1   332.0   342.8   359.3   384.0   442.6   924.5  1942.4  16260.0    15971
read      282.9    76.6   109.4   170.5   187.8   283.9   312.6   327.6   338.2   350.0   366.6   392.0   449.1   887.5  3031.0  16802.0    16899
read      342.9   333.0    86.8   144.2   160.0   269.0   333.4   370.0   397.9   434.2   505.1   738.8  1909.2  3475.2  7821.9  84184.0    84638
read      289.4    85.9    93.8   159.0   175.5   294.8   334.3   353.2   365.8   379.8   397.0   422.6   470.6   549.5  1644.9  35668.0    35480
read      278.6   111.1    93.8   146.0   161.1   258.5   315.4   346.0   367.6   391.4   420.9   466.0   574.9   981.6  2143.3  96930.0    97273
read      274.2   107.0    86.8   141.7   156.0   254.1   314.4   345.2   366.7   390.3   418.6   460.1   565.6   800.7  1433.2  78828.0    79139
read      287.9    92.4   101.3   166.9   183.7   293.1   324.6   340.2   350.8   363.4   377.1   399.7   447.8   549.8  4806.9  25435.0    25297
read      294.7   200.8    86.8   146.2   161.5   262.8   319.6   350.4   372.5   398.1   432.1   492.5   828.2  2531.6  5453.9 102084.0   102339
read      275.3   111.5    86.8   142.1   155.9   256.1   318.2   348.5   369.3   391.9   418.6   457.8   546.6   852.4  2153.2  72855.0    72458
read      278.0   136.1    93.8   143.7   158.3   255.0   314.0   345.5   367.1   390.7   419.8   464.4   582.0  1339.7  3386.6  90136.0    90171
read      270.9   110.9    86.8   142.8   157.4   249.5   304.8   334.7   355.7   379.5   408.4   455.6   570.9  1020.1  3265.4 108420.0   108648
read      286.0    96.8    93.8   149.6   164.6   282.1   337.0   360.9   376.2   393.9   415.1   445.5   506.8   615.5   748.5  50552.0    50499
read      284.8   120.5    93.8   147.7   163.0   263.9   321.3   351.6   372.5   397.2   428.9   479.9   606.6  1136.5  1928.8 102950.0   103049
read      290.2    91.2   101.3   156.1   172.0   292.7   339.0   359.2   372.0   387.7   404.0   431.7   493.8   623.8  1556.5  40078.0    39793
read      284.1    95.2   101.3   169.3   186.3   289.0   316.5   330.7   340.1   350.9   365.2   386.3   431.9   616.9  3205.4  21119.0    21064
read      285.0    89.7    93.8   153.4   169.0   286.6   331.7   352.9   367.0   382.7   400.3   427.6   476.8   589.5  1659.7  40080.0    40595
read      279.6   169.0    93.8   141.6   155.9   260.6   322.9   352.0   371.3   392.0   416.7   454.1   540.0   969.2  6564.9  65951.0    66094
read      286.3    79.1   109.4   171.4   189.2   289.3   317.0   331.8   341.5   353.6   368.6   393.0   454.8   735.4  1967.3  19218.0    19325
read      278.3    71.9   118.1   173.1   190.7   278.3   304.9   319.1   329.9   341.4   356.8   377.0   424.8   876.1  2138.1  13783.0    13925
read      304.8   168.9    86.8   143.5   158.1   273.6   341.7   379.4   406.6   442.7   490.8   565.4   739.8  1328.4  6814.0  72693.0    72470
read      269.9   103.2    93.8   139.6   153.0   250.7   314.7   345.6   366.1   387.5   411.7   447.4   521.2   691.1  1208.7  73610.0    73495
read      266.1   103.0    86.8   139.0   152.2   245.2   304.6   336.3   358.0   381.5   408.5   449.5   533.8   758.5  1291.7  86828.0    86683
read      274.5   107.5    93.8   141.7   156.1   257.1   319.9   350.6   370.1   391.2   416.1   452.9   526.8   655.6  2057.9  68707.0    68819
read      289.0   105.4   101.3   164.6   181.0   292.9   325.2   341.1   352.4   365.5   381.2   402.8   456.3  1485.6  3528.3  27312.0    27253
read      280.8   116.4    93.8   148.9   164.0   260.3   315.7   345.8   367.1   391.4   421.5   467.6   585.0   949.8  1483.1 105214.0   105279
read      284.3    71.9   101.3   166.4   183.5   290.7   320.0   335.2   344.8   357.5   371.1   395.0   440.2   566.2   966.9  23786.0    23628
read      272.6   115.8    86.8   141.5   156.1   250.8   310.4   342.6   364.6   388.6   416.8   457.3   548.0   841.3  3817.1  85944.0    86180
read      287.8    83.4   101.3   163.8   180.4   293.2   326.7   343.6   355.2   367.3   382.6   402.8   456.1   669.9  2215.5  28208.0    28305
read      292.6   105.6    93.8   157.1   172.8   293.0   340.1   361.7   375.3   391.0   408.1   433.9   497.8  1300.6  2548.8  39834.0    39975
read      291.4   114.3    93.8   154.5   170.9   292.3   337.8   360.1   374.5   390.9   408.9   435.6   498.7   692.5  4189.1  39179.0    39392
read      266.3    66.9   118.1   176.6   191.9   266.0   287.8   298.5   307.6   316.7   329.7   346.8   398.7   935.6  1895.9   9339.0     9232
read      299.5   117.7    93.8   147.9   162.7   286.9   346.4   377.1   398.1   423.3   456.1   507.7   621.0   815.8  1334.5  50070.0    50310
read      282.3   144.7    86.8   141.0   155.3   256.3   320.0   353.3   375.8   401.4   434.4   492.8   657.3   949.6  3813.6  78553.0    78444
read      268.0   119.1    86.8   139.8   153.6   246.1   304.0   334.8   356.0   379.4   406.5   449.5   548.2   934.7  3975.4  92759.0    92684
read      289.5    86.5   101.3   161.0   176.2   294.4   333.1   351.7   364.0   376.9   394.7   420.3   472.1   625.4  1858.7  33901.0    33919
read      261.4    61.8   109.4   172.4   187.5   261.1   283.2   294.5   303.1   312.7   323.8   345.5   402.7   862.4  1890.6   9688.0     9652
read      306.8   204.8    86.8   141.4   155.8   261.6   326.1   362.7   389.6   422.9   475.9   613.1  1060.7  2305.3  3962.8  83606.0    84235
read      272.0   163.1    86.8   138.5   151.8   242.1   302.4   334.3   356.5   380.7   409.3   454.6   631.9  2758.6  3702.8  89363.0    89236
read      292.7   100.3    93.8   159.3   175.3   296.5   337.8   357.3   369.8   384.8   401.3   427.7   476.6   870.8  3625.6  35170.0    35182
read      293.4   112.1   101.3   164.2   180.8   298.3   335.1   352.7   364.9   378.1   394.9   419.8   469.5   643.9  5403.5  29931.0    29868
read      276.9   107.9    86.8   142.7   157.1   259.9   323.6   353.8   372.9   394.0   418.7   453.9   530.8   690.1  2097.2  65181.0    65163
read      273.7    75.5   109.4   174.6   191.1   272.7   297.7   311.2   319.7   331.8   344.6   368.7   428.6   929.1  3085.5  12253.0    12137
read      300.7   129.1    86.8   143.6   158.5   280.7   345.3   379.6   403.8   433.2   470.8   534.7   679.6   939.4  1417.9  61437.0    61980
read      303.2   142.8    86.8   142.9   157.6   275.6   342.2   379.7   406.6   440.4   486.2   556.2   741.1  1179.4  2057.6  68726.0    68692
read      363.6   408.0    86.8   149.1   165.9   280.8   339.8   373.5   399.4   432.9   489.4   678.5  2610.7  3802.9  7973.2 107820.0   107979
read      288.9    96.5    93.8   153.6   169.0   289.6   339.0   361.2   375.3   391.9   410.5   435.9   496.0   616.4  1309.7  44897.0    44697
read      286.5    85.1   101.3   170.1   187.5   290.5   318.5   333.7   343.6   356.1   369.8   393.5   443.4   631.9  3206.5  21073.0    21036
read      302.6   213.8    93.8   142.3   156.6   257.2   320.9   356.5   382.9   414.6   461.5   579.5  1066.3  2932.8  5424.9  89055.0    89648
read      289.7    93.3   101.3   156.4   172.7   292.7   336.1   356.7   370.6   386.5   403.2   430.7   489.8   631.4  1642.4  38030.0    38068
read      291.4    75.9   101.3   169.5   187.2   298.0   329.4   344.0   355.1   367.0   382.0   402.9   456.6   607.4  1315.2  23827.0    23853
read      267.4   123.6    86.8   140.3   154.2   243.6   302.2   334.2   356.2   380.7   408.7   451.6   544.9   861.8  4200.3  94453.0    94618
read      272.4   121.8    86.8   139.2   153.1   248.0   311.7   344.2   366.1   389.5   417.1   458.0   566.5  1348.2  2512.2  79183.0    79614
read      289.8   171.1   109.4   166.7   182.9   294.5   325.5   341.5   352.7   365.3   380.2   401.6   453.4   828.0  2895.1  24407.0    24378
read      265.5   109.3    86.8   137.9   151.2   243.3   304.1   335.5   356.8   380.0   406.6   447.7   542.5   833.6  2066.3  84575.0    84735
read      269.8   119.7    86.8   141.3   155.2   248.4   306.7   338.6   360.4   384.3   412.3   453.2   541.9   817.2  1162.5  90668.0    90499
read      285.8    95.5    93.8   150.1   165.3   283.6   336.5   360.3   375.7   393.0   413.3   441.5   502.6   592.1   690.6  46642.0    46515
read      287.6    96.6   109.4   171.0   188.5   287.6   317.1   333.3   344.2   358.1   373.1   399.8   462.2  1051.7  3880.7  18987.0    18830
read      300.2   207.6    93.8   140.4   155.0   258.3   321.3   354.9   378.5   406.0   446.7   546.3  1122.1  2400.3  3759.5  83018.0    83245
read      289.7    87.7    93.8   157.3   173.9   293.8   336.2   355.9   369.0   384.2   401.0   428.5   478.3   569.7  1406.6  38165.0    38103
read      274.4   116.4    93.8   141.9   156.2   254.0   316.3   347.3   367.8   390.4   417.5   457.3   544.3   776.1  3198.7  78389.0    78351
read      274.7    75.4    93.8   176.9   193.6   273.0   298.9   312.1   320.3   332.1   344.3   367.4   425.1   936.7  2452.1  11962.0    11883
read      316.5   192.2    93.8   145.7   161.5   271.1   337.3   374.0   401.3   438.0   502.5   660.2  1023.8  2022.8  2761.2  81977.0    82546
read      283.7   108.7    86.8   145.9   161.4   275.3   333.0   359.5   376.5   395.8   418.9   451.7   523.7   643.1  1723.7  53492.0    53356
read      291.4    80.4    93.8   170.9   188.9   295.1   325.9   341.0   351.9   365.5   381.8   404.2   473.2   832.3  1383.6  21553.0    21606
read      290.4   151.7   109.4   174.5   191.4   287.9   317.0   333.2   344.1   358.4   373.9   399.8   463.6   980.4  7414.7  16532.0    16566
read      321.4   304.5    93.8   148.5   163.2   289.1   349.5   382.1   403.7   432.5   471.4   536.7   737.1  5481.8  7984.4  53104.0    53192
read      355.4   398.8    86.8   150.0   167.1   279.0   336.3   369.5   394.8   427.3   478.6   636.9  1984.7  4275.3  8076.5 109117.0   108883
read      259.7    75.9   101.3   174.7   188.6   258.3   278.4   289.1   295.7   305.9   317.2   338.0   405.5   964.8  3298.5   7434.0     7366
read      311.9   256.9    86.8   140.7   155.4   255.3   315.3   350.8   376.4   407.6   458.8   650.9  1431.9  2699.8  7609.3  93945.0    94850
read      270.4   114.9    93.8   140.2   154.0   247.2   306.0   337.6   359.6   384.4   414.1   459.2   572.0  1017.4  2317.4  93137.0    93630
read      270.6   189.8    86.8   138.5   151.7   247.7   310.7   342.0   362.8   384.8   409.7   448.5   528.3   831.9  8745.1  74163.0    74411
read      288.2    97.7    86.8   150.8   166.8   286.5   337.9   361.9   377.7   394.5   414.8   443.6   503.1   628.5  1083.6  44120.0    44291
read      292.8    86.2   109.4   174.7   192.9   294.7   325.3   340.6   351.5   365.1   381.2   403.5   456.5   897.8  2609.3  17880.0    18140
read      305.4   114.9    93.8   151.1   166.7   295.7   354.3   384.3   403.6   427.6   459.3   509.7   611.7   763.1   937.4  46021.0    46406
read      289.0   140.0    86.8   140.9   155.0   260.5   325.5   359.8   383.9   412.0   449.0   513.8   743.4  1310.0  1936.5  76588.0    76568
read      273.1   103.9    86.8   139.9   153.9   257.1   317.8   347.8   367.7   389.6   415.5   452.8   531.2   667.9  1712.2  67894.0    67484
read      277.0   116.1    93.8   141.5   155.9   258.7   322.1   353.0   373.1   395.0   421.1   458.5   538.1   731.0  2985.7  70317.0    70037
read      295.1   102.4   101.3   166.9   184.3   300.6   335.2   351.8   363.3   375.0   392.1   414.6   464.6   833.8  3731.0  28381.0    28245
read      271.6   111.4    86.8   141.2   155.6   249.4   308.3   339.9   361.9   385.9   414.5   458.6   569.2   885.6  1544.7  96028.0    95855
read      270.0   120.5    80.4   140.4   154.4   247.3   304.8   335.9   357.7   381.6   409.7   452.7   554.1  1437.3  2540.9  94853.0    94882
read      282.0    81.0   109.4   175.3   192.5   284.0   309.2   321.2   332.1   342.9   359.2   383.2   435.7   882.0  3835.4  15665.0    15781
read      294.2   140.3    93.8   142.2   157.1   263.8   329.1   364.3   388.8   417.6   458.3   542.0   780.1  1244.8  2061.5  76966.0    77465
read      290.9   101.2   109.4   175.3   192.8   292.1   319.7   335.4   345.5   359.2   373.6   400.1   466.0   891.1  6030.6  17989.0    18000
read      373.7   412.3    93.8   152.8   170.6   282.9   341.5   376.5   403.5   440.8   505.0   886.0  2431.8  3732.3  7899.5  99390.0    99573
read      274.0   111.3    86.8   142.8   157.5   252.8   310.4   341.5   363.4   387.8   417.6   461.3   568.8   870.2  2056.8  98771.0    99265
read      272.4   113.6    86.8   139.8   153.7   252.9   314.9   346.0   367.2   389.8   416.1   454.8   544.4   722.4  1095.0  75983.0    75628
read      289.4    84.2   109.4   169.0   186.3   293.3   323.5   339.1   349.6   363.6   379.6   403.2   465.1   587.8  3095.1  21449.0    21273
read      335.3   317.8    93.8   146.5   162.2   265.6   323.7   359.2   385.4   418.8   471.7   706.4  1850.6  3088.7  7650.5  99152.0    99065
read      277.9   159.2    93.8   143.3   158.0   261.7   323.8   352.2   371.2   391.8   415.6   449.0   515.0   735.1  3154.4  63248.0    62986
read      275.2   104.6    86.8   142.2   156.0   256.6   319.3   351.0   371.3   393.5   419.7   457.2   539.6   714.2  1017.4  71417.0    71174
read      290.0   104.1   101.3   166.7   183.2   296.2   328.3   343.7   355.0   366.9   382.0   402.8   455.7   640.5  6523.3  26392.0    26304
read      276.9    90.8   118.1   174.2   191.0   277.1   301.7   314.4   323.0   335.2   347.9   371.4   419.4   976.5  3973.6  13248.0    13354
read      300.2   104.6   101.3   156.1   172.2   297.7   346.3   371.4   388.2   405.6   430.4   467.8   547.9   680.7  2279.4  35475.0    35658
read      304.5   110.4    93.8   155.4   171.1   298.9   351.3   378.2   396.1   417.7   445.3   490.7   588.5   746.9  1385.9  40071.0    39892
read      281.7   102.6   118.1   174.9   191.5   280.0   306.9   320.4   331.8   343.4   360.1   383.3   433.4  1518.9  3666.6  14818.0    14874
read      295.9   131.8    93.8   143.9   158.6   270.7   335.8   369.9   393.9   422.1   461.7   536.6   711.9   970.9  1672.1  71468.0    71766
read      275.2   117.2    86.8   144.2   159.1   253.9   308.9   339.3   361.0   385.8   416.5   464.5   587.5   894.7  3267.9 107236.0   106924
read      280.4   119.0    93.8   141.6   156.0   260.2   325.5   356.3   376.5   398.5   425.0   464.1   567.1  1064.1  2386.2  68902.0    69312
read      294.1   102.0   109.4   168.7   185.6   297.1   329.3   345.0   357.7   371.1   390.1   418.1   481.5   617.3  4908.5  23218.0    23069
read      307.3   106.9    93.8   161.5   177.6   304.6   352.3   376.0   392.1   409.8   433.8   471.1   554.1  1293.0  1564.9  31709.0    31532
read      376.9   415.7    86.8   154.3   172.7   294.1   355.1   390.5   418.2   455.5   515.6   707.7  2414.3  4370.3  8667.6 105654.0   105945
read      270.4   146.3    93.8   141.6   155.7   246.4   303.5   335.0   357.2   382.1   412.2   457.6   578.8  1041.0  1805.3 100411.0   100442
read      256.6    71.2   109.4   173.6   187.3   255.9   274.6   286.1   293.4   302.9   315.2   335.5   399.9   914.4  3062.7   7078.0     7075
read      290.6    76.7   109.4   169.9   186.1   292.7   325.4   342.1   354.1   367.3   384.6   409.5   472.1   646.1  1010.9  21068.0    21318
read      310.5   262.3    86.8   143.9   159.3   259.5   316.0   347.6   371.2   399.2   436.6   527.9  1549.6  3051.7  7199.8 104107.0   104020
read      272.4   103.9    93.8   141.3   155.2   252.7   313.2   344.4   365.6   389.1   417.2   457.8   543.6   699.2  1110.6  78847.0    78635
read      289.7   139.2    93.8   152.1   167.8   285.6   337.6   361.3   376.8   394.0   414.5   443.6   506.1   632.4  8833.8  46907.0    46764
read      272.4   121.9   118.1   176.7   192.3   270.8   293.0   304.9   313.2   321.6   336.7   358.5   414.4  1144.1  7565.7   9511.0     9723
read      282.2    88.0   118.1   174.1   192.4   281.9   308.5   320.9   331.3   341.8   356.6   376.0   431.6  1310.6  3075.3  13106.0    13017
read      304.6   114.0    93.8   152.9   168.8   297.2   351.7   379.6   398.0   420.7   451.3   501.3   600.7   839.6  1592.0  40406.0    40662
read      305.3   144.6    93.8   157.5   174.2   299.6   347.1   371.7   389.0   407.6   433.0   472.2   565.4  1252.0  4989.8  34657.0    34465
read      302.6   121.2    93.8   149.8   165.2   291.3   349.7   380.0   400.6   425.8   457.5   506.5   606.9   852.9  1372.5  46698.0    46730
read      286.1   137.7    86.8   140.2   154.0   260.9   326.8   359.9   382.2   407.2   441.6   502.8   679.8  1054.5  5164.2  73143.0    73264
read      269.0   104.2    86.8   139.1   152.7   247.6   309.7   341.7   363.5   387.2   414.8   455.3   542.4   745.0   994.4  79737.0    79688
read      281.7   112.9    93.8   147.3   163.0   261.6   317.2   347.8   369.8   394.1   424.2   470.0   592.9   990.1  1603.8 108727.0   108967
read      279.6   110.3    86.8   143.7   158.7   269.4   328.4   355.4   373.2   392.6   415.3   448.5   518.2   668.1  4135.2  56341.0    56343
read      289.5   107.0    93.8   152.6   168.3   289.2   338.1   360.5   374.9   391.3   409.7   436.5   498.4   656.2  2927.3  41809.0    41842
read      292.3    75.7   109.4   173.3   191.5   294.1   324.9   340.7   351.9   365.5   382.2   405.8   475.7   727.9  1101.4  19895.0    19881
read      256.5    94.3   127.6   173.5   187.2   254.5   273.7   284.7   292.0   300.6   313.4   333.2   388.9  1236.0  3890.6   6001.0     6107
read      303.6   107.7    93.8   155.6   171.5   298.2   348.9   375.5   394.3   415.8   443.2   491.3   584.5   737.0  1770.9  38236.0    38731
read      303.1   140.0   101.3   162.1   178.0   301.1   343.7   367.4   383.5   400.4   423.8   458.8   536.6  1019.0  3696.7  30993.0    31156
read      303.3   171.7    86.8   143.8   158.9   266.1   332.0   366.9   392.1   423.1   467.6   578.0   931.5  1516.1  4515.3  79941.0    79889
read      296.4   122.9   101.3   162.3   178.4   300.6   339.6   358.3   370.6   385.7   402.1   429.7   482.5   671.1  4200.2  32103.0    31951
read      281.0   155.4    86.8   144.0   159.0   255.7   312.2   342.6   364.4   389.3   421.1   470.8   642.5  1753.2  4939.7 104802.0   105358
read      268.7   124.7    86.8   141.0   155.3   246.7   301.7   332.7   354.2   377.8   405.4   450.1   558.0  1043.4  3113.4 104881.0   104834
read      299.8   350.7   109.4   174.4   191.5   281.0   305.3   317.9   328.4   340.7   357.7   386.8   680.9  8199.7  9938.0  12442.0    12457
read      288.5   131.9    86.8   142.0   156.1   264.1   327.4   360.7   383.5   409.1   444.8   509.2   710.6  1041.0  1672.8  72712.0    72818
read      288.2   100.5   101.3   151.6   166.3   286.6   336.9   359.9   374.5   391.6   411.1   439.1   509.7   766.9  2618.8  44513.0    44775
read      272.7   104.6    93.8   140.3   154.1   254.8   318.2   348.4   368.1   389.4   414.4   451.1   531.5   695.7  1699.7  67994.0    68489
read      281.6    99.7    93.8   145.7   160.9   275.5   331.8   357.5   374.3   392.3   413.3   445.1   507.9   616.1  1098.0  52346.0    52510
read      266.7   114.2    86.8   138.2   151.6   245.3   305.9   337.2   358.4   381.4   407.6   448.9   539.5   749.3  1602.3  84868.0    84955
read      274.8    64.9   109.4   173.1   189.2   277.3   302.7   315.5   324.4   335.6   346.8   370.1   416.1   626.5  1449.3  14312.0    14282
read      329.7   300.0    86.8   143.0   158.1   264.3   329.2   365.3   392.6   428.8   496.2   685.7  1649.2  3200.1  7616.0  86778.0    87096
read      265.3   103.1    93.8   138.7   151.9   243.6   304.0   335.3   356.4   379.4   406.0   447.4   542.1   726.4  1474.3  90272.0    90273
read      291.2    90.2   101.3   161.3   177.3   297.9   334.3   351.6   363.6   376.2   393.7   418.4   466.9   550.2  3060.7  31490.0    31352
read      284.7    83.7   109.4   168.4   185.7   285.9   316.3   332.1   342.6   356.0   371.6   397.7   464.2   805.1  1894.4  19441.0    19469
read      248.8   136.2   118.1   168.9   181.1   243.6   262.5   272.0   279.6   289.4   300.6   319.1   379.6  1859.4  7708.6   7141.0     7075
read      302.9   173.2    93.8   158.6   174.3   294.7   338.9   360.6   374.6   391.9   412.2   445.1   655.6  2418.8  7112.4  35187.0    35529
read      274.2   157.4    86.8   139.7   153.2   247.9   309.9   342.5   364.3   388.0   416.6   460.9   592.7  1681.6  6088.5  84500.0    84543
read      288.1   116.2   109.4   171.5   189.2   291.3   318.8   333.1   342.2   354.1   368.7   392.5   442.1   950.4  7169.2  19725.0    19670
read      295.8   115.2    93.8   159.0   175.8   299.2   341.7   362.5   375.9   391.5   408.6   434.0   494.9   817.4  4273.5  35203.0    35779
read      271.2   111.2    86.8   138.6   152.1   247.7   311.1   343.6   366.0   390.1   418.6   461.7   567.4   937.4  1883.9  80887.0    80767
read      273.6   112.5    86.8   141.1   155.1   250.6   313.6   344.9   367.1   391.5   421.1   463.4   570.8   855.0  2302.7  84150.0    84436
read      275.7   132.3    86.8   141.4   155.8   248.7   305.1   336.5   359.2   385.0   417.0   469.4   699.2  1558.7  2185.0 102686.0   102570
read      278.8   110.4    86.8   141.8   156.1   262.4   326.8   356.2   375.2   396.5   422.5   461.8   548.7   686.7  1079.9  65099.0    64539
read      285.8    70.3   109.4   171.7   188.5   291.2   319.1   333.5   342.6   354.2   368.0   390.5   433.9   553.6  1016.8  20572.0    20695
read      293.7   109.1   101.3   163.7   179.7   298.2   336.1   353.7   365.3   377.9   394.9   420.3   475.1   738.3  5146.4  28728.0    29052
read      296.7   211.5    86.8   146.8   162.4   260.8   316.7   347.9   370.9   397.3   431.7   497.0   932.2  3102.1  5061.3 109608.0   109606
read      269.8   116.3    86.8   138.5   151.9   246.3   308.0   340.4   362.5   386.6   415.3   459.4   574.3   873.3  1988.0  86162.0    86574
read      287.4    85.4   101.3   162.9   179.4   293.4   326.4   342.6   354.3   367.1   383.4   405.4   460.7   564.3  2005.7  26184.0    26386
read      292.1    84.3   101.3   164.4   181.8   298.3   333.6   350.8   363.2   376.0   393.7   418.5   466.2   584.0  1693.4  30437.0    30300
read      269.7   119.0    86.8   138.8   152.4   247.1   310.0   341.9   363.5   386.9   414.1   453.4   537.5   780.9  3373.3  79043.0    79261
read      271.1   105.0    93.8   140.2   153.9   251.4   315.6   346.0   366.2   388.2   413.7   451.3   529.7   707.0   987.0  72683.0    72798
read      288.7    77.6   101.3   168.0   184.6   293.6   325.0   340.6   351.6   364.9   380.4   402.4   459.9   909.0  1084.3  23893.0    23763
read      293.4   122.1    93.8   148.9   163.3   285.0   339.0   366.1   384.9   405.5   434.4   479.0   557.0   680.8  3882.1  45134.0    45061
read      293.1   139.8    93.8   141.8   156.2   274.6   336.1   368.4   390.9   416.9   451.3   503.1   612.2  1575.7  3252.1  57688.0    57867
read      294.7   174.4   101.3   160.8   177.0   291.3   331.4   351.7   365.7   381.8   401.5   433.9   506.1  1892.1  8220.1  28757.0    28765
read      395.0   528.6    86.8   151.5   169.2   282.5   340.0   375.2   403.5   444.0   511.8   924.3  3285.5  6530.6  8123.0 105503.0   105615
read      285.8   124.3    93.8   148.4   164.4   265.4   319.5   349.8   371.0   395.6   427.1   475.0   609.4  1267.5  3383.6 109738.0   109800
read      273.0   109.1    86.8   141.3   155.6   250.7   311.6   343.3   365.4   389.3   417.6   460.4   568.6   892.5  1705.2  92214.0    92474
read      279.8   122.0    86.8   142.7   157.2   262.3   325.7   355.9   375.8   397.3   423.1   460.2   543.6   773.0  3549.1  69560.0    69536
read      272.7   117.5    86.8   142.6   157.2   250.8   306.7   336.5   357.8   382.1   411.5   458.0   578.6  1079.5  2572.2 108144.0   108847
read      291.5    90.5   101.3   156.7   173.3   296.4   339.4   359.6   372.4   387.8   403.7   430.5   484.6   564.1  1165.6  37807.0    37648
read      282.4   119.5    93.8   146.8   162.2   261.4   318.4   349.3   370.9   395.6   425.7   470.5   597.8  1139.9  2171.3  99237.0    98797
read      275.7   108.7    86.8   142.0   156.4   257.3   319.5   350.3   370.6   393.1   419.5   457.4   539.4   770.6  1739.1  72216.0    71781
read      291.2    97.0    93.8   153.4   169.3   291.1   341.3   364.6   379.8   396.3   416.5   443.9   504.8   646.7  1453.8  45643.0    45034
read      292.5    94.1   109.4   171.4   188.8   297.3   327.9   343.1   354.3   366.6   381.8   402.7   456.0   558.5  3127.7  23088.0    23060
read      399.0   555.9    86.8   147.1   163.5   279.5   338.6   372.5   398.9   434.1   500.3   863.4  3392.0  5080.5  8061.5  99597.0    99559
read      271.5   108.5    86.8   140.8   154.6   250.7   312.1   343.2   364.6   388.3   416.4   457.1   546.1   737.3  2474.5  79210.0    78907
read      299.4   222.1    93.8   148.0   163.9   265.2   320.4   351.9   374.0   400.1   434.8   496.6   868.3  3002.2  7626.4 110573.0   109987
read      282.3   186.4    86.8   142.6   157.3   251.8   310.6   342.5   365.2   390.9   422.6   470.8   676.8  2532.6  7409.5  95889.0    96463
read      282.9    93.0   118.1   175.1   192.1   284.9   310.3   322.5   332.4   342.3   356.8   375.9   429.3   923.9  2739.4  14631.0    14541
read      295.4    88.0   101.3   164.7   181.4   302.5   338.8   356.8   368.7   382.8   398.8   424.1   471.2   567.1  2374.3  30083.0    30227
read      269.9   109.8    86.8   142.8   157.5   248.3   303.3   333.7   355.0   379.0   407.7   452.5   554.8  1067.5  1725.3 108090.0   109068
read      272.4   145.8    93.8   139.6   153.5   251.8   313.8   345.0   365.7   388.3   414.5   452.0   536.5   775.9  5375.1  74004.0    73889
read      263.4   100.1    86.8   137.0   150.3   242.1   304.7   336.3   357.0   379.0   403.9   440.0   519.1   681.0  1113.5  81101.0    80825
read      268.1   116.4    86.8   140.4   154.4   244.7   301.8   332.4   353.8   378.4   407.7   454.0   570.0  1051.7  2722.5 102367.0   101968
read      289.9   110.6   109.4   165.4   181.8   293.6   328.4   344.6   356.6   369.2   386.1   408.4   461.8   590.8  4990.9  28179.0    28070
read      265.0   105.2    93.8   138.1   151.5   242.1   302.6   334.7   356.7   380.7   408.4   449.6   542.9   831.3  1562.2  88272.0    88127
read      264.9   107.9    86.8   139.3   152.8   242.0   301.0   333.2   354.7   378.1   405.1   446.9   536.9   803.1  1996.2  93444.0    93037
read      269.0   139.3    86.8   139.2   152.8   245.7   306.9   339.1   360.8   384.3   411.7   453.2   541.9   823.8  5934.8  85390.0    85313
read      292.7    97.1    93.8   153.3   169.5   293.3   343.4   366.5   381.8   397.9   418.7   447.8   505.7   621.2   690.5  42529.0    42639
read      279.6   180.2    86.8   142.1   156.7   252.5   313.5   345.8   368.4   393.6   424.2   468.7   595.6  1625.4  7264.5  89472.0    89688
read      273.0   150.9    86.8   139.4   152.9   248.5   311.8   343.3   364.9   388.1   415.5   455.6   546.7  1898.8  5356.6  77915.0    77922
read      289.1   119.6    93.8   153.0   169.0   287.9   337.4   360.4   375.2   391.8   410.8   437.2   495.0   585.5  3475.2  43597.0    43434
read      271.0   126.2    93.8   141.0   155.5   245.8   301.4   332.4   354.0   378.8   408.3   456.8   612.1  1587.5  2878.8 105420.0   105109
read      264.3   123.2    86.8   140.0   153.9   240.0   296.9   327.6   349.0   373.3   401.8   443.9   542.8  1012.2  3865.2 104219.0   104178
read      270.0   127.2    86.8   140.7   154.8   242.7   298.7   331.0   353.1   378.0   408.7   457.2   636.6  1485.9  2627.1 104032.0   103636
read      291.2   101.7   101.3   159.7   175.9   296.1   336.4   355.8   368.8   383.7   400.1   426.7   472.5   611.6  1338.4  33964.0    33841
read      280.6   109.9    86.8   142.6   157.1   263.8   326.7   357.0   377.2   399.3   426.2   464.5   553.9   831.9  1443.0  64878.0    65328
read      285.0   158.0    93.8   144.9   160.0   271.3   331.0   358.5   377.0   397.1   421.6   456.9   529.8   767.5  8267.9  54070.0    53849
read      276.8    62.6   109.4   174.8   191.3   280.0   304.9   316.7   325.4   336.2   347.0   369.5   419.1   591.4  1151.4  14211.0    14112
read      286.2   119.7    93.8   138.6   152.2   266.9   330.7   364.5   387.7   414.3   450.7   505.7   616.8   784.3  1178.7  64429.0    65229
read      284.6   117.5    93.8   142.5   156.9   261.8   326.5   360.0   382.3   406.2   437.9   491.6   639.5   885.8  1443.2  74863.0    74794
read      272.3   105.4    93.8   141.0   155.0   253.4   315.2   345.7   365.9   388.1   414.5   453.5   537.8   700.6  1539.1  76491.0    76657
read      265.6   126.9    86.8   137.4   150.8   241.0   301.1   332.6   354.1   377.7   404.1   445.4   543.9  1268.0  3378.5  92469.0    92562
read      271.2   109.1    86.8   140.0   153.9   250.3   311.6   343.6   365.2   388.4   415.6   456.5   545.7   730.9  2039.4  79681.0    79594
read      276.9   135.5    86.8   142.5   157.2   250.1   306.8   337.5   359.2   383.7   413.9   463.4   707.1  1612.6  2267.3 106238.0   106208
read      267.0   108.6    86.8   139.8   153.6   245.2   303.6   335.2   356.8   380.5   408.0   449.8   541.4   867.7  1655.0  95259.0    94770
read      281.3    70.8   109.4   170.5   186.5   283.7   312.2   326.7   336.9   347.4   363.8   387.3   436.3   775.8  1292.8  19102.0    19122
read      294.4   150.5    86.8   141.9   156.3   275.5   338.8   370.9   393.9   421.2   456.2   508.7   622.9   944.8  4074.5  59912.0    60408
read      302.4   190.0    86.8   143.3   158.5   254.6   316.2   352.1   379.1   413.7   468.9   621.3  1082.1  1719.5  2873.0  98622.0    98371
read      281.1   113.3    93.8   143.9   159.2   266.4   328.8   357.8   377.0   397.5   422.1   457.0   530.2   742.2  3834.0  61512.0    61350
read      270.1   108.6    86.8   138.9   152.3   248.1   310.5   342.3   364.0   387.7   415.4   456.7   559.4   846.1  1725.5  79270.0    78813
read      255.1   126.4   109.4   172.1   185.1   252.2   271.4   282.3   290.2   298.8   313.1   335.0   393.2   948.9  6322.8   5782.0     5604
read      273.8   114.6    93.8   140.3   154.3   250.6   313.1   344.9   367.4   391.6   420.4   463.9   585.2   903.5  2470.9  79987.0    81210
read      273.0   132.5    86.8   140.2   153.8   251.6   315.4   345.6   366.2   388.7   415.1   455.1   547.9   774.4  5260.9  73930.0    73960
read      288.6    85.6   101.3   166.0   181.9   294.6   328.1   344.0   355.7   367.9   384.0   404.8   461.1   577.0  1545.1  27979.0    28059
read      243.9   119.2   127.6   169.4   181.0   243.1   261.5   270.4   276.3   285.8   295.2   313.0   354.8   908.5  8399.5   6001.0     6090
read      299.9   137.5    93.8   141.8   156.3   277.5   341.7   376.3   401.2   432.1   472.9   538.7   691.0  1258.1  1931.9  64753.0    65353
read      299.2   190.4    93.8   145.4   160.0   281.8   342.4   374.0   395.9   422.1   457.9   513.1   629.4   920.2  5746.4  55328.0    55646
read      295.3   136.9    86.8   140.2   154.7   267.5   334.3   371.6   398.7   431.8   476.4   544.8   698.1  1083.7  1456.3  75743.0    75470
read      276.0   157.5    86.8   145.0   160.1   254.3   310.1   340.2   361.5   385.5   414.7   458.0   555.2   950.7  5510.2 102130.0   101368
read      287.3    77.5   109.4   170.5   187.7   291.6   320.7   335.6   345.0   357.5   370.8   394.6   448.0   806.9  1986.2  20132.0    20305
read      377.5   490.9    86.8   150.7   167.1   275.5   335.4   372.0   400.5   438.6   502.0   733.8  3002.9  4689.5  9976.0 101052.0   101317
read      270.8   101.9    86.8   144.2   159.2   251.2   306.6   336.8   357.9   381.0   407.8   450.8   543.8   735.2  1890.2 108574.0   108543
read      273.6   111.8    86.8   140.8   154.8   253.3   316.2   347.8   369.0   391.7   418.7   457.2   542.2   711.9  3104.1  80699.0    81018
read      276.8   123.1    80.4   144.4   159.6   254.3   310.8   341.8   363.5   387.9   417.8   463.2   589.6  1454.0  2545.1 106340.0   106524
read      286.6    96.8    93.8   149.8   164.9   283.0   339.3   363.4   379.1   396.1   416.3   443.0   499.3   591.0   872.6  50464.0    50658
read      289.3    93.1    93.8   152.4   168.4   292.6   340.8   361.9   375.2   391.5   409.5   435.0   490.6   580.6  1093.1  43577.0    43791
read      276.4    98.5   109.4   172.0   188.1   280.5   303.7   314.8   321.9   332.7   343.4   364.2   409.2  1060.8  6114.5  14486.0    14504
read      287.7    99.3    93.8   150.3   165.6   287.0   339.6   362.7   377.5   394.0   413.6   440.6   498.4   617.9  1865.8  47213.0    47555
read      276.7   127.0    93.8   142.0   156.2   259.8   323.0   352.1   371.3   392.4   417.1   452.4   527.9   692.6  3794.4  67572.0    67848
read      266.3   101.3    86.8   140.6   154.4   245.5   304.5   336.1   357.3   380.5   406.4   445.1   530.1   696.3  1638.8  93211.0    93337
read      273.6   122.0    93.8   140.0   153.7   250.3   312.6   344.1   365.3   388.3   415.8   459.0   600.9  1179.5  2370.9  82478.0    82735
read      275.0   148.7    86.8   140.7   154.8   251.8   315.9   346.8   367.6   390.3   416.9   455.3   542.5  1887.8  4632.3  79928.0    79691
read      279.0   110.2    86.8   142.5   157.2   265.7   330.0   358.0   376.2   395.1   417.7   449.2   511.3   631.3  3728.0  61503.0    61855
read      282.7   133.5    86.8   143.5   158.6   268.4   331.0   359.6   377.9   397.5   421.6   457.0   536.3   724.5  4527.9  61440.0    61378
read      289.9    83.9   101.3   164.7   181.0   297.1   330.1   345.4   357.3   369.6   385.9   405.3   453.5   570.5  2454.7  27540.0    27280
read      291.1    86.5   101.3   156.6   172.7   298.5   339.6   358.9   371.2   385.6   401.0   427.3   478.3   543.5   593.2  35783.0    35620
read      295.9   111.6   101.3   161.5   177.8   301.7   340.5   359.1   370.9   385.5   401.3   426.9   473.2   590.5  4646.2  32925.0    32911
read      272.0   113.8    86.8   140.4   154.3   252.6   316.5   347.9   368.2   390.1   416.0   453.8   529.9   652.3   838.5  76252.0    76628
read      293.4    85.1   101.3   161.3   177.4   303.1   338.9   356.2   367.8   381.3   397.9   422.5   466.8   550.6  2007.2  31966.0    32305
read      272.3   103.4    93.8   139.6   153.3   253.8   317.9   348.6   368.7   390.3   415.3   451.5   529.3   731.1  1041.9  74370.0    74231
read      275.3   104.6    93.8   141.0   155.5   257.8   322.8   353.2   372.7   394.1   419.5   455.5   527.8   655.6   831.2  69641.0    69333
read      284.2   102.6    86.8   146.4   161.8   277.2   335.9   361.8   378.4   396.5   418.4   448.8   507.4   599.2  1804.0  53463.0    53526
read      290.5   122.3    86.8   152.7   169.1   291.6   340.5   362.2   376.0   392.2   410.3   435.0   484.3   588.6  6522.5  44066.0    43970
read      271.9   114.1    86.8   140.9   155.2   249.8   308.5   339.9   361.7   385.7   414.1   455.3   553.3  1054.0  2402.0  93099.0    92984
read      286.9    81.4   101.3   168.6   186.2   294.8   322.8   337.0   345.9   358.3   371.2   393.0   432.8   528.6  1132.0  22831.0    22716
read      272.7   109.0    86.8   141.8   155.8   251.7   314.2   345.7   366.9   389.7   416.3   455.0   542.1   760.6  2212.8  86307.0    86539
read      274.9   130.6    86.8   140.7   155.1   255.2   319.1   349.0   368.8   390.3   415.2   450.7   527.2  1246.8  3692.6  73866.0    73888
read      272.4   102.3    86.8   140.4   154.4   254.5   317.9   347.7   367.8   389.4   414.5   450.4   521.1   653.3  1636.4  73952.0    73554
read      289.7   154.5   101.3   165.2   181.3   294.5   326.5   341.3   351.7   364.0   377.6   400.1   447.5   761.2  9015.6  27184.0    26912
read      287.9   101.1    93.8   150.9   166.8   287.2   337.0   360.3   375.7   393.1   413.3   440.8   501.3   594.0  3065.5  44797.0    44840
read      282.1    94.6   109.4   172.1   189.3   286.1   310.3   321.5   331.3   341.1   354.5   373.2   425.2   944.0  3900.9  16977.0    16966
read      284.7   116.1    93.8   147.8   163.0   279.2   334.5   359.3   374.8   392.6   413.2   442.3   506.4   675.7  5600.4  51740.0    51903
read      272.4   105.0    93.8   140.2   153.7   255.4   320.1   349.4   368.2   389.0   413.1   447.6   518.2   669.7  1861.2  71772.0    71461
read      286.9    99.8   101.3   168.3   185.0   292.0   319.1   333.3   342.3   354.0   368.2   391.6   439.2   992.4  5102.3  21407.0    21248
read      269.3   123.9    93.8   141.0   155.4   247.1   305.3   337.0   358.8   382.5   410.3   451.6   546.0   826.2  1973.3  98416.0    98493
read      280.1   107.4    86.8   147.5   163.0   260.9   316.3   346.3   368.1   392.3   421.9   465.5   576.5   970.1  1440.2 105408.0   105716
read      285.8   137.9   109.4   170.3   187.5   289.5   315.4   328.8   338.0   347.3   362.4   382.2   432.2   911.0  8143.8  19857.0    19488
read      278.4    69.7   101.3   172.9   189.9   283.3   307.1   318.4   327.2   337.2   347.6   368.4   411.5   877.0  1048.2  16413.0    16605
read      271.6   108.0    93.8   140.1   153.9   252.4   317.6   347.7   367.5   389.0   413.7   449.5   521.8   641.2  2229.2  74977.0    75130
read      288.9   111.0    93.8   150.6   166.4   287.6   339.7   362.3   376.5   392.6   411.0   436.0   493.2   976.1  2714.0  46135.0    45842
read      284.9    99.3    86.8   149.5   164.7   282.6   335.8   359.5   374.5   391.4   410.2   436.0   493.0   617.0  1241.5  48834.0    48598
read      274.2   102.1    86.8   141.2   155.5   259.0   321.4   350.8   370.1   390.8   414.8   449.3   514.8   622.5  2077.7  67493.0    67944
read      287.5    95.7   101.3   163.7   180.2   294.1   326.4   341.1   351.7   364.6   379.2   400.0   445.4   566.9  4002.1  26910.0    26800
read      282.5   101.0    86.8   147.1   162.3   278.3   333.3   357.3   372.7   389.9   409.0   436.9   499.0   591.0  2157.4  50399.0    49959
read      283.4   107.4    93.8   146.4   161.7   277.4   333.7   358.8   374.8   392.9   413.7   442.2   503.9   761.3  2345.6  53971.0    54114
read      275.8   129.5    93.8   141.5   156.0   259.2   321.5   350.5   369.5   390.1   414.2   449.1   521.4   684.2  3991.2  66663.0    66577
read      288.4   124.9    93.8   155.1   170.9   291.7   335.8   355.4   367.9   382.2   398.7   424.6   470.4   626.7  5991.5  39246.0    39563
read      294.5   191.4    93.8   155.2   171.8   294.3   340.5   361.3   374.6   390.8   408.4   433.8   488.6   605.2  8625.2  40424.0    40228
read      268.8   104.5    86.8   140.7   154.8   247.6   307.7   339.4   360.7   384.0   411.4   451.0   536.0   718.4  1692.5  92466.0    92385
read      288.8    84.8   101.3   158.2   175.3   297.5   335.1   352.5   364.4   377.0   393.5   416.3   462.2   555.1  1057.0  35332.0    35189
read      291.0    95.2    93.8   158.6   174.8   298.6   337.3   355.6   367.8   381.6   397.6   422.2   467.8   591.1  2472.4  34569.0    34744
read      275.7    82.1   109.4   171.2   189.1   281.4   302.8   313.7   320.5   331.6   343.3   364.7   401.4   858.8  2660.9  15367.0    15082
read      269.3   112.9    86.8   141.1   154.7   248.6   309.1   340.1   361.4   384.8   411.7   451.1   528.2   682.1  1788.6  87881.0    87824
read      290.2   104.3    93.8   158.9   175.2   297.9   334.0   351.2   363.3   375.5   393.1   416.9   464.2   622.3  2744.3  33913.0    33965
read      286.1    87.8    93.8   154.2   170.0   290.6   333.2   353.4   366.7   381.4   398.0   424.0   471.5   587.2  1150.4  38654.0    38138
read      286.7    90.0    93.8   152.9   169.0   290.6   335.9   356.6   370.1   385.7   402.2   429.1   480.5   560.2   825.3  42362.0    42450
read      279.4   136.2    86.8   142.0   156.4   263.0   326.2   355.5   374.3   395.3   420.1   455.7   530.3   709.7  6212.7  65575.0    65120
read      277.6    62.7   118.1   170.9   187.7   283.5   307.6   318.7   327.6   337.6   348.4   369.6   412.6   563.3  1005.2  17259.0    17329
read      278.4   103.5    93.8   144.3   159.0   271.1   328.4   354.0   370.7   389.5   410.6   438.4   500.0   585.7   728.0  56422.0    56524
read      287.8    85.7    93.8   157.1   173.4   294.6   334.1   352.3   364.6   377.7   394.8   419.7   466.8   545.6  1263.6  36298.0    36287
read      274.4    72.1   109.4   171.2   187.4   278.4   301.8   313.7   321.1   332.1   343.2   363.1   402.4   889.0  2891.4  14570.0    14642
read      280.4    96.5    93.8   145.2   160.8   274.7   330.7   356.1   372.8   390.8   410.9   438.0   497.2   570.9   653.5  53329.0    53127
read      276.0   125.6    93.8   141.6   156.0   259.3   322.7   352.0   371.0   391.3   415.1   450.4   526.4   704.7  3861.7  66960.0    67385
read      271.8   106.5    86.8   140.5   154.5   251.5   313.6   344.5   365.2   387.7   414.0   453.4   542.3   816.0  1616.2  80115.0    80362
read      278.9   152.7    86.8   145.4   160.8   256.3   312.1   342.7   364.9   389.7   419.3   463.0   580.5  1411.7  5900.4 105559.0   105193
read      286.3   101.0    93.8   149.4   164.3   283.3   337.7   361.8   377.4   394.8   415.7   445.0   506.1   617.7  1438.5  50574.0    50992
read      276.1   193.5    86.8   143.2   157.5   254.5   315.4   346.6   367.4   390.4   417.8   456.9   542.4   785.6  6408.9  85454.0    85438
read      283.2    99.7    86.8   147.5   163.0   280.5   334.5   358.1   373.1   390.3   409.3   435.3   496.3   614.1  1183.6  50548.0    50475
read      274.9    69.5   109.4   170.4   187.5   280.8   303.0   314.2   321.1   332.2   343.4   364.6   404.3   774.4  1952.7  15575.0    15668
read      275.1   101.8    86.8   141.2   155.7   260.0   321.4   351.0   369.7   390.3   414.5   450.7   536.3   690.4   830.2  66773.0    66984
read      283.7   106.3    93.8   146.2   161.3   274.1   334.2   361.7   379.3   398.1   420.7   452.0   512.4   615.5  2084.6  57068.0    57056
read      286.5    95.2    86.8   150.6   166.2   287.9   336.3   358.5   372.8   389.5   407.8   434.6   491.4   581.5  2112.3  45365.0    45383
read      262.4    64.5   109.4   172.4   187.6   265.2   284.8   294.4   302.0   311.2   320.3   339.2   387.7   918.9  3012.8   9162.0     9044
read      291.6    97.7    93.8   154.7   171.0   295.3   341.4   361.5   374.1   389.5   405.3   432.4   490.4   657.2  2649.4  39640.0    39958
read      275.7   105.6    86.8   141.0   155.7   261.0   323.9   353.0   371.6   392.1   415.9   449.9   519.7   626.4  1298.6  67068.0    67432
read      289.5    74.9   101.3   166.7   183.6   298.4   326.9   340.9   350.9   363.4   376.9   399.1   442.6   565.0   993.5  23368.0    23503
read      269.8   138.2    86.8   139.9   153.5   246.8   307.6   338.6   359.8   383.2   411.0   452.7   546.5   798.0  6143.7  89895.0    89906
read      279.1   101.1    86.8   142.7   157.9   267.6   328.8   356.7   374.9   394.5   417.7   450.9   516.6   635.8   936.0  61062.0    60865
read      267.1   111.5   109.4   172.0   186.5   267.6   288.3   298.4   306.7   315.0   325.8   344.2   399.5  1013.6  4396.2  10142.0    10097
read      269.3   100.6    86.8   142.7   157.3   250.1   306.0   336.0   357.2   380.7   408.1   450.0   537.3   699.1  1232.0 103386.0   104385
read      279.0   126.8   101.3   170.0   186.2   282.7   306.9   318.3   327.2   337.4   348.4   369.3   413.2  1029.3  6351.5  16873.0    16694
read      272.7   103.8    86.8   143.4   158.0   252.2   311.5   343.1   364.4   387.6   415.2   456.3   544.6   730.0  1115.6  96545.0    96807
read      288.3   130.3   101.3   165.5   182.1   293.9   322.6   336.9   345.9   358.8   372.3   396.4   448.7  1012.1  7093.1  23813.0    23545
read      288.7   128.7    93.8   146.0   161.5   279.6   336.2   362.6   379.9   398.2   420.6   453.4   538.3  1572.9  2718.4  53083.0    53603
read      278.3   210.3    86.8   141.9   156.3   256.0   318.7   349.4   369.5   391.5   417.4   455.5   541.3  1144.8  8399.8  77992.0    77963
read      268.1   105.0    86.8   141.8   155.8   246.7   303.3   334.8   356.5   380.5   407.9   450.0   542.8   818.7  1448.6  98744.0    99004
read      273.3   141.1    86.8   142.3   156.7   251.4   311.8   342.7   364.0   386.9   413.3   451.8   540.9   871.3  6791.2  88917.0    89009
read      273.5   108.1    86.8   145.5   160.6   253.6   308.6   338.3   359.4   383.1   411.3   454.0   549.5   913.1  2375.7 110006.0   109606
read      270.8   120.6    93.8   142.0   156.2   248.9   307.4   338.9   360.3   383.7   411.3   452.4   546.9   808.4  4039.8  95277.0    94996
read      289.2    76.0   101.3   166.1   182.6   296.9   328.4   343.1   354.0   366.2   380.8   401.3   450.7   557.3  1170.6  26076.0    26308
read      273.3   169.0    86.8   139.2   153.2   251.8   316.3   347.6   367.9   390.0   416.1   453.9   536.1   725.2  4015.2  76820.0    76851
read      278.7   148.1    86.8   146.4   161.5   256.8   313.7   343.7   365.2   389.5   418.8   462.0   566.3  1088.8  7678.2 105290.0   105149
read      285.9   163.7    93.8   148.8   163.6   280.0   335.8   360.4   376.2   393.8   414.6   443.1   503.3   606.7  2509.6  51835.0    51656
read      269.3    60.9   118.1   171.4   186.9   273.3   294.8   306.4   314.0   321.8   334.8   349.8   399.3   879.0  1177.7  12453.0    12606
read      282.2   113.1    93.8   146.2   161.5   272.8   332.1   358.9   376.3   395.1   417.0   447.2   505.5   607.7  2101.4  56035.0    56950

Total QPS = 58247.6 (84458960 / 1450.0s)

Total connections = 64
Misses = 0 (0.0%)
Skipped TXs = 0 (0.0%)

RX 20861362626 bytes :   13.7 MB/s
TX          0 bytes :    0.0 MB/s
Warning! Detected max cpu usage > 95%
CPU Usage Stats (avg/min/max): 99.91%,36.27%,100.00%
