Controller pinned to core 3.
Scheduler started.
pulled barnes
pulled radix
pulled blackscholes
pulled canneal
pulled freqmine
pulled streamcluster
pulled vips
[MEMCACHED] cores updated to: ['0', '1', '2']
[radix] started on cores: [3] with 1 threads.
[monitor] ['0%', '0%', '0%', '100%']  memcached=0.0%
[MEMCACHED] cores updated to: ['0', '2']
[radix] paused.
[barnes] started on cores: [1, 3] with 2 threads.
[monitor] ['3%', '41%', '0%', '62%']  memcached=3.2%
[MEMCACHED] cores updated to: ['0']
[radix] unpaused.
[radix] cores updated to: [2]
[monitor] ['0%', '83%', '100%', '23%']  memcached=0.0%
[monitor] ['3%', '100%', '100%', '0%']  memcached=3.4%
[monitor] ['19%', '100%', '100%', '57%']  memcached=19.4%
[monitor] ['19%', '100%', '100%', '100%']  memcached=19.4%
[monitor] ['19%', '100%', '100%', '100%']  memcached=19.4%
[monitor] ['25%', '100%', '100%', '100%']  memcached=25.0%
[monitor] ['22%', '93%', '100%', '100%']  memcached=21.9%
[monitor] ['22%', '100%', '100%', '100%']  memcached=21.9%
[monitor] ['22%', '100%', '100%', '100%']  memcached=21.9%
[monitor] ['23%', '100%', '100%', '100%']  memcached=23.3%
[monitor] ['17%', '100%', '100%', '100%']  memcached=16.7%
[monitor] ['23%', '100%', '100%', '100%']  memcached=23.3%
[monitor] ['22%', '100%', '100%', '100%']  memcached=21.9%
[monitor] ['26%', '100%', '100%', '100%']  memcached=25.8%
[monitor] ['22%', '100%', '100%', '100%']  memcached=21.9%
[monitor] ['14%', '100%', '100%', '100%']  memcached=14.3%
[monitor] ['17%', '100%', '100%', '100%']  memcached=16.7%
[monitor] ['23%', '100%', '100%', '100%']  memcached=22.6%
[monitor] ['19%', '100%', '100%', '100%']  memcached=19.4%
[monitor] ['19%', '100%', '100%', '100%']  memcached=19.4%
[monitor] ['19%', '100%', '100%', '100%']  memcached=19.4%
[monitor] ['17%', '100%', '100%', '100%']  memcached=16.7%
[monitor] ['22%', '100%', '100%', '100%']  memcached=21.9%
[monitor] ['20%', '100%', '100%', '100%']  memcached=20.0%
[monitor] ['23%', '100%', '100%', '100%']  memcached=22.6%
[monitor] ['19%', '100%', '100%', '100%']  memcached=19.4%
[monitor] ['14%', '100%', '100%', '100%']  memcached=13.8%
[monitor] ['17%', '100%', '100%', '100%']  memcached=16.7%
[monitor] ['29%', '100%', '100%', '100%']  memcached=29.0%
[monitor] ['23%', '100%', '100%', '100%']  memcached=22.6%
[monitor] ['19%', '100%', '100%', '100%']  memcached=19.4%
[monitor] ['17%', '100%', '100%', '100%']  memcached=17.2%
[monitor] ['19%', '100%', '100%', '100%']  memcached=19.4%
[monitor] ['19%', '100%', '100%', '100%']  memcached=19.4%
[monitor] ['19%', '100%', '100%', '100%']  memcached=19.4%
[monitor] ['22%', '100%', '100%', '100%']  memcached=21.9%
[monitor] ['26%', '100%', '100%', '100%']  memcached=25.8%
[monitor] ['19%', '100%', '100%', '100%']  memcached=19.4%
[monitor] ['26%', '100%', '100%', '100%']  memcached=26.5%
[monitor] ['19%', '100%', '100%', '100%']  memcached=19.4%
[monitor] ['24%', '100%', '100%', '100%']  memcached=24.2%
[monitor] ['24%', '100%', '100%', '100%']  memcached=24.2%
[monitor] ['23%', '100%', '100%', '100%']  memcached=22.6%
[monitor] ['26%', '100%', '100%', '100%']  memcached=26.5%
[monitor] ['23%', '100%', '100%', '100%']  memcached=22.6%
[monitor] ['24%', '100%', '100%', '100%']  memcached=24.2%
[monitor] ['19%', '100%', '100%', '100%']  memcached=19.4%
[monitor] ['22%', '100%', '100%', '100%']  memcached=21.9%
[monitor] ['17%', '100%', '100%', '100%']  memcached=16.7%
[monitor] ['22%', '100%', '100%', '100%']  memcached=21.9%
[monitor] ['14%', '100%', '100%', '100%']  memcached=13.8%
[monitor] ['38%', '100%', '100%', '100%']  memcached=38.2%
[monitor] ['83%', '100%', '100%', '100%']  memcached=83.3%
[MEMCACHED] cores updated to: ['0', '2']
[radix] paused.
[monitor] ['61%', '100%', '65%', '100%']  memcached=126.0%
[monitor] ['64%', '100%', '62%', '100%']  memcached=126.1%
[monitor] ['63%', '100%', '63%', '100%']  memcached=125.7%
[monitor] ['60%', '100%', '63%', '100%']  memcached=123.2%
[monitor] ['65%', '100%', '66%', '100%']  memcached=130.7%
[monitor] ['64%', '100%', '65%', '100%']  memcached=128.8%
[monitor] ['62%', '100%', '65%', '100%']  memcached=127.0%
[monitor] ['66%', '100%', '65%', '100%']  memcached=130.6%
[monitor] ['66%', '100%', '68%', '100%']  memcached=133.4%
[monitor] ['65%', '100%', '61%', '100%']  memcached=125.8%
[monitor] ['61%', '100%', '65%', '100%']  memcached=126.0%
[monitor] ['63%', '100%', '65%', '100%']  memcached=127.7%
[monitor] ['63%', '100%', '63%', '100%']  memcached=125.7%
[monitor] ['62%', '100%', '63%', '100%']  memcached=124.6%
[monitor] ['62%', '100%', '60%', '100%']  memcached=122.2%
[monitor] ['64%', '100%', '67%', '100%']  memcached=130.6%
[monitor] ['64%', '100%', '63%', '100%']  memcached=126.7%
[monitor] ['64%', '100%', '66%', '100%']  memcached=129.7%
[monitor] ['65%', '100%', '64%', '100%']  memcached=128.8%
[monitor] ['65%', '100%', '63%', '100%']  memcached=127.6%
[monitor] ['66%', '100%', '64%', '100%']  memcached=129.6%
[monitor] ['61%', '100%', '64%', '100%']  memcached=125.0%
[monitor] ['63%', '100%', '64%', '100%']  memcached=126.7%
[monitor] ['63%', '100%', '64%', '100%']  memcached=126.7%
[monitor] ['63%', '11%', '66%', '100%']  memcached=128.6%
[monitor] ['63%', '14%', '63%', '100%']  memcached=126.0%
[monitor] ['63%', '100%', '64%', '100%']  memcached=126.7%
[monitor] ['64%', '100%', '64%', '100%']  memcached=127.8%
[monitor] ['63%', '100%', '65%', '89%']  memcached=127.7%
[monitor] ['65%', '100%', '64%', '100%']  memcached=128.8%
[monitor] ['62%', '100%', '67%', '100%']  memcached=128.4%
[monitor] ['64%', '100%', '66%', '100%']  memcached=129.7%
[monitor] ['63%', '100%', '63%', '100%']  memcached=125.7%
[monitor] ['63%', '100%', '64%', '100%']  memcached=126.7%
[monitor] ['63%', '100%', '64%', '100%']  memcached=126.7%
[monitor] ['67%', '100%', '64%', '100%']  memcached=130.6%
[monitor] ['63%', '100%', '65%', '100%']  memcached=127.6%
[monitor] ['65%', '100%', '66%', '100%']  memcached=130.7%
[monitor] ['63%', '100%', '65%', '100%']  memcached=127.7%
[monitor] ['66%', '100%', '67%', '100%']  memcached=132.5%
[monitor] ['64%', '100%', '65%', '100%']  memcached=128.8%
[monitor] ['69%', '100%', '69%', '100%']  memcached=138.0%
[monitor] ['62%', '100%', '64%', '100%']  memcached=125.7%
[monitor] ['66%', '100%', '66%', '100%']  memcached=131.4%
[monitor] ['63%', '100%', '63%', '100%']  memcached=125.7%
[monitor] ['64%', '100%', '66%', '100%']  memcached=129.7%
[monitor] ['63%', '100%', '67%', '100%']  memcached=129.5%
[monitor] ['64%', '100%', '62%', '100%']  memcached=125.7%
[monitor] ['76%', '100%', '83%', '100%']  memcached=159.3%
[monitor] ['88%', '100%', '94%', '100%']  memcached=181.2%
[MEMCACHED] cores updated to: ['0', '1', '2']
[radix] unpaused.
[radix] cores updated to: [3]
[barnes] paused.
[monitor] ['69%', '71%', '79%', '100%']  memcached=219.0%
[monitor] ['69%', '74%', '79%', '100%']  memcached=222.4%
[monitor] ['70%', '72%', '80%', '100%']  memcached=221.9%
[monitor] ['70%', '76%', '82%', '100%']  memcached=228.5%
[monitor] ['70%', '76%', '81%', '100%']  memcached=227.4%
[monitor] ['69%', '70%', '79%', '100%']  memcached=217.9%
[monitor] ['70%', '74%', '79%', '100%']  memcached=222.6%
[monitor] ['72%', '76%', '84%', '100%']  memcached=231.5%
[monitor] ['72%', '79%', '82%', '100%']  memcached=232.5%
[monitor] ['72%', '76%', '80%', '100%']  memcached=227.6%
[monitor] ['71%', '74%', '82%', '100%']  memcached=226.7%
[monitor] ['71%', '73%', '79%', '100%']  memcached=222.9%
[monitor] ['71%', '74%', '82%', '100%']  memcached=226.5%
[monitor] ['73%', '76%', '79%', '100%']  memcached=227.9%
[monitor] ['68%', '76%', '81%', '100%']  memcached=224.7%
[monitor] ['69%', '74%', '81%', '100%']  memcached=223.5%
[monitor] ['69%', '76%', '79%', '100%']  memcached=223.9%
[monitor] ['68%', '71%', '79%', '100%']  memcached=218.5%
[monitor] ['71%', '74%', '78%', '100%']  memcached=223.1%
[monitor] ['67%', '71%', '78%', '100%']  memcached=215.9%
[monitor] ['73%', '77%', '82%', '100%']  memcached=231.7%
[monitor] ['69%', '79%', '81%', '100%']  memcached=229.4%
[monitor] ['74%', '75%', '82%', '100%']  memcached=230.9%
[monitor] ['71%', '74%', '79%', '100%']  memcached=224.3%
[monitor] ['68%', '74%', '82%', '100%']  memcached=223.0%
[monitor] ['71%', '72%', '79%', '100%']  memcached=221.6%
[monitor] ['73%', '77%', '79%', '100%']  memcached=229.3%
[monitor] ['69%', '78%', '85%', '100%']  memcached=231.4%
[monitor] ['73%', '77%', '82%', '100%']  memcached=231.7%
[monitor] ['73%', '76%', '84%', '100%']  memcached=233.6%
[monitor] ['70%', '70%', '79%', '100%']  memcached=218.8%
[monitor] ['72%', '78%', '82%', '100%']  memcached=231.8%
[monitor] ['71%', '77%', '85%', '100%']  memcached=233.0%
[monitor] ['74%', '76%', '81%', '100%']  memcached=231.2%
[monitor] ['72%', '79%', '82%', '100%']  memcached=233.0%
[monitor] ['69%', '74%', '81%', '100%']  memcached=224.3%
[monitor] ['71%', '74%', '79%', '100%']  memcached=224.4%
[monitor] ['71%', '79%', '82%', '100%']  memcached=231.7%
[monitor] ['70%', '74%', '79%', '100%']  memcached=222.6%
[monitor] ['73%', '76%', '81%', '100%']  memcached=229.1%
[monitor] ['71%', '74%', '79%', '100%']  memcached=222.9%
[monitor] ['67%', '73%', '77%', '100%']  memcached=216.5%
[monitor] ['73%', '77%', '82%', '100%']  memcached=232.2%
[monitor] ['71%', '76%', '78%', '100%']  memcached=225.2%
[monitor] ['71%', '76%', '82%', '100%']  memcached=228.9%
[monitor] ['72%', '78%', '81%', '100%']  memcached=230.6%
[monitor] ['71%', '76%', '83%', '100%']  memcached=229.9%
[monitor] ['61%', '67%', '72%', '100%']  memcached=199.8%
[monitor] ['53%', '58%', '61%', '100%']  memcached=171.9%
[monitor] ['51%', '52%', '58%', '100%']  memcached=161.3%
[monitor] ['50%', '54%', '55%', '100%']  memcached=158.8%
[monitor] ['54%', '56%', '61%', '100%']  memcached=171.3%
[monitor] ['53%', '56%', '58%', '100%']  memcached=166.7%
[monitor] ['52%', '57%', '59%', '100%']  memcached=167.1%
[monitor] ['50%', '54%', '57%', '100%']  memcached=161.4%
[monitor] ['54%', '56%', '60%', '100%']  memcached=169.8%
[monitor] ['52%', '59%', '58%', '100%']  memcached=169.3%
[monitor] ['57%', '56%', '65%', '100%']  memcached=177.9%
[monitor] ['50%', '53%', '58%', '100%']  memcached=161.3%
[monitor] ['48%', '56%', '61%', '100%']  memcached=165.4%
[monitor] ['53%', '56%', '58%', '100%']  memcached=166.8%
[monitor] ['53%', '57%', '58%', '100%']  memcached=167.5%
[monitor] ['53%', '62%', '57%', '100%']  memcached=171.8%
[monitor] ['53%', '60%', '58%', '100%']  memcached=171.3%
[monitor] ['53%', '64%', '61%', '100%']  memcached=178.2%
[monitor] ['53%', '60%', '60%', '100%']  memcached=172.9%
[monitor] ['53%', '59%', '61%', '100%']  memcached=172.1%
[monitor] ['53%', '60%', '58%', '100%']  memcached=170.5%
[monitor] ['53%', '59%', '60%', '100%']  memcached=171.8%
[monitor] ['48%', '62%', '55%', '100%']  memcached=164.8%
[monitor] ['54%', '59%', '61%', '100%']  memcached=174.2%
[monitor] ['58%', '64%', '60%', '100%']  memcached=182.2%
[monitor] ['56%', '60%', '60%', '100%']  memcached=175.6%
[monitor] ['51%', '62%', '60%', '100%']  memcached=173.2%
[monitor] ['56%', '63%', '61%', '100%']  memcached=179.9%
[monitor] ['54%', '60%', '57%', '100%']  memcached=171.2%
[monitor] ['54%', '65%', '58%', '100%']  memcached=177.5%
[monitor] ['52%', '65%', '59%', '100%']  memcached=175.2%
[monitor] ['56%', '65%', '61%', '100%']  memcached=181.4%
[monitor] ['54%', '67%', '58%', '100%']  memcached=178.5%
[monitor] ['50%', '61%', '58%', '100%']  memcached=168.9%
[monitor] ['56%', '64%', '56%', '100%']  memcached=175.3%
[monitor] ['53%', '64%', '60%', '100%']  memcached=176.6%
[monitor] ['55%', '65%', '59%', '100%']  memcached=179.4%
[monitor] ['52%', '63%', '60%', '100%']  memcached=174.4%
[monitor] ['53%', '63%', '57%', '100%']  memcached=173.2%
[monitor] ['53%', '56%', '59%', '100%']  memcached=167.5%
[monitor] ['53%', '58%', '59%', '100%']  memcached=169.3%
[monitor] ['50%', '53%', '59%', '100%']  memcached=162.4%
[monitor] ['53%', '57%', '57%', '100%']  memcached=166.8%
[monitor] ['68%', '69%', '71%', '74%']  memcached=207.6%
[radix] ended.
[blackscholes] started on cores: [3] with 3 threads.
[monitor] ['54%', '60%', '63%', '100%']  memcached=177.1%
[monitor] ['57%', '61%', '61%', '100%']  memcached=178.9%
[monitor] ['48%', '60%', '60%', '100%']  memcached=168.5%
[monitor] ['54%', '58%', '58%', '100%']  memcached=171.0%
[monitor] ['54%', '58%', '62%', '100%']  memcached=174.5%
[monitor] ['48%', '56%', '56%', '100%']  memcached=159.6%
[monitor] ['41%', '43%', '47%', '100%']  memcached=131.3%
[MEMCACHED] cores updated to: ['0', '2']
[barnes] unpaused.
[blackscholes] paused.
[monitor] ['50%', '100%', '54%', '100%']  memcached=104.3%
[monitor] ['48%', '100%', '50%', '100%']  memcached=98.5%
[monitor] ['51%', '100%', '51%', '100%']  memcached=102.9%
[monitor] ['53%', '100%', '54%', '100%']  memcached=107.2%
[monitor] ['54%', '100%', '54%', '100%']  memcached=108.3%
[monitor] ['53%', '100%', '54%', '100%']  memcached=107.2%
[monitor] ['55%', '100%', '54%', '100%']  memcached=108.8%
[monitor] ['51%', '100%', '57%', '100%']  memcached=108.2%
[monitor] ['53%', '100%', '56%', '100%']  memcached=109.0%
[monitor] ['53%', '100%', '54%', '100%']  memcached=107.2%
[monitor] ['53%', '100%', '54%', '100%']  memcached=107.2%
[monitor] ['53%', '100%', '54%', '100%']  memcached=107.2%
[monitor] ['69%', '100%', '67%', '100%']  memcached=136.1%
[monitor] ['55%', '100%', '67%', '100%']  memcached=121.2%
[monitor] ['54%', '100%', '53%', '100%']  memcached=107.2%
[monitor] ['48%', '100%', '50%', '100%']  memcached=98.4%
[monitor] ['50%', '100%', '53%', '100%']  memcached=102.9%
[monitor] ['50%', '100%', '50%', '100%']  memcached=100.0%
[monitor] ['53%', '100%', '54%', '100%']  memcached=107.2%
[monitor] ['53%', '100%', '54%', '100%']  memcached=107.2%
[monitor] ['52%', '100%', '57%', '100%']  memcached=108.3%
[monitor] ['53%', '100%', '54%', '100%']  memcached=107.0%
[monitor] ['53%', '100%', '54%', '100%']  memcached=107.2%
[monitor] ['48%', '100%', '54%', '100%']  memcached=102.8%
[monitor] ['53%', '100%', '55%', '100%']  memcached=108.2%
[monitor] ['57%', '100%', '58%', '100%']  memcached=115.5%
[monitor] ['51%', '100%', '54%', '100%']  memcached=105.7%
[monitor] ['56%', '100%', '54%', '100%']  memcached=109.8%
[monitor] ['48%', '100%', '51%', '100%']  memcached=99.8%
[monitor] ['51%', '100%', '54%', '100%']  memcached=105.7%
[monitor] ['54%', '100%', '51%', '100%']  memcached=105.7%
[monitor] ['76%', '100%', '76%', '100%']  memcached=151.5%
[monitor] ['94%', '100%', '60%', '100%']  memcached=154.4%
[monitor] ['100%', '100%', '57%', '100%']  memcached=157.1%
[monitor] ['88%', '100%', '68%', '100%']  memcached=155.4%
[monitor] ['54%', '100%', '100%', '100%']  memcached=154.3%
[monitor] ['57%', '100%', '100%', '100%']  memcached=156.8%
[monitor] ['55%', '100%', '100%', '100%']  memcached=154.5%
[monitor] ['54%', '100%', '100%', '100%']  memcached=154.3%
[monitor] ['55%', '100%', '100%', '100%']  memcached=154.5%
[monitor] ['94%', '100%', '60%', '100%']  memcached=154.1%
[monitor] ['100%', '100%', '57%', '100%']  memcached=157.1%
[monitor] ['100%', '100%', '59%', '100%']  memcached=159.5%
[monitor] ['94%', '100%', '65%', '100%']  memcached=158.8%
[monitor] ['53%', '100%', '100%', '100%']  memcached=152.9%
[monitor] ['53%', '100%', '100%', '100%']  memcached=152.9%
[monitor] ['56%', '100%', '97%', '100%']  memcached=153.0%
[monitor] ['53%', '100%', '53%', '100%']  memcached=105.6%
[monitor] ['61%', '100%', '63%', '100%']  memcached=124.0%
[monitor] ['64%', '100%', '62%', '100%']  memcached=126.1%
[monitor] ['65%', '100%', '64%', '100%']  memcached=128.8%
[monitor] ['60%', '100%', '63%', '100%']  memcached=122.9%
[monitor] ['67%', '100%', '63%', '100%']  memcached=129.5%
[monitor] ['63%', '37%', '65%', '100%']  memcached=127.7%
[monitor] ['64%', '4%', '65%', '100%']  memcached=128.8%
[monitor] ['61%', '21%', '64%', '97%']  memcached=124.5%
[monitor] ['63%', '100%', '67%', '100%']  memcached=129.5%
[monitor] ['66%', '100%', '63%', '100%']  memcached=128.6%
[monitor] ['67%', '100%', '67%', '90%']  memcached=133.3%
[monitor] ['63%', '100%', '67%', '100%']  memcached=129.5%
[monitor] ['62%', '100%', '63%', '100%']  memcached=125.0%
[monitor] ['64%', '100%', '63%', '100%']  memcached=126.5%
[monitor] ['64%', '100%', '65%', '100%']  memcached=128.8%
[monitor] ['65%', '100%', '64%', '100%']  memcached=128.8%
[monitor] ['66%', '100%', '67%', '100%']  memcached=132.4%
[monitor] ['61%', '100%', '63%', '100%']  memcached=123.5%
[monitor] ['63%', '100%', '64%', '100%']  memcached=126.7%
[monitor] ['62%', '100%', '66%', '100%']  memcached=128.0%
[monitor] ['62%', '100%', '64%', '100%']  memcached=125.7%
[monitor] ['65%', '100%', '61%', '100%']  memcached=126.0%
[monitor] ['60%', '100%', '64%', '100%']  memcached=123.9%
[monitor] ['60%', '100%', '59%', '100%']  memcached=118.8%
[monitor] ['64%', '100%', '67%', '100%']  memcached=130.6%
[monitor] ['65%', '100%', '66%', '100%']  memcached=130.7%
[monitor] ['65%', '100%', '65%', '100%']  memcached=129.7%
[monitor] ['64%', '100%', '66%', '100%']  memcached=129.7%
[monitor] ['64%', '100%', '64%', '100%']  memcached=127.8%
[monitor] ['62%', '100%', '64%', '100%']  memcached=125.7%
[monitor] ['63%', '100%', '64%', '100%']  memcached=126.7%
[monitor] ['64%', '100%', '64%', '100%']  memcached=127.8%
[monitor] ['63%', '100%', '67%', '100%']  memcached=129.5%
[monitor] ['65%', '100%', '64%', '100%']  memcached=128.8%
[monitor] ['62%', '100%', '66%', '100%']  memcached=127.5%
[monitor] ['63%', '100%', '66%', '100%']  memcached=128.6%
[monitor] ['62%', '100%', '65%', '100%']  memcached=127.0%
[monitor] ['65%', '100%', '64%', '100%']  memcached=128.8%
[monitor] ['64%', '100%', '63%', '100%']  memcached=126.7%
[monitor] ['64%', '100%', '68%', '100%']  memcached=131.5%
[monitor] ['61%', '100%', '63%', '100%']  memcached=124.0%
[monitor] ['63%', '100%', '64%', '100%']  memcached=126.7%
[monitor] ['63%', '100%', '65%', '100%']  memcached=127.7%
[monitor] ['66%', '100%', '68%', '100%']  memcached=133.4%
[monitor] ['64%', '100%', '63%', '100%']  memcached=126.7%
[monitor] ['64%', '100%', '64%', '100%']  memcached=127.8%
[monitor] ['63%', '100%', '64%', '100%']  memcached=126.7%
[monitor] ['63%', '100%', '65%', '100%']  memcached=127.7%
[monitor] ['66%', '100%', '64%', '100%']  memcached=129.6%
[monitor] ['59%', '100%', '68%', '100%']  memcached=126.4%
[monitor] ['48%', '100%', '51%', '100%']  memcached=99.9%
[monitor] ['50%', '100%', '51%', '100%']  memcached=101.4%
[monitor] ['47%', '100%', '52%', '100%']  memcached=98.4%
[monitor] ['47%', '100%', '49%', '100%']  memcached=95.4%
[monitor] ['50%', '100%', '54%', '100%']  memcached=104.3%
[monitor] ['51%', '100%', '54%', '100%']  memcached=105.5%
[monitor] ['50%', '100%', '48%', '100%']  memcached=98.5%
[monitor] ['50%', '100%', '53%', '100%']  memcached=102.8%
[monitor] ['54%', '100%', '53%', '100%']  memcached=107.1%
[monitor] ['51%', '100%', '54%', '100%']  memcached=105.7%
[monitor] ['50%', '100%', '51%', '100%']  memcached=101.4%
[monitor] ['53%', '100%', '51%', '100%']  memcached=104.2%
[monitor] ['50%', '100%', '53%', '100%']  memcached=102.8%
[monitor] ['51%', '100%', '51%', '100%']  memcached=102.9%
[monitor] ['54%', '100%', '53%', '100%']  memcached=106.8%
[monitor] ['50%', '100%', '54%', '100%']  memcached=104.3%
[monitor] ['51%', '100%', '50%', '100%']  memcached=101.4%
[monitor] ['48%', '100%', '53%', '100%']  memcached=101.3%
[monitor] ['52%', '100%', '48%', '100%']  memcached=100.0%
[monitor] ['51%', '100%', '57%', '100%']  memcached=108.2%
[monitor] ['51%', '100%', '51%', '100%']  memcached=102.9%
[monitor] ['47%', '100%', '51%', '100%']  memcached=98.3%
[monitor] ['50%', '100%', '51%', '100%']  memcached=101.4%
[monitor] ['47%', '100%', '52%', '100%']  memcached=98.4%
[monitor] ['52%', '100%', '53%', '100%']  memcached=104.3%
[monitor] ['50%', '100%', '47%', '100%']  memcached=96.9%
[monitor] ['53%', '100%', '56%', '100%']  memcached=108.5%
[monitor] ['47%', '100%', '53%', '100%']  memcached=99.8%
[monitor] ['52%', '100%', '53%', '100%']  memcached=104.5%
[monitor] ['48%', '100%', '51%', '100%']  memcached=99.9%
[monitor] ['50%', '100%', '51%', '100%']  memcached=101.4%
[monitor] ['47%', '100%', '51%', '100%']  memcached=98.1%
[monitor] ['50%', '100%', '53%', '100%']  memcached=102.9%
[monitor] ['47%', '100%', '50%', '100%']  memcached=96.9%
[monitor] ['51%', '100%', '53%', '100%']  memcached=104.2%
[monitor] ['48%', '67%', '48%', '100%']  memcached=97.0%
[monitor] ['47%', '7%', '51%', '100%']  memcached=98.3%
[monitor] ['48%', '28%', '50%', '100%']  memcached=98.5%
[monitor] ['50%', '100%', '53%', '100%']  memcached=102.8%
[monitor] ['48%', '100%', '53%', '100%']  memcached=101.3%
[monitor] ['50%', '100%', '53%', '83%']  memcached=102.9%
[monitor] ['53%', '100%', '53%', '100%']  memcached=105.7%
[monitor] ['53%', '100%', '57%', '100%']  memcached=109.5%
[monitor] ['55%', '100%', '53%', '100%']  memcached=107.5%
[monitor] ['47%', '100%', '53%', '100%']  memcached=99.4%
[monitor] ['53%', '100%', '54%', '100%']  memcached=107.1%
[monitor] ['47%', '100%', '51%', '100%']  memcached=98.3%
[monitor] ['48%', '100%', '51%', '100%']  memcached=99.8%
[monitor] ['51%', '100%', '53%', '100%']  memcached=104.4%
[monitor] ['56%', '100%', '56%', '100%']  memcached=111.8%
[monitor] ['97%', '100%', '94%', '100%']  memcached=190.3%
[MEMCACHED] cores updated to: ['0', '1', '2']
[barnes] paused.
[blackscholes] unpaused.
[monitor] ['71%', '75%', '82%', '100%']  memcached=227.8%
[monitor] ['74%', '76%', '82%', '100%']  memcached=231.6%
[monitor] ['73%', '81%', '88%', '100%']  memcached=241.5%
[monitor] ['71%', '79%', '87%', '100%']  memcached=237.5%
[monitor] ['75%', '76%', '82%', '100%']  memcached=233.1%
[monitor] ['74%', '81%', '90%', '100%']  memcached=244.2%
[monitor] ['75%', '79%', '85%', '100%']  memcached=239.1%
[monitor] ['72%', '79%', '85%', '100%']  memcached=235.5%
[monitor] ['76%', '81%', '85%', '100%']  memcached=242.6%
[monitor] ['74%', '79%', '87%', '100%']  memcached=239.6%
[monitor] ['71%', '81%', '85%', '100%']  memcached=237.5%
[monitor] ['70%', '76%', '82%', '100%']  memcached=227.3%
[monitor] ['76%', '78%', '84%', '100%']  memcached=238.5%
[monitor] ['73%', '79%', '87%', '100%']  memcached=238.6%
[monitor] ['75%', '82%', '88%', '100%']  memcached=245.1%
[monitor] ['73%', '79%', '87%', '100%']  memcached=238.6%
[monitor] ['74%', '74%', '82%', '100%']  memcached=229.6%
[monitor] ['76%', '80%', '85%', '100%']  memcached=240.6%
[monitor] ['74%', '76%', '83%', '100%']  memcached=232.0%
[monitor] ['69%', '79%', '84%', '100%']  memcached=231.9%
[monitor] ['72%', '77%', '82%', '100%']  memcached=231.4%
[monitor] ['70%', '76%', '85%', '100%']  memcached=230.3%
[monitor] ['75%', '80%', '85%', '100%']  memcached=239.8%
[monitor] ['71%', '76%', '82%', '100%']  memcached=229.0%
[monitor] ['74%', '79%', '88%', '100%']  memcached=240.9%
[monitor] ['75%', '79%', '88%', '100%']  memcached=241.9%
[monitor] ['75%', '81%', '88%', '100%']  memcached=243.8%
[monitor] ['72%', '79%', '85%', '100%']  memcached=235.5%
[monitor] ['72%', '79%', '87%', '100%']  memcached=237.9%
[monitor] ['74%', '81%', '85%', '100%']  memcached=239.7%
[monitor] ['73%', '81%', '87%', '100%']  memcached=240.6%
[monitor] ['74%', '79%', '88%', '100%']  memcached=240.8%
[monitor] ['70%', '77%', '84%', '100%']  memcached=231.8%
[monitor] ['73%', '79%', '82%', '100%']  memcached=233.3%
[monitor] ['75%', '76%', '85%', '100%']  memcached=235.6%
[monitor] ['71%', '76%', '84%', '100%']  memcached=231.4%
[monitor] ['70%', '73%', '82%', '100%']  memcached=225.1%
[monitor] ['74%', '78%', '85%', '100%']  memcached=237.3%
[monitor] ['76%', '79%', '84%', '100%']  memcached=238.9%
[monitor] ['73%', '81%', '87%', '100%']  memcached=241.1%
[monitor] ['75%', '77%', '88%', '100%']  memcached=240.0%
[monitor] ['76%', '79%', '87%', '100%']  memcached=243.0%
[monitor] ['73%', '79%', '85%', '100%']  memcached=236.4%
[monitor] ['71%', '74%', '79%', '100%']  memcached=225.0%
[monitor] ['70%', '74%', '81%', '100%']  memcached=225.1%
[monitor] ['70%', '74%', '80%', '100%']  memcached=223.2%
[monitor] ['74%', '76%', '81%', '100%']  memcached=230.5%
[monitor] ['70%', '74%', '82%', '100%']  memcached=225.0%
[monitor] ['72%', '75%', '84%', '100%']  memcached=231.2%
[monitor] ['72%', '78%', '85%', '100%']  memcached=234.8%
[monitor] ['74%', '79%', '87%', '100%']  memcached=239.7%
[monitor] ['71%', '74%', '83%', '100%']  memcached=228.5%
[monitor] ['73%', '76%', '82%', '100%']  memcached=230.8%
[monitor] ['71%', '76%', '82%', '100%']  memcached=229.7%
[monitor] ['23%', '26%', '29%', '100%']  memcached=78.2%
[MEMCACHED] cores updated to: ['0', '2']
[barnes] unpaused.
[blackscholes] paused.
[monitor] ['15%', '100%', '7%', '100%']  memcached=21.8%
[MEMCACHED] cores updated to: ['0']
[blackscholes] unpaused.
[blackscholes] cores updated to: [2]
[monitor] ['97%', '100%', '100%', '100%']  memcached=96.8%
[MEMCACHED] cores updated to: ['0', '1', '3']
[barnes] paused.
[monitor] ['90%', '93%', '100%', '93%']  memcached=276.2%
[monitor] ['100%', '97%', '100%', '100%']  memcached=296.7%
[monitor] ['97%', '97%', '100%', '97%']  memcached=290.2%
[monitor] ['93%', '96%', '100%', '96%']  memcached=286.0%
[monitor] ['93%', '97%', '100%', '96%']  memcached=285.8%
[monitor] ['97%', '100%', '100%', '97%']  memcached=293.8%
[monitor] ['87%', '100%', '100%', '100%']  memcached=287.1%
[monitor] ['79%', '94%', '100%', '97%']  memcached=269.7%
[monitor] ['76%', '87%', '100%', '87%']  memcached=250.7%
[monitor] ['74%', '81%', '100%', '84%']  memcached=239.2%
[monitor] ['77%', '78%', '100%', '82%']  memcached=237.1%
[monitor] ['73%', '74%', '100%', '82%']  memcached=228.9%
[monitor] ['76%', '82%', '100%', '85%']  memcached=243.0%
[monitor] ['72%', '74%', '100%', '79%']  memcached=225.2%
[monitor] ['71%', '76%', '100%', '76%']  memcached=223.7%
[monitor] ['74%', '74%', '100%', '83%']  memcached=229.9%
[monitor] ['71%', '76%', '100%', '79%']  memcached=226.6%
[monitor] ['77%', '81%', '100%', '85%']  memcached=243.1%
[monitor] ['77%', '80%', '100%', '82%']  memcached=239.0%
[monitor] ['74%', '76%', '100%', '83%']  memcached=232.9%
[monitor] ['75%', '76%', '100%', '82%']  memcached=233.3%
[monitor] ['74%', '79%', '100%', '80%']  memcached=233.7%
[monitor] ['76%', '79%', '100%', '82%']  memcached=237.0%
[monitor] ['74%', '79%', '100%', '82%']  memcached=236.1%
[monitor] ['75%', '79%', '100%', '82%']  memcached=235.6%
[monitor] ['71%', '76%', '100%', '77%']  memcached=224.2%
[monitor] ['71%', '74%', '100%', '79%']  memcached=223.7%
[monitor] ['74%', '76%', '100%', '81%']  memcached=230.6%
[monitor] ['71%', '79%', '100%', '81%']  memcached=231.5%
[monitor] ['74%', '77%', '100%', '79%']  memcached=230.8%
[monitor] ['71%', '77%', '100%', '80%']  memcached=227.7%
[monitor] ['72%', '79%', '100%', '84%']  memcached=235.2%
[monitor] ['76%', '79%', '100%', '82%']  memcached=236.9%
[monitor] ['74%', '80%', '100%', '83%']  memcached=237.6%
[monitor] ['74%', '78%', '100%', '82%']  memcached=233.5%
[monitor] ['74%', '79%', '100%', '80%']  memcached=233.7%
[monitor] ['71%', '75%', '100%', '79%']  memcached=225.8%
[monitor] ['75%', '80%', '100%', '82%']  memcached=236.8%
[monitor] ['72%', '79%', '100%', '82%']  memcached=233.1%
[monitor] ['78%', '79%', '100%', '82%']  memcached=239.0%
[monitor] ['71%', '77%', '100%', '82%']  memcached=230.1%
[monitor] ['71%', '76%', '100%', '76%']  memcached=224.4%
[monitor] ['69%', '71%', '100%', '77%']  memcached=218.0%
[monitor] ['71%', '74%', '100%', '77%']  memcached=222.0%
[monitor] ['71%', '76%', '100%', '76%']  memcached=223.5%
[monitor] ['69%', '72%', '100%', '76%']  memcached=216.6%
[monitor] ['68%', '71%', '100%', '73%']  memcached=211.8%
[monitor] ['69%', '75%', '100%', '76%']  memcached=220.9%
[monitor] ['71%', '73%', '100%', '79%']  memcached=222.7%
[monitor] ['71%', '76%', '100%', '77%']  memcached=225.0%
[monitor] ['68%', '74%', '100%', '76%']  memcached=217.7%
[monitor] ['69%', '69%', '100%', '74%']  memcached=211.7%
[monitor] ['69%', '75%', '100%', '76%']  memcached=220.0%
[monitor] ['66%', '71%', '100%', '73%']  memcached=209.8%
[monitor] ['66%', '71%', '100%', '74%']  memcached=210.9%
[monitor] ['71%', '74%', '100%', '77%']  memcached=222.0%
[monitor] ['70%', '74%', '100%', '76%']  memcached=219.0%
[monitor] ['69%', '75%', '100%', '78%']  memcached=222.1%
[monitor] ['67%', '71%', '100%', '75%']  memcached=213.1%
[monitor] ['71%', '72%', '100%', '76%']  memcached=219.8%
[monitor] ['69%', '71%', '100%', '76%']  memcached=216.5%
[monitor] ['66%', '74%', '100%', '76%']  memcached=214.8%
[monitor] ['68%', '71%', '100%', '76%']  memcached=214.7%
[monitor] ['68%', '74%', '100%', '75%']  memcached=216.2%
[monitor] ['72%', '76%', '100%', '79%']  memcached=226.4%
[monitor] ['69%', '75%', '100%', '77%']  memcached=221.6%
[monitor] ['71%', '74%', '100%', '76%']  memcached=220.6%
[monitor] ['69%', '74%', '100%', '78%']  memcached=219.9%
[monitor] ['68%', '73%', '100%', '77%']  memcached=217.5%
[monitor] ['74%', '76%', '100%', '76%']  memcached=226.5%
[monitor] ['68%', '74%', '100%', '79%']  memcached=220.6%
[monitor] ['74%', '77%', '100%', '79%']  memcached=230.1%
[monitor] ['68%', '71%', '100%', '74%']  memcached=213.4%
[monitor] ['68%', '73%', '100%', '74%']  memcached=214.7%
[monitor] ['68%', '71%', '100%', '74%']  memcached=213.4%
[monitor] ['71%', '76%', '100%', '77%']  memcached=224.3%
[monitor] ['67%', '72%', '100%', '76%']  memcached=214.3%
[monitor] ['70%', '74%', '100%', '79%']  memcached=222.8%
[monitor] ['69%', '75%', '100%', '77%']  memcached=220.7%
[monitor] ['71%', '75%', '100%', '79%']  memcached=225.2%
[monitor] ['68%', '71%', '100%', '76%']  memcached=214.7%
[monitor] ['71%', '76%', '100%', '76%']  memcached=223.7%
[monitor] ['69%', '74%', '100%', '79%']  memcached=222.4%
[monitor] ['72%', '74%', '100%', '76%']  memcached=222.2%
[monitor] ['74%', '79%', '100%', '79%']  memcached=231.9%
[monitor] ['67%', '74%', '100%', '76%']  memcached=216.7%
[monitor] ['69%', '71%', '100%', '74%']  memcached=213.4%
[monitor] ['70%', '76%', '100%', '78%']  memcached=223.2%
[monitor] ['69%', '74%', '100%', '77%']  memcached=219.2%
[monitor] ['71%', '74%', '100%', '78%']  memcached=223.8%
[monitor] ['46%', '46%', '100%', '49%']  memcached=140.3%
[monitor] ['44%', '43%', '100%', '43%']  memcached=130.2%
[MEMCACHED] cores updated to: ['0', '3']
[barnes] unpaused.
[barnes] cores updated to: [1, 2]
[blackscholes] paused.
[monitor] ['56%', '100%', '100%', '53%']  memcached=108.3%
[monitor] ['54%', '100%', '100%', '54%']  memcached=108.6%
[monitor] ['54%', '100%', '100%', '53%']  memcached=106.8%
[monitor] ['51%', '100%', '100%', '51%']  memcached=102.9%
[monitor] ['53%', '100%', '100%', '54%']  memcached=107.0%
[monitor] ['51%', '100%', '100%', '56%']  memcached=107.0%
[monitor] ['54%', '100%', '100%', '53%']  memcached=106.8%
[monitor] ['53%', '100%', '100%', '56%']  memcached=108.5%
[monitor] ['51%', '100%', '100%', '53%']  memcached=104.2%
[monitor] ['54%', '100%', '100%', '56%']  memcached=109.8%
[monitor] ['56%', '100%', '100%', '53%']  memcached=108.5%
[monitor] ['51%', '100%', '100%', '53%']  memcached=104.1%
[monitor] ['51%', '100%', '100%', '51%']  memcached=102.8%
[monitor] ['50%', '100%', '100%', '51%']  memcached=101.4%
[monitor] ['49%', '100%', '100%', '51%']  memcached=99.9%
[monitor] ['49%', '100%', '100%', '49%']  memcached=97.1%
[monitor] ['49%', '100%', '100%', '49%']  memcached=97.1%
[monitor] ['53%', '100%', '100%', '51%']  memcached=104.2%
[monitor] ['50%', '100%', '100%', '54%']  memcached=104.3%
[monitor] ['53%', '100%', '100%', '54%']  memcached=106.8%
[monitor] ['47%', '100%', '100%', '49%']  memcached=95.6%
[monitor] ['50%', '100%', '100%', '51%']  memcached=101.4%
[monitor] ['51%', '100%', '100%', '50%']  memcached=101.4%
[monitor] ['50%', '100%', '100%', '54%']  memcached=104.1%
[monitor] ['49%', '100%', '100%', '50%']  memcached=98.6%
[monitor] ['54%', '100%', '100%', '54%']  memcached=108.1%
[monitor] ['49%', '100%', '100%', '51%']  memcached=99.9%
[monitor] ['49%', '100%', '100%', '53%']  memcached=101.3%
[monitor] ['50%', '100%', '100%', '53%']  memcached=102.6%
[monitor] ['50%', '100%', '100%', '50%']  memcached=100.0%
[monitor] ['50%', '100%', '100%', '50%']  memcached=100.0%
[monitor] ['47%', '100%', '100%', '53%']  memcached=99.8%
[monitor] ['50%', '100%', '100%', '51%']  memcached=101.4%
[monitor] ['50%', '100%', '100%', '53%']  memcached=102.6%
[monitor] ['47%', '100%', '100%', '50%']  memcached=97.1%
[monitor] ['51%', '100%', '100%', '51%']  memcached=102.7%
[monitor] ['49%', '100%', '100%', '50%']  memcached=98.6%
[monitor] ['47%', '100%', '100%', '53%']  memcached=99.8%
[monitor] ['53%', '100%', '100%', '50%']  memcached=102.8%
[monitor] ['49%', '100%', '100%', '51%']  memcached=99.9%
[monitor] ['51%', '100%', '100%', '51%']  memcached=102.8%
[monitor] ['53%', '100%', '100%', '51%']  memcached=104.1%
[monitor] ['47%', '100%', '100%', '53%']  memcached=99.7%
[monitor] ['50%', '100%', '100%', '50%']  memcached=100.0%
[monitor] ['49%', '100%', '100%', '55%']  memcached=103.8%
[monitor] ['47%', '100%', '100%', '51%']  memcached=98.4%
[monitor] ['47%', '100%', '100%', '50%']  memcached=97.1%
[monitor] ['36%', '100%', '100%', '40%']  memcached=76.4%
[monitor] ['16%', '57%', '100%', '16%']  memcached=32.3%
[MEMCACHED] cores updated to: ['0']
[blackscholes] unpaused.
[blackscholes] cores updated to: [3]
[monitor] ['14%', '100%', '7%', '100%']  memcached=14.3%
[monitor] ['33%', '29%', '29%', '100%']  memcached=33.3%
[barnes] ended.
[blackscholes] cores updated to: [1, 2, 3]
[monitor] ['25%', '100%', '100%', '100%']  memcached=25.0%
[monitor] ['21%', '100%', '100%', '100%']  memcached=20.7%
[monitor] ['22%', '100%', '100%', '100%']  memcached=21.9%
[monitor] ['14%', '100%', '100%', '100%']  memcached=14.3%
[monitor] ['25%', '100%', '100%', '100%']  memcached=25.0%
[monitor] ['23%', '100%', '100%', '100%']  memcached=23.3%
[monitor] ['17%', '100%', '100%', '100%']  memcached=17.2%
[monitor] ['29%', '100%', '100%', '100%']  memcached=29.0%
[monitor] ['19%', '100%', '100%', '100%']  memcached=19.4%
[monitor] ['20%', '100%', '100%', '100%']  memcached=20.0%
[monitor] ['25%', '100%', '100%', '100%']  memcached=25.0%
[monitor] ['17%', '100%', '100%', '100%']  memcached=17.2%
[monitor] ['25%', '100%', '100%', '100%']  memcached=25.0%
[monitor] ['23%', '100%', '100%', '100%']  memcached=22.6%
[monitor] ['25%', '100%', '100%', '100%']  memcached=25.0%
[monitor] ['20%', '100%', '100%', '100%']  memcached=20.0%
[monitor] ['17%', '100%', '100%', '100%']  memcached=17.2%
[monitor] ['20%', '100%', '100%', '100%']  memcached=20.0%
[monitor] ['20%', '100%', '100%', '100%']  memcached=20.0%
[monitor] ['23%', '100%', '100%', '100%']  memcached=22.6%
[monitor] ['25%', '100%', '100%', '100%']  memcached=25.0%
[monitor] ['14%', '100%', '100%', '100%']  memcached=14.3%
[monitor] ['23%', '100%', '100%', '100%']  memcached=22.6%
[monitor] ['27%', '100%', '100%', '100%']  memcached=27.3%
[monitor] ['23%', '100%', '100%', '100%']  memcached=22.6%
[monitor] ['27%', '100%', '100%', '100%']  memcached=27.3%
[monitor] ['25%', '100%', '100%', '100%']  memcached=25.0%
[monitor] ['23%', '100%', '100%', '100%']  memcached=23.3%
[monitor] ['25%', '100%', '100%', '100%']  memcached=25.0%
[monitor] ['22%', '100%', '100%', '100%']  memcached=21.9%
[monitor] ['23%', '100%', '100%', '100%']  memcached=22.6%
[monitor] ['27%', '100%', '100%', '100%']  memcached=27.3%
[monitor] ['23%', '100%', '100%', '100%']  memcached=22.6%
[monitor] ['17%', '100%', '100%', '100%']  memcached=17.2%
[monitor] ['23%', '100%', '100%', '100%']  memcached=22.6%
[monitor] ['20%', '100%', '100%', '100%']  memcached=20.0%
[monitor] ['23%', '100%', '100%', '100%']  memcached=22.6%
[monitor] ['26%', '100%', '100%', '100%']  memcached=25.8%
[monitor] ['14%', '100%', '100%', '100%']  memcached=14.3%
[monitor] ['26%', '100%', '100%', '100%']  memcached=26.5%
[monitor] ['31%', '100%', '100%', '100%']  memcached=31.2%
[monitor] ['19%', '100%', '100%', '100%']  memcached=19.4%
[monitor] ['23%', '100%', '100%', '100%']  memcached=22.6%
[monitor] ['22%', '100%', '100%', '100%']  memcached=21.9%
[monitor] ['20%', '100%', '100%', '100%']  memcached=20.0%
[monitor] ['26%', '100%', '100%', '100%']  memcached=26.5%
[monitor] ['72%', '100%', '100%', '100%']  memcached=71.9%
[monitor] ['97%', '100%', '100%', '100%']  memcached=96.8%
[MEMCACHED] cores updated to: ['0', '1', '3']
[blackscholes] cores updated to: [2]
[monitor] ['56%', '61%', '100%', '61%']  memcached=177.2%
[monitor] ['59%', '61%', '100%', '65%']  memcached=184.9%
[monitor] ['60%', '60%', '100%', '64%']  memcached=183.9%
[monitor] ['56%', '62%', '100%', '62%']  memcached=179.9%
[monitor] ['59%', '59%', '100%', '65%']  memcached=183.8%
[monitor] ['59%', '62%', '100%', '66%']  memcached=187.0%
[monitor] ['59%', '63%', '100%', '65%']  memcached=187.5%
[monitor] ['62%', '63%', '100%', '66%']  memcached=190.8%
[monitor] ['57%', '61%', '100%', '66%']  memcached=184.0%
[monitor] ['58%', '61%', '100%', '64%']  memcached=182.8%
[monitor] ['60%', '63%', '100%', '67%']  memcached=189.5%
[monitor] ['62%', '59%', '100%', '63%']  memcached=183.2%
[monitor] ['57%', '61%', '100%', '64%']  memcached=182.4%
[monitor] ['59%', '64%', '100%', '66%']  memcached=189.1%
[monitor] ['58%', '59%', '100%', '64%']  memcached=181.0%
[monitor] ['58%', '61%', '100%', '65%']  memcached=184.3%
[monitor] ['59%', '61%', '100%', '66%']  memcached=185.7%
[monitor] ['56%', '61%', '100%', '65%']  memcached=181.5%
[monitor] ['60%', '59%', '100%', '66%']  memcached=184.6%
[monitor] ['57%', '64%', '100%', '63%']  memcached=183.9%
[monitor] ['58%', '62%', '100%', '63%']  memcached=183.4%
[monitor] ['60%', '62%', '100%', '63%']  memcached=184.6%
[monitor] ['61%', '62%', '100%', '67%']  memcached=189.5%
[monitor] ['59%', '60%', '100%', '64%']  memcached=183.3%
[monitor] ['57%', '61%', '100%', '63%']  memcached=181.1%
[monitor] ['61%', '62%', '100%', '68%']  memcached=191.2%
[monitor] ['59%', '62%', '100%', '65%']  memcached=185.9%
[monitor] ['58%', '59%', '100%', '62%']  memcached=179.5%
[monitor] ['59%', '62%', '100%', '65%']  memcached=186.5%
[monitor] ['58%', '62%', '100%', '61%']  memcached=181.6%
[monitor] ['58%', '58%', '100%', '64%']  memcached=179.8%
[monitor] ['58%', '60%', '100%', '63%']  memcached=181.2%
[monitor] ['58%', '58%', '100%', '62%']  memcached=178.4%
[monitor] ['58%', '63%', '100%', '64%']  memcached=184.3%
[monitor] ['60%', '61%', '100%', '64%']  memcached=185.0%
[monitor] ['56%', '60%', '100%', '62%']  memcached=177.7%
[monitor] ['59%', '60%', '100%', '63%']  memcached=182.3%
[monitor] ['56%', '61%', '100%', '60%']  memcached=176.1%
[monitor] ['60%', '63%', '100%', '64%']  memcached=186.7%
[monitor] ['59%', '62%', '100%', '62%']  memcached=182.4%
[monitor] ['59%', '60%', '100%', '62%']  memcached=181.2%
[monitor] ['60%', '61%', '100%', '65%']  memcached=186.0%
[monitor] ['59%', '62%', '100%', '63%']  memcached=184.1%
[monitor] ['57%', '61%', '100%', '64%']  memcached=182.1%
[monitor] ['60%', '61%', '100%', '64%']  memcached=185.0%
[monitor] ['59%', '59%', '100%', '66%']  memcached=184.5%
[monitor] ['59%', '60%', '100%', '64%']  memcached=182.7%
[monitor] ['54%', '57%', '100%', '62%']  memcached=173.6%
[monitor] ['16%', '17%', '100%', '13%']  memcached=46.1%
[MEMCACHED] cores updated to: ['0', '3']
[blackscholes] cores updated to: [1, 2]
[monitor] ['23%', '100%', '100%', '20%']  memcached=42.6%
[MEMCACHED] cores updated to: ['0']
[blackscholes] cores updated to: [1, 2, 3]
[monitor] ['27%', '100%', '100%', '7%']  memcached=26.7%
[monitor] ['31%', '100%', '100%', '0%']  memcached=31.2%
[monitor] ['27%', '80%', '100%', '7%']  memcached=26.7%
[monitor] ['23%', '0%', '41%', '62%']  memcached=23.3%
[monitor] ['29%', '7%', '0%', '100%']  memcached=29.0%
[monitor] ['24%', '100%', '0%', '0%']  memcached=24.1%
[monitor] ['31%', '100%', '7%', '3%']  memcached=31.2%
[monitor] ['26%', '100%', '7%', '0%']  memcached=25.8%
[monitor] ['29%', '100%', '4%', '4%']  memcached=29.0%
[monitor] ['26%', '100%', '7%', '7%']  memcached=25.8%
[monitor] ['23%', '100%', '3%', '3%']  memcached=23.3%
[monitor] ['21%', '100%', '0%', '0%']  memcached=21.4%
[monitor] ['31%', '100%', '3%', '0%']  memcached=31.2%
[monitor] ['23%', '100%', '0%', '0%']  memcached=23.3%
[monitor] ['29%', '100%', '3%', '3%']  memcached=29.0%
[monitor] ['42%', '81%', '32%', '41%']  memcached=41.9%
[blackscholes] ended.
[canneal] started on cores: [1, 2, 3] with 3 threads.
[monitor] ['28%', '47%', '40%', '39%']  memcached=27.6%
[monitor] ['27%', '57%', '39%', '32%']  memcached=26.7%
[monitor] ['32%', '3%', '100%', '3%']  memcached=32.3%
[monitor] ['32%', '3%', '100%', '3%']  memcached=32.3%
[monitor] ['28%', '0%', '100%', '0%']  memcached=27.6%
[monitor] ['31%', '7%', '100%', '0%']  memcached=31.2%
[monitor] ['32%', '0%', '100%', '3%']  memcached=32.3%
[monitor] ['30%', '3%', '100%', '0%']  memcached=30.0%
[monitor] ['27%', '0%', '100%', '3%']  memcached=26.7%
[monitor] ['30%', '0%', '100%', '0%']  memcached=30.0%
[monitor] ['28%', '3%', '100%', '0%']  memcached=27.6%
[monitor] ['34%', '0%', '100%', '7%']  memcached=34.4%
[monitor] ['24%', '3%', '100%', '0%']  memcached=24.1%
[monitor] ['29%', '0%', '100%', '3%']  memcached=29.0%
[monitor] ['30%', '6%', '100%', '0%']  memcached=30.0%
[monitor] ['27%', '0%', '100%', '0%']  memcached=26.7%
[monitor] ['27%', '0%', '100%', '0%']  memcached=26.7%
[monitor] ['29%', '3%', '100%', '3%']  memcached=29.0%
[monitor] ['31%', '6%', '100%', '0%']  memcached=31.2%
[monitor] ['34%', '24%', '100%', '33%']  memcached=34.4%
[monitor] ['32%', '10%', '100%', '43%']  memcached=32.3%
[monitor] ['28%', '3%', '100%', '3%']  memcached=27.6%
[monitor] ['28%', '0%', '100%', '3%']  memcached=27.6%
[monitor] ['32%', '3%', '100%', '0%']  memcached=32.3%
[monitor] ['29%', '3%', '100%', '6%']  memcached=29.0%
[monitor] ['31%', '0%', '100%', '0%']  memcached=31.0%
[monitor] ['81%', '4%', '100%', '4%']  memcached=80.6%
[MEMCACHED] cores updated to: ['0', '1']
[canneal] cores updated to: [2, 3]
[monitor] ['54%', '58%', '100%', '11%']  memcached=112.2%
[monitor] ['54%', '54%', '100%', '4%']  memcached=108.6%
[monitor] ['53%', '54%', '100%', '7%']  memcached=107.2%
[monitor] ['57%', '54%', '100%', '7%']  memcached=111.0%
[monitor] ['54%', '57%', '100%', '11%']  memcached=111.4%
[monitor] ['56%', '53%', '100%', '4%']  memcached=108.8%
[monitor] ['50%', '57%', '100%', '11%']  memcached=107.1%
[monitor] ['57%', '54%', '100%', '7%']  memcached=111.0%
[monitor] ['57%', '58%', '100%', '8%']  memcached=115.5%
[monitor] ['51%', '53%', '100%', '7%']  memcached=104.4%
[monitor] ['56%', '57%', '38%', '79%']  memcached=113.0%
[monitor] ['56%', '53%', '72%', '100%']  memcached=108.5%
[monitor] ['55%', '58%', '7%', '100%']  memcached=112.9%
[monitor] ['57%', '55%', '12%', '100%']  memcached=111.7%
[monitor] ['57%', '56%', '100%', '11%']  memcached=112.3%
[monitor] ['53%', '54%', '100%', '7%']  memcached=107.2%
[monitor] ['51%', '56%', '100%', '11%']  memcached=107.0%
[monitor] ['54%', '56%', '100%', '14%']  memcached=109.8%
[monitor] ['52%', '56%', '100%', '4%']  memcached=107.1%
[monitor] ['51%', '54%', '100%', '7%']  memcached=105.7%
[monitor] ['56%', '54%', '100%', '11%']  memcached=109.8%
[monitor] ['52%', '56%', '100%', '4%']  memcached=107.1%
[monitor] ['56%', '57%', '100%', '4%']  memcached=113.0%
[monitor] ['50%', '53%', '100%', '14%']  memcached=102.9%
[monitor] ['57%', '54%', '100%', '11%']  memcached=111.0%
[monitor] ['56%', '52%', '100%', '4%']  memcached=107.1%
[monitor] ['58%', '57%', '100%', '11%']  memcached=115.0%
[monitor] ['54%', '58%', '100%', '7%']  memcached=112.2%
[monitor] ['58%', '54%', '100%', '4%']  memcached=112.6%
[monitor] ['54%', '58%', '100%', '4%']  memcached=112.6%
[monitor] ['56%', '57%', '100%', '11%']  memcached=112.3%
[monitor] ['54%', '54%', '100%', '7%']  memcached=108.6%
[monitor] ['52%', '55%', '100%', '7%']  memcached=106.1%
[monitor] ['58%', '54%', '100%', '4%']  memcached=112.6%
[monitor] ['56%', '57%', '100%', '4%']  memcached=112.7%
[monitor] ['53%', '51%', '100%', '4%']  memcached=104.2%
[monitor] ['53%', '54%', '100%', '4%']  memcached=107.1%
[monitor] ['56%', '53%', '100%', '7%']  memcached=108.5%
[monitor] ['56%', '53%', '100%', '7%']  memcached=108.5%
[monitor] ['56%', '58%', '100%', '11%']  memcached=113.5%
[monitor] ['54%', '59%', '100%', '7%']  memcached=113.7%
[monitor] ['57%', '53%', '100%', '11%']  memcached=109.7%
[monitor] ['54%', '56%', '100%', '4%']  memcached=109.8%
[monitor] ['56%', '56%', '100%', '4%']  memcached=111.1%
[monitor] ['51%', '53%', '100%', '11%']  memcached=104.4%
[monitor] ['56%', '56%', '100%', '7%']  memcached=111.1%
[monitor] ['57%', '53%', '100%', '11%']  memcached=109.7%
[monitor] ['54%', '50%', '100%', '7%']  memcached=104.3%
[monitor] ['50%', '47%', '100%', '7%']  memcached=97.1%
[monitor] ['30%', '31%', '100%', '0%']  memcached=61.6%
[MEMCACHED] cores updated to: ['0']
[canneal] cores updated to: [1, 2, 3]
[monitor] ['49%', '3%', '100%', '3%']  memcached=48.6%
[monitor] ['48%', '0%', '100%', '0%']  memcached=48.5%
[monitor] ['49%', '3%', '100%', '7%']  memcached=48.6%
[monitor] ['45%', '7%', '100%', '4%']  memcached=45.2%
[monitor] ['47%', '0%', '100%', '3%']  memcached=47.1%
[monitor] ['43%', '3%', '100%', '0%']  memcached=43.3%
[monitor] ['42%', '3%', '100%', '4%']  memcached=41.9%
[monitor] ['49%', '3%', '100%', '0%']  memcached=48.6%
[monitor] ['42%', '3%', '100%', '0%']  memcached=41.9%
[monitor] ['45%', '4%', '100%', '7%']  memcached=45.5%
[monitor] ['47%', '7%', '100%', '4%']  memcached=46.9%
[monitor] ['38%', '3%', '100%', '3%']  memcached=37.9%
[monitor] ['47%', '3%', '100%', '4%']  memcached=47.1%
[monitor] ['45%', '3%', '100%', '3%']  memcached=45.5%
[monitor] ['45%', '7%', '100%', '7%']  memcached=45.5%
[monitor] ['45%', '0%', '100%', '0%']  memcached=45.5%
[monitor] ['48%', '3%', '100%', '0%']  memcached=48.5%
[monitor] ['44%', '7%', '100%', '4%']  memcached=43.8%
[monitor] ['45%', '0%', '100%', '0%']  memcached=45.5%
[monitor] ['47%', '7%', '100%', '3%']  memcached=47.1%
[monitor] ['47%', '3%', '100%', '0%']  memcached=46.9%
[monitor] ['45%', '0%', '100%', '3%']  memcached=45.5%
[monitor] ['45%', '3%', '100%', '3%']  memcached=45.5%
[monitor] ['50%', '7%', '100%', '7%']  memcached=50.0%
[monitor] ['45%', '7%', '100%', '0%']  memcached=45.5%
[monitor] ['51%', '7%', '100%', '4%']  memcached=51.4%
[monitor] ['45%', '0%', '100%', '0%']  memcached=45.5%
[monitor] ['47%', '3%', '100%', '7%']  memcached=47.1%
[monitor] ['44%', '3%', '100%', '0%']  memcached=43.8%
[monitor] ['48%', '7%', '100%', '0%']  memcached=48.5%
[monitor] ['45%', '7%', '100%', '3%']  memcached=45.5%
[monitor] ['45%', '0%', '100%', '0%']  memcached=45.5%
[monitor] ['41%', '3%', '100%', '3%']  memcached=40.6%
[monitor] ['45%', '0%', '100%', '0%']  memcached=45.5%
[monitor] ['42%', '3%', '100%', '3%']  memcached=41.9%
[monitor] ['44%', '3%', '100%', '0%']  memcached=44.1%
[monitor] ['48%', '7%', '100%', '7%']  memcached=48.5%
[monitor] ['47%', '7%', '100%', '4%']  memcached=47.1%
[monitor] ['48%', '4%', '100%', '0%']  memcached=48.5%
[monitor] ['47%', '4%', '100%', '3%']  memcached=47.1%
[monitor] ['43%', '7%', '100%', '4%']  memcached=43.3%
[monitor] ['45%', '3%', '100%', '0%']  memcached=45.5%
[monitor] ['45%', '0%', '100%', '7%']  memcached=45.5%
[monitor] ['45%', '7%', '100%', '7%']  memcached=45.5%
[monitor] ['44%', '0%', '100%', '0%']  memcached=43.8%
[monitor] ['50%', '3%', '100%', '4%']  memcached=50.0%
[monitor] ['49%', '0%', '100%', '3%']  memcached=48.6%
[monitor] ['45%', '7%', '100%', '0%']  memcached=45.5%
[monitor] ['73%', '4%', '100%', '7%']  memcached=73.3%
[monitor] ['100%', '11%', '100%', '8%']  memcached=100.0%
[MEMCACHED] cores updated to: ['0', '2', '3']
[canneal] cores updated to: [1]
[monitor] ['81%', '100%', '97%', '100%']  memcached=277.3%
[monitor] ['67%', '100%', '76%', '76%']  memcached=219.6%
[monitor] ['67%', '100%', '79%', '76%']  memcached=221.2%
[monitor] ['71%', '100%', '79%', '80%']  memcached=230.4%
[monitor] ['65%', '100%', '76%', '76%']  memcached=216.9%
[monitor] ['71%', '100%', '79%', '76%']  memcached=225.1%
[monitor] ['68%', '100%', '78%', '79%']  memcached=225.2%
[monitor] ['71%', '100%', '79%', '80%']  memcached=230.8%
[monitor] ['71%', '100%', '81%', '79%']  memcached=230.6%
[monitor] ['67%', '100%', '81%', '85%']  memcached=232.8%
[monitor] ['70%', '100%', '81%', '82%']  memcached=233.3%
[monitor] ['68%', '100%', '79%', '79%']  memcached=225.1%
[monitor] ['69%', '100%', '79%', '78%']  memcached=225.7%
[monitor] ['71%', '100%', '82%', '83%']  memcached=235.3%
[monitor] ['67%', '100%', '79%', '77%']  memcached=222.6%
[monitor] ['71%', '100%', '79%', '77%']  memcached=228.0%
[monitor] ['71%', '100%', '81%', '79%']  memcached=230.0%
[monitor] ['70%', '100%', '79%', '82%']  memcached=230.3%
[monitor] ['70%', '100%', '82%', '80%']  memcached=231.5%
[monitor] ['70%', '100%', '80%', '80%']  memcached=229.7%
[monitor] ['66%', '100%', '79%', '79%']  memcached=224.4%
[monitor] ['69%', '100%', '79%', '75%']  memcached=223.0%
[monitor] ['71%', '100%', '78%', '78%']  memcached=226.8%
[monitor] ['69%', '100%', '79%', '79%']  memcached=227.6%
[monitor] ['69%', '100%', '82%', '79%']  memcached=230.0%
[monitor] ['68%', '100%', '81%', '79%']  memcached=228.3%
[monitor] ['70%', '100%', '79%', '76%']  memcached=224.2%
[monitor] ['69%', '100%', '78%', '79%']  memcached=226.1%
[monitor] ['66%', '100%', '78%', '73%']  memcached=216.2%
[monitor] ['69%', '100%', '76%', '76%']  memcached=220.3%
[monitor] ['68%', '100%', '79%', '77%']  memcached=224.2%
[monitor] ['66%', '100%', '76%', '75%']  memcached=216.4%
[monitor] ['68%', '100%', '78%', '76%']  memcached=221.5%
[monitor] ['68%', '100%', '77%', '76%']  memcached=220.5%
[monitor] ['69%', '100%', '77%', '79%']  memcached=225.6%
[monitor] ['71%', '100%', '80%', '79%']  memcached=229.4%
[monitor] ['68%', '100%', '77%', '79%']  memcached=223.9%
[monitor] ['69%', '100%', '79%', '79%']  memcached=227.6%
[monitor] ['68%', '100%', '76%', '73%']  memcached=216.8%
[monitor] ['69%', '100%', '79%', '79%']  memcached=226.9%
[monitor] ['69%', '100%', '79%', '78%']  memcached=225.7%
[monitor] ['69%', '100%', '81%', '82%']  memcached=231.8%
[monitor] ['70%', '100%', '78%', '80%']  memcached=227.8%
[monitor] ['70%', '100%', '79%', '79%']  memcached=227.9%
[monitor] ['71%', '100%', '81%', '79%']  memcached=230.0%
[monitor] ['67%', '100%', '77%', '76%']  memcached=220.3%
[monitor] ['69%', '100%', '78%', '79%']  memcached=225.7%
[monitor] ['68%', '100%', '79%', '76%']  memcached=223.5%
[monitor] ['27%', '100%', '26%', '26%']  memcached=78.9%
[MEMCACHED] cores updated to: ['0', '3']
[canneal] cores updated to: [1, 2]
[monitor] ['24%', '90%', '93%', '23%']  memcached=46.8%
[MEMCACHED] cores updated to: ['0']
[canneal] cores updated to: [3, 1, 2]
[monitor] ['24%', '97%', '94%', '100%']  memcached=24.1%
[monitor] ['21%', '97%', '97%', '97%']  memcached=20.7%
[monitor] ['24%', '97%', '97%', '100%']  memcached=24.1%
[monitor] ['30%', '100%', '94%', '97%']  memcached=30.0%
[monitor] ['23%', '97%', '90%', '100%']  memcached=23.3%
[monitor] ['24%', '100%', '93%', '100%']  memcached=24.1%
[monitor] ['29%', '97%', '94%', '100%']  memcached=29.0%
[monitor] ['27%', '100%', '97%', '100%']  memcached=26.7%
[monitor] ['24%', '97%', '100%', '97%']  memcached=24.1%
[monitor] ['30%', '97%', '93%', '100%']  memcached=30.0%
[monitor] ['27%', '100%', '93%', '100%']  memcached=26.7%
[monitor] ['26%', '97%', '87%', '100%']  memcached=25.8%
[monitor] ['28%', '100%', '93%', '100%']  memcached=28.1%
[monitor] ['29%', '100%', '97%', '100%']  memcached=29.0%
[monitor] ['27%', '97%', '97%', '97%']  memcached=26.7%
[monitor] ['27%', '97%', '97%', '100%']  memcached=26.7%
[monitor] ['26%', '100%', '97%', '100%']  memcached=25.8%
[monitor] ['26%', '97%', '94%', '97%']  memcached=25.8%
[monitor] ['21%', '93%', '100%', '97%']  memcached=21.4%
[monitor] ['24%', '100%', '93%', '100%']  memcached=24.1%
[monitor] ['31%', '97%', '97%', '100%']  memcached=31.2%
[monitor] ['27%', '100%', '97%', '100%']  memcached=26.7%
[monitor] ['29%', '97%', '97%', '97%']  memcached=29.0%
[monitor] ['29%', '100%', '97%', '100%']  memcached=29.0%
[monitor] ['32%', '97%', '97%', '100%']  memcached=32.3%
[monitor] ['23%', '97%', '97%', '100%']  memcached=23.3%
[monitor] ['29%', '97%', '97%', '97%']  memcached=29.0%
[monitor] ['24%', '100%', '94%', '100%']  memcached=24.1%
[monitor] ['21%', '97%', '97%', '100%']  memcached=20.7%
[monitor] ['23%', '100%', '100%', '97%']  memcached=23.3%
[monitor] ['27%', '93%', '97%', '97%']  memcached=26.7%
[monitor] ['24%', '90%', '100%', '90%']  memcached=24.1%
[monitor] ['27%', '100%', '97%', '100%']  memcached=26.7%
[monitor] ['23%', '97%', '97%', '100%']  memcached=23.3%
[monitor] ['29%', '100%', '97%', '100%']  memcached=29.0%
[monitor] ['29%', '97%', '97%', '97%']  memcached=29.0%
[monitor] ['28%', '100%', '93%', '100%']  memcached=28.1%
[monitor] ['21%', '97%', '94%', '100%']  memcached=21.4%
[monitor] ['21%', '100%', '97%', '100%']  memcached=21.4%
[monitor] ['27%', '97%', '97%', '100%']  memcached=26.7%
[monitor] ['26%', '100%', '97%', '97%']  memcached=25.8%
[monitor] ['21%', '97%', '97%', '100%']  memcached=21.4%
[monitor] ['32%', '100%', '94%', '100%']  memcached=32.3%
[monitor] ['27%', '97%', '97%', '100%']  memcached=26.7%
[monitor] ['23%', '97%', '97%', '97%']  memcached=23.3%
[monitor] ['26%', '97%', '100%', '100%']  memcached=25.8%
[monitor] ['28%', '100%', '97%', '100%']  memcached=27.6%
[monitor] ['27%', '100%', '93%', '97%']  memcached=26.7%
[monitor] ['37%', '97%', '97%', '100%']  memcached=36.7%
[monitor] ['38%', '97%', '97%', '100%']  memcached=37.5%
[monitor] ['35%', '97%', '97%', '100%']  memcached=35.5%
[monitor] ['39%', '100%', '100%', '97%']  memcached=39.4%
[monitor] ['35%', '97%', '97%', '100%']  memcached=35.5%
[monitor] ['33%', '97%', '94%', '100%']  memcached=33.3%
[monitor] ['39%', '100%', '97%', '100%']  memcached=39.4%
[monitor] ['35%', '97%', '94%', '100%']  memcached=35.5%
[monitor] ['37%', '100%', '97%', '97%']  memcached=36.7%
[monitor] ['37%', '91%', '100%', '93%']  memcached=36.7%
[monitor] ['39%', '100%', '97%', '100%']  memcached=38.7%
[monitor] ['42%', '97%', '97%', '100%']  memcached=42.4%
[monitor] ['39%', '97%', '97%', '97%']  memcached=38.7%
[monitor] ['35%', '100%', '94%', '100%']  memcached=35.5%
[monitor] ['39%', '97%', '97%', '100%']  memcached=39.4%
[monitor] ['37%', '100%', '97%', '100%']  memcached=36.7%
[monitor] ['39%', '97%', '94%', '100%']  memcached=39.4%
[monitor] ['38%', '100%', '93%', '100%']  memcached=37.5%
[monitor] ['38%', '97%', '93%', '100%']  memcached=37.5%
[monitor] ['38%', '100%', '97%', '100%']  memcached=37.5%
[monitor] ['41%', '97%', '94%', '100%']  memcached=40.6%
[monitor] ['42%', '100%', '93%', '100%']  memcached=42.4%
[monitor] ['39%', '97%', '97%', '97%']  memcached=38.7%
[monitor] ['33%', '90%', '100%', '93%']  memcached=33.3%
[monitor] ['33%', '100%', '97%', '100%']  memcached=33.3%
[monitor] ['37%', '97%', '97%', '100%']  memcached=36.7%
[monitor] ['38%', '97%', '97%', '97%']  memcached=37.5%
[monitor] ['42%', '93%', '100%', '97%']  memcached=41.9%
[monitor] ['37%', '90%', '100%', '90%']  memcached=36.7%
[monitor] ['33%', '93%', '100%', '94%']  memcached=33.3%
[monitor] ['33%', '94%', '97%', '97%']  memcached=33.3%
[monitor] ['42%', '97%', '97%', '97%']  memcached=42.4%
[monitor] ['33%', '100%', '97%', '100%']  memcached=33.3%
[monitor] ['35%', '97%', '97%', '100%']  memcached=35.5%
[monitor] ['38%', '100%', '94%', '100%']  memcached=37.5%
[monitor] ['35%', '97%', '93%', '100%']  memcached=35.5%
[monitor] ['33%', '100%', '97%', '100%']  memcached=33.3%
[monitor] ['38%', '93%', '97%', '97%']  memcached=37.5%
[monitor] ['35%', '100%', '97%', '100%']  memcached=35.5%
[monitor] ['38%', '100%', '97%', '100%']  memcached=37.5%
[monitor] ['39%', '97%', '97%', '100%']  memcached=38.7%
[monitor] ['32%', '100%', '97%', '97%']  memcached=32.3%
[monitor] ['37%', '97%', '94%', '100%']  memcached=36.7%
[monitor] ['41%', '97%', '100%', '97%']  memcached=40.6%
[monitor] ['35%', '93%', '100%', '97%']  memcached=35.5%
[monitor] ['41%', '93%', '97%', '97%']  memcached=41.2%
[monitor] ['40%', '97%', '100%', '97%']  memcached=40.0%
[monitor] ['39%', '97%', '100%', '97%']  memcached=39.4%
[monitor] ['37%', '97%', '97%', '100%']  memcached=36.7%
[monitor] ['58%', '97%', '100%', '97%']  memcached=58.1%
[monitor] ['100%', '90%', '100%', '97%']  memcached=100.0%
[MEMCACHED] cores updated to: ['0', '1', '3']
[canneal] cores updated to: [2]
[monitor] ['70%', '71%', '100%', '76%']  memcached=216.8%
[monitor] ['65%', '70%', '100%', '69%']  memcached=203.5%
[monitor] ['66%', '66%', '100%', '69%']  memcached=200.0%
[monitor] ['66%', '69%', '100%', '70%']  memcached=205.3%
[monitor] ['66%', '66%', '100%', '69%']  memcached=200.9%
[monitor] ['63%', '65%', '100%', '68%']  memcached=196.0%
[monitor] ['69%', '69%', '100%', '71%']  memcached=208.6%
[monitor] ['66%', '69%', '100%', '69%']  memcached=203.7%
[monitor] ['66%', '67%', '100%', '71%']  memcached=203.0%
[monitor] ['68%', '69%', '100%', '71%']  memcached=207.3%
[monitor] ['62%', '66%', '100%', '69%']  memcached=196.9%
[monitor] ['65%', '70%', '100%', '71%']  memcached=204.8%
[monitor] ['66%', '66%', '100%', '69%']  memcached=200.0%
[monitor] ['65%', '68%', '100%', '69%']  memcached=201.8%
[monitor] ['68%', '69%', '100%', '72%']  memcached=208.4%
[monitor] ['64%', '68%', '100%', '72%']  memcached=203.5%
[monitor] ['69%', '70%', '100%', '71%']  memcached=209.9%
[monitor] ['66%', '69%', '100%', '73%']  memcached=207.9%
[monitor] ['69%', '69%', '100%', '71%']  memcached=207.7%
[monitor] ['67%', '69%', '100%', '71%']  memcached=206.7%
[monitor] ['67%', '72%', '100%', '72%']  memcached=211.1%
[monitor] ['69%', '68%', '100%', '71%']  memcached=207.6%
[monitor] ['66%', '69%', '100%', '71%']  memcached=204.9%
[monitor] ['67%', '69%', '100%', '69%']  memcached=204.7%
[monitor] ['66%', '68%', '100%', '71%']  memcached=204.7%
[monitor] ['65%', '70%', '100%', '69%']  memcached=203.0%
[monitor] ['67%', '67%', '100%', '72%']  memcached=205.6%
[monitor] ['65%', '67%', '100%', '69%']  memcached=199.9%
[monitor] ['65%', '68%', '100%', '69%']  memcached=201.8%
[monitor] ['63%', '67%', '100%', '69%']  memcached=198.1%
[monitor] ['64%', '67%', '100%', '69%']  memcached=199.1%
[monitor] ['64%', '65%', '100%', '69%']  memcached=196.9%
[monitor] ['65%', '68%', '100%', '71%']  memcached=203.8%
[monitor] ['65%', '68%', '100%', '71%']  memcached=202.9%
[monitor] ['67%', '68%', '100%', '69%']  memcached=203.8%
[monitor] ['66%', '68%', '100%', '71%']  memcached=203.9%
[monitor] ['66%', '66%', '100%', '67%']  memcached=198.1%
[monitor] ['66%', '65%', '100%', '69%']  memcached=199.0%
[monitor] ['68%', '71%', '100%', '71%']  memcached=209.7%
[monitor] ['66%', '68%', '100%', '71%']  memcached=204.8%
[monitor] ['67%', '68%', '100%', '69%']  memcached=202.9%
[monitor] ['66%', '66%', '100%', '69%']  memcached=200.0%
[monitor] ['66%', '69%', '100%', '69%']  memcached=203.7%
[monitor] ['71%', '71%', '100%', '74%']  memcached=216.3%
[monitor] ['65%', '70%', '100%', '73%']  memcached=207.1%
[monitor] ['68%', '67%', '100%', '71%']  memcached=205.7%
[monitor] ['69%', '71%', '100%', '68%']  memcached=207.6%
[monitor] ['66%', '68%', '100%', '74%']  memcached=207.6%
[monitor] ['31%', '32%', '100%', '31%']  memcached=94.8%
[MEMCACHED] cores updated to: ['0', '3']
[canneal] cores updated to: [1, 2]
[monitor] ['16%', '93%', '97%', '10%']  memcached=26.0%
[MEMCACHED] cores updated to: ['0']
[canneal] cores updated to: [3, 1, 2]
[monitor] ['17%', '100%', '93%', '100%']  memcached=16.7%
[monitor] ['17%', '97%', '93%', '97%']  memcached=16.7%
[monitor] ['22%', '100%', '90%', '100%']  memcached=21.9%
[monitor] ['17%', '97%', '97%', '100%']  memcached=16.7%
[monitor] ['22%', '100%', '97%', '97%']  memcached=21.9%
[monitor] ['23%', '100%', '90%', '100%']  memcached=22.6%
[monitor] ['17%', '100%', '87%', '100%']  memcached=16.7%
[monitor] ['26%', '93%', '100%', '97%']  memcached=25.8%
[monitor] ['14%', '97%', '100%', '93%']  memcached=14.3%
[monitor] ['23%', '90%', '100%', '94%']  memcached=22.6%
[monitor] ['23%', '97%', '94%', '97%']  memcached=22.6%
[monitor] ['19%', '100%', '93%', '100%']  memcached=19.4%
[monitor] ['29%', '100%', '90%', '100%']  memcached=28.6%
[monitor] ['24%', '97%', '97%', '100%']  memcached=24.2%
[monitor] ['19%', '100%', '93%', '100%']  memcached=19.4%
[monitor] ['20%', '97%', '90%', '100%']  memcached=20.0%
[monitor] ['24%', '100%', '93%', '100%']  memcached=24.2%
[monitor] ['14%', '97%', '94%', '97%']  memcached=13.8%
[monitor] ['22%', '100%', '97%', '100%']  memcached=21.9%
[monitor] ['19%', '97%', '97%', '100%']  memcached=19.4%
[monitor] ['17%', '100%', '90%', '100%']  memcached=16.7%
[monitor] ['19%', '97%', '91%', '97%']  memcached=19.4%
[monitor] ['17%', '100%', '97%', '100%']  memcached=16.7%
[monitor] ['22%', '97%', '94%', '100%']  memcached=21.9%
[monitor] ['17%', '100%', '96%', '100%']  memcached=16.7%
[monitor] ['19%', '97%', '94%', '97%']  memcached=19.4%
[monitor] ['28%', '100%', '93%', '100%']  memcached=28.1%
[monitor] ['17%', '97%', '93%', '100%']  memcached=16.7%
[monitor] ['22%', '100%', '90%', '100%']  memcached=21.9%
[monitor] ['19%', '97%', '90%', '100%']  memcached=19.4%
[monitor] ['19%', '97%', '97%', '97%']  memcached=19.4%
[monitor] ['22%', '100%', '93%', '100%']  memcached=21.9%
[monitor] ['14%', '94%', '100%', '97%']  memcached=13.8%
[monitor] ['17%', '100%', '97%', '97%']  memcached=17.2%
[monitor] ['19%', '97%', '100%', '100%']  memcached=19.4%
[monitor] ['19%', '97%', '97%', '97%']  memcached=19.4%
[monitor] ['23%', '97%', '93%', '100%']  memcached=22.6%
[monitor] ['19%', '100%', '93%', '97%']  memcached=19.4%
[monitor] ['19%', '97%', '93%', '100%']  memcached=19.4%
[monitor] ['19%', '100%', '97%', '100%']  memcached=19.4%
[monitor] ['19%', '97%', '94%', '100%']  memcached=19.4%
[monitor] ['18%', '100%', '93%', '100%']  memcached=17.9%
[monitor] ['20%', '97%', '97%', '97%']  memcached=20.0%
[monitor] ['20%', '100%', '94%', '100%']  memcached=20.0%
[monitor] ['19%', '97%', '97%', '100%']  memcached=19.4%
[monitor] ['19%', '100%', '90%', '100%']  memcached=19.4%
[monitor] ['17%', '100%', '93%', '97%']  memcached=16.7%
[monitor] ['17%', '97%', '94%', '100%']  memcached=16.7%
[monitor] ['88%', '93%', '100%', '97%']  memcached=88.2%
[MEMCACHED] cores updated to: ['0', '2']
[canneal] cores updated to: [3, 1]
[monitor] ['65%', '97%', '67%', '97%']  memcached=131.4%
[monitor] ['68%', '100%', '68%', '97%']  memcached=135.1%
[monitor] ['66%', '94%', '68%', '100%']  memcached=134.2%
[monitor] ['68%', '97%', '66%', '97%']  memcached=133.3%
[monitor] ['68%', '97%', '67%', '100%']  memcached=135.1%
[monitor] ['65%', '97%', '67%', '97%']  memcached=131.5%
[monitor] ['64%', '97%', '68%', '100%']  memcached=131.5%
[monitor] ['70%', '97%', '69%', '97%']  memcached=139.5%
[monitor] ['67%', '97%', '67%', '97%']  memcached=133.3%
[monitor] ['68%', '97%', '69%', '97%']  memcached=136.8%
[monitor] ['67%', '97%', '72%', '100%']  memcached=138.9%
[monitor] ['68%', '97%', '69%', '97%']  memcached=137.7%
[monitor] ['68%', '97%', '69%', '100%']  memcached=137.9%
[monitor] ['66%', '97%', '69%', '97%']  memcached=135.2%
[monitor] ['66%', '97%', '68%', '100%']  memcached=133.3%
[monitor] ['68%', '97%', '68%', '97%']  memcached=135.1%
[monitor] ['68%', '97%', '68%', '97%']  memcached=136.0%
[monitor] ['68%', '97%', '69%', '100%']  memcached=136.8%
[monitor] ['65%', '100%', '67%', '97%']  memcached=131.5%
[monitor] ['66%', '97%', '68%', '100%']  memcached=133.3%
[monitor] ['68%', '93%', '67%', '97%']  memcached=134.2%
[monitor] ['68%', '97%', '68%', '100%']  memcached=135.1%
[monitor] ['66%', '94%', '70%', '97%']  memcached=136.0%
[monitor] ['68%', '97%', '68%', '97%']  memcached=135.1%
[monitor] ['66%', '97%', '68%', '100%']  memcached=134.1%
[monitor] ['67%', '97%', '69%', '97%']  memcached=136.1%
[monitor] ['65%', '97%', '69%', '100%']  memcached=134.1%
[monitor] ['67%', '97%', '70%', '97%']  memcached=136.9%
[monitor] ['65%', '97%', '68%', '100%']  memcached=132.3%
[monitor] ['65%', '94%', '67%', '97%']  memcached=131.5%
[monitor] ['68%', '97%', '70%', '100%']  memcached=137.8%
[monitor] ['64%', '97%', '68%', '97%']  memcached=132.3%
[monitor] ['63%', '97%', '67%', '97%']  memcached=129.5%
[monitor] ['67%', '97%', '68%', '100%']  memcached=135.1%
[monitor] ['65%', '97%', '69%', '97%']  memcached=134.3%
[monitor] ['68%', '97%', '69%', '100%']  memcached=136.8%
[monitor] ['65%', '97%', '68%', '100%']  memcached=132.4%
[monitor] ['65%', '97%', '68%', '97%']  memcached=132.4%
[monitor] ['66%', '93%', '68%', '97%']  memcached=133.3%
[monitor] ['67%', '97%', '70%', '100%']  memcached=136.9%
[monitor] ['68%', '97%', '67%', '97%']  memcached=135.1%
[monitor] ['65%', '97%', '68%', '97%']  memcached=132.4%
[monitor] ['67%', '93%', '68%', '100%']  memcached=135.1%
[monitor] ['68%', '97%', '70%', '97%']  memcached=138.7%
[monitor] ['67%', '94%', '69%', '97%']  memcached=135.9%
[monitor] ['65%', '97%', '67%', '100%']  memcached=131.5%
[monitor] ['68%', '97%', '68%', '97%']  memcached=135.1%
[monitor] ['66%', '97%', '68%', '100%']  memcached=134.2%
[monitor] ['57%', '97%', '58%', '97%']  memcached=115.5%
[monitor] ['33%', '97%', '34%', '93%']  memcached=67.7%
[MEMCACHED] cores updated to: ['0']
[canneal] cores updated to: [3, 1, 2]
[monitor] ['47%', '94%', '97%', '100%']  memcached=47.1%
[monitor] ['43%', '97%', '100%', '97%']  memcached=43.3%
[monitor] ['47%', '97%', '97%', '97%']  memcached=47.1%
[monitor] ['47%', '97%', '97%', '100%']  memcached=47.1%
[monitor] ['47%', '100%', '93%', '100%']  memcached=47.1%
[monitor] ['44%', '97%', '93%', '100%']  memcached=44.1%
[monitor] ['48%', '100%', '97%', '100%']  memcached=48.5%
[monitor] ['49%', '97%', '97%', '100%']  memcached=48.6%
[monitor] ['50%', '97%', '93%', '100%']  memcached=50.0%
[monitor] ['49%', '97%', '94%', '97%']  memcached=48.6%
[monitor] ['50%', '97%', '97%', '100%']  memcached=50.0%
[monitor] ['49%', '97%', '97%', '97%']  memcached=48.6%
[monitor] ['49%', '97%', '97%', '100%']  memcached=48.6%
[monitor] ['50%', '97%', '93%', '100%']  memcached=50.0%
[monitor] ['44%', '100%', '50%', '46%']  memcached=43.8%
[monitor] ['39%', '100%', '0%', '4%']  memcached=38.7%
[monitor] ['38%', '100%', '3%', '3%']  memcached=37.5%
[monitor] ['42%', '7%', '4%', '97%']  memcached=42.4%
[monitor] ['42%', '100%', '4%', '0%']  memcached=42.4%
[monitor] ['39%', '100%', '7%', '3%']  memcached=39.4%
[monitor] ['42%', '24%', '3%', '79%']  memcached=42.4%
[monitor] ['39%', '100%', '7%', '0%']  memcached=38.7%
[monitor] ['42%', '100%', '4%', '4%']  memcached=42.4%
[monitor] ['41%', '100%', '0%', '0%']  memcached=40.6%
[monitor] ['41%', '100%', '7%', '4%']  memcached=40.6%
[monitor] ['39%', '100%', '0%', '4%']  memcached=38.7%
[monitor] ['42%', '100%', '7%', '7%']  memcached=42.4%
[monitor] ['39%', '100%', '7%', '7%']  memcached=38.7%
[monitor] ['45%', '97%', '11%', '10%']  memcached=45.5%
[canneal] ended.
[freqmine] started on cores: [1, 2, 3] with 3 threads.
[monitor] ['47%', '34%', '47%', '45%']  memcached=47.1%
[monitor] ['47%', '28%', '70%', '33%']  memcached=47.1%
[monitor] ['47%', '7%', '59%', '48%']  memcached=46.9%
[monitor] ['38%', '3%', '3%', '100%']  memcached=37.5%
[monitor] ['39%', '0%', '7%', '100%']  memcached=39.4%
[monitor] ['37%', '100%', '4%', '7%']  memcached=36.7%
[monitor] ['42%', '100%', '4%', '3%']  memcached=42.4%
[monitor] ['47%', '100%', '93%', '93%']  memcached=46.9%
[monitor] ['49%', '100%', '79%', '83%']  memcached=48.6%
[monitor] ['47%', '100%', '100%', '100%']  memcached=46.9%
[monitor] ['46%', '100%', '100%', '100%']  memcached=45.7%
[monitor] ['50%', '100%', '100%', '100%']  memcached=50.0%
[monitor] ['50%', '100%', '100%', '100%']  memcached=50.0%
[monitor] ['49%', '100%', '100%', '100%']  memcached=48.6%
[monitor] ['42%', '100%', '100%', '100%']  memcached=41.9%
[monitor] ['44%', '100%', '100%', '100%']  memcached=43.8%
[monitor] ['49%', '100%', '100%', '100%']  memcached=48.6%
[monitor] ['42%', '100%', '100%', '100%']  memcached=42.4%
[monitor] ['52%', '100%', '100%', '100%']  memcached=51.6%
[monitor] ['100%', '100%', '100%', '100%']  memcached=100.0%
[MEMCACHED] cores updated to: ['0', '1', '2']
[freqmine] cores updated to: [3]
[monitor] ['84%', '74%', '94%', '100%']  memcached=251.6%
[monitor] ['67%', '76%', '79%', '100%']  memcached=221.8%
[monitor] ['70%', '76%', '81%', '100%']  memcached=227.4%
[monitor] ['73%', '74%', '83%', '100%']  memcached=229.9%
[monitor] ['71%', '75%', '82%', '100%']  memcached=227.4%
[monitor] ['69%', '73%', '79%', '100%']  memcached=220.9%
[monitor] ['71%', '77%', '84%', '100%']  memcached=232.4%
[monitor] ['70%', '71%', '79%', '100%']  memcached=220.5%
[monitor] ['71%', '76%', '82%', '100%']  memcached=228.9%
[monitor] ['74%', '74%', '81%', '100%']  memcached=229.1%
[monitor] ['73%', '76%', '82%', '100%']  memcached=230.3%
[monitor] ['71%', '76%', '85%', '100%']  memcached=231.2%
[monitor] ['72%', '76%', '82%', '100%']  memcached=230.2%
[monitor] ['67%', '76%', '79%', '100%']  memcached=221.2%
[monitor] ['70%', '76%', '82%', '100%']  memcached=228.5%
[monitor] ['71%', '76%', '79%', '100%']  memcached=226.5%
[monitor] ['73%', '72%', '81%', '100%']  memcached=225.9%
[monitor] ['71%', '76%', '82%', '100%']  memcached=228.2%
[monitor] ['70%', '82%', '85%', '100%']  memcached=236.9%
[monitor] ['88%', '71%', '88%', '100%']  memcached=247.2%
[monitor] ['100%', '71%', '80%', '100%']  memcached=251.4%
[monitor] ['91%', '74%', '82%', '100%']  memcached=246.7%
[monitor] ['71%', '75%', '82%', '100%']  memcached=227.8%
[monitor] ['70%', '70%', '81%', '100%']  memcached=220.6%
[monitor] ['71%', '76%', '85%', '100%']  memcached=232.3%
[monitor] ['73%', '74%', '82%', '100%']  memcached=229.4%
[monitor] ['69%', '73%', '81%', '100%']  memcached=222.7%
[monitor] ['71%', '73%', '79%', '100%']  memcached=222.7%
[monitor] ['69%', '70%', '75%', '100%']  memcached=213.4%
[monitor] ['69%', '72%', '81%', '100%']  memcached=221.7%
[monitor] ['74%', '76%', '81%', '100%']  memcached=231.2%
[monitor] ['75%', '76%', '84%', '100%']  memcached=235.8%
[monitor] ['67%', '69%', '77%', '100%']  memcached=212.6%
[monitor] ['68%', '70%', '78%', '100%']  memcached=215.5%
[monitor] ['72%', '76%', '81%', '100%']  memcached=228.9%
[monitor] ['69%', '73%', '81%', '100%']  memcached=222.7%
[monitor] ['71%', '73%', '82%', '100%']  memcached=225.7%
[monitor] ['73%', '77%', '85%', '100%']  memcached=235.2%
[monitor] ['73%', '75%', '81%', '100%']  memcached=228.4%
[monitor] ['68%', '69%', '79%', '100%']  memcached=215.8%
[monitor] ['66%', '69%', '76%', '100%']  memcached=210.0%
[monitor] ['71%', '74%', '81%', '100%']  memcached=225.4%
[monitor] ['69%', '74%', '82%', '100%']  memcached=224.1%
[monitor] ['74%', '75%', '82%', '100%']  memcached=230.3%
[monitor] ['73%', '76%', '82%', '100%']  memcached=231.6%
[monitor] ['70%', '72%', '81%', '100%']  memcached=222.8%
[monitor] ['69%', '73%', '78%', '100%']  memcached=219.7%
[monitor] ['70%', '72%', '79%', '100%']  memcached=221.0%
[monitor] ['48%', '50%', '55%', '100%']  memcached=153.0%
[monitor] ['42%', '40%', '41%', '100%']  memcached=122.8%
[MEMCACHED] cores updated to: ['0', '2']
[freqmine] cores updated to: [1, 3]
[monitor] ['45%', '100%', '49%', '100%']  memcached=94.0%
[monitor] ['42%', '100%', '47%', '100%']  memcached=89.5%
[monitor] ['42%', '100%', '49%', '100%']  memcached=91.1%
[monitor] ['42%', '100%', '45%', '100%']  memcached=87.4%
[monitor] ['46%', '100%', '50%', '100%']  memcached=95.7%
[monitor] ['48%', '100%', '47%', '100%']  memcached=95.5%
[monitor] ['46%', '100%', '46%', '100%']  memcached=91.4%
[monitor] ['40%', '100%', '47%', '100%']  memcached=87.1%
[monitor] ['41%', '100%', '47%', '100%']  memcached=87.7%
[monitor] ['47%', '100%', '47%', '100%']  memcached=94.3%
[monitor] ['47%', '100%', '50%', '100%']  memcached=97.1%
[monitor] ['47%', '100%', '49%', '100%']  memcached=95.8%
[monitor] ['45%', '100%', '45%', '100%']  memcached=90.9%
[monitor] ['47%', '100%', '49%', '100%']  memcached=95.7%
[monitor] ['42%', '100%', '49%', '100%']  memcached=91.0%
[monitor] ['45%', '100%', '50%', '100%']  memcached=95.5%
[monitor] ['47%', '100%', '46%', '100%']  memcached=92.9%
[monitor] ['45%', '100%', '47%', '100%']  memcached=92.7%
[monitor] ['42%', '100%', '47%', '100%']  memcached=89.5%
[monitor] ['44%', '100%', '46%', '100%']  memcached=89.5%
[monitor] ['44%', '100%', '50%', '100%']  memcached=93.8%
[monitor] ['47%', '100%', '47%', '100%']  memcached=94.1%
[monitor] ['44%', '100%', '47%', '100%']  memcached=90.8%
[monitor] ['47%', '100%', '47%', '100%']  memcached=94.3%
[monitor] ['44%', '100%', '50%', '100%']  memcached=93.8%
[monitor] ['45%', '100%', '49%', '100%']  memcached=94.0%
[monitor] ['51%', '100%', '51%', '100%']  memcached=102.9%
[monitor] ['44%', '100%', '42%', '100%']  memcached=86.5%
[monitor] ['45%', '100%', '49%', '100%']  memcached=94.0%
[monitor] ['46%', '100%', '47%', '100%']  memcached=92.9%
[monitor] ['49%', '100%', '49%', '100%']  memcached=97.1%
[monitor] ['47%', '100%', '49%', '100%']  memcached=95.8%
[monitor] ['45%', '100%', '44%', '100%']  memcached=89.2%
[monitor] ['44%', '100%', '44%', '100%']  memcached=87.9%
[monitor] ['42%', '100%', '50%', '100%']  memcached=92.4%
[monitor] ['49%', '100%', '42%', '100%']  memcached=91.0%
[monitor] ['44%', '100%', '50%', '100%']  memcached=94.1%
[monitor] ['50%', '100%', '49%', '100%']  memcached=98.6%
[monitor] ['46%', '100%', '49%', '100%']  memcached=94.3%
[monitor] ['42%', '100%', '47%', '100%']  memcached=89.6%
[monitor] ['49%', '100%', '47%', '100%']  memcached=95.6%
[monitor] ['45%', '100%', '46%', '100%']  memcached=91.2%
[monitor] ['44%', '100%', '49%', '100%']  memcached=92.7%
[monitor] ['44%', '100%', '44%', '100%']  memcached=88.2%
[monitor] ['44%', '100%', '44%', '100%']  memcached=87.9%
[monitor] ['44%', '100%', '42%', '100%']  memcached=86.2%
[monitor] ['42%', '100%', '51%', '100%']  memcached=93.8%
[monitor] ['42%', '100%', '47%', '100%']  memcached=89.2%
[monitor] ['75%', '100%', '77%', '100%']  memcached=152.1%
[monitor] ['79%', '100%', '82%', '100%']  memcached=161.8%
[MEMCACHED] cores updated to: ['0', '2', '3']
[freqmine] cores updated to: [1]
[monitor] ['58%', '100%', '69%', '59%']  memcached=185.5%
[monitor] ['56%', '100%', '66%', '61%']  memcached=182.6%
[monitor] ['58%', '100%', '67%', '65%']  memcached=188.9%
[monitor] ['59%', '100%', '68%', '61%']  memcached=187.5%
[monitor] ['61%', '100%', '67%', '62%']  memcached=189.8%
[monitor] ['59%', '100%', '64%', '67%']  memcached=189.1%
[monitor] ['56%', '100%', '69%', '63%']  memcached=188.6%
[monitor] ['61%', '100%', '66%', '64%']  memcached=190.2%
[monitor] ['60%', '100%', '69%', '62%']  memcached=190.3%
[monitor] ['59%', '100%', '65%', '64%']  memcached=187.4%
[monitor] ['60%', '100%', '68%', '65%']  memcached=192.4%
[monitor] ['59%', '100%', '69%', '64%']  memcached=192.7%
[monitor] ['61%', '100%', '64%', '65%']  memcached=188.9%
[monitor] ['60%', '100%', '69%', '62%']  memcached=190.3%
[monitor] ['59%', '100%', '69%', '67%']  memcached=194.6%
[monitor] ['58%', '100%', '68%', '65%']  memcached=189.9%
[monitor] ['60%', '100%', '67%', '64%']  memcached=190.6%
[monitor] ['61%', '100%', '67%', '64%']  memcached=191.7%
[monitor] ['58%', '100%', '69%', '66%']  memcached=191.9%
[monitor] ['57%', '100%', '66%', '61%']  memcached=182.9%
[monitor] ['60%', '100%', '66%', '65%']  memcached=190.6%
[monitor] ['59%', '100%', '65%', '61%']  memcached=184.1%
[monitor] ['56%', '100%', '67%', '64%']  memcached=186.6%
[monitor] ['62%', '100%', '67%', '64%']  memcached=192.3%
[monitor] ['61%', '100%', '67%', '64%']  memcached=190.9%
[monitor] ['61%', '100%', '67%', '64%']  memcached=190.9%
[monitor] ['56%', '100%', '67%', '67%']  memcached=189.6%
[monitor] ['62%', '100%', '67%', '66%']  memcached=194.1%
[monitor] ['59%', '100%', '64%', '59%']  memcached=181.8%
[monitor] ['58%', '100%', '67%', '65%']  memcached=188.9%
[monitor] ['60%', '100%', '65%', '63%']  memcached=187.6%
[monitor] ['62%', '100%', '68%', '62%']  memcached=191.2%
[monitor] ['58%', '100%', '67%', '66%']  memcached=190.0%
[monitor] ['58%', '100%', '66%', '65%']  memcached=188.0%
[monitor] ['58%', '100%', '69%', '61%']  memcached=188.1%
[monitor] ['59%', '100%', '66%', '65%']  memcached=189.2%
[monitor] ['59%', '100%', '68%', '67%']  memcached=193.1%
[monitor] ['63%', '100%', '66%', '64%']  memcached=192.2%
[monitor] ['58%', '100%', '68%', '64%']  memcached=188.9%
[monitor] ['58%', '100%', '65%', '63%']  memcached=185.4%
[monitor] ['60%', '100%', '68%', '66%']  memcached=193.3%
[monitor] ['60%', '100%', '65%', '63%']  memcached=187.6%
[monitor] ['61%', '100%', '66%', '64%']  memcached=190.0%
[monitor] ['62%', '100%', '68%', '66%']  memcached=195.1%
[monitor] ['58%', '100%', '68%', '65%']  memcached=189.9%
[monitor] ['60%', '100%', '68%', '67%']  memcached=194.3%
[monitor] ['59%', '100%', '68%', '63%']  memcached=189.3%
[monitor] ['62%', '100%', '68%', '64%']  memcached=193.0%
[monitor] ['59%', '100%', '67%', '66%']  memcached=191.2%
[monitor] ['61%', '100%', '67%', '65%']  memcached=192.6%
[monitor] ['62%', '100%', '69%', '65%']  memcached=195.0%
[monitor] ['57%', '100%', '67%', '62%']  memcached=185.6%
[monitor] ['59%', '100%', '67%', '66%']  memcached=191.3%
[monitor] ['59%', '100%', '65%', '65%']  memcached=188.4%
[monitor] ['59%', '100%', '64%', '62%']  memcached=184.8%
[monitor] ['59%', '100%', '66%', '63%']  memcached=187.3%
[monitor] ['62%', '100%', '67%', '66%']  memcached=194.1%
[monitor] ['56%', '100%', '65%', '67%']  memcached=187.6%
[monitor] ['61%', '100%', '69%', '65%']  memcached=195.4%
[monitor] ['57%', '100%', '67%', '65%']  memcached=188.0%
[monitor] ['61%', '100%', '66%', '63%']  memcached=189.2%
[monitor] ['56%', '100%', '68%', '63%']  memcached=186.3%
[monitor] ['60%', '100%', '66%', '64%']  memcached=189.5%
[monitor] ['59%', '100%', '67%', '63%']  memcached=188.9%
[monitor] ['56%', '100%', '69%', '65%']  memcached=189.5%
[monitor] ['62%', '100%', '69%', '67%']  memcached=197.2%
[monitor] ['56%', '100%', '68%', '65%']  memcached=188.5%
[monitor] ['56%', '100%', '65%', '66%']  memcached=186.4%
[monitor] ['59%', '100%', '68%', '62%']  memcached=188.8%
[monitor] ['59%', '100%', '67%', '65%']  memcached=190.2%
[monitor] ['59%', '100%', '67%', '66%']  memcached=191.8%
[monitor] ['60%', '100%', '66%', '65%']  memcached=190.4%
[monitor] ['58%', '100%', '68%', '63%']  memcached=188.6%
[monitor] ['61%', '100%', '67%', '64%']  memcached=191.1%
[monitor] ['56%', '100%', '62%', '62%']  memcached=180.2%
[monitor] ['62%', '100%', '68%', '67%']  memcached=196.1%
[monitor] ['59%', '100%', '71%', '68%']  memcached=197.5%
[monitor] ['62%', '100%', '67%', '65%']  memcached=193.1%
[monitor] ['60%', '100%', '68%', '66%']  memcached=193.4%
[monitor] ['60%', '100%', '67%', '63%']  memcached=189.5%
[monitor] ['62%', '100%', '66%', '66%']  memcached=193.3%
[monitor] ['55%', '100%', '67%', '64%']  memcached=185.1%
[monitor] ['58%', '100%', '65%', '65%']  memcached=187.1%
[monitor] ['58%', '100%', '65%', '65%']  memcached=187.0%
[monitor] ['62%', '100%', '68%', '64%']  memcached=193.3%
[monitor] ['60%', '100%', '69%', '66%']  memcached=194.3%
[monitor] ['61%', '100%', '69%', '65%']  memcached=194.0%
[monitor] ['58%', '100%', '67%', '66%']  memcached=190.0%
[monitor] ['60%', '100%', '65%', '65%']  memcached=189.4%
[monitor] ['58%', '100%', '68%', '65%']  memcached=190.0%
[monitor] ['63%', '100%', '69%', '64%']  memcached=195.3%
[monitor] ['59%', '100%', '67%', '65%']  memcached=190.4%
[monitor] ['57%', '100%', '62%', '61%']  memcached=180.8%
[monitor] ['62%', '100%', '65%', '65%']  memcached=191.3%
[monitor] ['59%', '100%', '68%', '67%']  memcached=193.1%
[monitor] ['59%', '100%', '69%', '65%']  memcached=192.8%
[monitor] ['60%', '100%', '66%', '64%']  memcached=189.6%
[monitor] ['56%', '100%', '62%', '58%']  memcached=176.1%
[monitor] ['47%', '100%', '50%', '53%']  memcached=149.7%
[monitor] ['49%', '100%', '53%', '53%']  memcached=154.1%
[monitor] ['50%', '100%', '53%', '51%']  memcached=154.4%
[monitor] ['49%', '100%', '56%', '53%']  memcached=156.9%
[monitor] ['49%', '100%', '53%', '55%']  memcached=156.8%
[monitor] ['47%', '100%', '53%', '51%']  memcached=151.1%
[monitor] ['47%', '100%', '52%', '54%']  memcached=152.6%
[monitor] ['49%', '100%', '54%', '54%']  memcached=156.7%
[monitor] ['47%', '100%', '53%', '51%']  memcached=151.2%
[monitor] ['49%', '100%', '54%', '53%']  memcached=155.6%
[monitor] ['51%', '100%', '58%', '53%']  memcached=162.1%
[monitor] ['49%', '100%', '54%', '54%']  memcached=156.7%
[monitor] ['53%', '100%', '53%', '51%']  memcached=157.3%
[monitor] ['49%', '100%', '54%', '51%']  memcached=154.0%
[monitor] ['45%', '100%', '54%', '51%']  memcached=151.2%
[monitor] ['49%', '100%', '53%', '53%']  memcached=154.5%
[monitor] ['51%', '100%', '54%', '55%']  memcached=161.0%
[monitor] ['49%', '100%', '54%', '54%']  memcached=156.7%
[monitor] ['45%', '100%', '53%', '50%']  memcached=148.2%
[monitor] ['47%', '100%', '56%', '51%']  memcached=154.0%
[monitor] ['51%', '100%', '51%', '54%']  memcached=156.9%
[monitor] ['45%', '100%', '54%', '52%']  memcached=151.3%
[monitor] ['49%', '100%', '53%', '53%']  memcached=154.1%
[monitor] ['50%', '100%', '54%', '53%']  memcached=156.8%
[monitor] ['45%', '100%', '53%', '57%']  memcached=155.2%
[monitor] ['50%', '100%', '54%', '51%']  memcached=155.4%
[monitor] ['47%', '100%', '54%', '53%']  memcached=154.1%
[monitor] ['49%', '100%', '53%', '53%']  memcached=154.1%
[monitor] ['47%', '100%', '56%', '51%']  memcached=154.0%
[monitor] ['47%', '100%', '53%', '51%']  memcached=151.2%
[monitor] ['50%', '100%', '57%', '53%']  memcached=159.5%
[monitor] ['45%', '100%', '51%', '54%']  memcached=150.9%
[monitor] ['50%', '100%', '53%', '51%']  memcached=154.4%
[monitor] ['49%', '100%', '53%', '51%']  memcached=152.8%
[monitor] ['45%', '100%', '52%', '50%']  memcached=147.0%
[monitor] ['49%', '100%', '54%', '51%']  memcached=154.1%
[monitor] ['47%', '100%', '54%', '50%']  memcached=151.3%
[monitor] ['48%', '100%', '57%', '54%']  memcached=159.5%
[monitor] ['47%', '100%', '53%', '53%']  memcached=152.8%
[monitor] ['50%', '100%', '56%', '53%']  memcached=158.3%
[monitor] ['48%', '100%', '56%', '54%']  memcached=158.1%
[monitor] ['44%', '100%', '51%', '51%']  memcached=146.5%
[monitor] ['50%', '100%', '56%', '53%']  memcached=158.5%
[monitor] ['49%', '100%', '53%', '53%']  memcached=154.3%
[monitor] ['42%', '100%', '50%', '53%']  memcached=144.7%
[monitor] ['51%', '100%', '57%', '53%']  memcached=161.5%
[monitor] ['49%', '100%', '56%', '54%']  memcached=158.2%
[monitor] ['48%', '100%', '54%', '53%']  memcached=155.2%
[monitor] ['44%', '100%', '50%', '51%']  memcached=145.2%
[monitor] ['48%', '100%', '55%', '54%']  memcached=157.3%
[monitor] ['50%', '100%', '61%', '58%']  memcached=169.4%
[monitor] ['53%', '100%', '56%', '57%']  memcached=165.8%
[monitor] ['52%', '100%', '59%', '54%']  memcached=165.3%
[monitor] ['51%', '100%', '57%', '56%']  memcached=164.1%
[monitor] ['50%', '100%', '58%', '56%']  memcached=163.9%
[monitor] ['53%', '100%', '56%', '57%']  memcached=165.6%
[monitor] ['53%', '100%', '59%', '54%']  memcached=166.1%
[monitor] ['53%', '100%', '60%', '54%']  memcached=167.2%
[monitor] ['53%', '100%', '58%', '57%']  memcached=168.3%
[monitor] ['58%', '100%', '61%', '59%']  memcached=177.5%
[monitor] ['51%', '100%', '59%', '58%']  memcached=168.8%
[monitor] ['53%', '100%', '59%', '57%']  memcached=168.9%
[monitor] ['52%', '100%', '57%', '58%']  memcached=167.0%
[monitor] ['52%', '100%', '58%', '56%']  memcached=165.0%
[monitor] ['53%', '100%', '59%', '57%']  memcached=168.5%
[monitor] ['52%', '100%', '57%', '59%']  memcached=167.5%
[monitor] ['50%', '100%', '58%', '58%']  memcached=165.5%
[monitor] ['52%', '100%', '58%', '55%']  memcached=164.4%
[monitor] ['50%', '100%', '57%', '56%']  memcached=162.7%
[monitor] ['53%', '100%', '56%', '56%']  memcached=164.4%
[monitor] ['54%', '100%', '58%', '56%']  memcached=168.2%
[monitor] ['53%', '100%', '60%', '57%']  memcached=170.1%
[monitor] ['54%', '100%', '57%', '58%']  memcached=169.8%
[monitor] ['47%', '100%', '60%', '58%']  memcached=165.2%
[monitor] ['53%', '100%', '59%', '57%']  memcached=169.5%
[monitor] ['52%', '100%', '56%', '52%']  memcached=159.3%
[monitor] ['54%', '100%', '62%', '58%']  memcached=174.8%
[monitor] ['56%', '100%', '60%', '59%']  memcached=175.3%
[monitor] ['56%', '100%', '59%', '60%']  memcached=174.7%
[monitor] ['53%', '100%', '61%', '57%']  memcached=171.2%
[monitor] ['50%', '100%', '58%', '57%']  memcached=164.3%
[monitor] ['52%', '100%', '57%', '56%']  memcached=164.5%
[monitor] ['52%', '100%', '60%', '59%']  memcached=171.0%
[monitor] ['52%', '100%', '57%', '57%']  memcached=165.8%
[monitor] ['50%', '100%', '57%', '57%']  memcached=164.3%
[monitor] ['52%', '100%', '57%', '56%']  memcached=164.2%
[monitor] ['50%', '100%', '59%', '57%']  memcached=166.0%
[monitor] ['52%', '100%', '57%', '58%']  memcached=167.0%
[monitor] ['53%', '100%', '57%', '53%']  memcached=163.0%
[monitor] ['51%', '100%', '60%', '59%']  memcached=170.9%
[monitor] ['54%', '100%', '60%', '59%']  memcached=173.7%
[monitor] ['52%', '100%', '58%', '59%']  memcached=169.3%
[monitor] ['53%', '100%', '61%', '57%']  memcached=171.2%
[monitor] ['54%', '100%', '60%', '58%']  memcached=172.6%
[monitor] ['53%', '100%', '58%', '54%']  memcached=165.6%
[monitor] ['52%', '100%', '57%', '56%']  memcached=164.5%
[monitor] ['54%', '100%', '60%', '56%']  memcached=170.2%
[monitor] ['50%', '100%', '57%', '57%']  memcached=164.3%
[monitor] ['51%', '100%', '59%', '56%']  memcached=165.8%
[monitor] ['44%', '100%', '50%', '49%']  memcached=142.7%
[monitor] ['43%', '100%', '46%', '42%']  memcached=130.5%
[MEMCACHED] cores updated to: ['0', '3']
[freqmine] cores updated to: [1, 2]
[monitor] ['51%', '100%', '100%', '51%']  memcached=102.9%
[monitor] ['44%', '100%', '100%', '53%']  memcached=96.4%
[monitor] ['44%', '100%', '100%', '47%']  memcached=91.2%
[monitor] ['47%', '100%', '100%', '47%']  memcached=94.3%
[monitor] ['45%', '100%', '100%', '50%']  memcached=95.5%
[monitor] ['47%', '100%', '100%', '49%']  memcached=95.6%
[monitor] ['44%', '100%', '100%', '49%']  memcached=92.7%
[monitor] ['50%', '100%', '100%', '51%']  memcached=101.4%
[monitor] ['41%', '100%', '100%', '47%']  memcached=87.7%
[monitor] ['41%', '100%', '100%', '44%']  memcached=84.7%
[monitor] ['47%', '100%', '100%', '49%']  memcached=95.6%
[monitor] ['49%', '100%', '100%', '50%']  memcached=98.6%
[monitor] ['44%', '100%', '100%', '50%']  memcached=94.1%
[monitor] ['45%', '100%', '100%', '47%']  memcached=92.7%
[monitor] ['50%', '100%', '100%', '51%']  memcached=101.4%
[monitor] ['48%', '100%', '100%', '53%']  memcached=101.3%
[monitor] ['49%', '100%', '100%', '50%']  memcached=98.6%
[monitor] ['41%', '100%', '100%', '49%']  memcached=89.2%
[monitor] ['49%', '100%', '100%', '46%']  memcached=94.4%
[monitor] ['44%', '100%', '100%', '49%']  memcached=92.8%
[monitor] ['46%', '100%', '100%', '49%']  memcached=94.3%
[monitor] ['45%', '100%', '100%', '49%']  memcached=94.0%
[monitor] ['46%', '100%', '100%', '49%']  memcached=94.3%
[monitor] ['42%', '100%', '100%', '46%']  memcached=88.1%
[monitor] ['48%', '100%', '100%', '50%']  memcached=98.5%
[monitor] ['46%', '100%', '100%', '49%']  memcached=94.3%
[monitor] ['49%', '100%', '100%', '49%']  memcached=97.2%
[monitor] ['44%', '100%', '100%', '45%']  memcached=89.6%
[monitor] ['44%', '100%', '100%', '49%']  memcached=92.7%
[monitor] ['49%', '100%', '100%', '50%']  memcached=98.6%
[monitor] ['45%', '100%', '100%', '49%']  memcached=94.0%
[monitor] ['46%', '100%', '100%', '44%']  memcached=89.8%
[monitor] ['46%', '100%', '100%', '50%']  memcached=95.7%
[monitor] ['44%', '100%', '100%', '47%']  memcached=91.3%
[monitor] ['44%', '100%', '100%', '49%']  memcached=92.3%
[monitor] ['46%', '100%', '100%', '47%']  memcached=92.8%
[monitor] ['47%', '100%', '100%', '50%']  memcached=97.2%
[monitor] ['44%', '100%', '100%', '45%']  memcached=89.2%
[monitor] ['44%', '100%', '100%', '46%']  memcached=89.8%
[monitor] ['46%', '100%', '100%', '47%']  memcached=92.8%
[monitor] ['42%', '100%', '100%', '44%']  memcached=86.2%
[monitor] ['44%', '100%', '100%', '49%']  memcached=92.3%
[monitor] ['44%', '100%', '100%', '46%']  memcached=89.8%
[monitor] ['44%', '100%', '100%', '49%']  memcached=92.3%
[monitor] ['47%', '100%', '100%', '50%']  memcached=97.1%
[monitor] ['44%', '100%', '100%', '49%']  memcached=92.7%
[monitor] ['44%', '100%', '100%', '51%']  memcached=95.4%
[monitor] ['44%', '100%', '100%', '45%']  memcached=89.6%
[monitor] ['76%', '100%', '100%', '68%']  memcached=143.4%
[monitor] ['82%', '100%', '100%', '69%']  memcached=151.3%
[monitor] ['78%', '100%', '100%', '74%']  memcached=151.3%
[monitor] ['73%', '100%', '100%', '79%']  memcached=151.5%
[monitor] ['74%', '100%', '100%', '77%']  memcached=151.4%
[monitor] ['79%', '100%', '100%', '73%']  memcached=151.8%
[monitor] ['71%', '100%', '100%', '79%']  memcached=149.4%
[monitor] ['74%', '100%', '100%', '79%']  memcached=153.1%
[monitor] ['85%', '100%', '100%', '69%']  memcached=153.9%
[monitor] ['79%', '100%', '100%', '82%']  memcached=160.6%
[MEMCACHED] cores updated to: ['0', '1', '3']
[freqmine] cores updated to: [2]
[monitor] ['64%', '65%', '100%', '68%']  memcached=196.2%
[monitor] ['59%', '65%', '100%', '69%']  memcached=192.7%
[monitor] ['61%', '67%', '100%', '71%']  memcached=197.9%
[monitor] ['61%', '65%', '100%', '69%']  memcached=193.9%
[monitor] ['62%', '64%', '100%', '69%']  memcached=194.0%
[monitor] ['62%', '65%', '100%', '68%']  memcached=194.1%
[monitor] ['60%', '61%', '100%', '65%']  memcached=185.3%
[monitor] ['61%', '66%', '100%', '67%']  memcached=193.0%
[monitor] ['62%', '69%', '100%', '69%']  memcached=200.5%
[monitor] ['59%', '62%', '100%', '65%']  memcached=185.8%
[monitor] ['63%', '66%', '100%', '72%']  memcached=200.7%
[monitor] ['62%', '65%', '100%', '68%']  memcached=194.1%
[monitor] ['59%', '64%', '100%', '66%']  memcached=188.4%
[monitor] ['64%', '68%', '100%', '70%']  memcached=201.0%
[monitor] ['59%', '64%', '100%', '67%']  memcached=189.7%
[monitor] ['62%', '65%', '100%', '69%']  memcached=195.0%
[monitor] ['62%', '65%', '100%', '68%']  memcached=194.1%
[monitor] ['62%', '65%', '100%', '69%']  memcached=195.0%
[monitor] ['62%', '66%', '100%', '69%']  memcached=196.0%
[monitor] ['61%', '66%', '100%', '71%']  memcached=196.9%
[monitor] ['65%', '68%', '100%', '69%']  memcached=200.9%
[monitor] ['62%', '66%', '100%', '68%']  memcached=195.1%
[monitor] ['59%', '65%', '100%', '68%']  memcached=191.7%
[monitor] ['64%', '67%', '100%', '71%']  memcached=201.7%
[monitor] ['59%', '62%', '100%', '68%']  memcached=189.5%
[monitor] ['60%', '66%', '100%', '67%']  memcached=192.4%
[monitor] ['61%', '65%', '100%', '67%']  memcached=192.0%
[monitor] ['62%', '65%', '100%', '69%']  memcached=195.0%
[monitor] ['61%', '68%', '100%', '70%']  memcached=198.0%
[monitor] ['59%', '65%', '100%', '67%']  memcached=190.7%
[monitor] ['62%', '66%', '100%', '68%']  memcached=195.1%
[monitor] ['55%', '64%', '100%', '67%']  memcached=185.1%
[monitor] ['61%', '63%', '100%', '68%']  memcached=191.1%
[monitor] ['65%', '69%', '100%', '70%']  memcached=203.2%
[monitor] ['62%', '67%', '100%', '69%']  memcached=197.0%
[monitor] ['62%', '64%', '100%', '65%']  memcached=190.1%
[monitor] ['60%', '63%', '100%', '67%']  memcached=189.5%
[monitor] ['61%', '64%', '100%', '69%']  memcached=192.8%
[monitor] ['60%', '64%', '100%', '65%']  memcached=188.3%
[monitor] ['58%', '61%', '100%', '66%']  memcached=183.9%
[monitor] ['41%', '43%', '100%', '46%']  memcached=129.7%
[MEMCACHED] cores updated to: ['0', '3']
[freqmine] cores updated to: [1, 2]
[monitor] ['54%', '100%', '100%', '58%']  memcached=112.6%
[monitor] ['52%', '100%', '100%', '57%']  memcached=108.3%
[monitor] ['53%', '100%', '100%', '58%']  memcached=111.3%
[monitor] ['55%', '100%', '100%', '55%']  memcached=109.1%
[monitor] ['47%', '100%', '100%', '56%']  memcached=102.4%
[monitor] ['48%', '100%', '100%', '48%']  memcached=97.0%
[monitor] ['50%', '100%', '100%', '54%']  memcached=104.3%
[monitor] ['53%', '100%', '100%', '53%']  memcached=105.6%
[monitor] ['51%', '100%', '100%', '54%']  memcached=105.5%
[monitor] ['47%', '100%', '100%', '54%']  memcached=101.2%
[monitor] ['50%', '100%', '100%', '53%']  memcached=102.8%
[monitor] ['53%', '100%', '100%', '53%']  memcached=105.9%
[monitor] ['48%', '100%', '100%', '51%']  memcached=99.9%
[monitor] ['51%', '100%', '100%', '53%']  memcached=104.4%
[monitor] ['53%', '100%', '100%', '53%']  memcached=105.6%
[monitor] ['48%', '100%', '100%', '51%']  memcached=99.9%
[monitor] ['53%', '100%', '100%', '53%']  memcached=105.7%
[monitor] ['47%', '100%', '100%', '51%']  memcached=98.3%
[monitor] ['50%', '100%', '100%', '53%']  memcached=102.8%
[monitor] ['50%', '100%', '100%', '52%']  memcached=101.5%
[monitor] ['51%', '100%', '100%', '54%']  memcached=105.5%
[monitor] ['50%', '100%', '100%', '54%']  memcached=104.3%
[monitor] ['50%', '100%', '100%', '54%']  memcached=104.3%
[monitor] ['51%', '100%', '100%', '53%']  memcached=104.2%
[monitor] ['51%', '100%', '100%', '51%']  memcached=102.9%
[monitor] ['56%', '100%', '100%', '56%']  memcached=111.1%
[monitor] ['52%', '100%', '100%', '53%']  memcached=104.5%
[monitor] ['53%', '100%', '100%', '56%']  memcached=108.3%
[monitor] ['53%', '100%', '100%', '57%']  memcached=110.1%
[monitor] ['45%', '100%', '100%', '54%']  memcached=99.5%
[monitor] ['50%', '100%', '100%', '52%']  memcached=101.5%
[monitor] ['54%', '100%', '100%', '54%']  memcached=108.3%
[monitor] ['52%', '100%', '100%', '56%']  memcached=107.1%
[monitor] ['51%', '100%', '100%', '53%']  memcached=104.2%
[monitor] ['51%', '100%', '100%', '58%']  memcached=109.3%
[monitor] ['50%', '100%', '100%', '53%']  memcached=102.9%
[monitor] ['51%', '100%', '100%', '53%']  memcached=104.2%
[monitor] ['50%', '100%', '100%', '54%']  memcached=104.3%
[monitor] ['47%', '100%', '100%', '57%']  memcached=103.6%
[monitor] ['53%', '100%', '100%', '54%']  memcached=107.0%
[monitor] ['51%', '100%', '100%', '53%']  memcached=104.4%
[monitor] ['48%', '100%', '100%', '53%']  memcached=101.3%
[monitor] ['53%', '100%', '100%', '54%']  memcached=107.2%
[monitor] ['49%', '100%', '100%', '54%']  memcached=102.6%
[monitor] ['48%', '100%', '100%', '56%']  memcached=103.9%
[monitor] ['53%', '100%', '100%', '56%']  memcached=108.3%
[monitor] ['50%', '100%', '100%', '54%']  memcached=104.3%
[monitor] ['50%', '100%', '100%', '54%']  memcached=104.1%
[monitor] ['53%', '100%', '100%', '59%']  memcached=112.6%
[monitor] ['60%', '100%', '100%', '62%']  memcached=121.8%
[monitor] ['58%', '100%', '100%', '61%']  memcached=118.7%
[monitor] ['57%', '100%', '100%', '61%']  memcached=118.3%
[monitor] ['60%', '100%', '100%', '63%']  memcached=123.2%
[monitor] ['57%', '100%', '100%', '63%']  memcached=120.3%
[monitor] ['58%', '100%', '100%', '65%']  memcached=123.2%
[monitor] ['58%', '100%', '100%', '62%']  memcached=119.7%
[monitor] ['59%', '100%', '100%', '72%']  memcached=131.0%
[monitor] ['59%', '100%', '100%', '64%']  memcached=122.7%
[monitor] ['59%', '100%', '100%', '60%']  memcached=118.8%
[monitor] ['60%', '100%', '100%', '62%']  memcached=121.8%
[monitor] ['63%', '100%', '100%', '58%']  memcached=120.4%
[monitor] ['61%', '100%', '100%', '63%']  memcached=124.3%
[monitor] ['56%', '100%', '100%', '62%']  memcached=118.0%
[monitor] ['64%', '100%', '100%', '64%']  memcached=127.8%
[monitor] ['63%', '100%', '100%', '67%']  memcached=129.5%
[monitor] ['62%', '100%', '100%', '63%']  memcached=124.6%
[monitor] ['61%', '100%', '100%', '63%']  memcached=124.0%
[monitor] ['60%', '100%', '100%', '61%']  memcached=121.1%
[monitor] ['61%', '100%', '100%', '66%']  memcached=126.8%
[monitor] ['63%', '100%', '100%', '64%']  memcached=126.7%
[monitor] ['63%', '100%', '100%', '64%']  memcached=126.7%
[monitor] ['57%', '100%', '100%', '61%']  memcached=118.3%
[monitor] ['56%', '100%', '100%', '58%']  memcached=113.8%
[monitor] ['55%', '100%', '100%', '63%']  memcached=117.4%
[monitor] ['61%', '100%', '100%', '64%']  memcached=124.5%
[monitor] ['61%', '100%', '100%', '65%']  memcached=125.8%
[monitor] ['61%', '100%', '100%', '68%']  memcached=128.3%
[monitor] ['61%', '100%', '100%', '61%']  memcached=122.2%
[monitor] ['62%', '100%', '100%', '62%']  memcached=123.5%
[monitor] ['58%', '100%', '100%', '61%']  memcached=118.7%
[monitor] ['56%', '100%', '100%', '57%']  memcached=113.0%
[monitor] ['57%', '100%', '100%', '61%']  memcached=118.3%
[monitor] ['59%', '100%', '100%', '63%']  memcached=121.7%
[monitor] ['60%', '100%', '100%', '61%']  memcached=121.1%
[monitor] ['58%', '100%', '100%', '59%']  memcached=117.8%
[monitor] ['59%', '100%', '100%', '63%']  memcached=121.7%
[monitor] ['60%', '100%', '100%', '58%']  memcached=117.6%
[monitor] ['59%', '100%', '100%', '65%']  memcached=124.2%
[monitor] ['62%', '100%', '100%', '65%']  memcached=126.5%
[monitor] ['63%', '100%', '100%', '67%']  memcached=129.5%
[monitor] ['61%', '100%', '100%', '62%']  memcached=123.3%
[monitor] ['58%', '100%', '100%', '63%']  memcached=120.4%
[monitor] ['55%', '100%', '100%', '56%']  memcached=110.4%
[monitor] ['59%', '100%', '100%', '62%']  memcached=120.6%
[monitor] ['57%', '100%', '100%', '58%']  memcached=115.5%
[monitor] ['56%', '100%', '100%', '60%']  memcached=115.9%
[monitor] ['56%', '100%', '100%', '60%']  memcached=115.9%
[monitor] ['58%', '100%', '100%', '59%']  memcached=116.4%
[monitor] ['51%', '100%', '100%', '53%']  memcached=104.4%
[monitor] ['45%', '100%', '100%', '49%']  memcached=94.0%
[monitor] ['47%', '100%', '100%', '45%']  memcached=92.7%
[monitor] ['47%', '100%', '100%', '50%']  memcached=97.1%
[monitor] ['45%', '100%', '100%', '49%']  memcached=94.0%
[monitor] ['49%', '100%', '100%', '49%']  memcached=97.1%
[monitor] ['48%', '100%', '100%', '48%']  memcached=97.0%
[monitor] ['47%', '100%', '100%', '50%']  memcached=97.1%
[monitor] ['44%', '100%', '100%', '47%']  memcached=90.8%
[monitor] ['48%', '100%', '100%', '54%']  memcached=102.8%
[monitor] ['51%', '100%', '100%', '52%']  memcached=103.0%
[monitor] ['45%', '100%', '100%', '49%']  memcached=94.0%
[monitor] ['49%', '100%', '100%', '50%']  memcached=98.6%
[monitor] ['48%', '100%', '100%', '50%']  memcached=98.5%
[monitor] ['50%', '100%', '100%', '50%']  memcached=100.0%
[monitor] ['47%', '100%', '100%', '53%']  memcached=99.7%
[monitor] ['50%', '100%', '100%', '53%']  memcached=102.9%
[monitor] ['50%', '100%', '100%', '48%']  memcached=98.5%
[monitor] ['44%', '100%', '100%', '49%']  memcached=92.3%
[monitor] ['48%', '100%', '100%', '50%']  memcached=98.5%
[monitor] ['48%', '100%', '100%', '56%']  memcached=104.0%
[monitor] ['48%', '100%', '100%', '51%']  memcached=99.9%
[monitor] ['47%', '100%', '100%', '48%']  memcached=95.5%
[monitor] ['44%', '100%', '100%', '47%']  memcached=90.8%
[monitor] ['50%', '100%', '100%', '53%']  memcached=102.9%
[monitor] ['45%', '100%', '100%', '50%']  memcached=95.5%
[monitor] ['50%', '100%', '100%', '51%']  memcached=101.4%
[monitor] ['47%', '100%', '100%', '48%']  memcached=95.5%
[monitor] ['47%', '100%', '100%', '50%']  memcached=97.1%
[monitor] ['45%', '100%', '100%', '50%']  memcached=95.5%
[monitor] ['51%', '100%', '100%', '49%']  memcached=100.0%
[monitor] ['44%', '100%', '100%', '48%']  memcached=92.2%
[monitor] ['47%', '100%', '100%', '49%']  memcached=95.6%
[monitor] ['47%', '100%', '100%', '48%']  memcached=95.5%
[monitor] ['47%', '100%', '100%', '51%']  memcached=98.5%
[monitor] ['47%', '100%', '100%', '47%']  memcached=94.1%
[monitor] ['47%', '100%', '100%', '44%']  memcached=90.8%
[monitor] ['45%', '100%', '100%', '51%']  memcached=96.9%
[monitor] ['49%', '100%', '100%', '47%']  memcached=95.6%
[monitor] ['42%', '100%', '100%', '51%']  memcached=93.3%
[monitor] ['44%', '100%', '100%', '48%']  memcached=92.6%
[monitor] ['51%', '100%', '100%', '50%']  memcached=101.4%
[monitor] ['46%', '100%', '100%', '49%']  memcached=94.3%
[monitor] ['45%', '100%', '100%', '47%']  memcached=92.5%
[monitor] ['50%', '100%', '100%', '48%']  memcached=98.5%
[monitor] ['49%', '100%', '100%', '49%']  memcached=97.1%
[monitor] ['48%', '100%', '100%', '50%']  memcached=98.5%
[monitor] ['45%', '100%', '100%', '50%']  memcached=95.5%
[monitor] ['44%', '100%', '100%', '50%']  memcached=93.8%
[monitor] ['41%', '100%', '100%', '49%']  memcached=89.2%
[monitor] ['29%', '100%', '100%', '31%']  memcached=60.3%
[MEMCACHED] cores updated to: ['0']
[freqmine] cores updated to: [3, 1, 2]
[monitor] ['35%', '100%', '100%', '100%']  memcached=35.5%
[monitor] ['35%', '100%', '100%', '100%']  memcached=35.5%
[monitor] ['33%', '100%', '100%', '100%']  memcached=33.3%
[monitor] ['38%', '100%', '100%', '100%']  memcached=37.5%
[monitor] ['35%', '100%', '100%', '100%']  memcached=35.5%
[monitor] ['33%', '100%', '100%', '100%']  memcached=33.3%
[monitor] ['33%', '100%', '100%', '100%']  memcached=33.3%
[monitor] ['34%', '100%', '100%', '100%']  memcached=34.5%
[monitor] ['39%', '100%', '100%', '100%']  memcached=39.4%
[monitor] ['39%', '100%', '100%', '100%']  memcached=38.7%
[monitor] ['37%', '100%', '100%', '100%']  memcached=36.7%
[monitor] ['42%', '100%', '100%', '100%']  memcached=41.9%
[monitor] ['38%', '100%', '100%', '100%']  memcached=37.5%
[monitor] ['35%', '100%', '100%', '100%']  memcached=35.5%
[monitor] ['39%', '100%', '100%', '100%']  memcached=38.7%
[monitor] ['34%', '100%', '100%', '100%']  memcached=34.4%
[monitor] ['31%', '100%', '100%', '100%']  memcached=31.0%
[monitor] ['35%', '100%', '100%', '100%']  memcached=35.5%
[monitor] ['32%', '100%', '100%', '100%']  memcached=32.3%
[monitor] ['38%', '100%', '100%', '100%']  memcached=37.5%
[monitor] ['35%', '100%', '100%', '100%']  memcached=35.5%
[monitor] ['33%', '100%', '100%', '100%']  memcached=33.3%
[monitor] ['33%', '100%', '100%', '100%']  memcached=33.3%
[monitor] ['35%', '100%', '100%', '100%']  memcached=35.5%
[monitor] ['39%', '100%', '100%', '100%']  memcached=38.7%
[monitor] ['38%', '100%', '100%', '100%']  memcached=37.5%
[monitor] ['35%', '100%', '100%', '100%']  memcached=35.5%
[monitor] ['35%', '100%', '100%', '100%']  memcached=35.5%
[monitor] ['39%', '100%', '100%', '100%']  memcached=38.7%
[monitor] ['39%', '100%', '100%', '100%']  memcached=38.7%
[monitor] ['33%', '100%', '100%', '100%']  memcached=33.3%
[monitor] ['38%', '100%', '100%', '100%']  memcached=37.5%
[monitor] ['28%', '100%', '100%', '100%']  memcached=27.6%
[monitor] ['39%', '100%', '100%', '100%']  memcached=38.7%
[monitor] ['39%', '100%', '100%', '100%']  memcached=39.4%
[monitor] ['30%', '100%', '100%', '100%']  memcached=30.0%
[monitor] ['38%', '100%', '100%', '100%']  memcached=37.5%
[monitor] ['33%', '100%', '100%', '100%']  memcached=33.3%
[monitor] ['35%', '100%', '100%', '100%']  memcached=35.5%
[monitor] ['35%', '100%', '100%', '100%']  memcached=35.5%
[monitor] ['35%', '100%', '100%', '100%']  memcached=35.5%
[monitor] ['31%', '100%', '100%', '100%']  memcached=31.0%
[monitor] ['38%', '100%', '100%', '100%']  memcached=37.5%
[monitor] ['31%', '100%', '100%', '100%']  memcached=31.0%
[monitor] ['33%', '100%', '100%', '100%']  memcached=33.3%
[monitor] ['33%', '100%', '100%', '100%']  memcached=33.3%
[monitor] ['38%', '100%', '100%', '100%']  memcached=37.5%
[monitor] ['38%', '100%', '100%', '100%']  memcached=37.5%
[monitor] ['33%', '100%', '100%', '100%']  memcached=33.3%
[monitor] ['94%', '100%', '100%', '100%']  memcached=93.5%
[MEMCACHED] cores updated to: ['0', '2', '3']
[freqmine] cores updated to: [1]
[monitor] ['61%', '100%', '68%', '62%']  memcached=190.7%
[monitor] ['62%', '100%', '71%', '70%']  memcached=203.5%
[monitor] ['61%', '100%', '71%', '65%']  memcached=195.9%
[monitor] ['61%', '100%', '69%', '69%']  memcached=198.6%
[monitor] ['62%', '100%', '71%', '69%']  memcached=202.5%
[monitor] ['62%', '100%', '71%', '65%']  memcached=197.8%
[monitor] ['64%', '100%', '69%', '67%']  memcached=199.1%
[monitor] ['61%', '100%', '71%', '68%']  memcached=200.4%
[monitor] ['59%', '100%', '71%', '69%']  memcached=199.4%
[monitor] ['64%', '100%', '73%', '68%']  memcached=204.0%
[monitor] ['62%', '100%', '71%', '69%']  memcached=200.9%
[monitor] ['66%', '100%', '71%', '68%']  memcached=203.9%
[monitor] ['65%', '100%', '73%', '73%']  memcached=210.0%
[monitor] ['59%', '100%', '71%', '64%']  memcached=193.0%
[monitor] ['62%', '100%', '68%', '68%']  memcached=197.0%
[monitor] ['62%', '100%', '71%', '67%']  memcached=199.0%
[monitor] ['61%', '100%', '69%', '62%']  memcached=192.6%
[monitor] ['62%', '100%', '69%', '69%']  memcached=198.9%
[monitor] ['64%', '100%', '68%', '67%']  memcached=198.0%
[monitor] ['62%', '100%', '71%', '69%']  memcached=201.8%
[monitor] ['59%', '100%', '70%', '69%']  memcached=197.6%
[monitor] ['67%', '100%', '77%', '69%']  memcached=212.4%
[monitor] ['64%', '100%', '72%', '69%']  memcached=205.3%
[monitor] ['61%', '100%', '71%', '67%']  memcached=198.7%
[monitor] ['63%', '100%', '71%', '67%']  memcached=200.1%
[monitor] ['65%', '100%', '74%', '69%']  memcached=207.5%
[monitor] ['65%', '100%', '68%', '66%']  memcached=198.2%
[monitor] ['64%', '100%', '71%', '71%']  memcached=204.8%
[monitor] ['62%', '100%', '70%', '67%']  memcached=199.4%
[monitor] ['63%', '100%', '71%', '68%']  memcached=201.9%
[monitor] ['62%', '100%', '71%', '71%']  memcached=205.4%
[monitor] ['66%', '100%', '71%', '70%']  memcached=206.0%
[monitor] ['62%', '100%', '70%', '69%']  memcached=200.9%
[monitor] ['59%', '100%', '69%', '64%']  memcached=191.6%
[monitor] ['62%', '100%', '69%', '68%']  memcached=198.0%
[monitor] ['59%', '100%', '68%', '65%']  memcached=191.7%
[monitor] ['63%', '100%', '71%', '69%']  memcached=202.9%
[monitor] ['65%', '100%', '71%', '68%']  memcached=203.8%
[monitor] ['61%', '100%', '71%', '67%']  memcached=198.5%
[monitor] ['62%', '100%', '72%', '67%']  memcached=201.0%
[monitor] ['61%', '100%', '71%', '68%']  memcached=198.8%
[monitor] ['65%', '100%', '72%', '69%']  memcached=205.2%
[monitor] ['64%', '100%', '71%', '71%']  memcached=204.8%
[monitor] ['59%', '100%', '71%', '67%']  memcached=196.6%
[monitor] ['62%', '100%', '72%', '66%']  memcached=199.4%
[monitor] ['65%', '100%', '74%', '71%']  memcached=208.6%
[monitor] ['61%', '100%', '71%', '68%']  memcached=198.8%
[monitor] ['64%', '100%', '71%', '68%']  memcached=201.9%
[monitor] ['56%', '100%', '67%', '62%']  memcached=184.7%
[monitor] ['52%', '100%', '63%', '59%']  memcached=173.3%
[monitor] ['54%', '100%', '58%', '57%']  memcached=169.0%
[monitor] ['48%', '100%', '58%', '57%']  memcached=163.1%
[monitor] ['54%', '100%', '57%', '54%']  memcached=165.7%
[monitor] ['54%', '100%', '60%', '59%']  memcached=173.1%
[monitor] ['56%', '100%', '60%', '58%']  memcached=173.9%
[monitor] ['50%', '100%', '58%', '56%']  memcached=163.5%
[monitor] ['55%', '100%', '60%', '55%']  memcached=169.1%
[monitor] ['50%', '100%', '56%', '56%']  memcached=162.1%
[monitor] ['55%', '100%', '60%', '59%']  memcached=173.4%
[monitor] ['53%', '100%', '58%', '56%']  memcached=166.4%
[monitor] ['55%', '100%', '59%', '56%']  memcached=169.3%
[monitor] ['56%', '100%', '61%', '56%']  memcached=172.5%
[monitor] ['53%', '100%', '59%', '58%']  memcached=170.1%
[monitor] ['53%', '100%', '56%', '57%']  memcached=166.5%
[monitor] ['53%', '100%', '59%', '54%']  memcached=165.9%
[monitor] ['53%', '100%', '58%', '56%']  memcached=167.0%
[monitor] ['50%', '100%', '60%', '54%']  memcached=164.3%
[monitor] ['53%', '100%', '56%', '60%']  memcached=168.8%
[monitor] ['52%', '100%', '58%', '56%']  memcached=165.0%
[monitor] ['55%', '100%', '59%', '55%']  memcached=168.5%
[monitor] ['52%', '100%', '59%', '58%']  memcached=168.6%
[monitor] ['53%', '100%', '58%', '57%']  memcached=167.8%
[monitor] ['52%', '100%', '58%', '59%']  memcached=167.9%
[monitor] ['56%', '100%', '62%', '59%']  memcached=177.1%
[monitor] ['53%', '100%', '59%', '57%']  memcached=168.9%
[monitor] ['52%', '100%', '61%', '57%']  memcached=169.8%
[monitor] ['52%', '100%', '61%', '57%']  memcached=169.8%
[monitor] ['53%', '100%', '58%', '54%']  memcached=165.6%
[monitor] ['50%', '100%', '64%', '56%']  memcached=169.8%
[monitor] ['53%', '100%', '56%', '56%']  memcached=164.4%
[monitor] ['52%', '100%', '57%', '55%']  memcached=163.2%
[monitor] ['52%', '100%', '60%', '56%']  memcached=167.4%
[monitor] ['56%', '100%', '59%', '56%']  memcached=170.3%
[monitor] ['50%', '100%', '56%', '56%']  memcached=162.1%
[monitor] ['54%', '100%', '61%', '57%']  memcached=172.5%
[monitor] ['55%', '100%', '59%', '58%']  memcached=170.9%
[monitor] ['53%', '100%', '60%', '56%']  memcached=168.8%
[monitor] ['53%', '100%', '60%', '58%']  memcached=170.8%
[monitor] ['53%', '100%', '55%', '57%']  memcached=164.6%
[monitor] ['52%', '100%', '60%', '59%']  memcached=170.3%
[monitor] ['52%', '100%', '58%', '56%']  memcached=165.4%
[monitor] ['54%', '100%', '61%', '56%']  memcached=171.0%
[monitor] ['55%', '100%', '60%', '61%']  memcached=175.7%
[monitor] ['54%', '100%', '60%', '58%']  memcached=172.6%
[monitor] ['53%', '100%', '61%', '59%']  memcached=173.5%
[monitor] ['52%', '100%', '58%', '56%']  memcached=165.0%
[monitor] ['53%', '100%', '60%', '61%']  memcached=174.2%
[monitor] ['54%', '100%', '60%', '58%']  memcached=172.6%
[monitor] ['56%', '100%', '65%', '62%']  memcached=182.7%
[monitor] ['68%', '100%', '76%', '73%']  memcached=216.8%
[monitor] ['66%', '100%', '74%', '74%']  memcached=213.3%
[monitor] ['66%', '100%', '76%', '73%']  memcached=214.8%
[monitor] ['67%', '100%', '78%', '74%']  memcached=218.3%
[monitor] ['67%', '100%', '75%', '74%']  memcached=215.2%
[monitor] ['64%', '100%', '70%', '69%']  memcached=201.9%
[monitor] ['69%', '100%', '78%', '74%']  memcached=220.4%
[monitor] ['65%', '100%', '71%', '74%']  memcached=209.2%
[monitor] ['65%', '100%', '74%', '71%']  memcached=210.4%
[monitor] ['62%', '100%', '73%', '69%']  memcached=203.8%
[monitor] ['67%', '100%', '75%', '69%']  memcached=210.4%
[monitor] ['66%', '100%', '75%', '71%']  memcached=212.1%
[monitor] ['67%', '100%', '76%', '73%']  memcached=215.2%
[monitor] ['64%', '100%', '74%', '71%']  memcached=208.6%
[monitor] ['67%', '100%', '75%', '70%']  memcached=211.4%
[monitor] ['64%', '100%', '72%', '69%']  memcached=204.4%
[monitor] ['65%', '100%', '74%', '71%']  memcached=209.5%
[monitor] ['69%', '100%', '74%', '74%']  memcached=217.2%
[monitor] ['67%', '100%', '74%', '74%']  memcached=214.4%
[monitor] ['62%', '100%', '72%', '68%']  memcached=202.0%
[monitor] ['66%', '100%', '75%', '73%']  memcached=213.4%
[monitor] ['67%', '100%', '75%', '74%']  memcached=215.2%
[monitor] ['64%', '100%', '74%', '69%']  memcached=206.6%
[monitor] ['68%', '100%', '79%', '74%']  memcached=220.0%
[monitor] ['66%', '100%', '76%', '73%']  memcached=215.1%
[monitor] ['67%', '100%', '76%', '71%']  memcached=213.9%
[monitor] ['64%', '100%', '73%', '71%']  memcached=207.0%
[monitor] ['68%', '100%', '75%', '71%']  memcached=214.1%
[monitor] ['67%', '100%', '77%', '74%']  memcached=217.3%
[monitor] ['65%', '100%', '77%', '72%']  memcached=213.1%
[monitor] ['67%', '100%', '76%', '74%']  memcached=216.7%
[monitor] ['67%', '100%', '77%', '73%']  memcached=216.5%
[monitor] ['68%', '100%', '78%', '72%']  memcached=218.0%
[monitor] ['65%', '100%', '72%', '71%']  memcached=208.0%
[monitor] ['62%', '100%', '76%', '74%']  memcached=211.8%
[monitor] ['64%', '100%', '74%', '69%']  memcached=207.4%
[monitor] ['67%', '100%', '76%', '72%']  memcached=215.4%
[monitor] ['66%', '100%', '76%', '72%']  memcached=213.3%
[monitor] ['69%', '100%', '78%', '77%']  memcached=223.8%
[monitor] ['64%', '100%', '76%', '71%']  memcached=210.0%
[monitor] ['66%', '100%', '74%', '71%']  memcached=209.7%
[monitor] ['66%', '100%', '75%', '72%']  memcached=212.9%
[monitor] ['68%', '100%', '77%', '74%']  memcached=217.9%
[monitor] ['67%', '100%', '76%', '75%']  memcached=217.4%
[monitor] ['65%', '100%', '76%', '70%']  memcached=210.7%
[monitor] ['64%', '100%', '73%', '70%']  memcached=206.1%
[monitor] ['70%', '100%', '78%', '74%']  memcached=222.1%
[monitor] ['68%', '100%', '77%', '73%']  memcached=217.8%
[monitor] ['64%', '100%', '73%', '71%']  memcached=207.0%
[monitor] ['71%', '100%', '87%', '78%']  memcached=236.2%
[monitor] ['79%', '100%', '91%', '88%']  memcached=257.3%
[monitor] ['78%', '100%', '90%', '84%']  memcached=252.3%
[monitor] ['73%', '100%', '90%', '83%']  memcached=246.7%
[monitor] ['75%', '100%', '87%', '79%']  memcached=240.9%
[monitor] ['72%', '100%', '84%', '82%']  memcached=238.1%
[monitor] ['78%', '100%', '90%', '84%']  memcached=252.8%
[monitor] ['71%', '100%', '87%', '82%']  memcached=240.4%
[monitor] ['76%', '100%', '84%', '79%']  memcached=238.9%
[monitor] ['71%', '100%', '82%', '79%']  memcached=232.2%
[monitor] ['73%', '100%', '87%', '79%']  memcached=238.6%
[monitor] ['76%', '100%', '90%', '82%']  memcached=247.9%
[monitor] ['81%', '100%', '91%', '88%']  memcached=259.4%
[monitor] ['79%', '100%', '90%', '84%']  memcached=253.2%
[monitor] ['75%', '100%', '84%', '79%']  memcached=238.3%
[monitor] ['73%', '100%', '88%', '81%']  memcached=241.9%
[monitor] ['75%', '100%', '87%', '84%']  memcached=245.5%
[monitor] ['75%', '100%', '88%', '85%']  memcached=247.3%
[monitor] ['75%', '100%', '87%', '79%']  memcached=240.9%
[monitor] ['79%', '100%', '90%', '88%']  memcached=257.0%
[monitor] ['76%', '100%', '90%', '82%']  memcached=247.9%
[monitor] ['73%', '100%', '84%', '82%']  memcached=239.0%
[monitor] ['72%', '100%', '88%', '81%']  memcached=240.6%
[monitor] ['79%', '100%', '87%', '82%']  memcached=247.3%
[monitor] ['72%', '100%', '84%', '79%']  memcached=235.7%
[monitor] ['74%', '100%', '87%', '81%']  memcached=242.5%
[monitor] ['75%', '100%', '90%', '84%']  memcached=249.4%
[monitor] ['79%', '100%', '90%', '84%']  memcached=253.5%
[monitor] ['78%', '100%', '91%', '84%']  memcached=253.1%
[monitor] ['77%', '100%', '90%', '87%']  memcached=254.5%
[monitor] ['81%', '100%', '93%', '85%']  memcached=258.6%
[monitor] ['74%', '100%', '88%', '84%']  memcached=246.1%
[monitor] ['74%', '100%', '84%', '78%']  memcached=236.8%
[monitor] ['73%', '100%', '84%', '79%']  memcached=236.5%
[monitor] ['73%', '100%', '84%', '81%']  memcached=237.7%
[monitor] ['73%', '100%', '84%', '81%']  memcached=237.8%
[monitor] ['70%', '100%', '84%', '78%']  memcached=232.0%
[monitor] ['72%', '100%', '84%', '79%']  memcached=234.5%
[monitor] ['72%', '100%', '84%', '80%']  memcached=235.7%
[monitor] ['74%', '100%', '84%', '77%']  memcached=235.0%
[monitor] ['74%', '100%', '85%', '78%']  memcached=236.5%
[monitor] ['72%', '100%', '87%', '79%']  memcached=237.8%
[monitor] ['70%', '100%', '85%', '82%']  memcached=236.7%
[monitor] ['81%', '100%', '90%', '84%']  memcached=254.8%
[monitor] ['75%', '100%', '87%', '78%']  memcached=240.2%
[monitor] ['73%', '100%', '84%', '79%']  memcached=236.5%
[monitor] ['77%', '100%', '90%', '87%']  memcached=254.5%
[monitor] ['76%', '100%', '90%', '85%']  memcached=250.9%
[monitor] ['71%', '100%', '84%', '78%']  memcached=233.0%
[monitor] ['76%', '100%', '88%', '81%']  memcached=244.5%
[monitor] ['67%', '100%', '76%', '70%']  memcached=212.4%
[monitor] ['62%', '100%', '69%', '68%']  memcached=198.9%
[monitor] ['63%', '100%', '71%', '67%']  memcached=200.1%
[monitor] ['59%', '100%', '71%', '67%']  memcached=196.6%
[monitor] ['65%', '100%', '72%', '68%']  memcached=204.2%
[monitor] ['65%', '100%', '72%', '65%']  memcached=201.6%
[monitor] ['62%', '100%', '73%', '71%']  memcached=206.7%
[monitor] ['66%', '100%', '74%', '68%']  memcached=206.9%
[monitor] ['65%', '100%', '73%', '70%']  memcached=207.1%
[monitor] ['64%', '100%', '70%', '69%']  memcached=201.9%
[monitor] ['62%', '100%', '71%', '70%']  memcached=203.6%
[monitor] ['62%', '100%', '72%', '68%']  memcached=202.0%
[monitor] ['62%', '100%', '70%', '69%']  memcached=200.8%
[monitor] ['63%', '100%', '75%', '74%']  memcached=212.6%
[monitor] ['62%', '100%', '70%', '69%']  memcached=200.8%
[monitor] ['64%', '100%', '73%', '67%']  memcached=203.0%
[monitor] ['65%', '100%', '73%', '70%']  memcached=207.1%
[monitor] ['64%', '100%', '71%', '70%']  memcached=203.9%
[monitor] ['60%', '100%', '71%', '67%']  memcached=197.3%
[monitor] ['62%', '100%', '71%', '68%']  memcached=200.8%
[monitor] ['61%', '100%', '71%', '70%']  memcached=201.6%
[monitor] ['62%', '100%', '68%', '65%']  memcached=194.1%
[monitor] ['61%', '100%', '70%', '66%']  memcached=196.0%
[monitor] ['67%', '100%', '70%', '70%']  memcached=206.1%
[monitor] ['61%', '100%', '71%', '69%']  memcached=201.3%
[monitor] ['63%', '100%', '70%', '67%']  memcached=199.2%
[monitor] ['64%', '100%', '71%', '71%']  memcached=204.8%
[monitor] ['62%', '100%', '74%', '69%']  memcached=204.6%
[monitor] ['62%', '100%', '69%', '67%']  memcached=197.9%
[monitor] ['62%', '100%', '71%', '67%']  memcached=199.0%
[monitor] ['65%', '100%', '69%', '68%']  memcached=201.1%
[monitor] ['64%', '100%', '71%', '67%']  memcached=201.7%
[monitor] ['62%', '100%', '71%', '69%']  memcached=201.8%
[monitor] ['65%', '100%', '73%', '67%']  memcached=204.1%
[monitor] ['62%', '100%', '72%', '70%']  memcached=203.3%
[monitor] ['62%', '100%', '70%', '71%']  memcached=202.8%
[monitor] ['61%', '100%', '73%', '67%']  memcached=200.0%
[monitor] ['61%', '100%', '70%', '71%']  memcached=201.6%
[monitor] ['67%', '100%', '73%', '68%']  memcached=207.0%
[monitor] ['62%', '100%', '71%', '69%']  memcached=201.8%
[monitor] ['66%', '100%', '74%', '70%']  memcached=209.7%
[monitor] ['64%', '100%', '71%', '68%']  memcached=202.3%
[monitor] ['65%', '100%', '70%', '71%']  memcached=205.0%
[monitor] ['59%', '100%', '71%', '64%']  memcached=193.6%
[monitor] ['65%', '100%', '71%', '69%']  memcached=204.2%
[monitor] ['62%', '100%', '68%', '66%']  memcached=195.1%
[monitor] ['62%', '100%', '70%', '68%']  memcached=199.1%
[monitor] ['62%', '100%', '74%', '66%']  memcached=201.7%
[monitor] ['65%', '100%', '71%', '69%']  memcached=203.9%
[monitor] ['61%', '100%', '71%', '66%']  memcached=197.5%
[monitor] ['41%', '100%', '45%', '45%']  memcached=132.1%
[MEMCACHED] cores updated to: ['0', '3']
[freqmine] cores updated to: [2, 1]
[monitor] ['47%', '100%', '100%', '51%']  memcached=98.3%
[monitor] ['47%', '100%', '100%', '50%']  memcached=97.1%
[monitor] ['45%', '100%', '100%', '47%']  memcached=92.5%
[monitor] ['47%', '100%', '100%', '51%']  memcached=98.5%
[monitor] ['44%', '100%', '100%', '50%']  memcached=93.8%
[monitor] ['48%', '100%', '100%', '53%']  memcached=101.4%
[monitor] ['48%', '100%', '100%', '56%']  memcached=104.0%
[monitor] ['47%', '100%', '100%', '51%']  memcached=98.3%
[monitor] ['47%', '100%', '100%', '53%']  memcached=99.8%
[monitor] ['50%', '100%', '100%', '54%']  memcached=104.1%
[monitor] ['50%', '100%', '100%', '57%']  memcached=107.1%
[monitor] ['54%', '100%', '100%', '56%']  memcached=109.8%
[monitor] ['50%', '100%', '100%', '50%']  memcached=100.0%
[monitor] ['47%', '100%', '100%', '50%']  memcached=96.9%
[monitor] ['49%', '100%', '100%', '51%']  memcached=100.0%
[monitor] ['49%', '100%', '100%', '47%']  memcached=95.6%
[monitor] ['45%', '100%', '100%', '45%']  memcached=90.9%
[monitor] ['45%', '100%', '100%', '49%']  memcached=94.0%
[monitor] ['47%', '100%', '100%', '49%']  memcached=95.6%
[monitor] ['49%', '100%', '100%', '48%']  memcached=97.1%
[monitor] ['48%', '100%', '100%', '50%']  memcached=98.5%
[monitor] ['45%', '100%', '100%', '48%']  memcached=93.9%
[monitor] ['46%', '100%', '100%', '47%']  memcached=92.8%
[monitor] ['45%', '100%', '100%', '47%']  memcached=92.5%
[monitor] ['49%', '100%', '100%', '54%']  memcached=102.6%
[monitor] ['48%', '100%', '100%', '52%']  memcached=100.0%
[monitor] ['45%', '100%', '100%', '53%']  memcached=98.2%
[monitor] ['49%', '100%', '100%', '49%']  memcached=97.1%
[monitor] ['47%', '100%', '100%', '50%']  memcached=97.1%
[monitor] ['44%', '100%', '100%', '48%']  memcached=92.2%
[monitor] ['47%', '100%', '100%', '48%']  memcached=95.5%
[monitor] ['45%', '100%', '100%', '47%']  memcached=92.5%
[monitor] ['44%', '100%', '100%', '45%']  memcached=89.2%
[monitor] ['47%', '100%', '100%', '48%']  memcached=95.5%
[monitor] ['47%', '100%', '100%', '50%']  memcached=97.1%
[monitor] ['47%', '100%', '100%', '49%']  memcached=95.6%
[monitor] ['42%', '100%', '100%', '48%']  memcached=90.9%
[monitor] ['47%', '100%', '100%', '47%']  memcached=94.1%
[monitor] ['45%', '100%', '100%', '49%']  memcached=94.0%
[monitor] ['50%', '100%', '100%', '50%']  memcached=100.0%
[monitor] ['47%', '100%', '100%', '54%']  memcached=101.3%
[monitor] ['45%', '100%', '100%', '47%']  memcached=92.5%
[monitor] ['47%', '100%', '100%', '49%']  memcached=95.6%
[monitor] ['44%', '100%', '100%', '49%']  memcached=92.7%
[monitor] ['47%', '100%', '100%', '51%']  memcached=98.3%
[monitor] ['49%', '100%', '100%', '49%']  memcached=97.1%
[monitor] ['49%', '100%', '100%', '50%']  memcached=98.6%
[monitor] ['47%', '100%', '100%', '47%']  memcached=94.3%
[monitor] ['42%', '100%', '100%', '42%']  memcached=84.8%
[monitor] ['23%', '100%', '100%', '17%']  memcached=39.8%
[MEMCACHED] cores updated to: ['0']
[freqmine] cores updated to: [2, 1, 3]
[monitor] ['32%', '100%', '100%', '100%']  memcached=32.3%
[monitor] ['27%', '100%', '100%', '100%']  memcached=26.7%
[monitor] ['29%', '100%', '100%', '100%']  memcached=29.0%
[monitor] ['30%', '100%', '100%', '100%']  memcached=30.0%
[monitor] ['29%', '100%', '100%', '100%']  memcached=29.0%
[monitor] ['24%', '100%', '100%', '100%']  memcached=24.1%
[monitor] ['30%', '100%', '100%', '100%']  memcached=30.0%
[monitor] ['25%', '100%', '100%', '100%']  memcached=25.0%
[monitor] ['30%', '100%', '100%', '100%']  memcached=30.0%
[monitor] ['30%', '100%', '100%', '100%']  memcached=30.0%
[monitor] ['27%', '100%', '100%', '100%']  memcached=26.7%
[monitor] ['30%', '100%', '100%', '100%']  memcached=30.0%
[monitor] ['30%', '100%', '100%', '100%']  memcached=30.0%
[monitor] ['30%', '100%', '100%', '100%']  memcached=30.0%
[monitor] ['30%', '100%', '100%', '100%']  memcached=30.0%
[monitor] ['29%', '100%', '100%', '100%']  memcached=29.0%
[monitor] ['28%', '100%', '100%', '100%']  memcached=27.6%
[monitor] ['32%', '100%', '100%', '100%']  memcached=32.3%
[monitor] ['30%', '100%', '100%', '100%']  memcached=30.0%
[monitor] ['31%', '100%', '100%', '100%']  memcached=31.2%
[monitor] ['34%', '100%', '100%', '100%']  memcached=34.4%
[monitor] ['27%', '100%', '100%', '100%']  memcached=26.7%
[monitor] ['32%', '100%', '100%', '100%']  memcached=32.3%
[monitor] ['32%', '100%', '100%', '100%']  memcached=32.3%
[monitor] ['27%', '100%', '100%', '100%']  memcached=26.7%
[monitor] ['38%', '100%', '100%', '100%']  memcached=37.5%
[monitor] ['21%', '100%', '100%', '100%']  memcached=21.4%
[monitor] ['34%', '100%', '100%', '100%']  memcached=34.4%
[monitor] ['27%', '100%', '100%', '100%']  memcached=26.7%
[monitor] ['32%', '100%', '100%', '100%']  memcached=32.3%
[monitor] ['36%', '100%', '100%', '100%']  memcached=36.4%
[monitor] ['24%', '100%', '100%', '100%']  memcached=24.1%
[monitor] ['26%', '100%', '100%', '100%']  memcached=25.8%
[monitor] ['30%', '100%', '100%', '100%']  memcached=30.0%
[monitor] ['27%', '100%', '100%', '100%']  memcached=26.7%
[monitor] ['21%', '100%', '100%', '100%']  memcached=21.4%
[monitor] ['32%', '100%', '100%', '100%']  memcached=32.3%
[monitor] ['33%', '100%', '100%', '100%']  memcached=33.3%
[monitor] ['30%', '100%', '100%', '100%']  memcached=30.0%
[monitor] ['24%', '100%', '100%', '100%']  memcached=24.1%
[monitor] ['30%', '100%', '100%', '100%']  memcached=30.0%
[monitor] ['31%', '100%', '100%', '100%']  memcached=31.2%
[monitor] ['30%', '100%', '100%', '100%']  memcached=30.0%
[monitor] ['32%', '100%', '100%', '100%']  memcached=32.3%
[monitor] ['32%', '100%', '100%', '100%']  memcached=32.3%
[monitor] ['37%', '100%', '100%', '100%']  memcached=36.7%
[monitor] ['29%', '100%', '100%', '100%']  memcached=29.0%
[monitor] ['34%', '100%', '100%', '100%']  memcached=34.4%
[monitor] ['57%', '100%', '100%', '100%']  memcached=56.7%
[monitor] ['97%', '100%', '100%', '100%']  memcached=96.7%
[MEMCACHED] cores updated to: ['0', '1', '3']
[freqmine] cores updated to: [2]
[monitor] ['59%', '63%', '100%', '65%']  memcached=186.4%
[monitor] ['57%', '63%', '100%', '65%']  memcached=184.7%
[monitor] ['59%', '62%', '100%', '64%']  memcached=184.5%
[monitor] ['59%', '64%', '100%', '65%']  memcached=187.6%
[monitor] ['58%', '62%', '100%', '63%']  memcached=183.0%
[monitor] ['60%', '63%', '100%', '67%']  memcached=189.5%
[monitor] ['56%', '63%', '100%', '64%']  memcached=182.7%
[monitor] ['59%', '61%', '100%', '66%']  memcached=185.1%
[monitor] ['63%', '63%', '100%', '66%']  memcached=191.4%
[monitor] ['58%', '59%', '100%', '64%']  memcached=180.8%
[monitor] ['62%', '66%', '100%', '69%']  memcached=196.1%
[monitor] ['56%', '62%', '100%', '67%']  memcached=185.4%
[monitor] ['59%', '62%', '100%', '64%']  memcached=184.2%
[monitor] ['59%', '62%', '100%', '64%']  memcached=184.9%
[monitor] ['55%', '58%', '100%', '61%']  memcached=173.5%
[monitor] ['60%', '62%', '100%', '64%']  memcached=185.4%
[monitor] ['56%', '61%', '100%', '63%']  memcached=179.7%
[monitor] ['57%', '64%', '100%', '66%']  memcached=186.7%
[monitor] ['58%', '56%', '100%', '63%']  memcached=176.7%
[monitor] ['60%', '63%', '100%', '67%']  memcached=189.5%
[monitor] ['58%', '64%', '100%', '66%']  memcached=187.2%
[monitor] ['59%', '62%', '100%', '65%']  memcached=185.5%
[monitor] ['60%', '62%', '100%', '65%']  memcached=186.5%
[monitor] ['62%', '67%', '100%', '68%']  memcached=196.4%
[monitor] ['60%', '59%', '100%', '65%']  memcached=183.7%
[monitor] ['58%', '65%', '100%', '64%']  memcached=185.9%
[monitor] ['57%', '58%', '100%', '65%']  memcached=179.4%
[monitor] ['60%', '60%', '100%', '61%']  memcached=180.6%
[monitor] ['59%', '64%', '100%', '65%']  memcached=187.2%
[monitor] ['60%', '62%', '100%', '62%']  memcached=184.3%
[monitor] ['59%', '64%', '100%', '67%']  memcached=189.4%
[monitor] ['58%', '61%', '100%', '64%']  memcached=182.1%
[monitor] ['58%', '63%', '100%', '66%']  memcached=186.1%
[monitor] ['58%', '60%', '100%', '62%']  memcached=180.5%
[monitor] ['56%', '59%', '100%', '64%']  memcached=179.3%
[monitor] ['62%', '60%', '100%', '63%']  memcached=185.0%
[monitor] ['59%', '62%', '100%', '65%']  memcached=185.3%
[monitor] ['58%', '64%', '100%', '67%']  memcached=188.1%
[monitor] ['59%', '59%', '100%', '64%']  memcached=182.1%
[monitor] ['56%', '64%', '100%', '67%']  memcached=186.6%
[monitor] ['60%', '61%', '100%', '66%']  memcached=186.4%
[monitor] ['59%', '62%', '100%', '65%']  memcached=185.8%
[monitor] ['58%', '63%', '100%', '67%']  memcached=187.9%
[monitor] ['59%', '62%', '100%', '64%']  memcached=184.5%
[monitor] ['58%', '63%', '100%', '64%']  memcached=184.1%
[monitor] ['58%', '59%', '100%', '63%']  memcached=179.8%
[monitor] ['55%', '60%', '100%', '62%']  memcached=176.7%
[monitor] ['59%', '59%', '100%', '64%']  memcached=181.3%
[monitor] ['58%', '61%', '100%', '64%']  memcached=182.1%
[monitor] ['55%', '61%', '100%', '65%']  memcached=179.9%
[monitor] ['58%', '63%', '100%', '65%']  memcached=185.3%
[monitor] ['58%', '59%', '100%', '61%']  memcached=177.0%
[monitor] ['59%', '59%', '100%', '66%']  memcached=183.9%
[monitor] ['59%', '62%', '100%', '63%']  memcached=183.4%
[monitor] ['55%', '60%', '100%', '65%']  memcached=179.5%
[monitor] ['56%', '63%', '100%', '64%']  memcached=182.6%
[monitor] ['56%', '61%', '100%', '63%']  memcached=179.7%
[monitor] ['58%', '59%', '100%', '61%']  memcached=177.8%
[monitor] ['58%', '61%', '100%', '66%']  memcached=183.9%
[monitor] ['57%', '59%', '100%', '63%']  memcached=178.8%
[monitor] ['55%', '61%', '100%', '62%']  memcached=177.2%
[monitor] ['57%', '59%', '100%', '64%']  memcached=179.6%
[monitor] ['60%', '66%', '100%', '64%']  memcached=189.6%
[monitor] ['58%', '62%', '100%', '64%']  memcached=184.0%
[monitor] ['53%', '60%', '100%', '63%']  memcached=176.0%
[monitor] ['60%', '62%', '100%', '66%']  memcached=187.5%
[monitor] ['58%', '63%', '100%', '64%']  memcached=185.1%
[monitor] ['58%', '60%', '100%', '62%']  memcached=179.3%
[monitor] ['56%', '62%', '100%', '66%']  memcached=183.4%
[monitor] ['56%', '63%', '100%', '65%']  memcached=183.8%
[monitor] ['58%', '60%', '100%', '63%']  memcached=181.2%
[monitor] ['56%', '58%', '100%', '63%']  memcached=176.3%
[monitor] ['57%', '61%', '100%', '63%']  memcached=180.6%
[monitor] ['57%', '58%', '100%', '63%']  memcached=178.3%
[monitor] ['56%', '60%', '100%', '62%']  memcached=178.0%
[monitor] ['60%', '63%', '100%', '64%']  memcached=186.5%
[monitor] ['56%', '61%', '100%', '62%']  memcached=178.3%
[monitor] ['56%', '60%', '100%', '64%']  memcached=180.1%
[monitor] ['57%', '61%', '100%', '64%']  memcached=182.1%
[monitor] ['59%', '62%', '100%', '64%']  memcached=184.5%
[monitor] ['56%', '62%', '100%', '62%']  memcached=179.4%
[monitor] ['58%', '59%', '100%', '63%']  memcached=179.3%
[monitor] ['57%', '63%', '100%', '64%']  memcached=183.6%
[monitor] ['58%', '60%', '100%', '63%']  memcached=180.4%
[monitor] ['57%', '62%', '100%', '62%']  memcached=180.7%
[monitor] ['61%', '61%', '100%', '63%']  memcached=184.6%
[monitor] ['59%', '58%', '100%', '63%']  memcached=179.3%
[monitor] ['57%', '59%', '100%', '65%']  memcached=181.2%
[monitor] ['56%', '62%', '100%', '62%']  memcached=179.8%
[monitor] ['57%', '58%', '100%', '62%']  memcached=176.5%
[monitor] ['59%', '59%', '100%', '65%']  memcached=183.1%
[monitor] ['56%', '58%', '100%', '62%']  memcached=176.0%
[monitor] ['61%', '63%', '100%', '64%']  memcached=187.9%
[monitor] ['59%', '63%', '100%', '64%']  memcached=185.6%
[monitor] ['58%', '58%', '100%', '62%']  memcached=177.7%
[monitor] ['58%', '65%', '100%', '66%']  memcached=188.0%
[monitor] ['58%', '62%', '100%', '64%']  memcached=183.2%
[monitor] ['55%', '63%', '100%', '66%']  memcached=183.4%
[monitor] ['66%', '71%', '100%', '74%']  memcached=209.7%
[monitor] ['67%', '71%', '100%', '74%']  memcached=211.9%
[monitor] ['68%', '71%', '100%', '73%']  memcached=211.8%
[monitor] ['69%', '71%', '100%', '74%']  memcached=212.9%
[monitor] ['67%', '73%', '100%', '74%']  memcached=212.9%
[monitor] ['69%', '71%', '100%', '76%']  memcached=216.5%
[monitor] ['63%', '71%', '100%', '72%']  memcached=206.1%
[monitor] ['69%', '76%', '100%', '76%']  memcached=221.0%
[monitor] ['68%', '69%', '100%', '74%']  memcached=209.9%
[monitor] ['68%', '71%', '100%', '74%']  memcached=211.8%
[monitor] ['67%', '71%', '100%', '76%']  memcached=213.4%
[monitor] ['67%', '71%', '100%', '72%']  memcached=210.3%
[monitor] ['67%', '73%', '100%', '76%']  memcached=215.9%
[monitor] ['69%', '75%', '100%', '74%']  memcached=217.9%
[monitor] ['67%', '72%', '100%', '73%']  memcached=211.3%
[monitor] ['65%', '68%', '100%', '73%']  memcached=205.1%
[monitor] ['67%', '74%', '100%', '75%']  memcached=215.2%
[monitor] ['65%', '68%', '100%', '71%']  memcached=203.7%
[monitor] ['67%', '71%', '100%', '75%']  memcached=212.3%
[monitor] ['68%', '74%', '100%', '76%']  memcached=217.8%
[monitor] ['68%', '70%', '100%', '74%']  memcached=210.9%
[monitor] ['64%', '71%', '100%', '73%']  memcached=207.0%
[monitor] ['67%', '68%', '100%', '72%']  memcached=206.5%
[monitor] ['62%', '68%', '100%', '71%']  memcached=200.0%
[monitor] ['70%', '72%', '100%', '75%']  memcached=216.6%
[monitor] ['66%', '73%', '100%', '75%']  memcached=213.4%
[monitor] ['67%', '71%', '100%', '74%']  memcached=210.8%
[monitor] ['66%', '71%', '100%', '72%']  memcached=208.2%
[monitor] ['70%', '72%', '100%', '74%']  memcached=215.9%
[monitor] ['66%', '69%', '100%', '73%']  memcached=207.1%
[monitor] ['66%', '73%', '100%', '75%']  memcached=213.4%
[monitor] ['68%', '74%', '100%', '76%']  memcached=217.7%
[monitor] ['69%', '75%', '100%', '77%']  memcached=220.9%
[monitor] ['68%', '70%', '100%', '74%']  memcached=211.6%
[monitor] ['65%', '71%', '100%', '74%']  memcached=210.4%
[monitor] ['65%', '73%', '100%', '74%']  memcached=211.0%
[monitor] ['68%', '69%', '100%', '74%']  memcached=209.9%
[monitor] ['65%', '69%', '100%', '72%']  memcached=206.4%
[monitor] ['64%', '70%', '100%', '73%']  memcached=206.1%
[monitor] ['67%', '70%', '100%', '74%']  memcached=209.9%
[monitor] ['69%', '74%', '100%', '77%']  memcached=220.2%
[monitor] ['67%', '71%', '100%', '74%']  memcached=211.6%
[monitor] ['67%', '69%', '100%', '74%']  memcached=209.7%
[monitor] ['67%', '74%', '100%', '73%']  memcached=212.9%
[monitor] ['68%', '70%', '100%', '74%']  memcached=211.6%
[monitor] ['68%', '71%', '100%', '74%']  memcached=212.6%
[monitor] ['66%', '73%', '100%', '74%']  memcached=212.5%
[monitor] ['66%', '72%', '100%', '76%']  memcached=213.5%
[monitor] ['67%', '70%', '100%', '71%']  memcached=207.0%
[monitor] ['66%', '71%', '100%', '76%']  memcached=212.8%
[monitor] ['50%', '50%', '100%', '51%']  memcached=151.4%
[monitor] ['49%', '53%', '100%', '53%']  memcached=154.1%
[monitor] ['49%', '51%', '100%', '53%']  memcached=152.8%
[monitor] ['49%', '50%', '100%', '54%']  memcached=152.9%
[monitor] ['47%', '48%', '100%', '51%']  memcached=146.8%
[monitor] ['47%', '54%', '100%', '53%']  memcached=154.1%
[monitor] ['47%', '47%', '100%', '54%']  memcached=148.0%
[monitor] ['49%', '53%', '100%', '54%']  memcached=155.6%
[monitor] ['53%', '51%', '100%', '54%']  memcached=158.1%
[monitor] ['48%', '50%', '100%', '53%']  memcached=151.3%
[monitor] ['49%', '54%', '100%', '53%']  memcached=155.6%
[monitor] ['45%', '52%', '100%', '54%']  memcached=151.3%
[monitor] ['50%', '51%', '100%', '51%']  memcached=152.9%
[monitor] ['44%', '49%', '100%', '53%']  memcached=145.1%
[monitor] ['47%', '52%', '100%', '53%']  memcached=151.5%
[monitor] ['51%', '48%', '100%', '53%']  memcached=152.9%
[monitor] ['47%', '54%', '100%', '54%']  memcached=155.4%
[monitor] ['50%', '53%', '100%', '54%']  memcached=156.8%
[monitor] ['47%', '51%', '100%', '53%']  memcached=151.4%
[monitor] ['50%', '48%', '100%', '51%']  memcached=149.9%
[monitor] ['50%', '51%', '100%', '50%']  memcached=151.4%
[monitor] ['49%', '50%', '100%', '54%']  memcached=152.9%
[monitor] ['45%', '50%', '100%', '53%']  memcached=148.2%
[monitor] ['47%', '51%', '100%', '52%']  memcached=150.0%
[monitor] ['51%', '50%', '100%', '55%']  memcached=156.7%
[monitor] ['47%', '45%', '100%', '54%']  memcached=146.5%
[monitor] ['47%', '51%', '100%', '54%']  memcached=152.8%
[monitor] ['51%', '51%', '100%', '54%']  memcached=156.9%
[monitor] ['54%', '50%', '100%', '57%']  memcached=160.8%
[monitor] ['47%', '50%', '100%', '51%']  memcached=148.5%
[monitor] ['50%', '53%', '100%', '54%']  memcached=157.2%
[monitor] ['50%', '52%', '100%', '53%']  memcached=154.3%
[monitor] ['46%', '48%', '100%', '53%']  memcached=147.1%
[monitor] ['51%', '54%', '100%', '55%']  memcached=160.7%
[monitor] ['50%', '51%', '100%', '56%']  memcached=156.9%
[monitor] ['50%', '54%', '100%', '58%']  memcached=162.2%
[monitor] ['51%', '51%', '100%', '53%']  memcached=155.5%
[monitor] ['53%', '57%', '100%', '51%']  memcached=161.0%
[monitor] ['51%', '50%', '100%', '53%']  memcached=154.3%
[monitor] ['47%', '50%', '100%', '53%']  memcached=149.8%
[monitor] ['49%', '53%', '100%', '58%']  memcached=159.2%
[monitor] ['50%', '53%', '100%', '57%']  memcached=159.7%
[monitor] ['49%', '51%', '100%', '51%']  memcached=151.4%
[monitor] ['51%', '54%', '100%', '54%']  memcached=159.7%
[monitor] ['51%', '51%', '100%', '55%']  memcached=158.1%
[monitor] ['49%', '50%', '100%', '51%']  memcached=150.0%
[monitor] ['47%', '51%', '100%', '55%']  memcached=153.9%
[monitor] ['51%', '54%', '100%', '56%']  memcached=161.3%
[monitor] ['50%', '49%', '100%', '53%']  memcached=151.3%
[monitor] ['42%', '50%', '100%', '50%']  memcached=142.4%
[monitor] ['32%', '29%', '100%', '28%']  memcached=89.5%
[MEMCACHED] cores updated to: ['0', '3']
[freqmine] cores updated to: [2, 1]
[monitor] ['43%', '100%', '100%', '43%']  memcached=85.7%
[monitor] ['31%', '100%', '100%', '32%']  memcached=63.5%
[MEMCACHED] cores updated to: ['0']
[freqmine] cores updated to: [2, 1, 3]
[monitor] ['50%', '100%', '100%', '100%']  memcached=50.0%
[monitor] ['50%', '100%', '100%', '100%']  memcached=50.0%
[monitor] ['53%', '100%', '100%', '100%']  memcached=52.8%
[monitor] ['51%', '100%', '100%', '100%']  memcached=51.4%
[monitor] ['52%', '100%', '100%', '100%']  memcached=51.5%
[monitor] ['53%', '100%', '100%', '100%']  memcached=52.8%
[monitor] ['50%', '100%', '100%', '100%']  memcached=50.0%
[monitor] ['48%', '100%', '100%', '100%']  memcached=48.5%
[monitor] ['53%', '100%', '100%', '100%']  memcached=52.9%
[monitor] ['45%', '100%', '100%', '100%']  memcached=45.2%
[monitor] ['54%', '100%', '100%', '100%']  memcached=54.1%
[monitor] ['50%', '100%', '100%', '100%']  memcached=50.0%
[monitor] ['50%', '100%', '100%', '100%']  memcached=50.0%
[monitor] ['48%', '100%', '100%', '100%']  memcached=48.5%
[monitor] ['51%', '100%', '100%', '100%']  memcached=51.4%
[monitor] ['48%', '100%', '100%', '100%']  memcached=48.5%
[monitor] ['51%', '100%', '100%', '100%']  memcached=51.4%
[monitor] ['51%', '100%', '100%', '100%']  memcached=51.4%
[monitor] ['50%', '100%', '100%', '100%']  memcached=50.0%
[monitor] ['45%', '100%', '100%', '100%']  memcached=45.2%
[monitor] ['53%', '100%', '100%', '100%']  memcached=52.9%
[monitor] ['54%', '100%', '100%', '100%']  memcached=54.3%
[monitor] ['47%', '100%', '100%', '100%']  memcached=46.9%
[monitor] ['47%', '100%', '100%', '100%']  memcached=46.9%
[monitor] ['50%', '100%', '100%', '100%']  memcached=50.0%
[monitor] ['50%', '100%', '100%', '100%']  memcached=50.0%
[monitor] ['47%', '100%', '100%', '100%']  memcached=46.9%
[monitor] ['54%', '100%', '100%', '100%']  memcached=54.3%
[monitor] ['51%', '100%', '100%', '100%']  memcached=51.4%
[monitor] ['50%', '100%', '100%', '100%']  memcached=50.0%
[monitor] ['54%', '100%', '100%', '100%']  memcached=54.3%
[monitor] ['52%', '100%', '100%', '100%']  memcached=51.5%
[monitor] ['51%', '100%', '100%', '100%']  memcached=51.4%
[monitor] ['53%', '100%', '100%', '100%']  memcached=52.9%
[monitor] ['53%', '100%', '100%', '100%']  memcached=52.8%
[monitor] ['53%', '100%', '100%', '100%']  memcached=52.9%
[monitor] ['56%', '100%', '100%', '100%']  memcached=55.6%
[monitor] ['52%', '100%', '100%', '100%']  memcached=51.5%
[monitor] ['50%', '100%', '100%', '100%']  memcached=50.0%
[monitor] ['53%', '100%', '100%', '100%']  memcached=52.9%
[monitor] ['61%', '38%', '56%', '33%']  memcached=60.6%
[freqmine] ended.
[streamcluster] started on cores: [1, 2, 3] with 3 threads.
[monitor] ['54%', '43%', '47%', '45%']  memcached=54.3%
[monitor] ['50%', '28%', '70%', '27%']  memcached=50.0%
[monitor] ['52%', '45%', '93%', '46%']  memcached=51.5%
[monitor] ['57%', '90%', '83%', '93%']  memcached=56.8%
[monitor] ['55%', '97%', '83%', '93%']  memcached=54.8%
[monitor] ['100%', '93%', '93%', '100%']  memcached=100.0%
[MEMCACHED] cores updated to: ['0', '1', '2']
[streamcluster] cores updated to: [3]
[monitor] ['57%', '64%', '66%', '100%']  memcached=186.7%
[monitor] ['58%', '61%', '66%', '100%']  memcached=183.9%
[monitor] ['59%', '63%', '66%', '100%']  memcached=187.4%
[monitor] ['59%', '64%', '67%', '100%']  memcached=189.4%
[monitor] ['59%', '66%', '68%', '100%']  memcached=192.1%
[monitor] ['56%', '64%', '65%', '100%']  memcached=184.5%
[monitor] ['59%', '65%', '67%', '100%']  memcached=190.2%
[monitor] ['59%', '65%', '68%', '100%']  memcached=191.9%
[monitor] ['60%', '68%', '69%', '100%']  memcached=196.2%
[monitor] ['59%', '64%', '69%', '100%']  memcached=192.2%
[monitor] ['62%', '67%', '65%', '100%']  memcached=193.1%
[monitor] ['60%', '64%', '69%', '100%']  memcached=192.5%
[monitor] ['58%', '64%', '65%', '100%']  memcached=185.9%
[monitor] ['62%', '66%', '70%', '100%']  memcached=197.2%
[monitor] ['60%', '65%', '67%', '100%']  memcached=191.4%
[monitor] ['63%', '65%', '69%', '100%']  memcached=196.1%
[monitor] ['61%', '65%', '69%', '100%']  memcached=193.9%
[monitor] ['60%', '66%', '69%', '100%']  memcached=195.2%
[monitor] ['58%', '59%', '66%', '100%']  memcached=182.7%
[monitor] ['56%', '65%', '68%', '100%']  memcached=188.6%
[monitor] ['64%', '67%', '69%', '100%']  memcached=199.1%
[monitor] ['59%', '66%', '67%', '100%']  memcached=191.2%
[monitor] ['61%', '66%', '68%', '100%']  memcached=194.0%
[monitor] ['63%', '65%', '71%', '100%']  memcached=198.2%
[monitor] ['59%', '66%', '66%', '100%']  memcached=190.3%
[monitor] ['61%', '62%', '71%', '100%']  memcached=194.5%
[monitor] ['58%', '68%', '68%', '100%']  memcached=192.8%
[monitor] ['61%', '63%', '67%', '100%']  memcached=190.6%
[monitor] ['59%', '66%', '67%', '100%']  memcached=191.2%
[monitor] ['56%', '64%', '67%', '100%']  memcached=186.8%
[monitor] ['58%', '63%', '66%', '100%']  memcached=186.9%
[monitor] ['61%', '65%', '65%', '100%']  memcached=190.5%
[monitor] ['60%', '64%', '68%', '100%']  memcached=191.5%
[monitor] ['61%', '64%', '66%', '100%']  memcached=189.9%
[monitor] ['59%', '66%', '69%', '100%']  memcached=193.1%
[monitor] ['59%', '62%', '65%', '100%']  memcached=186.0%
[monitor] ['62%', '65%', '68%', '100%']  memcached=194.1%
[monitor] ['60%', '65%', '66%', '100%']  memcached=190.4%
[monitor] ['56%', '61%', '68%', '100%']  memcached=184.1%
[monitor] ['64%', '67%', '69%', '100%']  memcached=199.1%
[monitor] ['63%', '67%', '69%', '100%']  memcached=198.1%
[monitor] ['59%', '65%', '68%', '100%']  memcached=191.3%
[monitor] ['60%', '69%', '69%', '100%']  memcached=197.1%
[monitor] ['58%', '61%', '65%', '100%']  memcached=182.9%
[monitor] ['60%', '65%', '66%', '100%']  memcached=190.4%
[monitor] ['57%', '64%', '64%', '100%']  memcached=184.9%
[monitor] ['62%', '63%', '67%', '100%']  memcached=191.3%
[monitor] ['57%', '61%', '65%', '100%']  memcached=182.5%
[monitor] ['53%', '61%', '60%', '100%']  memcached=173.5%
[monitor] ['56%', '56%', '60%', '100%']  memcached=171.4%
[monitor] ['50%', '56%', '59%', '100%']  memcached=165.3%
[monitor] ['53%', '57%', '60%', '100%']  memcached=169.9%
[monitor] ['52%', '54%', '57%', '100%']  memcached=162.9%
[monitor] ['54%', '57%', '60%', '100%']  memcached=171.4%
[monitor] ['48%', '50%', '57%', '100%']  memcached=155.6%
[monitor] ['52%', '59%', '59%', '100%']  memcached=170.4%
[monitor] ['56%', '54%', '58%', '100%']  memcached=168.2%
[monitor] ['50%', '53%', '61%', '100%']  memcached=163.5%
[monitor] ['54%', '58%', '58%', '100%']  memcached=170.2%
[monitor] ['51%', '52%', '57%', '100%']  memcached=159.7%
[monitor] ['57%', '59%', '59%', '100%']  memcached=174.8%
[monitor] ['52%', '55%', '58%', '100%']  memcached=164.4%
[monitor] ['53%', '57%', '63%', '100%']  memcached=172.9%
[monitor] ['54%', '58%', '57%', '100%']  memcached=169.8%
[monitor] ['54%', '59%', '60%', '100%']  memcached=173.1%
[monitor] ['52%', '55%', '58%', '100%']  memcached=164.4%
[monitor] ['50%', '56%', '59%', '100%']  memcached=164.7%
[monitor] ['50%', '57%', '57%', '100%']  memcached=164.3%
[monitor] ['54%', '58%', '60%', '100%']  memcached=172.6%
[monitor] ['53%', '55%', '59%', '100%']  memcached=166.8%
[monitor] ['56%', '58%', '59%', '100%']  memcached=172.4%
[monitor] ['48%', '55%', '58%', '100%']  memcached=161.4%
[monitor] ['53%', '59%', '61%', '100%']  memcached=173.5%
[monitor] ['53%', '58%', '59%', '100%']  memcached=170.7%
[monitor] ['53%', '59%', '63%', '100%']  memcached=175.6%
[monitor] ['51%', '57%', '58%', '100%']  memcached=166.9%
[monitor] ['54%', '57%', '59%', '100%']  memcached=170.3%
[monitor] ['52%', '57%', '58%', '100%']  memcached=166.2%
[monitor] ['52%', '56%', '56%', '100%']  memcached=163.3%
[monitor] ['52%', '57%', '59%', '100%']  memcached=167.7%
[monitor] ['54%', '57%', '61%', '100%']  memcached=172.5%
[monitor] ['56%', '57%', '58%', '100%']  memcached=171.0%
[monitor] ['52%', '57%', '59%', '100%']  memcached=167.5%
[monitor] ['53%', '57%', '58%', '100%']  memcached=168.0%
[monitor] ['51%', '57%', '58%', '100%']  memcached=166.9%
[monitor] ['53%', '57%', '57%', '100%']  memcached=167.1%
[monitor] ['54%', '56%', '57%', '100%']  memcached=167.0%
[monitor] ['53%', '56%', '59%', '100%']  memcached=168.1%
[monitor] ['53%', '58%', '58%', '100%']  memcached=169.6%
[monitor] ['54%', '58%', '60%', '100%']  memcached=172.6%
[monitor] ['56%', '54%', '58%', '100%']  memcached=168.2%
[monitor] ['53%', '56%', '58%', '100%']  memcached=166.8%
[monitor] ['51%', '57%', '57%', '100%']  memcached=164.9%
[monitor] ['52%', '56%', '60%', '100%']  memcached=167.4%
[monitor] ['53%', '58%', '57%', '100%']  memcached=168.4%
[monitor] ['53%', '55%', '58%', '100%']  memcached=165.4%
[monitor] ['53%', '58%', '58%', '100%']  memcached=168.7%
[monitor] ['52%', '55%', '59%', '100%']  memcached=165.5%
[monitor] ['45%', '51%', '52%', '100%']  memcached=148.1%
[monitor] ['47%', '49%', '47%', '100%']  memcached=142.9%
[monitor] ['44%', '47%', '51%', '100%']  memcached=142.6%
[monitor] ['45%', '49%', '47%', '100%']  memcached=141.1%
[monitor] ['47%', '49%', '51%', '100%']  memcached=147.2%
[monitor] ['47%', '45%', '45%', '100%']  memcached=138.1%
[MEMCACHED] cores updated to: ['0', '2']
[streamcluster] cores updated to: [1, 3]
[monitor] ['57%', '100%', '58%', '97%']  memcached=115.5%
[monitor] ['60%', '97%', '62%', '100%']  memcached=122.2%
[monitor] ['58%', '97%', '61%', '97%']  memcached=118.9%
[monitor] ['56%', '100%', '61%', '97%']  memcached=117.0%
[monitor] ['56%', '97%', '61%', '100%']  memcached=116.4%
[monitor] ['61%', '100%', '57%', '97%']  memcached=118.3%
[monitor] ['56%', '97%', '63%', '100%']  memcached=119.0%
[monitor] ['59%', '97%', '59%', '100%']  memcached=118.9%
[monitor] ['61%', '100%', '62%', '97%']  memcached=123.3%
[monitor] ['57%', '100%', '58%', '100%']  memcached=115.5%
[monitor] ['57%', '97%', '62%', '97%']  memcached=119.3%
[monitor] ['57%', '100%', '61%', '100%']  memcached=117.7%
[monitor] ['57%', '97%', '58%', '97%']  memcached=115.5%
[monitor] ['56%', '97%', '57%', '100%']  memcached=113.0%
[monitor] ['57%', '97%', '59%', '97%']  memcached=116.6%
[monitor] ['58%', '100%', '58%', '100%']  memcached=116.7%
[monitor] ['57%', '97%', '59%', '100%']  memcached=116.2%
[monitor] ['60%', '97%', '57%', '97%']  memcached=117.1%
[monitor] ['57%', '100%', '62%', '100%']  memcached=119.3%
[monitor] ['57%', '97%', '59%', '100%']  memcached=116.6%
[monitor] ['57%', '97%', '61%', '97%']  memcached=118.3%
[monitor] ['60%', '97%', '61%', '100%']  memcached=121.1%
[monitor] ['59%', '100%', '58%', '100%']  memcached=117.8%
[monitor] ['58%', '97%', '61%', '97%']  memcached=118.7%
[monitor] ['59%', '100%', '61%', '97%']  memcached=119.9%
[monitor] ['57%', '97%', '60%', '100%']  memcached=117.1%
[monitor] ['60%', '100%', '61%', '97%']  memcached=120.5%
[monitor] ['57%', '97%', '59%', '100%']  memcached=116.6%
[monitor] ['59%', '97%', '56%', '100%']  memcached=115.3%
[monitor] ['56%', '100%', '59%', '97%']  memcached=115.3%
[monitor] ['57%', '97%', '61%', '100%']  memcached=118.3%
[monitor] ['58%', '97%', '60%', '97%']  memcached=118.3%
[monitor] ['57%', '97%', '59%', '100%']  memcached=116.6%
[monitor] ['60%', '100%', '61%', '100%']  memcached=121.1%
[monitor] ['57%', '97%', '61%', '97%']  memcached=118.3%
[monitor] ['55%', '100%', '58%', '100%']  memcached=112.1%
[monitor] ['61%', '97%', '63%', '97%']  memcached=124.3%
[monitor] ['58%', '100%', '59%', '100%']  memcached=117.8%
[monitor] ['59%', '100%', '61%', '97%']  memcached=120.6%
[monitor] ['55%', '97%', '59%', '97%']  memcached=114.0%
[monitor] ['60%', '97%', '58%', '100%']  memcached=118.3%
[monitor] ['59%', '100%', '60%', '97%']  memcached=119.5%
[monitor] ['60%', '100%', '63%', '97%']  memcached=123.2%
[monitor] ['58%', '97%', '61%', '100%']  memcached=119.4%
[monitor] ['63%', '97%', '66%', '100%']  memcached=128.6%
[monitor] ['61%', '100%', '65%', '97%']  memcached=126.0%
[monitor] ['63%', '97%', '65%', '100%']  memcached=127.7%
[monitor] ['60%', '100%', '62%', '100%']  memcached=122.2%
[monitor] ['60%', '97%', '65%', '97%']  memcached=124.9%
[monitor] ['62%', '100%', '63%', '100%']  memcached=125.3%
[monitor] ['62%', '100%', '63%', '97%']  memcached=124.6%
[monitor] ['62%', '97%', '64%', '100%']  memcached=126.1%
[monitor] ['64%', '97%', '65%', '97%']  memcached=128.8%
[monitor] ['62%', '100%', '65%', '100%']  memcached=127.0%
[monitor] ['65%', '97%', '66%', '97%']  memcached=130.6%
[monitor] ['65%', '97%', '65%', '100%']  memcached=129.7%
[monitor] ['65%', '100%', '65%', '100%']  memcached=129.7%
[monitor] ['60%', '97%', '63%', '97%']  memcached=122.9%
[monitor] ['64%', '100%', '65%', '100%']  memcached=128.8%
[monitor] ['63%', '97%', '63%', '97%']  memcached=126.0%
[monitor] ['62%', '100%', '61%', '100%']  memcached=122.9%
[monitor] ['62%', '97%', '63%', '97%']  memcached=125.3%
[monitor] ['61%', '100%', '62%', '97%']  memcached=123.3%
[monitor] ['63%', '97%', '64%', '100%']  memcached=126.7%
[monitor] ['61%', '100%', '64%', '97%']  memcached=125.0%
[monitor] ['61%', '97%', '66%', '100%']  memcached=126.9%
[monitor] ['65%', '97%', '62%', '97%']  memcached=127.0%
[monitor] ['62%', '97%', '63%', '100%']  memcached=125.0%
[monitor] ['64%', '100%', '65%', '97%']  memcached=128.9%
[monitor] ['61%', '97%', '65%', '100%']  memcached=126.0%
[monitor] ['60%', '100%', '60%', '97%']  memcached=120.0%
[monitor] ['64%', '100%', '65%', '100%']  memcached=129.0%
[monitor] ['64%', '97%', '64%', '97%']  memcached=128.0%
[monitor] ['61%', '100%', '65%', '100%']  memcached=126.0%
[monitor] ['64%', '100%', '63%', '97%']  memcached=126.7%
[monitor] ['62%', '97%', '65%', '100%']  memcached=126.6%
[monitor] ['65%', '97%', '65%', '97%']  memcached=129.7%
[monitor] ['61%', '100%', '62%', '97%']  memcached=123.3%
[monitor] ['60%', '100%', '64%', '100%']  memcached=123.9%
[monitor] ['63%', '97%', '63%', '97%']  memcached=126.0%
[monitor] ['62%', '97%', '65%', '100%']  memcached=127.0%
[monitor] ['60%', '100%', '64%', '97%']  memcached=124.1%
[monitor] ['62%', '100%', '61%', '97%']  memcached=123.3%
[monitor] ['64%', '97%', '64%', '100%']  memcached=127.8%
[monitor] ['63%', '97%', '64%', '97%']  memcached=126.7%
[monitor] ['61%', '100%', '66%', '100%']  memcached=126.9%
[monitor] ['64%', '100%', '64%', '97%']  memcached=127.8%
[monitor] ['64%', '97%', '62%', '100%']  memcached=126.1%
[monitor] ['60%', '100%', '63%', '97%']  memcached=123.2%
[monitor] ['61%', '97%', '64%', '97%']  memcached=125.0%
[monitor] ['61%', '100%', '62%', '100%']  memcached=123.3%
[monitor] ['62%', '97%', '61%', '97%']  memcached=123.3%
[monitor] ['62%', '100%', '66%', '100%']  memcached=127.6%
[monitor] ['60%', '100%', '62%', '97%']  memcached=122.2%
[monitor] ['45%', '97%', '51%', '97%']  memcached=96.8%
[monitor] ['47%', '97%', '49%', '100%']  memcached=95.6%
[monitor] ['49%', '100%', '49%', '97%']  memcached=97.1%
[monitor] ['44%', '97%', '50%', '100%']  memcached=93.8%
[monitor] ['49%', '97%', '51%', '97%']  memcached=100.0%
[monitor] ['47%', '100%', '50%', '100%']  memcached=97.1%
[monitor] ['47%', '97%', '49%', '97%']  memcached=95.6%
[monitor] ['48%', '97%', '49%', '100%']  memcached=97.1%
[monitor] ['47%', '100%', '50%', '97%']  memcached=97.1%
[monitor] ['47%', '97%', '47%', '100%']  memcached=94.1%
[monitor] ['51%', '97%', '53%', '97%']  memcached=104.2%
[monitor] ['44%', '100%', '47%', '100%']  memcached=90.8%
[monitor] ['44%', '97%', '47%', '97%']  memcached=90.8%
[monitor] ['48%', '100%', '47%', '100%']  memcached=95.5%
[monitor] ['50%', '97%', '53%', '97%']  memcached=102.9%
[monitor] ['47%', '100%', '50%', '97%']  memcached=97.1%
[monitor] ['47%', '97%', '49%', '97%']  memcached=95.6%
[monitor] ['47%', '97%', '49%', '97%']  memcached=95.4%
[monitor] ['44%', '100%', '50%', '97%']  memcached=93.8%
[monitor] ['45%', '97%', '49%', '100%']  memcached=94.0%
[monitor] ['47%', '97%', '51%', '97%']  memcached=98.4%
[monitor] ['45%', '100%', '49%', '100%']  memcached=94.0%
[monitor] ['49%', '97%', '49%', '100%']  memcached=97.1%
[monitor] ['47%', '97%', '50%', '97%']  memcached=97.1%
[monitor] ['50%', '100%', '49%', '97%']  memcached=98.6%
[monitor] ['45%', '97%', '47%', '100%']  memcached=92.5%
[monitor] ['50%', '100%', '51%', '100%']  memcached=101.4%
[monitor] ['47%', '100%', '47%', '97%']  memcached=94.3%
[monitor] ['50%', '97%', '49%', '100%']  memcached=98.6%
[monitor] ['47%', '97%', '49%', '97%']  memcached=95.6%
[monitor] ['45%', '97%', '50%', '100%']  memcached=95.5%
[monitor] ['50%', '100%', '49%', '97%']  memcached=98.6%
[monitor] ['50%', '97%', '48%', '100%']  memcached=98.5%
[monitor] ['40%', '97%', '47%', '97%']  memcached=87.1%
[monitor] ['45%', '97%', '47%', '100%']  memcached=92.2%
[monitor] ['47%', '100%', '47%', '97%']  memcached=94.1%
[monitor] ['45%', '97%', '50%', '100%']  memcached=95.5%
[monitor] ['47%', '100%', '48%', '93%']  memcached=95.4%
[monitor] ['45%', '97%', '45%', '100%']  memcached=90.9%
[monitor] ['48%', '100%', '50%', '97%']  memcached=98.5%
[monitor] ['47%', '97%', '53%', '97%']  memcached=99.8%
[monitor] ['47%', '100%', '47%', '100%']  memcached=94.1%
[monitor] ['50%', '97%', '53%', '97%']  memcached=102.8%
[monitor] ['44%', '97%', '47%', '100%']  memcached=90.8%
[monitor] ['49%', '97%', '50%', '100%']  memcached=98.6%
[monitor] ['45%', '97%', '44%', '97%']  memcached=89.2%
[monitor] ['50%', '100%', '51%', '100%']  memcached=101.4%
[monitor] ['43%', '97%', '51%', '100%']  memcached=94.8%
[monitor] ['45%', '97%', '47%', '97%']  memcached=92.5%
[monitor] ['59%', '100%', '60%', '97%']  memcached=118.8%
[monitor] ['72%', '97%', '75%', '100%']  memcached=147.2%
[monitor] ['71%', '100%', '74%', '97%']  memcached=145.7%
[monitor] ['75%', '100%', '72%', '100%']  memcached=147.2%
[monitor] ['71%', '97%', '74%', '100%']  memcached=144.9%
[monitor] ['72%', '100%', '75%', '97%']  memcached=147.2%
[monitor] ['71%', '97%', '73%', '100%']  memcached=144.4%
[monitor] ['72%', '100%', '74%', '100%']  memcached=145.8%
[monitor] ['76%', '97%', '78%', '97%']  memcached=154.2%
[monitor] ['72%', '100%', '75%', '100%']  memcached=147.2%
[monitor] ['76%', '97%', '77%', '100%']  memcached=153.6%
[monitor] ['74%', '100%', '74%', '97%']  memcached=148.0%
[monitor] ['75%', '100%', '77%', '100%']  memcached=152.1%
[monitor] ['74%', '97%', '75%', '100%']  memcached=149.3%
[monitor] ['74%', '100%', '75%', '27%']  memcached=148.5%
[monitor] ['72%', '93%', '76%', '87%']  memcached=147.9%
[monitor] ['75%', '97%', '75%', '97%']  memcached=150.0%
[monitor] ['74%', '97%', '76%', '97%']  memcached=149.4%
[monitor] ['74%', '97%', '74%', '100%']  memcached=148.6%
[monitor] ['74%', '100%', '76%', '100%']  memcached=150.0%
[monitor] ['75%', '97%', '77%', '97%']  memcached=152.1%
[monitor] ['75%', '100%', '74%', '100%']  memcached=149.3%
[monitor] ['75%', '97%', '75%', '97%']  memcached=150.0%
[monitor] ['72%', '100%', '74%', '100%']  memcached=146.5%
[monitor] ['76%', '100%', '77%', '97%']  memcached=152.8%
[monitor] ['74%', '100%', '74%', '100%']  memcached=148.0%
[monitor] ['74%', '97%', '76%', '97%']  memcached=150.2%
[monitor] ['75%', '97%', '76%', '100%']  memcached=150.7%
[monitor] ['74%', '97%', '74%', '100%']  memcached=147.8%
[monitor] ['74%', '100%', '75%', '100%']  memcached=149.3%
[monitor] ['75%', '97%', '77%', '97%']  memcached=152.1%
[monitor] ['73%', '97%', '73%', '100%']  memcached=145.9%
[monitor] ['77%', '100%', '79%', '100%']  memcached=156.6%
[monitor] ['74%', '97%', '75%', '100%']  memcached=149.3%
[monitor] ['75%', '97%', '77%', '100%']  memcached=152.1%
[monitor] ['72%', '97%', '75%', '97%']  memcached=147.2%
[monitor] ['73%', '97%', '73%', '100%']  memcached=145.9%
[monitor] ['76%', '97%', '76%', '100%']  memcached=151.4%
[monitor] ['73%', '100%', '74%', '97%']  memcached=147.3%
[monitor] ['74%', '97%', '74%', '100%']  memcached=148.6%
[monitor] ['73%', '97%', '75%', '97%']  memcached=148.0%
[monitor] ['72%', '100%', '74%', '100%']  memcached=146.5%
[monitor] ['72%', '97%', '78%', '97%']  memcached=150.6%
[monitor] ['69%', '100%', '76%', '100%']  memcached=145.0%
[monitor] ['68%', '97%', '81%', '100%']  memcached=148.2%
[monitor] ['69%', '100%', '81%', '100%']  memcached=149.1%
[monitor] ['68%', '97%', '78%', '97%']  memcached=146.0%
[monitor] ['68%', '97%', '79%', '100%']  memcached=147.1%
[monitor] ['69%', '97%', '79%', '100%']  memcached=148.0%
[monitor] ['71%', '100%', '80%', '97%']  memcached=151.4%
[monitor] ['68%', '97%', '81%', '100%']  memcached=148.2%
[monitor] ['67%', '97%', '88%', '100%']  memcached=154.2%
[monitor] ['70%', '97%', '85%', '100%']  memcached=155.0%
[monitor] ['71%', '97%', '83%', '100%']  memcached=154.3%
[monitor] ['68%', '97%', '83%', '97%']  memcached=150.5%
[monitor] ['71%', '100%', '88%', '100%']  memcached=158.1%
[monitor] ['69%', '97%', '82%', '100%']  memcached=150.9%
[monitor] ['70%', '100%', '83%', '100%']  memcached=152.6%
[monitor] ['70%', '97%', '82%', '100%']  memcached=152.0%
[monitor] ['71%', '97%', '85%', '100%']  memcached=155.9%
[monitor] ['72%', '97%', '85%', '97%']  memcached=157.5%
[monitor] ['74%', '100%', '86%', '100%']  memcached=159.2%
[monitor] ['70%', '97%', '82%', '100%']  memcached=152.0%
[monitor] ['73%', '97%', '85%', '100%']  memcached=158.0%
[monitor] ['70%', '97%', '85%', '100%']  memcached=155.0%
[monitor] ['76%', '100%', '86%', '97%']  memcached=161.9%
[MEMCACHED] cores updated to: ['0', '2', '3']
[streamcluster] cores updated to: [1]
[monitor] ['59%', '100%', '67%', '71%']  memcached=197.5%
[monitor] ['60%', '100%', '70%', '68%']  memcached=197.3%
[monitor] ['61%', '100%', '67%', '69%']  memcached=195.8%
[monitor] ['62%', '100%', '67%', '66%']  memcached=194.5%
[monitor] ['58%', '100%', '70%', '69%']  memcached=196.7%
[monitor] ['59%', '100%', '69%', '67%']  memcached=194.6%
[monitor] ['61%', '100%', '69%', '69%']  memcached=198.6%
[monitor] ['58%', '100%', '68%', '71%']  memcached=196.3%
[monitor] ['63%', '100%', '69%', '67%']  memcached=198.1%
[monitor] ['60%', '100%', '66%', '69%']  memcached=194.3%
[monitor] ['62%', '100%', '71%', '70%']  memcached=202.6%
[monitor] ['59%', '100%', '68%', '69%']  memcached=196.5%
[monitor] ['60%', '100%', '70%', '69%']  memcached=198.3%
[monitor] ['59%', '100%', '68%', '68%']  memcached=194.1%
[monitor] ['59%', '100%', '68%', '69%']  memcached=195.0%
[monitor] ['63%', '100%', '68%', '68%']  memcached=198.2%
[monitor] ['61%', '100%', '71%', '69%']  memcached=200.6%
[monitor] ['58%', '100%', '68%', '68%']  memcached=192.9%
[monitor] ['60%', '100%', '65%', '69%']  memcached=193.1%
[monitor] ['59%', '100%', '67%', '67%']  memcached=192.2%
[monitor] ['63%', '100%', '71%', '67%']  memcached=200.1%
[monitor] ['60%', '100%', '68%', '66%']  memcached=193.4%
[monitor] ['60%', '100%', '66%', '67%']  memcached=192.4%
[monitor] ['63%', '100%', '69%', '66%']  memcached=198.0%
[monitor] ['59%', '100%', '68%', '71%']  memcached=197.1%
[monitor] ['62%', '100%', '68%', '68%']  memcached=197.1%
[monitor] ['60%', '100%', '67%', '67%']  memcached=193.3%
[monitor] ['59%', '100%', '68%', '64%']  memcached=190.3%
[monitor] ['61%', '100%', '68%', '67%']  memcached=195.4%
[monitor] ['63%', '100%', '69%', '72%']  memcached=203.7%
[monitor] ['59%', '100%', '69%', '65%']  memcached=192.1%
[monitor] ['61%', '100%', '67%', '68%']  memcached=195.4%
[monitor] ['59%', '100%', '67%', '67%']  memcached=192.7%
[monitor] ['59%', '100%', '67%', '66%']  memcached=191.2%
[monitor] ['54%', '100%', '57%', '58%']  memcached=168.7%
[monitor] ['53%', '100%', '59%', '58%']  memcached=170.6%
[monitor] ['50%', '100%', '57%', '56%']  memcached=162.7%
[monitor] ['49%', '100%', '57%', '58%']  memcached=163.7%
[monitor] ['51%', '100%', '56%', '58%']  memcached=164.9%
[monitor] ['50%', '100%', '58%', '54%']  memcached=162.2%
[monitor] ['51%', '100%', '58%', '59%']  memcached=169.2%
[monitor] ['48%', '100%', '54%', '54%']  memcached=157.1%
[monitor] ['51%', '100%', '57%', '58%']  memcached=166.5%
[monitor] ['50%', '100%', '57%', '58%']  memcached=165.5%
[monitor] ['54%', '100%', '59%', '56%']  memcached=169.0%
[monitor] ['51%', '100%', '54%', '57%']  memcached=162.9%
[monitor] ['53%', '100%', '59%', '55%']  memcached=166.8%
[monitor] ['50%', '100%', '57%', '58%']  memcached=165.5%
[monitor] ['48%', '100%', '58%', '58%']  memcached=164.7%
[monitor] ['52%', '100%', '57%', '58%']  memcached=167.0%
[monitor] ['50%', '100%', '54%', '58%']  memcached=162.6%
[monitor] ['53%', '100%', '57%', '58%']  memcached=168.3%
[monitor] ['51%', '100%', '56%', '59%']  memcached=166.4%
[monitor] ['52%', '100%', '59%', '58%']  memcached=168.7%
[monitor] ['51%', '100%', '56%', '57%']  memcached=164.5%
[monitor] ['48%', '100%', '54%', '59%']  memcached=162.2%
[monitor] ['51%', '100%', '57%', '58%']  memcached=166.9%
[monitor] ['51%', '100%', '53%', '57%']  memcached=161.5%
[monitor] ['50%', '100%', '57%', '59%']  memcached=166.6%
[monitor] ['50%', '100%', '56%', '59%']  memcached=165.3%
[monitor] ['51%', '100%', '57%', '57%']  memcached=164.9%
[monitor] ['54%', '100%', '57%', '59%']  memcached=170.9%
[monitor] ['49%', '100%', '53%', '59%']  memcached=161.0%
[monitor] ['50%', '100%', '58%', '56%']  memcached=163.5%
[monitor] ['50%', '100%', '56%', '56%']  memcached=161.8%
[monitor] ['53%', '100%', '56%', '59%']  memcached=168.3%
[monitor] ['51%', '100%', '56%', '58%']  memcached=165.6%
[monitor] ['51%', '100%', '57%', '58%']  memcached=166.9%
[monitor] ['52%', '100%', '57%', '59%']  memcached=168.1%
[monitor] ['51%', '100%', '54%', '61%']  memcached=166.2%
[monitor] ['51%', '100%', '56%', '56%']  memcached=162.5%
[monitor] ['50%', '100%', '56%', '58%']  memcached=164.2%
[monitor] ['54%', '100%', '57%', '58%']  memcached=169.4%
[monitor] ['48%', '100%', '55%', '57%']  memcached=160.2%
[monitor] ['51%', '100%', '57%', '59%']  memcached=168.0%
[monitor] ['51%', '100%', '57%', '61%']  memcached=169.7%
[monitor] ['51%', '100%', '58%', '59%']  memcached=169.2%
[monitor] ['52%', '100%', '57%', '54%']  memcached=162.6%
[monitor] ['50%', '100%', '53%', '57%']  memcached=159.7%
[monitor] ['50%', '100%', '59%', '57%']  memcached=166.6%
[monitor] ['54%', '100%', '56%', '58%']  memcached=167.8%
[monitor] ['53%', '100%', '57%', '57%']  memcached=166.7%
[monitor] ['50%', '100%', '56%', '58%']  memcached=164.2%
[monitor] ['53%', '100%', '56%', '54%']  memcached=162.8%
[monitor] ['49%', '100%', '57%', '57%']  memcached=162.5%
[monitor] ['47%', '100%', '56%', '61%']  memcached=163.0%
[monitor] ['51%', '100%', '57%', '54%']  memcached=162.4%
[monitor] ['50%', '100%', '54%', '57%']  memcached=161.0%
[monitor] ['50%', '100%', '54%', '56%']  memcached=160.2%
[monitor] ['49%', '100%', '54%', '56%']  memcached=158.4%
[monitor] ['50%', '100%', '56%', '57%']  memcached=162.6%
[monitor] ['51%', '100%', '53%', '59%']  memcached=163.8%
[monitor] ['53%', '100%', '54%', '54%']  memcached=161.3%
[monitor] ['50%', '100%', '58%', '54%']  memcached=162.2%
[monitor] ['48%', '100%', '56%', '56%']  memcached=159.9%
[monitor] ['51%', '100%', '59%', '61%']  memcached=170.9%
[monitor] ['48%', '100%', '54%', '54%']  memcached=157.1%
[monitor] ['50%', '100%', '57%', '56%']  memcached=163.0%
[monitor] ['51%', '100%', '54%', '57%']  memcached=162.5%
[monitor] ['53%', '100%', '57%', '56%']  memcached=165.8%
[monitor] ['51%', '100%', '57%', '58%']  memcached=166.9%
[monitor] ['51%', '100%', '57%', '56%']  memcached=164.1%
[monitor] ['48%', '100%', '57%', '56%']  memcached=161.2%
[monitor] ['48%', '100%', '53%', '61%']  memcached=162.0%
[monitor] ['50%', '100%', '56%', '54%']  memcached=160.2%
[monitor] ['47%', '100%', '51%', '57%']  memcached=155.2%
[monitor] ['50%', '100%', '56%', '56%']  memcached=161.4%
[monitor] ['50%', '100%', '53%', '54%']  memcached=157.2%
[monitor] ['48%', '100%', '56%', '57%']  memcached=160.8%
[monitor] ['51%', '100%', '57%', '57%']  memcached=165.3%
[monitor] ['52%', '100%', '56%', '58%']  memcached=165.7%
[monitor] ['51%', '100%', '56%', '56%']  memcached=163.2%
[monitor] ['47%', '100%', '57%', '57%']  memcached=161.2%
[monitor] ['48%', '100%', '54%', '56%']  memcached=158.6%
[monitor] ['51%', '100%', '57%', '57%']  memcached=165.7%
[monitor] ['50%', '100%', '53%', '60%']  memcached=163.1%
[monitor] ['50%', '100%', '55%', '56%']  memcached=160.4%
[monitor] ['51%', '100%', '56%', '58%']  memcached=165.6%
[monitor] ['50%', '100%', '52%', '58%']  memcached=159.8%
[monitor] ['49%', '100%', '57%', '56%']  memcached=161.3%
[monitor] ['50%', '100%', '57%', '59%']  memcached=166.2%
[monitor] ['50%', '100%', '56%', '60%']  memcached=165.9%
[monitor] ['51%', '100%', '56%', '56%']  memcached=162.9%
[monitor] ['51%', '100%', '56%', '56%']  memcached=162.9%
[monitor] ['51%', '100%', '57%', '58%']  memcached=166.1%
[monitor] ['50%', '100%', '53%', '56%']  memcached=158.5%
[monitor] ['53%', '100%', '54%', '57%']  memcached=164.2%
[monitor] ['48%', '100%', '56%', '59%']  memcached=163.8%
[monitor] ['50%', '100%', '53%', '58%']  memcached=161.3%
[monitor] ['50%', '100%', '56%', '56%']  memcached=161.1%
[monitor] ['50%', '100%', '54%', '58%']  memcached=162.6%
[monitor] ['47%', '100%', '53%', '53%']  memcached=152.8%
[monitor] ['51%', '100%', '57%', '57%']  memcached=165.7%
[monitor] ['60%', '100%', '62%', '63%']  memcached=184.6%
[monitor] ['70%', '100%', '84%', '82%']  memcached=236.7%
[monitor] ['74%', '100%', '84%', '84%']  memcached=242.3%
[monitor] ['71%', '100%', '82%', '84%']  memcached=237.2%
[monitor] ['73%', '100%', '84%', '82%']  memcached=239.5%
[monitor] ['73%', '100%', '84%', '85%']  memcached=242.4%
[monitor] ['71%', '100%', '81%', '81%']  memcached=232.9%
[monitor] ['68%', '100%', '80%', '76%']  memcached=224.2%
[monitor] ['76%', '100%', '88%', '84%']  memcached=247.6%
[monitor] ['71%', '100%', '81%', '82%']  memcached=233.1%
[monitor] ['72%', '100%', '84%', '79%']  memcached=234.5%
[monitor] ['71%', '100%', '81%', '82%']  memcached=233.9%
[monitor] ['72%', '100%', '82%', '81%']  memcached=235.5%
[monitor] ['74%', '100%', '81%', '81%']  memcached=236.0%
[monitor] ['72%', '100%', '84%', '82%']  memcached=238.1%
[monitor] ['70%', '100%', '78%', '78%']  memcached=225.9%
[monitor] ['73%', '100%', '81%', '81%']  memcached=234.6%
[monitor] ['76%', '100%', '84%', '84%']  memcached=244.5%
[monitor] ['71%', '100%', '81%', '80%']  memcached=231.2%
[monitor] ['71%', '100%', '81%', '79%']  memcached=231.2%
[monitor] ['70%', '100%', '83%', '84%']  memcached=237.7%
[monitor] ['72%', '100%', '84%', '82%']  memcached=237.6%
[monitor] ['72%', '100%', '79%', '80%']  memcached=230.7%
[monitor] ['70%', '100%', '79%', '75%']  memcached=223.5%
[monitor] ['67%', '100%', '75%', '78%']  memcached=219.8%
[monitor] ['72%', '100%', '84%', '79%']  memcached=235.7%
[monitor] ['71%', '100%', '79%', '79%']  memcached=228.2%
[monitor] ['69%', '100%', '81%', '79%']  memcached=228.8%
[monitor] ['71%', '100%', '81%', '76%']  memcached=228.7%
[monitor] ['72%', '100%', '81%', '81%']  memcached=234.4%
[monitor] ['74%', '100%', '83%', '82%']  memcached=238.7%
[monitor] ['71%', '100%', '79%', '82%']  memcached=232.2%
[monitor] ['73%', '100%', '84%', '79%']  memcached=236.0%
[monitor] ['69%', '100%', '79%', '79%']  memcached=226.3%
[monitor] ['69%', '100%', '78%', '76%']  memcached=222.6%
[monitor] ['69%', '100%', '78%', '79%']  memcached=226.3%
[monitor] ['68%', '100%', '78%', '79%']  memcached=224.6%
[monitor] ['72%', '100%', '82%', '78%']  memcached=231.8%
[monitor] ['73%', '100%', '84%', '84%']  memcached=240.5%
[monitor] ['71%', '100%', '84%', '84%']  memcached=239.7%
[monitor] ['73%', '100%', '82%', '82%']  memcached=236.4%
[monitor] ['68%', '100%', '82%', '79%']  memcached=229.0%
[monitor] ['69%', '100%', '76%', '79%']  memcached=223.3%
[monitor] ['69%', '100%', '79%', '76%']  memcached=223.3%
[monitor] ['70%', '100%', '78%', '81%']  memcached=229.1%
[monitor] ['73%', '100%', '85%', '85%']  memcached=242.9%
[monitor] ['68%', '100%', '77%', '76%']  memcached=220.9%
[monitor] ['68%', '100%', '78%', '76%']  memcached=221.6%
[monitor] ['69%', '100%', '78%', '77%']  memcached=224.3%
[monitor] ['73%', '100%', '84%', '84%']  memcached=241.5%
[monitor] ['50%', '100%', '52%', '50%']  memcached=151.6%
[monitor] ['21%', '100%', '13%', '13%']  memcached=46.4%
[MEMCACHED] cores updated to: ['0', '3']
[streamcluster] cores updated to: [1, 2]
[monitor] ['16%', '90%', '97%', '16%']  memcached=31.8%
[MEMCACHED] cores updated to: ['0']
[streamcluster] cores updated to: [3, 1, 2]
[monitor] ['11%', '100%', '77%', '100%']  memcached=10.7%
[monitor] ['23%', '97%', '80%', '100%']  memcached=22.6%
[monitor] ['14%', '100%', '77%', '100%']  memcached=13.8%
[monitor] ['19%', '100%', '77%', '100%']  memcached=19.4%
[monitor] ['11%', '97%', '77%', '100%']  memcached=10.7%
[monitor] ['17%', '100%', '80%', '100%']  memcached=17.2%
[monitor] ['14%', '100%', '81%', '97%']  memcached=13.8%
[monitor] ['17%', '100%', '77%', '100%']  memcached=17.2%
[monitor] ['8%', '97%', '79%', '100%']  memcached=7.7%
[monitor] ['19%', '100%', '77%', '100%']  memcached=19.4%
[monitor] ['11%', '100%', '53%', '66%']  memcached=10.7%
[monitor] ['19%', '100%', '47%', '60%']  memcached=19.4%
[monitor] ['18%', '97%', '77%', '94%']  memcached=17.9%
[monitor] ['14%', '100%', '80%', '100%']  memcached=13.8%
[monitor] ['17%', '100%', '81%', '100%']  memcached=17.2%
[monitor] ['20%', '100%', '80%', '100%']  memcached=20.0%
[monitor] ['14%', '100%', '80%', '97%']  memcached=13.8%
[monitor] ['14%', '100%', '79%', '100%']  memcached=13.8%
[monitor] ['14%', '100%', '81%', '97%']  memcached=14.3%
[monitor] ['17%', '100%', '79%', '100%']  memcached=16.7%
[monitor] ['14%', '100%', '81%', '97%']  memcached=13.8%
[monitor] ['17%', '100%', '76%', '100%']  memcached=17.2%
[monitor] ['14%', '97%', '80%', '100%']  memcached=13.8%
[monitor] ['17%', '100%', '80%', '97%']  memcached=17.2%
[monitor] ['15%', '100%', '80%', '100%']  memcached=14.8%
[monitor] ['20%', '100%', '80%', '100%']  memcached=20.0%
[monitor] ['14%', '100%', '80%', '100%']  memcached=13.8%
[monitor] ['17%', '100%', '77%', '100%']  memcached=16.7%
[monitor] ['20%', '100%', '77%', '97%']  memcached=20.0%
[monitor] ['19%', '100%', '80%', '100%']  memcached=19.4%
[monitor] ['20%', '100%', '77%', '100%']  memcached=20.0%
[monitor] ['17%', '97%', '77%', '100%']  memcached=17.2%
[monitor] ['22%', '100%', '80%', '100%']  memcached=21.9%
[monitor] ['14%', '100%', '77%', '100%']  memcached=13.8%
[monitor] ['23%', '100%', '77%', '100%']  memcached=22.6%
[monitor] ['23%', '100%', '77%', '100%']  memcached=22.6%
[monitor] ['11%', '97%', '80%', '100%']  memcached=11.1%
[monitor] ['19%', '100%', '77%', '100%']  memcached=19.4%
[monitor] ['17%', '100%', '79%', '100%']  memcached=16.7%
[monitor] ['17%', '100%', '77%', '100%']  memcached=16.7%
[monitor] ['17%', '97%', '77%', '100%']  memcached=16.7%
[monitor] ['23%', '100%', '80%', '100%']  memcached=22.6%
[monitor] ['14%', '100%', '77%', '100%']  memcached=13.8%
[monitor] ['20%', '100%', '79%', '100%']  memcached=20.0%
[monitor] ['19%', '97%', '79%', '100%']  memcached=19.4%
[monitor] ['14%', '100%', '78%', '97%']  memcached=13.8%
[monitor] ['18%', '100%', '80%', '100%']  memcached=17.9%
[monitor] ['32%', '100%', '80%', '100%']  memcached=32.3%
[monitor] ['33%', '97%', '79%', '100%']  memcached=33.3%
[monitor] ['38%', '100%', '83%', '100%']  memcached=37.5%
[monitor] ['35%', '100%', '81%', '100%']  memcached=35.5%
[monitor] ['32%', '97%', '80%', '100%']  memcached=32.3%
[monitor] ['38%', '100%', '80%', '100%']  memcached=37.5%
[monitor] ['35%', '100%', '80%', '100%']  memcached=35.5%
[monitor] ['37%', '97%', '80%', '100%']  memcached=36.7%
[monitor] ['32%', '100%', '83%', '100%']  memcached=32.3%
[monitor] ['31%', '100%', '81%', '100%']  memcached=31.0%
[monitor] ['34%', '100%', '83%', '100%']  memcached=34.5%
[monitor] ['31%', '97%', '83%', '100%']  memcached=31.0%
[monitor] ['41%', '100%', '80%', '100%']  memcached=40.6%
[monitor] ['33%', '97%', '83%', '100%']  memcached=33.3%
[monitor] ['35%', '100%', '77%', '100%']  memcached=35.5%
[monitor] ['35%', '100%', '86%', '100%']  memcached=35.5%
[monitor] ['35%', '97%', '81%', '100%']  memcached=35.5%
[monitor] ['35%', '100%', '79%', '100%']  memcached=35.5%
[monitor] ['33%', '100%', '80%', '100%']  memcached=33.3%
[monitor] ['33%', '100%', '83%', '100%']  memcached=33.3%
[monitor] ['31%', '97%', '80%', '100%']  memcached=31.0%
[monitor] ['34%', '100%', '77%', '100%']  memcached=34.4%
[monitor] ['38%', '97%', '80%', '100%']  memcached=37.5%
[monitor] ['33%', '100%', '79%', '100%']  memcached=33.3%
[monitor] ['33%', '100%', '80%', '100%']  memcached=33.3%
[monitor] ['33%', '100%', '76%', '100%']  memcached=33.3%
[monitor] ['39%', '97%', '84%', '100%']  memcached=38.7%
[monitor] ['33%', '100%', '81%', '100%']  memcached=33.3%
[monitor] ['34%', '100%', '83%', '97%']  memcached=34.5%
[monitor] ['38%', '100%', '81%', '100%']  memcached=37.5%
[monitor] ['32%', '97%', '80%', '100%']  memcached=32.3%
[monitor] ['35%', '100%', '80%', '100%']  memcached=35.5%
[monitor] ['44%', '100%', '80%', '100%']  memcached=43.8%
[monitor] ['31%', '100%', '83%', '100%']  memcached=31.0%
[monitor] ['35%', '100%', '77%', '100%']  memcached=35.5%
[monitor] ['33%', '100%', '83%', '100%']  memcached=33.3%
[monitor] ['31%', '97%', '83%', '100%']  memcached=31.0%
[monitor] ['34%', '100%', '83%', '100%']  memcached=34.5%
[monitor] ['38%', '100%', '80%', '100%']  memcached=37.5%
[monitor] ['35%', '97%', '79%', '100%']  memcached=35.5%
[monitor] ['39%', '100%', '77%', '100%']  memcached=38.7%
[monitor] ['38%', '100%', '83%', '100%']  memcached=37.5%
[monitor] ['35%', '97%', '81%', '100%']  memcached=35.5%
[monitor] ['37%', '100%', '83%', '100%']  memcached=36.7%
[monitor] ['31%', '100%', '81%', '100%']  memcached=31.0%
[monitor] ['30%', '97%', '79%', '97%']  memcached=30.0%
[monitor] ['33%', '100%', '76%', '100%']  memcached=33.3%
[monitor] ['33%', '100%', '81%', '100%']  memcached=33.3%
[monitor] ['31%', '100%', '80%', '100%']  memcached=31.0%
[monitor] ['39%', '97%', '79%', '100%']  memcached=39.4%
[monitor] ['17%', '100%', '80%', '100%']  memcached=17.2%
[monitor] ['18%', '97%', '77%', '100%']  memcached=17.9%
[monitor] ['14%', '100%', '80%', '100%']  memcached=14.3%
[monitor] ['21%', '100%', '79%', '100%']  memcached=20.7%
[monitor] ['23%', '100%', '81%', '100%']  memcached=22.6%
[monitor] ['23%', '97%', '79%', '100%']  memcached=23.3%
[monitor] ['17%', '100%', '78%', '100%']  memcached=17.2%
[monitor] ['23%', '100%', '79%', '100%']  memcached=23.3%
[monitor] ['21%', '100%', '81%', '100%']  memcached=20.7%
[monitor] ['20%', '100%', '80%', '100%']  memcached=20.0%
[monitor] ['23%', '100%', '80%', '100%']  memcached=23.3%
[monitor] ['21%', '97%', '80%', '100%']  memcached=20.7%
[monitor] ['23%', '100%', '80%', '100%']  memcached=23.3%
[monitor] ['20%', '100%', '77%', '100%']  memcached=20.0%
[monitor] ['23%', '100%', '79%', '100%']  memcached=22.6%
[monitor] ['27%', '100%', '81%', '100%']  memcached=26.7%
[monitor] ['21%', '97%', '77%', '100%']  memcached=20.7%
[monitor] ['25%', '100%', '79%', '97%']  memcached=25.0%
[monitor] ['18%', '100%', '77%', '100%']  memcached=17.9%
[monitor] ['20%', '100%', '79%', '100%']  memcached=20.0%
[monitor] ['20%', '100%', '77%', '100%']  memcached=20.0%
[monitor] ['27%', '97%', '80%', '100%']  memcached=27.3%
[monitor] ['26%', '100%', '80%', '100%']  memcached=25.8%
[monitor] ['17%', '100%', '77%', '100%']  memcached=17.2%
[monitor] ['24%', '100%', '79%', '100%']  memcached=24.1%
[monitor] ['20%', '100%', '80%', '100%']  memcached=20.0%
[monitor] ['21%', '97%', '77%', '100%']  memcached=20.7%
[monitor] ['17%', '100%', '79%', '100%']  memcached=17.2%
[monitor] ['21%', '100%', '81%', '100%']  memcached=20.7%
[monitor] ['20%', '100%', '80%', '100%']  memcached=20.0%
[monitor] ['26%', '100%', '80%', '100%']  memcached=25.8%
[monitor] ['20%', '100%', '80%', '100%']  memcached=20.0%
[monitor] ['23%', '97%', '77%', '100%']  memcached=22.6%
[monitor] ['20%', '100%', '77%', '100%']  memcached=20.0%
[monitor] ['23%', '100%', '80%', '97%']  memcached=22.6%
[monitor] ['21%', '100%', '77%', '100%']  memcached=20.7%
[monitor] ['20%', '100%', '77%', '100%']  memcached=20.0%
[monitor] ['23%', '97%', '80%', '100%']  memcached=23.3%
[monitor] ['26%', '100%', '77%', '100%']  memcached=25.8%
[monitor] ['14%', '100%', '77%', '100%']  memcached=14.3%
[monitor] ['23%', '100%', '80%', '100%']  memcached=22.6%
[monitor] ['17%', '97%', '80%', '100%']  memcached=17.2%
[monitor] ['23%', '100%', '80%', '100%']  memcached=23.3%
[monitor] ['20%', '100%', '77%', '100%']  memcached=20.0%
[monitor] ['18%', '97%', '83%', '100%']  memcached=17.9%
[monitor] ['23%', '24%', '90%', '18%']  memcached=22.6%
[monitor] ['17%', '100%', '77%', '94%']  memcached=17.2%
[monitor] ['25%', '97%', '77%', '100%']  memcached=25.0%
[monitor] ['18%', '100%', '80%', '100%']  memcached=17.9%
[monitor] ['34%', '97%', '83%', '100%']  memcached=34.4%
[monitor] ['86%', '97%', '90%', '100%']  memcached=85.7%
[MEMCACHED] cores updated to: ['0', '3']
[streamcluster] cores updated to: [1, 2]
[monitor] ['59%', '97%', '97%', '58%']  memcached=116.4%
[monitor] ['60%', '90%', '97%', '64%']  memcached=123.9%
[monitor] ['62%', '93%', '100%', '66%']  memcached=127.6%
[monitor] ['58%', '90%', '97%', '60%']  memcached=118.3%
[monitor] ['63%', '94%', '97%', '68%']  memcached=130.4%
[monitor] ['62%', '87%', '100%', '65%']  memcached=126.5%
[monitor] ['64%', '97%', '97%', '66%']  memcached=129.6%
[monitor] ['63%', '93%', '97%', '63%']  memcached=125.7%
[monitor] ['61%', '90%', '97%', '71%']  memcached=132.0%
[monitor] ['62%', '97%', '93%', '69%']  memcached=130.3%
[monitor] ['64%', '93%', '97%', '67%']  memcached=130.6%
[monitor] ['62%', '93%', '100%', '67%']  memcached=128.4%
[monitor] ['67%', '94%', '100%', '64%']  memcached=130.6%
[monitor] ['59%', '93%', '97%', '64%']  memcached=122.7%
[monitor] ['63%', '90%', '97%', '69%']  memcached=131.4%
[monitor] ['59%', '93%', '94%', '64%']  memcached=122.7%
[monitor] ['61%', '93%', '97%', '64%']  memcached=125.0%
[monitor] ['62%', '87%', '100%', '66%']  memcached=128.0%
[monitor] ['63%', '90%', '97%', '63%']  memcached=125.7%
[monitor] ['62%', '87%', '97%', '67%']  memcached=128.4%
[monitor] ['64%', '93%', '100%', '64%']  memcached=127.5%
[monitor] ['64%', '93%', '94%', '64%']  memcached=127.8%
[monitor] ['63%', '94%', '96%', '65%']  memcached=127.6%
[monitor] ['60%', '97%', '93%', '62%']  memcached=122.2%
[monitor] ['59%', '97%', '97%', '64%']  memcached=122.7%
[monitor] ['62%', '94%', '97%', '62%']  memcached=123.5%
[monitor] ['61%', '93%', '97%', '64%']  memcached=125.0%
[monitor] ['60%', '93%', '97%', '62%']  memcached=122.2%
[monitor] ['59%', '90%', '97%', '63%']  memcached=121.7%
[monitor] ['57%', '93%', '97%', '59%']  memcached=116.6%
[monitor] ['61%', '93%', '97%', '67%']  memcached=127.8%
[monitor] ['62%', '90%', '97%', '68%']  memcached=129.4%
[monitor] ['62%', '87%', '100%', '67%']  memcached=128.4%
[monitor] ['61%', '93%', '97%', '66%']  memcached=126.8%
[monitor] ['62%', '93%', '100%', '65%']  memcached=126.6%
[monitor] ['60%', '97%', '97%', '66%']  memcached=125.7%
[monitor] ['57%', '90%', '97%', '60%']  memcached=117.1%
[monitor] ['60%', '97%', '97%', '63%']  memcached=122.9%
[monitor] ['61%', '96%', '97%', '62%']  memcached=123.3%
[monitor] ['63%', '94%', '97%', '61%']  memcached=123.5%
[monitor] ['59%', '97%', '93%', '66%']  memcached=124.6%
[monitor] ['61%', '93%', '100%', '63%']  memcached=124.0%
[monitor] ['62%', '93%', '94%', '64%']  memcached=125.4%
[monitor] ['61%', '90%', '97%', '66%']  memcached=126.3%
[monitor] ['63%', '93%', '97%', '67%']  memcached=129.5%
[monitor] ['62%', '93%', '100%', '61%']  memcached=122.4%
[monitor] ['62%', '90%', '100%', '65%']  memcached=126.5%
[monitor] ['58%', '97%', '94%', '61%']  memcached=118.7%
[monitor] ['49%', '97%', '97%', '54%']  memcached=102.9%
[monitor] ['26%', '97%', '97%', '27%']  memcached=52.5%
[MEMCACHED] cores updated to: ['0']
[streamcluster] cores updated to: [3, 1, 2]
[monitor] ['33%', '93%', '80%', '100%']  memcached=33.3%
[monitor] ['31%', '97%', '83%', '100%']  memcached=31.0%
[monitor] ['39%', '100%', '79%', '100%']  memcached=38.7%
[monitor] ['39%', '97%', '83%', '100%']  memcached=38.7%
[monitor] ['35%', '97%', '83%', '100%']  memcached=35.5%
[monitor] ['39%', '100%', '83%', '100%']  memcached=38.7%
[monitor] ['39%', '97%', '83%', '100%']  memcached=39.4%
[monitor] ['34%', '100%', '83%', '100%']  memcached=34.5%
[monitor] ['39%', '97%', '80%', '100%']  memcached=38.7%
[monitor] ['39%', '97%', '83%', '100%']  memcached=38.7%
[monitor] ['38%', '97%', '80%', '100%']  memcached=37.5%
[monitor] ['38%', '97%', '80%', '100%']  memcached=37.5%
[monitor] ['37%', '97%', '83%', '100%']  memcached=36.7%
[monitor] ['43%', '97%', '81%', '100%']  memcached=42.9%
[monitor] ['40%', '97%', '81%', '100%']  memcached=40.0%
[monitor] ['38%', '100%', '82%', '100%']  memcached=37.5%
[monitor] ['34%', '100%', '80%', '97%']  memcached=34.5%
[monitor] ['42%', '100%', '81%', '100%']  memcached=42.4%
[monitor] ['33%', '100%', '79%', '100%']  memcached=33.3%
[monitor] ['35%', '100%', '83%', '100%']  memcached=35.5%
[monitor] ['42%', '97%', '84%', '100%']  memcached=41.9%
[monitor] ['38%', '100%', '83%', '100%']  memcached=37.5%
[monitor] ['42%', '97%', '81%', '100%']  memcached=42.4%
[monitor] ['33%', '97%', '83%', '100%']  memcached=33.3%
[monitor] ['37%', '100%', '80%', '100%']  memcached=36.7%
[monitor] ['40%', '97%', '83%', '100%']  memcached=40.0%
[monitor] ['38%', '100%', '83%', '100%']  memcached=37.5%
[monitor] ['41%', '97%', '80%', '100%']  memcached=40.6%
[monitor] ['38%', '100%', '84%', '100%']  memcached=37.5%
[monitor] ['40%', '97%', '83%', '100%']  memcached=40.0%
[monitor] ['34%', '100%', '83%', '100%']  memcached=34.5%
[monitor] ['37%', '97%', '81%', '100%']  memcached=36.7%
[monitor] ['39%', '100%', '83%', '100%']  memcached=39.4%
[monitor] ['34%', '97%', '83%', '100%']  memcached=34.5%
[monitor] ['39%', '100%', '81%', '100%']  memcached=39.4%
[monitor] ['37%', '97%', '83%', '100%']  memcached=36.7%
[monitor] ['34%', '100%', '81%', '97%']  memcached=34.5%
[monitor] ['38%', '97%', '83%', '100%']  memcached=37.5%
[monitor] ['41%', '100%', '81%', '100%']  memcached=40.6%
[monitor] ['39%', '100%', '83%', '100%']  memcached=38.7%
[monitor] ['42%', '97%', '79%', '100%']  memcached=42.4%
[monitor] ['39%', '100%', '83%', '100%']  memcached=38.7%
[monitor] ['39%', '97%', '84%', '100%']  memcached=38.7%
[monitor] ['39%', '100%', '83%', '100%']  memcached=38.7%
[monitor] ['42%', '100%', '83%', '100%']  memcached=42.4%
[monitor] ['41%', '97%', '83%', '100%']  memcached=40.6%
[monitor] ['37%', '100%', '84%', '100%']  memcached=36.7%
[monitor] ['45%', '100%', '83%', '100%']  memcached=45.5%
[monitor] ['77%', '97%', '93%', '100%']  memcached=76.7%
[monitor] ['100%', '94%', '97%', '97%']  memcached=100.0%
[MEMCACHED] cores updated to: ['0', '1', '2']
[streamcluster] cores updated to: [3]
[monitor] ['69%', '76%', '79%', '100%']  memcached=223.9%
[monitor] ['59%', '68%', '70%', '100%']  memcached=196.7%
[monitor] ['66%', '68%', '71%', '100%']  memcached=204.8%
[monitor] ['65%', '71%', '71%', '100%']  memcached=207.6%
[monitor] ['62%', '69%', '72%', '100%']  memcached=202.6%
[monitor] ['65%', '70%', '70%', '100%']  memcached=204.1%
[monitor] ['62%', '68%', '71%', '100%']  memcached=200.0%
[monitor] ['64%', '69%', '74%', '100%']  memcached=205.7%
[monitor] ['66%', '71%', '74%', '100%']  memcached=210.5%
[monitor] ['62%', '71%', '71%', '100%']  memcached=203.8%
[monitor] ['65%', '71%', '72%', '100%']  memcached=208.4%
[monitor] ['62%', '67%', '70%', '100%']  memcached=198.9%
[monitor] ['63%', '68%', '71%', '100%']  memcached=201.1%
[monitor] ['66%', '68%', '70%', '100%']  memcached=203.1%
[monitor] ['61%', '71%', '74%', '100%']  memcached=206.2%
[monitor] ['62%', '69%', '71%', '100%']  memcached=201.8%
[monitor] ['62%', '68%', '74%', '100%']  memcached=203.7%
[monitor] ['62%', '65%', '69%', '100%']  memcached=195.9%
[monitor] ['63%', '68%', '69%', '100%']  memcached=199.3%
[monitor] ['64%', '68%', '72%', '100%']  memcached=203.5%
[monitor] ['62%', '69%', '71%', '100%']  memcached=201.8%
[monitor] ['66%', '71%', '71%', '100%']  memcached=207.7%
[monitor] ['61%', '67%', '71%', '100%']  memcached=197.9%
[monitor] ['62%', '68%', '71%', '100%']  memcached=200.8%
[monitor] ['64%', '67%', '70%', '100%']  memcached=200.0%
[monitor] ['62%', '68%', '72%', '100%']  memcached=201.6%
[monitor] ['63%', '66%', '71%', '100%']  memcached=199.2%
[monitor] ['64%', '68%', '71%', '100%']  memcached=202.7%
[monitor] ['65%', '68%', '70%', '100%']  memcached=202.1%
[monitor] ['62%', '69%', '72%', '100%']  memcached=203.4%
[monitor] ['66%', '69%', '74%', '100%']  memcached=208.6%
[monitor] ['61%', '71%', '71%', '100%']  memcached=202.6%
[monitor] ['66%', '68%', '71%', '100%']  memcached=203.9%
[monitor] ['61%', '69%', '74%', '100%']  memcached=203.6%
[monitor] ['64%', '67%', '71%', '100%']  memcached=200.9%
[monitor] ['63%', '65%', '71%', '100%']  memcached=198.0%
[monitor] ['62%', '70%', '71%', '100%']  memcached=204.2%
[monitor] ['64%', '69%', '72%', '100%']  memcached=204.3%
[monitor] ['65%', '69%', '71%', '100%']  memcached=204.9%
[monitor] ['59%', '69%', '71%', '100%']  memcached=199.4%
[monitor] ['64%', '69%', '74%', '100%']  memcached=206.7%
[monitor] ['62%', '66%', '70%', '100%']  memcached=197.2%
[monitor] ['65%', '66%', '70%', '100%']  memcached=200.6%
[monitor] ['61%', '69%', '71%', '100%']  memcached=200.6%
[monitor] ['62%', '65%', '71%', '100%']  memcached=197.9%
[monitor] ['62%', '69%', '69%', '100%']  memcached=199.8%
[monitor] ['64%', '68%', '71%', '100%']  memcached=201.9%
[monitor] ['60%', '66%', '67%', '100%']  memcached=192.4%
[monitor] ['23%', '23%', '25%', '100%']  memcached=70.2%
[MEMCACHED] cores updated to: ['0', '2']
[streamcluster] cores updated to: [3, 1]
[monitor] ['31%', '100%', '26%', '100%']  memcached=57.1%
[MEMCACHED] cores updated to: ['0']
[streamcluster] cores updated to: [3, 1, 2]
[monitor] ['44%', '100%', '83%', '97%']  memcached=43.8%
[monitor] ['44%', '100%', '83%', '100%']  memcached=43.8%
[monitor] ['45%', '97%', '81%', '100%']  memcached=45.5%
[monitor] ['41%', '100%', '83%', '100%']  memcached=40.6%
[monitor] ['45%', '97%', '83%', '100%']  memcached=45.5%
[monitor] ['41%', '100%', '81%', '100%']  memcached=40.6%
[monitor] ['45%', '100%', '83%', '100%']  memcached=45.5%
[monitor] ['47%', '97%', '83%', '100%']  memcached=47.1%
[monitor] ['40%', '100%', '83%', '100%']  memcached=40.0%
[monitor] ['44%', '97%', '80%', '100%']  memcached=43.8%
[monitor] ['44%', '100%', '81%', '100%']  memcached=43.8%
[monitor] ['44%', '97%', '83%', '100%']  memcached=43.8%
[monitor] ['41%', '100%', '81%', '100%']  memcached=40.6%
[monitor] ['48%', '97%', '83%', '100%']  memcached=48.5%
[monitor] ['44%', '100%', '80%', '100%']  memcached=43.8%
[monitor] ['44%', '97%', '80%', '100%']  memcached=43.8%
[monitor] ['47%', '100%', '83%', '100%']  memcached=46.9%
[monitor] ['44%', '97%', '77%', '100%']  memcached=44.1%
[monitor] ['47%', '100%', '83%', '100%']  memcached=47.1%
[monitor] ['42%', '97%', '80%', '100%']  memcached=41.9%
[monitor] ['42%', '100%', '83%', '100%']  memcached=41.9%
[monitor] ['44%', '97%', '80%', '100%']  memcached=43.8%
[monitor] ['42%', '100%', '80%', '100%']  memcached=42.4%
[monitor] ['44%', '97%', '79%', '100%']  memcached=43.8%
[monitor] ['45%', '93%', '87%', '97%']  memcached=45.2%
[monitor] ['49%', '97%', '83%', '100%']  memcached=48.6%
[monitor] ['45%', '100%', '83%', '100%']  memcached=45.5%
[monitor] ['42%', '97%', '80%', '100%']  memcached=41.9%
[monitor] ['45%', '100%', '84%', '100%']  memcached=45.5%
[monitor] ['45%', '97%', '83%', '100%']  memcached=45.5%
[monitor] ['41%', '100%', '80%', '100%']  memcached=40.6%
[monitor] ['49%', '97%', '83%', '100%']  memcached=48.6%
[monitor] ['39%', '100%', '80%', '100%']  memcached=38.7%
[monitor] ['45%', '100%', '83%', '100%']  memcached=45.5%
[monitor] ['42%', '97%', '83%', '100%']  memcached=42.4%
[monitor] ['45%', '100%', '81%', '100%']  memcached=45.5%
[monitor] ['42%', '100%', '83%', '100%']  memcached=41.9%
[monitor] ['42%', '97%', '83%', '100%']  memcached=41.9%
[monitor] ['44%', '100%', '83%', '100%']  memcached=43.8%
[monitor] ['46%', '100%', '81%', '100%']  memcached=45.7%
[monitor] ['40%', '97%', '83%', '100%']  memcached=40.0%
[monitor] ['45%', '100%', '80%', '100%']  memcached=45.5%
[monitor] ['44%', '97%', '83%', '100%']  memcached=43.8%
[monitor] ['42%', '100%', '79%', '100%']  memcached=41.9%
[monitor] ['42%', '73%', '87%', '73%']  memcached=42.4%
[monitor] ['41%', '45%', '87%', '38%']  memcached=40.6%
[monitor] ['41%', '93%', '80%', '97%']  memcached=40.6%
[monitor] ['73%', '97%', '87%', '100%']  memcached=73.3%
[monitor] ['100%', '93%', '93%', '100%']  memcached=100.0%
[MEMCACHED] cores updated to: ['0', '1', '3']
[streamcluster] cores updated to: [2]
[monitor] ['69%', '70%', '100%', '71%']  memcached=209.7%
[monitor] ['62%', '64%', '100%', '66%']  memcached=191.9%
[monitor] ['65%', '65%', '100%', '69%']  memcached=198.0%
[monitor] ['67%', '66%', '100%', '69%']  memcached=201.0%
[monitor] ['62%', '65%', '100%', '68%']  memcached=194.0%
[monitor] ['65%', '68%', '100%', '69%']  memcached=200.9%
[monitor] ['59%', '59%', '100%', '67%']  memcached=185.4%
[monitor] ['65%', '68%', '100%', '67%']  memcached=198.9%
[monitor] ['64%', '66%', '100%', '67%']  memcached=196.0%
[monitor] ['65%', '65%', '100%', '69%']  memcached=198.0%
[monitor] ['65%', '68%', '100%', '70%']  memcached=202.0%
[monitor] ['62%', '59%', '100%', '63%']  memcached=184.0%
[monitor] ['66%', '66%', '100%', '67%']  memcached=198.1%
[monitor] ['64%', '64%', '100%', '68%']  memcached=194.9%
[monitor] ['60%', '61%', '100%', '67%']  memcached=187.3%
[monitor] ['62%', '63%', '100%', '66%']  memcached=190.3%
[monitor] ['58%', '63%', '100%', '67%']  memcached=187.1%
[monitor] ['65%', '64%', '100%', '65%']  memcached=193.0%
[monitor] ['62%', '62%', '100%', '67%']  memcached=190.2%
[monitor] ['62%', '64%', '100%', '68%']  memcached=193.2%
[monitor] ['60%', '64%', '100%', '66%']  memcached=189.6%
[monitor] ['63%', '61%', '100%', '69%']  memcached=192.0%
[monitor] ['62%', '64%', '100%', '66%']  memcached=191.2%
[monitor] ['62%', '62%', '100%', '66%']  memcached=189.2%
[monitor] ['62%', '64%', '100%', '69%']  memcached=194.7%
[monitor] ['65%', '66%', '100%', '68%']  memcached=198.1%
[monitor] ['60%', '63%', '100%', '66%']  memcached=188.6%
[monitor] ['62%', '66%', '100%', '66%']  memcached=193.9%
[monitor] ['65%', '63%', '100%', '69%']  memcached=196.3%
[monitor] ['64%', '66%', '100%', '67%']  memcached=196.3%
[monitor] ['65%', '63%', '100%', '67%']  memcached=194.2%
[monitor] ['65%', '66%', '100%', '69%']  memcached=199.0%
[monitor] ['60%', '63%', '100%', '64%']  memcached=186.7%
[monitor] ['62%', '67%', '100%', '67%']  memcached=195.1%
[monitor] ['61%', '61%', '100%', '68%']  memcached=188.8%
[monitor] ['59%', '62%', '100%', '66%']  memcached=186.9%
[monitor] ['64%', '68%', '100%', '66%']  memcached=197.2%
[monitor] ['63%', '63%', '100%', '67%']  memcached=192.4%
[monitor] ['58%', '62%', '100%', '67%']  memcached=186.0%
[monitor] ['64%', '67%', '100%', '67%']  memcached=197.0%
[monitor] ['64%', '65%', '100%', '69%']  memcached=198.0%
[monitor] ['62%', '65%', '100%', '67%']  memcached=193.1%
[monitor] ['62%', '63%', '100%', '66%']  memcached=190.3%
[monitor] ['66%', '64%', '100%', '69%']  memcached=198.8%
[monitor] ['60%', '66%', '100%', '69%']  memcached=195.0%
[monitor] ['64%', '64%', '100%', '67%']  memcached=194.4%
[monitor] ['64%', '65%', '100%', '66%']  memcached=194.5%
[monitor] ['62%', '64%', '100%', '68%']  memcached=193.6%
[monitor] ['49%', '51%', '100%', '50%']  memcached=150.0%
[monitor] ['44%', '47%', '100%', '50%']  memcached=141.3%
[monitor] ['47%', '46%', '100%', '51%']  memcached=144.2%
[monitor] ['46%', '49%', '100%', '49%']  memcached=142.9%
[monitor] ['50%', '50%', '100%', '51%']  memcached=151.4%
[monitor] ['42%', '46%', '100%', '47%']  memcached=135.4%
[MEMCACHED] cores updated to: ['0', '3']
[streamcluster] cores updated to: [1, 2]
[monitor] ['56%', '93%', '93%', '58%']  memcached=113.9%
[monitor] ['53%', '97%', '97%', '59%']  memcached=112.4%
[monitor] ['57%', '90%', '97%', '56%']  memcached=112.7%
[monitor] ['56%', '90%', '97%', '59%']  memcached=115.3%
[monitor] ['59%', '84%', '97%', '62%']  memcached=121.6%
[monitor] ['63%', '97%', '97%', '59%']  memcached=122.3%
[monitor] ['60%', '97%', '97%', '61%']  memcached=121.1%
[monitor] ['59%', '90%', '97%', '62%']  memcached=121.6%
[monitor] ['57%', '93%', '94%', '59%']  memcached=116.6%
[monitor] ['58%', '100%', '97%', '58%']  memcached=116.7%
[monitor] ['66%', '93%', '97%', '61%']  memcached=126.8%
[monitor] ['58%', '93%', '97%', '61%']  memcached=118.7%
[monitor] ['57%', '93%', '100%', '61%']  memcached=117.3%
[monitor] ['55%', '90%', '97%', '58%']  memcached=112.9%
[monitor] ['59%', '90%', '100%', '62%']  memcached=121.6%
[monitor] ['62%', '97%', '93%', '61%']  memcached=122.9%
[monitor] ['56%', '97%', '94%', '61%']  memcached=116.7%
[monitor] ['61%', '90%', '97%', '64%']  memcached=125.2%
[monitor] ['58%', '93%', '97%', '61%']  memcached=119.0%
[monitor] ['56%', '94%', '97%', '56%']  memcached=111.4%
[monitor] ['54%', '97%', '93%', '59%']  memcached=113.7%
[monitor] ['61%', '90%', '97%', '62%']  memcached=122.7%
[monitor] ['59%', '87%', '100%', '61%']  memcached=119.9%
[monitor] ['50%', '93%', '94%', '58%']  memcached=108.3%
[monitor] ['59%', '90%', '97%', '62%']  memcached=121.6%
[monitor] ['60%', '97%', '97%', '61%']  memcached=121.1%
[monitor] ['57%', '97%', '93%', '62%']  memcached=119.3%
[monitor] ['58%', '94%', '97%', '62%']  memcached=120.5%
[monitor] ['57%', '97%', '97%', '57%']  memcached=114.3%
[monitor] ['54%', '94%', '97%', '59%']  memcached=113.7%
[monitor] ['54%', '90%', '97%', '57%']  memcached=111.0%
[monitor] ['57%', '87%', '97%', '61%']  memcached=118.3%
[monitor] ['56%', '97%', '97%', '58%']  memcached=113.9%
[monitor] ['57%', '90%', '97%', '58%']  memcached=115.5%
[monitor] ['54%', '97%', '93%', '57%']  memcached=111.0%
[monitor] ['58%', '93%', '97%', '59%']  memcached=117.8%
[monitor] ['56%', '87%', '100%', '62%']  memcached=117.7%
[monitor] ['58%', '97%', '93%', '60%']  memcached=118.3%
[monitor] ['62%', '97%', '100%', '62%']  memcached=123.9%
[monitor] ['60%', '87%', '93%', '63%']  memcached=122.9%
[monitor] ['58%', '97%', '97%', '61%']  memcached=119.4%
[monitor] ['62%', '97%', '97%', '63%']  memcached=125.3%
[monitor] ['61%', '90%', '97%', '60%']  memcached=121.1%
[monitor] ['56%', '93%', '97%', '59%']  memcached=115.0%
[monitor] ['23%', '94%', '93%', '21%']  memcached=44.0%
[MEMCACHED] cores updated to: ['0']
[streamcluster] cores updated to: [3, 1, 2]
[monitor] ['35%', '100%', '83%', '100%']  memcached=35.5%
[monitor] ['38%', '100%', '80%', '100%']  memcached=37.5%
[monitor] ['32%', '97%', '80%', '100%']  memcached=32.1%
[monitor] ['43%', '100%', '80%', '100%']  memcached=42.9%
[monitor] ['37%', '100%', '80%', '100%']  memcached=36.7%
[monitor] ['35%', '97%', '83%', '100%']  memcached=35.5%
[monitor] ['40%', '100%', '80%', '100%']  memcached=40.0%
[monitor] ['39%', '100%', '80%', '100%']  memcached=38.7%
[monitor] ['39%', '100%', '77%', '100%']  memcached=39.4%
[monitor] ['40%', '97%', '83%', '100%']  memcached=40.0%
[monitor] ['40%', '100%', '83%', '97%']  memcached=40.0%
[monitor] ['37%', '97%', '80%', '100%']  memcached=36.7%
[monitor] ['42%', '97%', '83%', '100%']  memcached=42.4%
[monitor] ['34%', '97%', '77%', '100%']  memcached=34.5%
[monitor] ['41%', '97%', '84%', '100%']  memcached=40.6%
[monitor] ['39%', '100%', '80%', '100%']  memcached=38.7%
[monitor] ['35%', '97%', '80%', '100%']  memcached=35.5%
[monitor] ['41%', '97%', '83%', '100%']  memcached=40.6%
[monitor] ['41%', '97%', '79%', '100%']  memcached=40.6%
[monitor] ['37%', '100%', '83%', '100%']  memcached=36.7%
[monitor] ['39%', '97%', '81%', '100%']  memcached=38.7%
[monitor] ['38%', '100%', '83%', '100%']  memcached=37.5%
[monitor] ['38%', '100%', '80%', '100%']  memcached=37.5%
[monitor] ['37%', '97%', '83%', '100%']  memcached=36.7%
[monitor] ['39%', '100%', '80%', '100%']  memcached=38.7%
[monitor] ['44%', '97%', '80%', '100%']  memcached=44.1%
[monitor] ['42%', '97%', '83%', '100%']  memcached=41.9%
[monitor] ['33%', '100%', '80%', '100%']  memcached=33.3%
[monitor] ['39%', '97%', '81%', '100%']  memcached=38.7%
[monitor] ['38%', '100%', '79%', '100%']  memcached=37.5%
[monitor] ['37%', '97%', '80%', '100%']  memcached=36.7%
[monitor] ['44%', '100%', '84%', '100%']  memcached=43.8%
[monitor] ['38%', '97%', '79%', '100%']  memcached=37.5%
[monitor] ['37%', '97%', '77%', '100%']  memcached=36.7%
[monitor] ['41%', '100%', '80%', '100%']  memcached=40.6%
[monitor] ['39%', '97%', '83%', '100%']  memcached=38.7%
[monitor] ['35%', '100%', '80%', '100%']  memcached=35.5%
[monitor] ['39%', '100%', '79%', '100%']  memcached=38.7%
[monitor] ['39%', '97%', '80%', '100%']  memcached=38.7%
[monitor] ['39%', '100%', '83%', '100%']  memcached=39.4%
[monitor] ['41%', '97%', '81%', '100%']  memcached=40.6%
[monitor] ['37%', '100%', '83%', '100%']  memcached=36.7%
[monitor] ['39%', '97%', '80%', '100%']  memcached=38.7%
[monitor] ['41%', '100%', '80%', '100%']  memcached=40.6%
[monitor] ['34%', '100%', '79%', '100%']  memcached=34.5%
[monitor] ['38%', '97%', '81%', '100%']  memcached=37.5%
[monitor] ['41%', '100%', '83%', '100%']  memcached=40.6%
[monitor] ['39%', '100%', '80%', '100%']  memcached=38.7%
[monitor] ['56%', '97%', '83%', '100%']  memcached=56.2%
[monitor] ['100%', '94%', '90%', '97%']  memcached=100.0%
[MEMCACHED] cores updated to: ['0', '2', '3']
[streamcluster] cores updated to: [1]
[monitor] ['70%', '100%', '85%', '84%']  memcached=238.9%
[monitor] ['67%', '100%', '75%', '74%']  memcached=216.0%
[monitor] ['68%', '100%', '75%', '76%']  memcached=219.1%
[monitor] ['62%', '100%', '72%', '75%']  memcached=209.4%
[monitor] ['68%', '100%', '74%', '76%']  memcached=216.9%
[monitor] ['66%', '100%', '75%', '74%']  memcached=214.2%
[monitor] ['66%', '100%', '73%', '75%']  memcached=213.4%
[monitor] ['66%', '100%', '77%', '76%']  memcached=219.3%
[monitor] ['66%', '100%', '73%', '73%']  memcached=211.1%
[monitor] ['65%', '100%', '74%', '74%']  memcached=213.3%
[monitor] ['67%', '100%', '74%', '71%']  memcached=210.8%
[monitor] ['67%', '100%', '75%', '75%']  memcached=216.7%
[monitor] ['68%', '100%', '76%', '78%']  memcached=221.5%
[monitor] ['68%', '100%', '76%', '77%']  memcached=221.3%
[monitor] ['65%', '100%', '73%', '76%']  memcached=213.0%
[monitor] ['66%', '100%', '79%', '79%']  memcached=223.8%
[monitor] ['70%', '100%', '75%', '74%']  memcached=218.2%
[monitor] ['63%', '100%', '72%', '74%']  memcached=208.6%
[monitor] ['67%', '100%', '74%', '73%']  memcached=212.9%
[monitor] ['67%', '100%', '74%', '75%']  memcached=216.0%
[monitor] ['66%', '100%', '76%', '76%']  memcached=217.1%
[monitor] ['66%', '100%', '76%', '74%']  memcached=215.7%
[monitor] ['65%', '100%', '73%', '74%']  memcached=211.0%
[monitor] ['66%', '100%', '75%', '70%']  memcached=210.4%
[monitor] ['66%', '100%', '74%', '76%']  memcached=216.5%
[monitor] ['65%', '100%', '75%', '73%']  memcached=212.4%
[monitor] ['65%', '100%', '73%', '71%']  memcached=208.9%
[monitor] ['66%', '100%', '74%', '73%']  memcached=211.9%
[monitor] ['64%', '100%', '76%', '76%']  memcached=215.9%
[monitor] ['65%', '100%', '74%', '72%']  memcached=210.5%
[monitor] ['61%', '100%', '71%', '71%']  memcached=203.5%
[monitor] ['64%', '100%', '71%', '69%']  memcached=203.0%
[monitor] ['62%', '100%', '73%', '73%']  memcached=208.0%
[monitor] ['64%', '100%', '74%', '73%']  memcached=209.9%
[monitor] ['65%', '100%', '74%', '74%']  memcached=212.5%
[monitor] ['64%', '100%', '74%', '72%']  memcached=209.0%
[monitor] ['68%', '100%', '78%', '76%']  memcached=221.5%
[monitor] ['67%', '100%', '74%', '74%']  memcached=213.7%
[monitor] ['68%', '100%', '77%', '76%']  memcached=220.5%
[monitor] ['67%', '100%', '72%', '76%']  memcached=215.0%
[monitor] ['65%', '100%', '74%', '74%']  memcached=213.3%
[monitor] ['65%', '100%', '75%', '74%']  memcached=213.8%
[monitor] ['62%', '100%', '72%', '71%']  memcached=205.4%
[monitor] ['65%', '100%', '74%', '72%']  memcached=210.5%
[monitor] ['66%', '100%', '74%', '75%']  memcached=214.2%
[monitor] ['65%', '100%', '73%', '74%']  memcached=211.0%
[monitor] ['67%', '100%', '75%', '76%']  memcached=218.1%
[monitor] ['64%', '100%', '76%', '77%']  memcached=217.2%
[monitor] ['61%', '100%', '68%', '67%']  memcached=194.9%
[monitor] ['52%', '100%', '60%', '60%']  memcached=171.5%
[monitor] ['51%', '100%', '58%', '58%']  memcached=168.1%
[monitor] ['53%', '100%', '58%', '61%']  memcached=171.0%
[monitor] ['53%', '100%', '59%', '60%']  memcached=172.4%
[monitor] ['54%', '100%', '60%', '61%']  memcached=175.4%
[monitor] ['50%', '100%', '56%', '58%']  memcached=164.2%
[monitor] ['53%', '100%', '57%', '57%']  memcached=167.4%
[monitor] ['54%', '100%', '60%', '59%']  memcached=173.7%
[monitor] ['50%', '100%', '58%', '61%']  memcached=169.4%
[monitor] ['58%', '100%', '64%', '62%']  memcached=183.0%
[monitor] ['54%', '100%', '58%', '59%']  memcached=172.1%
[monitor] ['54%', '100%', '59%', '59%']  memcached=172.6%
[monitor] ['53%', '100%', '61%', '60%']  memcached=174.1%
[monitor] ['50%', '100%', '55%', '58%']  memcached=162.9%
[monitor] ['54%', '100%', '59%', '58%']  memcached=171.4%
[monitor] ['51%', '100%', '57%', '60%']  memcached=168.6%
[monitor] ['53%', '100%', '57%', '62%']  memcached=172.2%
[monitor] ['51%', '100%', '59%', '57%']  memcached=168.0%
[monitor] ['56%', '100%', '57%', '61%']  memcached=173.2%
[monitor] ['54%', '100%', '60%', '61%']  memcached=175.4%
[monitor] ['52%', '100%', '59%', '60%']  memcached=171.0%
[monitor] ['53%', '100%', '57%', '59%']  memcached=169.4%
[monitor] ['53%', '100%', '58%', '58%']  memcached=168.9%
[monitor] ['53%', '100%', '56%', '58%']  memcached=166.4%
[monitor] ['48%', '100%', '56%', '61%']  memcached=164.6%
[monitor] ['56%', '100%', '60%', '57%']  memcached=172.7%
[monitor] ['53%', '100%', '59%', '60%']  memcached=171.8%
[monitor] ['54%', '100%', '57%', '58%']  memcached=169.8%
[monitor] ['51%', '100%', '59%', '58%']  memcached=169.2%
[monitor] ['53%', '100%', '59%', '61%']  memcached=172.9%
[monitor] ['50%', '100%', '57%', '57%']  memcached=164.3%
[monitor] ['54%', '100%', '57%', '59%']  memcached=170.0%
[monitor] ['53%', '100%', '58%', '58%']  memcached=168.9%
[monitor] ['54%', '100%', '62%', '60%']  memcached=176.4%
[monitor] ['50%', '100%', '59%', '61%']  memcached=170.6%
[monitor] ['53%', '100%', '59%', '57%']  memcached=168.9%
[monitor] ['54%', '100%', '57%', '62%']  memcached=173.6%
[monitor] ['56%', '100%', '60%', '59%']  memcached=175.0%
[monitor] ['50%', '100%', '56%', '61%']  memcached=167.0%
[monitor] ['53%', '100%', '58%', '60%']  memcached=170.5%
[monitor] ['53%', '100%', '57%', '58%']  memcached=167.7%
[monitor] ['56%', '100%', '59%', '61%']  memcached=175.5%
[monitor] ['50%', '100%', '59%', '59%']  memcached=167.6%
[monitor] ['51%', '100%', '58%', '61%']  memcached=170.9%
[monitor] ['53%', '100%', '57%', '58%']  memcached=168.4%
[monitor] ['53%', '100%', '61%', '59%']  memcached=172.9%
[monitor] ['56%', '100%', '58%', '58%']  memcached=171.8%
[monitor] ['54%', '100%', '57%', '56%']  memcached=167.1%
[monitor] ['54%', '100%', '59%', '55%']  memcached=167.7%
[monitor] ['69%', '100%', '81%', '79%']  memcached=228.8%
[monitor] ['90%', '75%', '93%', '94%']  memcached=276.9%
[streamcluster] ended.
[vips] started on cores: [1] with 3 threads.
[monitor] ['78%', '100%', '90%', '94%']  memcached=262.0%
[monitor] ['76%', '100%', '88%', '90%']  memcached=253.6%
[monitor] ['76%', '100%', '85%', '91%']  memcached=251.7%
[monitor] ['75%', '100%', '87%', '90%']  memcached=252.4%
[monitor] ['74%', '100%', '87%', '90%']  memcached=250.9%
[monitor] ['75%', '100%', '87%', '91%']  memcached=252.7%
[monitor] ['75%', '100%', '85%', '91%']  memcached=250.5%
[monitor] ['75%', '100%', '85%', '90%']  memcached=250.6%
[monitor] ['74%', '100%', '88%', '91%']  memcached=252.4%
[monitor] ['75%', '100%', '85%', '88%']  memcached=247.3%
[monitor] ['71%', '100%', '85%', '88%']  memcached=242.9%
[monitor] ['75%', '100%', '85%', '91%']  memcached=250.8%
[monitor] ['75%', '100%', '88%', '84%']  memcached=246.4%
[monitor] ['73%', '100%', '83%', '79%']  memcached=235.0%
[monitor] ['79%', '100%', '90%', '84%']  memcached=252.7%
[monitor] ['72%', '100%', '82%', '82%']  memcached=236.6%
[monitor] ['73%', '100%', '88%', '84%']  memcached=244.1%
[monitor] ['74%', '100%', '88%', '84%']  memcached=245.6%
[monitor] ['76%', '100%', '88%', '85%']  memcached=249.2%
[monitor] ['79%', '100%', '91%', '85%']  memcached=255.9%
[monitor] ['74%', '100%', '88%', '83%']  memcached=245.4%
[monitor] ['75%', '100%', '90%', '85%']  memcached=250.2%
[monitor] ['76%', '100%', '88%', '84%']  memcached=248.3%
[monitor] ['72%', '100%', '82%', '81%']  memcached=234.3%
[monitor] ['72%', '100%', '85%', '79%']  memcached=236.1%
[monitor] ['75%', '100%', '87%', '82%']  memcached=243.9%
[monitor] ['72%', '100%', '84%', '81%']  memcached=237.5%
[monitor] ['71%', '100%', '84%', '81%']  memcached=236.1%
[monitor] ['71%', '100%', '82%', '79%']  memcached=232.6%
[monitor] ['72%', '100%', '81%', '79%']  memcached=231.9%
[monitor] ['73%', '100%', '82%', '79%']  memcached=234.5%
[monitor] ['72%', '100%', '84%', '81%']  memcached=237.5%
[monitor] ['72%', '100%', '84%', '81%']  memcached=237.5%
[monitor] ['75%', '100%', '88%', '85%']  memcached=247.8%
[monitor] ['72%', '100%', '82%', '79%']  memcached=232.5%
[monitor] ['71%', '100%', '81%', '76%']  memcached=227.8%
[monitor] ['73%', '100%', '82%', '79%']  memcached=234.0%
[monitor] ['74%', '100%', '85%', '84%']  memcached=242.9%
[monitor] ['97%', '100%', '90%', '82%']  memcached=269.0%
[monitor] ['76%', '100%', '100%', '84%']  memcached=260.1%
[monitor] ['77%', '100%', '88%', '97%']  memcached=261.3%
[monitor] ['82%', '100%', '85%', '94%']  memcached=261.8%
[monitor] ['84%', '100%', '94%', '84%']  memcached=262.3%
[monitor] ['94%', '100%', '88%', '82%']  memcached=263.1%
[monitor] ['100%', '100%', '85%', '79%']  memcached=263.6%
[monitor] ['100%', '100%', '81%', '81%']  memcached=262.5%
[monitor] ['100%', '100%', '82%', '78%']  memcached=259.9%
[monitor] ['100%', '100%', '38%', '36%']  memcached=173.9%
[monitor] ['100%', '100%', '28%', '30%']  memcached=158.4%
[monitor] ['100%', '100%', '28%', '29%']  memcached=157.2%
[monitor] ['100%', '100%', '32%', '25%']  memcached=157.4%
[monitor] ['71%', '100%', '57%', '32%']  memcached=159.6%
[monitor] ['79%', '100%', '53%', '28%']  memcached=160.0%
[monitor] ['100%', '100%', '27%', '30%']  memcached=157.0%
[monitor] ['100%', '100%', '26%', '28%']  memcached=153.9%
[monitor] ['100%', '100%', '26%', '31%']  memcached=157.1%
[monitor] ['100%', '100%', '28%', '34%']  memcached=162.4%
[monitor] ['100%', '100%', '29%', '28%']  memcached=157.2%
[monitor] ['100%', '100%', '30%', '29%']  memcached=159.3%
[monitor] ['100%', '100%', '29%', '32%']  memcached=161.4%
[monitor] ['71%', '100%', '28%', '59%']  memcached=158.1%
[monitor] ['28%', '100%', '28%', '100%']  memcached=156.2%
[monitor] ['28%', '100%', '31%', '100%']  memcached=159.4%
[monitor] ['53%', '100%', '28%', '75%']  memcached=156.1%
[monitor] ['100%', '100%', '30%', '30%']  memcached=160.6%
[monitor] ['100%', '100%', '28%', '26%']  memcached=153.9%
[monitor] ['100%', '100%', '30%', '27%']  memcached=157.6%
[monitor] ['100%', '100%', '28%', '28%']  memcached=156.2%
[monitor] ['100%', '100%', '29%', '26%']  memcached=154.8%
[monitor] ['100%', '100%', '30%', '32%']  memcached=162.7%
[monitor] ['100%', '100%', '26%', '29%']  memcached=154.8%
[monitor] ['48%', '100%', '81%', '26%']  memcached=154.8%
[monitor] ['25%', '100%', '100%', '30%']  memcached=155.3%
[monitor] ['26%', '100%', '100%', '30%']  memcached=156.1%
[monitor] ['79%', '100%', '52%', '27%']  memcached=157.6%
[monitor] ['33%', '100%', '31%', '30%']  memcached=94.9%
[MEMCACHED] cores updated to: ['0', '3']
[vips] cores updated to: [1, 2]
[monitor] ['30%', '100%', '100%', '29%']  memcached=59.0%
[MEMCACHED] cores updated to: ['0']
[vips] cores updated to: [1, 2, 3]
[monitor] ['47%', '100%', '100%', '100%']  memcached=46.9%
[monitor] ['45%', '100%', '100%', '100%']  memcached=45.5%
[monitor] ['45%', '100%', '100%', '100%']  memcached=45.5%
[monitor] ['50%', '100%', '100%', '100%']  memcached=50.0%
[monitor] ['47%', '100%', '100%', '100%']  memcached=46.9%
[monitor] ['47%', '100%', '100%', '100%']  memcached=47.1%
[monitor] ['50%', '100%', '100%', '100%']  memcached=50.0%
[monitor] ['42%', '100%', '100%', '100%']  memcached=41.9%
[monitor] ['49%', '100%', '100%', '100%']  memcached=48.6%
[monitor] ['45%', '100%', '100%', '100%']  memcached=45.5%
[monitor] ['47%', '100%', '100%', '100%']  memcached=46.9%
[monitor] ['50%', '100%', '100%', '100%']  memcached=50.0%
[monitor] ['45%', '100%', '100%', '100%']  memcached=45.2%
[monitor] ['48%', '100%', '100%', '100%']  memcached=48.5%
[monitor] ['45%', '100%', '100%', '100%']  memcached=45.5%
[monitor] ['48%', '100%', '100%', '100%']  memcached=48.5%
[monitor] ['44%', '100%', '100%', '100%']  memcached=43.8%
[monitor] ['50%', '100%', '100%', '100%']  memcached=50.0%
[monitor] ['44%', '100%', '100%', '100%']  memcached=43.8%
[monitor] ['58%', '100%', '100%', '100%']  memcached=57.6%
[monitor] ['100%', '100%', '100%', '100%']  memcached=100.0%
[MEMCACHED] cores updated to: ['0', '1', '2']
[vips] cores updated to: [3]
[monitor] ['76%', '76%', '79%', '100%']  memcached=232.4%
[monitor] ['66%', '68%', '74%', '100%']  memcached=206.9%
[monitor] ['67%', '71%', '79%', '100%']  memcached=217.5%
[monitor] ['66%', '68%', '76%', '100%']  memcached=209.8%
[monitor] ['68%', '73%', '78%', '100%']  memcached=218.5%
[monitor] ['65%', '68%', '74%', '100%']  memcached=206.6%
[monitor] ['67%', '73%', '79%', '100%']  memcached=218.2%
[monitor] ['68%', '69%', '74%', '100%']  memcached=210.6%
[monitor] ['62%', '70%', '76%', '100%']  memcached=208.0%
[monitor] ['68%', '69%', '75%', '100%']  memcached=211.2%
[monitor] ['69%', '72%', '77%', '100%']  memcached=217.8%
[monitor] ['65%', '69%', '76%', '100%']  memcached=209.9%
[monitor] ['68%', '74%', '79%', '100%']  memcached=220.8%
[monitor] ['71%', '73%', '79%', '100%']  memcached=222.7%
[monitor] ['68%', '72%', '76%', '100%']  memcached=216.0%
[monitor] ['70%', '76%', '84%', '100%']  memcached=230.3%
[monitor] ['68%', '71%', '77%', '100%']  memcached=215.4%
[monitor] ['68%', '71%', '76%', '100%']  memcached=214.0%
[monitor] ['67%', '71%', '76%', '100%']  memcached=214.1%
[monitor] ['65%', '68%', '76%', '100%']  memcached=208.8%
[monitor] ['67%', '68%', '74%', '100%']  memcached=207.8%
[monitor] ['65%', '70%', '75%', '100%']  memcached=209.4%
[monitor] ['66%', '69%', '74%', '100%']  memcached=208.7%
[monitor] ['68%', '71%', '79%', '100%']  memcached=217.0%
[monitor] ['68%', '71%', '78%', '100%']  memcached=216.0%
[monitor] ['67%', '72%', '78%', '100%']  memcached=216.7%
[monitor] ['69%', '73%', '79%', '100%']  memcached=220.9%
[monitor] ['69%', '74%', '81%', '100%']  memcached=222.9%
[monitor] ['69%', '76%', '76%', '100%']  memcached=220.1%
[monitor] ['67%', '71%', '79%', '100%']  memcached=216.0%
[monitor] ['71%', '74%', '76%', '100%']  memcached=220.6%
[monitor] ['68%', '74%', '79%', '100%']  memcached=220.6%
[monitor] ['69%', '72%', '78%', '100%']  memcached=218.8%
[monitor] ['67%', '69%', '76%', '100%']  memcached=210.9%
[monitor] ['67%', '74%', '79%', '100%']  memcached=219.7%
[monitor] ['70%', '76%', '80%', '100%']  memcached=225.5%
[monitor] ['66%', '71%', '75%', '100%']  memcached=211.2%
[monitor] ['68%', '70%', '78%', '100%']  memcached=215.6%
[monitor] ['70%', '73%', '79%', '100%']  memcached=221.2%
[monitor] ['68%', '73%', '79%', '100%']  memcached=219.3%
[monitor] ['64%', '69%', '74%', '100%']  memcached=206.9%
[monitor] ['68%', '71%', '77%', '100%']  memcached=215.4%
[monitor] ['67%', '69%', '76%', '100%']  memcached=211.7%
[monitor] ['67%', '71%', '77%', '100%']  memcached=215.2%
[monitor] ['70%', '72%', '78%', '100%']  memcached=219.7%
[monitor] ['85%', '85%', '82%', '100%']  memcached=251.5%
[monitor] ['83%', '88%', '79%', '100%']  memcached=249.9%
[monitor] ['70%', '100%', '77%', '100%']  memcached=246.8%
[monitor] ['68%', '100%', '78%', '100%']  memcached=245.9%
[monitor] ['85%', '83%', '74%', '100%']  memcached=242.5%
[monitor] ['100%', '67%', '75%', '100%']  memcached=241.7%
[monitor] ['100%', '70%', '74%', '100%']  memcached=243.2%
[monitor] ['82%', '70%', '85%', '100%']  memcached=236.8%
[monitor] ['64%', '68%', '100%', '100%']  memcached=231.3%
[monitor] ['70%', '67%', '97%', '100%']  memcached=233.5%
[monitor] ['86%', '69%', '82%', '100%']  memcached=236.6%
[monitor] ['71%', '71%', '100%', '100%']  memcached=242.0%
[monitor] ['69%', '68%', '77%', '100%']  memcached=213.4%
[monitor] ['67%', '69%', '74%', '100%']  memcached=208.8%
[monitor] ['66%', '72%', '76%', '100%']  memcached=213.3%
[monitor] ['66%', '70%', '74%', '100%']  memcached=208.9%
[monitor] ['62%', '65%', '71%', '100%']  memcached=197.9%
[monitor] ['65%', '69%', '75%', '100%']  memcached=208.3%
[monitor] ['68%', '69%', '75%', '100%']  memcached=211.4%
[monitor] ['62%', '68%', '71%', '100%']  memcached=200.0%
[monitor] ['61%', '65%', '71%', '100%']  memcached=197.4%
[monitor] ['62%', '68%', '74%', '100%']  memcached=203.7%
[monitor] ['66%', '68%', '74%', '100%']  memcached=207.6%
[monitor] ['64%', '67%', '74%', '100%']  memcached=203.8%
[monitor] ['65%', '68%', '71%', '100%']  memcached=203.8%
[monitor] ['64%', '66%', '71%', '100%']  memcached=200.2%
[monitor] ['62%', '69%', '74%', '100%']  memcached=205.5%
[monitor] ['68%', '70%', '76%', '100%']  memcached=213.8%
[monitor] ['66%', '71%', '74%', '100%']  memcached=211.4%
[monitor] ['67%', '67%', '75%', '100%']  memcached=208.3%
[monitor] ['66%', '71%', '76%', '100%']  memcached=212.0%
[monitor] ['68%', '68%', '76%', '100%']  memcached=211.9%
[monitor] ['66%', '71%', '75%', '100%']  memcached=211.2%
[monitor] ['65%', '68%', '74%', '100%']  memcached=205.9%
[monitor] ['65%', '70%', '73%', '100%']  memcached=206.9%
[monitor] ['65%', '68%', '74%', '100%']  memcached=206.6%
[monitor] ['66%', '71%', '73%', '100%']  memcached=208.9%
[monitor] ['68%', '71%', '76%', '100%']  memcached=214.7%
[monitor] ['65%', '68%', '74%', '100%']  memcached=205.9%
[monitor] ['61%', '68%', '71%', '100%']  memcached=198.8%
[monitor] ['67%', '71%', '76%', '100%']  memcached=213.9%
[monitor] ['66%', '69%', '73%', '100%']  memcached=207.1%
[monitor] ['65%', '69%', '76%', '100%']  memcached=209.0%
[monitor] ['65%', '65%', '70%', '100%']  memcached=198.9%
[monitor] ['62%', '68%', '74%', '100%']  memcached=203.7%
[monitor] ['65%', '62%', '72%', '100%']  memcached=199.4%
[monitor] ['68%', '73%', '76%', '100%']  memcached=216.1%
[monitor] ['67%', '68%', '74%', '100%']  memcached=207.8%
[monitor] ['66%', '67%', '73%', '100%']  memcached=205.1%
[monitor] ['65%', '71%', '73%', '100%']  memcached=207.8%
[monitor] ['67%', '70%', '76%', '100%']  memcached=212.8%
[monitor] ['64%', '70%', '74%', '100%']  memcached=207.4%
[monitor] ['66%', '68%', '75%', '100%']  memcached=208.3%
[monitor] ['73%', '76%', '81%', '100%']  memcached=229.7%
[monitor] ['72%', '77%', '82%', '100%']  memcached=231.1%
[monitor] ['74%', '76%', '85%', '100%']  memcached=234.8%
[monitor] ['73%', '81%', '84%', '100%']  memcached=238.5%
[monitor] ['73%', '78%', '87%', '100%']  memcached=237.9%
[monitor] ['74%', '76%', '82%', '100%']  memcached=231.6%
[monitor] ['70%', '70%', '79%', '100%']  memcached=218.2%
[monitor] ['72%', '74%', '79%', '100%']  memcached=224.2%
[monitor] ['70%', '73%', '81%', '100%']  memcached=223.1%
[monitor] ['71%', '72%', '79%', '100%']  memcached=221.9%
[monitor] ['72%', '76%', '80%', '100%']  memcached=228.3%
[monitor] ['75%', '79%', '85%', '100%']  memcached=238.6%
[monitor] ['73%', '76%', '84%', '100%']  memcached=232.4%
[monitor] ['72%', '79%', '85%', '100%']  memcached=236.0%
[monitor] ['72%', '73%', '81%', '100%']  memcached=225.9%
[monitor] ['70%', '74%', '79%', '100%']  memcached=222.0%
[monitor] ['69%', '72%', '77%', '100%']  memcached=218.0%
[monitor] ['73%', '75%', '82%', '100%']  memcached=229.5%
[monitor] ['69%', '73%', '81%', '100%']  memcached=222.7%
[monitor] ['73%', '73%', '78%', '100%']  memcached=223.6%
[monitor] ['73%', '76%', '84%', '100%']  memcached=233.6%
[monitor] ['75%', '77%', '87%', '100%']  memcached=239.5%
[monitor] ['71%', '77%', '82%', '100%']  memcached=229.5%
[monitor] ['73%', '76%', '82%', '100%']  memcached=230.8%
[monitor] ['71%', '74%', '81%', '100%']  memcached=225.7%
[monitor] ['71%', '71%', '77%', '100%']  memcached=219.0%
[monitor] ['75%', '79%', '85%', '100%']  memcached=239.3%
[monitor] ['71%', '79%', '84%', '100%']  memcached=234.1%
[monitor] ['71%', '74%', '81%', '100%']  memcached=225.4%
[monitor] ['74%', '76%', '82%', '100%']  memcached=231.1%
[monitor] ['70%', '76%', '79%', '100%']  memcached=224.2%
[monitor] ['74%', '75%', '83%', '100%']  memcached=232.5%
[monitor] ['73%', '77%', '84%', '100%']  memcached=234.0%
[monitor] ['67%', '76%', '77%', '100%']  memcached=219.8%
[monitor] ['70%', '73%', '81%', '100%']  memcached=223.7%
[monitor] ['69%', '75%', '79%', '100%']  memcached=222.5%
[monitor] ['70%', '73%', '78%', '100%']  memcached=220.5%
[monitor] ['75%', '81%', '88%', '100%']  memcached=243.1%
[monitor] ['71%', '76%', '82%', '100%']  memcached=228.5%
[monitor] ['72%', '73%', '79%', '100%']  memcached=224.0%
[monitor] ['72%', '76%', '79%', '100%']  memcached=227.1%
[monitor] ['72%', '75%', '81%', '100%']  memcached=227.5%
[monitor] ['73%', '78%', '82%', '100%']  memcached=232.7%
[monitor] ['73%', '77%', '84%', '100%']  memcached=233.8%
[monitor] ['72%', '75%', '81%', '100%']  memcached=228.1%
[monitor] ['72%', '76%', '82%', '100%']  memcached=230.2%
[monitor] ['75%', '78%', '88%', '100%']  memcached=240.6%
[monitor] ['72%', '75%', '81%', '100%']  memcached=228.1%
[monitor] ['72%', '72%', '82%', '100%']  memcached=225.6%
[monitor] ['68%', '72%', '78%', '100%']  memcached=217.7%
[monitor] ['36%', '39%', '42%', '100%']  memcached=117.4%
[MEMCACHED] cores updated to: ['0', '2']
[vips] cores updated to: [1, 3]
[monitor] ['44%', '100%', '45%', '100%']  memcached=89.2%
[monitor] ['42%', '100%', '46%', '100%']  memcached=88.1%
[monitor] ['42%', '100%', '47%', '100%']  memcached=89.5%
[monitor] ['44%', '100%', '42%', '100%']  memcached=86.2%
[monitor] ['45%', '100%', '49%', '100%']  memcached=94.0%
[monitor] ['42%', '100%', '44%', '100%']  memcached=86.2%
[monitor] ['47%', '100%', '49%', '100%']  memcached=95.6%
[monitor] ['47%', '100%', '46%', '100%']  memcached=92.8%
[monitor] ['47%', '100%', '49%', '100%']  memcached=95.6%
[monitor] ['44%', '100%', '47%', '100%']  memcached=90.8%
[monitor] ['45%', '100%', '44%', '100%']  memcached=89.2%
[monitor] ['44%', '100%', '45%', '100%']  memcached=89.2%
[monitor] ['42%', '100%', '45%', '100%']  memcached=87.9%
[monitor] ['91%', '100%', '54%', '100%']  memcached=144.9%
[monitor] ['76%', '100%', '72%', '100%']  memcached=148.7%
[monitor] ['100%', '100%', '47%', '100%']  memcached=147.1%
[monitor] ['100%', '100%', '60%', '100%']  memcached=160.0%
[monitor] ['100%', '100%', '45%', '100%']  memcached=145.5%
[monitor] ['79%', '100%', '68%', '100%']  memcached=147.1%
[monitor] ['49%', '100%', '100%', '100%']  memcached=148.6%
[monitor] ['88%', '100%', '54%', '100%']  memcached=142.5%
[monitor] ['44%', '100%', '49%', '100%']  memcached=92.7%
[monitor] ['42%', '100%', '46%', '100%']  memcached=88.1%
[monitor] ['49%', '100%', '45%', '100%']  memcached=94.0%
[monitor] ['44%', '100%', '47%', '100%']  memcached=91.3%
[monitor] ['46%', '100%', '45%', '100%']  memcached=91.2%
[monitor] ['45%', '100%', '46%', '100%']  memcached=91.2%
[monitor] ['46%', '100%', '47%', '100%']  memcached=92.8%
[monitor] ['44%', '100%', '46%', '100%']  memcached=89.5%
[monitor] ['44%', '100%', '44%', '100%']  memcached=87.9%
[monitor] ['42%', '100%', '49%', '100%']  memcached=91.0%
[monitor] ['44%', '100%', '46%', '100%']  memcached=89.5%
[monitor] ['49%', '100%', '51%', '100%']  memcached=100.0%
[monitor] ['44%', '100%', '42%', '100%']  memcached=86.2%
[monitor] ['46%', '100%', '47%', '100%']  memcached=92.9%
[monitor] ['44%', '100%', '44%', '100%']  memcached=87.5%
[monitor] ['44%', '100%', '46%', '100%']  memcached=89.5%
[monitor] ['47%', '100%', '49%', '100%']  memcached=95.6%
[monitor] ['42%', '100%', '45%', '100%']  memcached=87.4%
[monitor] ['42%', '100%', '47%', '100%']  memcached=89.5%
[monitor] ['44%', '100%', '44%', '100%']  memcached=87.9%
[monitor] ['41%', '100%', '47%', '100%']  memcached=87.7%
[monitor] ['45%', '100%', '49%', '100%']  memcached=94.0%
[monitor] ['44%', '100%', '42%', '100%']  memcached=86.5%
[monitor] ['40%', '100%', '47%', '100%']  memcached=87.1%
[monitor] ['41%', '100%', '44%', '100%']  memcached=84.7%
[monitor] ['47%', '100%', '45%', '100%']  memcached=92.5%
[monitor] ['44%', '100%', '47%', '100%']  memcached=90.8%
[monitor] ['38%', '100%', '42%', '100%']  memcached=79.9%
[monitor] ['27%', '100%', '27%', '100%']  memcached=53.3%
[MEMCACHED] cores updated to: ['0']
[vips] cores updated to: [1, 2, 3]
[monitor] ['40%', '100%', '100%', '100%']  memcached=40.0%
[monitor] ['45%', '66%', '72%', '83%']  memcached=45.2%
[vips] ended.
[MEMCACHED] cores updated to: ['0', '1', '2', '3']
