Controller pinned to core 3.
Scheduler started.
pulled barnes
pulled radix
pulled blackscholes
pulled canneal
pulled freqmine
pulled streamcluster
pulled vips
[MEMCACHED] cores updated to: ['0', '1', '2']
[radix] started on cores: [3] with 1 threads.
[monitor] ['10%', '10%', '10%', '100%']  memcached=30.0%
[MEMCACHED] cores updated to: ['0', '2']
[radix] paused.
[barnes] started on cores: [1, 3] with 2 threads.
[monitor] ['10%', '50%', '7%', '61%']  memcached=17.5%
[MEMCACHED] cores updated to: ['0']
[radix] unpaused.
[radix] cores updated to: [2]
[monitor] ['27%', '97%', '100%', '16%']  memcached=27.3%
[monitor] ['25%', '100%', '100%', '0%']  memcached=25.0%
[monitor] ['24%', '100%', '100%', '40%']  memcached=24.2%
[monitor] ['22%', '100%', '100%', '100%']  memcached=21.9%
[monitor] ['20%', '100%', '100%', '100%']  memcached=20.0%
[monitor] ['23%', '100%', '100%', '100%']  memcached=22.6%
[monitor] ['19%', '100%', '100%', '97%']  memcached=19.4%
[monitor] ['24%', '100%', '100%', '100%']  memcached=24.2%
[monitor] ['17%', '100%', '100%', '100%']  memcached=17.2%
[monitor] ['17%', '100%', '100%', '100%']  memcached=16.7%
[monitor] ['23%', '100%', '100%', '100%']  memcached=22.6%
[monitor] ['25%', '100%', '100%', '100%']  memcached=25.0%
[monitor] ['22%', '100%', '100%', '100%']  memcached=21.9%
[monitor] ['23%', '100%', '100%', '100%']  memcached=22.6%
[monitor] ['19%', '100%', '100%', '100%']  memcached=19.4%
[monitor] ['26%', '100%', '100%', '100%']  memcached=26.5%
[monitor] ['75%', '100%', '100%', '100%']  memcached=75.0%
[monitor] ['86%', '100%', '100%', '100%']  memcached=85.7%
[MEMCACHED] cores updated to: ['0', '2']
[radix] paused.
[monitor] ['61%', '100%', '61%', '100%']  memcached=121.7%
[monitor] ['65%', '100%', '64%', '100%']  memcached=128.8%
[monitor] ['67%', '100%', '66%', '100%']  memcached=132.4%
[monitor] ['67%', '100%', '66%', '100%']  memcached=132.4%
[monitor] ['65%', '100%', '63%', '100%']  memcached=127.7%
[monitor] ['64%', '100%', '67%', '100%']  memcached=130.6%
[monitor] ['64%', '100%', '62%', '100%']  memcached=125.7%
[monitor] ['63%', '100%', '63%', '100%']  memcached=125.7%
[monitor] ['65%', '100%', '65%', '100%']  memcached=129.6%
[monitor] ['64%', '100%', '63%', '100%']  memcached=126.7%
[monitor] ['63%', '100%', '63%', '100%']  memcached=125.7%
[monitor] ['65%', '100%', '60%', '100%']  memcached=124.9%
[monitor] ['64%', '100%', '63%', '100%']  memcached=126.7%
[monitor] ['64%', '100%', '63%', '100%']  memcached=126.7%
[monitor] ['65%', '100%', '64%', '100%']  memcached=128.6%
[monitor] ['64%', '100%', '67%', '100%']  memcached=130.6%
[monitor] ['65%', '100%', '64%', '100%']  memcached=128.8%
[monitor] ['66%', '100%', '66%', '100%']  memcached=131.4%
[monitor] ['61%', '100%', '59%', '100%']  memcached=120.5%
[monitor] ['68%', '100%', '65%', '100%']  memcached=132.4%
[monitor] ['63%', '100%', '64%', '100%']  memcached=126.7%
[monitor] ['66%', '100%', '66%', '100%']  memcached=131.5%
[monitor] ['67%', '100%', '65%', '100%']  memcached=131.5%
[monitor] ['65%', '100%', '65%', '100%']  memcached=129.6%
[monitor] ['65%', '100%', '64%', '100%']  memcached=128.8%
[monitor] ['67%', '100%', '62%', '100%']  memcached=128.4%
[monitor] ['64%', '100%', '65%', '100%']  memcached=128.6%
[monitor] ['64%', '100%', '62%', '100%']  memcached=126.4%
[monitor] ['64%', '100%', '65%', '100%']  memcached=128.8%
[monitor] ['63%', '100%', '63%', '100%']  memcached=125.7%
[monitor] ['67%', '100%', '65%', '100%']  memcached=131.4%
[monitor] ['65%', '100%', '63%', '100%']  memcached=127.7%
[monitor] ['68%', '100%', '65%', '100%']  memcached=132.3%
[monitor] ['63%', '100%', '64%', '100%']  memcached=126.7%
[monitor] ['65%', '100%', '63%', '100%']  memcached=127.7%
[monitor] ['65%', '100%', '69%', '100%']  memcached=133.3%
[monitor] ['67%', '100%', '65%', '100%']  memcached=131.4%
[monitor] ['68%', '100%', '64%', '100%']  memcached=131.5%
[monitor] ['63%', '100%', '66%', '100%']  memcached=128.6%
[monitor] ['68%', '100%', '67%', '100%']  memcached=134.2%
[monitor] ['68%', '100%', '66%', '100%']  memcached=133.3%
[monitor] ['64%', '100%', '62%', '100%']  memcached=125.7%
[monitor] ['63%', '100%', '65%', '100%']  memcached=127.7%
[monitor] ['66%', '100%', '65%', '100%']  memcached=130.4%
[monitor] ['64%', '100%', '62%', '100%']  memcached=125.7%
[monitor] ['64%', '100%', '65%', '100%']  memcached=128.8%
[monitor] ['67%', '100%', '62%', '100%']  memcached=128.4%
[monitor] ['68%', '100%', '71%', '100%']  memcached=138.2%
[monitor] ['91%', '100%', '93%', '100%']  memcached=184.2%
[MEMCACHED] cores updated to: ['0', '1', '2']
[radix] unpaused.
[radix] cores updated to: [3]
[barnes] paused.
[monitor] ['94%', '84%', '88%', '100%']  memcached=265.4%
[monitor] ['82%', '79%', '72%', '100%']  memcached=233.1%
[monitor] ['84%', '78%', '75%', '100%']  memcached=237.0%
[monitor] ['79%', '76%', '75%', '100%']  memcached=230.2%
[monitor] ['82%', '78%', '76%', '100%']  memcached=236.4%
[monitor] ['82%', '79%', '78%', '100%']  memcached=238.7%
[monitor] ['76%', '74%', '72%', '100%']  memcached=222.5%
[monitor] ['82%', '75%', '73%', '100%']  memcached=229.5%
[monitor] ['75%', '76%', '74%', '100%']  memcached=224.3%
[monitor] ['82%', '74%', '76%', '100%']  memcached=231.6%
[monitor] ['77%', '73%', '74%', '100%']  memcached=223.4%
[monitor] ['81%', '78%', '75%', '100%']  memcached=234.4%
[monitor] ['79%', '74%', '74%', '100%']  memcached=226.5%
[monitor] ['77%', '74%', '74%', '100%']  memcached=224.2%
[monitor] ['80%', '73%', '73%', '100%']  memcached=225.5%
[monitor] ['77%', '76%', '74%', '100%']  memcached=226.7%
[monitor] ['79%', '77%', '75%', '100%']  memcached=231.8%
[monitor] ['81%', '72%', '74%', '100%']  memcached=226.7%
[monitor] ['79%', '78%', '75%', '100%']  memcached=232.5%
[monitor] ['81%', '75%', '75%', '100%']  memcached=231.2%
[monitor] ['80%', '79%', '76%', '100%']  memcached=234.5%
[monitor] ['79%', '73%', '68%', '100%']  memcached=219.3%
[monitor] ['77%', '76%', '76%', '100%']  memcached=229.6%
[monitor] ['79%', '78%', '76%', '100%']  memcached=233.4%
[monitor] ['82%', '76%', '74%', '100%']  memcached=232.4%
[monitor] ['78%', '75%', '76%', '100%']  memcached=228.9%
[monitor] ['79%', '76%', '72%', '100%']  memcached=227.1%
[monitor] ['77%', '75%', '73%', '100%']  memcached=224.9%
[monitor] ['82%', '79%', '76%', '100%']  memcached=237.1%
[monitor] ['82%', '78%', '76%', '100%']  memcached=235.7%
[monitor] ['79%', '73%', '73%', '100%']  memcached=224.9%
[monitor] ['82%', '81%', '78%', '100%']  memcached=241.2%
[monitor] ['81%', '77%', '75%', '100%']  memcached=233.7%
[monitor] ['79%', '76%', '76%', '100%']  memcached=231.6%
[monitor] ['82%', '75%', '76%', '100%']  memcached=233.3%
[monitor] ['84%', '81%', '75%', '100%']  memcached=240.6%
[monitor] ['79%', '76%', '74%', '100%']  memcached=229.5%
[monitor] ['79%', '76%', '74%', '100%']  memcached=228.7%
[monitor] ['82%', '79%', '79%', '100%']  memcached=239.9%
[monitor] ['81%', '79%', '76%', '100%']  memcached=236.4%
[monitor] ['82%', '75%', '76%', '100%']  memcached=232.6%
[monitor] ['76%', '75%', '73%', '100%']  memcached=224.2%
[monitor] ['80%', '79%', '76%', '100%']  memcached=234.5%
[monitor] ['79%', '74%', '71%', '100%']  memcached=224.3%
[monitor] ['79%', '76%', '73%', '100%']  memcached=227.9%
[monitor] ['81%', '81%', '77%', '100%']  memcached=238.0%
[monitor] ['79%', '76%', '75%', '100%']  memcached=230.9%
[monitor] ['70%', '71%', '69%', '100%']  memcached=209.7%
[monitor] ['61%', '57%', '56%', '100%']  memcached=174.1%
[monitor] ['62%', '56%', '57%', '100%']  memcached=175.2%
[monitor] ['60%', '58%', '56%', '100%']  memcached=174.2%
[monitor] ['63%', '57%', '56%', '100%']  memcached=176.2%
[monitor] ['59%', '57%', '58%', '100%']  memcached=173.9%
[monitor] ['59%', '57%', '57%', '100%']  memcached=173.7%
[monitor] ['60%', '59%', '56%', '100%']  memcached=175.0%
[monitor] ['58%', '60%', '58%', '100%']  memcached=175.9%
[monitor] ['60%', '57%', '57%', '100%']  memcached=173.9%
[monitor] ['61%', '56%', '56%', '100%']  memcached=172.9%
[monitor] ['59%', '58%', '55%', '100%']  memcached=171.7%
[monitor] ['58%', '57%', '56%', '100%']  memcached=171.0%
[monitor] ['58%', '59%', '57%', '100%']  memcached=173.5%
[monitor] ['60%', '58%', '56%', '100%']  memcached=174.2%
[monitor] ['58%', '58%', '57%', '100%']  memcached=173.4%
[monitor] ['62%', '61%', '56%', '100%']  memcached=178.6%
[monitor] ['55%', '55%', '56%', '100%']  memcached=165.0%
[monitor] ['60%', '58%', '54%', '100%']  memcached=172.6%
[monitor] ['61%', '56%', '56%', '100%']  memcached=172.9%
[monitor] ['59%', '56%', '56%', '100%']  memcached=171.2%
[monitor] ['60%', '56%', '60%', '100%']  memcached=175.9%
[monitor] ['61%', '61%', '53%', '100%']  memcached=175.2%
[monitor] ['61%', '55%', '56%', '100%']  memcached=171.5%
[monitor] ['58%', '56%', '54%', '100%']  memcached=168.5%
[monitor] ['58%', '59%', '55%', '100%']  memcached=171.6%
[monitor] ['59%', '58%', '56%', '100%']  memcached=172.6%
[monitor] ['59%', '58%', '55%', '100%']  memcached=172.3%
[monitor] ['61%', '58%', '56%', '100%']  memcached=175.0%
[monitor] ['59%', '56%', '57%', '100%']  memcached=172.2%
[monitor] ['61%', '59%', '58%', '100%']  memcached=178.3%
[monitor] ['60%', '58%', '56%', '100%']  memcached=174.2%
[monitor] ['59%', '57%', '57%', '100%']  memcached=173.7%
[monitor] ['58%', '56%', '57%', '100%']  memcached=170.6%
[monitor] ['61%', '59%', '57%', '100%']  memcached=177.1%
[monitor] ['60%', '59%', '54%', '100%']  memcached=173.7%
[monitor] ['58%', '59%', '57%', '100%']  memcached=174.5%
[monitor] ['60%', '56%', '55%', '100%']  memcached=170.4%
[monitor] ['62%', '61%', '60%', '100%']  memcached=182.4%
[monitor] ['58%', '57%', '58%', '100%']  memcached=173.8%
[monitor] ['63%', '62%', '58%', '100%']  memcached=183.0%
[monitor] ['61%', '58%', '56%', '100%']  memcached=175.3%
[monitor] ['61%', '60%', '56%', '100%']  memcached=177.0%
[monitor] ['60%', '57%', '56%', '100%']  memcached=173.0%
[monitor] ['63%', '60%', '57%', '100%']  memcached=180.3%
[monitor] ['58%', '57%', '56%', '100%']  memcached=171.4%
[monitor] ['61%', '58%', '57%', '100%']  memcached=176.6%
[monitor] ['59%', '60%', '53%', '100%']  memcached=171.8%
[monitor] ['62%', '55%', '56%', '100%']  memcached=172.6%
[monitor] ['58%', '62%', '56%', '100%']  memcached=176.1%
[monitor] ['53%', '53%', '47%', '100%']  memcached=152.8%
[monitor] ['46%', '51%', '44%', '100%']  memcached=141.2%
[monitor] ['49%', '48%', '41%', '100%']  memcached=138.3%
[MEMCACHED] cores updated to: ['0', '2']
[radix] paused.
[barnes] unpaused.
[monitor] ['53%', '100%', '48%', '100%']  memcached=101.4%
[monitor] ['57%', '100%', '56%', '100%']  memcached=112.7%
[monitor] ['54%', '100%', '54%', '100%']  memcached=108.3%
[monitor] ['54%', '100%', '51%', '100%']  memcached=105.7%
[monitor] ['51%', '100%', '50%', '100%']  memcached=101.4%
[monitor] ['52%', '100%', '52%', '100%']  memcached=103.0%
[monitor] ['53%', '100%', '51%', '100%']  memcached=104.4%
[monitor] ['53%', '100%', '52%', '100%']  memcached=104.3%
[monitor] ['52%', '100%', '51%', '100%']  memcached=102.9%
[monitor] ['53%', '100%', '51%', '100%']  memcached=104.2%
[monitor] ['52%', '100%', '50%', '100%']  memcached=101.5%
[monitor] ['56%', '100%', '50%', '100%']  memcached=105.6%
[monitor] ['53%', '100%', '53%', '100%']  memcached=105.7%
[monitor] ['51%', '100%', '47%', '100%']  memcached=98.3%
[monitor] ['52%', '100%', '47%', '100%']  memcached=98.4%
[monitor] ['53%', '50%', '53%', '100%']  memcached=106.1%
[monitor] ['55%', '100%', '51%', '100%']  memcached=106.7%
[monitor] ['53%', '87%', '52%', '100%']  memcached=104.5%
[monitor] ['56%', '97%', '53%', '100%']  memcached=109.0%
[monitor] ['56%', '100%', '53%', '100%']  memcached=108.3%
[monitor] ['50%', '100%', '50%', '100%']  memcached=100.0%
[monitor] ['57%', '100%', '56%', '100%']  memcached=112.6%
[monitor] ['54%', '100%', '50%', '100%']  memcached=104.3%
[monitor] ['54%', '100%', '53%', '100%']  memcached=107.2%
[monitor] ['56%', '100%', '52%', '100%']  memcached=107.1%
[monitor] ['54%', '100%', '54%', '100%']  memcached=108.3%
[monitor] ['54%', '100%', '45%', '100%']  memcached=99.4%
[monitor] ['56%', '100%', '53%', '100%']  memcached=108.5%
[monitor] ['53%', '100%', '54%', '100%']  memcached=107.2%
[monitor] ['54%', '100%', '54%', '100%']  memcached=108.6%
[monitor] ['54%', '100%', '51%', '100%']  memcached=105.7%
[monitor] ['56%', '100%', '53%', '100%']  memcached=108.8%
[monitor] ['52%', '100%', '54%', '100%']  memcached=105.8%
[monitor] ['54%', '100%', '53%', '100%']  memcached=107.2%
[monitor] ['53%', '100%', '50%', '100%']  memcached=102.9%
[monitor] ['56%', '100%', '51%', '100%']  memcached=107.0%
[monitor] ['56%', '100%', '53%', '100%']  memcached=108.7%
[monitor] ['58%', '100%', '56%', '100%']  memcached=114.2%
[monitor] ['57%', '100%', '56%', '100%']  memcached=112.6%
[monitor] ['54%', '100%', '54%', '100%']  memcached=108.6%
[monitor] ['56%', '100%', '51%', '100%']  memcached=107.0%
[monitor] ['53%', '100%', '52%', '100%']  memcached=104.5%
[monitor] ['54%', '100%', '53%', '100%']  memcached=107.2%
[monitor] ['55%', '100%', '52%', '100%']  memcached=106.8%
[monitor] ['53%', '100%', '54%', '100%']  memcached=107.2%
[monitor] ['58%', '100%', '53%', '100%']  memcached=111.3%
[monitor] ['52%', '100%', '53%', '100%']  memcached=104.6%
[monitor] ['65%', '100%', '65%', '100%']  memcached=129.7%
[monitor] ['62%', '100%', '63%', '100%']  memcached=124.6%
[monitor] ['65%', '100%', '63%', '100%']  memcached=127.7%
[monitor] ['64%', '100%', '67%', '100%']  memcached=130.6%
[monitor] ['65%', '100%', '67%', '100%']  memcached=131.4%
[monitor] ['68%', '100%', '63%', '100%']  memcached=130.4%
[monitor] ['64%', '100%', '64%', '100%']  memcached=127.8%
[monitor] ['63%', '100%', '63%', '100%']  memcached=126.0%
[monitor] ['65%', '100%', '65%', '100%']  memcached=129.6%
[monitor] ['64%', '100%', '66%', '100%']  memcached=129.6%
[monitor] ['67%', '100%', '63%', '100%']  memcached=129.5%
[monitor] ['63%', '100%', '65%', '100%']  memcached=127.6%
[monitor] ['64%', '100%', '65%', '100%']  memcached=128.8%
[monitor] ['67%', '100%', '62%', '100%']  memcached=128.4%
[monitor] ['64%', '100%', '64%', '100%']  memcached=127.8%
[monitor] ['67%', '100%', '64%', '100%']  memcached=130.6%
[monitor] ['67%', '100%', '62%', '100%']  memcached=128.4%
[monitor] ['64%', '100%', '67%', '100%']  memcached=130.6%
[monitor] ['65%', '100%', '63%', '100%']  memcached=127.7%
[monitor] ['66%', '100%', '64%', '100%']  memcached=129.6%
[monitor] ['63%', '100%', '66%', '100%']  memcached=128.6%
[monitor] ['64%', '100%', '63%', '100%']  memcached=126.7%
[monitor] ['67%', '100%', '64%', '100%']  memcached=130.6%
[monitor] ['65%', '100%', '64%', '100%']  memcached=128.8%
[monitor] ['64%', '100%', '66%', '100%']  memcached=129.6%
[monitor] ['64%', '100%', '63%', '100%']  memcached=126.7%
[monitor] ['61%', '100%', '59%', '100%']  memcached=120.0%
[monitor] ['66%', '100%', '65%', '100%']  memcached=130.6%
[monitor] ['66%', '100%', '62%', '100%']  memcached=127.5%
[monitor] ['63%', '100%', '62%', '100%']  memcached=124.6%
[monitor] ['61%', '100%', '61%', '100%']  memcached=121.2%
[monitor] ['63%', '100%', '62%', '100%']  memcached=124.6%
[monitor] ['61%', '100%', '62%', '100%']  memcached=122.4%
[monitor] ['64%', '100%', '61%', '100%']  memcached=124.5%
[monitor] ['62%', '100%', '64%', '100%']  memcached=125.7%
[monitor] ['67%', '100%', '67%', '100%']  memcached=133.3%
[monitor] ['65%', '100%', '62%', '100%']  memcached=127.2%
[monitor] ['66%', '100%', '66%', '100%']  memcached=131.4%
[monitor] ['65%', '100%', '63%', '100%']  memcached=127.7%
[monitor] ['64%', '100%', '67%', '100%']  memcached=130.6%
[monitor] ['67%', '100%', '64%', '100%']  memcached=130.6%
[monitor] ['68%', '100%', '66%', '100%']  memcached=133.3%
[monitor] ['67%', '100%', '65%', '100%']  memcached=131.4%
[monitor] ['65%', '100%', '63%', '100%']  memcached=127.7%
[monitor] ['67%', '100%', '64%', '100%']  memcached=130.6%
[monitor] ['66%', '100%', '67%', '100%']  memcached=132.5%
[monitor] ['64%', '100%', '63%', '68%']  memcached=126.7%
[monitor] ['65%', '100%', '64%', '0%']  memcached=128.8%
[monitor] ['68%', '100%', '65%', '59%']  memcached=132.3%
[monitor] ['62%', '100%', '62%', '100%']  memcached=124.3%
[monitor] ['53%', '100%', '51%', '77%']  memcached=104.2%
[monitor] ['56%', '100%', '50%', '100%']  memcached=105.6%
[monitor] ['50%', '100%', '50%', '100%']  memcached=100.0%
[monitor] ['51%', '100%', '47%', '100%']  memcached=98.3%
[monitor] ['48%', '100%', '50%', '100%']  memcached=98.5%
[monitor] ['56%', '100%', '50%', '100%']  memcached=105.6%
[monitor] ['53%', '100%', '51%', '100%']  memcached=104.2%
[monitor] ['54%', '100%', '54%', '100%']  memcached=108.3%
[monitor] ['52%', '100%', '53%', '100%']  memcached=104.5%
[monitor] ['52%', '100%', '48%', '100%']  memcached=100.0%
[monitor] ['53%', '100%', '54%', '100%']  memcached=107.1%
[monitor] ['56%', '100%', '53%', '100%']  memcached=108.5%
[monitor] ['51%', '100%', '50%', '100%']  memcached=101.4%
[monitor] ['54%', '100%', '52%', '100%']  memcached=105.8%
[monitor] ['53%', '100%', '45%', '100%']  memcached=97.9%
[monitor] ['51%', '100%', '47%', '100%']  memcached=98.3%
[monitor] ['53%', '100%', '50%', '100%']  memcached=102.9%
[monitor] ['51%', '100%', '48%', '100%']  memcached=99.9%
[monitor] ['53%', '100%', '52%', '100%']  memcached=104.3%
[monitor] ['51%', '100%', '51%', '100%']  memcached=102.9%
[monitor] ['57%', '100%', '50%', '100%']  memcached=107.1%
[monitor] ['50%', '100%', '50%', '100%']  memcached=100.0%
[monitor] ['54%', '100%', '50%', '100%']  memcached=104.3%
[monitor] ['50%', '100%', '45%', '100%']  memcached=95.5%
[monitor] ['54%', '100%', '53%', '100%']  memcached=107.4%
[monitor] ['54%', '100%', '53%', '100%']  memcached=106.8%
[monitor] ['52%', '100%', '50%', '100%']  memcached=101.5%
[monitor] ['53%', '100%', '52%', '100%']  memcached=104.3%
[monitor] ['51%', '100%', '48%', '100%']  memcached=99.9%
[monitor] ['50%', '100%', '50%', '100%']  memcached=100.0%
[monitor] ['54%', '100%', '50%', '100%']  memcached=104.1%
[monitor] ['50%', '100%', '48%', '100%']  memcached=98.5%
[monitor] ['53%', '100%', '54%', '100%']  memcached=107.2%
[monitor] ['54%', '100%', '48%', '100%']  memcached=102.5%
[monitor] ['50%', '100%', '51%', '100%']  memcached=101.4%
[monitor] ['54%', '100%', '53%', '100%']  memcached=107.2%
[monitor] ['51%', '100%', '50%', '100%']  memcached=101.4%
[monitor] ['51%', '100%', '50%', '100%']  memcached=101.4%
[monitor] ['54%', '100%', '50%', '100%']  memcached=104.3%
[monitor] ['48%', '100%', '50%', '100%']  memcached=98.5%
[monitor] ['52%', '100%', '50%', '100%']  memcached=101.5%
[monitor] ['53%', '100%', '50%', '100%']  memcached=102.8%
[monitor] ['51%', '100%', '45%', '100%']  memcached=96.6%
[monitor] ['56%', '100%', '54%', '100%']  memcached=109.8%
[monitor] ['51%', '100%', '47%', '100%']  memcached=98.3%
[monitor] ['52%', '100%', '50%', '100%']  memcached=101.5%
[monitor] ['53%', '100%', '48%', '100%']  memcached=101.3%
[monitor] ['51%', '100%', '51%', '100%']  memcached=102.9%
[monitor] ['51%', '100%', '50%', '100%']  memcached=101.4%
[monitor] ['71%', '100%', '69%', '100%']  memcached=140.2%
[monitor] ['97%', '100%', '97%', '100%']  memcached=193.5%
[MEMCACHED] cores updated to: ['0', '1', '2']
[radix] unpaused.
[barnes] paused.
[monitor] ['85%', '91%', '81%', '100%']  memcached=256.1%
[monitor] ['82%', '91%', '75%', '100%']  memcached=247.4%
[monitor] ['87%', '91%', '81%', '100%']  memcached=258.4%
[monitor] ['82%', '90%', '77%', '100%']  memcached=249.3%
[monitor] ['84%', '91%', '79%', '100%']  memcached=253.8%
[monitor] ['81%', '87%', '76%', '100%']  memcached=244.1%
[monitor] ['85%', '88%', '79%', '100%']  memcached=252.3%
[monitor] ['84%', '88%', '78%', '100%']  memcached=249.5%
[monitor] ['82%', '85%', '76%', '100%']  memcached=243.0%
[monitor] ['80%', '85%', '76%', '100%']  memcached=240.6%
[monitor] ['81%', '84%', '74%', '100%']  memcached=239.3%
[monitor] ['82%', '84%', '75%', '100%']  memcached=241.7%
[monitor] ['84%', '91%', '79%', '100%']  memcached=253.8%
[monitor] ['78%', '88%', '73%', '100%']  memcached=238.4%
[monitor] ['80%', '87%', '76%', '100%']  memcached=242.9%
[monitor] ['81%', '91%', '76%', '100%']  memcached=246.9%
[monitor] ['81%', '88%', '72%', '100%']  memcached=240.4%
[monitor] ['78%', '90%', '76%', '100%']  memcached=244.9%
[monitor] ['79%', '91%', '76%', '100%']  memcached=245.9%
[monitor] ['80%', '88%', '74%', '100%']  memcached=241.8%
[monitor] ['81%', '91%', '76%', '100%']  memcached=247.6%
[monitor] ['79%', '90%', '76%', '100%']  memcached=245.5%
[monitor] ['83%', '94%', '77%', '100%']  memcached=253.7%
[monitor] ['82%', '94%', '75%', '100%']  memcached=250.4%
[monitor] ['82%', '88%', '80%', '100%']  memcached=249.7%
[monitor] ['85%', '87%', '78%', '100%']  memcached=250.1%
[monitor] ['84%', '88%', '79%', '100%']  memcached=251.7%
[monitor] ['82%', '84%', '76%', '100%']  memcached=241.4%
[monitor] ['84%', '82%', '77%', '100%']  memcached=243.6%
[monitor] ['81%', '82%', '78%', '100%']  memcached=241.2%
[monitor] ['93%', '91%', '91%', '69%']  memcached=274.6%
[radix] ended.
[blackscholes] started on cores: [3] with 3 threads.
[monitor] ['85%', '84%', '79%', '100%']  memcached=248.0%
[monitor] ['82%', '84%', '76%', '100%']  memcached=242.7%
[monitor] ['85%', '88%', '81%', '100%']  memcached=253.4%
[monitor] ['87%', '88%', '79%', '100%']  memcached=253.3%
[monitor] ['88%', '90%', '80%', '100%']  memcached=257.9%
[monitor] ['82%', '85%', '76%', '100%']  memcached=243.1%
[monitor] ['87%', '84%', '82%', '100%']  memcached=253.3%
[monitor] ['85%', '81%', '79%', '100%']  memcached=244.3%
[monitor] ['87%', '81%', '81%', '100%']  memcached=249.2%
[monitor] ['81%', '78%', '76%', '100%']  memcached=235.1%
[monitor] ['82%', '79%', '75%', '100%']  memcached=235.6%
[monitor] ['84%', '79%', '78%', '100%']  memcached=240.8%
[monitor] ['82%', '80%', '76%', '100%']  memcached=238.1%
[monitor] ['82%', '76%', '76%', '100%']  memcached=233.9%
[monitor] ['78%', '75%', '74%', '100%']  memcached=227.3%
[monitor] ['79%', '76%', '74%', '100%']  memcached=228.7%
[monitor] ['79%', '77%', '76%', '100%']  memcached=231.8%
[monitor] ['84%', '78%', '78%', '100%']  memcached=240.1%
[monitor] ['81%', '77%', '76%', '100%']  memcached=234.2%
[monitor] ['85%', '87%', '82%', '100%']  memcached=253.8%
[monitor] ['87%', '88%', '79%', '100%']  memcached=254.0%
[monitor] ['82%', '82%', '77%', '100%']  memcached=241.1%
[monitor] ['84%', '79%', '79%', '100%']  memcached=243.2%
[monitor] ['84%', '79%', '78%', '100%']  memcached=241.3%
[monitor] ['82%', '78%', '76%', '100%']  memcached=236.2%
[monitor] ['84%', '79%', '79%', '100%']  memcached=241.4%
[monitor] ['82%', '80%', '76%', '100%']  memcached=238.8%
[monitor] ['84%', '81%', '78%', '100%']  memcached=243.1%
[monitor] ['83%', '79%', '76%', '100%']  memcached=238.0%
[monitor] ['81%', '76%', '76%', '100%']  memcached=233.5%
[monitor] ['81%', '79%', '76%', '100%']  memcached=235.8%
[monitor] ['82%', '76%', '76%', '100%']  memcached=233.9%
[monitor] ['81%', '79%', '78%', '100%']  memcached=238.2%
[monitor] ['83%', '79%', '76%', '100%']  memcached=237.4%
[monitor] ['81%', '75%', '74%', '100%']  memcached=230.5%
[monitor] ['79%', '76%', '76%', '100%']  memcached=231.6%
[monitor] ['82%', '78%', '76%', '100%']  memcached=235.7%
[monitor] ['82%', '79%', '79%', '100%']  memcached=239.4%
[monitor] ['85%', '84%', '89%', '100%']  memcached=257.8%
[monitor] ['88%', '84%', '82%', '100%']  memcached=253.9%
[monitor] ['100%', '77%', '76%', '100%']  memcached=252.9%
[monitor] ['91%', '82%', '97%', '100%']  memcached=269.4%
[monitor] ['88%', '79%', '91%', '100%']  memcached=257.2%
[monitor] ['88%', '77%', '91%', '100%']  memcached=256.3%
[monitor] ['81%', '76%', '100%', '100%']  memcached=257.7%
[monitor] ['97%', '82%', '84%', '100%']  memcached=263.1%
[monitor] ['87%', '84%', '100%', '100%']  memcached=271.0%
[monitor] ['83%', '91%', '88%', '100%']  memcached=261.6%
[monitor] ['84%', '85%', '94%', '100%']  memcached=263.2%
[monitor] ['82%', '100%', '75%', '100%']  memcached=256.8%
[monitor] ['79%', '88%', '91%', '100%']  memcached=257.9%
[monitor] ['84%', '79%', '100%', '100%']  memcached=263.2%
[monitor] ['84%', '79%', '100%', '100%']  memcached=263.2%
[monitor] ['84%', '82%', '100%', '100%']  memcached=266.2%
[monitor] ['84%', '79%', '84%', '100%']  memcached=247.5%
[monitor] ['82%', '79%', '76%', '100%']  memcached=236.9%
[monitor] ['79%', '78%', '76%', '100%']  memcached=233.4%
[monitor] ['80%', '74%', '75%', '100%']  memcached=229.2%
[monitor] ['84%', '77%', '75%', '100%']  memcached=236.3%
[monitor] ['81%', '79%', '74%', '100%']  memcached=233.6%
[monitor] ['81%', '76%', '76%', '100%']  memcached=234.2%
[monitor] ['82%', '76%', '78%', '100%']  memcached=235.8%
[monitor] ['78%', '76%', '72%', '100%']  memcached=226.5%
[monitor] ['82%', '75%', '76%', '100%']  memcached=232.6%
[monitor] ['82%', '79%', '76%', '100%']  memcached=237.6%
[monitor] ['82%', '79%', '77%', '100%']  memcached=238.6%
[monitor] ['77%', '73%', '71%', '100%']  memcached=221.6%
[monitor] ['76%', '74%', '73%', '100%']  memcached=222.0%
[monitor] ['76%', '74%', '71%', '100%']  memcached=219.9%
[monitor] ['78%', '76%', '75%', '100%']  memcached=228.9%
[monitor] ['84%', '78%', '76%', '100%']  memcached=238.5%
[monitor] ['78%', '76%', '74%', '100%']  memcached=227.8%
[monitor] ['77%', '76%', '73%', '100%']  memcached=225.9%
[monitor] ['80%', '76%', '74%', '100%']  memcached=230.0%
[monitor] ['82%', '76%', '73%', '100%']  memcached=231.0%
[monitor] ['76%', '74%', '74%', '100%']  memcached=224.3%
[monitor] ['79%', '75%', '73%', '100%']  memcached=226.5%
[monitor] ['79%', '74%', '75%', '100%']  memcached=227.3%
[monitor] ['75%', '73%', '71%', '100%']  memcached=218.3%
[monitor] ['78%', '71%', '73%', '100%']  memcached=221.8%
[monitor] ['76%', '74%', '74%', '100%']  memcached=223.6%
[monitor] ['77%', '71%', '72%', '100%']  memcached=220.4%
[monitor] ['79%', '73%', '73%', '100%']  memcached=224.2%
[monitor] ['76%', '71%', '70%', '100%']  memcached=217.6%
[monitor] ['77%', '74%', '74%', '100%']  memcached=224.2%
[monitor] ['79%', '74%', '76%', '100%']  memcached=228.1%
[monitor] ['79%', '76%', '74%', '100%']  memcached=228.1%
[monitor] ['76%', '73%', '71%', '100%']  memcached=219.1%
[monitor] ['79%', '71%', '73%', '100%']  memcached=222.1%
[monitor] ['76%', '71%', '71%', '100%']  memcached=218.9%
[monitor] ['79%', '76%', '73%', '100%']  memcached=227.3%
[monitor] ['80%', '75%', '75%', '100%']  memcached=230.0%
[monitor] ['82%', '76%', '74%', '100%']  memcached=231.8%
[monitor] ['79%', '74%', '74%', '100%']  memcached=227.3%
[monitor] ['78%', '77%', '72%', '100%']  memcached=227.1%
[monitor] ['79%', '74%', '73%', '100%']  memcached=225.0%
[monitor] ['79%', '73%', '73%', '100%']  memcached=224.2%
[monitor] ['80%', '76%', '75%', '100%']  memcached=231.5%
[monitor] ['78%', '75%', '74%', '100%']  memcached=226.7%
[monitor] ['79%', '72%', '75%', '100%']  memcached=226.3%
[monitor] ['79%', '76%', '74%', '100%']  memcached=229.5%
[monitor] ['79%', '75%', '76%', '100%']  memcached=230.3%
[monitor] ['75%', '71%', '70%', '100%']  memcached=215.3%
[monitor] ['77%', '73%', '71%', '100%']  memcached=221.3%
[monitor] ['79%', '71%', '74%', '100%']  memcached=223.6%
[monitor] ['78%', '76%', '73%', '100%']  memcached=226.6%
[monitor] ['82%', '73%', '74%', '100%']  memcached=228.1%
[monitor] ['82%', '76%', '76%', '100%']  memcached=234.0%
[monitor] ['79%', '74%', '76%', '100%']  memcached=228.7%
[monitor] ['82%', '74%', '75%', '100%']  memcached=231.6%
[monitor] ['79%', '79%', '74%', '100%']  memcached=232.5%
[monitor] ['76%', '70%', '74%', '100%']  memcached=219.7%
[monitor] ['76%', '72%', '71%', '100%']  memcached=219.3%
[monitor] ['81%', '74%', '77%', '100%']  memcached=231.9%
[monitor] ['79%', '76%', '74%', '100%']  memcached=228.7%
[monitor] ['62%', '59%', '55%', '100%']  memcached=175.4%
[monitor] ['42%', '44%', '40%', '100%']  memcached=126.5%
[MEMCACHED] cores updated to: ['0', '2']
[barnes] unpaused.
[blackscholes] paused.
[monitor] ['54%', '100%', '50%', '100%']  memcached=104.1%
[monitor] ['53%', '100%', '50%', '100%']  memcached=102.8%
[monitor] ['51%', '100%', '47%', '100%']  memcached=98.3%
[monitor] ['51%', '100%', '50%', '100%']  memcached=101.4%
[monitor] ['51%', '100%', '49%', '100%']  memcached=100.0%
[monitor] ['53%', '100%', '53%', '100%']  memcached=105.7%
[monitor] ['53%', '100%', '47%', '100%']  memcached=99.7%
[monitor] ['53%', '100%', '50%', '100%']  memcached=102.8%
[monitor] ['51%', '100%', '50%', '100%']  memcached=101.4%
[monitor] ['54%', '100%', '51%', '100%']  memcached=105.7%
[monitor] ['53%', '100%', '50%', '100%']  memcached=102.8%
[monitor] ['50%', '100%', '48%', '100%']  memcached=98.5%
[monitor] ['51%', '100%', '51%', '100%']  memcached=102.9%
[monitor] ['51%', '100%', '50%', '100%']  memcached=101.4%
[monitor] ['50%', '100%', '50%', '100%']  memcached=100.0%
[monitor] ['51%', '100%', '50%', '100%']  memcached=101.4%
[monitor] ['50%', '100%', '51%', '100%']  memcached=101.4%
[monitor] ['51%', '100%', '47%', '100%']  memcached=98.3%
[monitor] ['52%', '100%', '50%', '100%']  memcached=101.5%
[monitor] ['51%', '100%', '50%', '100%']  memcached=101.4%
[monitor] ['54%', '100%', '53%', '100%']  memcached=107.2%
[monitor] ['48%', '100%', '47%', '100%']  memcached=95.4%
[monitor] ['51%', '100%', '50%', '100%']  memcached=101.4%
[monitor] ['48%', '100%', '47%', '100%']  memcached=95.4%
[monitor] ['53%', '57%', '50%', '100%']  memcached=102.9%
[monitor] ['54%', '100%', '53%', '100%']  memcached=106.8%
[monitor] ['50%', '80%', '50%', '100%']  memcached=100.0%
[monitor] ['51%', '100%', '48%', '100%']  memcached=99.9%
[monitor] ['50%', '100%', '45%', '100%']  memcached=95.2%
[monitor] ['50%', '100%', '48%', '100%']  memcached=98.5%
[monitor] ['54%', '100%', '50%', '100%']  memcached=104.3%
[monitor] ['51%', '100%', '51%', '100%']  memcached=102.9%
[monitor] ['51%', '100%', '50%', '100%']  memcached=101.4%
[monitor] ['51%', '100%', '50%', '100%']  memcached=101.4%
[monitor] ['48%', '100%', '50%', '100%']  memcached=98.5%
[monitor] ['50%', '100%', '48%', '100%']  memcached=98.5%
[monitor] ['53%', '100%', '49%', '100%']  memcached=101.3%
[monitor] ['53%', '100%', '50%', '100%']  memcached=102.8%
[monitor] ['50%', '100%', '51%', '100%']  memcached=101.4%
[monitor] ['51%', '100%', '47%', '100%']  memcached=98.3%
[monitor] ['50%', '100%', '50%', '100%']  memcached=100.0%
[monitor] ['51%', '100%', '48%', '100%']  memcached=99.9%
[monitor] ['50%', '100%', '48%', '100%']  memcached=98.5%
[monitor] ['53%', '100%', '50%', '100%']  memcached=102.9%
[monitor] ['49%', '100%', '50%', '100%']  memcached=98.6%
[monitor] ['53%', '100%', '47%', '100%']  memcached=99.8%
[monitor] ['53%', '100%', '50%', '100%']  memcached=102.8%
[monitor] ['50%', '100%', '50%', '100%']  memcached=100.0%
[monitor] ['14%', '100%', '16%', '100%']  memcached=29.9%
[MEMCACHED] cores updated to: ['0']
[blackscholes] unpaused.
[blackscholes] cores updated to: [2]
[monitor] ['20%', '100%', '100%', '100%']  memcached=20.0%
[monitor] ['23%', '100%', '100%', '100%']  memcached=22.6%
[monitor] ['21%', '100%', '100%', '100%']  memcached=20.7%
[monitor] ['20%', '100%', '100%', '100%']  memcached=20.0%
[monitor] ['21%', '100%', '100%', '100%']  memcached=21.4%
[monitor] ['23%', '100%', '100%', '100%']  memcached=23.3%
[monitor] ['18%', '100%', '100%', '100%']  memcached=17.9%
[monitor] ['21%', '100%', '100%', '100%']  memcached=20.7%
[monitor] ['14%', '100%', '100%', '100%']  memcached=14.3%
[monitor] ['21%', '100%', '100%', '100%']  memcached=20.7%
[monitor] ['17%', '100%', '100%', '100%']  memcached=17.2%
[monitor] ['20%', '100%', '100%', '100%']  memcached=20.0%
[monitor] ['14%', '100%', '100%', '100%']  memcached=14.3%
[monitor] ['17%', '100%', '100%', '100%']  memcached=17.2%
[monitor] ['21%', '100%', '100%', '100%']  memcached=20.7%
[monitor] ['23%', '100%', '100%', '100%']  memcached=22.6%
[monitor] ['21%', '100%', '100%', '100%']  memcached=20.7%
[monitor] ['23%', '100%', '100%', '100%']  memcached=22.6%
[monitor] ['21%', '100%', '100%', '100%']  memcached=20.7%
[monitor] ['17%', '100%', '100%', '100%']  memcached=17.2%
[monitor] ['20%', '100%', '100%', '100%']  memcached=20.0%
[monitor] ['18%', '100%', '100%', '100%']  memcached=17.9%
[monitor] ['17%', '100%', '100%', '100%']  memcached=17.2%
[monitor] ['21%', '100%', '100%', '100%']  memcached=20.7%
[monitor] ['20%', '100%', '100%', '100%']  memcached=20.0%
[monitor] ['15%', '100%', '100%', '100%']  memcached=14.8%
[monitor] ['20%', '100%', '100%', '100%']  memcached=20.0%
[monitor] ['20%', '100%', '100%', '100%']  memcached=20.0%
[monitor] ['21%', '100%', '100%', '100%']  memcached=20.7%
[monitor] ['17%', '100%', '100%', '100%']  memcached=17.2%
[monitor] ['20%', '100%', '100%', '100%']  memcached=20.0%
[monitor] ['18%', '100%', '100%', '100%']  memcached=17.9%
[monitor] ['20%', '100%', '100%', '100%']  memcached=20.0%
[monitor] ['14%', '100%', '100%', '100%']  memcached=14.3%
[monitor] ['18%', '100%', '100%', '100%']  memcached=17.9%
[monitor] ['14%', '100%', '100%', '100%']  memcached=14.3%
[monitor] ['27%', '100%', '100%', '100%']  memcached=26.7%
[monitor] ['29%', '100%', '100%', '100%']  memcached=29.0%
[monitor] ['18%', '100%', '100%', '100%']  memcached=17.9%
[monitor] ['21%', '100%', '100%', '100%']  memcached=21.4%
[monitor] ['24%', '100%', '100%', '100%']  memcached=24.1%
[monitor] ['21%', '100%', '100%', '100%']  memcached=20.7%
[monitor] ['11%', '100%', '100%', '100%']  memcached=11.1%
[monitor] ['23%', '100%', '100%', '100%']  memcached=23.3%
[monitor] ['20%', '100%', '100%', '100%']  memcached=20.0%
[monitor] ['23%', '100%', '100%', '100%']  memcached=23.3%
[monitor] ['14%', '100%', '100%', '60%']  memcached=14.3%
[monitor] ['34%', '45%', '100%', '45%']  memcached=34.5%
[barnes] ended.
[blackscholes] cores updated to: [1, 2, 3]
[monitor] ['41%', '100%', '100%', '100%']  memcached=41.4%
[monitor] ['100%', '100%', '100%', '100%']  memcached=100.0%
[MEMCACHED] cores updated to: ['0', '1', '2']
[blackscholes] cores updated to: [3]
[monitor] ['69%', '60%', '58%', '100%']  memcached=186.1%
[monitor] ['64%', '65%', '62%', '100%']  memcached=190.5%
[monitor] ['62%', '59%', '58%', '100%']  memcached=178.9%
[monitor] ['64%', '61%', '60%', '100%']  memcached=185.0%
[monitor] ['63%', '59%', '59%', '100%']  memcached=180.5%
[monitor] ['64%', '62%', '60%', '100%']  memcached=185.7%
[monitor] ['65%', '63%', '60%', '100%']  memcached=188.0%
[monitor] ['67%', '59%', '62%', '100%']  memcached=188.2%
[monitor] ['65%', '63%', '61%', '100%']  memcached=188.2%
[monitor] ['64%', '59%', '61%', '100%']  memcached=183.8%
[monitor] ['66%', '66%', '61%', '100%']  memcached=192.7%
[monitor] ['66%', '63%', '64%', '100%']  memcached=192.5%
[monitor] ['65%', '59%', '63%', '100%']  memcached=186.4%
[monitor] ['64%', '64%', '62%', '100%']  memcached=189.5%
[monitor] ['65%', '60%', '60%', '100%']  memcached=184.7%
[monitor] ['65%', '61%', '59%', '100%']  memcached=184.3%
[monitor] ['62%', '63%', '61%', '100%']  memcached=186.0%
[monitor] ['66%', '62%', '63%', '100%']  memcached=190.3%
[monitor] ['65%', '63%', '62%', '100%']  memcached=189.3%
[monitor] ['67%', '63%', '62%', '100%']  memcached=191.3%
[monitor] ['69%', '64%', '64%', '100%']  memcached=196.1%
[monitor] ['65%', '61%', '59%', '100%']  memcached=184.8%
[monitor] ['65%', '58%', '62%', '100%']  memcached=184.0%
[monitor] ['64%', '62%', '60%', '100%']  memcached=185.7%
[monitor] ['65%', '65%', '59%', '100%']  memcached=188.8%
[monitor] ['67%', '62%', '62%', '100%']  memcached=190.2%
[monitor] ['64%', '63%', '61%', '100%']  memcached=187.1%
[monitor] ['67%', '63%', '63%', '100%']  memcached=192.4%
[monitor] ['64%', '62%', '59%', '100%']  memcached=184.2%
[monitor] ['64%', '62%', '60%', '100%']  memcached=185.7%
[monitor] ['65%', '59%', '61%', '100%']  memcached=184.1%
[monitor] ['63%', '64%', '58%', '100%']  memcached=184.3%
[monitor] ['68%', '62%', '62%', '100%']  memcached=191.2%
[monitor] ['65%', '62%', '61%', '100%']  memcached=187.7%
[monitor] ['67%', '61%', '62%', '100%']  memcached=189.4%
[monitor] ['64%', '59%', '61%', '100%']  memcached=183.8%
[monitor] ['65%', '62%', '62%', '100%']  memcached=188.2%
[monitor] ['68%', '64%', '60%', '100%']  memcached=191.5%
[monitor] ['63%', '61%', '62%', '100%']  memcached=185.2%
[monitor] ['67%', '62%', '62%', '100%']  memcached=190.6%
[monitor] ['63%', '61%', '61%', '100%']  memcached=184.1%
[monitor] ['67%', '62%', '59%', '100%']  memcached=187.3%
[monitor] ['65%', '62%', '60%', '100%']  memcached=186.5%
[monitor] ['64%', '60%', '63%', '100%']  memcached=186.7%
[monitor] ['66%', '56%', '59%', '100%']  memcached=180.8%
[monitor] ['63%', '63%', '61%', '100%']  memcached=186.8%
[monitor] ['63%', '61%', '60%', '100%']  memcached=184.0%
[monitor] ['68%', '59%', '60%', '100%']  memcached=186.4%
[monitor] ['36%', '34%', '30%', '100%']  memcached=100.7%
[MEMCACHED] cores updated to: ['0', '2']
[blackscholes] cores updated to: [1, 3]
[monitor] ['14%', '100%', '20%', '100%']  memcached=34.3%
[MEMCACHED] cores updated to: ['0']
[blackscholes] cores updated to: [1, 2, 3]
[monitor] ['25%', '100%', '100%', '100%']  memcached=25.0%
[monitor] ['27%', '100%', '100%', '100%']  memcached=26.7%
[monitor] ['30%', '100%', '100%', '100%']  memcached=30.0%
[monitor] ['31%', '100%', '100%', '100%']  memcached=31.0%
[monitor] ['28%', '100%', '100%', '100%']  memcached=27.6%
[monitor] ['24%', '100%', '100%', '100%']  memcached=24.1%
[monitor] ['30%', '100%', '100%', '100%']  memcached=30.0%
[monitor] ['25%', '100%', '100%', '100%']  memcached=25.0%
[monitor] ['24%', '100%', '100%', '100%']  memcached=24.1%
[monitor] ['24%', '100%', '100%', '100%']  memcached=24.1%
[monitor] ['27%', '100%', '100%', '100%']  memcached=26.7%
[monitor] ['27%', '100%', '100%', '100%']  memcached=26.7%
[monitor] ['27%', '100%', '100%', '100%']  memcached=26.7%
[monitor] ['24%', '100%', '100%', '100%']  memcached=24.1%
[monitor] ['27%', '100%', '100%', '100%']  memcached=26.7%
[monitor] ['27%', '100%', '100%', '100%']  memcached=26.7%
[monitor] ['29%', '100%', '100%', '100%']  memcached=29.0%
[monitor] ['22%', '100%', '100%', '100%']  memcached=22.2%
[monitor] ['24%', '100%', '100%', '100%']  memcached=24.1%
[monitor] ['29%', '100%', '100%', '100%']  memcached=29.0%
[monitor] ['27%', '100%', '100%', '100%']  memcached=26.7%
[monitor] ['31%', '100%', '100%', '100%']  memcached=31.2%
[monitor] ['28%', '100%', '100%', '100%']  memcached=27.6%
[monitor] ['31%', '100%', '100%', '100%']  memcached=31.2%
[monitor] ['25%', '100%', '100%', '100%']  memcached=25.0%
[monitor] ['27%', '100%', '100%', '100%']  memcached=26.7%
[monitor] ['30%', '100%', '100%', '100%']  memcached=30.0%
[monitor] ['21%', '100%', '100%', '100%']  memcached=21.4%
[monitor] ['29%', '100%', '57%', '100%']  memcached=29.0%
[monitor] ['23%', '100%', '100%', '3%']  memcached=23.3%
[monitor] ['28%', '100%', '100%', '3%']  memcached=27.6%
[monitor] ['30%', '100%', '100%', '0%']  memcached=30.0%
[monitor] ['29%', '100%', '100%', '3%']  memcached=29.0%
[monitor] ['23%', '20%', '100%', '83%']  memcached=23.3%
[monitor] ['24%', '40%', '67%', '63%']  memcached=24.1%
[monitor] ['26%', '100%', '3%', '3%']  memcached=25.8%
[monitor] ['21%', '100%', '10%', '0%']  memcached=21.4%
[monitor] ['27%', '100%', '3%', '3%']  memcached=26.7%
[monitor] ['21%', '100%', '3%', '0%']  memcached=20.7%
[monitor] ['24%', '100%', '0%', '3%']  memcached=24.1%
[monitor] ['31%', '100%', '3%', '3%']  memcached=31.2%
[monitor] ['26%', '100%', '3%', '0%']  memcached=25.8%
[monitor] ['26%', '100%', '3%', '0%']  memcached=25.8%
[monitor] ['19%', '62%', '3%', '41%']  memcached=18.5%
[monitor] ['26%', '3%', '0%', '100%']  memcached=25.8%
[monitor] ['26%', '0%', '0%', '100%']  memcached=25.8%
[monitor] ['43%', '41%', '21%', '72%']  memcached=43.3%
[blackscholes] ended.
[canneal] started on cores: [1, 2, 3] with 3 threads.
[monitor] ['78%', '47%', '40%', '41%']  memcached=78.4%
[monitor] ['77%', '65%', '38%', '37%']  memcached=77.1%
[monitor] ['74%', '25%', '7%', '87%']  memcached=74.3%
[monitor] ['72%', '100%', '4%', '4%']  memcached=72.2%
[monitor] ['73%', '100%', '7%', '7%']  memcached=73.0%
[monitor] ['76%', '74%', '7%', '34%']  memcached=75.7%
[monitor] ['74%', '7%', '0%', '100%']  memcached=73.7%
[monitor] ['73%', '100%', '4%', '4%']  memcached=73.0%
[monitor] ['72%', '100%', '4%', '0%']  memcached=72.2%
[monitor] ['76%', '100%', '4%', '7%']  memcached=75.7%
[monitor] ['72%', '100%', '7%', '4%']  memcached=72.2%
[monitor] ['72%', '100%', '7%', '0%']  memcached=72.2%
[monitor] ['76%', '100%', '4%', '4%']  memcached=75.7%
[monitor] ['74%', '100%', '4%', '0%']  memcached=73.7%
[monitor] ['75%', '100%', '4%', '7%']  memcached=75.0%
[monitor] ['75%', '100%', '10%', '4%']  memcached=75.0%
[monitor] ['74%', '80%', '4%', '25%']  memcached=73.7%
[monitor] ['74%', '14%', '10%', '100%']  memcached=74.3%
[monitor] ['74%', '100%', '4%', '7%']  memcached=73.7%
[monitor] ['76%', '100%', '68%', '7%']  memcached=75.7%
[monitor] ['72%', '100%', '7%', '4%']  memcached=72.2%
[monitor] ['75%', '100%', '7%', '4%']  memcached=75.0%
[monitor] ['73%', '100%', '4%', '4%']  memcached=73.0%
[monitor] ['74%', '100%', '7%', '7%']  memcached=73.7%
[monitor] ['74%', '100%', '4%', '7%']  memcached=73.5%
[monitor] ['74%', '100%', '4%', '0%']  memcached=73.7%
[monitor] ['75%', '100%', '4%', '0%']  memcached=75.0%
[monitor] ['73%', '100%', '0%', '0%']  memcached=73.0%
[monitor] ['71%', '100%', '4%', '4%']  memcached=71.4%
[monitor] ['76%', '100%', '10%', '4%']  memcached=76.3%
[monitor] ['72%', '100%', '4%', '4%']  memcached=72.2%
[monitor] ['76%', '100%', '7%', '4%']  memcached=75.7%
[monitor] ['72%', '100%', '4%', '4%']  memcached=72.2%
[monitor] ['75%', '100%', '4%', '4%']  memcached=75.0%
[monitor] ['74%', '100%', '7%', '11%']  memcached=74.3%
[monitor] ['72%', '100%', '4%', '0%']  memcached=72.2%
[monitor] ['73%', '80%', '0%', '28%']  memcached=73.0%
[monitor] ['75%', '4%', '4%', '100%']  memcached=75.0%
[monitor] ['73%', '70%', '11%', '100%']  memcached=73.0%
[monitor] ['75%', '100%', '7%', '4%']  memcached=75.0%
[monitor] ['73%', '100%', '4%', '4%']  memcached=73.0%
[monitor] ['74%', '100%', '4%', '0%']  memcached=74.3%
[monitor] ['73%', '100%', '7%', '4%']  memcached=73.0%
[monitor] ['74%', '100%', '4%', '7%']  memcached=73.7%
[monitor] ['69%', '100%', '0%', '4%']  memcached=69.4%
[monitor] ['37%', '100%', '7%', '0%']  memcached=36.7%
[monitor] ['38%', '100%', '0%', '0%']  memcached=37.5%
[monitor] ['47%', '23%', '80%', '3%']  memcached=46.9%
[monitor] ['47%', '7%', '100%', '3%']  memcached=46.9%
[monitor] ['44%', '3%', '100%', '3%']  memcached=43.8%
[monitor] ['48%', '4%', '100%', '7%']  memcached=48.5%
[monitor] ['48%', '7%', '100%', '0%']  memcached=48.5%
[monitor] ['48%', '0%', '100%', '4%']  memcached=48.4%
[monitor] ['47%', '3%', '100%', '0%']  memcached=46.9%
[monitor] ['47%', '3%', '100%', '3%']  memcached=46.9%
[monitor] ['47%', '0%', '100%', '0%']  memcached=46.9%
[monitor] ['50%', '3%', '100%', '0%']  memcached=50.0%
[monitor] ['47%', '0%', '100%', '3%']  memcached=46.9%
[monitor] ['48%', '0%', '100%', '0%']  memcached=48.5%
[monitor] ['47%', '3%', '100%', '0%']  memcached=46.9%
[monitor] ['50%', '3%', '100%', '0%']  memcached=50.0%
[monitor] ['47%', '0%', '100%', '0%']  memcached=46.9%
[monitor] ['50%', '3%', '100%', '0%']  memcached=50.0%
[monitor] ['45%', '3%', '100%', '0%']  memcached=45.2%
[monitor] ['53%', '0%', '100%', '3%']  memcached=52.8%
[monitor] ['45%', '0%', '100%', '0%']  memcached=45.2%
[monitor] ['50%', '3%', '100%', '7%']  memcached=50.0%
[monitor] ['48%', '0%', '100%', '0%']  memcached=48.5%
[monitor] ['48%', '3%', '100%', '0%']  memcached=48.5%
[monitor] ['48%', '0%', '100%', '3%']  memcached=48.5%
[monitor] ['48%', '3%', '100%', '0%']  memcached=48.5%
[monitor] ['47%', '3%', '100%', '0%']  memcached=46.9%
[monitor] ['47%', '0%', '100%', '0%']  memcached=47.1%
[monitor] ['43%', '3%', '100%', '7%']  memcached=43.3%
[monitor] ['48%', '0%', '100%', '0%']  memcached=48.5%
[monitor] ['47%', '0%', '100%', '0%']  memcached=46.9%
[monitor] ['47%', '3%', '100%', '0%']  memcached=46.9%
[monitor] ['48%', '4%', '100%', '0%']  memcached=48.5%
[monitor] ['47%', '0%', '100%', '0%']  memcached=46.9%
[monitor] ['50%', '3%', '100%', '0%']  memcached=50.0%
[monitor] ['47%', '0%', '100%', '0%']  memcached=46.9%
[monitor] ['45%', '4%', '100%', '0%']  memcached=45.2%
[monitor] ['50%', '7%', '100%', '10%']  memcached=50.0%
[monitor] ['53%', '7%', '100%', '4%']  memcached=52.9%
[monitor] ['43%', '0%', '100%', '3%']  memcached=43.3%
[monitor] ['47%', '0%', '100%', '0%']  memcached=46.9%
[monitor] ['50%', '7%', '100%', '10%']  memcached=50.0%
[monitor] ['48%', '3%', '100%', '0%']  memcached=48.5%
[monitor] ['47%', '4%', '100%', '3%']  memcached=47.1%
[monitor] ['50%', '7%', '100%', '0%']  memcached=50.0%
[monitor] ['47%', '0%', '100%', '0%']  memcached=46.7%
[monitor] ['45%', '3%', '100%', '7%']  memcached=45.2%
[monitor] ['45%', '0%', '100%', '0%']  memcached=45.5%
[monitor] ['51%', '3%', '100%', '0%']  memcached=51.4%
[monitor] ['61%', '4%', '100%', '0%']  memcached=61.3%
[monitor] ['100%', '8%', '100%', '4%']  memcached=100.0%
[MEMCACHED] cores updated to: ['0', '1', '2']
[canneal] cores updated to: [3]
[monitor] ['100%', '100%', '88%', '100%']  memcached=287.5%
[monitor] ['81%', '84%', '72%', '100%']  memcached=237.0%
[monitor] ['79%', '79%', '74%', '100%']  memcached=231.1%
[monitor] ['76%', '77%', '73%', '100%']  memcached=225.9%
[monitor] ['78%', '79%', '74%', '100%']  memcached=231.8%
[monitor] ['79%', '81%', '74%', '100%']  memcached=234.9%
[monitor] ['79%', '79%', '73%', '100%']  memcached=230.9%
[monitor] ['79%', '79%', '71%', '100%']  memcached=230.3%
[monitor] ['77%', '78%', '75%', '100%']  memcached=230.3%
[monitor] ['79%', '78%', '74%', '100%']  memcached=231.2%
[monitor] ['79%', '78%', '71%', '100%']  memcached=227.5%
[monitor] ['79%', '79%', '76%', '100%']  memcached=234.0%
[monitor] ['81%', '81%', '74%', '100%']  memcached=236.0%
[monitor] ['79%', '79%', '74%', '100%']  memcached=231.7%
[monitor] ['77%', '76%', '71%', '100%']  memcached=224.3%
[monitor] ['78%', '79%', '75%', '100%']  memcached=231.9%
[monitor] ['77%', '78%', '71%', '100%']  memcached=225.9%
[monitor] ['78%', '75%', '71%', '100%']  memcached=223.7%
[monitor] ['79%', '76%', '75%', '100%']  memcached=230.9%
[monitor] ['79%', '78%', '74%', '100%']  memcached=231.2%
[monitor] ['79%', '79%', '76%', '100%']  memcached=234.0%
[monitor] ['79%', '76%', '73%', '100%']  memcached=227.3%
[monitor] ['77%', '74%', '71%', '100%']  memcached=222.9%
[monitor] ['76%', '77%', '74%', '100%']  memcached=227.5%
[monitor] ['76%', '75%', '73%', '100%']  memcached=223.5%
[monitor] ['78%', '78%', '71%', '100%']  memcached=226.8%
[monitor] ['79%', '76%', '73%', '100%']  memcached=228.0%
[monitor] ['76%', '78%', '74%', '100%']  memcached=228.9%
[monitor] ['81%', '78%', '71%', '100%']  memcached=230.3%
[monitor] ['78%', '78%', '72%', '100%']  memcached=228.1%
[monitor] ['78%', '76%', '74%', '100%']  memcached=227.8%
[monitor] ['79%', '76%', '73%', '100%']  memcached=227.9%
[monitor] ['78%', '79%', '73%', '100%']  memcached=229.6%
[monitor] ['78%', '76%', '73%', '100%']  memcached=227.3%
[monitor] ['76%', '73%', '70%', '100%']  memcached=218.9%
[monitor] ['74%', '73%', '71%', '100%']  memcached=216.8%
[monitor] ['76%', '76%', '72%', '100%']  memcached=224.8%
[monitor] ['79%', '78%', '74%', '100%']  memcached=230.4%
[monitor] ['79%', '76%', '72%', '100%']  memcached=226.4%
[monitor] ['80%', '76%', '76%', '100%']  memcached=232.2%
[monitor] ['76%', '78%', '74%', '100%']  memcached=227.4%
[monitor] ['79%', '75%', '73%', '100%']  memcached=227.1%
[monitor] ['78%', '76%', '72%', '100%']  memcached=225.8%
[monitor] ['75%', '76%', '71%', '100%']  memcached=222.1%
[monitor] ['79%', '72%', '70%', '100%']  memcached=220.4%
[monitor] ['81%', '76%', '75%', '100%']  memcached=232.7%
[monitor] ['78%', '79%', '74%', '100%']  memcached=230.4%
[monitor] ['79%', '79%', '73%', '100%']  memcached=230.9%
[monitor] ['37%', '33%', '35%', '100%']  memcached=105.5%
[MEMCACHED] cores updated to: ['0', '2']
[canneal] cores updated to: [1, 3]
[monitor] ['17%', '90%', '11%', '93%']  memcached=27.4%
[MEMCACHED] cores updated to: ['0']
[canneal] cores updated to: [1, 2, 3]
[monitor] ['19%', '97%', '97%', '97%']  memcached=18.5%
[monitor] ['27%', '100%', '97%', '97%']  memcached=26.7%
[monitor] ['24%', '97%', '100%', '97%']  memcached=24.1%
[monitor] ['28%', '100%', '93%', '97%']  memcached=27.6%
[monitor] ['27%', '100%', '93%', '100%']  memcached=26.7%
[monitor] ['27%', '97%', '94%', '97%']  memcached=26.7%
[monitor] ['28%', '100%', '100%', '100%']  memcached=27.6%
[monitor] ['21%', '97%', '97%', '97%']  memcached=21.4%
[monitor] ['24%', '100%', '97%', '100%']  memcached=24.1%
[monitor] ['23%', '100%', '93%', '97%']  memcached=23.3%
[monitor] ['27%', '100%', '94%', '100%']  memcached=26.7%
[monitor] ['21%', '100%', '97%', '97%']  memcached=21.4%
[monitor] ['21%', '100%', '94%', '100%']  memcached=21.4%
[monitor] ['26%', '97%', '93%', '97%']  memcached=25.8%
[monitor] ['29%', '100%', '97%', '100%']  memcached=29.0%
[monitor] ['25%', '100%', '94%', '97%']  memcached=25.0%
[monitor] ['23%', '100%', '100%', '97%']  memcached=23.3%
[monitor] ['19%', '97%', '93%', '100%']  memcached=18.5%
[monitor] ['27%', '100%', '93%', '100%']  memcached=26.7%
[monitor] ['24%', '100%', '100%', '97%']  memcached=24.1%
[monitor] ['24%', '100%', '97%', '97%']  memcached=24.1%
[monitor] ['23%', '97%', '97%', '100%']  memcached=23.3%
[monitor] ['28%', '100%', '97%', '97%']  memcached=27.6%
[monitor] ['23%', '100%', '90%', '100%']  memcached=23.3%
[monitor] ['19%', '100%', '90%', '97%']  memcached=18.5%
[monitor] ['24%', '97%', '97%', '97%']  memcached=24.1%
[monitor] ['24%', '100%', '97%', '100%']  memcached=24.1%
[monitor] ['24%', '100%', '93%', '100%']  memcached=24.1%
[monitor] ['19%', '97%', '94%', '97%']  memcached=18.5%
[monitor] ['27%', '100%', '93%', '100%']  memcached=26.7%
[monitor] ['23%', '100%', '97%', '97%']  memcached=23.3%
[monitor] ['21%', '100%', '94%', '100%']  memcached=21.4%
[monitor] ['24%', '97%', '86%', '100%']  memcached=24.1%
[monitor] ['18%', '100%', '93%', '97%']  memcached=17.9%
[monitor] ['24%', '100%', '97%', '100%']  memcached=24.1%
[monitor] ['21%', '100%', '100%', '97%']  memcached=21.4%
[monitor] ['29%', '97%', '97%', '100%']  memcached=29.0%
[monitor] ['23%', '100%', '97%', '97%']  memcached=23.1%
[monitor] ['26%', '100%', '97%', '97%']  memcached=25.8%
[monitor] ['24%', '100%', '94%', '100%']  memcached=24.1%
[monitor] ['29%', '100%', '97%', '100%']  memcached=29.0%
[monitor] ['24%', '97%', '97%', '97%']  memcached=24.1%
[monitor] ['31%', '100%', '97%', '97%']  memcached=31.0%
[monitor] ['24%', '93%', '100%', '97%']  memcached=24.1%
[monitor] ['29%', '100%', '97%', '97%']  memcached=29.0%
[monitor] ['19%', '100%', '93%', '100%']  memcached=18.5%
[monitor] ['23%', '97%', '97%', '100%']  memcached=23.3%
[monitor] ['21%', '100%', '97%', '97%']  memcached=21.4%
[monitor] ['41%', '100%', '97%', '97%']  memcached=40.6%
[monitor] ['40%', '97%', '97%', '97%']  memcached=40.0%
[monitor] ['33%', '97%', '100%', '97%']  memcached=33.3%
[monitor] ['39%', '97%', '100%', '97%']  memcached=38.7%
[monitor] ['39%', '100%', '94%', '100%']  memcached=38.7%
[monitor] ['41%', '100%', '97%', '97%']  memcached=40.6%
[monitor] ['34%', '100%', '94%', '100%']  memcached=34.5%
[monitor] ['39%', '100%', '93%', '97%']  memcached=38.7%
[monitor] ['39%', '100%', '97%', '100%']  memcached=39.4%
[monitor] ['37%', '97%', '97%', '100%']  memcached=36.7%
[monitor] ['39%', '100%', '100%', '97%']  memcached=38.7%
[monitor] ['39%', '100%', '93%', '97%']  memcached=38.7%
[monitor] ['39%', '100%', '93%', '100%']  memcached=38.7%
[monitor] ['34%', '97%', '97%', '97%']  memcached=34.5%
[monitor] ['42%', '100%', '97%', '100%']  memcached=42.4%
[monitor] ['37%', '100%', '97%', '97%']  memcached=36.7%
[monitor] ['41%', '93%', '100%', '93%']  memcached=40.6%
[monitor] ['37%', '93%', '100%', '90%']  memcached=36.7%
[monitor] ['41%', '94%', '97%', '93%']  memcached=40.6%
[monitor] ['38%', '100%', '93%', '100%']  memcached=37.5%
[monitor] ['34%', '100%', '94%', '100%']  memcached=34.5%
[monitor] ['32%', '100%', '93%', '97%']  memcached=32.1%
[monitor] ['45%', '97%', '97%', '100%']  memcached=45.5%
[monitor] ['37%', '97%', '100%', '94%']  memcached=36.7%
[monitor] ['44%', '97%', '97%', '97%']  memcached=44.1%
[monitor] ['37%', '100%', '97%', '100%']  memcached=36.7%
[monitor] ['39%', '97%', '97%', '93%']  memcached=38.7%
[monitor] ['32%', '100%', '94%', '100%']  memcached=32.1%
[monitor] ['42%', '100%', '94%', '97%']  memcached=42.4%
[monitor] ['41%', '100%', '93%', '100%']  memcached=40.6%
[monitor] ['38%', '100%', '93%', '100%']  memcached=37.5%
[monitor] ['39%', '100%', '93%', '97%']  memcached=38.7%
[monitor] ['34%', '100%', '97%', '100%']  memcached=34.5%
[monitor] ['39%', '97%', '93%', '97%']  memcached=38.7%
[monitor] ['41%', '100%', '97%', '100%']  memcached=40.6%
[monitor] ['39%', '100%', '90%', '97%']  memcached=38.7%
[monitor] ['39%', '100%', '93%', '100%']  memcached=38.7%
[monitor] ['39%', '100%', '94%', '97%']  memcached=38.7%
[monitor] ['38%', '100%', '90%', '100%']  memcached=37.5%
[monitor] ['37%', '100%', '93%', '97%']  memcached=36.7%
[monitor] ['40%', '97%', '97%', '100%']  memcached=40.0%
[monitor] ['39%', '100%', '100%', '97%']  memcached=38.7%
[monitor] ['39%', '97%', '100%', '97%']  memcached=38.7%
[monitor] ['42%', '97%', '100%', '94%']  memcached=42.4%
[monitor] ['41%', '100%', '93%', '100%']  memcached=40.6%
[monitor] ['42%', '100%', '93%', '100%']  memcached=41.9%
[monitor] ['35%', '97%', '94%', '97%']  memcached=35.5%
[monitor] ['40%', '100%', '97%', '97%']  memcached=40.0%
[monitor] ['41%', '100%', '93%', '100%']  memcached=40.6%
[monitor] ['47%', '100%', '93%', '97%']  memcached=46.7%
[monitor] ['100%', '100%', '97%', '100%']  memcached=100.0%
[MEMCACHED] cores updated to: ['0', '1', '3']
[canneal] cores updated to: [2]
[monitor] ['94%', '82%', '100%', '78%']  memcached=254.0%
[monitor] ['71%', '65%', '100%', '66%']  memcached=201.8%
[monitor] ['74%', '70%', '100%', '62%']  memcached=206.3%
[monitor] ['74%', '68%', '100%', '67%']  memcached=208.7%
[monitor] ['74%', '71%', '100%', '70%']  memcached=214.7%
[monitor] ['77%', '70%', '100%', '67%']  memcached=213.5%
[monitor] ['72%', '71%', '100%', '68%']  memcached=211.3%
[monitor] ['74%', '67%', '100%', '66%']  memcached=206.7%
[monitor] ['71%', '69%', '100%', '65%']  memcached=204.7%
[monitor] ['74%', '67%', '100%', '67%']  memcached=206.9%
[monitor] ['69%', '66%', '100%', '64%']  memcached=199.0%
[monitor] ['73%', '68%', '100%', '68%']  memcached=208.0%
[monitor] ['71%', '69%', '100%', '64%']  memcached=203.8%
[monitor] ['75%', '69%', '100%', '64%']  memcached=207.2%
[monitor] ['69%', '69%', '100%', '67%']  memcached=203.8%
[monitor] ['76%', '68%', '100%', '66%']  memcached=209.0%
[monitor] ['74%', '69%', '100%', '67%']  memcached=209.7%
[monitor] ['71%', '69%', '100%', '65%']  memcached=204.7%
[monitor] ['76%', '68%', '100%', '69%']  memcached=212.7%
[monitor] ['75%', '69%', '100%', '68%']  memcached=212.1%
[monitor] ['71%', '70%', '100%', '65%']  memcached=205.6%
[monitor] ['74%', '69%', '100%', '69%']  memcached=212.5%
[monitor] ['72%', '66%', '100%', '64%']  memcached=201.6%
[monitor] ['70%', '69%', '100%', '64%']  memcached=201.9%
[monitor] ['72%', '68%', '100%', '68%']  memcached=207.4%
[monitor] ['74%', '70%', '100%', '67%']  memcached=209.9%
[monitor] ['71%', '69%', '100%', '66%']  memcached=204.8%
[monitor] ['74%', '69%', '100%', '66%']  memcached=207.8%
[monitor] ['72%', '68%', '100%', '66%']  memcached=205.5%
[monitor] ['73%', '70%', '100%', '68%']  memcached=210.1%
[monitor] ['73%', '71%', '100%', '64%']  memcached=207.2%
[monitor] ['76%', '68%', '100%', '68%']  memcached=211.1%
[monitor] ['74%', '72%', '100%', '65%']  memcached=210.3%
[monitor] ['74%', '70%', '100%', '68%']  memcached=210.9%
[monitor] ['71%', '69%', '100%', '65%']  memcached=204.7%
[monitor] ['75%', '69%', '100%', '67%']  memcached=211.1%
[monitor] ['75%', '69%', '100%', '68%']  memcached=211.4%
[monitor] ['69%', '69%', '100%', '66%']  memcached=202.9%
[monitor] ['75%', '69%', '100%', '69%']  memcached=212.1%
[monitor] ['76%', '71%', '100%', '66%']  memcached=212.0%
[monitor] ['73%', '71%', '100%', '67%']  memcached=211.1%
[monitor] ['75%', '68%', '100%', '66%']  memcached=208.4%
[monitor] ['71%', '68%', '100%', '67%']  memcached=205.7%
[monitor] ['72%', '66%', '100%', '67%']  memcached=204.6%
[monitor] ['74%', '71%', '100%', '66%']  memcached=210.5%
[monitor] ['71%', '69%', '100%', '67%']  memcached=206.7%
[monitor] ['72%', '68%', '100%', '68%']  memcached=207.5%
[monitor] ['72%', '69%', '100%', '66%']  memcached=206.5%
[monitor] ['47%', '44%', '100%', '41%']  memcached=131.6%
[MEMCACHED] cores updated to: ['0', '3']
[canneal] cores updated to: [1, 2]
[monitor] ['19%', '90%', '93%', '10%']  memcached=29.1%
[MEMCACHED] cores updated to: ['0']
[canneal] cores updated to: [1, 2, 3]
[monitor] ['14%', '100%', '93%', '97%']  memcached=13.8%
[monitor] ['19%', '97%', '94%', '100%']  memcached=19.4%
[monitor] ['17%', '100%', '93%', '100%']  memcached=16.7%
[monitor] ['19%', '100%', '93%', '97%']  memcached=19.4%
[monitor] ['20%', '97%', '93%', '100%']  memcached=20.0%
[monitor] ['22%', '100%', '97%', '97%']  memcached=21.9%
[monitor] ['17%', '97%', '100%', '100%']  memcached=17.2%
[monitor] ['17%', '100%', '97%', '97%']  memcached=16.7%
[monitor] ['22%', '100%', '97%', '100%']  memcached=21.9%
[monitor] ['14%', '97%', '93%', '97%']  memcached=13.8%
[monitor] ['17%', '100%', '97%', '100%']  memcached=17.2%
[monitor] ['17%', '97%', '97%', '97%']  memcached=16.7%
[monitor] ['20%', '100%', '100%', '97%']  memcached=20.0%
[monitor] ['19%', '93%', '100%', '97%']  memcached=19.4%
[monitor] ['14%', '100%', '97%', '97%']  memcached=13.8%
[monitor] ['14%', '97%', '100%', '97%']  memcached=14.3%
[monitor] ['22%', '97%', '94%', '97%']  memcached=21.9%
[monitor] ['14%', '97%', '97%', '97%']  memcached=13.8%
[monitor] ['17%', '100%', '100%', '100%']  memcached=17.2%
[monitor] ['14%', '100%', '94%', '100%']  memcached=13.8%
[monitor] ['14%', '100%', '93%', '97%']  memcached=13.8%
[monitor] ['21%', '97%', '90%', '100%']  memcached=20.7%
[monitor] ['23%', '100%', '97%', '97%']  memcached=23.3%
[monitor] ['17%', '100%', '94%', '100%']  memcached=17.2%
[monitor] ['17%', '100%', '97%', '100%']  memcached=16.7%
[monitor] ['23%', '97%', '93%', '97%']  memcached=22.6%
[monitor] ['19%', '100%', '90%', '97%']  memcached=19.4%
[monitor] ['14%', '100%', '90%', '100%']  memcached=13.8%
[monitor] ['14%', '100%', '90%', '100%']  memcached=13.8%
[monitor] ['14%', '100%', '94%', '97%']  memcached=13.8%
[monitor] ['19%', '100%', '97%', '100%']  memcached=19.4%
[monitor] ['14%', '97%', '97%', '97%']  memcached=14.3%
[monitor] ['22%', '100%', '90%', '100%']  memcached=21.9%
[monitor] ['17%', '100%', '90%', '100%']  memcached=16.7%
[monitor] ['14%', '100%', '93%', '97%']  memcached=13.8%
[monitor] ['14%', '100%', '97%', '100%']  memcached=13.8%
[monitor] ['20%', '100%', '93%', '100%']  memcached=20.0%
[monitor] ['14%', '100%', '94%', '97%']  memcached=13.8%
[monitor] ['17%', '97%', '93%', '100%']  memcached=16.7%
[monitor] ['25%', '100%', '87%', '97%']  memcached=25.0%
[monitor] ['17%', '100%', '94%', '100%']  memcached=17.2%
[monitor] ['17%', '97%', '97%', '100%']  memcached=16.7%
[monitor] ['22%', '100%', '97%', '97%']  memcached=21.9%
[monitor] ['20%', '100%', '93%', '100%']  memcached=20.0%
[monitor] ['17%', '100%', '97%', '100%']  memcached=16.7%
[monitor] ['23%', '97%', '97%', '97%']  memcached=22.6%
[monitor] ['17%', '100%', '97%', '97%']  memcached=16.7%
[monitor] ['19%', '100%', '94%', '100%']  memcached=19.4%
[monitor] ['75%', '97%', '100%', '97%']  memcached=75.0%
[monitor] ['94%', '97%', '97%', '97%']  memcached=93.8%
[MEMCACHED] cores updated to: ['0', '2', '3']
[canneal] cores updated to: [1]
[monitor] ['61%', '100%', '53%', '53%']  memcached=166.1%
[monitor] ['57%', '100%', '56%', '54%']  memcached=166.6%
[monitor] ['57%', '100%', '51%', '57%']  memcached=165.3%
[monitor] ['56%', '100%', '56%', '58%']  memcached=169.0%
[monitor] ['62%', '100%', '53%', '56%']  memcached=171.0%
[monitor] ['58%', '100%', '57%', '56%']  memcached=170.2%
[monitor] ['59%', '100%', '54%', '56%']  memcached=169.3%
[monitor] ['53%', '100%', '53%', '54%']  memcached=160.2%
[monitor] ['59%', '100%', '53%', '56%']  memcached=167.8%
[monitor] ['58%', '100%', '53%', '54%']  memcached=165.6%
[monitor] ['58%', '100%', '54%', '54%']  memcached=166.9%
[monitor] ['54%', '100%', '50%', '53%']  memcached=157.2%
[monitor] ['54%', '100%', '54%', '52%']  memcached=160.1%
[monitor] ['58%', '100%', '51%', '54%']  memcached=164.0%
[monitor] ['52%', '100%', '54%', '54%']  memcached=160.1%
[monitor] ['61%', '100%', '54%', '55%']  memcached=169.4%
[monitor] ['55%', '100%', '53%', '56%']  memcached=163.0%
[monitor] ['54%', '100%', '54%', '54%']  memcached=162.9%
[monitor] ['59%', '100%', '56%', '54%']  memcached=169.3%
[monitor] ['57%', '100%', '54%', '52%']  memcached=162.9%
[monitor] ['57%', '100%', '51%', '53%']  memcached=161.0%
[monitor] ['53%', '100%', '53%', '51%']  memcached=157.3%
[monitor] ['59%', '100%', '51%', '56%']  memcached=166.4%
[monitor] ['56%', '100%', '53%', '52%']  memcached=160.0%
[monitor] ['57%', '100%', '51%', '53%']  memcached=161.3%
[monitor] ['57%', '100%', '56%', '53%']  memcached=165.3%
[monitor] ['57%', '100%', '52%', '54%']  memcached=162.9%
[monitor] ['57%', '100%', '51%', '54%']  memcached=162.5%
[monitor] ['57%', '100%', '56%', '53%']  memcached=165.6%
[monitor] ['58%', '100%', '50%', '56%']  memcached=163.9%
[monitor] ['56%', '100%', '53%', '53%']  memcached=161.3%
[monitor] ['54%', '100%', '53%', '56%']  memcached=162.8%
[monitor] ['57%', '100%', '54%', '54%']  memcached=165.7%
[monitor] ['57%', '100%', '54%', '54%']  memcached=165.1%
[monitor] ['56%', '100%', '53%', '54%']  memcached=163.1%
[monitor] ['58%', '100%', '58%', '56%']  memcached=171.8%
[monitor] ['58%', '100%', '51%', '54%']  memcached=163.6%
[monitor] ['62%', '100%', '58%', '56%']  memcached=176.4%
[monitor] ['58%', '100%', '53%', '56%']  memcached=166.2%
[monitor] ['58%', '100%', '57%', '57%']  memcached=171.8%
[monitor] ['58%', '100%', '58%', '53%']  memcached=169.6%
[monitor] ['57%', '100%', '54%', '56%']  memcached=166.4%
[monitor] ['58%', '100%', '56%', '57%']  memcached=171.0%
[monitor] ['57%', '100%', '56%', '53%']  memcached=165.6%
[monitor] ['57%', '100%', '57%', '57%']  memcached=170.3%
[monitor] ['59%', '100%', '51%', '56%']  memcached=166.4%
[monitor] ['56%', '100%', '53%', '54%']  memcached=162.6%
[monitor] ['57%', '100%', '50%', '51%']  memcached=158.2%
[monitor] ['28%', '100%', '20%', '26%']  memcached=73.9%
[MEMCACHED] cores updated to: ['0', '3']
[canneal] cores updated to: [1, 2]
[monitor] ['34%', '97%', '97%', '27%']  memcached=61.0%
[MEMCACHED] cores updated to: ['0']
[canneal] cores updated to: [3, 1, 2]
[monitor] ['48%', '100%', '97%', '97%']  memcached=48.5%
[monitor] ['52%', '97%', '100%', '93%']  memcached=51.5%
[monitor] ['50%', '97%', '97%', '97%']  memcached=50.0%
[monitor] ['47%', '100%', '93%', '97%']  memcached=47.1%
[monitor] ['45%', '100%', '97%', '100%']  memcached=45.2%
[monitor] ['48%', '100%', '93%', '97%']  memcached=48.5%
[monitor] ['45%', '97%', '100%', '97%']  memcached=45.5%
[monitor] ['52%', '97%', '100%', '97%']  memcached=51.5%
[monitor] ['53%', '97%', '97%', '97%']  memcached=52.8%
[monitor] ['48%', '100%', '97%', '90%']  memcached=48.5%
[monitor] ['50%', '100%', '100%', '100%']  memcached=50.0%
[monitor] ['50%', '97%', '97%', '97%']  memcached=50.0%
[monitor] ['50%', '97%', '97%', '97%']  memcached=50.0%
[monitor] ['47%', '100%', '97%', '100%']  memcached=46.9%
[monitor] ['48%', '100%', '97%', '97%']  memcached=48.5%
[monitor] ['51%', '100%', '94%', '100%']  memcached=51.4%
[monitor] ['48%', '100%', '97%', '100%']  memcached=48.5%
[monitor] ['48%', '97%', '97%', '97%']  memcached=48.5%
[monitor] ['51%', '100%', '97%', '97%']  memcached=51.4%
[monitor] ['48%', '93%', '100%', '93%']  memcached=48.5%
[monitor] ['53%', '97%', '100%', '97%']  memcached=53.1%
[monitor] ['47%', '100%', '94%', '100%']  memcached=47.1%
[monitor] ['48%', '100%', '97%', '97%']  memcached=48.5%
[monitor] ['45%', '100%', '97%', '97%']  memcached=45.2%
[monitor] ['52%', '97%', '97%', '100%']  memcached=51.5%
[monitor] ['39%', '15%', '17%', '100%']  memcached=38.7%
[monitor] ['41%', '100%', '0%', '0%']  memcached=40.6%
[monitor] ['43%', '100%', '3%', '3%']  memcached=42.9%
[monitor] ['37%', '100%', '0%', '0%']  memcached=36.7%
[monitor] ['37%', '100%', '3%', '3%']  memcached=36.7%
[monitor] ['41%', '100%', '0%', '0%']  memcached=40.6%
[monitor] ['42%', '100%', '3%', '3%']  memcached=42.4%
[monitor] ['39%', '100%', '0%', '0%']  memcached=39.4%
[monitor] ['41%', '100%', '7%', '3%']  memcached=40.6%
[monitor] ['39%', '100%', '3%', '0%']  memcached=38.7%
[monitor] ['38%', '100%', '3%', '0%']  memcached=37.5%
[monitor] ['41%', '100%', '3%', '3%']  memcached=40.6%
[monitor] ['41%', '3%', '0%', '97%']  memcached=40.6%
[monitor] ['42%', '7%', '7%', '100%']  memcached=41.9%
[monitor] ['48%', '30%', '41%', '30%']  memcached=48.4%
[canneal] ended.
[freqmine] started on cores: [1, 2, 3] with 3 threads.
[monitor] ['47%', '35%', '38%', '47%']  memcached=46.9%
[monitor] ['47%', '30%', '29%', '71%']  memcached=47.1%
[monitor] ['45%', '17%', '67%', '30%']  memcached=45.5%
[monitor] ['50%', '4%', '100%', '0%']  memcached=50.0%
[monitor] ['45%', '7%', '100%', '3%']  memcached=45.5%
[monitor] ['43%', '0%', '100%', '0%']  memcached=43.3%
[monitor] ['44%', '3%', '100%', '3%']  memcached=43.8%
[monitor] ['94%', '26%', '100%', '26%']  memcached=93.5%
[MEMCACHED] cores updated to: ['0', '1', '2']
[freqmine] cores updated to: [3]
[monitor] ['91%', '77%', '93%', '100%']  memcached=260.6%
[monitor] ['81%', '79%', '76%', '100%']  memcached=235.8%
[monitor] ['81%', '79%', '76%', '100%']  memcached=237.1%
[monitor] ['79%', '82%', '75%', '100%']  memcached=236.2%
[monitor] ['81%', '78%', '76%', '100%']  memcached=235.1%
[monitor] ['82%', '82%', '79%', '100%']  memcached=243.0%
[monitor] ['76%', '74%', '73%', '100%']  memcached=222.7%
[monitor] ['82%', '78%', '75%', '100%']  memcached=234.9%
[monitor] ['76%', '74%', '74%', '100%']  memcached=224.3%
[monitor] ['76%', '74%', '73%', '100%']  memcached=223.5%
[monitor] ['81%', '77%', '91%', '100%']  memcached=249.8%
[monitor] ['77%', '75%', '74%', '100%']  memcached=225.7%
[monitor] ['79%', '76%', '75%', '100%']  memcached=229.5%
[monitor] ['77%', '76%', '75%', '100%']  memcached=227.4%
[monitor] ['78%', '74%', '74%', '100%']  memcached=224.8%
[monitor] ['79%', '79%', '76%', '100%']  memcached=234.0%
[monitor] ['81%', '78%', '76%', '100%']  memcached=235.1%
[monitor] ['82%', '79%', '76%', '100%']  memcached=237.1%
[monitor] ['79%', '76%', '74%', '100%']  memcached=230.2%
[monitor] ['77%', '76%', '74%', '100%']  memcached=226.4%
[monitor] ['76%', '73%', '72%', '100%']  memcached=220.4%
[monitor] ['79%', '75%', '75%', '100%']  memcached=229.4%
[monitor] ['76%', '71%', '71%', '100%']  memcached=218.6%
[monitor] ['80%', '76%', '76%', '100%']  memcached=232.9%
[monitor] ['78%', '76%', '74%', '100%']  memcached=227.4%
[monitor] ['79%', '76%', '76%', '100%']  memcached=231.6%
[monitor] ['78%', '75%', '75%', '100%']  memcached=228.1%
[monitor] ['81%', '78%', '75%', '100%']  memcached=233.8%
[monitor] ['79%', '79%', '75%', '100%']  memcached=233.8%
[monitor] ['84%', '76%', '100%', '100%']  memcached=260.1%
[monitor] ['76%', '72%', '100%', '100%']  memcached=248.3%
[monitor] ['80%', '77%', '100%', '100%']  memcached=257.1%
[monitor] ['79%', '75%', '84%', '100%']  memcached=238.8%
[monitor] ['79%', '78%', '75%', '100%']  memcached=231.9%
[monitor] ['77%', '76%', '74%', '100%']  memcached=226.4%
[monitor] ['76%', '70%', '73%', '100%']  memcached=218.2%
[monitor] ['79%', '74%', '74%', '100%']  memcached=227.2%
[monitor] ['76%', '71%', '74%', '100%']  memcached=221.0%
[monitor] ['76%', '74%', '72%', '100%']  memcached=222.6%
[monitor] ['81%', '75%', '76%', '100%']  memcached=232.7%
[monitor] ['78%', '77%', '76%', '100%']  memcached=231.3%
[monitor] ['76%', '71%', '74%', '100%']  memcached=221.4%
[monitor] ['76%', '74%', '71%', '100%']  memcached=220.7%
[monitor] ['78%', '73%', '72%', '100%']  memcached=222.7%
[monitor] ['79%', '74%', '73%', '100%']  memcached=225.0%
[monitor] ['76%', '72%', '73%', '100%']  memcached=220.4%
[monitor] ['79%', '76%', '76%', '100%']  memcached=230.3%
[monitor] ['79%', '76%', '74%', '100%']  memcached=228.8%
[monitor] ['66%', '61%', '62%', '100%']  memcached=188.6%
[monitor] ['40%', '38%', '36%', '100%']  memcached=114.6%
[MEMCACHED] cores updated to: ['0', '2']
[freqmine] cores updated to: [1, 3]
[monitor] ['44%', '100%', '46%', '100%']  memcached=89.5%
[monitor] ['42%', '100%', '44%', '100%']  memcached=86.2%
[monitor] ['47%', '100%', '42%', '100%']  memcached=89.5%
[monitor] ['49%', '100%', '47%', '100%']  memcached=95.6%
[monitor] ['47%', '52%', '44%', '80%']  memcached=91.0%
[monitor] ['45%', '100%', '44%', '87%']  memcached=89.2%
[monitor] ['51%', '100%', '47%', '100%']  memcached=98.3%
[monitor] ['45%', '100%', '44%', '100%']  memcached=89.2%
[monitor] ['51%', '100%', '41%', '100%']  memcached=92.0%
[monitor] ['47%', '100%', '44%', '100%']  memcached=91.0%
[monitor] ['42%', '100%', '42%', '100%']  memcached=84.4%
[monitor] ['44%', '100%', '45%', '100%']  memcached=89.6%
[monitor] ['47%', '100%', '42%', '100%']  memcached=89.5%
[monitor] ['44%', '100%', '44%', '100%']  memcached=87.9%
[monitor] ['49%', '100%', '44%', '100%']  memcached=92.7%
[monitor] ['47%', '100%', '42%', '100%']  memcached=89.0%
[monitor] ['46%', '100%', '41%', '100%']  memcached=86.3%
[monitor] ['47%', '100%', '44%', '100%']  memcached=90.8%
[monitor] ['45%', '100%', '42%', '100%']  memcached=87.9%
[monitor] ['46%', '100%', '44%', '100%']  memcached=89.5%
[monitor] ['47%', '100%', '41%', '100%']  memcached=87.7%
[monitor] ['51%', '100%', '50%', '100%']  memcached=101.4%
[monitor] ['47%', '100%', '45%', '100%']  memcached=92.7%
[monitor] ['47%', '100%', '44%', '100%']  memcached=91.2%
[monitor] ['49%', '100%', '45%', '100%']  memcached=94.0%
[monitor] ['45%', '100%', '42%', '100%']  memcached=87.4%
[monitor] ['47%', '100%', '44%', '100%']  memcached=90.8%
[monitor] ['45%', '100%', '42%', '100%']  memcached=87.9%
[monitor] ['44%', '100%', '44%', '100%']  memcached=88.2%
[monitor] ['45%', '100%', '42%', '100%']  memcached=87.4%
[monitor] ['44%', '100%', '44%', '100%']  memcached=88.2%
[monitor] ['47%', '100%', '42%', '100%']  memcached=89.0%
[monitor] ['51%', '100%', '42%', '100%']  memcached=93.3%
[monitor] ['45%', '100%', '45%', '100%']  memcached=90.9%
[monitor] ['46%', '100%', '44%', '100%']  memcached=89.8%
[monitor] ['49%', '100%', '45%', '100%']  memcached=94.0%
[monitor] ['44%', '100%', '47%', '100%']  memcached=91.2%
[monitor] ['47%', '100%', '44%', '100%']  memcached=90.8%
[monitor] ['44%', '100%', '41%', '100%']  memcached=84.4%
[monitor] ['47%', '100%', '44%', '100%']  memcached=90.8%
[monitor] ['44%', '100%', '45%', '100%']  memcached=89.6%
[monitor] ['47%', '100%', '46%', '100%']  memcached=92.8%
[monitor] ['47%', '100%', '45%', '100%']  memcached=92.5%
[monitor] ['45%', '100%', '44%', '100%']  memcached=89.2%
[monitor] ['47%', '100%', '42%', '100%']  memcached=89.6%
[monitor] ['49%', '100%', '44%', '100%']  memcached=92.3%
[monitor] ['47%', '100%', '44%', '100%']  memcached=90.8%
[monitor] ['42%', '100%', '44%', '100%']  memcached=86.5%
[monitor] ['66%', '100%', '65%', '100%']  memcached=130.4%
[monitor] ['79%', '100%', '79%', '100%']  memcached=158.8%
[monitor] ['78%', '100%', '81%', '100%']  memcached=158.3%
[monitor] ['79%', '100%', '76%', '100%']  memcached=155.9%
[monitor] ['79%', '100%', '80%', '100%']  memcached=159.4%
[monitor] ['80%', '100%', '81%', '100%']  memcached=160.6%
[MEMCACHED] cores updated to: ['0', '2', '3']
[freqmine] cores updated to: [1]
[monitor] ['69%', '100%', '65%', '62%']  memcached=196.7%
[monitor] ['67%', '100%', '65%', '64%']  memcached=195.4%
[monitor] ['69%', '100%', '62%', '63%']  memcached=194.1%
[monitor] ['69%', '100%', '63%', '60%']  memcached=191.4%
[monitor] ['67%', '100%', '62%', '63%']  memcached=192.0%
[monitor] ['68%', '100%', '64%', '62%']  memcached=193.3%
[monitor] ['69%', '100%', '65%', '63%']  memcached=196.1%
[monitor] ['67%', '100%', '63%', '62%']  memcached=191.3%
[monitor] ['67%', '100%', '62%', '57%']  memcached=186.0%
[monitor] ['67%', '100%', '62%', '59%']  memcached=187.8%
[monitor] ['63%', '100%', '60%', '59%']  memcached=182.3%
[monitor] ['68%', '100%', '63%', '64%']  memcached=194.4%
[monitor] ['68%', '100%', '64%', '64%']  memcached=194.9%
[monitor] ['63%', '100%', '60%', '59%']  memcached=182.3%
[monitor] ['68%', '100%', '63%', '61%']  memcached=191.9%
[monitor] ['67%', '100%', '63%', '61%']  memcached=190.6%
[monitor] ['67%', '100%', '64%', '61%']  memcached=191.7%
[monitor] ['66%', '100%', '63%', '61%']  memcached=189.2%
[monitor] ['67%', '100%', '64%', '60%']  memcached=190.6%
[monitor] ['68%', '100%', '67%', '62%']  memcached=196.0%
[monitor] ['68%', '100%', '62%', '59%']  memcached=188.8%
[monitor] ['67%', '100%', '63%', '60%']  memcached=189.5%
[monitor] ['66%', '100%', '61%', '61%']  memcached=187.9%
[monitor] ['69%', '100%', '67%', '61%']  memcached=196.7%
[monitor] ['67%', '100%', '62%', '60%']  memcached=188.4%
[monitor] ['69%', '100%', '63%', '62%']  memcached=193.2%
[monitor] ['66%', '100%', '64%', '60%']  memcached=189.7%
[monitor] ['69%', '100%', '63%', '63%']  memcached=195.2%
[monitor] ['67%', '100%', '64%', '60%']  memcached=190.6%
[monitor] ['68%', '100%', '64%', '62%']  memcached=193.2%
[monitor] ['68%', '100%', '61%', '58%']  memcached=187.0%
[monitor] ['67%', '100%', '65%', '63%']  memcached=194.2%
[monitor] ['69%', '100%', '65%', '61%']  memcached=194.8%
[monitor] ['68%', '100%', '64%', '63%']  memcached=194.3%
[monitor] ['69%', '100%', '62%', '64%']  memcached=194.2%
[monitor] ['71%', '100%', '67%', '64%']  memcached=201.6%
[monitor] ['69%', '100%', '67%', '62%']  memcached=197.9%
[monitor] ['68%', '100%', '63%', '59%']  memcached=190.7%
[monitor] ['69%', '100%', '66%', '67%']  memcached=201.0%
[monitor] ['67%', '100%', '65%', '59%']  memcached=190.4%
[monitor] ['69%', '100%', '63%', '62%']  memcached=193.2%
[monitor] ['68%', '100%', '68%', '59%']  memcached=194.5%
[monitor] ['69%', '100%', '62%', '62%']  memcached=192.1%
[monitor] ['69%', '100%', '63%', '59%']  memcached=190.9%
[monitor] ['67%', '100%', '63%', '62%']  memcached=191.3%
[monitor] ['66%', '100%', '64%', '61%']  memcached=190.7%
[monitor] ['67%', '100%', '65%', '61%']  memcached=192.6%
[monitor] ['68%', '100%', '63%', '61%']  memcached=191.9%
[monitor] ['69%', '100%', '64%', '63%']  memcached=196.2%
[monitor] ['68%', '100%', '63%', '60%']  memcached=190.4%
[monitor] ['66%', '100%', '65%', '59%']  memcached=189.4%
[monitor] ['70%', '100%', '65%', '62%']  memcached=196.7%
[monitor] ['68%', '100%', '62%', '63%']  memcached=192.3%
[monitor] ['68%', '100%', '62%', '61%']  memcached=190.8%
[monitor] ['69%', '100%', '64%', '62%']  memcached=194.0%
[monitor] ['69%', '100%', '68%', '64%']  memcached=200.6%
[monitor] ['69%', '100%', '63%', '65%']  memcached=197.0%
[monitor] ['67%', '100%', '64%', '61%']  memcached=191.7%
[monitor] ['69%', '100%', '63%', '63%']  memcached=194.3%
[monitor] ['67%', '100%', '65%', '61%']  memcached=192.6%
[monitor] ['68%', '100%', '63%', '62%']  memcached=192.2%
[monitor] ['67%', '100%', '66%', '63%']  memcached=195.3%
[monitor] ['70%', '100%', '65%', '60%']  memcached=195.0%
[monitor] ['68%', '100%', '64%', '63%']  memcached=194.6%
[monitor] ['69%', '100%', '64%', '66%']  memcached=199.0%
[monitor] ['69%', '100%', '67%', '63%']  memcached=198.1%
[monitor] ['69%', '100%', '65%', '61%']  memcached=194.9%
[monitor] ['69%', '100%', '67%', '62%']  memcached=197.0%
[monitor] ['72%', '100%', '65%', '64%']  memcached=201.0%
[monitor] ['68%', '100%', '67%', '64%']  memcached=199.0%
[monitor] ['68%', '100%', '65%', '65%']  memcached=198.2%
[monitor] ['69%', '100%', '67%', '62%']  memcached=197.9%
[monitor] ['71%', '100%', '65%', '62%']  memcached=197.7%
[monitor] ['69%', '100%', '65%', '65%']  memcached=199.0%
[monitor] ['67%', '100%', '65%', '62%']  memcached=193.3%
[monitor] ['69%', '100%', '65%', '61%']  memcached=194.5%
[monitor] ['68%', '100%', '63%', '60%']  memcached=190.4%
[monitor] ['69%', '100%', '64%', '63%']  memcached=195.1%
[monitor] ['69%', '100%', '65%', '62%']  memcached=195.0%
[monitor] ['67%', '100%', '65%', '62%']  memcached=193.3%
[monitor] ['67%', '100%', '62%', '64%']  memcached=192.3%
[monitor] ['67%', '100%', '61%', '58%']  memcached=185.4%
[monitor] ['68%', '100%', '62%', '61%']  memcached=190.4%
[monitor] ['67%', '100%', '64%', '63%']  memcached=193.4%
[monitor] ['68%', '100%', '66%', '64%']  memcached=197.2%
[monitor] ['69%', '100%', '65%', '64%']  memcached=197.3%
[monitor] ['71%', '100%', '66%', '65%']  memcached=202.0%
[monitor] ['66%', '100%', '65%', '63%']  memcached=193.3%
[monitor] ['68%', '100%', '64%', '64%']  memcached=195.4%
[monitor] ['70%', '100%', '66%', '63%']  memcached=198.8%
[monitor] ['70%', '100%', '63%', '64%']  memcached=197.0%
[monitor] ['66%', '100%', '65%', '64%']  memcached=194.3%
[monitor] ['69%', '100%', '62%', '61%']  memcached=191.8%
[monitor] ['68%', '100%', '64%', '62%']  memcached=193.0%
[monitor] ['58%', '100%', '53%', '50%']  memcached=160.7%
[monitor] ['56%', '100%', '48%', '54%']  memcached=158.1%
[monitor] ['55%', '100%', '53%', '49%']  memcached=156.6%
[monitor] ['57%', '100%', '51%', '53%']  memcached=161.0%
[monitor] ['54%', '100%', '50%', '50%']  memcached=154.1%
[monitor] ['56%', '100%', '51%', '50%']  memcached=156.9%
[monitor] ['56%', '100%', '54%', '52%']  memcached=161.4%
[monitor] ['58%', '100%', '51%', '49%']  memcached=157.8%
[monitor] ['54%', '100%', '51%', '50%']  memcached=155.5%
[monitor] ['57%', '100%', '50%', '51%']  memcached=158.1%
[monitor] ['57%', '100%', '51%', '47%']  memcached=155.2%
[monitor] ['58%', '100%', '54%', '54%']  memcached=166.0%
[monitor] ['56%', '100%', '50%', '50%']  memcached=156.4%
[monitor] ['57%', '100%', '53%', '53%']  memcached=162.3%
[monitor] ['56%', '100%', '53%', '51%']  memcached=159.8%
[monitor] ['58%', '100%', '53%', '49%']  memcached=159.2%
[monitor] ['54%', '100%', '51%', '51%']  memcached=156.8%
[monitor] ['57%', '100%', '50%', '50%']  memcached=156.8%
[monitor] ['54%', '100%', '54%', '50%']  memcached=158.1%
[monitor] ['56%', '100%', '48%', '49%']  memcached=152.6%
[monitor] ['53%', '100%', '53%', '50%']  memcached=155.4%
[monitor] ['54%', '100%', '51%', '49%']  memcached=154.0%
[monitor] ['58%', '100%', '53%', '50%']  memcached=160.7%
[monitor] ['56%', '100%', '53%', '49%']  memcached=156.9%
[monitor] ['54%', '100%', '54%', '51%']  memcached=159.5%
[monitor] ['57%', '100%', '49%', '47%']  memcached=153.1%
[monitor] ['56%', '100%', '54%', '51%']  memcached=160.8%
[monitor] ['55%', '100%', '51%', '47%']  memcached=153.8%
[monitor] ['56%', '100%', '54%', '53%']  memcached=162.2%
[monitor] ['54%', '100%', '53%', '48%']  memcached=155.3%
[monitor] ['59%', '100%', '53%', '53%']  memcached=164.4%
[monitor] ['54%', '100%', '48%', '50%']  memcached=152.5%
[monitor] ['57%', '100%', '53%', '51%']  memcached=160.9%
[monitor] ['54%', '100%', '51%', '53%']  memcached=158.3%
[monitor] ['56%', '100%', '54%', '50%']  memcached=159.6%
[monitor] ['57%', '100%', '50%', '51%']  memcached=158.2%
[monitor] ['54%', '100%', '50%', '51%']  memcached=155.4%
[monitor] ['54%', '100%', '53%', '53%']  memcached=160.0%
[monitor] ['58%', '100%', '51%', '51%']  memcached=160.8%
[monitor] ['56%', '100%', '54%', '50%']  memcached=159.6%
[monitor] ['57%', '100%', '52%', '51%']  memcached=159.7%
[monitor] ['58%', '100%', '53%', '51%']  memcached=162.5%
[monitor] ['58%', '100%', '50%', '53%']  memcached=160.7%
[monitor] ['54%', '100%', '49%', '50%']  memcached=152.6%
[monitor] ['58%', '100%', '55%', '50%']  memcached=163.2%
[monitor] ['54%', '100%', '51%', '50%']  memcached=155.5%
[monitor] ['55%', '100%', '54%', '47%']  memcached=156.4%
[monitor] ['54%', '100%', '47%', '54%']  memcached=155.4%
[monitor] ['55%', '100%', '53%', '50%']  memcached=158.0%
[monitor] ['58%', '100%', '53%', '50%']  memcached=160.7%
[monitor] ['61%', '100%', '59%', '57%']  memcached=177.7%
[monitor] ['61%', '100%', '58%', '57%']  memcached=176.0%
[monitor] ['59%', '100%', '56%', '56%']  memcached=169.9%
[monitor] ['58%', '100%', '58%', '53%']  memcached=169.0%
[monitor] ['59%', '100%', '56%', '57%']  memcached=172.5%
[monitor] ['58%', '100%', '54%', '56%']  memcached=168.2%
[monitor] ['62%', '100%', '58%', '57%']  memcached=177.3%
[monitor] ['59%', '100%', '56%', '57%']  memcached=171.8%
[monitor] ['61%', '100%', '57%', '55%']  memcached=172.8%
[monitor] ['62%', '100%', '53%', '54%']  memcached=169.4%
[monitor] ['61%', '100%', '54%', '54%']  memcached=169.1%
[monitor] ['60%', '100%', '58%', '53%']  memcached=171.3%
[monitor] ['59%', '100%', '57%', '53%']  memcached=169.2%
[monitor] ['61%', '100%', '54%', '56%']  memcached=171.3%
[monitor] ['61%', '100%', '57%', '54%']  memcached=172.5%
[monitor] ['61%', '100%', '57%', '54%']  memcached=172.0%
[monitor] ['57%', '100%', '54%', '57%']  memcached=168.6%
[monitor] ['61%', '100%', '57%', '56%']  memcached=173.4%
[monitor] ['57%', '100%', '52%', '52%']  memcached=160.2%
[monitor] ['58%', '100%', '58%', '53%']  memcached=169.6%
[monitor] ['62%', '100%', '56%', '57%']  memcached=174.9%
[monitor] ['58%', '100%', '56%', '56%']  memcached=169.8%
[monitor] ['62%', '100%', '58%', '56%']  memcached=175.0%
[monitor] ['63%', '100%', '58%', '58%']  memcached=179.5%
[monitor] ['62%', '100%', '58%', '58%']  memcached=178.8%
[monitor] ['61%', '100%', '56%', '56%']  memcached=171.6%
[monitor] ['59%', '100%', '57%', '52%']  memcached=167.5%
[monitor] ['62%', '100%', '59%', '59%']  memcached=180.5%
[monitor] ['62%', '100%', '56%', '56%']  memcached=173.3%
[monitor] ['61%', '100%', '57%', '54%']  memcached=171.6%
[monitor] ['61%', '100%', '58%', '57%']  memcached=176.2%
[monitor] ['61%', '100%', '58%', '53%']  memcached=171.4%
[monitor] ['58%', '100%', '56%', '57%']  memcached=171.0%
[monitor] ['61%', '100%', '58%', '57%']  memcached=176.1%
[monitor] ['62%', '100%', '57%', '57%']  memcached=176.4%
[monitor] ['59%', '100%', '53%', '54%']  memcached=166.7%
[monitor] ['62%', '100%', '58%', '56%']  memcached=176.1%
[monitor] ['59%', '100%', '57%', '56%']  memcached=172.1%
[monitor] ['58%', '100%', '56%', '54%']  memcached=167.7%
[monitor] ['61%', '100%', '58%', '58%']  memcached=177.8%
[monitor] ['61%', '100%', '53%', '54%']  memcached=167.8%
[monitor] ['58%', '100%', '57%', '53%']  memcached=168.0%
[monitor] ['61%', '100%', '51%', '54%']  memcached=166.0%
[monitor] ['59%', '100%', '56%', '52%']  memcached=166.5%
[monitor] ['58%', '100%', '58%', '57%']  memcached=173.4%
[monitor] ['63%', '100%', '56%', '54%']  memcached=173.0%
[monitor] ['59%', '100%', '58%', '56%']  memcached=173.3%
[monitor] ['63%', '100%', '58%', '58%']  memcached=179.5%
[monitor] ['61%', '100%', '53%', '56%']  memcached=169.6%
[monitor] ['55%', '100%', '51%', '53%']  memcached=159.5%
[monitor] ['42%', '100%', '42%', '35%']  memcached=118.6%
[MEMCACHED] cores updated to: ['0', '3']
[freqmine] cores updated to: [1, 2]
[monitor] ['50%', '100%', '100%', '50%']  memcached=100.0%
[monitor] ['47%', '100%', '100%', '47%']  memcached=94.1%
[monitor] ['49%', '100%', '100%', '44%']  memcached=92.7%
[monitor] ['53%', '100%', '100%', '50%']  memcached=102.8%
[monitor] ['49%', '100%', '100%', '47%']  memcached=95.6%
[monitor] ['51%', '100%', '100%', '47%']  memcached=98.3%
[monitor] ['47%', '100%', '100%', '47%']  memcached=94.1%
[monitor] ['51%', '100%', '100%', '42%']  memcached=93.8%
[monitor] ['47%', '100%', '100%', '45%']  memcached=92.5%
[monitor] ['49%', '100%', '100%', '49%']  memcached=97.1%
[monitor] ['50%', '100%', '100%', '45%']  memcached=95.5%
[monitor] ['50%', '100%', '100%', '44%']  memcached=93.8%
[monitor] ['51%', '100%', '100%', '45%']  memcached=96.8%
[monitor] ['49%', '100%', '100%', '46%']  memcached=94.3%
[monitor] ['50%', '100%', '100%', '45%']  memcached=95.5%
[monitor] ['49%', '100%', '100%', '47%']  memcached=95.6%
[monitor] ['51%', '100%', '100%', '47%']  memcached=98.5%
[monitor] ['50%', '100%', '100%', '49%']  memcached=98.6%
[monitor] ['49%', '100%', '100%', '47%']  memcached=95.7%
[monitor] ['47%', '100%', '100%', '47%']  memcached=94.1%
[monitor] ['50%', '100%', '100%', '47%']  memcached=97.1%
[monitor] ['54%', '100%', '100%', '48%']  memcached=102.5%
[monitor] ['53%', '100%', '100%', '53%']  memcached=105.6%
[monitor] ['56%', '100%', '100%', '45%']  memcached=101.0%
[monitor] ['55%', '100%', '100%', '48%']  memcached=103.7%
[monitor] ['54%', '100%', '100%', '50%']  memcached=104.1%
[monitor] ['53%', '100%', '100%', '53%']  memcached=105.7%
[monitor] ['51%', '100%', '100%', '47%']  memcached=98.3%
[monitor] ['53%', '100%', '100%', '51%']  memcached=104.2%
[monitor] ['53%', '100%', '100%', '49%']  memcached=101.2%
[monitor] ['47%', '100%', '100%', '45%']  memcached=92.5%
[monitor] ['50%', '100%', '100%', '44%']  memcached=94.1%
[monitor] ['47%', '100%', '100%', '44%']  memcached=90.8%
[monitor] ['53%', '100%', '100%', '44%']  memcached=96.4%
[monitor] ['50%', '100%', '100%', '47%']  memcached=97.1%
[monitor] ['51%', '100%', '100%', '48%']  memcached=99.9%
[monitor] ['50%', '100%', '100%', '47%']  memcached=97.1%
[monitor] ['49%', '100%', '100%', '48%']  memcached=97.1%
[monitor] ['54%', '100%', '100%', '50%']  memcached=104.1%
[monitor] ['60%', '100%', '100%', '54%']  memcached=114.3%
[monitor] ['51%', '100%', '100%', '51%']  memcached=102.9%
[monitor] ['49%', '100%', '100%', '47%']  memcached=95.6%
[monitor] ['51%', '100%', '100%', '49%']  memcached=100.0%
[monitor] ['49%', '100%', '100%', '44%']  memcached=92.3%
[monitor] ['50%', '100%', '100%', '45%']  memcached=95.5%
[monitor] ['49%', '100%', '100%', '42%']  memcached=91.1%
[monitor] ['47%', '100%', '100%', '47%']  memcached=94.1%
[monitor] ['50%', '100%', '100%', '46%']  memcached=95.7%
[monitor] ['63%', '100%', '100%', '61%']  memcached=123.5%
[monitor] ['71%', '100%', '100%', '86%']  memcached=156.7%
[monitor] ['76%', '100%', '100%', '74%']  memcached=150.8%
[monitor] ['70%', '100%', '100%', '86%']  memcached=155.4%
[monitor] ['71%', '100%', '100%', '82%']  memcached=152.9%
[monitor] ['72%', '100%', '100%', '82%']  memcached=153.7%
[monitor] ['71%', '100%', '100%', '81%']  memcached=152.5%
[monitor] ['70%', '100%', '100%', '82%']  memcached=152.0%
[monitor] ['71%', '100%', '100%', '83%']  memcached=153.9%
[monitor] ['72%', '100%', '100%', '82%']  memcached=154.2%
[monitor] ['71%', '100%', '100%', '83%']  memcached=153.4%
[monitor] ['74%', '100%', '100%', '86%']  memcached=159.2%
[monitor] ['82%', '100%', '100%', '88%']  memcached=169.9%
[MEMCACHED] cores updated to: ['0', '1', '3']
[freqmine] cores updated to: [2]
[monitor] ['68%', '66%', '100%', '62%']  memcached=195.1%
[monitor] ['68%', '68%', '100%', '64%']  memcached=198.9%
[monitor] ['69%', '68%', '100%', '65%']  memcached=201.0%
[monitor] ['69%', '67%', '100%', '64%']  memcached=199.7%
[monitor] ['69%', '69%', '100%', '64%']  memcached=201.0%
[monitor] ['69%', '68%', '100%', '65%']  memcached=200.8%
[monitor] ['68%', '65%', '100%', '66%']  memcached=198.1%
[monitor] ['69%', '67%', '100%', '61%']  memcached=196.7%
[monitor] ['70%', '69%', '100%', '66%']  memcached=204.0%
[monitor] ['69%', '68%', '100%', '65%']  memcached=201.8%
[monitor] ['66%', '66%', '100%', '63%']  memcached=194.3%
[monitor] ['68%', '66%', '100%', '62%']  memcached=195.1%
[monitor] ['69%', '69%', '100%', '63%']  memcached=200.0%
[monitor] ['67%', '66%', '100%', '61%']  memcached=193.0%
[monitor] ['71%', '66%', '100%', '65%']  memcached=201.0%
[monitor] ['67%', '66%', '100%', '63%']  memcached=195.2%
[monitor] ['68%', '65%', '100%', '59%']  memcached=191.2%
[monitor] ['69%', '67%', '100%', '66%']  memcached=201.0%
[monitor] ['68%', '69%', '100%', '62%']  memcached=198.7%
[monitor] ['68%', '67%', '100%', '64%']  memcached=198.2%
[monitor] ['69%', '67%', '100%', '67%']  memcached=202.8%
[monitor] ['69%', '67%', '100%', '63%']  memcached=198.1%
[monitor] ['69%', '67%', '100%', '62%']  memcached=197.7%
[monitor] ['68%', '66%', '100%', '63%']  memcached=197.0%
[monitor] ['66%', '68%', '100%', '64%']  memcached=197.3%
[monitor] ['69%', '67%', '100%', '62%']  memcached=197.9%
[monitor] ['71%', '67%', '100%', '65%']  memcached=202.0%
[monitor] ['66%', '69%', '100%', '63%']  memcached=197.1%
[monitor] ['69%', '68%', '100%', '66%']  memcached=201.9%
[monitor] ['71%', '69%', '100%', '65%']  memcached=204.7%
[monitor] ['70%', '69%', '100%', '65%']  memcached=203.5%
[monitor] ['71%', '69%', '100%', '66%']  memcached=205.7%
[monitor] ['67%', '64%', '100%', '63%']  memcached=193.2%
[monitor] ['68%', '66%', '100%', '64%']  memcached=197.3%
[monitor] ['66%', '65%', '100%', '63%']  memcached=193.3%
[monitor] ['71%', '68%', '100%', '65%']  memcached=202.9%
[monitor] ['70%', '67%', '100%', '62%']  memcached=199.4%
[monitor] ['53%', '51%', '100%', '47%']  memcached=151.3%
[monitor] ['47%', '49%', '100%', '46%']  memcached=141.6%
[monitor] ['51%', '46%', '100%', '43%']  memcached=139.9%
[MEMCACHED] cores updated to: ['0', '3']
[freqmine] cores updated to: [1, 2]
[monitor] ['58%', '100%', '100%', '58%']  memcached=116.7%
[monitor] ['57%', '100%', '100%', '58%']  memcached=115.5%
[monitor] ['58%', '100%', '100%', '54%']  memcached=112.6%
[monitor] ['51%', '100%', '100%', '50%']  memcached=101.4%
[monitor] ['58%', '100%', '100%', '53%']  memcached=111.3%
[monitor] ['54%', '100%', '100%', '54%']  memcached=108.6%
[monitor] ['54%', '100%', '100%', '48%']  memcached=102.8%
[monitor] ['53%', '100%', '100%', '53%']  memcached=105.6%
[monitor] ['58%', '100%', '100%', '54%']  memcached=112.6%
[monitor] ['54%', '100%', '100%', '51%']  memcached=105.5%
[monitor] ['56%', '100%', '100%', '53%']  memcached=108.5%
[monitor] ['57%', '100%', '100%', '50%']  memcached=106.8%
[monitor] ['54%', '100%', '100%', '54%']  memcached=108.3%
[monitor] ['53%', '100%', '100%', '51%']  memcached=104.4%
[monitor] ['57%', '100%', '100%', '48%']  memcached=105.2%
[monitor] ['56%', '100%', '100%', '54%']  memcached=109.8%
[monitor] ['58%', '100%', '100%', '51%']  memcached=109.3%
[monitor] ['54%', '100%', '100%', '50%']  memcached=104.3%
[monitor] ['54%', '100%', '100%', '51%']  memcached=105.7%
[monitor] ['50%', '100%', '100%', '48%']  memcached=98.4%
[monitor] ['58%', '100%', '100%', '58%']  memcached=116.7%
[monitor] ['61%', '100%', '100%', '52%']  memcached=112.0%
[monitor] ['53%', '100%', '100%', '53%']  memcached=105.7%
[monitor] ['54%', '100%', '100%', '50%']  memcached=104.3%
[monitor] ['54%', '100%', '100%', '54%']  memcached=108.3%
[monitor] ['56%', '100%', '100%', '54%']  memcached=109.6%
[monitor] ['56%', '100%', '100%', '50%']  memcached=105.6%
[monitor] ['56%', '100%', '100%', '52%']  memcached=107.1%
[monitor] ['61%', '100%', '100%', '56%']  memcached=117.0%
[monitor] ['58%', '100%', '100%', '56%']  memcached=114.2%
[monitor] ['61%', '100%', '100%', '53%']  memcached=113.5%
[monitor] ['54%', '100%', '100%', '50%']  memcached=104.3%
[monitor] ['54%', '100%', '100%', '52%']  memcached=105.8%
[monitor] ['54%', '100%', '100%', '51%']  memcached=105.5%
[monitor] ['56%', '100%', '100%', '53%']  memcached=108.8%
[monitor] ['53%', '100%', '100%', '50%']  memcached=102.9%
[monitor] ['54%', '100%', '100%', '50%']  memcached=104.3%
[monitor] ['58%', '100%', '100%', '57%']  memcached=115.5%
[monitor] ['58%', '100%', '100%', '56%']  memcached=114.2%
[monitor] ['57%', '100%', '100%', '53%']  memcached=110.1%
[monitor] ['53%', '100%', '100%', '53%']  memcached=105.6%
[monitor] ['54%', '100%', '100%', '53%']  memcached=107.2%
[monitor] ['56%', '100%', '100%', '47%']  memcached=102.8%
[monitor] ['54%', '100%', '100%', '53%']  memcached=107.2%
[monitor] ['56%', '100%', '100%', '51%']  memcached=107.0%
[monitor] ['54%', '100%', '100%', '52%']  memcached=105.8%
[monitor] ['55%', '100%', '100%', '53%']  memcached=108.0%
[monitor] ['64%', '100%', '100%', '61%']  memcached=125.0%
[monitor] ['63%', '100%', '100%', '59%']  memcached=121.7%
[monitor] ['63%', '100%', '100%', '61%']  memcached=124.3%
[monitor] ['63%', '100%', '100%', '58%']  memcached=121.2%
[monitor] ['64%', '100%', '100%', '58%']  memcached=121.5%
[monitor] ['64%', '100%', '100%', '61%']  memcached=125.0%
[monitor] ['60%', '100%', '100%', '59%']  memcached=118.8%
[monitor] ['63%', '100%', '100%', '61%']  memcached=124.0%
[monitor] ['65%', '100%', '100%', '61%']  memcached=126.0%
[monitor] ['59%', '100%', '100%', '59%']  memcached=118.3%
[monitor] ['66%', '100%', '100%', '58%']  memcached=123.4%
[monitor] ['64%', '100%', '100%', '59%']  memcached=122.7%
[monitor] ['63%', '100%', '100%', '59%']  memcached=121.7%
[monitor] ['62%', '100%', '100%', '61%']  memcached=122.7%
[monitor] ['65%', '100%', '100%', '61%']  memcached=126.0%
[monitor] ['60%', '100%', '100%', '61%']  memcached=121.1%
[monitor] ['63%', '100%', '100%', '59%']  memcached=121.7%
[monitor] ['63%', '100%', '100%', '61%']  memcached=124.3%
[monitor] ['64%', '100%', '100%', '57%']  memcached=121.0%
[monitor] ['64%', '100%', '100%', '61%']  memcached=125.0%
[monitor] ['61%', '100%', '100%', '59%']  memcached=119.9%
[monitor] ['64%', '100%', '100%', '59%']  memcached=122.7%
[monitor] ['62%', '100%', '100%', '62%']  memcached=124.3%
[monitor] ['63%', '100%', '100%', '59%']  memcached=121.7%
[monitor] ['65%', '100%', '100%', '62%']  memcached=127.0%
[monitor] ['62%', '100%', '100%', '59%']  memcached=121.0%
[monitor] ['64%', '100%', '100%', '59%']  memcached=122.7%
[monitor] ['63%', '100%', '100%', '63%']  memcached=125.7%
[monitor] ['63%', '100%', '100%', '60%']  memcached=123.2%
[monitor] ['65%', '100%', '100%', '56%']  memcached=120.7%
[monitor] ['64%', '100%', '100%', '61%']  memcached=125.0%
[monitor] ['62%', '100%', '100%', '60%']  memcached=122.2%
[monitor] ['61%', '100%', '100%', '57%']  memcached=118.3%
[monitor] ['64%', '100%', '100%', '63%']  memcached=126.7%
[monitor] ['66%', '100%', '100%', '62%']  memcached=127.5%
[monitor] ['69%', '100%', '100%', '66%']  memcached=135.2%
[monitor] ['66%', '100%', '100%', '66%']  memcached=131.4%
[monitor] ['61%', '100%', '100%', '59%']  memcached=119.9%
[monitor] ['63%', '100%', '100%', '59%']  memcached=121.7%
[monitor] ['62%', '100%', '100%', '60%']  memcached=122.2%
[monitor] ['68%', '100%', '100%', '59%']  memcached=126.4%
[monitor] ['63%', '100%', '100%', '61%']  memcached=124.0%
[monitor] ['62%', '100%', '100%', '61%']  memcached=123.3%
[monitor] ['64%', '100%', '100%', '58%']  memcached=121.5%
[monitor] ['62%', '100%', '100%', '60%']  memcached=122.2%
[monitor] ['62%', '100%', '100%', '60%']  memcached=122.2%
[monitor] ['64%', '100%', '100%', '61%']  memcached=125.0%
[monitor] ['61%', '100%', '100%', '61%']  memcached=122.2%
[monitor] ['65%', '100%', '100%', '61%']  memcached=125.3%
[monitor] ['64%', '100%', '100%', '61%']  memcached=125.0%
[monitor] ['51%', '100%', '100%', '53%']  memcached=104.2%
[monitor] ['54%', '100%', '100%', '53%']  memcached=106.8%
[monitor] ['51%', '100%', '100%', '50%']  memcached=101.4%
[monitor] ['51%', '100%', '100%', '47%']  memcached=98.5%
[monitor] ['51%', '100%', '100%', '45%']  memcached=96.8%
[monitor] ['50%', '100%', '100%', '47%']  memcached=97.1%
[monitor] ['48%', '100%', '100%', '47%']  memcached=95.5%
[monitor] ['54%', '100%', '100%', '47%']  memcached=101.1%
[monitor] ['51%', '100%', '100%', '47%']  memcached=98.5%
[monitor] ['50%', '100%', '100%', '47%']  memcached=97.1%
[monitor] ['49%', '100%', '100%', '49%']  memcached=97.1%
[monitor] ['51%', '100%', '100%', '45%']  memcached=96.9%
[monitor] ['50%', '100%', '100%', '50%']  memcached=100.0%
[monitor] ['50%', '100%', '100%', '47%']  memcached=97.1%
[monitor] ['53%', '100%', '100%', '47%']  memcached=99.8%
[monitor] ['51%', '100%', '100%', '50%']  memcached=101.4%
[monitor] ['51%', '100%', '100%', '45%']  memcached=96.9%
[monitor] ['51%', '100%', '100%', '45%']  memcached=96.8%
[monitor] ['50%', '100%', '100%', '47%']  memcached=97.1%
[monitor] ['50%', '100%', '100%', '47%']  memcached=97.1%
[monitor] ['49%', '100%', '100%', '47%']  memcached=95.6%
[monitor] ['53%', '100%', '100%', '49%']  memcached=101.3%
[monitor] ['45%', '100%', '100%', '42%']  memcached=87.4%
[monitor] ['49%', '100%', '100%', '50%']  memcached=98.6%
[monitor] ['51%', '100%', '100%', '45%']  memcached=96.9%
[monitor] ['49%', '100%', '100%', '47%']  memcached=95.6%
[monitor] ['53%', '100%', '100%', '50%']  memcached=102.8%
[monitor] ['50%', '100%', '100%', '49%']  memcached=98.6%
[monitor] ['50%', '100%', '100%', '47%']  memcached=97.1%
[monitor] ['47%', '100%', '100%', '45%']  memcached=92.5%
[monitor] ['50%', '100%', '100%', '47%']  memcached=97.1%
[monitor] ['49%', '100%', '100%', '47%']  memcached=95.6%
[monitor] ['50%', '100%', '100%', '49%']  memcached=98.6%
[monitor] ['56%', '100%', '100%', '51%']  memcached=107.0%
[monitor] ['53%', '100%', '100%', '52%']  memcached=104.3%
[monitor] ['56%', '100%', '100%', '53%']  memcached=108.3%
[monitor] ['56%', '100%', '100%', '50%']  memcached=105.6%
[monitor] ['54%', '100%', '100%', '50%']  memcached=104.1%
[monitor] ['50%', '100%', '100%', '49%']  memcached=98.6%
[monitor] ['51%', '100%', '100%', '45%']  memcached=96.9%
[monitor] ['57%', '100%', '100%', '50%']  memcached=106.8%
[monitor] ['53%', '100%', '100%', '51%']  memcached=104.4%
[monitor] ['51%', '100%', '100%', '51%']  memcached=102.8%
[monitor] ['51%', '100%', '100%', '45%']  memcached=96.9%
[monitor] ['51%', '100%', '100%', '47%']  memcached=98.5%
[monitor] ['51%', '100%', '100%', '47%']  memcached=98.4%
[monitor] ['53%', '100%', '100%', '48%']  memcached=101.3%
[monitor] ['51%', '100%', '100%', '46%']  memcached=97.1%
[monitor] ['48%', '100%', '100%', '47%']  memcached=95.4%
[monitor] ['43%', '100%', '100%', '41%']  memcached=84.0%
[monitor] ['30%', '100%', '100%', '21%']  memcached=51.0%
[MEMCACHED] cores updated to: ['0']
[freqmine] cores updated to: [3, 1, 2]
[monitor] ['39%', '100%', '100%', '100%']  memcached=38.7%
[monitor] ['39%', '100%', '100%', '100%']  memcached=39.4%
[monitor] ['33%', '100%', '100%', '100%']  memcached=33.3%
[monitor] ['38%', '100%', '100%', '100%']  memcached=37.5%
[monitor] ['39%', '100%', '100%', '100%']  memcached=39.4%
[monitor] ['38%', '100%', '100%', '100%']  memcached=37.5%
[monitor] ['35%', '100%', '100%', '100%']  memcached=35.5%
[monitor] ['39%', '100%', '100%', '100%']  memcached=39.4%
[monitor] ['35%', '100%', '100%', '100%']  memcached=35.5%
[monitor] ['41%', '100%', '100%', '100%']  memcached=40.6%
[monitor] ['39%', '100%', '100%', '100%']  memcached=39.4%
[monitor] ['38%', '100%', '100%', '100%']  memcached=37.5%
[monitor] ['39%', '100%', '100%', '100%']  memcached=39.4%
[monitor] ['35%', '100%', '100%', '100%']  memcached=35.5%
[monitor] ['38%', '100%', '100%', '100%']  memcached=37.5%
[monitor] ['33%', '100%', '100%', '100%']  memcached=33.3%
[monitor] ['31%', '100%', '100%', '100%']  memcached=31.0%
[monitor] ['35%', '100%', '100%', '100%']  memcached=35.5%
[monitor] ['39%', '100%', '100%', '100%']  memcached=39.4%
[monitor] ['34%', '100%', '100%', '100%']  memcached=34.5%
[monitor] ['35%', '100%', '100%', '100%']  memcached=35.5%
[monitor] ['35%', '100%', '100%', '100%']  memcached=35.5%
[monitor] ['41%', '100%', '100%', '100%']  memcached=40.6%
[monitor] ['37%', '100%', '100%', '100%']  memcached=36.7%
[monitor] ['35%', '100%', '100%', '100%']  memcached=35.5%
[monitor] ['39%', '100%', '100%', '100%']  memcached=39.4%
[monitor] ['37%', '100%', '100%', '100%']  memcached=36.7%
[monitor] ['37%', '100%', '100%', '100%']  memcached=36.7%
[monitor] ['41%', '100%', '100%', '100%']  memcached=40.6%
[monitor] ['38%', '100%', '100%', '100%']  memcached=37.5%
[monitor] ['33%', '100%', '100%', '100%']  memcached=33.3%
[monitor] ['35%', '100%', '100%', '100%']  memcached=35.5%
[monitor] ['38%', '100%', '100%', '100%']  memcached=37.5%
[monitor] ['39%', '100%', '100%', '100%']  memcached=39.4%
[monitor] ['38%', '100%', '100%', '100%']  memcached=37.5%
[monitor] ['37%', '100%', '100%', '100%']  memcached=36.7%
[monitor] ['35%', '100%', '100%', '100%']  memcached=35.5%
[monitor] ['39%', '100%', '100%', '100%']  memcached=39.4%
[monitor] ['35%', '100%', '100%', '100%']  memcached=35.5%
[monitor] ['42%', '100%', '100%', '100%']  memcached=41.9%
[monitor] ['38%', '100%', '100%', '100%']  memcached=37.5%
[monitor] ['35%', '100%', '100%', '100%']  memcached=35.5%
[monitor] ['35%', '100%', '100%', '100%']  memcached=35.5%
[monitor] ['38%', '100%', '100%', '100%']  memcached=37.5%
[monitor] ['37%', '100%', '100%', '100%']  memcached=36.7%
[monitor] ['39%', '100%', '100%', '100%']  memcached=39.4%
[monitor] ['33%', '100%', '100%', '100%']  memcached=33.3%
[monitor] ['39%', '100%', '100%', '100%']  memcached=38.7%
[monitor] ['69%', '100%', '100%', '100%']  memcached=68.8%
[monitor] ['100%', '100%', '100%', '100%']  memcached=100.0%
[MEMCACHED] cores updated to: ['0', '2', '3']
[freqmine] cores updated to: [1]
[monitor] ['79%', '100%', '74%', '65%']  memcached=217.6%
[monitor] ['71%', '100%', '68%', '64%']  memcached=202.6%
[monitor] ['71%', '100%', '66%', '66%']  memcached=202.0%
[monitor] ['71%', '100%', '67%', '65%']  memcached=202.0%
[monitor] ['71%', '100%', '68%', '63%']  memcached=201.5%
[monitor] ['72%', '100%', '66%', '67%']  memcached=204.5%
[monitor] ['72%', '100%', '69%', '70%']  memcached=210.1%
[monitor] ['71%', '100%', '65%', '65%']  memcached=200.0%
[monitor] ['68%', '100%', '68%', '65%']  memcached=200.0%
[monitor] ['71%', '100%', '65%', '64%']  memcached=198.9%
[monitor] ['71%', '100%', '69%', '65%']  memcached=204.7%
[monitor] ['71%', '100%', '67%', '67%']  memcached=203.9%
[monitor] ['71%', '100%', '66%', '66%']  memcached=202.9%
[monitor] ['72%', '100%', '69%', '67%']  memcached=207.5%
[monitor] ['71%', '100%', '68%', '66%']  memcached=204.8%
[monitor] ['72%', '100%', '67%', '66%']  memcached=204.6%
[monitor] ['69%', '100%', '65%', '63%']  memcached=197.0%
[monitor] ['71%', '100%', '67%', '62%']  memcached=199.0%
[monitor] ['71%', '100%', '66%', '65%']  memcached=201.8%
[monitor] ['70%', '100%', '68%', '65%']  memcached=202.0%
[monitor] ['71%', '100%', '67%', '65%']  memcached=202.0%
[monitor] ['69%', '100%', '65%', '64%']  memcached=197.8%
[monitor] ['72%', '100%', '67%', '67%']  memcached=205.6%
[monitor] ['71%', '100%', '67%', '62%']  memcached=199.8%
[monitor] ['68%', '100%', '65%', '65%']  memcached=197.1%
[monitor] ['71%', '100%', '67%', '62%']  memcached=200.6%
[monitor] ['69%', '100%', '65%', '68%']  memcached=201.1%
[monitor] ['74%', '100%', '67%', '64%']  memcached=203.8%
[monitor] ['69%', '100%', '65%', '63%']  memcached=196.1%
[monitor] ['71%', '100%', '62%', '63%']  memcached=196.8%
[monitor] ['67%', '100%', '65%', '65%']  memcached=196.1%
[monitor] ['70%', '100%', '65%', '59%']  memcached=194.4%
[monitor] ['71%', '100%', '67%', '59%']  memcached=197.5%
[monitor] ['70%', '100%', '66%', '65%']  memcached=200.0%
[monitor] ['71%', '100%', '67%', '65%']  memcached=202.0%
[monitor] ['74%', '100%', '69%', '70%']  memcached=212.0%
[monitor] ['70%', '100%', '68%', '67%']  memcached=204.0%
[monitor] ['70%', '100%', '67%', '66%']  memcached=202.1%
[monitor] ['71%', '100%', '64%', '68%']  memcached=202.7%
[monitor] ['74%', '100%', '70%', '66%']  memcached=209.6%
[monitor] ['72%', '100%', '68%', '67%']  memcached=206.5%
[monitor] ['70%', '100%', '62%', '63%']  memcached=195.1%
[monitor] ['71%', '100%', '68%', '65%']  memcached=202.9%
[monitor] ['68%', '100%', '67%', '63%']  memcached=197.2%
[monitor] ['72%', '100%', '66%', '67%']  memcached=204.6%
[monitor] ['72%', '100%', '67%', '66%']  memcached=204.6%
[monitor] ['70%', '100%', '69%', '62%']  memcached=200.8%
[monitor] ['72%', '100%', '64%', '64%']  memcached=199.5%
[monitor] ['61%', '100%', '60%', '54%']  memcached=175.4%
[monitor] ['63%', '100%', '57%', '56%']  memcached=175.9%
[monitor] ['61%', '100%', '58%', '56%']  memcached=175.3%
[monitor] ['59%', '100%', '56%', '56%']  memcached=170.6%
[monitor] ['61%', '100%', '58%', '55%']  memcached=174.0%
[monitor] ['59%', '100%', '58%', '56%']  memcached=172.7%
[monitor] ['63%', '100%', '58%', '56%']  memcached=177.4%
[monitor] ['60%', '100%', '58%', '58%']  memcached=176.7%
[monitor] ['63%', '100%', '58%', '56%']  memcached=177.0%
[monitor] ['58%', '100%', '56%', '56%']  memcached=169.3%
[monitor] ['61%', '100%', '57%', '54%']  memcached=172.0%
[monitor] ['60%', '100%', '58%', '54%']  memcached=172.6%
[monitor] ['60%', '100%', '58%', '57%']  memcached=175.5%
[monitor] ['61%', '100%', '58%', '56%']  memcached=175.0%
[monitor] ['61%', '100%', '55%', '55%']  memcached=170.2%
[monitor] ['60%', '100%', '56%', '51%']  memcached=167.0%
[monitor] ['61%', '100%', '57%', '56%']  memcached=174.1%
[monitor] ['59%', '100%', '58%', '55%']  memcached=171.6%
[monitor] ['61%', '100%', '59%', '56%']  memcached=175.5%
[monitor] ['61%', '100%', '57%', '58%']  memcached=176.2%
[monitor] ['60%', '100%', '57%', '52%']  memcached=168.7%
[monitor] ['62%', '100%', '58%', '58%']  memcached=178.8%
[monitor] ['60%', '100%', '61%', '54%']  memcached=175.4%
[monitor] ['64%', '100%', '58%', '57%']  memcached=179.6%
[monitor] ['65%', '100%', '60%', '56%']  memcached=181.1%
[monitor] ['60%', '100%', '56%', '57%']  memcached=172.6%
[monitor] ['61%', '100%', '58%', '56%']  memcached=175.3%
[monitor] ['64%', '100%', '58%', '59%']  memcached=180.3%
[monitor] ['61%', '100%', '57%', '52%']  memcached=169.8%
[monitor] ['60%', '100%', '58%', '57%']  memcached=175.5%
[monitor] ['61%', '100%', '57%', '57%']  memcached=175.4%
[monitor] ['61%', '100%', '58%', '55%']  memcached=174.0%
[monitor] ['61%', '100%', '55%', '56%']  memcached=171.2%
[monitor] ['59%', '100%', '53%', '55%']  memcached=166.3%
[monitor] ['62%', '100%', '59%', '53%']  memcached=174.1%
[monitor] ['61%', '100%', '56%', '57%']  memcached=174.1%
[monitor] ['60%', '100%', '59%', '56%']  memcached=174.7%
[monitor] ['62%', '100%', '53%', '55%']  memcached=169.6%
[monitor] ['59%', '100%', '58%', '56%']  memcached=172.3%
[monitor] ['63%', '100%', '57%', '53%']  memcached=173.1%
[monitor] ['62%', '100%', '56%', '57%']  memcached=175.2%
[monitor] ['62%', '100%', '61%', '54%']  memcached=177.2%
[monitor] ['60%', '100%', '53%', '56%']  memcached=168.8%
[monitor] ['60%', '100%', '56%', '53%']  memcached=168.8%
[monitor] ['58%', '100%', '56%', '57%']  memcached=171.4%
[monitor] ['61%', '100%', '58%', '56%']  memcached=174.9%
[monitor] ['63%', '100%', '56%', '57%']  memcached=176.6%
[monitor] ['59%', '100%', '58%', '55%']  memcached=171.7%
[monitor] ['64%', '100%', '56%', '56%']  memcached=175.3%
[monitor] ['59%', '100%', '58%', '56%']  memcached=173.7%
[monitor] ['74%', '100%', '69%', '67%']  memcached=208.8%
[monitor] ['70%', '100%', '68%', '64%']  memcached=201.2%
[monitor] ['73%', '100%', '69%', '67%']  memcached=208.1%
[monitor] ['71%', '100%', '69%', '64%']  memcached=203.7%
[monitor] ['74%', '100%', '72%', '69%']  memcached=214.8%
[monitor] ['74%', '100%', '70%', '68%']  memcached=211.6%
[monitor] ['76%', '100%', '68%', '66%']  memcached=209.0%
[monitor] ['74%', '100%', '69%', '71%']  memcached=212.9%
[monitor] ['78%', '100%', '76%', '72%']  memcached=226.5%
[monitor] ['74%', '100%', '69%', '67%']  memcached=208.9%
[monitor] ['76%', '100%', '71%', '69%']  memcached=215.5%
[monitor] ['76%', '100%', '71%', '71%']  memcached=218.5%
[monitor] ['76%', '100%', '70%', '66%']  memcached=211.1%
[monitor] ['75%', '100%', '72%', '69%']  memcached=215.6%
[monitor] ['74%', '100%', '70%', '67%']  memcached=209.9%
[monitor] ['76%', '100%', '69%', '71%']  memcached=215.1%
[monitor] ['71%', '100%', '66%', '65%']  memcached=201.8%
[monitor] ['73%', '100%', '68%', '65%']  memcached=205.2%
[monitor] ['73%', '100%', '69%', '68%']  memcached=208.9%
[monitor] ['73%', '100%', '69%', '69%']  memcached=210.2%
[monitor] ['76%', '100%', '70%', '69%']  memcached=214.7%
[monitor] ['70%', '100%', '68%', '67%']  memcached=204.0%
[monitor] ['73%', '100%', '70%', '64%']  memcached=206.1%
[monitor] ['74%', '100%', '69%', '69%']  memcached=211.0%
[monitor] ['76%', '100%', '71%', '67%']  memcached=214.6%
[monitor] ['75%', '100%', '71%', '69%']  memcached=214.7%
[monitor] ['74%', '100%', '67%', '66%']  memcached=205.8%
[monitor] ['73%', '100%', '71%', '69%']  memcached=211.9%
[monitor] ['76%', '100%', '69%', '66%']  memcached=210.1%
[monitor] ['74%', '100%', '71%', '65%']  memcached=209.4%
[monitor] ['74%', '100%', '70%', '67%']  memcached=210.6%
[monitor] ['76%', '100%', '68%', '69%']  memcached=213.0%
[monitor] ['76%', '100%', '71%', '70%']  memcached=216.0%
[monitor] ['73%', '100%', '71%', '68%']  memcached=211.0%
[monitor] ['76%', '100%', '69%', '67%']  memcached=211.2%
[monitor] ['73%', '100%', '69%', '70%']  memcached=211.2%
[monitor] ['76%', '100%', '71%', '69%']  memcached=215.8%
[monitor] ['74%', '100%', '69%', '67%']  memcached=208.9%
[monitor] ['74%', '100%', '71%', '69%']  memcached=213.6%
[monitor] ['74%', '100%', '71%', '68%']  memcached=212.6%
[monitor] ['76%', '100%', '67%', '71%']  memcached=213.7%
[monitor] ['79%', '100%', '76%', '69%']  memcached=224.0%
[monitor] ['76%', '100%', '72%', '72%']  memcached=220.2%
[monitor] ['76%', '100%', '69%', '65%']  memcached=209.7%
[monitor] ['74%', '100%', '67%', '66%']  memcached=205.9%
[monitor] ['74%', '100%', '69%', '67%']  memcached=210.4%
[monitor] ['73%', '100%', '71%', '71%']  memcached=213.9%
[monitor] ['72%', '100%', '69%', '67%']  memcached=207.3%
[monitor] ['74%', '100%', '67%', '65%']  memcached=204.9%
[monitor] ['76%', '100%', '71%', '71%']  memcached=217.6%
[monitor] ['88%', '100%', '82%', '82%']  memcached=251.5%
[monitor] ['90%', '100%', '81%', '78%']  memcached=248.8%
[monitor] ['85%', '100%', '82%', '78%']  memcached=245.3%
[monitor] ['87%', '100%', '81%', '75%']  memcached=242.9%
[monitor] ['82%', '100%', '75%', '76%']  memcached=232.6%
[monitor] ['88%', '100%', '81%', '78%']  memcached=246.9%
[monitor] ['90%', '100%', '84%', '79%']  memcached=252.7%
[monitor] ['87%', '100%', '80%', '81%']  memcached=247.7%
[monitor] ['88%', '100%', '82%', '78%']  memcached=247.4%
[monitor] ['84%', '100%', '81%', '77%']  memcached=241.8%
[monitor] ['87%', '100%', '81%', '78%']  memcached=246.0%
[monitor] ['90%', '100%', '84%', '81%']  memcached=255.4%
[monitor] ['88%', '100%', '80%', '78%']  memcached=245.6%
[monitor] ['87%', '100%', '81%', '77%']  memcached=244.7%
[monitor] ['90%', '100%', '81%', '81%']  memcached=252.8%
[monitor] ['82%', '100%', '78%', '74%']  memcached=233.5%
[monitor] ['87%', '100%', '80%', '77%']  memcached=243.3%
[monitor] ['85%', '100%', '78%', '76%']  memcached=238.7%
[monitor] ['87%', '100%', '80%', '77%']  memcached=243.8%
[monitor] ['88%', '100%', '81%', '78%']  memcached=247.3%
[monitor] ['88%', '100%', '84%', '78%']  memcached=249.9%
[monitor] ['87%', '100%', '81%', '81%']  memcached=249.2%
[monitor] ['90%', '100%', '81%', '79%']  memcached=250.4%
[monitor] ['84%', '100%', '82%', '78%']  memcached=244.3%
[monitor] ['94%', '100%', '83%', '82%']  memcached=259.2%
[monitor] ['88%', '100%', '84%', '79%']  memcached=250.7%
[monitor] ['88%', '100%', '81%', '79%']  memcached=246.9%
[monitor] ['90%', '100%', '81%', '77%']  memcached=248.7%
[monitor] ['88%', '100%', '81%', '79%']  memcached=247.3%
[monitor] ['88%', '100%', '83%', '79%']  memcached=250.1%
[monitor] ['84%', '100%', '76%', '72%']  memcached=232.7%
[monitor] ['85%', '100%', '77%', '76%']  memcached=238.0%
[monitor] ['88%', '100%', '82%', '79%']  memcached=248.1%
[monitor] ['87%', '100%', '80%', '77%']  memcached=244.5%
[monitor] ['90%', '100%', '84%', '81%']  memcached=254.5%
[monitor] ['88%', '100%', '80%', '78%']  memcached=245.6%
[monitor] ['84%', '100%', '79%', '78%']  memcached=241.3%
[monitor] ['88%', '100%', '81%', '75%']  memcached=244.1%
[monitor] ['87%', '100%', '81%', '81%']  memcached=249.0%
[monitor] ['87%', '100%', '81%', '79%']  memcached=247.1%
[monitor] ['90%', '100%', '83%', '81%']  memcached=254.0%
[monitor] ['88%', '100%', '81%', '81%']  memcached=249.8%
[monitor] ['90%', '100%', '81%', '82%']  memcached=252.5%
[monitor] ['91%', '100%', '83%', '81%']  memcached=255.2%
[monitor] ['87%', '100%', '82%', '79%']  memcached=247.7%
[monitor] ['88%', '100%', '81%', '81%']  memcached=249.2%
[monitor] ['87%', '100%', '83%', '78%']  memcached=248.6%
[monitor] ['87%', '100%', '81%', '81%']  memcached=249.6%
[monitor] ['91%', '100%', '84%', '81%']  memcached=255.1%
[monitor] ['82%', '100%', '75%', '75%']  memcached=231.8%
[monitor] ['69%', '100%', '67%', '61%']  memcached=196.7%
[monitor] ['71%', '100%', '68%', '65%']  memcached=202.9%
[monitor] ['69%', '100%', '66%', '65%']  memcached=199.0%
[monitor] ['72%', '100%', '68%', '67%']  memcached=206.5%
[monitor] ['71%', '100%', '65%', '63%']  memcached=199.0%
[monitor] ['71%', '100%', '67%', '65%']  memcached=202.8%
[monitor] ['74%', '100%', '64%', '66%']  memcached=203.6%
[monitor] ['71%', '100%', '67%', '68%']  memcached=205.7%
[monitor] ['74%', '100%', '69%', '67%']  memcached=208.9%
[monitor] ['71%', '100%', '67%', '61%']  memcached=198.7%
[monitor] ['70%', '100%', '66%', '67%']  memcached=202.0%
[monitor] ['71%', '100%', '66%', '65%']  memcached=201.0%
[monitor] ['71%', '100%', '62%', '66%']  memcached=199.6%
[monitor] ['71%', '100%', '65%', '62%']  memcached=198.6%
[monitor] ['69%', '100%', '67%', '65%']  memcached=200.8%
[monitor] ['74%', '100%', '66%', '65%']  memcached=203.9%
[monitor] ['71%', '100%', '66%', '67%']  memcached=203.7%
[monitor] ['71%', '100%', '66%', '65%']  memcached=201.0%
[monitor] ['72%', '100%', '67%', '64%']  memcached=202.8%
[monitor] ['69%', '100%', '65%', '64%']  memcached=197.1%
[monitor] ['67%', '100%', '67%', '61%']  memcached=193.9%
[monitor] ['72%', '100%', '67%', '64%']  memcached=202.5%
[monitor] ['71%', '100%', '67%', '66%']  memcached=203.8%
[monitor] ['72%', '100%', '68%', '67%']  memcached=206.5%
[monitor] ['71%', '100%', '65%', '62%']  memcached=197.8%
[monitor] ['71%', '100%', '64%', '59%']  memcached=193.6%
[monitor] ['69%', '100%', '67%', '66%']  memcached=201.0%
[monitor] ['68%', '100%', '64%', '63%']  memcached=194.1%
[monitor] ['71%', '100%', '66%', '64%']  memcached=199.9%
[monitor] ['71%', '100%', '67%', '65%']  memcached=202.0%
[monitor] ['70%', '100%', '65%', '64%']  memcached=198.0%
[monitor] ['68%', '100%', '65%', '65%']  memcached=197.1%
[monitor] ['72%', '100%', '67%', '64%']  memcached=202.5%
[monitor] ['69%', '100%', '65%', '61%']  memcached=193.9%
[monitor] ['73%', '100%', '65%', '64%']  memcached=201.1%
[monitor] ['69%', '100%', '66%', '62%']  memcached=196.9%
[monitor] ['72%', '100%', '69%', '65%']  memcached=205.5%
[monitor] ['73%', '100%', '69%', '66%']  memcached=207.0%
[monitor] ['69%', '100%', '64%', '62%']  memcached=194.7%
[monitor] ['69%', '100%', '66%', '60%']  memcached=195.2%
[monitor] ['72%', '100%', '68%', '68%']  memcached=207.5%
[monitor] ['75%', '100%', '69%', '66%']  memcached=209.4%
[monitor] ['73%', '100%', '67%', '66%']  memcached=205.0%
[monitor] ['71%', '100%', '65%', '64%']  memcached=199.8%
[monitor] ['71%', '100%', '69%', '66%']  memcached=205.6%
[monitor] ['72%', '100%', '67%', '65%']  memcached=203.2%
[monitor] ['71%', '100%', '66%', '66%']  memcached=201.9%
[monitor] ['70%', '100%', '67%', '65%']  memcached=200.9%
[monitor] ['70%', '100%', '65%', '67%']  memcached=201.1%
[monitor] ['63%', '100%', '59%', '52%']  memcached=173.9%
[monitor] ['41%', '100%', '43%', '42%']  memcached=125.7%
[MEMCACHED] cores updated to: ['0', '3']
[freqmine] cores updated to: [2, 1]
[monitor] ['51%', '100%', '100%', '50%']  memcached=101.4%
[monitor] ['53%', '100%', '100%', '52%']  memcached=104.5%
[monitor] ['54%', '100%', '100%', '50%']  memcached=104.1%
[monitor] ['51%', '100%', '100%', '47%']  memcached=98.5%
[monitor] ['50%', '100%', '100%', '49%']  memcached=98.6%
[monitor] ['56%', '100%', '100%', '49%']  memcached=104.1%
[monitor] ['54%', '100%', '100%', '50%']  memcached=104.1%
[monitor] ['47%', '100%', '100%', '51%']  memcached=98.5%
[monitor] ['51%', '100%', '100%', '47%']  memcached=98.5%
[monitor] ['50%', '100%', '100%', '45%']  memcached=95.5%
[monitor] ['47%', '100%', '100%', '45%']  memcached=92.5%
[monitor] ['53%', '100%', '100%', '50%']  memcached=102.8%
[monitor] ['45%', '100%', '100%', '47%']  memcached=92.5%
[monitor] ['48%', '100%', '100%', '45%']  memcached=93.9%
[monitor] ['51%', '100%', '100%', '50%']  memcached=101.4%
[monitor] ['51%', '100%', '100%', '50%']  memcached=101.4%
[monitor] ['56%', '100%', '100%', '48%']  memcached=104.0%
[monitor] ['53%', '100%', '100%', '47%']  memcached=99.8%
[monitor] ['50%', '100%', '100%', '52%']  memcached=101.5%
[monitor] ['54%', '100%', '100%', '50%']  memcached=104.1%
[monitor] ['57%', '100%', '100%', '48%']  memcached=105.2%
[monitor] ['54%', '100%', '100%', '48%']  memcached=102.8%
[monitor] ['53%', '100%', '100%', '48%']  memcached=101.3%
[monitor] ['56%', '100%', '100%', '53%']  memcached=109.2%
[monitor] ['54%', '100%', '100%', '48%']  memcached=102.8%
[monitor] ['51%', '100%', '100%', '50%']  memcached=101.4%
[monitor] ['56%', '100%', '100%', '50%']  memcached=105.6%
[monitor] ['54%', '100%', '100%', '50%']  memcached=104.3%
[monitor] ['50%', '100%', '100%', '52%']  memcached=101.5%
[monitor] ['53%', '100%', '100%', '45%']  memcached=98.2%
[monitor] ['52%', '100%', '100%', '53%']  memcached=104.5%
[monitor] ['53%', '100%', '100%', '42%']  memcached=95.1%
[monitor] ['50%', '100%', '100%', '48%']  memcached=98.5%
[monitor] ['53%', '100%', '100%', '48%']  memcached=101.3%
[monitor] ['56%', '100%', '100%', '52%']  memcached=107.4%
[monitor] ['51%', '100%', '100%', '50%']  memcached=101.4%
[monitor] ['47%', '100%', '100%', '44%']  memcached=90.8%
[monitor] ['47%', '100%', '100%', '51%']  memcached=98.3%
[monitor] ['54%', '100%', '100%', '51%']  memcached=105.7%
[monitor] ['51%', '100%', '100%', '47%']  memcached=98.3%
[monitor] ['53%', '100%', '100%', '53%']  memcached=105.9%
[monitor] ['51%', '100%', '100%', '48%']  memcached=99.9%
[monitor] ['53%', '100%', '100%', '50%']  memcached=102.9%
[monitor] ['53%', '100%', '100%', '51%']  memcached=104.4%
[monitor] ['54%', '100%', '100%', '50%']  memcached=104.3%
[monitor] ['50%', '100%', '100%', '51%']  memcached=101.4%
[monitor] ['48%', '100%', '100%', '45%']  memcached=93.9%
[monitor] ['50%', '100%', '100%', '47%']  memcached=97.1%
[monitor] ['38%', '100%', '100%', '29%']  memcached=67.3%
[MEMCACHED] cores updated to: ['0']
[freqmine] cores updated to: [2, 1, 3]
[monitor] ['29%', '100%', '100%', '100%']  memcached=29.0%
[monitor] ['34%', '100%', '100%', '100%']  memcached=34.4%
[monitor] ['28%', '100%', '100%', '100%']  memcached=27.6%
[monitor] ['33%', '100%', '100%', '100%']  memcached=33.3%
[monitor] ['28%', '100%', '100%', '100%']  memcached=27.6%
[monitor] ['32%', '100%', '100%', '100%']  memcached=32.3%
[monitor] ['33%', '100%', '100%', '100%']  memcached=33.3%
[monitor] ['37%', '100%', '100%', '100%']  memcached=36.7%
[monitor] ['28%', '100%', '100%', '100%']  memcached=27.6%
[monitor] ['30%', '100%', '100%', '100%']  memcached=30.0%
[monitor] ['30%', '100%', '100%', '100%']  memcached=30.0%
[monitor] ['31%', '100%', '100%', '100%']  memcached=31.2%
[monitor] ['32%', '100%', '100%', '100%']  memcached=32.3%
[monitor] ['32%', '100%', '100%', '100%']  memcached=32.3%
[monitor] ['27%', '100%', '100%', '100%']  memcached=26.7%
[monitor] ['28%', '100%', '100%', '100%']  memcached=27.6%
[monitor] ['30%', '100%', '100%', '100%']  memcached=30.0%
[monitor] ['30%', '100%', '100%', '100%']  memcached=30.0%
[monitor] ['31%', '100%', '100%', '100%']  memcached=31.2%
[monitor] ['32%', '100%', '100%', '100%']  memcached=32.3%
[monitor] ['32%', '100%', '100%', '100%']  memcached=32.3%
[monitor] ['30%', '100%', '100%', '100%']  memcached=30.0%
[monitor] ['28%', '100%', '100%', '100%']  memcached=27.6%
[monitor] ['33%', '100%', '100%', '100%']  memcached=33.3%
[monitor] ['32%', '100%', '100%', '100%']  memcached=32.3%
[monitor] ['30%', '100%', '100%', '100%']  memcached=30.0%
[monitor] ['28%', '100%', '100%', '100%']  memcached=27.6%
[monitor] ['30%', '100%', '100%', '100%']  memcached=30.0%
[monitor] ['32%', '100%', '100%', '100%']  memcached=32.3%
[monitor] ['28%', '100%', '100%', '100%']  memcached=27.6%
[monitor] ['34%', '100%', '100%', '100%']  memcached=34.4%
[monitor] ['32%', '100%', '100%', '100%']  memcached=32.3%
[monitor] ['30%', '100%', '100%', '100%']  memcached=30.0%
[monitor] ['32%', '100%', '100%', '100%']  memcached=32.3%
[monitor] ['25%', '100%', '100%', '100%']  memcached=25.0%
[monitor] ['30%', '100%', '100%', '100%']  memcached=30.0%
[monitor] ['30%', '100%', '100%', '100%']  memcached=30.0%
[monitor] ['34%', '100%', '100%', '100%']  memcached=34.4%
[monitor] ['30%', '100%', '100%', '100%']  memcached=30.0%
[monitor] ['30%', '100%', '100%', '100%']  memcached=30.0%
[monitor] ['31%', '100%', '100%', '100%']  memcached=31.0%
[monitor] ['44%', '100%', '100%', '100%']  memcached=43.8%
[monitor] ['34%', '100%', '100%', '100%']  memcached=34.4%
[monitor] ['29%', '100%', '100%', '100%']  memcached=29.0%
[monitor] ['25%', '100%', '100%', '100%']  memcached=25.0%
[monitor] ['32%', '100%', '100%', '100%']  memcached=32.3%
[monitor] ['27%', '100%', '100%', '100%']  memcached=26.7%
[monitor] ['32%', '100%', '100%', '100%']  memcached=32.3%
[monitor] ['27%', '100%', '100%', '100%']  memcached=26.7%
[monitor] ['94%', '100%', '100%', '100%']  memcached=93.5%
[MEMCACHED] cores updated to: ['0', '1', '3']
[freqmine] cores updated to: [2]
[monitor] ['65%', '60%', '100%', '61%']  memcached=186.0%
[monitor] ['67%', '63%', '100%', '58%']  memcached=187.1%
[monitor] ['61%', '60%', '100%', '59%']  memcached=179.9%
[monitor] ['66%', '62%', '100%', '59%']  memcached=186.3%
[monitor] ['66%', '62%', '100%', '62%']  memcached=190.0%
[monitor] ['65%', '65%', '100%', '62%']  memcached=191.5%
[monitor] ['68%', '66%', '100%', '62%']  memcached=195.1%
[monitor] ['64%', '62%', '100%', '62%']  memcached=187.2%
[monitor] ['67%', '62%', '100%', '63%']  memcached=191.3%
[monitor] ['65%', '64%', '100%', '59%']  memcached=187.2%
[monitor] ['67%', '63%', '100%', '63%']  memcached=192.4%
[monitor] ['66%', '64%', '100%', '59%']  memcached=188.4%
[monitor] ['63%', '62%', '100%', '58%']  memcached=182.2%
[monitor] ['65%', '62%', '100%', '61%']  memcached=187.1%
[monitor] ['65%', '63%', '100%', '59%']  memcached=186.4%
[monitor] ['66%', '63%', '100%', '63%']  memcached=191.4%
[monitor] ['63%', '64%', '100%', '60%']  memcached=186.5%
[monitor] ['65%', '63%', '100%', '59%']  memcached=186.9%
[monitor] ['65%', '61%', '100%', '61%']  memcached=186.4%
[monitor] ['66%', '64%', '100%', '62%']  memcached=191.4%
[monitor] ['63%', '63%', '100%', '57%']  memcached=182.9%
[monitor] ['62%', '63%', '100%', '64%']  memcached=188.5%
[monitor] ['67%', '63%', '100%', '59%']  memcached=188.3%
[monitor] ['65%', '64%', '100%', '62%']  memcached=190.5%
[monitor] ['66%', '63%', '100%', '60%']  memcached=188.6%
[monitor] ['64%', '63%', '100%', '60%']  memcached=186.7%
[monitor] ['67%', '64%', '100%', '63%']  memcached=193.4%
[monitor] ['66%', '62%', '100%', '59%']  memcached=186.9%
[monitor] ['65%', '64%', '100%', '59%']  memcached=187.6%
[monitor] ['64%', '62%', '100%', '63%']  memcached=189.0%
[monitor] ['65%', '63%', '100%', '58%']  memcached=185.1%
[monitor] ['67%', '63%', '100%', '61%']  memcached=190.6%
[monitor] ['63%', '63%', '100%', '56%']  memcached=182.0%
[monitor] ['65%', '63%', '100%', '58%']  memcached=185.6%
[monitor] ['65%', '62%', '100%', '61%']  memcached=187.7%
[monitor] ['65%', '63%', '100%', '61%']  memcached=188.2%
[monitor] ['67%', '64%', '100%', '63%']  memcached=193.4%
[monitor] ['64%', '65%', '100%', '60%']  memcached=188.6%
[monitor] ['66%', '62%', '100%', '62%']  memcached=189.2%
[monitor] ['63%', '63%', '100%', '59%']  memcached=184.5%
[monitor] ['67%', '63%', '100%', '59%']  memcached=188.3%
[monitor] ['63%', '62%', '100%', '61%']  memcached=186.1%
[monitor] ['66%', '65%', '100%', '62%']  memcached=192.3%
[monitor] ['66%', '63%', '100%', '62%']  memcached=190.7%
[monitor] ['66%', '64%', '100%', '61%']  memcached=190.2%
[monitor] ['65%', '62%', '100%', '61%']  memcached=187.7%
[monitor] ['65%', '64%', '100%', '60%']  memcached=188.6%
[monitor] ['63%', '60%', '100%', '60%']  memcached=182.9%
[monitor] ['62%', '60%', '100%', '59%']  memcached=180.6%
[monitor] ['64%', '61%', '100%', '60%']  memcached=185.0%
[monitor] ['67%', '62%', '100%', '60%']  memcached=188.4%
[monitor] ['63%', '62%', '100%', '58%']  memcached=182.6%
[monitor] ['64%', '63%', '100%', '60%']  memcached=186.7%
[monitor] ['64%', '59%', '100%', '58%']  memcached=180.3%
[monitor] ['64%', '61%', '100%', '60%']  memcached=185.0%
[monitor] ['64%', '62%', '100%', '61%']  memcached=187.2%
[monitor] ['64%', '63%', '100%', '59%']  memcached=185.6%
[monitor] ['67%', '66%', '100%', '63%']  memcached=195.2%
[monitor] ['60%', '60%', '100%', '60%']  memcached=180.0%
[monitor] ['63%', '64%', '100%', '60%']  memcached=186.7%
[monitor] ['62%', '59%', '100%', '59%']  memcached=181.2%
[monitor] ['66%', '62%', '100%', '62%']  memcached=190.1%
[monitor] ['63%', '62%', '100%', '57%']  memcached=182.1%
[monitor] ['58%', '60%', '100%', '59%']  memcached=176.4%
[monitor] ['63%', '61%', '100%', '60%']  memcached=184.0%
[monitor] ['67%', '63%', '100%', '60%']  memcached=189.5%
[monitor] ['66%', '61%', '100%', '62%']  memcached=189.1%
[monitor] ['65%', '63%', '100%', '58%']  memcached=185.1%
[monitor] ['61%', '61%', '100%', '59%']  memcached=181.1%
[monitor] ['66%', '62%', '100%', '61%']  memcached=189.0%
[monitor] ['64%', '63%', '100%', '59%']  memcached=185.6%
[monitor] ['63%', '62%', '100%', '58%']  memcached=182.2%
[monitor] ['63%', '62%', '100%', '60%']  memcached=185.0%
[monitor] ['64%', '63%', '100%', '62%']  memcached=189.1%
[monitor] ['66%', '64%', '100%', '59%']  memcached=188.4%
[monitor] ['64%', '61%', '100%', '60%']  memcached=185.0%
[monitor] ['59%', '61%', '100%', '59%']  memcached=178.8%
[monitor] ['67%', '62%', '100%', '59%']  memcached=187.3%
[monitor] ['63%', '60%', '100%', '59%']  memcached=181.7%
[monitor] ['62%', '61%', '100%', '58%']  memcached=180.8%
[monitor] ['64%', '63%', '100%', '59%']  memcached=185.6%
[monitor] ['64%', '61%', '100%', '59%']  memcached=184.5%
[monitor] ['64%', '61%', '100%', '59%']  memcached=183.6%
[monitor] ['62%', '63%', '100%', '56%']  memcached=180.9%
[monitor] ['63%', '61%', '100%', '59%']  memcached=182.8%
[monitor] ['65%', '63%', '100%', '61%']  memcached=188.8%
[monitor] ['65%', '62%', '100%', '61%']  memcached=187.1%
[monitor] ['64%', '63%', '100%', '61%']  memcached=187.6%
[monitor] ['65%', '63%', '100%', '58%']  memcached=185.3%
[monitor] ['68%', '64%', '100%', '68%']  memcached=198.9%
[monitor] ['64%', '66%', '100%', '58%']  memcached=187.4%
[monitor] ['64%', '63%', '100%', '63%']  memcached=189.6%
[monitor] ['63%', '63%', '100%', '59%']  memcached=184.5%
[monitor] ['63%', '62%', '100%', '60%']  memcached=184.6%
[monitor] ['65%', '60%', '100%', '59%']  memcached=183.5%
[monitor] ['63%', '61%', '100%', '58%']  memcached=181.0%
[monitor] ['66%', '63%', '100%', '61%']  memcached=189.2%
[monitor] ['64%', '62%', '100%', '58%']  memcached=183.0%
[monitor] ['65%', '63%', '100%', '62%']  memcached=189.3%
[monitor] ['74%', '72%', '100%', '71%']  memcached=216.0%
[monitor] ['79%', '74%', '100%', '72%']  memcached=224.2%
[monitor] ['73%', '71%', '100%', '70%']  memcached=213.4%
[monitor] ['74%', '71%', '100%', '69%']  memcached=213.5%
[monitor] ['76%', '74%', '100%', '73%']  memcached=222.0%
[monitor] ['74%', '73%', '100%', '68%']  memcached=214.7%
[monitor] ['79%', '74%', '100%', '71%']  memcached=224.5%
[monitor] ['79%', '76%', '100%', '73%']  memcached=227.3%
[monitor] ['75%', '72%', '100%', '70%']  memcached=216.6%
[monitor] ['79%', '76%', '100%', '73%']  memcached=227.3%
[monitor] ['76%', '71%', '100%', '72%']  memcached=218.2%
[monitor] ['76%', '74%', '100%', '70%']  memcached=220.4%
[monitor] ['77%', '71%', '100%', '72%']  memcached=219.9%
[monitor] ['76%', '72%', '100%', '67%']  memcached=214.3%
[monitor] ['74%', '72%', '100%', '69%']  memcached=214.8%
[monitor] ['76%', '73%', '100%', '72%']  memcached=220.7%
[monitor] ['76%', '72%', '100%', '73%']  memcached=221.1%
[monitor] ['73%', '71%', '100%', '68%']  memcached=211.0%
[monitor] ['72%', '70%', '100%', '67%']  memcached=208.2%
[monitor] ['71%', '71%', '100%', '67%']  memcached=208.7%
[monitor] ['71%', '72%', '100%', '69%']  memcached=211.6%
[monitor] ['73%', '68%', '100%', '65%']  memcached=205.1%
[monitor] ['74%', '73%', '100%', '72%']  memcached=218.1%
[monitor] ['74%', '72%', '100%', '67%']  memcached=212.4%
[monitor] ['74%', '74%', '100%', '71%']  memcached=219.2%
[monitor] ['75%', '72%', '100%', '70%']  memcached=216.6%
[monitor] ['77%', '74%', '100%', '73%']  memcached=223.4%
[monitor] ['75%', '74%', '100%', '70%']  memcached=218.2%
[monitor] ['77%', '74%', '100%', '71%']  memcached=222.0%
[monitor] ['71%', '71%', '100%', '68%']  memcached=208.8%
[monitor] ['74%', '73%', '100%', '71%']  memcached=217.7%
[monitor] ['73%', '71%', '100%', '69%']  memcached=212.7%
[monitor] ['74%', '72%', '100%', '71%']  memcached=216.0%
[monitor] ['74%', '71%', '100%', '68%']  memcached=211.8%
[monitor] ['73%', '71%', '100%', '71%']  memcached=214.1%
[monitor] ['78%', '76%', '100%', '71%']  memcached=224.9%
[monitor] ['75%', '74%', '100%', '70%']  memcached=218.2%
[monitor] ['74%', '73%', '100%', '70%']  memcached=216.6%
[monitor] ['71%', '71%', '100%', '69%']  memcached=210.6%
[monitor] ['73%', '71%', '100%', '67%']  memcached=210.0%
[monitor] ['76%', '76%', '100%', '71%']  memcached=223.6%
[monitor] ['74%', '68%', '100%', '69%']  memcached=209.7%
[monitor] ['76%', '76%', '100%', '70%']  memcached=221.9%
[monitor] ['77%', '76%', '100%', '72%']  memcached=224.8%
[monitor] ['72%', '71%', '100%', '69%']  memcached=212.7%
[monitor] ['74%', '72%', '100%', '70%']  memcached=215.1%
[monitor] ['73%', '71%', '100%', '69%']  memcached=211.9%
[monitor] ['74%', '72%', '100%', '70%']  memcached=215.1%
[monitor] ['72%', '70%', '100%', '70%']  memcached=211.3%
[monitor] ['65%', '62%', '100%', '60%']  memcached=186.6%
[monitor] ['55%', '53%', '100%', '51%']  memcached=159.5%
[monitor] ['57%', '56%', '100%', '50%']  memcached=162.3%
[monitor] ['54%', '50%', '100%', '53%']  memcached=157.1%
[monitor] ['52%', '51%', '100%', '47%']  memcached=150.0%
[monitor] ['55%', '51%', '100%', '53%']  memcached=159.5%
[monitor] ['55%', '54%', '100%', '50%']  memcached=159.5%
[monitor] ['56%', '51%', '100%', '53%']  memcached=160.1%
[monitor] ['56%', '51%', '100%', '51%']  memcached=158.4%
[monitor] ['53%', '54%', '100%', '50%']  memcached=157.1%
[monitor] ['50%', '50%', '100%', '49%']  memcached=148.6%
[monitor] ['56%', '51%', '100%', '48%']  memcached=155.5%
[monitor] ['55%', '56%', '100%', '50%']  memcached=160.8%
[monitor] ['57%', '50%', '100%', '47%']  memcached=153.8%
[monitor] ['53%', '50%', '100%', '50%']  memcached=152.8%
[monitor] ['54%', '53%', '100%', '48%']  memcached=155.5%
[monitor] ['58%', '51%', '100%', '51%']  memcached=160.7%
[monitor] ['53%', '50%', '100%', '47%']  memcached=149.7%
[monitor] ['54%', '54%', '100%', '47%']  memcached=155.4%
[monitor] ['51%', '50%', '100%', '50%']  memcached=151.4%
[monitor] ['56%', '50%', '100%', '51%']  memcached=157.0%
[monitor] ['53%', '50%', '100%', '51%']  memcached=154.4%
[monitor] ['56%', '53%', '100%', '50%']  memcached=158.3%
[monitor] ['53%', '53%', '100%', '48%']  memcached=154.2%
[monitor] ['53%', '48%', '100%', '50%']  memcached=151.3%
[monitor] ['53%', '54%', '100%', '48%']  memcached=155.5%
[monitor] ['53%', '53%', '100%', '50%']  memcached=155.6%
[monitor] ['51%', '50%', '100%', '45%']  memcached=146.9%
[monitor] ['53%', '51%', '100%', '48%']  memcached=152.9%
[monitor] ['56%', '53%', '100%', '47%']  memcached=155.4%
[monitor] ['53%', '51%', '100%', '50%']  memcached=154.2%
[monitor] ['54%', '51%', '100%', '51%']  memcached=157.1%
[monitor] ['54%', '53%', '100%', '50%']  memcached=157.0%
[monitor] ['54%', '53%', '100%', '51%']  memcached=158.5%
[monitor] ['57%', '50%', '100%', '48%']  memcached=155.2%
[monitor] ['51%', '50%', '100%', '51%']  memcached=152.9%
[monitor] ['54%', '51%', '100%', '47%']  memcached=152.8%
[monitor] ['51%', '53%', '100%', '51%']  memcached=155.6%
[monitor] ['56%', '50%', '100%', '49%']  memcached=154.1%
[monitor] ['53%', '50%', '100%', '50%']  memcached=152.8%
[monitor] ['57%', '53%', '100%', '53%']  memcached=162.3%
[monitor] ['54%', '54%', '100%', '48%']  memcached=156.8%
[monitor] ['58%', '57%', '100%', '53%']  memcached=168.0%
[monitor] ['56%', '53%', '100%', '50%']  memcached=158.3%
[monitor] ['53%', '51%', '100%', '50%']  memcached=154.2%
[monitor] ['53%', '53%', '100%', '47%']  memcached=152.6%
[monitor] ['50%', '51%', '100%', '45%']  memcached=146.9%
[monitor] ['53%', '51%', '100%', '51%']  memcached=155.6%
[monitor] ['53%', '54%', '100%', '46%']  memcached=152.5%
[monitor] ['56%', '53%', '100%', '50%']  memcached=158.2%
[monitor] ['41%', '41%', '100%', '41%']  memcached=123.5%
[MEMCACHED] cores updated to: ['0', '3']
[freqmine] cores updated to: [2, 1]
[monitor] ['38%', '100%', '100%', '36%']  memcached=74.6%
[monitor] ['38%', '100%', '100%', '38%']  memcached=76.5%
[monitor] ['37%', '100%', '100%', '29%']  memcached=66.2%
[MEMCACHED] cores updated to: ['0']
[freqmine] cores updated to: [2, 1, 3]
[monitor] ['54%', '100%', '100%', '100%']  memcached=54.3%
[monitor] ['52%', '100%', '100%', '100%']  memcached=51.5%
[monitor] ['52%', '100%', '100%', '100%']  memcached=51.5%
[monitor] ['57%', '100%', '100%', '100%']  memcached=56.8%
[monitor] ['56%', '100%', '100%', '100%']  memcached=55.9%
[monitor] ['50%', '100%', '100%', '100%']  memcached=50.0%
[monitor] ['54%', '100%', '100%', '100%']  memcached=54.3%
[monitor] ['56%', '100%', '100%', '100%']  memcached=55.6%
[monitor] ['56%', '100%', '100%', '100%']  memcached=55.6%
[monitor] ['50%', '100%', '100%', '100%']  memcached=50.0%
[monitor] ['57%', '100%', '100%', '100%']  memcached=57.1%
[monitor] ['56%', '100%', '100%', '100%']  memcached=55.6%
[monitor] ['53%', '100%', '100%', '100%']  memcached=52.8%
[monitor] ['55%', '100%', '100%', '100%']  memcached=54.5%
[monitor] ['56%', '100%', '100%', '100%']  memcached=55.6%
[monitor] ['54%', '100%', '100%', '100%']  memcached=54.3%
[monitor] ['53%', '100%', '100%', '100%']  memcached=52.8%
[monitor] ['56%', '100%', '100%', '100%']  memcached=55.9%
[monitor] ['53%', '100%', '100%', '100%']  memcached=52.9%
[monitor] ['50%', '100%', '100%', '100%']  memcached=50.0%
[monitor] ['56%', '100%', '100%', '100%']  memcached=55.6%
[monitor] ['57%', '100%', '100%', '100%']  memcached=57.1%
[monitor] ['55%', '100%', '100%', '100%']  memcached=54.5%
[monitor] ['52%', '100%', '100%', '100%']  memcached=51.5%
[monitor] ['57%', '100%', '100%', '100%']  memcached=57.1%
[monitor] ['51%', '100%', '100%', '100%']  memcached=51.4%
[monitor] ['53%', '100%', '100%', '100%']  memcached=52.9%
[monitor] ['54%', '100%', '100%', '100%']  memcached=54.3%
[monitor] ['53%', '100%', '100%', '100%']  memcached=52.8%
[monitor] ['54%', '100%', '100%', '100%']  memcached=54.3%
[monitor] ['52%', '100%', '100%', '100%']  memcached=51.5%
[monitor] ['50%', '100%', '100%', '100%']  memcached=50.0%
[monitor] ['50%', '100%', '100%', '100%']  memcached=50.0%
[monitor] ['53%', '100%', '100%', '100%']  memcached=52.9%
[monitor] ['52%', '100%', '100%', '100%']  memcached=51.5%
[monitor] ['52%', '100%', '100%', '100%']  memcached=51.5%
[monitor] ['53%', '100%', '100%', '100%']  memcached=52.9%
[monitor] ['59%', '100%', '100%', '100%']  memcached=59.5%
[monitor] ['54%', '100%', '100%', '100%']  memcached=54.3%
[monitor] ['52%', '87%', '100%', '83%']  memcached=51.5%
[monitor] ['53%', '28%', '28%', '25%']  memcached=53.1%
[freqmine] ended.
[streamcluster] started on cores: [1, 2, 3] with 3 threads.
[monitor] ['53%', '48%', '37%', '41%']  memcached=52.9%
[monitor] ['54%', '23%', '72%', '21%']  memcached=54.3%
[monitor] ['56%', '53%', '87%', '60%']  memcached=55.6%
[monitor] ['56%', '97%', '77%', '97%']  memcached=55.9%
[monitor] ['76%', '97%', '84%', '97%']  memcached=76.5%
[monitor] ['100%', '100%', '90%', '100%']  memcached=100.0%
[MEMCACHED] cores updated to: ['0', '1', '2']
[streamcluster] cores updated to: [3]
[monitor] ['71%', '67%', '68%', '100%']  memcached=204.9%
[monitor] ['67%', '65%', '62%', '100%']  memcached=193.1%
[monitor] ['67%', '67%', '64%', '100%']  memcached=197.2%
[monitor] ['65%', '65%', '62%', '100%']  memcached=191.9%
[monitor] ['65%', '66%', '61%', '100%']  memcached=191.0%
[monitor] ['67%', '67%', '62%', '100%']  memcached=195.5%
[monitor] ['65%', '66%', '64%', '100%']  memcached=194.0%
[monitor] ['69%', '69%', '63%', '100%']  memcached=200.0%
[monitor] ['67%', '64%', '59%', '100%']  memcached=189.7%
[monitor] ['67%', '66%', '67%', '100%']  memcached=199.0%
[monitor] ['65%', '65%', '61%', '100%']  memcached=190.5%
[monitor] ['66%', '66%', '61%', '100%']  memcached=192.0%
[monitor] ['64%', '63%', '60%', '100%']  memcached=186.5%
[monitor] ['67%', '62%', '62%', '100%']  memcached=190.9%
[monitor] ['65%', '67%', '62%', '100%']  memcached=193.1%
[monitor] ['67%', '67%', '61%', '100%']  memcached=193.9%
[monitor] ['66%', '65%', '63%', '100%']  memcached=193.3%
[monitor] ['68%', '66%', '61%', '100%']  memcached=193.9%
[monitor] ['65%', '67%', '62%', '100%']  memcached=193.1%
[monitor] ['66%', '64%', '62%', '100%']  memcached=191.4%
[monitor] ['67%', '67%', '62%', '100%']  memcached=195.1%
[monitor] ['66%', '65%', '62%', '100%']  memcached=192.2%
[monitor] ['67%', '66%', '61%', '100%']  memcached=193.0%
[monitor] ['66%', '65%', '63%', '100%']  memcached=193.3%
[monitor] ['68%', '66%', '61%', '100%']  memcached=194.0%
[monitor] ['65%', '66%', '61%', '100%']  memcached=191.6%
[monitor] ['66%', '67%', '63%', '100%']  memcached=195.2%
[monitor] ['65%', '62%', '60%', '100%']  memcached=186.5%
[monitor] ['65%', '64%', '61%', '100%']  memcached=188.9%
[monitor] ['66%', '65%', '62%', '100%']  memcached=192.2%
[monitor] ['65%', '64%', '62%', '100%']  memcached=190.1%
[monitor] ['67%', '67%', '59%', '100%']  memcached=192.7%
[monitor] ['66%', '68%', '63%', '100%']  memcached=196.2%
[monitor] ['68%', '65%', '61%', '100%']  memcached=193.0%
[monitor] ['65%', '64%', '61%', '100%']  memcached=188.9%
[monitor] ['67%', '68%', '63%', '100%']  memcached=197.1%
[monitor] ['66%', '65%', '62%', '100%']  memcached=192.2%
[monitor] ['67%', '65%', '63%', '100%']  memcached=194.2%
[monitor] ['67%', '66%', '62%', '100%']  memcached=194.1%
[monitor] ['67%', '67%', '64%', '100%']  memcached=197.0%
[monitor] ['70%', '70%', '65%', '100%']  memcached=204.1%
[monitor] ['66%', '65%', '62%', '100%']  memcached=192.2%
[monitor] ['65%', '69%', '63%', '100%']  memcached=196.1%
[monitor] ['67%', '64%', '66%', '100%']  memcached=196.0%
[monitor] ['67%', '65%', '61%', '100%']  memcached=192.0%
[monitor] ['66%', '65%', '63%', '100%']  memcached=193.3%
[monitor] ['68%', '67%', '61%', '100%']  memcached=194.9%
[monitor] ['64%', '62%', '63%', '100%']  memcached=188.5%
[monitor] ['59%', '59%', '56%', '100%']  memcached=173.2%
[monitor] ['58%', '60%', '55%', '100%']  memcached=172.9%
[monitor] ['58%', '58%', '54%', '100%']  memcached=169.4%
[monitor] ['57%', '58%', '58%', '100%']  memcached=173.8%
[monitor] ['61%', '57%', '52%', '100%']  memcached=169.8%
[monitor] ['59%', '58%', '52%', '100%']  memcached=169.3%
[monitor] ['59%', '56%', '56%', '100%']  memcached=170.9%
[monitor] ['60%', '59%', '58%', '100%']  memcached=177.8%
[monitor] ['56%', '59%', '54%', '100%']  memcached=169.3%
[monitor] ['61%', '55%', '54%', '100%']  memcached=169.9%
[monitor] ['61%', '57%', '53%', '100%']  memcached=171.2%
[monitor] ['58%', '60%', '52%', '100%']  memcached=169.8%
[monitor] ['57%', '56%', '56%', '100%']  memcached=168.6%
[monitor] ['58%', '58%', '56%', '100%']  memcached=172.5%
[monitor] ['57%', '58%', '52%', '100%']  memcached=167.0%
[monitor] ['58%', '56%', '54%', '100%']  memcached=168.9%
[monitor] ['56%', '57%', '54%', '100%']  memcached=167.3%
[monitor] ['57%', '59%', '56%', '100%']  memcached=171.8%
[monitor] ['58%', '58%', '52%', '100%']  memcached=168.2%
[monitor] ['56%', '60%', '54%', '100%']  memcached=170.2%
[monitor] ['59%', '56%', '55%', '100%']  memcached=169.9%
[monitor] ['59%', '59%', '56%', '100%']  memcached=173.8%
[monitor] ['57%', '58%', '52%', '100%']  memcached=166.2%
[monitor] ['58%', '56%', '54%', '100%']  memcached=168.5%
[monitor] ['56%', '57%', '55%', '100%']  memcached=167.6%
[monitor] ['59%', '59%', '56%', '100%']  memcached=173.2%
[monitor] ['58%', '59%', '55%', '100%']  memcached=171.7%
[monitor] ['61%', '59%', '57%', '100%']  memcached=177.1%
[monitor] ['57%', '58%', '52%', '100%']  memcached=167.0%
[monitor] ['59%', '56%', '53%', '100%']  memcached=168.3%
[monitor] ['57%', '56%', '53%', '100%']  memcached=166.0%
[monitor] ['57%', '57%', '54%', '100%']  memcached=168.6%
[monitor] ['56%', '58%', '55%', '100%']  memcached=168.0%
[monitor] ['58%', '58%', '56%', '100%']  memcached=171.5%
[monitor] ['59%', '61%', '56%', '100%']  memcached=176.5%
[monitor] ['56%', '55%', '53%', '100%']  memcached=163.4%
[monitor] ['58%', '58%', '56%', '100%']  memcached=172.5%
[monitor] ['60%', '60%', '56%', '100%']  memcached=175.6%
[monitor] ['57%', '58%', '53%', '100%']  memcached=168.4%
[monitor] ['57%', '56%', '58%', '100%']  memcached=171.7%
[monitor] ['59%', '57%', '53%', '100%']  memcached=169.5%
[monitor] ['60%', '58%', '54%', '100%']  memcached=171.9%
[monitor] ['58%', '56%', '54%', '100%']  memcached=168.5%
[monitor] ['58%', '59%', '57%', '100%']  memcached=174.9%
[monitor] ['59%', '53%', '52%', '100%']  memcached=164.1%
[monitor] ['59%', '60%', '56%', '100%']  memcached=174.7%
[monitor] ['56%', '57%', '54%', '100%']  memcached=167.7%
[monitor] ['58%', '57%', '56%', '100%']  memcached=171.4%
[monitor] ['58%', '57%', '53%', '100%']  memcached=167.7%
[monitor] ['57%', '56%', '50%', '100%']  memcached=163.0%
[monitor] ['55%', '50%', '45%', '100%']  memcached=150.7%
[monitor] ['49%', '47%', '46%', '100%']  memcached=141.3%
[monitor] ['50%', '48%', '45%', '100%']  memcached=143.9%
[monitor] ['50%', '49%', '44%', '100%']  memcached=142.3%
[monitor] ['47%', '49%', '47%', '100%']  memcached=142.9%
[monitor] ['47%', '47%', '45%', '100%']  memcached=139.4%
[MEMCACHED] cores updated to: ['0', '2']
[streamcluster] cores updated to: [1, 3]
[monitor] ['58%', '97%', '56%', '100%']  memcached=114.2%
[monitor] ['58%', '100%', '60%', '97%']  memcached=118.3%
[monitor] ['60%', '97%', '57%', '100%']  memcached=117.1%
[monitor] ['61%', '100%', '58%', '97%']  memcached=118.7%
[monitor] ['61%', '97%', '62%', '97%']  memcached=123.3%
[monitor] ['60%', '100%', '59%', '97%']  memcached=118.8%
[monitor] ['61%', '97%', '61%', '100%']  memcached=121.6%
[monitor] ['59%', '100%', '57%', '97%']  memcached=116.0%
[monitor] ['61%', '97%', '60%', '97%']  memcached=121.1%
[monitor] ['57%', '100%', '56%', '100%']  memcached=113.0%
[monitor] ['62%', '97%', '59%', '97%']  memcached=121.0%
[monitor] ['60%', '100%', '57%', '100%']  memcached=117.1%
[monitor] ['56%', '97%', '58%', '97%']  memcached=113.5%
[monitor] ['61%', '97%', '59%', '97%']  memcached=120.6%
[monitor] ['61%', '100%', '59%', '97%']  memcached=119.3%
[monitor] ['59%', '97%', '58%', '100%']  memcached=117.8%
[monitor] ['60%', '100%', '55%', '97%']  memcached=114.8%
[monitor] ['59%', '97%', '56%', '97%']  memcached=115.3%
[monitor] ['61%', '100%', '57%', '97%']  memcached=118.3%
[monitor] ['59%', '97%', '57%', '100%']  memcached=116.6%
[monitor] ['56%', '97%', '58%', '97%']  memcached=114.2%
[monitor] ['62%', '100%', '60%', '100%']  memcached=122.2%
[monitor] ['58%', '97%', '56%', '97%']  memcached=114.2%
[monitor] ['62%', '97%', '58%', '97%']  memcached=119.7%
[monitor] ['60%', '100%', '59%', '97%']  memcached=119.5%
[monitor] ['59%', '100%', '57%', '97%']  memcached=116.6%
[monitor] ['59%', '97%', '61%', '97%']  memcached=120.6%
[monitor] ['59%', '100%', '60%', '100%']  memcached=118.8%
[monitor] ['56%', '97%', '55%', '97%']  memcached=110.4%
[monitor] ['60%', '100%', '56%', '97%']  memcached=116.3%
[monitor] ['58%', '97%', '58%', '100%']  memcached=116.7%
[monitor] ['60%', '97%', '58%', '97%']  memcached=117.6%
[monitor] ['60%', '100%', '61%', '97%']  memcached=121.1%
[monitor] ['61%', '97%', '57%', '100%']  memcached=118.3%
[monitor] ['59%', '100%', '59%', '97%']  memcached=118.3%
[monitor] ['65%', '97%', '61%', '97%']  memcached=126.0%
[monitor] ['64%', '100%', '61%', '100%']  memcached=124.5%
[monitor] ['57%', '97%', '56%', '97%']  memcached=113.0%
[monitor] ['60%', '97%', '60%', '100%']  memcached=120.0%
[monitor] ['59%', '100%', '60%', '97%']  memcached=118.8%
[monitor] ['61%', '100%', '57%', '100%']  memcached=118.3%
[monitor] ['61%', '97%', '57%', '97%']  memcached=118.3%
[monitor] ['57%', '100%', '58%', '100%']  memcached=114.7%
[monitor] ['62%', '97%', '57%', '97%']  memcached=119.3%
[monitor] ['66%', '100%', '64%', '100%']  memcached=129.7%
[monitor] ['61%', '97%', '64%', '97%']  memcached=125.0%
[monitor] ['65%', '100%', '64%', '97%']  memcached=128.8%
[monitor] ['63%', '97%', '60%', '97%']  memcached=122.9%
[monitor] ['68%', '100%', '65%', '97%']  memcached=132.4%
[monitor] ['62%', '97%', '64%', '100%']  memcached=126.1%
[monitor] ['65%', '100%', '59%', '97%']  memcached=123.7%
[monitor] ['64%', '100%', '65%', '97%']  memcached=128.8%
[monitor] ['65%', '97%', '64%', '100%']  memcached=128.8%
[monitor] ['64%', '97%', '62%', '97%']  memcached=126.1%
[monitor] ['67%', '100%', '65%', '100%']  memcached=131.5%
[monitor] ['63%', '97%', '62%', '97%']  memcached=124.9%
[monitor] ['64%', '100%', '62%', '100%']  memcached=125.7%
[monitor] ['64%', '97%', '63%', '97%']  memcached=127.0%
[monitor] ['64%', '100%', '65%', '100%']  memcached=128.8%
[monitor] ['63%', '97%', '63%', '97%']  memcached=125.7%
[monitor] ['62%', '97%', '62%', '97%']  memcached=123.9%
[monitor] ['64%', '100%', '61%', '97%']  memcached=125.0%
[monitor] ['63%', '97%', '60%', '100%']  memcached=122.9%
[monitor] ['62%', '100%', '64%', '97%']  memcached=126.1%
[monitor] ['65%', '97%', '64%', '97%']  memcached=128.8%
[monitor] ['63%', '100%', '64%', '97%']  memcached=126.7%
[monitor] ['64%', '97%', '63%', '100%']  memcached=126.7%
[monitor] ['65%', '97%', '61%', '97%']  memcached=126.0%
[monitor] ['63%', '100%', '66%', '100%']  memcached=128.6%
[monitor] ['66%', '97%', '64%', '97%']  memcached=129.6%
[monitor] ['61%', '100%', '63%', '100%']  memcached=124.0%
[monitor] ['64%', '97%', '63%', '97%']  memcached=126.7%
[monitor] ['65%', '97%', '62%', '97%']  memcached=126.5%
[monitor] ['62%', '100%', '63%', '100%']  memcached=125.0%
[monitor] ['65%', '97%', '63%', '97%']  memcached=127.6%
[monitor] ['64%', '100%', '63%', '100%']  memcached=127.0%
[monitor] ['62%', '97%', '62%', '97%']  memcached=124.3%
[monitor] ['63%', '100%', '62%', '97%']  memcached=124.6%
[monitor] ['63%', '97%', '61%', '100%']  memcached=123.5%
[monitor] ['64%', '97%', '61%', '97%']  memcached=125.0%
[monitor] ['63%', '100%', '65%', '100%']  memcached=127.7%
[monitor] ['64%', '100%', '64%', '97%']  memcached=127.8%
[monitor] ['63%', '97%', '61%', '100%']  memcached=123.5%
[monitor] ['65%', '97%', '63%', '97%']  memcached=127.7%
[monitor] ['65%', '100%', '65%', '100%']  memcached=129.7%
[monitor] ['66%', '97%', '63%', '97%']  memcached=128.6%
[monitor] ['63%', '97%', '63%', '100%']  memcached=125.7%
[monitor] ['64%', '97%', '64%', '100%']  memcached=127.8%
[monitor] ['64%', '100%', '62%', '97%']  memcached=125.7%
[monitor] ['65%', '97%', '63%', '97%']  memcached=128.0%
[monitor] ['64%', '100%', '61%', '100%']  memcached=124.5%
[monitor] ['65%', '97%', '67%', '97%']  memcached=131.4%
[monitor] ['63%', '100%', '62%', '97%']  memcached=125.0%
[monitor] ['54%', '97%', '52%', '97%']  memcached=105.8%
[monitor] ['49%', '100%', '45%', '97%']  memcached=94.0%
[monitor] ['51%', '97%', '45%', '97%']  memcached=96.6%
[monitor] ['47%', '100%', '49%', '100%']  memcached=95.6%
[monitor] ['50%', '100%', '48%', '97%']  memcached=98.5%
[monitor] ['47%', '97%', '45%', '97%']  memcached=92.5%
[monitor] ['48%', '100%', '45%', '97%']  memcached=93.9%
[monitor] ['50%', '97%', '47%', '97%']  memcached=97.1%
[monitor] ['50%', '97%', '47%', '100%']  memcached=96.9%
[monitor] ['49%', '100%', '45%', '97%']  memcached=94.0%
[monitor] ['48%', '97%', '50%', '97%']  memcached=98.5%
[monitor] ['51%', '100%', '45%', '97%']  memcached=96.9%
[monitor] ['49%', '97%', '49%', '97%']  memcached=97.1%
[monitor] ['49%', '100%', '47%', '100%']  memcached=95.6%
[monitor] ['50%', '97%', '47%', '97%']  memcached=96.9%
[monitor] ['47%', '97%', '45%', '97%']  memcached=92.5%
[monitor] ['50%', '100%', '45%', '97%']  memcached=95.5%
[monitor] ['47%', '97%', '48%', '97%']  memcached=95.5%
[monitor] ['51%', '100%', '45%', '100%']  memcached=96.9%
[monitor] ['51%', '97%', '47%', '97%']  memcached=98.4%
[monitor] ['47%', '100%', '44%', '100%']  memcached=90.8%
[monitor] ['49%', '100%', '47%', '97%']  memcached=95.4%
[monitor] ['50%', '97%', '47%', '100%']  memcached=97.1%
[monitor] ['51%', '100%', '45%', '97%']  memcached=96.9%
[monitor] ['47%', '97%', '49%', '97%']  memcached=95.6%
[monitor] ['44%', '97%', '45%', '97%']  memcached=88.9%
[monitor] ['51%', '100%', '47%', '97%']  memcached=98.5%
[monitor] ['47%', '100%', '42%', '100%']  memcached=89.0%
[monitor] ['45%', '97%', '47%', '97%']  memcached=92.5%
[monitor] ['51%', '100%', '45%', '100%']  memcached=96.8%
[monitor] ['47%', '100%', '45%', '97%']  memcached=92.3%
[monitor] ['51%', '97%', '50%', '97%']  memcached=101.4%
[monitor] ['44%', '100%', '45%', '100%']  memcached=89.2%
[monitor] ['48%', '100%', '44%', '97%']  memcached=92.2%
[monitor] ['45%', '97%', '45%', '100%']  memcached=90.9%
[monitor] ['50%', '100%', '45%', '97%']  memcached=95.5%
[monitor] ['49%', '100%', '45%', '100%']  memcached=93.7%
[monitor] ['45%', '97%', '44%', '97%']  memcached=88.9%
[monitor] ['50%', '100%', '48%', '97%']  memcached=98.5%
[monitor] ['47%', '100%', '44%', '97%']  memcached=90.8%
[monitor] ['53%', '97%', '48%', '100%']  memcached=101.1%
[monitor] ['52%', '100%', '55%', '97%']  memcached=106.2%
[monitor] ['50%', '97%', '45%', '100%']  memcached=95.5%
[monitor] ['48%', '100%', '50%', '97%']  memcached=98.5%
[monitor] ['50%', '100%', '47%', '100%']  memcached=97.1%
[monitor] ['51%', '97%', '47%', '97%']  memcached=98.2%
[monitor] ['48%', '97%', '45%', '97%']  memcached=93.9%
[monitor] ['50%', '100%', '50%', '100%']  memcached=100.0%
[monitor] ['48%', '97%', '42%', '97%']  memcached=90.4%
[monitor] ['47%', '100%', '45%', '97%']  memcached=92.5%
[monitor] ['66%', '97%', '65%', '100%']  memcached=130.4%
[monitor] ['75%', '100%', '75%', '100%']  memcached=150.0%
[monitor] ['74%', '97%', '73%', '97%']  memcached=147.0%
[monitor] ['74%', '100%', '76%', '100%']  memcached=149.8%
[monitor] ['76%', '97%', '76%', '97%']  memcached=152.1%
[monitor] ['75%', '97%', '75%', '100%']  memcached=150.0%
[monitor] ['76%', '100%', '74%', '100%']  memcached=150.0%
[monitor] ['76%', '100%', '75%', '11%']  memcached=150.7%
[monitor] ['75%', '93%', '75%', '97%']  memcached=150.0%
[monitor] ['75%', '100%', '75%', '93%']  memcached=150.0%
[monitor] ['75%', '100%', '78%', '93%']  memcached=153.4%
[monitor] ['75%', '97%', '72%', '100%']  memcached=147.2%
[monitor] ['74%', '100%', '75%', '97%']  memcached=148.5%
[monitor] ['76%', '97%', '77%', '100%']  memcached=153.6%
[monitor] ['74%', '100%', '75%', '97%']  memcached=148.5%
[monitor] ['76%', '97%', '75%', '100%']  memcached=151.3%
[monitor] ['76%', '100%', '74%', '97%']  memcached=150.8%
[monitor] ['74%', '100%', '76%', '97%']  memcached=150.0%
[monitor] ['74%', '97%', '74%', '100%']  memcached=148.6%
[monitor] ['74%', '100%', '71%', '97%']  memcached=144.1%
[monitor] ['78%', '97%', '77%', '100%']  memcached=155.5%
[monitor] ['74%', '100%', '75%', '97%']  memcached=148.5%
[monitor] ['75%', '97%', '74%', '100%']  memcached=149.3%
[monitor] ['76%', '100%', '76%', '97%']  memcached=151.4%
[monitor] ['74%', '97%', '74%', '100%']  memcached=147.8%
[monitor] ['76%', '100%', '72%', '100%']  memcached=147.9%
[monitor] ['78%', '100%', '79%', '97%']  memcached=157.2%
[monitor] ['74%', '97%', '74%', '97%']  memcached=147.8%
[monitor] ['76%', '100%', '74%', '100%']  memcached=149.2%
[monitor] ['77%', '97%', '76%', '97%']  memcached=152.8%
[monitor] ['76%', '97%', '75%', '100%']  memcached=150.7%
[monitor] ['75%', '97%', '74%', '97%']  memcached=149.3%
[monitor] ['74%', '100%', '72%', '97%']  memcached=146.5%
[monitor] ['74%', '97%', '77%', '100%']  memcached=151.4%
[monitor] ['74%', '97%', '73%', '97%']  memcached=147.3%
[monitor] ['74%', '100%', '74%', '100%']  memcached=148.6%
[monitor] ['71%', '97%', '73%', '100%']  memcached=144.4%
[monitor] ['74%', '100%', '76%', '100%']  memcached=149.2%
[monitor] ['76%', '97%', '74%', '97%']  memcached=150.0%
[monitor] ['76%', '100%', '74%', '100%']  memcached=149.2%
[monitor] ['74%', '97%', '74%', '97%']  memcached=148.6%
[monitor] ['76%', '100%', '74%', '97%']  memcached=150.0%
[monitor] ['76%', '97%', '75%', '100%']  memcached=151.5%
[monitor] ['74%', '100%', '74%', '97%']  memcached=148.6%
[monitor] ['76%', '97%', '75%', '100%']  memcached=150.7%
[monitor] ['76%', '97%', '74%', '100%']  memcached=150.0%
[monitor] ['74%', '100%', '76%', '97%']  memcached=150.0%
[monitor] ['76%', '97%', '74%', '100%']  memcached=150.0%
[monitor] ['71%', '100%', '74%', '97%']  memcached=145.7%
[monitor] ['75%', '97%', '72%', '97%']  memcached=147.2%
[monitor] ['79%', '100%', '79%', '100%']  memcached=158.2%
[monitor] ['80%', '97%', '79%', '97%']  memcached=159.4%
[monitor] ['79%', '100%', '83%', '100%']  memcached=161.6%
[MEMCACHED] cores updated to: ['0', '2', '3']
[streamcluster] cores updated to: [1]
[monitor] ['67%', '100%', '62%', '61%']  memcached=189.0%
[monitor] ['68%', '100%', '61%', '66%']  memcached=194.6%
[monitor] ['67%', '100%', '64%', '62%']  memcached=192.3%
[monitor] ['69%', '100%', '66%', '65%']  memcached=199.0%
[monitor] ['67%', '100%', '63%', '64%']  memcached=193.2%
[monitor] ['71%', '100%', '64%', '66%']  memcached=199.9%
[monitor] ['67%', '100%', '65%', '65%']  memcached=196.1%
[monitor] ['69%', '100%', '62%', '62%']  memcached=192.8%
[monitor] ['69%', '100%', '63%', '66%']  memcached=197.1%
[monitor] ['67%', '100%', '67%', '64%']  memcached=197.0%
[monitor] ['70%', '100%', '64%', '62%']  memcached=195.9%
[monitor] ['68%', '100%', '62%', '67%']  memcached=196.1%
[monitor] ['69%', '100%', '65%', '66%']  memcached=199.9%
[monitor] ['67%', '100%', '62%', '64%']  memcached=192.8%
[monitor] ['68%', '100%', '67%', '65%']  memcached=199.0%
[monitor] ['69%', '100%', '62%', '66%']  memcached=196.0%
[monitor] ['68%', '100%', '65%', '65%']  memcached=197.1%
[monitor] ['66%', '100%', '62%', '64%']  memcached=191.1%
[monitor] ['67%', '100%', '64%', '62%']  memcached=192.3%
[monitor] ['66%', '100%', '59%', '61%']  memcached=185.1%
[monitor] ['67%', '100%', '62%', '65%']  memcached=193.1%
[monitor] ['69%', '100%', '62%', '62%']  memcached=193.6%
[monitor] ['65%', '100%', '62%', '63%']  memcached=189.3%
[monitor] ['69%', '100%', '62%', '65%']  memcached=195.0%
[monitor] ['65%', '100%', '64%', '64%']  memcached=192.0%
[monitor] ['68%', '100%', '63%', '66%']  memcached=196.2%
[monitor] ['67%', '100%', '64%', '62%']  memcached=192.8%
[monitor] ['66%', '100%', '62%', '66%']  memcached=193.2%
[monitor] ['68%', '100%', '66%', '66%']  memcached=199.0%
[monitor] ['67%', '100%', '63%', '62%']  memcached=191.3%
[monitor] ['69%', '100%', '62%', '65%']  memcached=195.9%
[monitor] ['67%', '100%', '65%', '66%']  memcached=197.0%
[monitor] ['69%', '100%', '63%', '62%']  memcached=193.9%
[monitor] ['69%', '100%', '65%', '67%']  memcached=199.9%
[monitor] ['68%', '100%', '65%', '62%']  memcached=194.9%
[monitor] ['66%', '100%', '61%', '64%']  memcached=190.6%
[monitor] ['66%', '100%', '59%', '61%']  memcached=186.3%
[monitor] ['69%', '100%', '62%', '64%']  memcached=194.0%
[monitor] ['66%', '100%', '64%', '63%']  memcached=192.1%
[monitor] ['69%', '100%', '61%', '61%']  memcached=190.5%
[monitor] ['71%', '100%', '71%', '67%']  memcached=207.8%
[monitor] ['67%', '100%', '65%', '66%']  memcached=197.2%
[monitor] ['68%', '100%', '66%', '63%']  memcached=196.1%
[monitor] ['67%', '100%', '61%', '64%']  memcached=190.9%
[monitor] ['67%', '100%', '61%', '64%']  memcached=190.9%
[monitor] ['70%', '100%', '66%', '65%']  memcached=200.1%
[monitor] ['66%', '100%', '61%', '62%']  memcached=188.6%
[monitor] ['58%', '100%', '54%', '53%']  memcached=165.7%
[monitor] ['57%', '100%', '54%', '54%']  memcached=165.7%
[monitor] ['54%', '100%', '48%', '53%']  memcached=155.7%
[monitor] ['57%', '100%', '57%', '53%']  memcached=166.8%
[monitor] ['56%', '100%', '54%', '53%']  memcached=163.1%
[monitor] ['57%', '100%', '53%', '53%']  memcached=162.9%
[monitor] ['55%', '100%', '52%', '52%']  memcached=157.6%
[monitor] ['56%', '100%', '54%', '53%']  memcached=162.8%
[monitor] ['53%', '100%', '51%', '52%']  memcached=155.9%
[monitor] ['53%', '100%', '50%', '48%']  memcached=151.5%
[monitor] ['54%', '100%', '48%', '53%']  memcached=155.7%
[monitor] ['55%', '100%', '50%', '50%']  memcached=154.5%
[monitor] ['55%', '100%', '48%', '53%']  memcached=155.9%
[monitor] ['53%', '100%', '50%', '48%']  memcached=151.3%
[monitor] ['53%', '100%', '52%', '48%']  memcached=152.8%
[monitor] ['53%', '100%', '47%', '48%']  memcached=148.5%
[monitor] ['54%', '100%', '48%', '51%']  memcached=154.2%
[monitor] ['54%', '100%', '53%', '51%']  memcached=158.7%
[monitor] ['57%', '100%', '53%', '53%']  memcached=163.0%
[monitor] ['54%', '100%', '54%', '52%']  memcached=160.1%
[monitor] ['54%', '100%', '53%', '56%']  memcached=163.1%
[monitor] ['59%', '100%', '53%', '53%']  memcached=165.3%
[monitor] ['56%', '100%', '52%', '54%']  memcached=161.7%
[monitor] ['56%', '100%', '51%', '52%']  memcached=158.5%
[monitor] ['56%', '100%', '54%', '50%']  memcached=159.8%
[monitor] ['57%', '100%', '53%', '54%']  memcached=164.4%
[monitor] ['57%', '100%', '53%', '53%']  memcached=163.0%
[monitor] ['57%', '100%', '54%', '52%']  memcached=162.9%
[monitor] ['57%', '100%', '50%', '53%']  memcached=159.7%
[monitor] ['52%', '100%', '51%', '50%']  memcached=152.9%
[monitor] ['56%', '100%', '51%', '50%']  memcached=157.0%
[monitor] ['57%', '100%', '50%', '51%']  memcached=158.2%
[monitor] ['54%', '100%', '53%', '53%']  memcached=160.0%
[monitor] ['56%', '100%', '48%', '53%']  memcached=156.8%
[monitor] ['56%', '100%', '54%', '56%']  memcached=166.1%
[monitor] ['53%', '100%', '54%', '54%']  memcached=161.5%
[monitor] ['57%', '100%', '53%', '54%']  memcached=164.2%
[monitor] ['56%', '100%', '54%', '54%']  memcached=164.5%
[monitor] ['56%', '100%', '53%', '54%']  memcached=162.8%
[monitor] ['58%', '100%', '56%', '57%']  memcached=171.0%
[monitor] ['57%', '100%', '54%', '51%']  memcached=162.2%
[monitor] ['57%', '100%', '54%', '57%']  memcached=168.2%
[monitor] ['54%', '100%', '53%', '53%']  memcached=160.0%
[monitor] ['57%', '100%', '48%', '52%']  memcached=157.0%
[monitor] ['53%', '100%', '54%', '55%']  memcached=162.0%
[monitor] ['57%', '100%', '54%', '53%']  memcached=163.8%
[monitor] ['58%', '100%', '50%', '52%']  memcached=159.8%
[monitor] ['55%', '100%', '54%', '57%']  memcached=166.0%
[monitor] ['58%', '100%', '54%', '55%']  memcached=167.2%
[monitor] ['54%', '100%', '50%', '53%']  memcached=157.2%
[monitor] ['57%', '100%', '53%', '52%']  memcached=161.4%
[monitor] ['54%', '100%', '48%', '52%']  memcached=154.3%
[monitor] ['56%', '100%', '52%', '50%']  memcached=157.1%
[monitor] ['53%', '100%', '53%', '53%']  memcached=158.7%
[monitor] ['55%', '100%', '54%', '52%']  memcached=160.3%
[monitor] ['53%', '100%', '50%', '56%']  memcached=158.5%
[monitor] ['52%', '100%', '56%', '50%']  memcached=157.1%
[monitor] ['57%', '100%', '53%', '53%']  memcached=162.8%
[monitor] ['57%', '100%', '50%', '52%']  memcached=158.7%
[monitor] ['56%', '100%', '56%', '53%']  memcached=164.1%
[monitor] ['56%', '100%', '53%', '53%']  memcached=161.8%
[monitor] ['56%', '100%', '51%', '54%']  memcached=161.3%
[monitor] ['53%', '100%', '53%', '50%']  memcached=155.9%
[monitor] ['57%', '100%', '53%', '50%']  memcached=159.5%
[monitor] ['53%', '100%', '50%', '53%']  memcached=156.1%
[monitor] ['50%', '100%', '51%', '53%']  memcached=154.2%
[monitor] ['57%', '100%', '51%', '53%']  memcached=161.1%
[monitor] ['56%', '100%', '53%', '55%']  memcached=163.4%
[monitor] ['56%', '100%', '54%', '54%']  memcached=163.9%
[monitor] ['53%', '100%', '48%', '54%']  memcached=155.5%
[monitor] ['57%', '100%', '54%', '54%']  memcached=165.7%
[monitor] ['56%', '100%', '51%', '54%']  memcached=161.3%
[monitor] ['54%', '100%', '51%', '51%']  memcached=157.1%
[monitor] ['58%', '100%', '53%', '53%']  memcached=163.6%
[monitor] ['56%', '100%', '53%', '57%']  memcached=165.1%
[monitor] ['57%', '100%', '53%', '52%']  memcached=161.6%
[monitor] ['54%', '100%', '53%', '52%']  memcached=158.6%
[monitor] ['57%', '100%', '53%', '52%']  memcached=161.2%
[monitor] ['57%', '100%', '50%', '54%']  memcached=161.4%
[monitor] ['54%', '100%', '53%', '52%']  memcached=158.6%
[monitor] ['58%', '100%', '48%', '52%']  memcached=158.3%
[monitor] ['57%', '100%', '53%', '51%']  memcached=161.0%
[monitor] ['56%', '100%', '53%', '50%']  memcached=158.3%
[monitor] ['53%', '100%', '50%', '53%']  memcached=155.9%
[monitor] ['57%', '100%', '52%', '51%']  memcached=159.7%
[monitor] ['56%', '100%', '53%', '52%']  memcached=159.8%
[monitor] ['56%', '100%', '57%', '52%']  memcached=163.8%
[monitor] ['56%', '100%', '54%', '53%']  memcached=163.1%
[monitor] ['56%', '100%', '50%', '53%']  memcached=158.5%
[monitor] ['56%', '100%', '50%', '53%']  memcached=158.5%
[monitor] ['56%', '100%', '52%', '53%']  memcached=160.0%
[monitor] ['58%', '100%', '57%', '56%']  memcached=170.2%
[monitor] ['57%', '100%', '50%', '56%']  memcached=162.3%
[monitor] ['57%', '100%', '53%', '57%']  memcached=167.2%
[monitor] ['54%', '100%', '52%', '53%']  memcached=158.7%
[monitor] ['54%', '100%', '51%', '50%']  memcached=155.7%
[monitor] ['56%', '100%', '51%', '50%']  memcached=157.3%
[monitor] ['56%', '100%', '54%', '52%']  memcached=161.4%
[monitor] ['54%', '100%', '53%', '53%']  memcached=160.0%
[monitor] ['66%', '100%', '61%', '64%']  memcached=190.0%
[monitor] ['79%', '100%', '76%', '75%']  memcached=229.5%
[monitor] ['75%', '100%', '73%', '71%']  memcached=218.7%
[monitor] ['81%', '100%', '74%', '75%']  memcached=229.8%
[monitor] ['79%', '100%', '75%', '76%']  memcached=229.5%
[monitor] ['82%', '100%', '76%', '79%']  memcached=236.4%
[monitor] ['79%', '100%', '76%', '75%']  memcached=230.2%
[monitor] ['81%', '100%', '76%', '77%']  memcached=234.4%
[monitor] ['84%', '100%', '79%', '78%']  memcached=241.3%
[monitor] ['81%', '100%', '76%', '77%']  memcached=234.9%
[monitor] ['82%', '100%', '78%', '79%']  memcached=238.7%
[monitor] ['81%', '100%', '75%', '78%']  memcached=234.4%
[monitor] ['79%', '100%', '76%', '74%']  memcached=228.7%
[monitor] ['83%', '100%', '75%', '78%']  memcached=236.5%
[monitor] ['82%', '100%', '77%', '78%']  memcached=237.1%
[monitor] ['81%', '100%', '79%', '78%']  memcached=237.6%
[monitor] ['82%', '100%', '76%', '77%']  memcached=235.4%
[monitor] ['79%', '100%', '75%', '78%']  memcached=231.9%
[monitor] ['79%', '100%', '73%', '74%']  memcached=225.0%
[monitor] ['81%', '100%', '76%', '76%']  memcached=232.8%
[monitor] ['76%', '100%', '70%', '73%']  memcached=218.9%
[monitor] ['82%', '100%', '74%', '76%']  memcached=232.6%
[monitor] ['79%', '100%', '74%', '73%']  memcached=225.0%
[monitor] ['81%', '100%', '77%', '78%']  memcached=236.0%
[monitor] ['82%', '100%', '76%', '79%']  memcached=237.1%
[monitor] ['84%', '100%', '76%', '79%']  memcached=239.6%
[monitor] ['84%', '100%', '75%', '76%']  memcached=235.1%
[monitor] ['81%', '100%', '75%', '82%']  memcached=238.1%
[monitor] ['79%', '100%', '75%', '74%']  memcached=228.0%
[monitor] ['81%', '100%', '71%', '73%']  memcached=224.6%
[monitor] ['82%', '100%', '76%', '79%']  memcached=236.4%
[monitor] ['82%', '100%', '76%', '77%']  memcached=235.0%
[monitor] ['82%', '100%', '79%', '79%']  memcached=240.0%
[monitor] ['81%', '100%', '77%', '79%']  memcached=237.2%
[monitor] ['84%', '100%', '78%', '76%']  memcached=238.5%
[monitor] ['81%', '100%', '73%', '77%']  memcached=231.4%
[monitor] ['79%', '100%', '73%', '76%']  memcached=227.3%
[monitor] ['82%', '100%', '78%', '76%']  memcached=236.2%
[monitor] ['80%', '100%', '72%', '75%']  memcached=226.9%
[monitor] ['85%', '100%', '79%', '78%']  memcached=241.8%
[monitor] ['82%', '100%', '74%', '76%']  memcached=231.9%
[monitor] ['76%', '100%', '72%', '71%']  memcached=218.6%
[monitor] ['76%', '100%', '73%', '73%']  memcached=221.9%
[monitor] ['80%', '100%', '74%', '75%']  memcached=228.5%
[monitor] ['81%', '100%', '75%', '74%']  memcached=229.8%
[monitor] ['78%', '100%', '74%', '78%']  memcached=229.8%
[monitor] ['82%', '100%', '75%', '76%']  memcached=232.6%
[monitor] ['81%', '100%', '73%', '76%']  memcached=229.7%
[monitor] ['82%', '100%', '79%', '79%']  memcached=241.2%
[monitor] ['84%', '100%', '78%', '78%']  memcached=240.6%
[monitor] ['35%', '100%', '32%', '33%']  memcached=101.1%
[MEMCACHED] cores updated to: ['0', '3']
[streamcluster] cores updated to: [1, 2]
[monitor] ['10%', '93%', '94%', '7%']  memcached=17.1%
[MEMCACHED] cores updated to: ['0']
[streamcluster] cores updated to: [3, 1, 2]
[monitor] ['17%', '97%', '77%', '100%']  memcached=17.2%
[monitor] ['14%', '100%', '77%', '100%']  memcached=13.8%
[monitor] ['17%', '100%', '79%', '100%']  memcached=17.2%
[monitor] ['14%', '100%', '80%', '100%']  memcached=14.3%
[monitor] ['17%', '100%', '77%', '97%']  memcached=16.7%
[monitor] ['11%', '100%', '79%', '100%']  memcached=11.1%
[monitor] ['17%', '100%', '77%', '100%']  memcached=17.2%
[monitor] ['11%', '100%', '81%', '97%']  memcached=10.7%
[monitor] ['21%', '100%', '80%', '100%']  memcached=20.7%
[monitor] ['14%', '100%', '79%', '100%']  memcached=14.3%
[monitor] ['17%', '52%', '87%', '52%']  memcached=16.7%
[monitor] ['17%', '73%', '77%', '66%']  memcached=16.7%
[monitor] ['11%', '100%', '73%', '97%']  memcached=10.7%
[monitor] ['17%', '100%', '77%', '97%']  memcached=17.2%
[monitor] ['14%', '100%', '79%', '100%']  memcached=13.8%
[monitor] ['17%', '100%', '77%', '100%']  memcached=17.2%
[monitor] ['19%', '100%', '79%', '100%']  memcached=19.4%
[monitor] ['14%', '100%', '80%', '100%']  memcached=14.3%
[monitor] ['11%', '97%', '77%', '97%']  memcached=10.7%
[monitor] ['17%', '100%', '77%', '97%']  memcached=17.2%
[monitor] ['17%', '100%', '80%', '100%']  memcached=16.7%
[monitor] ['17%', '100%', '77%', '97%']  memcached=17.2%
[monitor] ['17%', '100%', '79%', '100%']  memcached=16.7%
[monitor] ['17%', '100%', '77%', '97%']  memcached=17.2%
[monitor] ['14%', '100%', '77%', '100%']  memcached=13.8%
[monitor] ['20%', '100%', '77%', '100%']  memcached=20.0%
[monitor] ['14%', '100%', '80%', '97%']  memcached=13.8%
[monitor] ['17%', '100%', '77%', '100%']  memcached=17.2%
[monitor] ['22%', '100%', '80%', '100%']  memcached=21.9%
[monitor] ['14%', '100%', '79%', '97%']  memcached=14.3%
[monitor] ['14%', '100%', '77%', '100%']  memcached=13.8%
[monitor] ['14%', '100%', '77%', '97%']  memcached=14.3%
[monitor] ['14%', '100%', '80%', '97%']  memcached=13.8%
[monitor] ['14%', '100%', '77%', '100%']  memcached=14.3%
[monitor] ['17%', '100%', '77%', '100%']  memcached=16.7%
[monitor] ['23%', '100%', '81%', '97%']  memcached=22.6%
[monitor] ['17%', '100%', '77%', '100%']  memcached=17.2%
[monitor] ['11%', '100%', '77%', '100%']  memcached=10.7%
[monitor] ['14%', '100%', '77%', '97%']  memcached=14.3%
[monitor] ['21%', '100%', '77%', '100%']  memcached=20.7%
[monitor] ['18%', '100%', '77%', '100%']  memcached=17.9%
[monitor] ['23%', '97%', '76%', '100%']  memcached=23.3%
[monitor] ['17%', '100%', '77%', '100%']  memcached=17.2%
[monitor] ['23%', '100%', '76%', '97%']  memcached=22.6%
[monitor] ['11%', '100%', '77%', '100%']  memcached=10.7%
[monitor] ['14%', '100%', '74%', '100%']  memcached=14.3%
[monitor] ['11%', '100%', '76%', '100%']  memcached=10.7%
[monitor] ['17%', '100%', '73%', '100%']  memcached=17.2%
[monitor] ['36%', '100%', '77%', '100%']  memcached=36.4%
[monitor] ['34%', '100%', '80%', '97%']  memcached=34.5%
[monitor] ['35%', '100%', '77%', '100%']  memcached=35.5%
[monitor] ['33%', '100%', '80%', '100%']  memcached=33.3%
[monitor] ['37%', '100%', '76%', '97%']  memcached=36.7%
[monitor] ['34%', '100%', '77%', '100%']  memcached=34.5%
[monitor] ['31%', '100%', '78%', '100%']  memcached=31.0%
[monitor] ['39%', '100%', '79%', '97%']  memcached=38.7%
[monitor] ['31%', '97%', '77%', '100%']  memcached=31.0%
[monitor] ['35%', '100%', '79%', '100%']  memcached=35.5%
[monitor] ['35%', '100%', '77%', '100%']  memcached=35.5%
[monitor] ['37%', '100%', '79%', '97%']  memcached=36.7%
[monitor] ['39%', '100%', '81%', '100%']  memcached=38.7%
[monitor] ['33%', '100%', '79%', '100%']  memcached=33.3%
[monitor] ['37%', '100%', '80%', '100%']  memcached=36.7%
[monitor] ['33%', '100%', '80%', '100%']  memcached=33.3%
[monitor] ['31%', '100%', '80%', '100%']  memcached=31.0%
[monitor] ['35%', '100%', '77%', '100%']  memcached=35.5%
[monitor] ['37%', '97%', '79%', '97%']  memcached=36.7%
[monitor] ['33%', '100%', '77%', '100%']  memcached=33.3%
[monitor] ['32%', '100%', '83%', '100%']  memcached=32.1%
[monitor] ['29%', '100%', '77%', '100%']  memcached=28.6%
[monitor] ['38%', '100%', '80%', '100%']  memcached=37.5%
[monitor] ['34%', '100%', '80%', '97%']  memcached=34.5%
[monitor] ['38%', '100%', '80%', '100%']  memcached=37.5%
[monitor] ['37%', '100%', '80%', '100%']  memcached=36.7%
[monitor] ['33%', '100%', '77%', '100%']  memcached=33.3%
[monitor] ['44%', '100%', '81%', '100%']  memcached=43.8%
[monitor] ['38%', '97%', '80%', '97%']  memcached=37.9%
[monitor] ['35%', '100%', '80%', '100%']  memcached=35.5%
[monitor] ['39%', '100%', '79%', '100%']  memcached=39.4%
[monitor] ['37%', '100%', '81%', '100%']  memcached=36.7%
[monitor] ['31%', '100%', '79%', '100%']  memcached=31.0%
[monitor] ['33%', '100%', '81%', '97%']  memcached=33.3%
[monitor] ['39%', '100%', '80%', '100%']  memcached=38.7%
[monitor] ['35%', '100%', '80%', '100%']  memcached=35.5%
[monitor] ['32%', '97%', '80%', '100%']  memcached=32.1%
[monitor] ['35%', '100%', '80%', '97%']  memcached=35.5%
[monitor] ['40%', '100%', '83%', '100%']  memcached=40.0%
[monitor] ['33%', '100%', '77%', '100%']  memcached=33.3%
[monitor] ['37%', '100%', '80%', '100%']  memcached=36.7%
[monitor] ['35%', '100%', '80%', '100%']  memcached=35.5%
[monitor] ['42%', '100%', '79%', '97%']  memcached=42.4%
[monitor] ['33%', '100%', '79%', '100%']  memcached=33.3%
[monitor] ['37%', '100%', '77%', '100%']  memcached=36.7%
[monitor] ['39%', '100%', '79%', '97%']  memcached=38.7%
[monitor] ['34%', '100%', '77%', '100%']  memcached=34.5%
[monitor] ['38%', '100%', '79%', '100%']  memcached=37.5%
[monitor] ['39%', '100%', '80%', '97%']  memcached=38.7%
[monitor] ['30%', '100%', '81%', '100%']  memcached=30.0%
[monitor] ['21%', '100%', '79%', '100%']  memcached=20.7%
[monitor] ['21%', '100%', '77%', '97%']  memcached=20.7%
[monitor] ['20%', '100%', '77%', '100%']  memcached=20.0%
[monitor] ['17%', '97%', '76%', '100%']  memcached=17.2%
[monitor] ['24%', '100%', '77%', '100%']  memcached=24.1%
[monitor] ['18%', '100%', '79%', '100%']  memcached=17.9%
[monitor] ['18%', '100%', '77%', '100%']  memcached=17.9%
[monitor] ['14%', '100%', '76%', '97%']  memcached=14.3%
[monitor] ['28%', '100%', '81%', '100%']  memcached=28.1%
[monitor] ['21%', '100%', '77%', '100%']  memcached=20.7%
[monitor] ['24%', '100%', '80%', '100%']  memcached=24.1%
[monitor] ['8%', '100%', '77%', '97%']  memcached=8.0%
[monitor] ['23%', '100%', '77%', '100%']  memcached=22.6%
[monitor] ['18%', '97%', '80%', '100%']  memcached=17.9%
[monitor] ['20%', '100%', '77%', '100%']  memcached=20.0%
[monitor] ['18%', '100%', '74%', '100%']  memcached=17.9%
[monitor] ['20%', '100%', '77%', '100%']  memcached=20.0%
[monitor] ['23%', '100%', '77%', '100%']  memcached=23.3%
[monitor] ['26%', '100%', '79%', '97%']  memcached=25.8%
[monitor] ['20%', '100%', '77%', '100%']  memcached=20.0%
[monitor] ['21%', '100%', '79%', '100%']  memcached=20.7%
[monitor] ['21%', '100%', '77%', '97%']  memcached=20.7%
[monitor] ['18%', '100%', '77%', '100%']  memcached=17.9%
[monitor] ['20%', '100%', '80%', '100%']  memcached=20.0%
[monitor] ['21%', '100%', '77%', '100%']  memcached=20.7%
[monitor] ['23%', '100%', '77%', '97%']  memcached=23.3%
[monitor] ['17%', '100%', '77%', '100%']  memcached=17.2%
[monitor] ['20%', '100%', '77%', '100%']  memcached=20.0%
[monitor] ['21%', '100%', '73%', '100%']  memcached=20.7%
[monitor] ['18%', '100%', '77%', '97%']  memcached=17.9%
[monitor] ['21%', '100%', '80%', '100%']  memcached=20.7%
[monitor] ['20%', '97%', '74%', '100%']  memcached=20.0%
[monitor] ['15%', '100%', '77%', '100%']  memcached=14.8%
[monitor] ['20%', '100%', '79%', '100%']  memcached=20.0%
[monitor] ['18%', '100%', '74%', '100%']  memcached=17.9%
[monitor] ['18%', '100%', '80%', '100%']  memcached=17.9%
[monitor] ['17%', '100%', '76%', '100%']  memcached=17.2%
[monitor] ['19%', '100%', '77%', '97%']  memcached=18.5%
[monitor] ['23%', '100%', '73%', '100%']  memcached=23.3%
[monitor] ['17%', '100%', '81%', '100%']  memcached=17.2%
[monitor] ['23%', '100%', '77%', '100%']  memcached=23.3%
[monitor] ['27%', '100%', '77%', '100%']  memcached=26.7%
[monitor] ['21%', '97%', '79%', '100%']  memcached=20.7%
[monitor] ['27%', '100%', '77%', '100%']  memcached=26.7%
[monitor] ['21%', '100%', '77%', '97%']  memcached=20.7%
[monitor] ['20%', '29%', '93%', '33%']  memcached=20.0%
[monitor] ['21%', '84%', '72%', '93%']  memcached=20.7%
[monitor] ['14%', '100%', '74%', '97%']  memcached=14.3%
[monitor] ['21%', '100%', '79%', '100%']  memcached=20.7%
[monitor] ['42%', '100%', '81%', '100%']  memcached=41.9%
[monitor] ['88%', '100%', '83%', '97%']  memcached=87.9%
[MEMCACHED] cores updated to: ['0', '3']
[streamcluster] cores updated to: [1, 2]
[monitor] ['62%', '97%', '93%', '60%']  memcached=122.2%
[monitor] ['63%', '100%', '94%', '59%']  memcached=121.7%
[monitor] ['60%', '93%', '93%', '61%']  memcached=121.1%
[monitor] ['62%', '97%', '93%', '56%']  memcached=118.0%
[monitor] ['62%', '93%', '97%', '67%']  memcached=128.4%
[monitor] ['65%', '97%', '90%', '63%']  memcached=127.6%
[monitor] ['61%', '97%', '93%', '61%']  memcached=122.2%
[monitor] ['64%', '94%', '90%', '60%']  memcached=123.9%
[monitor] ['63%', '97%', '97%', '62%']  memcached=125.4%
[monitor] ['64%', '93%', '97%', '60%']  memcached=123.9%
[monitor] ['64%', '93%', '97%', '61%']  memcached=125.0%
[monitor] ['62%', '87%', '93%', '58%']  memcached=119.3%
[monitor] ['62%', '97%', '93%', '61%']  memcached=122.9%
[monitor] ['61%', '93%', '97%', '63%']  memcached=124.0%
[monitor] ['60%', '90%', '90%', '63%']  memcached=122.9%
[monitor] ['62%', '100%', '93%', '59%']  memcached=120.6%
[monitor] ['60%', '90%', '90%', '65%']  memcached=124.7%
[monitor] ['61%', '90%', '97%', '66%']  memcached=126.3%
[monitor] ['67%', '96%', '97%', '62%']  memcached=128.4%
[monitor] ['61%', '94%', '97%', '66%']  memcached=126.8%
[monitor] ['59%', '87%', '97%', '66%']  memcached=124.5%
[monitor] ['61%', '90%', '100%', '62%']  memcached=123.3%
[monitor] ['66%', '93%', '97%', '60%']  memcached=125.7%
[monitor] ['61%', '93%', '97%', '62%']  memcached=123.3%
[monitor] ['62%', '94%', '93%', '62%']  memcached=123.5%
[monitor] ['69%', '97%', '94%', '66%']  memcached=134.3%
[monitor] ['63%', '93%', '97%', '66%']  memcached=128.6%
[monitor] ['63%', '97%', '94%', '64%']  memcached=126.7%
[monitor] ['62%', '97%', '97%', '59%']  memcached=120.6%
[monitor] ['61%', '90%', '100%', '62%']  memcached=122.9%
[monitor] ['64%', '93%', '94%', '66%']  memcached=129.6%
[monitor] ['59%', '94%', '93%', '58%']  memcached=117.2%
[monitor] ['65%', '90%', '97%', '63%']  memcached=127.6%
[monitor] ['62%', '97%', '97%', '66%']  memcached=127.9%
[monitor] ['59%', '97%', '91%', '65%']  memcached=123.5%
[monitor] ['63%', '93%', '100%', '63%']  memcached=125.7%
[monitor] ['64%', '87%', '97%', '60%']  memcached=123.9%
[monitor] ['60%', '93%', '93%', '62%']  memcached=121.8%
[monitor] ['62%', '93%', '97%', '58%']  memcached=119.7%
[monitor] ['60%', '97%', '93%', '59%']  memcached=118.8%
[monitor] ['60%', '97%', '97%', '65%']  memcached=124.9%
[monitor] ['61%', '94%', '97%', '65%']  memcached=126.0%
[monitor] ['62%', '97%', '94%', '60%']  memcached=121.8%
[monitor] ['61%', '93%', '97%', '59%']  memcached=119.9%
[monitor] ['60%', '97%', '93%', '64%']  memcached=123.9%
[monitor] ['65%', '93%', '94%', '58%']  memcached=123.2%
[monitor] ['63%', '90%', '97%', '64%']  memcached=126.7%
[monitor] ['63%', '97%', '93%', '65%']  memcached=127.7%
[monitor] ['39%', '97%', '97%', '35%']  memcached=74.9%
[monitor] ['27%', '97%', '97%', '27%']  memcached=53.3%
[MEMCACHED] cores updated to: ['0']
[streamcluster] cores updated to: [3, 1, 2]
[monitor] ['47%', '100%', '83%', '97%']  memcached=47.1%
[monitor] ['38%', '100%', '79%', '100%']  memcached=37.5%
[monitor] ['39%', '100%', '81%', '97%']  memcached=38.7%
[monitor] ['39%', '100%', '80%', '100%']  memcached=38.7%
[monitor] ['38%', '100%', '80%', '97%']  memcached=37.9%
[monitor] ['41%', '100%', '83%', '100%']  memcached=40.6%
[monitor] ['40%', '97%', '84%', '97%']  memcached=40.0%
[monitor] ['39%', '100%', '79%', '100%']  memcached=38.7%
[monitor] ['39%', '100%', '79%', '97%']  memcached=38.7%
[monitor] ['45%', '100%', '84%', '100%']  memcached=45.2%
[monitor] ['44%', '100%', '80%', '97%']  memcached=43.8%
[monitor] ['39%', '100%', '81%', '100%']  memcached=38.7%
[monitor] ['41%', '100%', '80%', '97%']  memcached=40.6%
[monitor] ['39%', '100%', '80%', '97%']  memcached=38.7%
[monitor] ['38%', '100%', '79%', '100%']  memcached=37.9%
[monitor] ['34%', '100%', '79%', '97%']  memcached=34.5%
[monitor] ['42%', '100%', '80%', '97%']  memcached=41.9%
[monitor] ['37%', '100%', '80%', '97%']  memcached=36.7%
[monitor] ['44%', '100%', '81%', '97%']  memcached=43.8%
[monitor] ['37%', '100%', '80%', '97%']  memcached=36.7%
[monitor] ['40%', '100%', '77%', '100%']  memcached=40.0%
[monitor] ['41%', '100%', '81%', '97%']  memcached=40.6%
[monitor] ['40%', '100%', '83%', '100%']  memcached=40.0%
[monitor] ['41%', '100%', '80%', '97%']  memcached=40.6%
[monitor] ['37%', '100%', '78%', '100%']  memcached=36.7%
[monitor] ['44%', '100%', '83%', '100%']  memcached=44.1%
[monitor] ['42%', '100%', '77%', '97%']  memcached=42.4%
[monitor] ['38%', '100%', '81%', '100%']  memcached=37.9%
[monitor] ['41%', '100%', '80%', '100%']  memcached=40.6%
[monitor] ['41%', '100%', '79%', '97%']  memcached=40.6%
[monitor] ['39%', '100%', '81%', '100%']  memcached=38.7%
[monitor] ['37%', '100%', '81%', '100%']  memcached=36.7%
[monitor] ['42%', '100%', '76%', '100%']  memcached=42.4%
[monitor] ['41%', '100%', '81%', '97%']  memcached=40.6%
[monitor] ['37%', '100%', '80%', '100%']  memcached=36.7%
[monitor] ['45%', '100%', '83%', '100%']  memcached=45.5%
[monitor] ['42%', '97%', '81%', '97%']  memcached=42.4%
[monitor] ['42%', '100%', '83%', '100%']  memcached=41.9%
[monitor] ['37%', '100%', '83%', '100%']  memcached=36.7%
[monitor] ['44%', '100%', '81%', '100%']  memcached=43.8%
[monitor] ['42%', '100%', '79%', '100%']  memcached=41.9%
[monitor] ['42%', '100%', '80%', '100%']  memcached=42.4%
[monitor] ['44%', '97%', '84%', '97%']  memcached=43.8%
[monitor] ['44%', '100%', '80%', '100%']  memcached=44.1%
[monitor] ['42%', '100%', '79%', '100%']  memcached=41.9%
[monitor] ['39%', '100%', '81%', '97%']  memcached=38.7%
[monitor] ['39%', '100%', '79%', '97%']  memcached=38.7%
[monitor] ['41%', '100%', '77%', '100%']  memcached=40.6%
[monitor] ['90%', '100%', '83%', '97%']  memcached=90.0%
[MEMCACHED] cores updated to: ['0', '1']
[streamcluster] cores updated to: [3, 2]
[monitor] ['91%', '91%', '93%', '90%']  memcached=181.2%
[MEMCACHED] cores updated to: ['0', '1', '2']
[streamcluster] cores updated to: [3]
[monitor] ['68%', '67%', '65%', '100%']  memcached=199.0%
[monitor] ['69%', '69%', '64%', '100%']  memcached=201.0%
[monitor] ['71%', '71%', '66%', '100%']  memcached=208.5%
[monitor] ['66%', '67%', '64%', '100%']  memcached=195.9%
[monitor] ['71%', '67%', '62%', '100%']  memcached=199.8%
[monitor] ['68%', '66%', '65%', '100%']  memcached=198.1%
[monitor] ['69%', '68%', '66%', '100%']  memcached=201.9%
[monitor] ['70%', '71%', '65%', '100%']  memcached=204.8%
[monitor] ['69%', '65%', '67%', '100%']  memcached=200.8%
[monitor] ['69%', '69%', '64%', '100%']  memcached=202.8%
[monitor] ['69%', '67%', '66%', '100%']  memcached=201.7%
[monitor] ['70%', '67%', '65%', '100%']  memcached=201.1%
[monitor] ['67%', '67%', '62%', '100%']  memcached=195.1%
[monitor] ['69%', '67%', '65%', '100%']  memcached=200.8%
[monitor] ['67%', '67%', '64%', '100%']  memcached=197.0%
[monitor] ['71%', '68%', '65%', '100%']  memcached=202.9%
[monitor] ['71%', '70%', '66%', '100%']  memcached=205.9%
[monitor] ['71%', '72%', '66%', '100%']  memcached=208.2%
[monitor] ['67%', '69%', '65%', '100%']  memcached=199.9%
[monitor] ['70%', '69%', '65%', '100%']  memcached=203.0%
[monitor] ['68%', '68%', '66%', '100%']  memcached=201.0%
[monitor] ['69%', '70%', '64%', '100%']  memcached=202.1%
[monitor] ['68%', '67%', '64%', '100%']  memcached=198.0%
[monitor] ['69%', '68%', '66%', '100%']  memcached=201.9%
[monitor] ['67%', '68%', '64%', '100%']  memcached=198.0%
[monitor] ['71%', '69%', '69%', '100%']  memcached=207.9%
[monitor] ['71%', '71%', '69%', '100%']  memcached=209.7%
[monitor] ['72%', '69%', '67%', '100%']  memcached=207.3%
[monitor] ['71%', '69%', '65%', '100%']  memcached=205.6%
[monitor] ['72%', '68%', '66%', '100%']  memcached=205.6%
[monitor] ['71%', '70%', '67%', '100%']  memcached=207.8%
[monitor] ['70%', '71%', '68%', '100%']  memcached=207.9%
[monitor] ['71%', '66%', '64%', '100%']  memcached=199.8%
[monitor] ['66%', '67%', '65%', '100%']  memcached=197.1%
[monitor] ['67%', '68%', '64%', '100%']  memcached=198.0%
[monitor] ['68%', '65%', '65%', '100%']  memcached=197.1%
[monitor] ['69%', '68%', '64%', '100%']  memcached=200.7%
[monitor] ['70%', '71%', '65%', '100%']  memcached=205.0%
[monitor] ['69%', '67%', '64%', '100%']  memcached=198.9%
[monitor] ['68%', '66%', '65%', '100%']  memcached=198.1%
[monitor] ['71%', '71%', '65%', '100%']  memcached=205.9%
[monitor] ['71%', '69%', '67%', '100%']  memcached=206.0%
[monitor] ['71%', '70%', '67%', '100%']  memcached=207.0%
[monitor] ['71%', '71%', '68%', '100%']  memcached=209.7%
[monitor] ['67%', '70%', '65%', '100%']  memcached=201.1%
[monitor] ['68%', '67%', '66%', '100%']  memcached=200.0%
[monitor] ['71%', '69%', '65%', '100%']  memcached=204.9%
[monitor] ['53%', '53%', '52%', '100%']  memcached=157.6%
[monitor] ['23%', '17%', '22%', '100%']  memcached=61.7%
[MEMCACHED] cores updated to: ['0', '2']
[streamcluster] cores updated to: [3, 1]
[monitor] ['31%', '100%', '29%', '97%']  memcached=60.3%
[MEMCACHED] cores updated to: ['0']
[streamcluster] cores updated to: [3, 1, 2]
[monitor] ['45%', '97%', '81%', '100%']  memcached=45.2%
[monitor] ['50%', '100%', '79%', '100%']  memcached=50.0%
[monitor] ['48%', '100%', '80%', '97%']  memcached=48.5%
[monitor] ['42%', '100%', '79%', '100%']  memcached=41.9%
[monitor] ['47%', '100%', '80%', '97%']  memcached=47.1%
[monitor] ['48%', '100%', '80%', '100%']  memcached=48.4%
[monitor] ['44%', '100%', '83%', '97%']  memcached=43.8%
[monitor] ['48%', '100%', '80%', '100%']  memcached=48.5%
[monitor] ['53%', '100%', '84%', '100%']  memcached=52.9%
[monitor] ['48%', '100%', '80%', '97%']  memcached=48.5%
[monitor] ['44%', '100%', '79%', '100%']  memcached=43.8%
[monitor] ['45%', '100%', '80%', '100%']  memcached=45.2%
[monitor] ['47%', '100%', '80%', '97%']  memcached=47.1%
[monitor] ['43%', '100%', '77%', '100%']  memcached=43.3%
[monitor] ['44%', '100%', '80%', '100%']  memcached=43.8%
[monitor] ['50%', '100%', '77%', '97%']  memcached=50.0%
[monitor] ['47%', '100%', '79%', '100%']  memcached=46.9%
[monitor] ['45%', '100%', '77%', '100%']  memcached=45.2%
[monitor] ['49%', '100%', '77%', '97%']  memcached=48.6%
[monitor] ['48%', '100%', '80%', '100%']  memcached=48.5%
[monitor] ['47%', '100%', '79%', '100%']  memcached=46.9%
[monitor] ['45%', '100%', '77%', '97%']  memcached=45.2%
[monitor] ['45%', '100%', '79%', '100%']  memcached=45.5%
[monitor] ['47%', '100%', '81%', '100%']  memcached=46.9%
[monitor] ['50%', '100%', '76%', '97%']  memcached=50.0%
[monitor] ['47%', '97%', '80%', '100%']  memcached=46.9%
[monitor] ['47%', '100%', '80%', '100%']  memcached=46.9%
[monitor] ['45%', '100%', '76%', '100%']  memcached=45.5%
[monitor] ['42%', '100%', '77%', '97%']  memcached=41.9%
[monitor] ['53%', '100%', '80%', '100%']  memcached=52.8%
[monitor] ['47%', '100%', '83%', '100%']  memcached=46.9%
[monitor] ['47%', '100%', '84%', '100%']  memcached=46.9%
[monitor] ['48%', '100%', '80%', '97%']  memcached=48.5%
[monitor] ['42%', '100%', '80%', '100%']  memcached=41.9%
[monitor] ['45%', '100%', '77%', '100%']  memcached=45.2%
[monitor] ['50%', '100%', '80%', '97%']  memcached=50.0%
[monitor] ['47%', '100%', '83%', '100%']  memcached=46.9%
[monitor] ['45%', '100%', '81%', '100%']  memcached=45.5%
[monitor] ['52%', '100%', '83%', '97%']  memcached=51.5%
[monitor] ['52%', '100%', '87%', '100%']  memcached=51.5%
[monitor] ['48%', '100%', '81%', '100%']  memcached=48.5%
[monitor] ['50%', '97%', '81%', '100%']  memcached=50.0%
[monitor] ['44%', '24%', '97%', '18%']  memcached=43.8%
[monitor] ['44%', '86%', '74%', '93%']  memcached=43.8%
[monitor] ['42%', '97%', '77%', '97%']  memcached=41.9%
[monitor] ['45%', '100%', '80%', '100%']  memcached=45.5%
[monitor] ['47%', '100%', '83%', '97%']  memcached=47.1%
[monitor] ['90%', '100%', '84%', '100%']  memcached=89.7%
[MEMCACHED] cores updated to: ['0', '3']
[streamcluster] cores updated to: [1, 2]
[monitor] ['88%', '97%', '94%', '84%']  memcached=171.4%
[MEMCACHED] cores updated to: ['0', '1', '3']
[streamcluster] cores updated to: [2]
[monitor] ['69%', '65%', '100%', '63%']  memcached=196.1%
[monitor] ['69%', '64%', '100%', '63%']  memcached=195.1%
[monitor] ['70%', '64%', '100%', '64%']  memcached=197.0%
[monitor] ['69%', '69%', '100%', '64%']  memcached=202.5%
[monitor] ['70%', '62%', '100%', '65%']  memcached=196.9%
[monitor] ['74%', '66%', '100%', '65%']  memcached=204.3%
[monitor] ['74%', '66%', '100%', '65%']  memcached=203.9%
[monitor] ['69%', '68%', '100%', '62%']  memcached=198.0%
[monitor] ['70%', '63%', '100%', '61%']  memcached=193.2%
[monitor] ['69%', '64%', '100%', '62%']  memcached=194.8%
[monitor] ['68%', '65%', '100%', '63%']  memcached=195.2%
[monitor] ['68%', '63%', '100%', '61%']  memcached=191.1%
[monitor] ['69%', '65%', '100%', '62%']  memcached=195.8%
[monitor] ['69%', '64%', '100%', '61%']  memcached=193.7%
[monitor] ['69%', '65%', '100%', '63%']  memcached=197.0%
[monitor] ['70%', '65%', '100%', '61%']  memcached=195.7%
[monitor] ['71%', '69%', '100%', '66%']  memcached=204.9%
[monitor] ['70%', '66%', '100%', '61%']  memcached=196.0%
[monitor] ['71%', '64%', '100%', '65%']  memcached=198.9%
[monitor] ['70%', '65%', '100%', '62%']  memcached=196.2%
[monitor] ['70%', '64%', '100%', '59%']  memcached=192.7%
[monitor] ['70%', '65%', '100%', '62%']  memcached=196.9%
[monitor] ['71%', '68%', '100%', '65%']  memcached=202.9%
[monitor] ['72%', '64%', '100%', '62%']  memcached=197.6%
[monitor] ['71%', '66%', '100%', '65%']  memcached=201.0%
[monitor] ['73%', '68%', '100%', '68%']  memcached=208.0%
[monitor] ['71%', '65%', '100%', '61%']  memcached=196.4%
[monitor] ['71%', '66%', '100%', '64%']  memcached=199.9%
[monitor] ['70%', '64%', '100%', '62%']  memcached=195.1%
[monitor] ['71%', '64%', '100%', '65%']  memcached=199.8%
[monitor] ['71%', '65%', '100%', '65%']  memcached=200.0%
[monitor] ['70%', '66%', '100%', '61%']  memcached=196.0%
[monitor] ['74%', '65%', '100%', '64%']  memcached=202.6%
[monitor] ['71%', '66%', '100%', '64%']  memcached=200.8%
[monitor] ['71%', '66%', '100%', '63%']  memcached=199.2%
[monitor] ['72%', '67%', '100%', '62%']  memcached=201.4%
[monitor] ['72%', '66%', '100%', '66%']  memcached=203.7%
[monitor] ['71%', '64%', '100%', '64%']  memcached=198.1%
[monitor] ['69%', '63%', '100%', '65%']  memcached=196.1%
[monitor] ['69%', '66%', '100%', '61%']  memcached=195.8%
[monitor] ['71%', '66%', '100%', '61%']  memcached=197.7%
[monitor] ['71%', '67%', '100%', '65%']  memcached=202.0%
[monitor] ['69%', '64%', '100%', '62%']  memcached=194.0%
[monitor] ['71%', '64%', '100%', '61%']  memcached=195.1%
[monitor] ['72%', '68%', '100%', '65%']  memcached=204.6%
[monitor] ['69%', '62%', '100%', '62%']  memcached=193.0%
[monitor] ['71%', '68%', '100%', '61%']  memcached=198.8%
[monitor] ['68%', '59%', '100%', '62%']  memcached=188.8%
[monitor] ['56%', '50%', '100%', '45%']  memcached=151.0%
[monitor] ['54%', '50%', '100%', '45%']  memcached=149.5%
[monitor] ['50%', '50%', '100%', '44%']  memcached=144.1%
[monitor] ['51%', '49%', '100%', '49%']  memcached=148.6%
[monitor] ['53%', '50%', '100%', '44%']  memcached=146.5%
[monitor] ['51%', '49%', '100%', '49%']  memcached=148.6%
[monitor] ['56%', '51%', '100%', '49%']  memcached=155.6%
[monitor] ['54%', '47%', '100%', '44%']  memcached=145.2%
[monitor] ['50%', '49%', '100%', '49%']  memcached=147.1%
[monitor] ['54%', '49%', '100%', '49%']  memcached=151.2%
[monitor] ['51%', '50%', '100%', '46%']  memcached=147.1%
[monitor] ['57%', '53%', '100%', '45%']  memcached=155.0%
[monitor] ['54%', '47%', '100%', '49%']  memcached=149.7%
[monitor] ['53%', '49%', '100%', '50%']  memcached=151.3%
[monitor] ['54%', '50%', '100%', '47%']  memcached=150.9%
[monitor] ['51%', '46%', '100%', '46%']  memcached=142.9%
[monitor] ['51%', '51%', '100%', '46%']  memcached=148.4%
[monitor] ['52%', '47%', '100%', '44%']  memcached=142.3%
[monitor] ['47%', '50%', '100%', '44%']  memcached=141.2%
[monitor] ['48%', '47%', '100%', '49%']  memcached=144.1%
[monitor] ['54%', '45%', '100%', '42%']  memcached=141.7%
[monitor] ['48%', '49%', '100%', '41%']  memcached=137.7%
[MEMCACHED] cores updated to: ['0', '3']
[streamcluster] cores updated to: [1, 2]
[monitor] ['61%', '93%', '97%', '55%']  memcached=115.7%
[monitor] ['60%', '94%', '94%', '55%']  memcached=114.5%
[monitor] ['59%', '97%', '93%', '57%']  memcached=116.6%
[monitor] ['60%', '90%', '93%', '57%']  memcached=117.1%
[monitor] ['61%', '93%', '97%', '59%']  memcached=119.9%
[monitor] ['60%', '86%', '97%', '57%']  memcached=117.1%
[monitor] ['61%', '93%', '97%', '59%']  memcached=119.9%
[monitor] ['63%', '93%', '97%', '66%']  memcached=128.6%
[monitor] ['64%', '97%', '97%', '63%']  memcached=126.7%
[monitor] ['62%', '90%', '97%', '62%']  memcached=123.5%
[monitor] ['61%', '97%', '100%', '60%']  memcached=120.6%
[monitor] ['61%', '93%', '97%', '59%']  memcached=119.9%
[monitor] ['62%', '94%', '97%', '62%']  memcached=123.5%
[monitor] ['61%', '97%', '90%', '61%']  memcached=122.2%
[monitor] ['64%', '93%', '94%', '60%']  memcached=123.9%
[monitor] ['61%', '97%', '93%', '61%']  memcached=122.2%
[monitor] ['61%', '87%', '100%', '61%']  memcached=122.2%
[monitor] ['61%', '97%', '97%', '60%']  memcached=121.1%
[monitor] ['60%', '93%', '97%', '59%']  memcached=118.8%
[monitor] ['63%', '90%', '94%', '60%']  memcached=122.9%
[monitor] ['59%', '100%', '93%', '56%']  memcached=114.7%
[monitor] ['62%', '87%', '97%', '56%']  memcached=118.4%
[monitor] ['59%', '93%', '97%', '62%']  memcached=121.0%
[monitor] ['61%', '97%', '93%', '58%']  memcached=118.7%
[monitor] ['61%', '94%', '93%', '56%']  memcached=117.0%
[monitor] ['61%', '97%', '97%', '59%']  memcached=119.9%
[monitor] ['61%', '90%', '94%', '60%']  memcached=120.6%
[monitor] ['47%', '97%', '100%', '47%']  memcached=94.1%
[monitor] ['31%', '93%', '97%', '29%']  memcached=60.3%
[MEMCACHED] cores updated to: ['0']
[streamcluster] cores updated to: [3, 1, 2]
[monitor] ['40%', '97%', '83%', '100%']  memcached=40.0%
[monitor] ['39%', '100%', '79%', '100%']  memcached=38.7%
[monitor] ['44%', '100%', '81%', '100%']  memcached=43.8%
[monitor] ['41%', '100%', '77%', '97%']  memcached=40.6%
[monitor] ['37%', '100%', '81%', '100%']  memcached=36.7%
[monitor] ['42%', '100%', '79%', '100%']  memcached=42.4%
[monitor] ['42%', '100%', '81%', '100%']  memcached=41.9%
[monitor] ['41%', '100%', '80%', '100%']  memcached=40.6%
[monitor] ['44%', '100%', '83%', '97%']  memcached=43.8%
[monitor] ['41%', '100%', '80%', '100%']  memcached=40.6%
[monitor] ['41%', '100%', '80%', '100%']  memcached=40.6%
[monitor] ['42%', '100%', '79%', '100%']  memcached=41.9%
[monitor] ['42%', '97%', '78%', '100%']  memcached=42.4%
[monitor] ['39%', '100%', '82%', '97%']  memcached=38.7%
[monitor] ['42%', '100%', '80%', '100%']  memcached=41.9%
[monitor] ['42%', '100%', '81%', '100%']  memcached=42.4%
[monitor] ['42%', '100%', '77%', '100%']  memcached=42.4%
[monitor] ['41%', '100%', '80%', '97%']  memcached=40.6%
[monitor] ['42%', '100%', '80%', '100%']  memcached=41.9%
[monitor] ['42%', '100%', '80%', '97%']  memcached=41.9%
[monitor] ['37%', '100%', '80%', '100%']  memcached=36.7%
[monitor] ['41%', '100%', '80%', '100%']  memcached=40.6%
[monitor] ['39%', '100%', '77%', '100%']  memcached=38.7%
[monitor] ['42%', '100%', '81%', '97%']  memcached=41.9%
[monitor] ['39%', '100%', '79%', '100%']  memcached=38.7%
[monitor] ['41%', '100%', '80%', '100%']  memcached=40.6%
[monitor] ['47%', '97%', '83%', '100%']  memcached=46.7%
[monitor] ['39%', '100%', '79%', '97%']  memcached=38.7%
[monitor] ['38%', '100%', '83%', '100%']  memcached=37.9%
[monitor] ['39%', '100%', '80%', '97%']  memcached=38.7%
[monitor] ['39%', '100%', '80%', '100%']  memcached=38.7%
[monitor] ['39%', '100%', '78%', '100%']  memcached=38.7%
[monitor] ['42%', '100%', '83%', '97%']  memcached=41.9%
[monitor] ['42%', '100%', '80%', '100%']  memcached=42.4%
[monitor] ['37%', '100%', '77%', '100%']  memcached=36.7%
[monitor] ['39%', '100%', '80%', '100%']  memcached=38.7%
[monitor] ['42%', '100%', '80%', '97%']  memcached=41.9%
[monitor] ['41%', '100%', '80%', '100%']  memcached=40.6%
[monitor] ['39%', '100%', '83%', '100%']  memcached=38.7%
[monitor] ['42%', '100%', '81%', '97%']  memcached=41.9%
[monitor] ['41%', '100%', '79%', '100%']  memcached=40.6%
[monitor] ['40%', '100%', '80%', '100%']  memcached=40.0%
[monitor] ['39%', '100%', '79%', '100%']  memcached=38.7%
[monitor] ['42%', '100%', '77%', '97%']  memcached=42.4%
[monitor] ['38%', '100%', '77%', '100%']  memcached=37.9%
[monitor] ['39%', '100%', '79%', '100%']  memcached=38.7%
[monitor] ['37%', '97%', '81%', '100%']  memcached=36.7%
[monitor] ['37%', '100%', '80%', '100%']  memcached=36.7%
[monitor] ['87%', '100%', '83%', '97%']  memcached=87.1%
[MEMCACHED] cores updated to: ['0', '2']
[streamcluster] cores updated to: [3, 1]
[monitor] ['94%', '100%', '94%', '100%']  memcached=187.1%
[MEMCACHED] cores updated to: ['0', '2', '3']
[streamcluster] cores updated to: [1]
[monitor] ['70%', '100%', '69%', '68%']  memcached=206.8%
[monitor] ['73%', '100%', '69%', '69%']  memcached=210.2%
[monitor] ['73%', '100%', '70%', '70%']  memcached=212.1%
[monitor] ['70%', '100%', '69%', '67%']  memcached=204.9%
[monitor] ['74%', '100%', '66%', '68%']  memcached=207.6%
[monitor] ['71%', '100%', '70%', '67%']  memcached=207.0%
[monitor] ['74%', '100%', '70%', '70%']  memcached=212.9%
[monitor] ['73%', '100%', '69%', '69%']  memcached=210.2%
[monitor] ['74%', '100%', '69%', '70%']  memcached=212.6%
[monitor] ['73%', '100%', '69%', '70%']  memcached=211.2%
[monitor] ['73%', '100%', '68%', '71%']  memcached=211.0%
[monitor] ['76%', '100%', '73%', '73%']  memcached=221.2%
[monitor] ['75%', '100%', '68%', '72%']  memcached=214.6%
[monitor] ['74%', '100%', '71%', '71%']  memcached=215.5%
[monitor] ['75%', '100%', '69%', '69%']  memcached=212.3%
[monitor] ['71%', '100%', '70%', '69%']  memcached=209.9%
[monitor] ['74%', '100%', '67%', '68%']  memcached=207.8%
[monitor] ['71%', '100%', '68%', '65%']  memcached=202.8%
[monitor] ['73%', '100%', '68%', '70%']  memcached=210.1%
[monitor] ['74%', '100%', '69%', '72%']  memcached=214.2%
[monitor] ['74%', '100%', '71%', '69%']  memcached=212.7%
[monitor] ['70%', '100%', '67%', '66%']  memcached=202.0%
[monitor] ['71%', '100%', '68%', '68%']  memcached=205.9%
[monitor] ['76%', '100%', '68%', '69%']  memcached=212.2%
[monitor] ['71%', '100%', '68%', '68%']  memcached=206.0%
[monitor] ['69%', '100%', '67%', '66%']  memcached=201.0%
[monitor] ['72%', '100%', '69%', '69%']  memcached=209.4%
[monitor] ['72%', '100%', '69%', '67%']  memcached=207.3%
[monitor] ['71%', '100%', '67%', '68%']  memcached=204.9%
[monitor] ['74%', '100%', '69%', '69%']  memcached=210.9%
[monitor] ['74%', '100%', '70%', '70%']  memcached=212.9%
[monitor] ['72%', '100%', '68%', '67%']  memcached=206.5%
[monitor] ['72%', '100%', '67%', '68%']  memcached=206.2%
[monitor] ['71%', '100%', '69%', '70%']  memcached=210.6%
[monitor] ['74%', '100%', '68%', '69%']  memcached=209.7%
[monitor] ['76%', '100%', '70%', '72%']  memcached=217.3%
[monitor] ['74%', '100%', '70%', '71%']  memcached=215.4%
[monitor] ['75%', '100%', '69%', '70%']  memcached=213.4%
[monitor] ['75%', '100%', '71%', '69%']  memcached=214.3%
[monitor] ['75%', '100%', '70%', '73%']  memcached=217.4%
[monitor] ['74%', '100%', '71%', '73%']  memcached=217.5%
[monitor] ['74%', '100%', '69%', '66%']  memcached=207.9%
[monitor] ['74%', '100%', '71%', '70%']  memcached=215.3%
[monitor] ['70%', '100%', '65%', '66%']  memcached=199.8%
[monitor] ['71%', '100%', '69%', '66%']  memcached=206.5%
[monitor] ['74%', '100%', '69%', '71%']  memcached=213.6%
[monitor] ['73%', '100%', '68%', '70%']  memcached=210.1%
[monitor] ['71%', '100%', '67%', '68%']  memcached=204.9%
[monitor] ['59%', '100%', '52%', '53%']  memcached=163.5%
[monitor] ['57%', '100%', '53%', '53%']  memcached=163.0%
[monitor] ['57%', '100%', '56%', '50%']  memcached=163.0%
[monitor] ['60%', '100%', '56%', '56%']  memcached=172.1%
[monitor] ['56%', '100%', '54%', '52%']  memcached=161.7%
[monitor] ['58%', '100%', '52%', '55%']  memcached=164.4%
[monitor] ['57%', '100%', '55%', '58%']  memcached=170.0%
[monitor] ['60%', '100%', '56%', '53%']  memcached=169.0%
[monitor] ['55%', '100%', '53%', '53%']  memcached=160.4%
[monitor] ['56%', '100%', '56%', '50%']  memcached=162.1%
[monitor] ['56%', '100%', '55%', '53%']  memcached=163.6%
[monitor] ['57%', '100%', '54%', '56%']  memcached=167.3%
[monitor] ['56%', '100%', '54%', '53%']  memcached=163.1%
[monitor] ['58%', '100%', '56%', '55%']  memcached=168.8%
[monitor] ['56%', '100%', '55%', '52%']  memcached=162.4%
[monitor] ['57%', '100%', '56%', '54%']  memcached=167.0%
[monitor] ['58%', '100%', '53%', '56%']  memcached=167.3%
[monitor] ['56%', '100%', '53%', '53%']  memcached=161.9%
[monitor] ['61%', '100%', '53%', '57%']  memcached=170.8%
[monitor] ['59%', '100%', '55%', '56%']  memcached=169.3%
[monitor] ['58%', '100%', '57%', '55%']  memcached=169.3%
[monitor] ['59%', '100%', '54%', '57%']  memcached=170.9%
[monitor] ['56%', '100%', '57%', '56%']  memcached=168.9%
[monitor] ['58%', '100%', '53%', '58%']  memcached=169.0%
[monitor] ['60%', '100%', '53%', '58%']  memcached=170.5%
[monitor] ['56%', '100%', '57%', '50%']  memcached=163.0%
[monitor] ['59%', '100%', '53%', '54%']  memcached=166.7%
[monitor] ['59%', '100%', '53%', '56%']  memcached=167.6%
[monitor] ['60%', '100%', '56%', '56%']  memcached=171.8%
[monitor] ['57%', '100%', '52%', '52%']  memcached=160.3%
[monitor] ['56%', '100%', '55%', '53%']  memcached=163.4%
[monitor] ['56%', '100%', '53%', '55%']  memcached=163.4%
[monitor] ['59%', '100%', '54%', '53%']  memcached=166.7%
[monitor] ['57%', '100%', '53%', '52%']  memcached=161.7%
[monitor] ['57%', '100%', '56%', '55%']  memcached=167.6%
[monitor] ['59%', '100%', '53%', '56%']  memcached=167.6%
[monitor] ['61%', '100%', '56%', '56%']  memcached=172.0%
[monitor] ['57%', '100%', '54%', '57%']  memcached=168.6%
[monitor] ['61%', '100%', '53%', '55%']  memcached=168.6%
[monitor] ['58%', '100%', '55%', '58%']  memcached=170.5%
[monitor] ['58%', '100%', '56%', '56%']  memcached=169.8%
[monitor] ['57%', '100%', '57%', '53%']  memcached=167.4%
[monitor] ['59%', '100%', '53%', '54%']  memcached=166.1%
[monitor] ['59%', '100%', '55%', '55%']  memcached=168.2%
[monitor] ['57%', '100%', '56%', '54%']  memcached=167.0%
[monitor] ['60%', '100%', '50%', '55%']  memcached=164.5%
[monitor] ['56%', '100%', '54%', '56%']  memcached=166.4%
[monitor] ['58%', '100%', '55%', '54%']  memcached=167.2%
[monitor] ['56%', '100%', '54%', '57%']  memcached=167.3%
[monitor] ['68%', '100%', '63%', '62%']  memcached=193.0%
[monitor] ['79%', '100%', '75%', '76%']  memcached=230.3%
[monitor] ['87%', '100%', '84%', '77%']  memcached=248.5%
[monitor] ['82%', '100%', '77%', '77%']  memcached=236.7%
[monitor] ['84%', '100%', '81%', '77%']  memcached=242.5%
[monitor] ['94%', '100%', '88%', '77%']  memcached=258.5%
[monitor] ['88%', '100%', '85%', '82%']  memcached=254.2%
[monitor] ['81%', '100%', '77%', '75%']  memcached=232.9%
[monitor] ['93%', '80%', '94%', '90%']  memcached=276.9%
[streamcluster] ended.
[vips] started on cores: [1] with 3 threads.
[monitor] ['90%', '100%', '81%', '88%']  memcached=258.5%
[monitor] ['81%', '100%', '75%', '79%']  memcached=235.0%
[monitor] ['85%', '100%', '81%', '84%']  memcached=250.5%
[monitor] ['77%', '100%', '73%', '77%']  memcached=227.6%
[monitor] ['82%', '100%', '78%', '81%']  memcached=240.6%
[monitor] ['84%', '100%', '81%', '81%']  memcached=246.3%
[monitor] ['79%', '100%', '76%', '77%']  memcached=232.0%
[monitor] ['81%', '100%', '74%', '81%']  memcached=236.7%
[monitor] ['85%', '100%', '79%', '81%']  memcached=245.5%
[monitor] ['82%', '100%', '75%', '82%']  memcached=238.6%
[monitor] ['85%', '100%', '81%', '81%']  memcached=247.3%
[monitor] ['84%', '100%', '78%', '84%']  memcached=246.9%
[monitor] ['79%', '100%', '79%', '75%']  memcached=233.2%
[monitor] ['84%', '100%', '78%', '76%']  memcached=237.9%
[monitor] ['84%', '100%', '81%', '79%']  memcached=244.5%
[monitor] ['81%', '100%', '75%', '73%']  memcached=229.0%
[monitor] ['82%', '100%', '76%', '73%']  memcached=230.3%
[monitor] ['81%', '100%', '75%', '75%']  memcached=231.2%
[monitor] ['79%', '100%', '75%', '72%']  memcached=225.7%
[monitor] ['84%', '100%', '81%', '82%']  memcached=247.4%
[monitor] ['81%', '100%', '79%', '87%']  memcached=246.7%
[monitor] ['82%', '100%', '76%', '75%']  memcached=232.6%
[monitor] ['81%', '100%', '76%', '74%']  memcached=230.5%
[monitor] ['81%', '100%', '77%', '76%']  memcached=233.8%
[monitor] ['79%', '100%', '75%', '71%']  memcached=224.8%
[monitor] ['81%', '100%', '75%', '71%']  memcached=226.6%
[monitor] ['88%', '100%', '81%', '81%']  memcached=249.4%
[monitor] ['87%', '100%', '81%', '78%']  memcached=245.9%
[monitor] ['87%', '100%', '84%', '79%']  memcached=249.8%
[monitor] ['82%', '100%', '76%', '74%']  memcached=232.3%
[monitor] ['81%', '100%', '79%', '76%']  memcached=237.1%
[monitor] ['82%', '100%', '78%', '78%']  memcached=238.1%
[monitor] ['88%', '100%', '84%', '81%']  memcached=252.5%
[monitor] ['84%', '100%', '78%', '73%']  memcached=235.8%
[monitor] ['81%', '100%', '76%', '75%']  memcached=232.0%
[monitor] ['81%', '100%', '79%', '78%']  memcached=237.6%
[monitor] ['84%', '100%', '79%', '76%']  memcached=239.0%
[monitor] ['85%', '100%', '81%', '81%']  memcached=246.7%
[monitor] ['90%', '100%', '84%', '84%']  memcached=258.6%
[monitor] ['90%', '100%', '97%', '84%']  memcached=271.5%
[monitor] ['94%', '100%', '64%', '55%']  memcached=212.1%
[monitor] ['100%', '100%', '28%', '30%']  memcached=158.4%
[monitor] ['100%', '100%', '21%', '26%']  memcached=146.5%
[monitor] ['100%', '100%', '28%', '23%']  memcached=151.5%
[monitor] ['100%', '100%', '28%', '34%']  memcached=162.4%
[monitor] ['82%', '100%', '23%', '41%']  memcached=145.8%
[monitor] ['31%', '100%', '62%', '61%']  memcached=154.6%
[monitor] ['33%', '100%', '100%', '23%']  memcached=155.9%
[monitor] ['29%', '100%', '100%', '28%']  memcached=157.2%
[monitor] ['34%', '100%', '100%', '30%']  memcached=164.6%
[monitor] ['26%', '100%', '100%', '20%']  memcached=145.8%
[monitor] ['32%', '100%', '100%', '28%']  memcached=160.5%
[monitor] ['31%', '100%', '100%', '30%']  memcached=161.6%
[monitor] ['34%', '100%', '100%', '23%']  memcached=157.6%
[monitor] ['31%', '100%', '100%', '28%']  memcached=159.4%
[monitor] ['28%', '100%', '100%', '28%']  memcached=156.2%
[monitor] ['30%', '100%', '100%', '25%']  memcached=155.3%
[monitor] ['32%', '100%', '100%', '23%']  memcached=155.7%
[monitor] ['26%', '100%', '100%', '27%']  memcached=153.1%
[monitor] ['28%', '100%', '100%', '26%']  memcached=153.9%
[monitor] ['88%', '100%', '41%', '26%']  memcached=154.7%
[monitor] ['100%', '100%', '29%', '26%']  memcached=154.8%
[monitor] ['100%', '100%', '26%', '28%']  memcached=153.9%
[monitor] ['100%', '100%', '26%', '28%']  memcached=153.9%
[monitor] ['30%', '100%', '100%', '26%']  memcached=156.1%
[monitor] ['31%', '100%', '100%', '31%']  memcached=162.5%
[monitor] ['28%', '100%', '100%', '30%']  memcached=158.4%
[monitor] ['39%', '100%', '97%', '32%']  memcached=167.9%
[monitor] ['31%', '100%', '24%', '100%']  memcached=155.4%
[monitor] ['35%', '100%', '28%', '97%']  memcached=160.1%
[monitor] ['100%', '100%', '26%', '28%']  memcached=153.9%
[monitor] ['100%', '100%', '21%', '26%']  memcached=146.5%
[monitor] ['100%', '100%', '28%', '21%']  memcached=148.8%
[monitor] ['100%', '100%', '26%', '26%']  memcached=151.6%
[monitor] ['100%', '100%', '28%', '28%']  memcached=156.2%
[monitor] ['53%', '100%', '26%', '30%']  memcached=109.2%
[MEMCACHED] cores updated to: ['0', '3']
[vips] cores updated to: [1, 2]
[monitor] ['35%', '100%', '100%', '38%']  memcached=72.8%
[monitor] ['36%', '100%', '100%', '31%']  memcached=67.6%
[MEMCACHED] cores updated to: ['0']
[vips] cores updated to: [1, 2, 3]
[monitor] ['50%', '100%', '100%', '100%']  memcached=50.0%
[monitor] ['47%', '100%', '100%', '100%']  memcached=46.9%
[monitor] ['51%', '100%', '100%', '100%']  memcached=51.4%
[monitor] ['50%', '100%', '100%', '100%']  memcached=50.0%
[monitor] ['51%', '100%', '100%', '100%']  memcached=51.4%
[monitor] ['50%', '100%', '100%', '100%']  memcached=50.0%
[monitor] ['50%', '100%', '100%', '100%']  memcached=50.0%
[monitor] ['52%', '100%', '100%', '100%']  memcached=51.5%
[monitor] ['48%', '100%', '100%', '100%']  memcached=48.5%
[monitor] ['54%', '100%', '100%', '100%']  memcached=54.3%
[monitor] ['47%', '100%', '100%', '100%']  memcached=46.9%
[monitor] ['54%', '100%', '100%', '100%']  memcached=54.3%
[monitor] ['93%', '100%', '100%', '100%']  memcached=93.3%
[MEMCACHED] cores updated to: ['0', '1', '2']
[vips] cores updated to: [3]
[monitor] ['97%', '64%', '97%', '100%']  memcached=257.1%
[monitor] ['78%', '72%', '72%', '100%']  memcached=221.9%
[monitor] ['74%', '74%', '67%', '100%']  memcached=213.7%
[monitor] ['72%', '69%', '70%', '100%']  memcached=210.3%
[monitor] ['76%', '70%', '71%', '100%']  memcached=216.8%
[monitor] ['72%', '70%', '69%', '100%']  memcached=210.3%
[monitor] ['75%', '73%', '69%', '100%']  memcached=216.5%
[monitor] ['79%', '75%', '74%', '100%']  memcached=227.9%
[monitor] ['74%', '72%', '73%', '100%']  memcached=218.1%
[monitor] ['80%', '74%', '72%', '100%']  memcached=226.1%
[monitor] ['74%', '73%', '73%', '100%']  memcached=219.6%
[monitor] ['70%', '71%', '67%', '100%']  memcached=207.0%
[monitor] ['76%', '70%', '70%', '100%']  memcached=215.2%
[monitor] ['75%', '71%', '73%', '100%']  memcached=218.7%
[monitor] ['71%', '70%', '68%', '100%']  memcached=208.8%
[monitor] ['73%', '70%', '70%', '100%']  memcached=212.1%
[monitor] ['73%', '71%', '67%', '100%']  memcached=210.0%
[monitor] ['74%', '71%', '74%', '100%']  memcached=218.8%
[monitor] ['78%', '73%', '71%', '100%']  memcached=221.4%
[monitor] ['76%', '76%', '72%', '100%']  memcached=224.1%
[monitor] ['76%', '73%', '72%', '100%']  memcached=220.4%
[monitor] ['79%', '75%', '74%', '100%']  memcached=228.1%
[monitor] ['75%', '71%', '71%', '100%']  memcached=216.6%
[monitor] ['76%', '74%', '72%', '100%']  memcached=221.9%
[monitor] ['76%', '73%', '74%', '100%']  memcached=222.0%
[monitor] ['76%', '72%', '73%', '100%']  memcached=220.4%
[monitor] ['77%', '75%', '73%', '100%']  memcached=225.1%
[monitor] ['76%', '72%', '68%', '100%']  memcached=216.0%
[monitor] ['76%', '73%', '72%', '100%']  memcached=220.4%
[monitor] ['78%', '74%', '73%', '100%']  memcached=225.0%
[monitor] ['76%', '74%', '71%', '100%']  memcached=221.0%
[monitor] ['73%', '71%', '71%', '100%']  memcached=213.9%
[monitor] ['70%', '68%', '68%', '100%']  memcached=205.2%
[monitor] ['72%', '71%', '66%', '100%']  memcached=208.1%
[monitor] ['78%', '70%', '71%', '100%']  memcached=218.4%
[monitor] ['79%', '74%', '82%', '100%']  memcached=234.7%
[monitor] ['79%', '72%', '100%', '100%']  memcached=250.7%
[monitor] ['77%', '75%', '100%', '100%']  memcached=252.1%
[monitor] ['78%', '73%', '100%', '100%']  memcached=250.9%
[monitor] ['76%', '72%', '100%', '100%']  memcached=248.3%
[monitor] ['85%', '76%', '91%', '100%']  memcached=251.2%
[monitor] ['100%', '73%', '73%', '100%']  memcached=245.5%
[monitor] ['81%', '97%', '75%', '100%']  memcached=253.2%
[monitor] ['79%', '100%', '72%', '100%']  memcached=250.7%
[monitor] ['79%', '85%', '91%', '100%']  memcached=255.3%
[monitor] ['79%', '77%', '77%', '100%']  memcached=233.6%
[monitor] ['78%', '73%', '74%', '100%']  memcached=225.1%
[monitor] ['76%', '73%', '68%', '100%']  memcached=216.2%
[monitor] ['74%', '69%', '66%', '100%']  memcached=208.7%
[monitor] ['69%', '67%', '68%', '100%']  memcached=203.1%
[monitor] ['70%', '67%', '67%', '100%']  memcached=203.0%
[monitor] ['71%', '71%', '66%', '100%']  memcached=207.7%
[monitor] ['71%', '67%', '68%', '100%']  memcached=205.7%
[monitor] ['72%', '70%', '69%', '100%']  memcached=210.3%
[monitor] ['73%', '71%', '68%', '100%']  memcached=211.0%
[monitor] ['72%', '66%', '68%', '100%']  memcached=205.1%
[monitor] ['72%', '68%', '70%', '100%']  memcached=209.6%
[monitor] ['71%', '69%', '66%', '100%']  memcached=204.9%
[monitor] ['73%', '68%', '69%', '100%']  memcached=209.2%
[monitor] ['75%', '73%', '69%', '100%']  memcached=216.5%
[monitor] ['74%', '71%', '71%', '100%']  memcached=214.7%
[monitor] ['70%', '65%', '64%', '100%']  memcached=197.8%
[monitor] ['71%', '69%', '68%', '100%']  memcached=206.7%
[monitor] ['74%', '70%', '70%', '100%']  memcached=213.7%
[monitor] ['74%', '70%', '68%', '100%']  memcached=210.9%
[monitor] ['74%', '73%', '70%', '100%']  memcached=216.0%
[monitor] ['74%', '70%', '71%', '100%']  memcached=213.8%
[monitor] ['76%', '74%', '70%', '100%']  memcached=219.0%
[monitor] ['71%', '68%', '68%', '100%']  memcached=205.9%
[monitor] ['70%', '68%', '68%', '100%']  memcached=205.0%
[monitor] ['74%', '69%', '67%', '100%']  memcached=208.9%
[monitor] ['71%', '68%', '69%', '100%']  memcached=207.6%
[monitor] ['71%', '68%', '67%', '100%']  memcached=204.9%
[monitor] ['71%', '68%', '68%', '100%']  memcached=206.7%
[monitor] ['69%', '66%', '65%', '100%']  memcached=198.9%
[monitor] ['74%', '71%', '69%', '100%']  memcached=212.7%
[monitor] ['71%', '70%', '66%', '100%']  memcached=206.3%
[monitor] ['71%', '67%', '67%', '100%']  memcached=204.8%
[monitor] ['72%', '71%', '71%', '100%']  memcached=213.9%
[monitor] ['71%', '68%', '67%', '100%']  memcached=204.9%
[monitor] ['74%', '67%', '67%', '100%']  memcached=206.9%
[monitor] ['70%', '70%', '66%', '100%']  memcached=205.1%
[monitor] ['71%', '69%', '67%', '100%']  memcached=205.8%
[monitor] ['74%', '71%', '70%', '100%']  memcached=215.0%
[monitor] ['73%', '71%', '69%', '100%']  memcached=212.1%
[monitor] ['74%', '68%', '67%', '100%']  memcached=207.8%
[monitor] ['72%', '70%', '68%', '100%']  memcached=209.2%
[monitor] ['71%', '69%', '67%', '100%']  memcached=206.8%
[monitor] ['73%', '70%', '66%', '100%']  memcached=208.0%
[monitor] ['71%', '70%', '71%', '100%']  memcached=210.9%
[monitor] ['74%', '70%', '65%', '100%']  memcached=208.7%
[monitor] ['72%', '70%', '69%', '100%']  memcached=210.6%
[monitor] ['71%', '68%', '71%', '100%']  memcached=209.8%
[monitor] ['73%', '68%', '68%', '100%']  memcached=208.0%
[monitor] ['73%', '71%', '68%', '100%']  memcached=211.8%
[monitor] ['74%', '70%', '67%', '100%']  memcached=209.9%
[monitor] ['71%', '69%', '67%', '100%']  memcached=206.0%
[monitor] ['74%', '70%', '71%', '100%']  memcached=213.8%
[monitor] ['76%', '76%', '72%', '100%']  memcached=224.1%
[monitor] ['83%', '77%', '75%', '100%']  memcached=235.8%
[monitor] ['81%', '81%', '77%', '100%']  memcached=238.7%
[monitor] ['79%', '74%', '72%', '100%']  memcached=224.9%
[monitor] ['80%', '77%', '79%', '100%']  memcached=236.8%
[monitor] ['82%', '78%', '78%', '100%']  memcached=238.1%
[monitor] ['82%', '78%', '74%', '100%']  memcached=234.1%
[monitor] ['78%', '76%', '74%', '100%']  memcached=227.4%
[monitor] ['78%', '76%', '75%', '100%']  memcached=228.9%
[monitor] ['78%', '76%', '75%', '100%']  memcached=228.9%
[monitor] ['79%', '75%', '73%', '100%']  memcached=226.5%
[monitor] ['79%', '77%', '75%', '100%']  memcached=231.2%
[monitor] ['81%', '78%', '75%', '100%']  memcached=234.4%
[monitor] ['85%', '77%', '78%', '100%']  memcached=240.4%
[monitor] ['82%', '78%', '75%', '100%']  memcached=234.9%
[monitor] ['78%', '74%', '72%', '100%']  memcached=224.2%
[monitor] ['79%', '77%', '77%', '100%']  memcached=233.5%
[monitor] ['83%', '81%', '79%', '100%']  memcached=244.0%
[monitor] ['84%', '81%', '77%', '100%']  memcached=241.9%
[monitor] ['79%', '76%', '74%', '100%']  memcached=228.7%
[monitor] ['77%', '71%', '73%', '100%']  memcached=221.1%
[monitor] ['78%', '74%', '76%', '100%']  memcached=228.1%
[monitor] ['79%', '74%', '72%', '100%']  memcached=225.5%
[monitor] ['82%', '81%', '78%', '100%']  memcached=241.7%
[monitor] ['84%', '78%', '79%', '100%']  memcached=241.3%
[monitor] ['85%', '81%', '77%', '100%']  memcached=242.2%
[monitor] ['82%', '76%', '76%', '100%']  memcached=234.0%
[monitor] ['79%', '75%', '74%', '100%']  memcached=227.3%
[monitor] ['76%', '75%', '72%', '100%']  memcached=222.6%
[monitor] ['78%', '75%', '75%', '100%']  memcached=228.1%
[monitor] ['84%', '81%', '77%', '100%']  memcached=241.9%
[monitor] ['81%', '77%', '76%', '100%']  memcached=233.1%
[monitor] ['79%', '76%', '76%', '100%']  memcached=230.9%
[monitor] ['78%', '74%', '72%', '100%']  memcached=224.2%
[monitor] ['79%', '71%', '72%', '100%']  memcached=221.6%
[monitor] ['78%', '73%', '74%', '100%']  memcached=225.7%
[monitor] ['78%', '77%', '75%', '100%']  memcached=230.3%
[monitor] ['79%', '74%', '74%', '100%']  memcached=227.3%
[monitor] ['84%', '81%', '77%', '100%']  memcached=243.0%
[monitor] ['82%', '81%', '77%', '100%']  memcached=240.4%
[monitor] ['82%', '76%', '75%', '100%']  memcached=232.6%
[monitor] ['82%', '77%', '74%', '100%']  memcached=233.5%
[monitor] ['81%', '76%', '78%', '100%']  memcached=235.1%
[monitor] ['79%', '76%', '76%', '100%']  memcached=230.3%
[monitor] ['80%', '77%', '73%', '100%']  memcached=230.1%
[monitor] ['78%', '76%', '76%', '100%']  memcached=229.6%
[monitor] ['78%', '76%', '76%', '100%']  memcached=230.4%
[monitor] ['79%', '74%', '74%', '100%']  memcached=227.2%
[monitor] ['79%', '76%', '73%', '100%']  memcached=227.3%
[monitor] ['82%', '75%', '85%', '100%']  memcached=241.7%
[monitor] ['88%', '54%', '65%', '100%']  memcached=206.9%
[monitor] ['43%', '43%', '100%', '100%']  memcached=185.7%
[monitor] ['78%', '42%', '62%', '100%']  memcached=181.8%
[monitor] ['48%', '86%', '36%', '100%']  memcached=170.5%
[monitor] ['100%', '41%', '34%', '100%']  memcached=175.6%
[monitor] ['69%', '74%', '38%', '100%']  memcached=181.1%
[monitor] ['40%', '53%', '33%', '100%']  memcached=126.1%
[MEMCACHED] cores updated to: ['0', '2']
[vips] cores updated to: [1, 3]
[monitor] ['50%', '100%', '47%', '100%']  memcached=97.1%
[monitor] ['47%', '100%', '41%', '100%']  memcached=87.8%
[monitor] ['49%', '100%', '47%', '100%']  memcached=95.6%
[monitor] ['47%', '100%', '42%', '100%']  memcached=89.5%
[monitor] ['42%', '100%', '44%', '100%']  memcached=86.2%
[monitor] ['51%', '100%', '42%', '100%']  memcached=93.4%
[monitor] ['45%', '100%', '45%', '100%']  memcached=90.9%
[monitor] ['49%', '100%', '49%', '100%']  memcached=97.1%
[monitor] ['45%', '100%', '45%', '100%']  memcached=90.9%
[monitor] ['47%', '100%', '44%', '100%']  memcached=90.8%
[monitor] ['44%', '100%', '45%', '100%']  memcached=89.6%
[monitor] ['49%', '100%', '42%', '100%']  memcached=91.0%
[monitor] ['42%', '100%', '44%', '100%']  memcached=86.2%
[monitor] ['48%', '100%', '45%', '100%']  memcached=93.9%
[monitor] ['45%', '100%', '47%', '100%']  memcached=92.5%
[monitor] ['44%', '100%', '47%', '100%']  memcached=91.2%
[monitor] ['47%', '100%', '44%', '100%']  memcached=90.8%
[monitor] ['47%', '100%', '44%', '100%']  memcached=91.2%
[monitor] ['45%', '100%', '45%', '100%']  memcached=90.9%
[monitor] ['45%', '100%', '40%', '100%']  memcached=85.5%
[monitor] ['49%', '100%', '44%', '100%']  memcached=92.3%
[monitor] ['47%', '100%', '44%', '100%']  memcached=90.8%
[monitor] ['45%', '100%', '42%', '100%']  memcached=87.4%
[monitor] ['45%', '100%', '44%', '100%']  memcached=89.2%
[monitor] ['47%', '100%', '46%', '100%']  memcached=92.8%
[monitor] ['46%', '100%', '47%', '100%']  memcached=92.8%
[monitor] ['47%', '100%', '44%', '100%']  memcached=90.8%
[monitor] ['45%', '100%', '44%', '100%']  memcached=89.6%
[monitor] ['42%', '100%', '45%', '100%']  memcached=87.9%
[monitor] ['50%', '100%', '42%', '100%']  memcached=91.9%
[monitor] ['46%', '100%', '46%', '100%']  memcached=91.4%
[monitor] ['48%', '100%', '44%', '100%']  memcached=92.2%
[monitor] ['44%', '100%', '45%', '100%']  memcached=89.6%
[monitor] ['49%', '100%', '45%', '100%']  memcached=94.0%
[monitor] ['47%', '100%', '42%', '100%']  memcached=89.0%
[monitor] ['41%', '100%', '41%', '100%']  memcached=81.2%
[monitor] ['49%', '100%', '47%', '100%']  memcached=95.6%
[monitor] ['47%', '100%', '45%', '100%']  memcached=92.5%
[monitor] ['49%', '100%', '44%', '100%']  memcached=92.3%
[monitor] ['46%', '100%', '41%', '100%']  memcached=86.3%
[monitor] ['47%', '100%', '47%', '100%']  memcached=94.1%
[monitor] ['47%', '100%', '44%', '100%']  memcached=90.8%
[monitor] ['44%', '100%', '44%', '100%']  memcached=87.5%
[monitor] ['30%', '100%', '29%', '100%']  memcached=59.3%
[MEMCACHED] cores updated to: ['0']
[vips] cores updated to: [1, 2, 3]
[monitor] ['44%', '100%', '100%', '100%']  memcached=43.8%
[monitor] ['45%', '100%', '100%', '100%']  memcached=45.5%
[monitor] ['39%', '100%', '100%', '100%']  memcached=38.7%
[monitor] ['47%', '100%', '100%', '100%']  memcached=46.9%
[monitor] ['39%', '100%', '100%', '100%']  memcached=38.7%
[monitor] ['42%', '100%', '100%', '100%']  memcached=41.9%
[monitor] ['44%', '86%', '90%', '94%']  memcached=43.8%
[vips] ended.
[MEMCACHED] cores updated to: ['0', '1', '2', '3']
