Scheduler started.
[MEMCACHED] cores updated to: ['0', '1', '2']
[radix] started on cores: [3] with 1 threads.
[monitor] ['11%', '3%', '6%', '100%']  memcached=18.9%
[MEMCACHED] cores updated to: ['0']
[barnes] started on cores: [1, 2] with 2 threads.
[monitor] ['23%', '33%', '74%', '100%']  memcached=23.1%
[monitor] ['21%', '69%', '41%', '100%']  memcached=21.1%
[monitor] ['30%', '100%', '0%', '100%']  memcached=30.4%
[monitor] ['20%', '100%', '3%', '100%']  memcached=20.0%
[monitor] ['22%', '98%', '85%', '100%']  memcached=22.5%
[monitor] ['21%', '100%', '100%', '100%']  memcached=20.5%
[monitor] ['18%', '100%', '100%', '100%']  memcached=18.4%
[monitor] ['21%', '100%', '100%', '100%']  memcached=21.1%
[monitor] ['20%', '70%', '100%', '100%']  memcached=20.0%
[monitor] ['18%', '100%', '100%', '100%']  memcached=17.9%
[monitor] ['20%', '100%', '100%', '100%']  memcached=19.5%
[monitor] ['18%', '100%', '100%', '100%']  memcached=17.9%
[monitor] ['18%', '100%', '100%', '100%']  memcached=17.9%
[monitor] ['8%', '100%', '100%', '100%']  memcached=8.3%
[monitor] ['14%', '100%', '100%', '100%']  memcached=13.9%
[monitor] ['9%', '100%', '100%', '100%']  memcached=8.6%
[monitor] ['16%', '100%', '100%', '100%']  memcached=16.2%
[monitor] ['14%', '100%', '100%', '100%']  memcached=13.5%
[monitor] ['12%', '100%', '100%', '100%']  memcached=11.8%
[monitor] ['21%', '100%', '100%', '100%']  memcached=21.1%
[monitor] ['28%', '100%', '100%', '100%']  memcached=28.2%
[monitor] ['89%', '100%', '100%', '100%']  memcached=89.2%
[MEMCACHED] cores updated to: ['0', '3']
[radix] paused.
[monitor] ['53%', '100%', '100%', '53%']  memcached=106.7%
[monitor] ['39%', '100%', '100%', '34%']  memcached=73.8%
[MEMCACHED] cores updated to: ['0']
[radix] unpaused.
[monitor] ['89%', '100%', '100%', '100%']  memcached=88.6%
[MEMCACHED] cores updated to: ['0', '3']
[radix] paused.
[monitor] ['43%', '100%', '100%', '38%']  memcached=80.8%
[monitor] ['53%', '100%', '100%', '50%']  memcached=103.3%
[monitor] ['45%', '100%', '100%', '42%']  memcached=86.8%
[monitor] ['46%', '100%', '100%', '39%']  memcached=85.7%
[monitor] ['60%', '100%', '100%', '55%']  memcached=114.5%
[monitor] ['54%', '100%', '100%', '45%']  memcached=99.0%
[monitor] ['43%', '100%', '100%', '34%']  memcached=77.8%
[MEMCACHED] cores updated to: ['0']
[radix] unpaused.
[monitor] ['89%', '100%', '100%', '100%']  memcached=88.6%
[MEMCACHED] cores updated to: ['0', '3']
[radix] paused.
[monitor] ['39%', '100%', '100%', '39%']  memcached=78.6%
[MEMCACHED] cores updated to: ['0']
[radix] unpaused.
[monitor] ['92%', '100%', '100%', '100%']  memcached=91.9%
[MEMCACHED] cores updated to: ['0', '3']
[radix] paused.
[monitor] ['50%', '100%', '100%', '45%']  memcached=94.8%
[monitor] ['43%', '100%', '100%', '43%']  memcached=86.2%
[monitor] ['55%', '100%', '100%', '56%']  memcached=111.4%
[monitor] ['52%', '100%', '100%', '57%']  memcached=108.4%
[monitor] ['48%', '100%', '100%', '41%']  memcached=89.7%
[monitor] ['31%', '100%', '100%', '38%']  memcached=68.7%
[MEMCACHED] cores updated to: ['0']
[radix] unpaused.
[monitor] ['89%', '100%', '100%', '100%']  memcached=89.2%
[MEMCACHED] cores updated to: ['0', '3']
[radix] paused.
[monitor] ['46%', '100%', '100%', '50%']  memcached=96.4%
[monitor] ['37%', '100%', '100%', '41%']  memcached=78.4%
[MEMCACHED] cores updated to: ['0']
[radix] unpaused.
[monitor] ['89%', '100%', '100%', '100%']  memcached=89.2%
[MEMCACHED] cores updated to: ['0', '3']
[radix] paused.
[monitor] ['44%', '100%', '100%', '44%']  memcached=88.9%
[monitor] ['58%', '100%', '100%', '48%']  memcached=106.5%
[monitor] ['37%', '100%', '100%', '44%']  memcached=80.8%
[monitor] ['52%', '100%', '100%', '35%']  memcached=87.2%
[monitor] ['55%', '100%', '100%', '40%']  memcached=95.2%
[monitor] ['52%', '100%', '100%', '43%']  memcached=95.2%
[monitor] ['54%', '100%', '100%', '35%']  memcached=89.1%
[monitor] ['57%', '100%', '100%', '48%']  memcached=105.5%
[monitor] ['43%', '100%', '100%', '34%']  memcached=77.3%
[MEMCACHED] cores updated to: ['0']
[radix] unpaused.
[monitor] ['79%', '100%', '100%', '100%']  memcached=78.8%
[monitor] ['89%', '100%', '100%', '100%']  memcached=88.6%
[MEMCACHED] cores updated to: ['0', '3']
[radix] paused.
[monitor] ['97%', '87%', '100%', '100%']  memcached=197.4%
[MEMCACHED] cores updated to: ['0', '1', '3']
[radix] unpaused.
[radix] cores updated to: [2]
[barnes] paused.
[monitor] ['77%', '89%', '100%', '92%']  memcached=258.6%
[monitor] ['67%', '76%', '100%', '83%']  memcached=225.8%
[monitor] ['71%', '78%', '100%', '83%']  memcached=233.1%
[monitor] ['72%', '81%', '100%', '81%']  memcached=233.0%
[monitor] ['65%', '79%', '100%', '84%']  memcached=227.5%
[monitor] ['64%', '77%', '100%', '78%']  memcached=218.6%
[monitor] ['67%', '77%', '100%', '78%']  memcached=221.6%
[monitor] ['59%', '72%', '100%', '75%']  memcached=206.2%
[monitor] ['65%', '78%', '100%', '83%']  memcached=225.2%
[monitor] ['66%', '81%', '100%', '79%']  memcached=225.1%
[monitor] ['65%', '81%', '100%', '84%']  memcached=228.9%
[monitor] ['74%', '86%', '100%', '87%']  memcached=246.9%
[monitor] ['71%', '84%', '100%', '87%']  memcached=242.5%
[monitor] ['62%', '76%', '100%', '81%']  memcached=219.5%
[monitor] ['66%', '82%', '100%', '85%']  memcached=232.2%
[monitor] ['59%', '76%', '100%', '77%']  memcached=212.3%
[monitor] ['66%', '76%', '100%', '83%']  memcached=225.0%
[monitor] ['69%', '78%', '100%', '83%']  memcached=229.4%
[monitor] ['73%', '84%', '100%', '86%']  memcached=243.0%
[monitor] ['67%', '76%', '100%', '83%']  memcached=226.5%
[monitor] ['73%', '81%', '100%', '87%']  memcached=240.1%
[monitor] ['66%', '82%', '100%', '80%']  memcached=227.2%
[monitor] ['71%', '82%', '100%', '83%']  memcached=235.7%
[monitor] ['71%', '84%', '100%', '89%']  memcached=244.8%
[monitor] ['74%', '92%', '100%', '90%']  memcached=255.7%
[monitor] ['63%', '79%', '100%', '83%']  memcached=225.1%
[monitor] ['66%', '84%', '100%', '81%']  memcached=230.5%
[monitor] ['73%', '80%', '100%', '84%']  memcached=236.5%
[monitor] ['69%', '77%', '100%', '86%']  memcached=232.4%
[monitor] ['67%', '79%', '100%', '81%']  memcached=227.2%
[monitor] ['69%', '83%', '100%', '84%']  memcached=235.4%
[monitor] ['69%', '81%', '100%', '86%']  memcached=235.8%
[monitor] ['62%', '76%', '100%', '81%']  memcached=219.5%
[monitor] ['62%', '77%', '100%', '82%']  memcached=220.8%
[monitor] ['64%', '83%', '100%', '84%']  memcached=230.3%
[monitor] ['31%', '45%', '100%', '50%']  memcached=125.9%
[MEMCACHED] cores updated to: ['0', '3']
[radix] paused.
[barnes] unpaused.
[monitor] ['50%', '100%', '100%', '53%']  memcached=103.3%
[monitor] ['47%', '100%', '100%', '52%']  memcached=98.2%
[monitor] ['52%', '100%', '95%', '59%']  memcached=111.1%
[monitor] ['43%', '100%', '3%', '57%']  memcached=99.5%
[monitor] ['42%', '100%', '3%', '52%']  memcached=94.0%
[monitor] ['52%', '100%', '3%', '65%']  memcached=116.6%
[monitor] ['46%', '100%', '3%', '57%']  memcached=102.8%
[monitor] ['44%', '100%', '3%', '55%']  memcached=99.3%
[monitor] ['54%', '100%', '54%', '61%']  memcached=114.9%
[monitor] ['54%', '100%', '100%', '62%']  memcached=116.1%
[monitor] ['48%', '100%', '67%', '58%']  memcached=106.3%
[monitor] ['60%', '100%', '74%', '65%']  memcached=124.5%
[monitor] ['58%', '100%', '100%', '64%']  memcached=121.7%
[monitor] ['55%', '100%', '100%', '59%']  memcached=114.5%
[monitor] ['57%', '100%', '100%', '55%']  memcached=111.5%
[monitor] ['46%', '100%', '100%', '56%']  memcached=102.7%
[monitor] ['69%', '100%', '100%', '74%']  memcached=142.3%
[monitor] ['48%', '100%', '100%', '53%']  memcached=101.5%
[monitor] ['46%', '100%', '100%', '52%']  memcached=97.8%
[monitor] ['57%', '100%', '100%', '59%']  memcached=116.0%
[monitor] ['54%', '100%', '100%', '52%']  memcached=105.2%
[monitor] ['52%', '100%', '100%', '53%']  memcached=105.1%
[monitor] ['63%', '100%', '100%', '56%']  memcached=119.6%
[monitor] ['55%', '100%', '100%', '57%']  memcached=111.8%
[monitor] ['59%', '100%', '100%', '58%']  memcached=116.2%
[monitor] ['46%', '100%', '100%', '52%']  memcached=98.0%
[monitor] ['46%', '100%', '100%', '53%']  memcached=99.8%
[monitor] ['46%', '100%', '100%', '43%']  memcached=89.3%
[monitor] ['62%', '100%', '100%', '61%']  memcached=122.7%
[monitor] ['45%', '100%', '100%', '50%']  memcached=94.8%
[monitor] ['54%', '100%', '100%', '58%']  memcached=111.6%
[monitor] ['48%', '100%', '100%', '59%']  memcached=107.5%
[monitor] ['48%', '100%', '100%', '59%']  memcached=107.1%
[monitor] ['61%', '100%', '100%', '62%']  memcached=123.8%
[monitor] ['48%', '100%', '100%', '54%']  memcached=101.8%
[monitor] ['48%', '100%', '100%', '43%']  memcached=91.7%
[monitor] ['25%', '100%', '100%', '22%']  memcached=47.2%
[MEMCACHED] cores updated to: ['0']
[radix] unpaused.
[radix] cores updated to: [3]
[monitor] ['50%', '100%', '100%', '100%']  memcached=50.0%
[monitor] ['50%', '100%', '100%', '100%']  memcached=50.0%
[monitor] ['58%', '100%', '100%', '100%']  memcached=57.7%
[monitor] ['43%', '100%', '100%', '100%']  memcached=43.5%
[monitor] ['70%', '100%', '100%', '100%']  memcached=70.0%
[monitor] ['67%', '100%', '100%', '100%']  memcached=66.7%
[monitor] ['68%', '100%', '100%', '100%']  memcached=67.7%
[monitor] ['56%', '100%', '100%', '100%']  memcached=56.0%
[monitor] ['46%', '100%', '100%', '100%']  memcached=45.8%
[monitor] ['50%', '100%', '100%', '100%']  memcached=50.0%
[monitor] ['62%', '100%', '100%', '100%']  memcached=62.1%
[monitor] ['72%', '100%', '100%', '100%']  memcached=72.4%
[monitor] ['56%', '100%', '100%', '100%']  memcached=56.0%
[monitor] ['50%', '100%', '100%', '100%']  memcached=50.0%
[monitor] ['54%', '100%', '100%', '100%']  memcached=53.8%
[monitor] ['69%', '100%', '100%', '100%']  memcached=69.0%
[monitor] ['59%', '100%', '100%', '100%']  memcached=59.3%
[monitor] ['59%', '100%', '100%', '100%']  memcached=59.3%
[monitor] ['62%', '100%', '100%', '100%']  memcached=61.5%
[monitor] ['42%', '100%', '100%', '100%']  memcached=41.7%
[monitor] ['64%', '100%', '100%', '100%']  memcached=64.3%
[monitor] ['63%', '100%', '100%', '100%']  memcached=63.0%
[monitor] ['66%', '100%', '100%', '100%']  memcached=65.5%
[monitor] ['52%', '100%', '100%', '100%']  memcached=52.0%
[monitor] ['54%', '100%', '100%', '100%']  memcached=53.8%
[monitor] ['74%', '100%', '100%', '100%']  memcached=74.2%
[monitor] ['54%', '100%', '100%', '100%']  memcached=53.8%
[monitor] ['59%', '100%', '100%', '100%']  memcached=59.3%
[monitor] ['73%', '100%', '100%', '100%']  memcached=73.3%
[monitor] ['64%', '100%', '66%', '100%']  memcached=64.3%
[monitor] ['38%', '100%', '8%', '100%']  memcached=38.5%
[monitor] ['40%', '100%', '3%', '100%']  memcached=40.0%
[monitor] ['30%', '100%', '0%', '100%']  memcached=30.4%
[monitor] ['46%', '100%', '3%', '100%']  memcached=46.2%
[monitor] ['38%', '100%', '0%', '100%']  memcached=37.5%
[monitor] ['74%', '100%', '50%', '100%']  memcached=74.2%
[monitor] ['89%', '100%', '100%', '100%']  memcached=88.9%
[MEMCACHED] cores updated to: ['0', '3']
[radix] paused.
[monitor] ['44%', '95%', '100%', '37%']  memcached=81.1%
[monitor] ['50%', '100%', '100%', '41%']  memcached=91.4%
[monitor] ['41%', '100%', '100%', '31%']  memcached=71.8%
[MEMCACHED] cores updated to: ['0']
[radix] unpaused.
[monitor] ['89%', '100%', '100%', '100%']  memcached=88.9%
[MEMCACHED] cores updated to: ['0', '3']
[radix] paused.
[monitor] ['42%', '100%', '100%', '38%']  memcached=80.2%
[monitor] ['38%', '100%', '100%', '32%']  memcached=70.1%
[MEMCACHED] cores updated to: ['0']
[radix] unpaused.
[monitor] ['83%', '100%', '100%', '100%']  memcached=82.9%
[monitor] ['85%', '100%', '100%', '100%']  memcached=84.8%
[monitor] ['82%', '100%', '100%', '100%']  memcached=82.4%
[monitor] ['97%', '100%', '100%', '100%']  memcached=97.4%
[MEMCACHED] cores updated to: ['0', '1', '2']
[barnes] paused.
[monitor] ['21%', '37%', '18%', '100%']  memcached=75.2%
[MEMCACHED] cores updated to: ['0']
[barnes] unpaused.
[monitor] ['89%', '100%', '100%', '100%']  memcached=89.5%
[MEMCACHED] cores updated to: ['0', '3']
[radix] paused.
[monitor] ['38%', '100%', '100%', '24%']  memcached=62.5%
[MEMCACHED] cores updated to: ['0']
[radix] unpaused.
[monitor] ['92%', '100%', '100%', '100%']  memcached=92.1%
[MEMCACHED] cores updated to: ['0', '3']
[radix] paused.
[monitor] ['48%', '100%', '100%', '40%']  memcached=88.3%
[monitor] ['54%', '100%', '100%', '44%']  memcached=97.3%
[monitor] ['57%', '100%', '100%', '50%']  memcached=106.7%
[monitor] ['65%', '100%', '100%', '56%']  memcached=120.8%
[monitor] ['50%', '100%', '100%', '50%']  memcached=100.0%
[monitor] ['39%', '100%', '100%', '40%']  memcached=79.3%
[MEMCACHED] cores updated to: ['0']
[radix] unpaused.
[monitor] ['79%', '100%', '100%', '100%']  memcached=78.8%
[monitor] ['86%', '100%', '100%', '100%']  memcached=85.7%
[MEMCACHED] cores updated to: ['0', '3']
[radix] paused.
[monitor] ['55%', '100%', '100%', '47%']  memcached=101.8%
[monitor] ['44%', '100%', '100%', '59%']  memcached=102.8%
[monitor] ['53%', '100%', '100%', '58%']  memcached=111.4%
[monitor] ['48%', '100%', '100%', '48%']  memcached=96.7%
[monitor] ['43%', '100%', '100%', '42%']  memcached=84.8%
[monitor] ['41%', '100%', '100%', '41%']  memcached=82.8%
[monitor] ['50%', '100%', '100%', '53%']  memcached=103.3%
[monitor] ['45%', '100%', '100%', '41%']  memcached=86.2%
[monitor] ['43%', '100%', '100%', '43%']  memcached=86.7%
[monitor] ['52%', '100%', '100%', '39%']  memcached=90.6%
[monitor] ['35%', '100%', '100%', '41%']  memcached=75.4%
[MEMCACHED] cores updated to: ['0']
[radix] unpaused.
[monitor] ['69%', '100%', '100%', '42%']  memcached=69.0%
[radix] ended.
[blackscholes] started on cores: [3] with 3 threads.
[monitor] ['58%', '100%', '100%', '100%']  memcached=57.7%
[monitor] ['62%', '100%', '100%', '100%']  memcached=62.1%
[monitor] ['63%', '100%', '100%', '100%']  memcached=63.0%
[monitor] ['50%', '100%', '100%', '100%']  memcached=50.0%
[monitor] ['62%', '100%', '100%', '100%']  memcached=61.5%
[monitor] ['52%', '100%', '100%', '100%']  memcached=52.0%
[monitor] ['58%', '100%', '100%', '100%']  memcached=57.7%
[monitor] ['61%', '100%', '100%', '100%']  memcached=60.7%
[monitor] ['46%', '100%', '100%', '100%']  memcached=46.2%
[monitor] ['36%', '100%', '100%', '100%']  memcached=36.4%
[monitor] ['48%', '100%', '100%', '100%']  memcached=48.0%
[monitor] ['46%', '100%', '100%', '100%']  memcached=46.2%
[monitor] ['54%', '100%', '100%', '100%']  memcached=53.8%
[monitor] ['42%', '100%', '100%', '100%']  memcached=41.7%
[monitor] ['71%', '100%', '100%', '100%']  memcached=71.4%
[monitor] ['57%', '100%', '100%', '100%']  memcached=57.1%
[monitor] ['50%', '100%', '100%', '100%']  memcached=50.0%
[monitor] ['39%', '100%', '100%', '100%']  memcached=39.1%
[monitor] ['54%', '100%', '100%', '100%']  memcached=53.8%
[monitor] ['42%', '100%', '100%', '100%']  memcached=41.7%
[monitor] ['46%', '100%', '100%', '100%']  memcached=45.8%
[monitor] ['46%', '100%', '100%', '100%']  memcached=45.8%
[monitor] ['30%', '100%', '8%', '100%']  memcached=30.4%
[monitor] ['46%', '100%', '5%', '100%']  memcached=46.2%
[monitor] ['35%', '100%', '37%', '100%']  memcached=34.8%
[monitor] ['40%', '100%', '100%', '100%']  memcached=40.0%
[monitor] ['56%', '88%', '90%', '100%']  memcached=55.6%
[monitor] ['58%', '100%', '100%', '100%']  memcached=57.7%
[monitor] ['93%', '100%', '100%', '100%']  memcached=92.9%
[MEMCACHED] cores updated to: ['0', '3']
[blackscholes] paused.
[monitor] ['100%', '100%', '100%', '25%']  memcached=125.0%
[monitor] ['100%', '100%', '100%', '28%']  memcached=127.6%
[monitor] ['100%', '100%', '100%', '25%']  memcached=125.0%
[monitor] ['100%', '100%', '100%', '32%']  memcached=132.1%
[monitor] ['100%', '100%', '100%', '89%']  memcached=189.5%
[MEMCACHED] cores updated to: ['0', '1', '3']
[barnes] paused.
[blackscholes] unpaused.
[blackscholes] cores updated to: [2]
[monitor] ['77%', '86%', '100%', '89%']  memcached=252.7%
[monitor] ['68%', '81%', '100%', '84%']  memcached=232.5%
[monitor] ['67%', '87%', '100%', '86%']  memcached=240.0%
[monitor] ['68%', '81%', '100%', '87%']  memcached=235.7%
[monitor] ['74%', '83%', '100%', '84%']  memcached=241.1%
[monitor] ['73%', '86%', '100%', '87%']  memcached=246.0%
[monitor] ['70%', '82%', '100%', '84%']  memcached=236.3%
[monitor] ['89%', '92%', '100%', '100%']  memcached=281.0%
[monitor] ['79%', '86%', '100%', '84%']  memcached=249.1%
[monitor] ['72%', '84%', '100%', '87%']  memcached=242.9%
[monitor] ['86%', '86%', '100%', '86%']  memcached=258.3%
[monitor] ['68%', '81%', '100%', '80%']  memcached=228.7%
[monitor] ['67%', '82%', '100%', '84%']  memcached=232.0%
[monitor] ['72%', '86%', '100%', '87%']  memcached=244.8%
[monitor] ['71%', '84%', '100%', '87%']  memcached=241.2%
[monitor] ['82%', '86%', '100%', '87%']  memcached=255.6%
[monitor] ['71%', '86%', '100%', '86%']  memcached=243.6%
[monitor] ['61%', '77%', '100%', '81%']  memcached=219.0%
[monitor] ['70%', '86%', '100%', '90%']  memcached=245.6%
[monitor] ['77%', '89%', '100%', '92%']  memcached=258.1%
[monitor] ['64%', '77%', '100%', '82%']  memcached=223.1%
[monitor] ['63%', '83%', '100%', '86%']  memcached=232.3%
[monitor] ['70%', '81%', '100%', '86%']  memcached=237.3%
[monitor] ['67%', '86%', '100%', '87%']  memcached=239.6%
[monitor] ['74%', '89%', '100%', '92%']  memcached=254.6%
[monitor] ['71%', '83%', '100%', '89%']  memcached=243.1%
[monitor] ['61%', '86%', '100%', '87%']  memcached=234.2%
[monitor] ['72%', '100%', '100%', '100%']  memcached=271.9%
[monitor] ['76%', '100%', '100%', '100%']  memcached=275.8%
[monitor] ['92%', '95%', '100%', '98%']  memcached=284.5%
[monitor] ['78%', '89%', '100%', '92%']  memcached=259.1%
[monitor] ['79%', '87%', '100%', '92%']  memcached=258.4%
[monitor] ['71%', '86%', '100%', '89%']  memcached=245.2%
[monitor] ['71%', '84%', '100%', '87%']  memcached=242.4%
[monitor] ['74%', '84%', '100%', '90%']  memcached=247.7%
[monitor] ['91%', '89%', '100%', '97%']  memcached=278.0%
[monitor] ['76%', '87%', '100%', '90%']  memcached=252.9%
[monitor] ['70%', '84%', '100%', '88%']  memcached=241.3%
[monitor] ['68%', '84%', '100%', '89%']  memcached=241.4%
[monitor] ['71%', '83%', '100%', '89%']  memcached=243.8%
[monitor] ['71%', '81%', '100%', '87%']  memcached=238.5%
[monitor] ['74%', '84%', '100%', '89%']  memcached=247.5%
[monitor] ['75%', '90%', '100%', '95%']  memcached=259.5%
[monitor] ['73%', '95%', '100%', '98%']  memcached=265.0%
[monitor] ['67%', '81%', '100%', '87%']  memcached=234.1%
[monitor] ['71%', '81%', '100%', '89%']  memcached=242.0%
[monitor] ['71%', '84%', '100%', '89%']  memcached=244.5%
[monitor] ['71%', '83%', '100%', '89%']  memcached=242.3%
[monitor] ['71%', '83%', '100%', '87%']  memcached=241.9%
[monitor] ['69%', '81%', '100%', '87%']  memcached=236.1%
[monitor] ['78%', '89%', '100%', '92%']  memcached=259.2%
[monitor] ['69%', '82%', '100%', '89%']  memcached=239.5%
[monitor] ['67%', '81%', '100%', '86%']  memcached=233.7%
[monitor] ['71%', '85%', '100%', '90%']  memcached=245.8%
[monitor] ['72%', '86%', '100%', '92%']  memcached=250.5%
[monitor] ['65%', '84%', '100%', '87%']  memcached=235.6%
[monitor] ['68%', '82%', '100%', '88%']  memcached=236.7%
[monitor] ['67%', '82%', '100%', '84%']  memcached=232.9%
[monitor] ['66%', '83%', '100%', '86%']  memcached=235.4%
[monitor] ['72%', '87%', '100%', '92%']  memcached=251.2%
[monitor] ['69%', '84%', '100%', '86%']  memcached=239.0%
[monitor] ['69%', '81%', '100%', '89%']  memcached=238.2%
[monitor] ['69%', '87%', '100%', '90%']  memcached=245.3%
[monitor] ['72%', '86%', '100%', '92%']  memcached=250.7%
[monitor] ['76%', '92%', '100%', '95%']  memcached=263.4%
[monitor] ['74%', '87%', '100%', '92%']  memcached=252.9%
[monitor] ['74%', '84%', '100%', '92%']  memcached=249.6%
[monitor] ['70%', '83%', '100%', '90%']  memcached=242.8%
[monitor] ['66%', '82%', '100%', '87%']  memcached=234.0%
[monitor] ['56%', '72%', '100%', '75%']  memcached=203.1%
[monitor] ['64%', '76%', '100%', '81%']  memcached=220.4%
[monitor] ['70%', '95%', '100%', '95%']  memcached=259.3%
[monitor] ['66%', '86%', '100%', '92%']  memcached=244.2%
[monitor] ['59%', '72%', '100%', '79%']  memcached=211.0%
[monitor] ['67%', '81%', '100%', '81%']  memcached=227.8%
[monitor] ['57%', '71%', '100%', '79%']  memcached=207.5%
[monitor] ['59%', '77%', '100%', '78%']  memcached=213.5%
[monitor] ['61%', '77%', '100%', '81%']  memcached=219.0%
[monitor] ['64%', '77%', '100%', '81%']  memcached=221.9%
[monitor] ['58%', '72%', '100%', '80%']  memcached=210.3%
[monitor] ['61%', '75%', '100%', '80%']  memcached=216.3%
[monitor] ['69%', '76%', '100%', '80%']  memcached=225.2%
[monitor] ['68%', '75%', '100%', '81%']  memcached=223.3%
[monitor] ['61%', '76%', '100%', '80%']  memcached=217.0%
[monitor] ['67%', '86%', '100%', '92%']  memcached=245.5%
[monitor] ['73%', '90%', '100%', '90%']  memcached=252.5%
[monitor] ['61%', '75%', '100%', '77%']  memcached=213.4%
[monitor] ['61%', '77%', '100%', '81%']  memcached=218.3%
[monitor] ['65%', '77%', '100%', '83%']  memcached=225.0%
[monitor] ['63%', '76%', '100%', '81%']  memcached=219.6%
[monitor] ['61%', '75%', '100%', '83%']  memcached=219.6%
[monitor] ['59%', '74%', '100%', '77%']  memcached=210.8%
[monitor] ['55%', '74%', '100%', '78%']  memcached=207.8%
[monitor] ['68%', '76%', '100%', '81%']  memcached=224.4%
[monitor] ['59%', '75%', '100%', '78%']  memcached=212.2%
[monitor] ['62%', '71%', '100%', '77%']  memcached=210.2%
[monitor] ['55%', '76%', '100%', '80%']  memcached=211.6%
[monitor] ['57%', '71%', '100%', '76%']  memcached=203.7%
[monitor] ['60%', '74%', '100%', '81%']  memcached=214.8%
[monitor] ['58%', '74%', '100%', '78%']  memcached=210.7%
[monitor] ['61%', '72%', '100%', '81%']  memcached=214.2%
[monitor] ['60%', '74%', '100%', '81%']  memcached=214.1%
[monitor] ['73%', '76%', '100%', '81%']  memcached=230.3%
[monitor] ['55%', '71%', '100%', '78%']  memcached=205.0%
[monitor] ['57%', '74%', '100%', '78%']  memcached=208.7%
[monitor] ['31%', '29%', '100%', '30%']  memcached=90.5%
[MEMCACHED] cores updated to: ['0', '3']
[barnes] unpaused.
[blackscholes] paused.
[monitor] ['21%', '100%', '100%', '22%']  memcached=43.7%
[MEMCACHED] cores updated to: ['0']
[blackscholes] unpaused.
[blackscholes] cores updated to: [3]
[monitor] ['48%', '100%', '100%', '100%']  memcached=47.8%
[monitor] ['82%', '100%', '100%', '100%']  memcached=82.4%
[monitor] ['48%', '100%', '100%', '100%']  memcached=48.0%
[monitor] ['42%', '100%', '100%', '100%']  memcached=41.7%
[monitor] ['50%', '100%', '100%', '100%']  memcached=50.0%
[monitor] ['57%', '100%', '100%', '100%']  memcached=57.1%
[monitor] ['50%', '100%', '100%', '100%']  memcached=50.0%
[monitor] ['46%', '100%', '100%', '100%']  memcached=46.2%
[monitor] ['46%', '100%', '100%', '100%']  memcached=45.8%
[monitor] ['46%', '100%', '100%', '100%']  memcached=45.8%
[monitor] ['46%', '100%', '100%', '100%']  memcached=46.2%
[monitor] ['44%', '100%', '100%', '100%']  memcached=44.0%
[monitor] ['54%', '100%', '100%', '100%']  memcached=53.8%
[monitor] ['42%', '100%', '100%', '100%']  memcached=41.7%
[monitor] ['44%', '100%', '100%', '100%']  memcached=44.0%
[monitor] ['52%', '100%', '100%', '100%']  memcached=52.0%
[monitor] ['50%', '100%', '100%', '100%']  memcached=50.0%
[monitor] ['46%', '100%', '100%', '100%']  memcached=46.2%
[monitor] ['44%', '100%', '100%', '100%']  memcached=44.0%
[monitor] ['50%', '100%', '100%', '100%']  memcached=50.0%
[monitor] ['54%', '100%', '100%', '100%']  memcached=53.8%
[monitor] ['48%', '100%', '100%', '100%']  memcached=48.0%
[monitor] ['64%', '100%', '100%', '100%']  memcached=64.3%
[monitor] ['52%', '100%', '100%', '100%']  memcached=51.9%
[monitor] ['39%', '100%', '100%', '100%']  memcached=39.1%
[monitor] ['54%', '100%', '100%', '100%']  memcached=53.8%
[monitor] ['44%', '100%', '100%', '100%']  memcached=44.0%
[monitor] ['39%', '100%', '100%', '100%']  memcached=39.1%
[monitor] ['52%', '100%', '100%', '100%']  memcached=51.9%
[monitor] ['48%', '100%', '100%', '100%']  memcached=48.0%
[monitor] ['61%', '100%', '100%', '100%']  memcached=60.7%
[monitor] ['95%', '100%', '100%', '100%']  memcached=94.7%
[MEMCACHED] cores updated to: ['0', '3']
[blackscholes] paused.
[monitor] ['29%', '100%', '100%', '26%']  memcached=54.5%
[MEMCACHED] cores updated to: ['0']
[blackscholes] unpaused.
[monitor] ['46%', '100%', '100%', '100%']  memcached=45.8%
[monitor] ['27%', '100%', '100%', '100%']  memcached=27.3%
[monitor] ['9%', '100%', '100%', '100%']  memcached=8.6%
[monitor] ['9%', '100%', '100%', '100%']  memcached=9.1%
[monitor] ['11%', '100%', '100%', '100%']  memcached=11.4%
[monitor] ['3%', '100%', '95%', '100%']  memcached=3.2%
[monitor] ['9%', '100%', '3%', '100%']  memcached=8.8%
[monitor] ['9%', '100%', '5%', '100%']  memcached=8.8%
[monitor] ['18%', '100%', '0%', '100%']  memcached=17.9%
[monitor] ['20%', '100%', '0%', '100%']  memcached=20.0%
[monitor] ['20%', '100%', '3%', '100%']  memcached=20.0%
[monitor] ['21%', '100%', '5%', '100%']  memcached=21.1%
[monitor] ['21%', '34%', '50%', '100%']  memcached=20.6%
[barnes] ended.
[blackscholes] cores updated to: [1, 2, 3]
[monitor] ['18%', '100%', '100%', '100%']  memcached=17.9%
[monitor] ['11%', '100%', '100%', '100%']  memcached=11.1%
[monitor] ['21%', '100%', '100%', '100%']  memcached=20.5%
[monitor] ['20%', '100%', '100%', '100%']  memcached=20.0%
[monitor] ['17%', '100%', '100%', '100%']  memcached=17.1%
[monitor] ['16%', '100%', '100%', '100%']  memcached=15.8%
[monitor] ['11%', '100%', '100%', '100%']  memcached=11.1%
[monitor] ['16%', '100%', '100%', '100%']  memcached=16.2%
[monitor] ['14%', '100%', '100%', '100%']  memcached=13.5%
[monitor] ['14%', '100%', '100%', '100%']  memcached=13.5%
[monitor] ['9%', '100%', '100%', '100%']  memcached=8.8%
[monitor] ['14%', '100%', '100%', '100%']  memcached=13.5%
[monitor] ['14%', '100%', '100%', '100%']  memcached=13.9%
[monitor] ['14%', '100%', '100%', '100%']  memcached=13.9%
[monitor] ['9%', '100%', '100%', '100%']  memcached=8.8%
[monitor] ['18%', '100%', '100%', '100%']  memcached=17.9%
[monitor] ['16%', '100%', '100%', '100%']  memcached=15.8%
[monitor] ['11%', '100%', '100%', '100%']  memcached=11.4%
[monitor] ['12%', '100%', '100%', '100%']  memcached=11.8%
[monitor] ['6%', '100%', '100%', '100%']  memcached=5.9%
[monitor] ['11%', '100%', '100%', '100%']  memcached=11.1%
[monitor] ['11%', '100%', '55%', '100%']  memcached=11.1%
[monitor] ['21%', '100%', '0%', '100%']  memcached=20.5%
[monitor] ['21%', '100%', '3%', '100%']  memcached=20.5%
[monitor] ['26%', '100%', '0%', '100%']  memcached=26.2%
[monitor] ['56%', '100%', '0%', '100%']  memcached=56.4%
[monitor] ['97%', '100%', '3%', '100%']  memcached=97.4%
[MEMCACHED] cores updated to: ['0', '1', '2']
[blackscholes] cores updated to: [3]
[monitor] ['40%', '36%', '33%', '100%']  memcached=109.0%
[MEMCACHED] cores updated to: ['0', '2']
[blackscholes] cores updated to: [1, 3]
[monitor] ['43%', '100%', '76%', '100%']  memcached=118.6%
[monitor] ['52%', '100%', '70%', '92%']  memcached=121.4%
[monitor] ['50%', '18%', '59%', '92%']  memcached=109.3%
[monitor] ['52%', '6%', '63%', '100%']  memcached=115.1%
[monitor] ['55%', '3%', '61%', '100%']  memcached=116.5%
[monitor] ['55%', '7%', '61%', '100%']  memcached=115.9%
[monitor] ['55%', '3%', '66%', '100%']  memcached=120.8%
[monitor] ['53%', '6%', '62%', '100%']  memcached=115.4%
[monitor] ['62%', '3%', '67%', '100%']  memcached=129.2%
[monitor] ['50%', '9%', '60%', '100%']  memcached=110.0%
[monitor] ['59%', '6%', '61%', '100%']  memcached=120.7%
[monitor] ['53%', '6%', '61%', '100%']  memcached=114.0%
[monitor] ['52%', '3%', '59%', '100%']  memcached=110.3%
[monitor] ['55%', '12%', '60%', '100%']  memcached=114.8%
[monitor] ['58%', '60%', '65%', '57%']  memcached=122.6%
[monitor] ['53%', '68%', '59%', '51%']  memcached=112.6%
[monitor] ['57%', '7%', '67%', '100%']  memcached=123.3%
[monitor] ['58%', '3%', '65%', '100%']  memcached=122.1%
[monitor] ['69%', '33%', '71%', '95%']  memcached=139.7%
[blackscholes] ended.
[MEMCACHED] cores updated to: ['0', '3']
[canneal] started on cores: [1, 2] with 3 threads.
[monitor] ['67%', '69%', '58%', '77%']  memcached=144.1%
[monitor] ['74%', '68%', '59%', '81%']  memcached=154.1%
[monitor] ['60%', '76%', '41%', '77%']  memcached=137.1%
[monitor] ['70%', '10%', '100%', '76%']  memcached=146.5%
[monitor] ['68%', '6%', '100%', '76%']  memcached=143.4%
[monitor] ['61%', '15%', '100%', '71%']  memcached=131.9%
[monitor] ['66%', '3%', '100%', '71%']  memcached=136.2%
[monitor] ['68%', '9%', '100%', '73%']  memcached=140.5%
[monitor] ['59%', '9%', '100%', '69%']  memcached=128.1%
[monitor] ['63%', '6%', '100%', '70%']  memcached=133.0%
[monitor] ['23%', '6%', '100%', '22%']  memcached=44.7%
[MEMCACHED] cores updated to: ['0']
[canneal] cores updated to: [1, 2, 3]
[monitor] ['7%', '3%', '100%', '0%']  memcached=6.7%
[monitor] ['0%', '3%', '100%', '0%']  memcached=0.0%
[monitor] ['3%', '0%', '100%', '0%']  memcached=3.4%
[monitor] ['0%', '3%', '100%', '0%']  memcached=0.0%
[monitor] ['6%', '35%', '100%', '0%']  memcached=6.5%
[monitor] ['9%', '36%', '100%', '3%']  memcached=9.1%
[monitor] ['3%', '3%', '100%', '3%']  memcached=3.4%
[monitor] ['3%', '0%', '100%', '0%']  memcached=3.2%
[monitor] ['7%', '3%', '100%', '0%']  memcached=6.7%
[monitor] ['3%', '3%', '100%', '0%']  memcached=3.4%
[monitor] ['6%', '3%', '100%', '0%']  memcached=6.5%
[monitor] ['0%', '0%', '100%', '0%']  memcached=0.0%
[monitor] ['10%', '3%', '100%', '0%']  memcached=9.7%
[monitor] ['3%', '0%', '100%', '3%']  memcached=3.4%
[monitor] ['3%', '3%', '100%', '0%']  memcached=3.3%
[monitor] ['3%', '0%', '100%', '0%']  memcached=3.3%
[monitor] ['7%', '0%', '100%', '0%']  memcached=7.1%
[monitor] ['3%', '3%', '100%', '0%']  memcached=3.3%
[monitor] ['9%', '38%', '100%', '0%']  memcached=9.4%
[monitor] ['7%', '14%', '100%', '0%']  memcached=6.7%
[monitor] ['3%', '3%', '100%', '0%']  memcached=3.3%
[monitor] ['3%', '3%', '100%', '0%']  memcached=3.3%
[monitor] ['3%', '0%', '100%', '0%']  memcached=3.3%
[monitor] ['6%', '3%', '100%', '0%']  memcached=6.5%
[monitor] ['3%', '0%', '100%', '0%']  memcached=3.3%
[monitor] ['6%', '3%', '100%', '3%']  memcached=6.5%
[monitor] ['7%', '0%', '100%', '0%']  memcached=6.7%
[monitor] ['3%', '3%', '100%', '3%']  memcached=3.3%
[monitor] ['9%', '0%', '100%', '0%']  memcached=9.4%
[monitor] ['0%', '0%', '100%', '0%']  memcached=0.0%
[monitor] ['3%', '0%', '100%', '0%']  memcached=3.3%
[monitor] ['6%', '3%', '100%', '0%']  memcached=6.5%
[monitor] ['6%', '0%', '100%', '3%']  memcached=6.5%
[monitor] ['0%', '3%', '100%', '0%']  memcached=0.0%
[monitor] ['3%', '5%', '100%', '3%']  memcached=3.4%
[monitor] ['3%', '3%', '100%', '0%']  memcached=3.3%
[monitor] ['42%', '0%', '100%', '0%']  memcached=41.9%
[monitor] ['67%', '3%', '100%', '0%']  memcached=66.7%
[monitor] ['63%', '3%', '100%', '6%']  memcached=63.0%
[monitor] ['68%', '8%', '100%', '0%']  memcached=67.7%
[monitor] ['66%', '3%', '100%', '3%']  memcached=65.5%
[monitor] ['66%', '3%', '100%', '3%']  memcached=65.5%
[monitor] ['64%', '0%', '100%', '0%']  memcached=64.3%
[monitor] ['69%', '6%', '100%', '6%']  memcached=69.0%
[monitor] ['62%', '3%', '100%', '0%']  memcached=62.1%
[monitor] ['68%', '6%', '100%', '3%']  memcached=67.9%
[monitor] ['66%', '3%', '100%', '3%']  memcached=65.5%
[monitor] ['70%', '3%', '100%', '0%']  memcached=70.0%
[monitor] ['64%', '6%', '100%', '3%']  memcached=64.3%
[monitor] ['66%', '3%', '100%', '0%']  memcached=65.5%
[monitor] ['78%', '3%', '100%', '6%']  memcached=78.1%
[monitor] ['62%', '3%', '100%', '0%']  memcached=61.5%
[monitor] ['67%', '0%', '100%', '3%']  memcached=66.7%
[monitor] ['75%', '3%', '100%', '3%']  memcached=75.0%
[monitor] ['69%', '6%', '100%', '0%']  memcached=69.0%
[monitor] ['64%', '0%', '100%', '0%']  memcached=64.3%
[monitor] ['71%', '3%', '100%', '6%']  memcached=71.0%
[monitor] ['67%', '6%', '100%', '3%']  memcached=66.7%
[monitor] ['72%', '6%', '100%', '0%']  memcached=71.9%
[monitor] ['75%', '11%', '100%', '6%']  memcached=75.0%
[monitor] ['82%', '3%', '100%', '6%']  memcached=82.4%
[monitor] ['78%', '3%', '100%', '3%']  memcached=78.1%
[monitor] ['66%', '0%', '100%', '3%']  memcached=65.5%
[monitor] ['72%', '3%', '100%', '3%']  memcached=71.9%
[monitor] ['70%', '14%', '100%', '6%']  memcached=70.0%
[monitor] ['81%', '3%', '100%', '6%']  memcached=81.2%
[monitor] ['70%', '6%', '100%', '0%']  memcached=70.0%
[monitor] ['89%', '3%', '100%', '3%']  memcached=88.6%
[MEMCACHED] cores updated to: ['0', '1']
[canneal] cores updated to: [2, 3]
[monitor] ['50%', '43%', '100%', '6%']  memcached=92.9%
[monitor] ['29%', '40%', '100%', '3%']  memcached=68.6%
[MEMCACHED] cores updated to: ['0']
[canneal] cores updated to: [1, 2, 3]
[monitor] ['71%', '3%', '100%', '3%']  memcached=71.0%
[monitor] ['62%', '3%', '100%', '3%']  memcached=62.1%
[monitor] ['70%', '3%', '100%', '0%']  memcached=70.0%
[monitor] ['35%', '6%', '100%', '6%']  memcached=34.6%
[monitor] ['26%', '3%', '100%', '0%']  memcached=25.9%
[monitor] ['8%', '5%', '100%', '0%']  memcached=8.3%
[monitor] ['8%', '0%', '100%', '0%']  memcached=7.7%
[monitor] ['11%', '3%', '100%', '0%']  memcached=11.1%
[monitor] ['19%', '0%', '100%', '5%']  memcached=19.2%
[monitor] ['9%', '3%', '100%', '0%']  memcached=8.7%
[monitor] ['19%', '0%', '100%', '0%']  memcached=19.2%
[monitor] ['8%', '3%', '100%', '3%']  memcached=7.7%
[monitor] ['0%', '3%', '100%', '0%']  memcached=0.0%
[monitor] ['15%', '5%', '100%', '0%']  memcached=14.8%
[monitor] ['8%', '3%', '100%', '0%']  memcached=8.0%
[monitor] ['8%', '0%', '100%', '0%']  memcached=7.7%
[monitor] ['8%', '3%', '100%', '0%']  memcached=8.0%
[monitor] ['4%', '0%', '100%', '0%']  memcached=4.0%
[monitor] ['12%', '3%', '100%', '0%']  memcached=12.0%
[monitor] ['8%', '3%', '100%', '0%']  memcached=7.7%
[monitor] ['4%', '0%', '100%', '3%']  memcached=4.0%
[monitor] ['11%', '5%', '100%', '0%']  memcached=11.1%
[monitor] ['12%', '0%', '100%', '0%']  memcached=11.5%
[monitor] ['15%', '5%', '100%', '0%']  memcached=15.4%
[monitor] ['8%', '0%', '100%', '0%']  memcached=7.7%
[monitor] ['4%', '3%', '100%', '5%']  memcached=4.3%
[monitor] ['12%', '3%', '100%', '3%']  memcached=11.5%
[monitor] ['0%', '0%', '100%', '0%']  memcached=0.0%
[monitor] ['19%', '5%', '100%', '0%']  memcached=19.2%
[monitor] ['17%', '0%', '100%', '0%']  memcached=16.7%
[monitor] ['19%', '3%', '100%', '0%']  memcached=19.2%
[monitor] ['4%', '3%', '100%', '3%']  memcached=4.0%
[monitor] ['8%', '3%', '100%', '0%']  memcached=8.0%
[monitor] ['19%', '3%', '100%', '3%']  memcached=18.5%
[monitor] ['30%', '3%', '100%', '0%']  memcached=29.6%
[monitor] ['12%', '0%', '100%', '0%']  memcached=11.5%
[monitor] ['4%', '5%', '100%', '0%']  memcached=4.2%
[monitor] ['15%', '0%', '100%', '5%']  memcached=15.4%
[monitor] ['15%', '8%', '100%', '3%']  memcached=14.8%
[monitor] ['4%', '3%', '100%', '3%']  memcached=4.3%
[monitor] ['58%', '3%', '100%', '3%']  memcached=58.1%
[monitor] ['100%', '6%', '100%', '0%']  memcached=100.0%
[MEMCACHED] cores updated to: ['0', '2', '3']
[canneal] cores updated to: [1]
[monitor] ['84%', '100%', '89%', '100%']  memcached=273.0%
[monitor] ['77%', '100%', '74%', '92%']  memcached=243.9%
[monitor] ['69%', '100%', '66%', '86%']  memcached=220.7%
[monitor] ['73%', '100%', '65%', '87%']  memcached=224.1%
[monitor] ['61%', '100%', '58%', '80%']  memcached=198.7%
[monitor] ['60%', '100%', '57%', '76%']  memcached=193.0%
[monitor] ['67%', '100%', '62%', '84%']  memcached=213.4%
[monitor] ['67%', '100%', '67%', '83%']  memcached=216.7%
[monitor] ['67%', '100%', '60%', '80%']  memcached=206.7%
[monitor] ['64%', '100%', '61%', '81%']  memcached=204.8%
[monitor] ['66%', '100%', '67%', '84%']  memcached=216.0%
[monitor] ['72%', '100%', '63%', '89%']  memcached=224.4%
[monitor] ['61%', '100%', '58%', '79%']  memcached=197.8%
[monitor] ['61%', '100%', '61%', '80%']  memcached=202.6%
[monitor] ['74%', '100%', '67%', '86%']  memcached=226.3%
[monitor] ['75%', '100%', '74%', '89%']  memcached=238.8%
[monitor] ['74%', '100%', '71%', '87%']  memcached=232.1%
[monitor] ['78%', '100%', '74%', '89%']  memcached=240.8%
[monitor] ['73%', '100%', '73%', '92%']  memcached=237.8%
[monitor] ['63%', '100%', '66%', '84%']  memcached=213.2%
[monitor] ['64%', '100%', '62%', '76%']  memcached=202.6%
[monitor] ['67%', '100%', '60%', '81%']  memcached=207.2%
[monitor] ['71%', '100%', '67%', '90%']  memcached=227.0%
[monitor] ['65%', '100%', '62%', '83%']  memcached=209.9%
[monitor] ['59%', '100%', '58%', '74%']  memcached=191.7%
[monitor] ['66%', '100%', '66%', '81%']  memcached=212.3%
[monitor] ['59%', '100%', '55%', '78%']  memcached=191.6%
[monitor] ['61%', '100%', '58%', '79%']  memcached=198.3%
[monitor] ['66%', '100%', '65%', '89%']  memcached=219.0%
[monitor] ['69%', '100%', '69%', '84%']  memcached=221.7%
[monitor] ['60%', '100%', '55%', '75%']  memcached=190.2%
[monitor] ['66%', '100%', '61%', '81%']  memcached=207.6%
[monitor] ['59%', '100%', '61%', '80%']  memcached=199.9%
[monitor] ['60%', '100%', '62%', '78%']  memcached=200.3%
[monitor] ['70%', '100%', '71%', '84%']  memcached=225.3%
[monitor] ['43%', '100%', '33%', '46%']  memcached=122.5%
[MEMCACHED] cores updated to: ['0', '3']
[canneal] cores updated to: [1, 2]
[monitor] ['18%', '95%', '92%', '3%']  memcached=20.5%
[MEMCACHED] cores updated to: ['0']
[canneal] cores updated to: [3, 1, 2]
[monitor] ['15%', '100%', '74%', '100%']  memcached=14.7%
[monitor] ['9%', '98%', '88%', '98%']  memcached=9.4%
[monitor] ['9%', '100%', '92%', '100%']  memcached=9.4%
[monitor] ['15%', '98%', '92%', '98%']  memcached=14.7%
[monitor] ['19%', '98%', '87%', '100%']  memcached=18.9%
[monitor] ['12%', '92%', '85%', '92%']  memcached=12.5%
[monitor] ['15%', '98%', '95%', '98%']  memcached=14.7%
[monitor] ['10%', '88%', '95%', '90%']  memcached=9.7%
[monitor] ['15%', '98%', '74%', '100%']  memcached=15.2%
[monitor] ['15%', '100%', '92%', '98%']  memcached=15.2%
[monitor] ['14%', '98%', '93%', '100%']  memcached=14.3%
[monitor] ['17%', '100%', '90%', '100%']  memcached=16.7%
[monitor] ['14%', '98%', '95%', '100%']  memcached=14.3%
[monitor] ['15%', '98%', '97%', '98%']  memcached=14.7%
[monitor] ['12%', '98%', '92%', '100%']  memcached=11.8%
[monitor] ['21%', '85%', '98%', '82%']  memcached=21.2%
[monitor] ['9%', '98%', '97%', '98%']  memcached=9.1%
[monitor] ['12%', '98%', '92%', '100%']  memcached=11.8%
[monitor] ['9%', '100%', '95%', '100%']  memcached=9.4%
[monitor] ['19%', '98%', '92%', '100%']  memcached=18.9%
[monitor] ['6%', '97%', '95%', '98%']  memcached=6.5%
[monitor] ['12%', '100%', '95%', '98%']  memcached=11.8%
[monitor] ['14%', '98%', '95%', '100%']  memcached=14.3%
[monitor] ['15%', '98%', '92%', '98%']  memcached=14.7%
[monitor] ['21%', '98%', '95%', '100%']  memcached=21.1%
[monitor] ['23%', '100%', '92%', '100%']  memcached=23.1%
[monitor] ['19%', '98%', '92%', '98%']  memcached=18.9%
[monitor] ['9%', '100%', '95%', '100%']  memcached=9.1%
[monitor] ['15%', '95%', '95%', '98%']  memcached=14.7%
[monitor] ['9%', '100%', '90%', '100%']  memcached=9.1%
[monitor] ['17%', '98%', '92%', '100%']  memcached=16.7%
[monitor] ['17%', '100%', '95%', '100%']  memcached=16.7%
[monitor] ['6%', '98%', '93%', '98%']  memcached=6.2%
[monitor] ['18%', '100%', '92%', '100%']  memcached=17.6%
[monitor] ['19%', '98%', '95%', '100%']  memcached=18.9%
[monitor] ['13%', '100%', '90%', '98%']  memcached=12.9%
[monitor] ['7%', '98%', '95%', '100%']  memcached=7.1%
[monitor] ['13%', '100%', '92%', '100%']  memcached=13.3%
[monitor] ['13%', '95%', '97%', '100%']  memcached=13.3%
[monitor] ['11%', '100%', '93%', '98%']  memcached=10.7%
[monitor] ['18%', '98%', '92%', '100%']  memcached=18.2%
[monitor] ['24%', '98%', '97%', '100%']  memcached=23.5%
[monitor] ['7%', '100%', '92%', '100%']  memcached=6.9%
[monitor] ['17%', '98%', '95%', '98%']  memcached=16.7%
[monitor] ['13%', '100%', '92%', '100%']  memcached=12.9%
[monitor] ['7%', '98%', '95%', '100%']  memcached=7.1%
[monitor] ['13%', '100%', '92%', '100%']  memcached=13.3%
[monitor] ['10%', '98%', '90%', '98%']  memcached=10.3%
[monitor] ['10%', '100%', '92%', '100%']  memcached=10.3%
[monitor] ['18%', '98%', '95%', '100%']  memcached=18.2%
[monitor] ['4%', '100%', '92%', '100%']  memcached=3.7%
[monitor] ['10%', '98%', '85%', '98%']  memcached=10.3%
[monitor] ['7%', '100%', '95%', '100%']  memcached=6.9%
[monitor] ['14%', '98%', '93%', '100%']  memcached=13.8%
[monitor] ['7%', '98%', '85%', '100%']  memcached=6.9%
[monitor] ['4%', '100%', '95%', '98%']  memcached=3.7%
[monitor] ['10%', '98%', '95%', '100%']  memcached=10.3%
[monitor] ['10%', '98%', '88%', '100%']  memcached=10.3%
[monitor] ['14%', '100%', '95%', '98%']  memcached=13.8%
[monitor] ['7%', '98%', '93%', '100%']  memcached=7.4%
[monitor] ['7%', '100%', '92%', '100%']  memcached=7.4%
[monitor] ['0%', '97%', '92%', '100%']  memcached=0.0%
[monitor] ['7%', '98%', '95%', '98%']  memcached=7.1%
[monitor] ['10%', '98%', '95%', '100%']  memcached=10.3%
[monitor] ['7%', '97%', '98%', '97%']  memcached=6.9%
[monitor] ['21%', '100%', '92%', '100%']  memcached=21.2%
[monitor] ['10%', '98%', '92%', '98%']  memcached=10.3%
[monitor] ['10%', '100%', '92%', '100%']  memcached=10.3%
[monitor] ['16%', '98%', '95%', '100%']  memcached=16.1%
[monitor] ['4%', '100%', '95%', '100%']  memcached=3.6%
[monitor] ['4%', '98%', '92%', '98%']  memcached=3.7%
[monitor] ['10%', '97%', '98%', '100%']  memcached=10.0%
[monitor] ['55%', '98%', '92%', '100%']  memcached=54.5%
[monitor] ['100%', '98%', '90%', '100%']  memcached=100.0%
[MEMCACHED] cores updated to: ['0', '1', '3']
[canneal] cores updated to: [2]
[monitor] ['80%', '81%', '100%', '82%']  memcached=242.7%
[monitor] ['57%', '58%', '100%', '66%']  memcached=180.4%
[monitor] ['50%', '57%', '100%', '62%']  memcached=169.2%
[monitor] ['53%', '61%', '100%', '66%']  memcached=180.0%
[monitor] ['54%', '62%', '100%', '67%']  memcached=182.7%
[monitor] ['55%', '59%', '100%', '67%']  memcached=180.9%
[monitor] ['55%', '59%', '100%', '65%']  memcached=178.9%
[monitor] ['45%', '53%', '100%', '64%']  memcached=161.8%
[monitor] ['45%', '64%', '100%', '64%']  memcached=172.1%
[monitor] ['68%', '69%', '100%', '68%']  memcached=204.0%
[monitor] ['71%', '65%', '100%', '71%']  memcached=207.1%
[monitor] ['58%', '61%', '100%', '66%']  memcached=185.1%
[monitor] ['56%', '60%', '100%', '65%']  memcached=180.8%
[monitor] ['50%', '58%', '100%', '62%']  memcached=169.3%
[monitor] ['52%', '55%', '100%', '64%']  memcached=170.4%
[monitor] ['48%', '56%', '100%', '62%']  memcached=167.0%
[monitor] ['52%', '59%', '100%', '65%']  memcached=175.5%
[monitor] ['48%', '56%', '100%', '64%']  memcached=168.2%
[monitor] ['55%', '65%', '100%', '69%']  memcached=189.3%
[monitor] ['48%', '55%', '100%', '62%']  memcached=165.6%
[monitor] ['43%', '58%', '100%', '61%']  memcached=161.0%
[monitor] ['50%', '59%', '100%', '65%']  memcached=174.1%
[monitor] ['57%', '64%', '100%', '68%']  memcached=188.0%
[monitor] ['52%', '62%', '100%', '71%']  memcached=184.8%
[monitor] ['50%', '62%', '100%', '64%']  memcached=176.1%
[monitor] ['55%', '61%', '100%', '68%']  memcached=183.1%
[monitor] ['52%', '62%', '100%', '66%']  memcached=179.8%
[monitor] ['52%', '57%', '100%', '61%']  memcached=169.7%
[monitor] ['58%', '62%', '100%', '68%']  memcached=188.2%
[monitor] ['48%', '58%', '100%', '64%']  memcached=170.0%
[monitor] ['55%', '64%', '100%', '68%']  memcached=186.5%
[monitor] ['53%', '56%', '100%', '62%']  memcached=172.1%
[monitor] ['46%', '57%', '100%', '66%']  memcached=168.7%
[monitor] ['46%', '53%', '100%', '61%']  memcached=161.1%
[monitor] ['46%', '59%', '100%', '62%']  memcached=168.3%
[monitor] ['32%', '27%', '100%', '25%']  memcached=84.7%
[MEMCACHED] cores updated to: ['0', '3']
[canneal] cores updated to: [1, 2]
[monitor] ['12%', '95%', '90%', '3%']  memcached=15.3%
[MEMCACHED] cores updated to: ['0']
[canneal] cores updated to: [3, 1, 2]
[monitor] ['17%', '98%', '92%', '100%']  memcached=17.1%
[monitor] ['20%', '100%', '95%', '98%']  memcached=20.0%
[monitor] ['14%', '95%', '82%', '100%']  memcached=13.5%
[monitor] ['21%', '98%', '92%', '98%']  memcached=21.4%
[monitor] ['18%', '100%', '95%', '100%']  memcached=17.5%
[monitor] ['18%', '98%', '95%', '98%']  memcached=17.5%
[monitor] ['16%', '98%', '95%', '100%']  memcached=15.8%
[monitor] ['21%', '98%', '95%', '98%']  memcached=21.4%
[monitor] ['16%', '100%', '92%', '100%']  memcached=15.8%
[monitor] ['22%', '92%', '95%', '92%']  memcached=22.0%
[monitor] ['24%', '100%', '95%', '98%']  memcached=23.8%
[monitor] ['22%', '100%', '92%', '100%']  memcached=22.0%
[monitor] ['18%', '98%', '92%', '100%']  memcached=17.5%
[monitor] ['26%', '97%', '95%', '98%']  memcached=25.6%
[monitor] ['20%', '100%', '93%', '100%']  memcached=19.5%
[monitor] ['21%', '98%', '95%', '98%']  memcached=21.4%
[monitor] ['20%', '98%', '92%', '100%']  memcached=19.5%
[monitor] ['23%', '100%', '92%', '100%']  memcached=23.3%
[monitor] ['18%', '95%', '93%', '95%']  memcached=17.9%
[monitor] ['26%', '100%', '95%', '100%']  memcached=26.1%
[monitor] ['21%', '98%', '92%', '100%']  memcached=21.4%
[monitor] ['24%', '100%', '92%', '98%']  memcached=23.8%
[monitor] ['21%', '98%', '92%', '100%']  memcached=21.4%
[monitor] ['14%', '100%', '95%', '98%']  memcached=13.5%
[monitor] ['21%', '88%', '95%', '90%']  memcached=20.5%
[monitor] ['15%', '100%', '92%', '100%']  memcached=15.4%
[monitor] ['21%', '98%', '92%', '100%']  memcached=21.4%
[monitor] ['20%', '100%', '95%', '98%']  memcached=20.0%
[monitor] ['20%', '98%', '92%', '100%']  memcached=19.5%
[monitor] ['24%', '100%', '95%', '100%']  memcached=24.4%
[monitor] ['18%', '98%', '85%', '98%']  memcached=17.5%
[monitor] ['22%', '100%', '92%', '100%']  memcached=22.5%
[monitor] ['26%', '95%', '95%', '98%']  memcached=25.6%
[monitor] ['22%', '98%', '95%', '98%']  memcached=22.0%
[monitor] ['16%', '98%', '95%', '98%']  memcached=15.8%
[monitor] ['50%', '98%', '88%', '100%']  memcached=50.0%
[monitor] ['95%', '97%', '79%', '100%']  memcached=94.9%
[MEMCACHED] cores updated to: ['0', '2']
[canneal] cores updated to: [3, 1]
[monitor] ['39%', '98%', '38%', '98%']  memcached=77.7%
[MEMCACHED] cores updated to: ['0']
[canneal] cores updated to: [3, 1, 2]
[monitor] ['89%', '98%', '90%', '100%']  memcached=88.9%
[MEMCACHED] cores updated to: ['0', '3']
[canneal] cores updated to: [1, 2]
[monitor] ['41%', '95%', '97%', '52%']  memcached=92.5%
[monitor] ['44%', '95%', '95%', '52%']  memcached=96.2%
[monitor] ['45%', '97%', '92%', '45%']  memcached=90.0%
[monitor] ['41%', '98%', '95%', '43%']  memcached=83.6%
[monitor] ['44%', '97%', '90%', '46%']  memcached=90.9%
[monitor] ['45%', '97%', '95%', '55%']  memcached=99.7%
[monitor] ['48%', '95%', '95%', '45%']  memcached=93.1%
[monitor] ['50%', '98%', '92%', '47%']  memcached=96.7%
[monitor] ['50%', '98%', '95%', '64%']  memcached=113.6%
[monitor] ['61%', '100%', '84%', '62%']  memcached=123.2%
[monitor] ['43%', '98%', '95%', '55%']  memcached=97.7%
[monitor] ['46%', '95%', '95%', '60%']  memcached=106.4%
[monitor] ['46%', '100%', '92%', '55%']  memcached=101.3%
[monitor] ['33%', '95%', '95%', '46%']  memcached=79.8%
[MEMCACHED] cores updated to: ['0']
[canneal] cores updated to: [3, 1, 2]
[monitor] ['95%', '97%', '92%', '100%']  memcached=95.0%
[MEMCACHED] cores updated to: ['0', '1']
[canneal] cores updated to: [3, 2]
[monitor] ['41%', '46%', '92%', '97%']  memcached=87.2%
[monitor] ['33%', '47%', '95%', '95%']  memcached=80.0%
[monitor] ['43%', '50%', '95%', '92%']  memcached=92.9%
[monitor] ['47%', '45%', '90%', '98%']  memcached=91.5%
[monitor] ['38%', '45%', '97%', '97%']  memcached=82.8%
[monitor] ['46%', '39%', '95%', '95%']  memcached=85.7%
[monitor] ['37%', '45%', '97%', '95%']  memcached=81.9%
[monitor] ['56%', '58%', '98%', '92%']  memcached=114.3%
[monitor] ['52%', '62%', '98%', '92%']  memcached=113.6%
[monitor] ['39%', '50%', '95%', '95%']  memcached=89.3%
[monitor] ['50%', '52%', '97%', '95%']  memcached=101.6%
[monitor] ['61%', '55%', '90%', '92%']  memcached=116.5%
[monitor] ['45%', '50%', '93%', '97%']  memcached=94.8%
[monitor] ['43%', '52%', '95%', '97%']  memcached=94.9%
[monitor] ['46%', '65%', '77%', '100%']  memcached=111.1%
[monitor] ['47%', '44%', '92%', '97%']  memcached=91.1%
[monitor] ['52%', '55%', '97%', '95%']  memcached=106.5%
[monitor] ['35%', '39%', '95%', '98%']  memcached=74.8%
[MEMCACHED] cores updated to: ['0']
[canneal] cores updated to: [3, 1, 2]
[monitor] ['8%', '98%', '92%', '100%']  memcached=7.7%
[monitor] ['4%', '100%', '92%', '100%']  memcached=3.8%
[monitor] ['12%', '98%', '92%', '100%']  memcached=11.5%
[monitor] ['8%', '98%', '95%', '98%']  memcached=7.7%
[monitor] ['8%', '100%', '97%', '100%']  memcached=7.7%
[monitor] ['17%', '98%', '92%', '100%']  memcached=17.2%
[monitor] ['14%', '98%', '95%', '98%']  memcached=13.8%
[monitor] ['12%', '97%', '95%', '100%']  memcached=11.5%
[monitor] ['8%', '95%', '98%', '95%']  memcached=8.3%
[monitor] ['0%', '98%', '95%', '100%']  memcached=0.0%
[monitor] ['4%', '100%', '95%', '100%']  memcached=4.0%
[monitor] ['15%', '98%', '95%', '98%']  memcached=14.8%
[monitor] ['12%', '98%', '95%', '100%']  memcached=11.5%
[monitor] ['12%', '100%', '95%', '100%']  memcached=11.5%
[monitor] ['11%', '98%', '92%', '100%']  memcached=10.7%
[monitor] ['4%', '98%', '92%', '98%']  memcached=4.0%
[monitor] ['15%', '100%', '95%', '100%']  memcached=14.8%
[monitor] ['14%', '100%', '92%', '100%']  memcached=13.8%
[monitor] ['4%', '98%', '95%', '100%']  memcached=4.0%
[monitor] ['12%', '98%', '92%', '98%']  memcached=11.5%
[monitor] ['12%', '100%', '95%', '100%']  memcached=11.5%
[monitor] ['12%', '98%', '95%', '98%']  memcached=11.5%
[monitor] ['12%', '98%', '90%', '100%']  memcached=12.0%
[monitor] ['26%', '85%', '97%', '88%']  memcached=25.9%
[monitor] ['15%', '98%', '92%', '98%']  memcached=15.4%
[monitor] ['12%', '95%', '98%', '98%']  memcached=12.0%
[monitor] ['8%', '100%', '95%', '100%']  memcached=8.0%
[monitor] ['12%', '98%', '95%', '98%']  memcached=11.5%
[monitor] ['8%', '100%', '95%', '100%']  memcached=7.7%
[monitor] ['4%', '98%', '95%', '100%']  memcached=4.0%
[monitor] ['8%', '97%', '95%', '98%']  memcached=7.7%
[monitor] ['8%', '98%', '95%', '100%']  memcached=8.0%
[monitor] ['15%', '98%', '98%', '95%']  memcached=15.4%
[monitor] ['7%', '98%', '92%', '100%']  memcached=7.4%
[monitor] ['4%', '100%', '95%', '100%']  memcached=4.0%
[monitor] ['8%', '98%', '93%', '98%']  memcached=8.0%
[monitor] ['34%', '97%', '95%', '100%']  memcached=34.5%
[monitor] ['100%', '95%', '79%', '98%']  memcached=100.0%
[MEMCACHED] cores updated to: ['0', '2', '3']
[canneal] cores updated to: [1]
[monitor] ['86%', '100%', '92%', '95%']  memcached=273.2%
[monitor] ['71%', '100%', '92%', '86%']  memcached=249.2%
[monitor] ['60%', '100%', '57%', '78%']  memcached=195.5%
[monitor] ['62%', '100%', '63%', '86%']  memcached=211.1%
[monitor] ['64%', '100%', '66%', '81%']  memcached=210.3%
[monitor] ['61%', '100%', '60%', '83%']  memcached=204.6%
[monitor] ['70%', '100%', '69%', '90%']  memcached=228.2%
[monitor] ['62%', '100%', '65%', '84%']  memcached=211.4%
[monitor] ['60%', '100%', '59%', '83%']  memcached=201.5%
[monitor] ['61%', '100%', '59%', '81%']  memcached=200.5%
[monitor] ['62%', '100%', '58%', '81%']  memcached=201.1%
[monitor] ['62%', '100%', '63%', '86%']  memcached=211.9%
[monitor] ['65%', '100%', '61%', '83%']  memcached=209.1%
[monitor] ['60%', '100%', '61%', '79%']  memcached=200.7%
[monitor] ['59%', '100%', '59%', '78%']  memcached=195.8%
[monitor] ['59%', '100%', '60%', '81%']  memcached=199.9%
[monitor] ['61%', '100%', '64%', '81%']  memcached=205.5%
[monitor] ['70%', '100%', '65%', '84%']  memcached=218.0%
[monitor] ['65%', '100%', '61%', '79%']  memcached=205.2%
[monitor] ['62%', '100%', '63%', '85%']  memcached=211.1%
[monitor] ['61%', '100%', '60%', '84%']  memcached=205.1%
[monitor] ['67%', '100%', '68%', '87%']  memcached=221.3%
[monitor] ['57%', '100%', '62%', '77%']  memcached=196.3%
[monitor] ['66%', '100%', '66%', '86%']  memcached=217.7%
[monitor] ['68%', '100%', '69%', '84%']  memcached=220.7%
[monitor] ['61%', '100%', '61%', '80%']  memcached=202.6%
[monitor] ['67%', '100%', '66%', '80%']  memcached=212.3%
[monitor] ['64%', '100%', '66%', '81%']  memcached=210.3%
[monitor] ['73%', '100%', '68%', '86%']  memcached=227.0%
[monitor] ['75%', '100%', '74%', '87%']  memcached=235.7%
[monitor] ['68%', '100%', '68%', '87%']  memcached=222.2%
[monitor] ['58%', '100%', '61%', '75%']  memcached=194.4%
[monitor] ['61%', '100%', '59%', '77%']  memcached=197.8%
[monitor] ['65%', '100%', '66%', '83%']  memcached=212.9%
[monitor] ['69%', '100%', '66%', '83%']  memcached=217.7%
[monitor] ['52%', '100%', '45%', '63%']  memcached=159.2%
[MEMCACHED] cores updated to: ['0', '3']
[canneal] cores updated to: [2, 1]
[monitor] ['24%', '95%', '95%', '14%']  memcached=38.0%
[MEMCACHED] cores updated to: ['0']
[canneal] cores updated to: [2, 1, 3]
[monitor] ['33%', '98%', '92%', '98%']  memcached=33.3%
[monitor] ['36%', '98%', '92%', '100%']  memcached=36.0%
[monitor] ['30%', '98%', '95%', '100%']  memcached=30.4%
[monitor] ['29%', '100%', '95%', '98%']  memcached=29.2%
[monitor] ['30%', '95%', '95%', '100%']  memcached=30.4%
[monitor] ['44%', '92%', '95%', '92%']  memcached=44.4%
[monitor] ['32%', '98%', '95%', '98%']  memcached=32.0%
[monitor] ['72%', '75%', '98%', '74%']  memcached=71.9%
[monitor] ['48%', '95%', '100%', '95%']  memcached=48.1%
[monitor] ['46%', '92%', '95%', '92%']  memcached=46.2%
[monitor] ['35%', '97%', '92%', '100%']  memcached=34.6%
[monitor] ['25%', '98%', '78%', '82%']  memcached=25.0%
[monitor] ['9%', '100%', '0%', '3%']  memcached=8.7%
[monitor] ['20%', '100%', '5%', '0%']  memcached=20.0%
[monitor] ['13%', '100%', '0%', '3%']  memcached=13.0%
[monitor] ['20%', '100%', '3%', '0%']  memcached=20.0%
[monitor] ['17%', '100%', '3%', '0%']  memcached=17.4%
[monitor] ['9%', '100%', '3%', '0%']  memcached=9.1%
[monitor] ['19%', '100%', '5%', '3%']  memcached=19.2%
[monitor] ['9%', '100%', '3%', '0%']  memcached=9.1%
[monitor] ['19%', '100%', '5%', '0%']  memcached=19.2%
[monitor] ['9%', '100%', '3%', '0%']  memcached=9.1%
[monitor] ['21%', '100%', '3%', '3%']  memcached=20.8%
[monitor] ['16%', '98%', '3%', '0%']  memcached=16.0%
[monitor] ['9%', '100%', '5%', '0%']  memcached=9.1%
[monitor] ['32%', '79%', '19%', '19%']  memcached=32.0%
[canneal] ended.
[freqmine] started on cores: [1, 2, 3] with 3 threads.
[monitor] ['22%', '44%', '32%', '39%']  memcached=21.7%
[monitor] ['26%', '17%', '85%', '6%']  memcached=26.1%
[monitor] ['21%', '88%', '16%', '3%']  memcached=20.8%
[monitor] ['17%', '100%', '3%', '0%']  memcached=17.4%
[monitor] ['13%', '100%', '3%', '3%']  memcached=13.0%
[monitor] ['17%', '100%', '11%', '8%']  memcached=16.7%
[monitor] ['22%', '100%', '95%', '98%']  memcached=21.7%
[monitor] ['44%', '100%', '88%', '88%']  memcached=44.0%
[monitor] ['38%', '100%', '100%', '100%']  memcached=37.5%
[monitor] ['89%', '100%', '100%', '100%']  memcached=89.5%
[MEMCACHED] cores updated to: ['0', '1']
[freqmine] cores updated to: [2, 3]
[monitor] ['81%', '86%', '100%', '100%']  memcached=166.7%
[monitor] ['72%', '80%', '100%', '100%']  memcached=151.9%
[monitor] ['62%', '69%', '100%', '100%']  memcached=131.2%
[monitor] ['70%', '86%', '100%', '100%']  memcached=155.8%
[monitor] ['77%', '81%', '100%', '100%']  memcached=158.0%
[monitor] ['66%', '67%', '100%', '100%']  memcached=132.3%
[monitor] ['61%', '74%', '100%', '100%']  memcached=134.8%
[monitor] ['61%', '68%', '100%', '100%']  memcached=128.3%
[monitor] ['62%', '77%', '100%', '100%']  memcached=139.6%
[monitor] ['65%', '73%', '100%', '100%']  memcached=137.2%
[monitor] ['62%', '76%', '100%', '100%']  memcached=139.0%
[monitor] ['65%', '76%', '100%', '100%']  memcached=140.3%
[monitor] ['74%', '75%', '100%', '100%']  memcached=149.3%
[monitor] ['73%', '76%', '100%', '100%']  memcached=149.2%
[monitor] ['66%', '69%', '100%', '100%']  memcached=134.4%
[monitor] ['74%', '77%', '100%', '100%']  memcached=150.7%
[monitor] ['79%', '83%', '100%', '100%']  memcached=162.3%
[monitor] ['83%', '89%', '100%', '100%']  memcached=172.2%
[MEMCACHED] cores updated to: ['0', '1', '2']
[freqmine] cores updated to: [3]
[monitor] ['48%', '77%', '68%', '100%']  memcached=193.7%
[monitor] ['47%', '52%', '83%', '100%']  memcached=181.6%
[monitor] ['40%', '47%', '41%', '100%']  memcached=128.0%
[MEMCACHED] cores updated to: ['0', '2']
[freqmine] cores updated to: [1, 3]
[monitor] ['83%', '68%', '88%', '100%']  memcached=171.1%
[MEMCACHED] cores updated to: ['0', '2', '3']
[freqmine] cores updated to: [1]
[monitor] ['75%', '100%', '69%', '61%']  memcached=204.4%
[monitor] ['41%', '100%', '45%', '56%']  memcached=142.8%
[MEMCACHED] cores updated to: ['0', '3']
[freqmine] cores updated to: [1, 2]
[monitor] ['66%', '100%', '100%', '71%']  memcached=136.3%
[monitor] ['61%', '100%', '100%', '83%']  memcached=143.9%
[monitor] ['60%', '100%', '100%', '74%']  memcached=133.5%
[monitor] ['70%', '100%', '100%', '76%']  memcached=145.5%
[monitor] ['70%', '100%', '100%', '82%']  memcached=151.3%
[monitor] ['67%', '100%', '100%', '73%']  memcached=139.4%
[monitor] ['61%', '100%', '100%', '76%']  memcached=137.0%
[monitor] ['61%', '100%', '100%', '75%']  memcached=136.3%
[monitor] ['62%', '100%', '100%', '74%']  memcached=136.8%
[monitor] ['68%', '100%', '100%', '75%']  memcached=142.7%
[monitor] ['66%', '100%', '100%', '73%']  memcached=138.4%
[monitor] ['82%', '100%', '100%', '86%']  memcached=168.5%
[monitor] ['78%', '100%', '100%', '89%']  memcached=167.6%
[monitor] ['60%', '100%', '100%', '71%']  memcached=130.6%
[monitor] ['64%', '100%', '100%', '76%']  memcached=140.1%
[monitor] ['63%', '100%', '100%', '75%']  memcached=138.3%
[monitor] ['55%', '100%', '100%', '78%']  memcached=133.2%
[monitor] ['65%', '100%', '100%', '66%']  memcached=130.1%
[monitor] ['55%', '100%', '100%', '77%']  memcached=132.0%
[monitor] ['59%', '100%', '100%', '71%']  memcached=130.0%
[monitor] ['58%', '100%', '100%', '73%']  memcached=130.8%
[monitor] ['58%', '100%', '100%', '70%']  memcached=127.8%
[monitor] ['60%', '100%', '100%', '67%']  memcached=126.7%
[monitor] ['55%', '100%', '100%', '77%']  memcached=132.3%
[monitor] ['60%', '100%', '100%', '75%']  memcached=135.0%
[monitor] ['61%', '100%', '100%', '77%']  memcached=138.4%
[monitor] ['55%', '100%', '100%', '71%']  memcached=126.6%
[monitor] ['59%', '100%', '100%', '74%']  memcached=133.7%
[monitor] ['58%', '100%', '100%', '71%']  memcached=129.5%
[monitor] ['60%', '100%', '100%', '69%']  memcached=128.8%
[monitor] ['55%', '100%', '100%', '69%']  memcached=123.6%
[monitor] ['57%', '100%', '100%', '66%']  memcached=122.8%
[monitor] ['61%', '100%', '100%', '71%']  memcached=131.9%
[monitor] ['58%', '100%', '100%', '72%']  memcached=129.9%
[monitor] ['74%', '100%', '100%', '92%']  memcached=165.8%
[monitor] ['83%', '100%', '100%', '92%']  memcached=174.7%
[MEMCACHED] cores updated to: ['0', '1', '3']
[freqmine] cores updated to: [2]
[monitor] ['41%', '55%', '100%', '59%']  memcached=155.6%
[MEMCACHED] cores updated to: ['0', '3']
[freqmine] cores updated to: [1, 2]
[monitor] ['72%', '100%', '100%', '79%']  memcached=150.7%
[monitor] ['62%', '100%', '100%', '70%']  memcached=132.2%
[monitor] ['58%', '100%', '100%', '76%']  memcached=134.5%
[monitor] ['92%', '100%', '100%', '89%']  memcached=181.4%
[MEMCACHED] cores updated to: ['0', '2', '3']
[freqmine] cores updated to: [1]
[monitor] ['41%', '100%', '45%', '48%']  memcached=134.8%
[MEMCACHED] cores updated to: ['0', '3']
[freqmine] cores updated to: [1, 2]
[monitor] ['92%', '100%', '100%', '92%']  memcached=184.2%
[MEMCACHED] cores updated to: ['0', '1', '3']
[freqmine] cores updated to: [2]
[monitor] ['30%', '45%', '100%', '55%']  memcached=129.3%
[MEMCACHED] cores updated to: ['0', '3']
[freqmine] cores updated to: [1, 2]
[monitor] ['63%', '100%', '100%', '71%']  memcached=133.9%
[monitor] ['60%', '100%', '100%', '74%']  memcached=134.3%
[monitor] ['55%', '100%', '100%', '73%']  memcached=127.9%
[monitor] ['31%', '100%', '100%', '36%']  memcached=66.7%
[MEMCACHED] cores updated to: ['0']
[freqmine] cores updated to: [3, 1, 2]
[monitor] ['84%', '100%', '100%', '100%']  memcached=84.4%
[monitor] ['76%', '100%', '100%', '100%']  memcached=75.8%
[monitor] ['77%', '100%', '100%', '100%']  memcached=77.4%
[monitor] ['81%', '100%', '100%', '100%']  memcached=80.6%
[monitor] ['80%', '100%', '100%', '100%']  memcached=80.0%
[monitor] ['77%', '100%', '100%', '100%']  memcached=76.7%
[monitor] ['72%', '100%', '100%', '100%']  memcached=71.9%
[monitor] ['86%', '100%', '100%', '100%']  memcached=85.7%
[MEMCACHED] cores updated to: ['0', '2']
[freqmine] cores updated to: [3, 1]
[monitor] ['36%', '100%', '39%', '100%']  memcached=75.0%
[MEMCACHED] cores updated to: ['0']
[freqmine] cores updated to: [3, 1, 2]
[monitor] ['83%', '100%', '100%', '100%']  memcached=82.9%
[monitor] ['77%', '100%', '100%', '100%']  memcached=77.4%
[monitor] ['71%', '100%', '100%', '100%']  memcached=71.0%
[monitor] ['78%', '100%', '100%', '100%']  memcached=78.1%
[monitor] ['81%', '100%', '100%', '100%']  memcached=81.2%
[monitor] ['76%', '100%', '100%', '100%']  memcached=75.8%
[monitor] ['71%', '100%', '100%', '100%']  memcached=71.4%
[monitor] ['75%', '100%', '100%', '100%']  memcached=75.0%
[monitor] ['68%', '100%', '100%', '100%']  memcached=67.9%
[monitor] ['68%', '100%', '100%', '100%']  memcached=67.9%
[monitor] ['78%', '100%', '100%', '100%']  memcached=78.1%
[monitor] ['77%', '100%', '100%', '100%']  memcached=76.7%
[monitor] ['75%', '100%', '100%', '100%']  memcached=75.0%
[monitor] ['72%', '100%', '100%', '100%']  memcached=71.9%
[monitor] ['75%', '100%', '100%', '100%']  memcached=75.0%
[monitor] ['73%', '100%', '100%', '100%']  memcached=73.3%
[monitor] ['88%', '100%', '100%', '100%']  memcached=88.2%
[MEMCACHED] cores updated to: ['0', '3']
[freqmine] cores updated to: [1, 2]
[monitor] ['37%', '100%', '100%', '36%']  memcached=72.8%
[MEMCACHED] cores updated to: ['0']
[freqmine] cores updated to: [3, 1, 2]
[monitor] ['79%', '100%', '100%', '100%']  memcached=78.8%
[monitor] ['76%', '100%', '100%', '100%']  memcached=75.9%
[monitor] ['70%', '100%', '100%', '100%']  memcached=70.0%
[monitor] ['78%', '100%', '100%', '100%']  memcached=78.1%
[monitor] ['79%', '100%', '100%', '100%']  memcached=78.8%
[monitor] ['78%', '100%', '100%', '100%']  memcached=78.1%
[monitor] ['67%', '100%', '100%', '100%']  memcached=66.7%
[monitor] ['81%', '100%', '100%', '100%']  memcached=81.2%
[monitor] ['86%', '100%', '100%', '100%']  memcached=86.1%
[MEMCACHED] cores updated to: ['0', '1']
[freqmine] cores updated to: [3, 2]
[monitor] ['74%', '41%', '100%', '100%']  memcached=115.6%
[monitor] ['50%', '38%', '100%', '100%']  memcached=87.9%
[monitor] ['50%', '41%', '100%', '100%']  memcached=91.4%
[monitor] ['56%', '41%', '100%', '100%']  memcached=96.9%
[monitor] ['53%', '45%', '100%', '100%']  memcached=98.5%
[monitor] ['39%', '41%', '100%', '100%']  memcached=80.0%
[monitor] ['47%', '41%', '100%', '100%']  memcached=87.4%
[monitor] ['48%', '48%', '100%', '100%']  memcached=96.5%
[monitor] ['46%', '48%', '100%', '100%']  memcached=94.7%
[monitor] ['50%', '43%', '100%', '100%']  memcached=93.3%
[monitor] ['45%', '50%', '100%', '100%']  memcached=94.8%
[monitor] ['50%', '50%', '100%', '100%']  memcached=100.0%
[monitor] ['45%', '45%', '100%', '100%']  memcached=89.7%
[monitor] ['48%', '43%', '100%', '100%']  memcached=91.6%
[monitor] ['36%', '45%', '100%', '100%']  memcached=80.8%
[monitor] ['48%', '52%', '100%', '100%']  memcached=100.1%
[monitor] ['57%', '42%', '100%', '100%']  memcached=99.1%
[monitor] ['45%', '41%', '100%', '100%']  memcached=86.2%
[monitor] ['39%', '45%', '100%', '100%']  memcached=84.1%
[monitor] ['62%', '48%', '100%', '100%']  memcached=110.8%
[monitor] ['31%', '48%', '100%', '100%']  memcached=79.2%
[MEMCACHED] cores updated to: ['0']
[freqmine] cores updated to: [3, 1, 2]
[monitor] ['86%', '100%', '100%', '100%']  memcached=86.1%
[MEMCACHED] cores updated to: ['0', '2']
[freqmine] cores updated to: [3, 1]
[monitor] ['39%', '100%', '48%', '100%']  memcached=87.4%
[monitor] ['43%', '100%', '50%', '100%']  memcached=93.3%
[monitor] ['39%', '100%', '54%', '100%']  memcached=93.1%
[monitor] ['40%', '100%', '50%', '100%']  memcached=90.0%
[monitor] ['43%', '100%', '50%', '100%']  memcached=92.9%
[monitor] ['48%', '100%', '57%', '100%']  memcached=104.9%
[monitor] ['43%', '100%', '52%', '100%']  memcached=94.6%
[monitor] ['39%', '100%', '46%', '100%']  memcached=85.4%
[monitor] ['45%', '100%', '52%', '100%']  memcached=96.6%
[monitor] ['45%', '100%', '46%', '100%']  memcached=91.3%
[monitor] ['50%', '100%', '54%', '100%']  memcached=103.6%
[monitor] ['45%', '100%', '48%', '100%']  memcached=93.0%
[monitor] ['57%', '100%', '56%', '100%']  memcached=112.9%
[monitor] ['47%', '100%', '40%', '100%']  memcached=86.7%
[monitor] ['27%', '100%', '23%', '100%']  memcached=50.6%
[MEMCACHED] cores updated to: ['0']
[freqmine] cores updated to: [3, 1, 2]
[monitor] ['40%', '100%', '100%', '100%']  memcached=40.0%
[monitor] ['41%', '100%', '100%', '100%']  memcached=40.7%
[monitor] ['44%', '100%', '100%', '100%']  memcached=44.0%
[monitor] ['38%', '100%', '100%', '100%']  memcached=37.5%
[monitor] ['42%', '100%', '100%', '100%']  memcached=42.3%
[monitor] ['42%', '100%', '100%', '100%']  memcached=41.7%
[monitor] ['36%', '100%', '100%', '100%']  memcached=36.0%
[monitor] ['42%', '100%', '100%', '100%']  memcached=41.7%
[monitor] ['42%', '100%', '100%', '100%']  memcached=42.3%
[monitor] ['38%', '100%', '100%', '100%']  memcached=37.5%
[monitor] ['44%', '100%', '100%', '100%']  memcached=44.0%
[monitor] ['26%', '100%', '100%', '100%']  memcached=26.1%
[monitor] ['38%', '100%', '100%', '100%']  memcached=37.5%
[monitor] ['26%', '100%', '100%', '100%']  memcached=26.1%
[monitor] ['42%', '100%', '100%', '100%']  memcached=41.7%
[monitor] ['40%', '100%', '100%', '100%']  memcached=40.0%
[monitor] ['30%', '100%', '100%', '100%']  memcached=30.4%
[monitor] ['30%', '100%', '100%', '100%']  memcached=30.4%
[monitor] ['29%', '100%', '100%', '100%']  memcached=29.2%
[monitor] ['26%', '100%', '100%', '100%']  memcached=26.1%
[monitor] ['33%', '100%', '100%', '100%']  memcached=33.3%
[monitor] ['30%', '100%', '100%', '100%']  memcached=30.4%
[monitor] ['26%', '100%', '100%', '100%']  memcached=26.1%
[monitor] ['33%', '100%', '100%', '100%']  memcached=33.3%
[monitor] ['29%', '100%', '100%', '100%']  memcached=29.2%
[monitor] ['29%', '100%', '100%', '100%']  memcached=29.2%
[monitor] ['50%', '100%', '100%', '100%']  memcached=50.0%
[monitor] ['30%', '100%', '100%', '100%']  memcached=30.4%
[monitor] ['32%', '100%', '100%', '100%']  memcached=31.8%
[monitor] ['23%', '100%', '100%', '100%']  memcached=22.7%
[monitor] ['38%', '100%', '100%', '100%']  memcached=37.5%
[monitor] ['23%', '100%', '100%', '100%']  memcached=22.7%
[monitor] ['30%', '100%', '100%', '100%']  memcached=30.4%
[monitor] ['26%', '100%', '100%', '100%']  memcached=26.1%
[monitor] ['30%', '100%', '100%', '100%']  memcached=30.4%
[monitor] ['52%', '100%', '100%', '100%']  memcached=52.0%
[monitor] ['100%', '100%', '100%', '100%']  memcached=100.0%
[MEMCACHED] cores updated to: ['0', '1', '3']
[freqmine] cores updated to: [2]
[monitor] ['45%', '61%', '100%', '61%']  memcached=166.4%
[monitor] ['42%', '56%', '100%', '58%']  memcached=156.2%
[MEMCACHED] cores updated to: ['0', '3']
[freqmine] cores updated to: [1, 2]
[monitor] ['72%', '100%', '100%', '67%']  memcached=138.5%
[monitor] ['75%', '100%', '100%', '79%']  memcached=154.4%
[monitor] ['76%', '100%', '100%', '64%']  memcached=139.4%
[monitor] ['70%', '100%', '100%', '76%']  memcached=145.5%
[monitor] ['67%', '100%', '100%', '74%']  memcached=141.0%
[monitor] ['68%', '100%', '100%', '71%']  memcached=138.3%
[monitor] ['69%', '100%', '100%', '76%']  memcached=145.2%
[monitor] ['83%', '100%', '100%', '73%']  memcached=156.1%
[monitor] ['66%', '100%', '100%', '87%']  memcached=152.5%
[monitor] ['76%', '100%', '100%', '74%']  memcached=150.0%
[monitor] ['66%', '100%', '100%', '73%']  memcached=138.4%
[monitor] ['67%', '100%', '100%', '81%']  memcached=147.2%
[monitor] ['72%', '100%', '100%', '70%']  memcached=141.6%
[monitor] ['63%', '100%', '100%', '79%']  memcached=142.7%
[monitor] ['66%', '100%', '100%', '71%']  memcached=136.2%
[monitor] ['67%', '100%', '100%', '75%']  memcached=141.7%
[monitor] ['62%', '100%', '100%', '80%']  memcached=142.5%
[monitor] ['81%', '100%', '100%', '65%']  memcached=145.1%
[monitor] ['63%', '100%', '100%', '81%']  memcached=143.9%
[monitor] ['71%', '100%', '100%', '78%']  memcached=149.0%
[monitor] ['69%', '100%', '100%', '76%']  memcached=145.2%
[monitor] ['73%', '100%', '100%', '83%']  memcached=155.6%
[monitor] ['70%', '100%', '100%', '69%']  memcached=138.4%
[monitor] ['65%', '100%', '100%', '81%']  memcached=145.1%
[monitor] ['72%', '100%', '100%', '74%']  memcached=145.8%
[monitor] ['67%', '100%', '100%', '81%']  memcached=147.2%
[monitor] ['65%', '100%', '100%', '81%']  memcached=145.1%
[monitor] ['65%', '100%', '100%', '80%']  memcached=144.7%
[monitor] ['66%', '100%', '100%', '76%']  memcached=142.1%
[monitor] ['70%', '100%', '100%', '87%']  memcached=156.9%
[monitor] ['70%', '100%', '100%', '78%']  memcached=147.5%
[monitor] ['63%', '100%', '100%', '81%']  memcached=143.9%
[monitor] ['73%', '100%', '100%', '79%']  memcached=152.1%
[monitor] ['48%', '100%', '100%', '61%']  memcached=109.0%
[monitor] ['29%', '100%', '100%', '22%']  memcached=51.3%
[MEMCACHED] cores updated to: ['0']
[freqmine] cores updated to: [3, 1, 2]
[monitor] ['54%', '100%', '100%', '100%']  memcached=53.8%
[monitor] ['46%', '100%', '100%', '100%']  memcached=46.2%
[monitor] ['48%', '100%', '100%', '100%']  memcached=48.0%
[monitor] ['48%', '100%', '100%', '100%']  memcached=48.0%
[monitor] ['42%', '100%', '100%', '100%']  memcached=41.7%
[monitor] ['52%', '100%', '100%', '100%']  memcached=52.0%
[monitor] ['42%', '100%', '100%', '100%']  memcached=41.7%
[monitor] ['50%', '100%', '100%', '100%']  memcached=50.0%
[monitor] ['50%', '100%', '100%', '100%']  memcached=50.0%
[monitor] ['42%', '100%', '100%', '100%']  memcached=41.7%
[monitor] ['48%', '100%', '100%', '100%']  memcached=48.0%
[monitor] ['39%', '100%', '100%', '100%']  memcached=39.1%
[monitor] ['54%', '100%', '100%', '100%']  memcached=53.8%
[monitor] ['43%', '100%', '100%', '100%']  memcached=43.5%
[monitor] ['48%', '100%', '100%', '100%']  memcached=48.0%
[monitor] ['52%', '100%', '100%', '100%']  memcached=51.9%
[monitor] ['59%', '100%', '100%', '100%']  memcached=59.3%
[monitor] ['48%', '100%', '100%', '100%']  memcached=48.0%
[monitor] ['48%', '100%', '100%', '100%']  memcached=48.0%
[monitor] ['50%', '100%', '100%', '100%']  memcached=50.0%
[monitor] ['50%', '100%', '100%', '100%']  memcached=50.0%
[monitor] ['50%', '100%', '100%', '100%']  memcached=50.0%
[monitor] ['44%', '100%', '100%', '100%']  memcached=44.0%
[monitor] ['59%', '100%', '100%', '100%']  memcached=59.3%
[monitor] ['48%', '100%', '100%', '100%']  memcached=48.0%
[monitor] ['54%', '100%', '100%', '100%']  memcached=53.8%
[monitor] ['48%', '100%', '100%', '100%']  memcached=48.0%
[monitor] ['48%', '100%', '100%', '100%']  memcached=48.0%
[monitor] ['54%', '100%', '100%', '100%']  memcached=53.8%
[monitor] ['52%', '100%', '100%', '100%']  memcached=51.9%
[monitor] ['48%', '100%', '100%', '100%']  memcached=47.8%
[monitor] ['56%', '100%', '100%', '100%']  memcached=55.6%
[monitor] ['83%', '100%', '100%', '100%']  memcached=82.9%
[monitor] ['54%', '100%', '100%', '100%']  memcached=53.8%
[monitor] ['46%', '100%', '100%', '100%']  memcached=46.2%
[monitor] ['61%', '100%', '100%', '100%']  memcached=60.7%
[monitor] ['83%', '100%', '100%', '100%']  memcached=82.9%
[monitor] ['75%', '100%', '100%', '100%']  memcached=75.0%
[monitor] ['83%', '100%', '100%', '100%']  memcached=82.9%
[monitor] ['82%', '100%', '100%', '100%']  memcached=82.4%
[monitor] ['74%', '100%', '100%', '100%']  memcached=74.2%
[monitor] ['75%', '100%', '100%', '100%']  memcached=75.0%
[monitor] ['72%', '100%', '100%', '100%']  memcached=72.4%
[monitor] ['77%', '100%', '100%', '100%']  memcached=77.4%
[monitor] ['79%', '100%', '100%', '100%']  memcached=79.4%
[monitor] ['72%', '100%', '100%', '100%']  memcached=72.4%
[monitor] ['72%', '100%', '100%', '100%']  memcached=72.4%
[monitor] ['79%', '100%', '100%', '100%']  memcached=79.4%
[monitor] ['74%', '100%', '100%', '100%']  memcached=74.2%
[monitor] ['79%', '100%', '100%', '100%']  memcached=79.4%
[monitor] ['83%', '100%', '100%', '100%']  memcached=83.3%
[monitor] ['81%', '100%', '100%', '100%']  memcached=80.6%
[monitor] ['79%', '100%', '100%', '100%']  memcached=78.8%
[monitor] ['79%', '100%', '100%', '100%']  memcached=78.8%
[monitor] ['74%', '100%', '100%', '100%']  memcached=74.2%
[monitor] ['80%', '100%', '100%', '100%']  memcached=80.0%
[monitor] ['79%', '100%', '100%', '100%']  memcached=79.4%
[monitor] ['81%', '100%', '100%', '100%']  memcached=81.2%
[monitor] ['83%', '100%', '100%', '100%']  memcached=82.9%
[monitor] ['86%', '100%', '100%', '100%']  memcached=85.7%
[MEMCACHED] cores updated to: ['0', '2']
[freqmine] cores updated to: [3, 1]
[monitor] ['34%', '100%', '27%', '100%']  memcached=61.4%
[MEMCACHED] cores updated to: ['0']
[freqmine] cores updated to: [3, 1, 2]
[monitor] ['73%', '100%', '82%', '100%']  memcached=73.3%
[monitor] ['75%', '100%', '100%', '100%']  memcached=75.0%
[monitor] ['79%', '100%', '100%', '100%']  memcached=78.8%
[monitor] ['79%', '100%', '100%', '100%']  memcached=79.4%
[monitor] ['78%', '100%', '100%', '100%']  memcached=78.1%
[monitor] ['82%', '100%', '100%', '100%']  memcached=82.4%
[monitor] ['69%', '100%', '100%', '100%']  memcached=69.0%
[monitor] ['77%', '100%', '100%', '100%']  memcached=77.4%
[monitor] ['70%', '100%', '100%', '100%']  memcached=70.0%
[monitor] ['78%', '100%', '100%', '100%']  memcached=78.1%
[monitor] ['81%', '100%', '100%', '100%']  memcached=81.2%
[monitor] ['56%', '100%', '100%', '100%']  memcached=55.6%
[monitor] ['35%', '100%', '100%', '100%']  memcached=34.6%
[monitor] ['32%', '100%', '100%', '100%']  memcached=31.8%
[monitor] ['30%', '100%', '100%', '100%']  memcached=30.4%
[monitor] ['30%', '100%', '100%', '100%']  memcached=30.4%
[monitor] ['38%', '100%', '100%', '100%']  memcached=37.5%
[monitor] ['33%', '100%', '100%', '100%']  memcached=33.3%
[monitor] ['44%', '100%', '100%', '100%']  memcached=44.0%
[monitor] ['26%', '100%', '100%', '100%']  memcached=26.1%
[monitor] ['33%', '100%', '100%', '100%']  memcached=33.3%
[monitor] ['38%', '100%', '100%', '100%']  memcached=37.5%
[monitor] ['42%', '100%', '100%', '100%']  memcached=41.7%
[monitor] ['44%', '100%', '100%', '100%']  memcached=44.0%
[monitor] ['35%', '100%', '100%', '100%']  memcached=34.6%
[monitor] ['33%', '100%', '100%', '100%']  memcached=33.3%
[monitor] ['33%', '100%', '100%', '100%']  memcached=33.3%
[monitor] ['39%', '100%', '100%', '100%']  memcached=39.1%
[monitor] ['38%', '100%', '100%', '100%']  memcached=38.5%
[monitor] ['32%', '100%', '100%', '100%']  memcached=31.8%
[monitor] ['35%', '100%', '100%', '100%']  memcached=34.8%
[monitor] ['33%', '100%', '100%', '100%']  memcached=33.3%
[monitor] ['42%', '100%', '100%', '100%']  memcached=42.3%
[monitor] ['40%', '100%', '100%', '100%']  memcached=40.0%
[monitor] ['39%', '100%', '100%', '100%']  memcached=39.1%
[monitor] ['38%', '100%', '100%', '100%']  memcached=37.5%
[monitor] ['50%', '100%', '100%', '100%']  memcached=50.0%
[monitor] ['40%', '100%', '100%', '100%']  memcached=40.0%
[monitor] ['44%', '100%', '100%', '100%']  memcached=44.4%
[monitor] ['27%', '100%', '100%', '100%']  memcached=27.3%
[monitor] ['36%', '100%', '100%', '100%']  memcached=36.0%
[monitor] ['42%', '100%', '100%', '100%']  memcached=42.3%
[monitor] ['55%', '100%', '100%', '100%']  memcached=55.2%
[monitor] ['65%', '100%', '100%', '100%']  memcached=64.5%
[monitor] ['50%', '100%', '100%', '100%']  memcached=50.0%
[monitor] ['82%', '100%', '100%', '100%']  memcached=82.4%
[monitor] ['66%', '100%', '100%', '100%']  memcached=65.6%
[monitor] ['43%', '100%', '100%', '100%']  memcached=42.9%
[monitor] ['37%', '100%', '100%', '100%']  memcached=36.7%
[monitor] ['0%', '100%', '100%', '100%']  memcached=0.0%
[monitor] ['10%', '100%', '100%', '100%']  memcached=10.0%
[monitor] ['13%', '100%', '100%', '100%']  memcached=13.3%
[monitor] ['16%', '100%', '100%', '100%']  memcached=15.6%
[monitor] ['18%', '100%', '100%', '100%']  memcached=18.2%
[monitor] ['12%', '100%', '100%', '100%']  memcached=12.1%
[monitor] ['13%', '100%', '100%', '100%']  memcached=13.3%
[monitor] ['21%', '100%', '100%', '100%']  memcached=21.2%
[monitor] ['7%', '100%', '100%', '100%']  memcached=6.9%
[monitor] ['4%', '100%', '100%', '100%']  memcached=3.8%
[monitor] ['7%', '100%', '100%', '100%']  memcached=6.9%
[monitor] ['11%', '100%', '100%', '100%']  memcached=10.7%
[monitor] ['0%', '100%', '100%', '100%']  memcached=0.0%
[monitor] ['13%', '100%', '100%', '100%']  memcached=12.9%
[monitor] ['7%', '100%', '100%', '100%']  memcached=6.9%
[monitor] ['10%', '100%', '100%', '100%']  memcached=10.0%
[monitor] ['10%', '100%', '100%', '100%']  memcached=10.0%
[monitor] ['10%', '100%', '100%', '100%']  memcached=9.7%
[monitor] ['13%', '100%', '100%', '100%']  memcached=12.9%
[monitor] ['7%', '100%', '100%', '100%']  memcached=7.1%
[monitor] ['7%', '100%', '100%', '100%']  memcached=6.9%
[monitor] ['7%', '100%', '100%', '100%']  memcached=6.9%
[monitor] ['4%', '100%', '100%', '100%']  memcached=3.7%
[monitor] ['13%', '100%', '100%', '100%']  memcached=13.3%
[monitor] ['19%', '100%', '100%', '100%']  memcached=18.8%
[monitor] ['4%', '100%', '100%', '100%']  memcached=3.7%
[monitor] ['10%', '100%', '100%', '100%']  memcached=10.0%
[monitor] ['10%', '100%', '100%', '100%']  memcached=10.3%
[monitor] ['4%', '100%', '100%', '100%']  memcached=3.6%
[monitor] ['7%', '100%', '100%', '100%']  memcached=6.9%
[monitor] ['4%', '100%', '100%', '100%']  memcached=3.6%
[monitor] ['7%', '100%', '100%', '100%']  memcached=6.9%
[monitor] ['4%', '100%', '100%', '100%']  memcached=3.7%
[monitor] ['7%', '100%', '100%', '100%']  memcached=6.7%
[monitor] ['4%', '100%', '100%', '100%']  memcached=3.6%
[monitor] ['10%', '100%', '100%', '100%']  memcached=10.0%
[monitor] ['39%', '100%', '100%', '100%']  memcached=39.4%
[monitor] ['100%', '100%', '100%', '100%']  memcached=100.0%
[MEMCACHED] cores updated to: ['0', '1', '3']
[freqmine] cores updated to: [2]
[monitor] ['45%', '58%', '100%', '72%']  memcached=174.8%
[monitor] ['36%', '53%', '100%', '56%']  memcached=145.1%
[MEMCACHED] cores updated to: ['0', '3']
[freqmine] cores updated to: [1, 2]
[monitor] ['79%', '100%', '100%', '80%']  memcached=159.4%
[monitor] ['67%', '100%', '100%', '78%']  memcached=144.4%
[monitor] ['83%', '100%', '100%', '68%']  memcached=150.5%
[monitor] ['69%', '100%', '100%', '89%']  memcached=157.9%
[monitor] ['79%', '100%', '100%', '80%']  memcached=158.8%
[monitor] ['67%', '100%', '100%', '79%']  memcached=146.1%
[monitor] ['66%', '100%', '100%', '76%']  memcached=141.4%
[monitor] ['69%', '100%', '100%', '79%']  memcached=147.5%
[monitor] ['69%', '100%', '100%', '87%']  memcached=155.6%
[monitor] ['62%', '100%', '100%', '80%']  memcached=142.5%
[monitor] ['73%', '100%', '100%', '84%']  memcached=156.5%
[monitor] ['67%', '100%', '100%', '83%']  memcached=150.0%
[monitor] ['71%', '100%', '100%', '84%']  memcached=154.8%
[monitor] ['66%', '100%', '100%', '83%']  memcached=149.0%
[monitor] ['62%', '100%', '100%', '76%']  memcached=139.0%
[monitor] ['68%', '100%', '100%', '81%']  memcached=148.3%
[monitor] ['65%', '100%', '100%', '76%']  memcached=141.0%
[monitor] ['66%', '100%', '100%', '79%']  memcached=145.0%
[monitor] ['71%', '100%', '100%', '83%']  memcached=153.8%
[monitor] ['70%', '100%', '100%', '79%']  memcached=149.1%
[monitor] ['74%', '100%', '100%', '86%']  memcached=159.6%
[monitor] ['66%', '100%', '100%', '81%']  memcached=146.2%
[monitor] ['63%', '100%', '100%', '82%']  memcached=145.7%
[monitor] ['70%', '100%', '100%', '83%']  memcached=153.0%
[monitor] ['61%', '100%', '100%', '78%']  memcached=139.1%
[monitor] ['74%', '100%', '100%', '86%']  memcached=159.2%
[monitor] ['67%', '100%', '100%', '83%']  memcached=149.5%
[monitor] ['72%', '100%', '100%', '84%']  memcached=155.7%
[monitor] ['70%', '100%', '100%', '81%']  memcached=150.8%
[monitor] ['70%', '100%', '100%', '84%']  memcached=153.5%
[monitor] ['63%', '100%', '100%', '76%']  memcached=139.1%
[monitor] ['65%', '100%', '100%', '81%']  memcached=145.1%
[monitor] ['61%', '100%', '100%', '77%']  memcached=138.4%
[monitor] ['53%', '100%', '100%', '72%']  memcached=125.2%
[monitor] ['44%', '100%', '100%', '58%']  memcached=102.0%
[monitor] ['45%', '100%', '100%', '57%']  memcached=101.5%
[monitor] ['52%', '100%', '100%', '53%']  memcached=105.1%
[monitor] ['50%', '100%', '100%', '50%']  memcached=100.0%
[monitor] ['41%', '100%', '100%', '57%']  memcached=97.4%
[monitor] ['43%', '100%', '100%', '48%']  memcached=91.1%
[monitor] ['41%', '100%', '100%', '52%']  memcached=92.4%
[monitor] ['46%', '100%', '100%', '59%']  memcached=105.8%
[monitor] ['53%', '100%', '100%', '48%']  memcached=101.5%
[monitor] ['41%', '100%', '100%', '50%']  memcached=90.7%
[monitor] ['43%', '100%', '100%', '52%']  memcached=94.5%
[monitor] ['46%', '100%', '100%', '55%']  memcached=101.6%
[monitor] ['43%', '100%', '100%', '55%']  memcached=98.0%
[monitor] ['44%', '100%', '100%', '62%']  memcached=106.9%
[monitor] ['44%', '100%', '100%', '52%']  memcached=96.2%
[monitor] ['39%', '100%', '100%', '61%']  memcached=100.6%
[monitor] ['43%', '100%', '100%', '52%']  memcached=94.6%
[monitor] ['43%', '100%', '100%', '57%']  memcached=99.5%
[monitor] ['48%', '100%', '100%', '48%']  memcached=96.7%
[monitor] ['46%', '100%', '100%', '53%']  memcached=99.8%
[monitor] ['46%', '100%', '100%', '60%']  memcached=106.4%
[monitor] ['46%', '100%', '100%', '47%']  memcached=93.1%
[monitor] ['35%', '100%', '100%', '61%']  memcached=95.9%
[monitor] ['48%', '100%', '100%', '52%']  memcached=99.9%
[monitor] ['50%', '100%', '100%', '68%']  memcached=117.7%
[monitor] ['47%', '100%', '100%', '65%']  memcached=111.2%
[monitor] ['39%', '100%', '100%', '52%']  memcached=91.0%
[monitor] ['46%', '100%', '100%', '59%']  memcached=105.8%
[monitor] ['47%', '100%', '100%', '52%']  memcached=98.4%
[monitor] ['47%', '100%', '100%', '62%']  memcached=109.2%
[monitor] ['41%', '100%', '100%', '55%']  memcached=96.2%
[monitor] ['43%', '100%', '100%', '50%']  memcached=92.9%
[monitor] ['45%', '100%', '100%', '52%']  memcached=97.0%
[monitor] ['43%', '100%', '100%', '53%']  memcached=96.2%
[monitor] ['47%', '100%', '100%', '61%']  memcached=108.0%
[monitor] ['50%', '100%', '100%', '55%']  memcached=105.2%
[monitor] ['60%', '100%', '100%', '67%']  memcached=126.7%
[monitor] ['86%', '100%', '100%', '73%']  memcached=158.8%
[monitor] ['83%', '100%', '100%', '80%']  memcached=163.3%
[monitor] ['71%', '100%', '100%', '86%']  memcached=156.7%
[monitor] ['89%', '100%', '100%', '71%']  memcached=159.5%
[monitor] ['71%', '100%', '100%', '87%']  memcached=158.3%
[monitor] ['73%', '100%', '100%', '85%']  memcached=158.0%
[monitor] ['67%', '100%', '100%', '92%']  memcached=159.2%
[monitor] ['74%', '100%', '100%', '92%']  memcached=165.4%
[monitor] ['74%', '100%', '100%', '95%']  memcached=168.9%
[monitor] ['69%', '100%', '100%', '92%']  memcached=160.9%
[monitor] ['74%', '100%', '100%', '92%']  memcached=165.4%
[monitor] ['77%', '100%', '100%', '95%']  memcached=172.1%
[MEMCACHED] cores updated to: ['0', '2', '3']
[freqmine] cores updated to: [1]
[monitor] ['52%', '100%', '59%', '67%']  memcached=177.7%
[monitor] ['53%', '100%', '50%', '66%']  memcached=169.0%
[monitor] ['52%', '100%', '50%', '64%']  memcached=165.2%
[monitor] ['53%', '100%', '54%', '71%']  memcached=177.5%
[monitor] ['48%', '100%', '48%', '59%']  memcached=156.1%
[MEMCACHED] cores updated to: ['0', '3']
[freqmine] cores updated to: [2, 1]
[monitor] ['72%', '100%', '100%', '95%']  memcached=166.7%
[monitor] ['69%', '100%', '100%', '86%']  memcached=155.2%
[monitor] ['76%', '100%', '100%', '87%']  memcached=162.6%
[monitor] ['73%', '100%', '100%', '92%']  memcached=164.6%
[monitor] ['74%', '100%', '100%', '89%']  memcached=162.7%
[monitor] ['74%', '100%', '100%', '90%']  memcached=163.3%
[monitor] ['72%', '100%', '100%', '86%']  memcached=158.0%
[monitor] ['70%', '100%', '100%', '90%']  memcached=159.4%
[monitor] ['77%', '100%', '100%', '80%']  memcached=157.1%
[monitor] ['92%', '100%', '100%', '97%']  memcached=189.0%
[MEMCACHED] cores updated to: ['0', '2', '3']
[freqmine] cores updated to: [1]
[monitor] ['52%', '100%', '50%', '69%']  memcached=170.3%
[monitor] ['53%', '100%', '55%', '70%']  memcached=177.9%
[monitor] ['50%', '100%', '45%', '64%']  memcached=158.5%
[MEMCACHED] cores updated to: ['0', '3']
[freqmine] cores updated to: [2, 1]
[monitor] ['76%', '100%', '100%', '86%']  memcached=163.0%
[monitor] ['70%', '100%', '100%', '92%']  memcached=161.6%
[monitor] ['74%', '100%', '100%', '86%']  memcached=160.0%
[monitor] ['73%', '100%', '100%', '95%']  memcached=167.3%
[monitor] ['77%', '100%', '100%', '92%']  memcached=169.2%
[monitor] ['78%', '100%', '100%', '89%']  memcached=167.3%
[monitor] ['83%', '100%', '100%', '100%']  memcached=182.9%
[MEMCACHED] cores updated to: ['0', '1', '3']
[freqmine] cores updated to: [2]
[monitor] ['75%', '92%', '100%', '95%']  memcached=261.9%
[monitor] ['65%', '81%', '100%', '84%']  memcached=229.8%
[monitor] ['66%', '83%', '100%', '86%']  memcached=235.4%
[monitor] ['62%', '81%', '100%', '84%']  memcached=226.8%
[monitor] ['67%', '84%', '100%', '89%']  memcached=239.6%
[monitor] ['67%', '81%', '100%', '83%']  memcached=230.6%
[monitor] ['65%', '80%', '100%', '84%']  memcached=228.3%
[monitor] ['65%', '83%', '100%', '87%']  memcached=235.0%
[monitor] ['74%', '89%', '100%', '95%']  memcached=257.5%
[monitor] ['66%', '81%', '100%', '83%']  memcached=229.5%
[monitor] ['69%', '83%', '100%', '87%']  memcached=239.3%
[monitor] ['69%', '86%', '100%', '89%']  memcached=244.7%
[monitor] ['66%', '81%', '100%', '84%']  memcached=230.4%
[monitor] ['76%', '86%', '100%', '92%']  memcached=255.1%
[monitor] ['70%', '87%', '100%', '90%']  memcached=246.3%
[monitor] ['68%', '83%', '100%', '87%']  memcached=237.9%
[monitor] ['69%', '81%', '100%', '86%']  memcached=235.6%
[monitor] ['65%', '83%', '100%', '86%']  memcached=234.0%
[monitor] ['68%', '81%', '100%', '84%']  memcached=232.4%
[monitor] ['67%', '83%', '100%', '86%']  memcached=236.0%
[monitor] ['69%', '83%', '100%', '86%']  memcached=238.2%
[monitor] ['65%', '80%', '100%', '90%']  memcached=234.3%
[monitor] ['61%', '78%', '100%', '84%']  memcached=223.5%
[monitor] ['73%', '86%', '100%', '89%']  memcached=247.9%
[monitor] ['70%', '88%', '100%', '90%']  memcached=246.9%
[monitor] ['71%', '86%', '100%', '89%']  memcached=246.6%
[monitor] ['75%', '87%', '100%', '90%']  memcached=252.2%
[monitor] ['69%', '84%', '100%', '86%']  memcached=239.0%
[monitor] ['67%', '84%', '100%', '87%']  memcached=237.6%
[monitor] ['68%', '86%', '100%', '89%']  memcached=242.6%
[monitor] ['74%', '84%', '100%', '89%']  memcached=246.6%
[monitor] ['71%', '84%', '100%', '89%']  memcached=244.7%
[monitor] ['69%', '82%', '100%', '86%']  memcached=237.6%
[monitor] ['70%', '85%', '100%', '88%']  memcached=241.8%
[monitor] ['68%', '83%', '100%', '86%']  memcached=236.8%
[monitor] ['71%', '84%', '100%', '89%']  memcached=244.0%
[monitor] ['47%', '58%', '100%', '65%']  memcached=169.4%
[monitor] ['40%', '53%', '100%', '55%']  memcached=148.2%
[MEMCACHED] cores updated to: ['0', '3']
[freqmine] cores updated to: [2, 1]
[monitor] ['68%', '100%', '100%', '78%']  memcached=145.5%
[monitor] ['67%', '100%', '100%', '76%']  memcached=142.4%
[monitor] ['68%', '100%', '100%', '78%']  memcached=145.4%
[monitor] ['71%', '100%', '100%', '89%']  memcached=159.8%
[monitor] ['71%', '100%', '100%', '86%']  memcached=157.5%
[monitor] ['66%', '100%', '100%', '86%']  memcached=152.1%
[monitor] ['69%', '100%', '100%', '78%']  memcached=147.1%
[monitor] ['69%', '100%', '100%', '83%']  memcached=152.1%
[monitor] ['74%', '100%', '100%', '89%']  memcached=162.7%
[monitor] ['70%', '100%', '100%', '81%']  memcached=150.3%
[monitor] ['68%', '100%', '100%', '86%']  memcached=153.5%
[monitor] ['68%', '100%', '100%', '81%']  memcached=148.3%
[monitor] ['67%', '100%', '100%', '84%']  memcached=150.5%
[monitor] ['71%', '100%', '100%', '83%']  memcached=154.3%
[monitor] ['66%', '100%', '100%', '81%']  memcached=146.2%
[monitor] ['65%', '100%', '100%', '83%']  memcached=147.8%
[monitor] ['73%', '100%', '100%', '81%']  memcached=153.8%
[monitor] ['67%', '100%', '100%', '80%']  memcached=146.7%
[monitor] ['70%', '100%', '100%', '83%']  memcached=153.0%
[monitor] ['70%', '100%', '100%', '78%']  memcached=148.1%
[monitor] ['70%', '100%', '100%', '83%']  memcached=152.6%
[monitor] ['69%', '100%', '100%', '82%']  memcached=150.3%
[monitor] ['65%', '100%', '100%', '83%']  memcached=147.4%
[monitor] ['74%', '100%', '100%', '83%']  memcached=156.4%
[monitor] ['68%', '100%', '100%', '84%']  memcached=151.5%
[monitor] ['69%', '100%', '100%', '86%']  memcached=154.7%
[monitor] ['76%', '100%', '100%', '89%']  memcached=165.7%
[monitor] ['74%', '100%', '100%', '92%']  memcached=165.4%
[monitor] ['72%', '100%', '100%', '87%']  memcached=159.1%
[monitor] ['67%', '100%', '100%', '83%']  memcached=149.5%
[monitor] ['68%', '100%', '100%', '86%']  memcached=153.9%
[monitor] ['73%', '100%', '100%', '84%']  memcached=156.5%
[monitor] ['70%', '100%', '100%', '84%']  memcached=153.9%
[monitor] ['70%', '100%', '100%', '89%']  memcached=158.6%
[monitor] ['75%', '100%', '100%', '86%']  memcached=161.5%
[monitor] ['37%', '100%', '100%', '37%']  memcached=73.3%
[MEMCACHED] cores updated to: ['0']
[freqmine] cores updated to: [2, 1, 3]
[monitor] ['38%', '100%', '100%', '100%']  memcached=37.5%
[monitor] ['32%', '100%', '100%', '100%']  memcached=31.8%
[monitor] ['40%', '100%', '100%', '100%']  memcached=40.0%
[monitor] ['38%', '100%', '100%', '100%']  memcached=37.5%
[monitor] ['42%', '100%', '100%', '100%']  memcached=41.7%
[monitor] ['32%', '100%', '100%', '100%']  memcached=31.8%
[monitor] ['40%', '100%', '100%', '100%']  memcached=40.0%
[monitor] ['30%', '100%', '100%', '100%']  memcached=30.4%
[monitor] ['35%', '100%', '100%', '100%']  memcached=34.8%
[monitor] ['33%', '100%', '100%', '100%']  memcached=33.3%
[monitor] ['27%', '100%', '100%', '100%']  memcached=27.3%
[monitor] ['42%', '100%', '100%', '100%']  memcached=41.7%
[monitor] ['38%', '100%', '100%', '100%']  memcached=37.5%
[monitor] ['35%', '100%', '100%', '100%']  memcached=34.8%
[monitor] ['41%', '100%', '100%', '100%']  memcached=40.9%
[monitor] ['46%', '100%', '100%', '100%']  memcached=46.2%
[monitor] ['42%', '100%', '100%', '100%']  memcached=41.7%
[monitor] ['43%', '100%', '100%', '100%']  memcached=43.5%
[monitor] ['46%', '100%', '100%', '100%']  memcached=46.2%
[monitor] ['42%', '100%', '100%', '100%']  memcached=41.7%
[monitor] ['50%', '100%', '100%', '100%']  memcached=50.0%
[monitor] ['42%', '100%', '100%', '100%']  memcached=41.7%
[monitor] ['35%', '100%', '100%', '100%']  memcached=34.8%
[monitor] ['56%', '100%', '100%', '100%']  memcached=55.6%
[monitor] ['35%', '100%', '100%', '100%']  memcached=34.8%
[monitor] ['35%', '100%', '100%', '100%']  memcached=34.8%
[monitor] ['38%', '100%', '100%', '100%']  memcached=37.5%
[monitor] ['33%', '100%', '100%', '100%']  memcached=33.3%
[monitor] ['52%', '100%', '100%', '100%']  memcached=51.9%
[monitor] ['44%', '100%', '100%', '100%']  memcached=44.0%
[monitor] ['39%', '100%', '100%', '100%']  memcached=39.1%
[monitor] ['52%', '100%', '100%', '100%']  memcached=51.9%
[monitor] ['39%', '100%', '100%', '100%']  memcached=39.1%
[monitor] ['48%', '100%', '100%', '100%']  memcached=48.1%
[monitor] ['46%', '100%', '100%', '100%']  memcached=45.8%
[monitor] ['56%', '100%', '100%', '100%']  memcached=55.6%
[monitor] ['13%', '100%', '100%', '100%']  memcached=13.3%
[monitor] ['3%', '100%', '100%', '100%']  memcached=3.3%
[monitor] ['10%', '100%', '100%', '100%']  memcached=10.0%
[monitor] ['3%', '100%', '100%', '100%']  memcached=3.3%
[monitor] ['3%', '100%', '100%', '100%']  memcached=3.4%
[monitor] ['17%', '100%', '100%', '100%']  memcached=16.7%
[monitor] ['10%', '100%', '100%', '100%']  memcached=10.3%
[monitor] ['10%', '100%', '100%', '100%']  memcached=10.0%
[monitor] ['6%', '100%', '100%', '100%']  memcached=6.5%
[monitor] ['7%', '100%', '100%', '100%']  memcached=6.7%
[monitor] ['7%', '100%', '100%', '100%']  memcached=6.7%
[monitor] ['3%', '100%', '100%', '100%']  memcached=3.4%
[monitor] ['13%', '100%', '100%', '100%']  memcached=12.9%
[monitor] ['7%', '100%', '100%', '100%']  memcached=6.9%
[monitor] ['3%', '100%', '100%', '100%']  memcached=3.3%
[monitor] ['10%', '100%', '100%', '100%']  memcached=9.7%
[monitor] ['10%', '100%', '100%', '100%']  memcached=10.3%
[monitor] ['7%', '100%', '100%', '100%']  memcached=6.9%
[monitor] ['9%', '100%', '100%', '100%']  memcached=9.4%
[monitor] ['3%', '100%', '100%', '100%']  memcached=3.4%
[monitor] ['7%', '100%', '100%', '100%']  memcached=6.7%
[monitor] ['3%', '100%', '100%', '100%']  memcached=3.4%
[monitor] ['6%', '100%', '100%', '100%']  memcached=6.5%
[monitor] ['7%', '100%', '100%', '100%']  memcached=6.7%
[monitor] ['3%', '100%', '100%', '100%']  memcached=3.3%
[monitor] ['7%', '100%', '100%', '100%']  memcached=6.7%
[monitor] ['3%', '100%', '100%', '100%']  memcached=3.3%
[monitor] ['10%', '100%', '100%', '100%']  memcached=9.7%
[monitor] ['3%', '100%', '100%', '100%']  memcached=3.4%
[monitor] ['6%', '100%', '100%', '100%']  memcached=6.5%
[monitor] ['7%', '100%', '100%', '100%']  memcached=6.7%
[monitor] ['7%', '100%', '100%', '100%']  memcached=6.9%
[monitor] ['3%', '100%', '100%', '100%']  memcached=3.3%
[monitor] ['7%', '100%', '100%', '100%']  memcached=6.7%
[monitor] ['3%', '100%', '100%', '100%']  memcached=3.3%
[monitor] ['17%', '74%', '82%', '68%']  memcached=16.7%
[freqmine] ended.
[streamcluster] started on cores: [1, 2, 3] with 3 threads.
[monitor] ['31%', '45%', '32%', '39%']  memcached=31.2%
[monitor] ['98%', '88%', '16%', '31%']  memcached=97.5%
[MEMCACHED] cores updated to: ['0', '1', '2']
[streamcluster] cores updated to: [3]
[monitor] ['39%', '50%', '37%', '100%']  memcached=126.3%
[MEMCACHED] cores updated to: ['0', '2']
[streamcluster] cores updated to: [1, 3]
[monitor] ['59%', '98%', '62%', '92%']  memcached=120.7%
[monitor] ['81%', '100%', '82%', '98%']  memcached=163.0%
[monitor] ['71%', '98%', '71%', '97%']  memcached=141.9%
[monitor] ['56%', '100%', '56%', '98%']  memcached=111.6%
[monitor] ['60%', '95%', '57%', '100%']  memcached=116.7%
[monitor] ['69%', '100%', '71%', '100%']  memcached=139.7%
[monitor] ['59%', '98%', '66%', '100%']  memcached=124.9%
[monitor] ['65%', '97%', '76%', '100%']  memcached=140.5%
[monitor] ['65%', '100%', '69%', '98%']  memcached=133.3%
[monitor] ['66%', '98%', '68%', '100%']  memcached=133.4%
[monitor] ['61%', '97%', '67%', '100%']  memcached=128.0%
[monitor] ['79%', '100%', '79%', '100%']  memcached=158.2%
[monitor] ['63%', '98%', '57%', '100%']  memcached=120.0%
[monitor] ['65%', '98%', '55%', '98%']  memcached=119.7%
[monitor] ['66%', '100%', '68%', '100%']  memcached=133.4%
[monitor] ['65%', '98%', '61%', '100%']  memcached=125.8%
[monitor] ['60%', '98%', '60%', '100%']  memcached=120.0%
[monitor] ['65%', '100%', '60%', '97%']  memcached=124.5%
[monitor] ['72%', '97%', '66%', '100%']  memcached=137.5%
[monitor] ['69%', '100%', '65%', '100%']  memcached=133.1%
[monitor] ['63%', '98%', '63%', '100%']  memcached=126.7%
[monitor] ['67%', '98%', '66%', '100%']  memcached=132.3%
[monitor] ['68%', '97%', '62%', '98%']  memcached=129.8%
[monitor] ['61%', '100%', '60%', '100%']  memcached=121.3%
[monitor] ['61%', '98%', '64%', '100%']  memcached=124.9%
[monitor] ['62%', '100%', '60%', '100%']  memcached=122.1%
[monitor] ['68%', '98%', '60%', '100%']  memcached=127.6%
[monitor] ['59%', '97%', '62%', '100%']  memcached=121.1%
[monitor] ['60%', '100%', '57%', '98%']  memcached=116.7%
[monitor] ['63%', '100%', '67%', '100%']  memcached=130.0%
[monitor] ['65%', '97%', '63%', '100%']  memcached=127.8%
[monitor] ['63%', '98%', '66%', '100%']  memcached=129.0%
[monitor] ['69%', '98%', '65%', '100%']  memcached=133.5%
[monitor] ['67%', '100%', '59%', '100%']  memcached=125.9%
[monitor] ['66%', '98%', '64%', '98%']  memcached=129.3%
[monitor] ['66%', '100%', '59%', '100%']  memcached=124.9%
[monitor] ['76%', '98%', '70%', '100%']  memcached=146.2%
[monitor] ['65%', '98%', '63%', '100%']  memcached=127.8%
[monitor] ['75%', '98%', '74%', '100%']  memcached=149.3%
[monitor] ['58%', '100%', '54%', '100%']  memcached=111.6%
[monitor] ['63%', '95%', '60%', '98%']  memcached=123.3%
[monitor] ['57%', '100%', '57%', '100%']  memcached=113.3%
[monitor] ['66%', '100%', '66%', '98%']  memcached=131.2%
[monitor] ['57%', '100%', '54%', '100%']  memcached=110.2%
[monitor] ['68%', '98%', '64%', '100%']  memcached=131.4%
[monitor] ['61%', '98%', '59%', '98%']  memcached=119.9%
[monitor] ['68%', '98%', '62%', '100%']  memcached=129.8%
[monitor] ['62%', '97%', '61%', '100%']  memcached=123.4%
[monitor] ['59%', '100%', '60%', '100%']  memcached=118.6%
[monitor] ['61%', '97%', '55%', '100%']  memcached=115.9%
[monitor] ['61%', '98%', '59%', '100%']  memcached=119.9%
[monitor] ['63%', '100%', '55%', '97%']  memcached=118.5%
[monitor] ['69%', '98%', '60%', '100%']  memcached=128.8%
[monitor] ['60%', '100%', '52%', '98%']  memcached=111.7%
[monitor] ['66%', '98%', '55%', '100%']  memcached=120.5%
[monitor] ['63%', '100%', '52%', '100%']  memcached=115.1%
[monitor] ['63%', '97%', '57%', '100%']  memcached=120.0%
[monitor] ['66%', '97%', '55%', '100%']  memcached=120.8%
[monitor] ['61%', '98%', '61%', '98%']  memcached=122.6%
[monitor] ['62%', '100%', '61%', '100%']  memcached=123.4%
[monitor] ['65%', '98%', '61%', '100%']  memcached=125.8%
[monitor] ['57%', '97%', '53%', '98%']  memcached=110.0%
[monitor] ['62%', '100%', '56%', '100%']  memcached=118.8%
[monitor] ['61%', '97%', '59%', '100%']  memcached=119.9%
[monitor] ['59%', '100%', '53%', '100%']  memcached=112.0%
[monitor] ['61%', '98%', '57%', '98%']  memcached=118.0%
[monitor] ['58%', '100%', '52%', '100%']  memcached=109.8%
[monitor] ['60%', '98%', '55%', '100%']  memcached=114.8%
[monitor] ['57%', '98%', '53%', '97%']  memcached=110.0%
[monitor] ['61%', '100%', '58%', '100%']  memcached=119.4%
[monitor] ['61%', '98%', '50%', '100%']  memcached=111.3%
[monitor] ['63%', '98%', '62%', '100%']  memcached=125.8%
[monitor] ['83%', '98%', '83%', '98%']  memcached=166.2%
[monitor] ['79%', '100%', '79%', '100%']  memcached=158.2%
[monitor] ['82%', '98%', '77%', '100%']  memcached=159.5%
[monitor] ['83%', '98%', '79%', '100%']  memcached=162.1%
[monitor] ['79%', '100%', '79%', '100%']  memcached=158.8%
[monitor] ['80%', '97%', '76%', '100%']  memcached=156.5%
[monitor] ['76%', '100%', '76%', '98%']  memcached=152.2%
[monitor] ['79%', '98%', '77%', '100%']  memcached=156.6%
[monitor] ['82%', '100%', '82%', '100%']  memcached=164.7%
[monitor] ['80%', '98%', '76%', '100%']  memcached=156.5%
[monitor] ['80%', '98%', '80%', '100%']  memcached=160.0%
[monitor] ['79%', '100%', '79%', '98%']  memcached=158.2%
[monitor] ['85%', '98%', '80%', '100%']  memcached=164.8%
[monitor] ['79%', '98%', '77%', '100%']  memcached=155.9%
[monitor] ['76%', '100%', '79%', '100%']  memcached=155.3%
[monitor] ['83%', '98%', '79%', '98%']  memcached=162.3%
[monitor] ['78%', '100%', '76%', '100%']  memcached=154.6%
[monitor] ['80%', '97%', '79%', '100%']  memcached=159.4%
[monitor] ['80%', '98%', '76%', '100%']  memcached=156.5%
[monitor] ['82%', '100%', '79%', '100%']  memcached=161.1%
[monitor] ['76%', '98%', '76%', '100%']  memcached=152.2%
[monitor] ['80%', '100%', '79%', '98%']  memcached=159.4%
[monitor] ['79%', '98%', '77%', '100%']  memcached=155.9%
[monitor] ['79%', '100%', '80%', '100%']  memcached=158.8%
[monitor] ['83%', '98%', '80%', '100%']  memcached=162.9%
[monitor] ['80%', '100%', '77%', '98%']  memcached=157.1%
[monitor] ['84%', '98%', '82%', '100%']  memcached=166.1%
[monitor] ['81%', '100%', '82%', '100%']  memcached=162.9%
[monitor] ['79%', '97%', '80%', '100%']  memcached=159.4%
[monitor] ['83%', '98%', '79%', '100%']  memcached=161.6%
[monitor] ['81%', '100%', '83%', '100%']  memcached=164.1%
[monitor] ['81%', '98%', '79%', '100%']  memcached=159.9%
[monitor] ['79%', '100%', '79%', '98%']  memcached=158.2%
[monitor] ['80%', '98%', '75%', '100%']  memcached=155.0%
[monitor] ['79%', '100%', '77%', '100%']  memcached=156.6%
[monitor] ['82%', '97%', '86%', '100%']  memcached=168.5%
[monitor] ['76%', '98%', '77%', '98%']  memcached=152.9%
[monitor] ['37%', '100%', '33%', '100%']  memcached=70.4%
[MEMCACHED] cores updated to: ['0']
[streamcluster] cores updated to: [1, 2, 3]
[monitor] ['86%', '95%', '79%', '100%']  memcached=86.5%
[MEMCACHED] cores updated to: ['0', '3']
[streamcluster] cores updated to: [1, 2]
[monitor] ['35%', '98%', '95%', '38%']  memcached=73.1%
[MEMCACHED] cores updated to: ['0']
[streamcluster] cores updated to: [1, 2, 3]
[monitor] ['92%', '100%', '78%', '100%']  memcached=91.7%
[MEMCACHED] cores updated to: ['0', '1']
[streamcluster] cores updated to: [2, 3]
[monitor] ['41%', '45%', '98%', '95%']  memcached=86.2%
[monitor] ['43%', '41%', '92%', '98%']  memcached=84.1%
[monitor] ['35%', '41%', '95%', '95%']  memcached=76.0%
[MEMCACHED] cores updated to: ['0']
[streamcluster] cores updated to: [1, 2, 3]
[monitor] ['82%', '98%', '79%', '100%']  memcached=81.8%
[monitor] ['79%', '98%', '77%', '100%']  memcached=78.8%
[monitor] ['81%', '97%', '80%', '100%']  memcached=81.2%
[monitor] ['82%', '98%', '79%', '100%']  memcached=81.8%
[monitor] ['78%', '98%', '78%', '100%']  memcached=78.1%
[monitor] ['86%', '98%', '77%', '98%']  memcached=86.5%
[MEMCACHED] cores updated to: ['0', '2']
[streamcluster] cores updated to: [1, 3]
[monitor] ['32%', '100%', '28%', '97%']  memcached=60.1%
[MEMCACHED] cores updated to: ['0']
[streamcluster] cores updated to: [1, 2, 3]
[monitor] ['83%', '98%', '79%', '100%']  memcached=83.3%
[monitor] ['83%', '97%', '79%', '100%']  memcached=82.9%
[monitor] ['85%', '98%', '80%', '100%']  memcached=84.8%
[monitor] ['83%', '98%', '82%', '100%']  memcached=83.3%
[monitor] ['81%', '98%', '79%', '100%']  memcached=80.6%
[monitor] ['83%', '98%', '79%', '100%']  memcached=82.9%
[monitor] ['82%', '100%', '78%', '100%']  memcached=81.8%
[monitor] ['86%', '98%', '77%', '100%']  memcached=86.5%
[MEMCACHED] cores updated to: ['0', '3']
[streamcluster] cores updated to: [1, 2]
[monitor] ['36%', '97%', '97%', '41%']  memcached=77.1%
[MEMCACHED] cores updated to: ['0']
[streamcluster] cores updated to: [1, 2, 3]
[monitor] ['86%', '98%', '76%', '100%']  memcached=85.7%
[MEMCACHED] cores updated to: ['0', '1']
[streamcluster] cores updated to: [2, 3]
[monitor] ['38%', '46%', '95%', '95%']  memcached=84.4%
[monitor] ['37%', '41%', '95%', '97%']  memcached=78.4%
[MEMCACHED] cores updated to: ['0']
[streamcluster] cores updated to: [1, 2, 3]
[monitor] ['86%', '97%', '80%', '100%']  memcached=85.7%
[MEMCACHED] cores updated to: ['0', '2']
[streamcluster] cores updated to: [1, 3]
[monitor] ['30%', '98%', '30%', '98%']  memcached=59.3%
[MEMCACHED] cores updated to: ['0']
[streamcluster] cores updated to: [1, 2, 3]
[monitor] ['85%', '100%', '77%', '100%']  memcached=85.3%
[MEMCACHED] cores updated to: ['0', '3']
[streamcluster] cores updated to: [1, 2]
[monitor] ['32%', '95%', '97%', '39%']  memcached=71.4%
[MEMCACHED] cores updated to: ['0']
[streamcluster] cores updated to: [1, 2, 3]
[monitor] ['81%', '97%', '74%', '100%']  memcached=81.2%
[monitor] ['82%', '98%', '77%', '100%']  memcached=82.4%
[monitor] ['83%', '95%', '77%', '100%']  memcached=82.9%
[monitor] ['81%', '97%', '79%', '100%']  memcached=81.2%
[monitor] ['57%', '98%', '78%', '100%']  memcached=56.7%
[monitor] ['20%', '100%', '82%', '100%']  memcached=20.0%
[monitor] ['4%', '98%', '77%', '100%']  memcached=4.3%
[monitor] ['16%', '100%', '79%', '100%']  memcached=16.0%
[monitor] ['12%', '98%', '78%', '100%']  memcached=12.5%
[monitor] ['9%', '100%', '75%', '100%']  memcached=8.7%
[monitor] ['5%', '98%', '79%', '100%']  memcached=4.5%
[monitor] ['4%', '100%', '78%', '100%']  memcached=4.3%
[monitor] ['19%', '100%', '78%', '100%']  memcached=19.2%
[monitor] ['12%', '98%', '75%', '100%']  memcached=12.5%
[monitor] ['12%', '100%', '76%', '100%']  memcached=12.0%
[monitor] ['8%', '98%', '79%', '100%']  memcached=8.3%
[monitor] ['9%', '100%', '77%', '100%']  memcached=8.7%
[monitor] ['16%', '98%', '78%', '100%']  memcached=16.0%
[monitor] ['12%', '100%', '74%', '100%']  memcached=12.5%
[monitor] ['9%', '98%', '78%', '100%']  memcached=8.7%
[monitor] ['9%', '100%', '79%', '100%']  memcached=8.7%
[monitor] ['12%', '100%', '77%', '100%']  memcached=12.0%
[monitor] ['12%', '98%', '74%', '100%']  memcached=12.5%
[monitor] ['12%', '98%', '74%', '100%']  memcached=12.5%
[monitor] ['19%', '100%', '68%', '98%']  memcached=19.2%
[monitor] ['9%', '98%', '77%', '100%']  memcached=8.7%
[monitor] ['12%', '100%', '79%', '100%']  memcached=12.5%
[monitor] ['9%', '98%', '82%', '100%']  memcached=8.7%
[monitor] ['12%', '100%', '75%', '100%']  memcached=12.0%
[monitor] ['9%', '100%', '77%', '100%']  memcached=8.7%
[monitor] ['27%', '98%', '82%', '100%']  memcached=26.9%
[monitor] ['8%', '100%', '77%', '100%']  memcached=8.3%
[monitor] ['20%', '100%', '77%', '100%']  memcached=20.0%
[monitor] ['41%', '82%', '85%', '85%']  memcached=40.7%
[monitor] ['12%', '95%', '79%', '95%']  memcached=12.5%
[monitor] ['12%', '100%', '78%', '100%']  memcached=12.0%
[monitor] ['12%', '60%', '45%', '100%']  memcached=11.5%
[monitor] ['8%', '77%', '60%', '100%']  memcached=8.3%
[monitor] ['12%', '93%', '72%', '100%']  memcached=12.0%
[monitor] ['12%', '100%', '79%', '100%']  memcached=12.5%
[monitor] ['8%', '98%', '78%', '100%']  memcached=8.3%
[monitor] ['37%', '98%', '78%', '100%']  memcached=37.0%
[monitor] ['100%', '98%', '79%', '98%']  memcached=100.0%
[MEMCACHED] cores updated to: ['0', '1', '2']
[streamcluster] cores updated to: [3]
[monitor] ['39%', '52%', '47%', '100%']  memcached=137.7%
[MEMCACHED] cores updated to: ['0', '2']
[streamcluster] cores updated to: [1, 3]
[monitor] ['60%', '97%', '62%', '100%']  memcached=121.5%
[monitor] ['57%', '100%', '60%', '100%']  memcached=117.1%
[monitor] ['52%', '95%', '57%', '98%']  memcached=108.9%
[monitor] ['50%', '98%', '60%', '100%']  memcached=110.0%
[monitor] ['61%', '100%', '59%', '98%']  memcached=119.9%
[monitor] ['63%', '100%', '53%', '100%']  memcached=116.7%
[monitor] ['59%', '98%', '55%', '100%']  memcached=114.1%
[monitor] ['63%', '97%', '42%', '100%']  memcached=105.6%
[monitor] ['62%', '98%', '53%', '98%']  memcached=115.4%
[monitor] ['60%', '100%', '48%', '100%']  memcached=108.3%
[monitor] ['67%', '95%', '53%', '100%']  memcached=120.0%
[monitor] ['62%', '100%', '52%', '100%']  memcached=113.8%
[monitor] ['63%', '100%', '52%', '98%']  memcached=114.9%
[monitor] ['64%', '98%', '52%', '100%']  memcached=116.0%
[monitor] ['67%', '97%', '50%', '100%']  memcached=116.7%
[monitor] ['66%', '97%', '48%', '98%']  memcached=113.7%
[monitor] ['62%', '100%', '52%', '100%']  memcached=113.7%
[monitor] ['63%', '95%', '52%', '100%']  memcached=115.1%
[monitor] ['63%', '100%', '50%', '98%']  memcached=113.3%
[monitor] ['63%', '98%', '53%', '100%']  memcached=116.7%
[monitor] ['62%', '98%', '48%', '100%']  memcached=110.3%
[monitor] ['62%', '98%', '50%', '100%']  memcached=112.1%
[monitor] ['68%', '97%', '53%', '100%']  memcached=120.9%
[monitor] ['62%', '98%', '48%', '100%']  memcached=110.2%
[monitor] ['69%', '100%', '53%', '100%']  memcached=121.9%
[monitor] ['65%', '98%', '52%', '100%']  memcached=116.2%
[monitor] ['63%', '97%', '52%', '98%']  memcached=114.9%
[monitor] ['63%', '98%', '53%', '100%']  memcached=116.5%
[monitor] ['63%', '98%', '48%', '98%']  memcached=111.5%
[monitor] ['68%', '100%', '50%', '100%']  memcached=117.7%
[monitor] ['68%', '95%', '56%', '100%']  memcached=124.0%
[monitor] ['59%', '100%', '48%', '98%']  memcached=107.4%
[monitor] ['66%', '98%', '50%', '100%']  memcached=115.5%
[monitor] ['63%', '98%', '46%', '100%']  memcached=109.8%
[monitor] ['57%', '98%', '45%', '98%']  memcached=101.5%
[monitor] ['40%', '98%', '33%', '100%']  memcached=73.3%
[MEMCACHED] cores updated to: ['0']
[streamcluster] cores updated to: [1, 2, 3]
[monitor] ['89%', '97%', '79%', '100%']  memcached=89.2%
[MEMCACHED] cores updated to: ['0', '3']
[streamcluster] cores updated to: [1, 2]
[monitor] ['54%', '98%', '98%', '52%']  memcached=105.3%
[monitor] ['43%', '98%', '95%', '50%']  memcached=92.9%
[monitor] ['36%', '97%', '93%', '50%']  memcached=86.0%
[monitor] ['45%', '98%', '95%', '55%']  memcached=99.7%
[monitor] ['50%', '97%', '98%', '59%']  memcached=109.4%
[monitor] ['43%', '95%', '97%', '59%']  memcached=102.2%
[monitor] ['44%', '95%', '95%', '52%']  memcached=96.2%
[monitor] ['47%', '92%', '95%', '48%']  memcached=94.9%
[monitor] ['44%', '95%', '95%', '50%']  memcached=94.4%
[monitor] ['46%', '98%', '93%', '50%']  memcached=96.4%
[monitor] ['42%', '97%', '95%', '46%']  memcached=88.5%
[monitor] ['50%', '95%', '95%', '52%']  memcached=101.7%
[monitor] ['53%', '100%', '92%', '48%']  memcached=101.5%
[monitor] ['54%', '95%', '95%', '57%']  memcached=110.2%
[monitor] ['52%', '95%', '98%', '50%']  memcached=101.7%
[monitor] ['57%', '98%', '92%', '57%']  memcached=113.3%
[monitor] ['44%', '98%', '95%', '50%']  memcached=94.4%
[monitor] ['46%', '97%', '95%', '50%']  memcached=96.4%
[monitor] ['48%', '95%', '97%', '52%']  memcached=99.9%
[monitor] ['48%', '97%', '95%', '56%']  memcached=104.5%
[monitor] ['44%', '98%', '92%', '53%']  memcached=97.8%
[monitor] ['45%', '95%', '95%', '52%']  memcached=96.3%
[monitor] ['50%', '98%', '87%', '57%']  memcached=106.7%
[monitor] ['50%', '98%', '93%', '52%']  memcached=101.7%
[monitor] ['41%', '95%', '95%', '56%']  memcached=97.0%
[monitor] ['42%', '97%', '95%', '57%']  memcached=99.0%
[monitor] ['47%', '97%', '95%', '55%']  memcached=101.5%
[monitor] ['41%', '98%', '95%', '52%']  memcached=92.4%
[monitor] ['41%', '95%', '98%', '53%']  memcached=94.1%
[monitor] ['48%', '95%', '95%', '59%']  memcached=107.7%
[monitor] ['43%', '97%', '95%', '61%']  memcached=104.1%
[monitor] ['42%', '98%', '95%', '52%']  memcached=93.9%
[monitor] ['41%', '97%', '92%', '58%']  memcached=98.8%
[monitor] ['48%', '93%', '95%', '55%']  memcached=103.1%
[monitor] ['33%', '100%', '95%', '43%']  memcached=76.2%
[MEMCACHED] cores updated to: ['0']
[streamcluster] cores updated to: [1, 2, 3]
[monitor] ['72%', '100%', '79%', '100%']  memcached=71.9%
[monitor] ['68%', '95%', '78%', '100%']  memcached=67.9%
[monitor] ['70%', '97%', '77%', '100%']  memcached=70.0%
[monitor] ['64%', '97%', '77%', '100%']  memcached=64.3%
[monitor] ['62%', '98%', '79%', '100%']  memcached=62.1%
[monitor] ['66%', '100%', '77%', '100%']  memcached=65.5%
[monitor] ['67%', '98%', '77%', '100%']  memcached=66.7%
[monitor] ['64%', '98%', '79%', '100%']  memcached=64.3%
[monitor] ['68%', '97%', '77%', '100%']  memcached=67.7%
[monitor] ['72%', '98%', '75%', '100%']  memcached=72.4%
[monitor] ['72%', '98%', '80%', '100%']  memcached=71.9%
[monitor] ['69%', '98%', '78%', '100%']  memcached=69.0%
[monitor] ['71%', '100%', '80%', '98%']  memcached=71.0%
[monitor] ['73%', '98%', '80%', '100%']  memcached=73.3%
[monitor] ['64%', '97%', '82%', '100%']  memcached=64.3%
[monitor] ['68%', '98%', '76%', '100%']  memcached=67.7%
[monitor] ['73%', '100%', '74%', '100%']  memcached=73.3%
[monitor] ['74%', '98%', '77%', '100%']  memcached=74.2%
[monitor] ['67%', '98%', '78%', '100%']  memcached=66.7%
[monitor] ['69%', '100%', '77%', '100%']  memcached=69.0%
[monitor] ['66%', '98%', '79%', '100%']  memcached=65.5%
[monitor] ['66%', '100%', '78%', '100%']  memcached=65.5%
[monitor] ['68%', '98%', '77%', '100%']  memcached=67.9%
[monitor] ['72%', '98%', '77%', '100%']  memcached=72.4%
[monitor] ['67%', '97%', '78%', '100%']  memcached=66.7%
[monitor] ['69%', '98%', '77%', '100%']  memcached=69.0%
[monitor] ['66%', '100%', '79%', '100%']  memcached=65.5%
[monitor] ['63%', '98%', '78%', '98%']  memcached=63.3%
[monitor] ['70%', '98%', '77%', '100%']  memcached=70.0%
[monitor] ['74%', '100%', '77%', '100%']  memcached=74.2%
[monitor] ['62%', '98%', '77%', '100%']  memcached=62.1%
[monitor] ['64%', '98%', '79%', '100%']  memcached=64.3%
[monitor] ['66%', '98%', '80%', '100%']  memcached=65.5%
[monitor] ['66%', '97%', '79%', '100%']  memcached=65.5%
[monitor] ['69%', '100%', '77%', '100%']  memcached=69.0%
[monitor] ['64%', '98%', '77%', '100%']  memcached=64.3%
[monitor] ['62%', '58%', '43%', '100%']  memcached=62.1%
[monitor] ['74%', '68%', '60%', '100%']  memcached=74.2%
[monitor] ['78%', '95%', '77%', '100%']  memcached=78.1%
[monitor] ['80%', '100%', '79%', '98%']  memcached=80.0%
[monitor] ['81%', '95%', '77%', '100%']  memcached=81.2%
[monitor] ['77%', '98%', '77%', '100%']  memcached=77.4%
[monitor] ['75%', '97%', '78%', '100%']  memcached=75.0%
[monitor] ['77%', '98%', '76%', '100%']  memcached=77.4%
[monitor] ['85%', '98%', '72%', '98%']  memcached=84.8%
[monitor] ['75%', '100%', '80%', '100%']  memcached=75.0%
[monitor] ['76%', '98%', '77%', '100%']  memcached=75.8%
[monitor] ['79%', '98%', '77%', '100%']  memcached=78.8%
[monitor] ['79%', '98%', '79%', '100%']  memcached=78.8%
[monitor] ['79%', '98%', '79%', '100%']  memcached=78.8%
[monitor] ['79%', '98%', '76%', '100%']  memcached=78.8%
[monitor] ['74%', '98%', '78%', '100%']  memcached=74.2%
[monitor] ['77%', '98%', '79%', '100%']  memcached=77.4%
[monitor] ['74%', '98%', '78%', '100%']  memcached=74.2%
[monitor] ['78%', '98%', '79%', '98%']  memcached=78.1%
[monitor] ['79%', '100%', '77%', '100%']  memcached=78.8%
[monitor] ['79%', '98%', '79%', '100%']  memcached=78.8%
[monitor] ['85%', '97%', '72%', '100%']  memcached=84.8%
[monitor] ['82%', '98%', '76%', '100%']  memcached=81.8%
[monitor] ['79%', '97%', '77%', '100%']  memcached=78.8%
[monitor] ['78%', '98%', '78%', '100%']  memcached=78.1%
[monitor] ['83%', '97%', '78%', '100%']  memcached=83.3%
[monitor] ['81%', '98%', '77%', '100%']  memcached=81.2%
[monitor] ['75%', '98%', '79%', '100%']  memcached=75.0%
[monitor] ['83%', '98%', '79%', '100%']  memcached=82.9%
[monitor] ['79%', '98%', '80%', '100%']  memcached=78.8%
[monitor] ['83%', '98%', '79%', '98%']  memcached=82.9%
[monitor] ['82%', '100%', '79%', '100%']  memcached=81.8%
[monitor] ['82%', '95%', '77%', '100%']  memcached=81.8%
[monitor] ['77%', '98%', '80%', '100%']  memcached=77.4%
[monitor] ['85%', '97%', '79%', '100%']  memcached=85.3%
[MEMCACHED] cores updated to: ['0', '1']
[streamcluster] cores updated to: [2, 3]
[monitor] ['31%', '38%', '98%', '95%']  memcached=68.7%
[MEMCACHED] cores updated to: ['0']
[streamcluster] cores updated to: [1, 2, 3]
[monitor] ['73%', '95%', '79%', '98%']  memcached=73.3%
[monitor] ['54%', '98%', '80%', '100%']  memcached=53.8%
[monitor] ['30%', '100%', '82%', '100%']  memcached=30.4%
[monitor] ['36%', '98%', '78%', '100%']  memcached=36.0%
[monitor] ['30%', '98%', '78%', '100%']  memcached=30.4%
[monitor] ['36%', '98%', '77%', '100%']  memcached=36.0%
[monitor] ['33%', '100%', '77%', '100%']  memcached=33.3%
[monitor] ['30%', '100%', '77%', '100%']  memcached=30.4%
[monitor] ['30%', '97%', '79%', '100%']  memcached=30.4%
[monitor] ['36%', '100%', '78%', '100%']  memcached=36.0%
[monitor] ['36%', '98%', '76%', '100%']  memcached=36.0%
[monitor] ['38%', '98%', '79%', '100%']  memcached=37.5%
[monitor] ['38%', '100%', '77%', '100%']  memcached=37.5%
[monitor] ['32%', '98%', '77%', '98%']  memcached=32.0%
[monitor] ['38%', '97%', '79%', '100%']  memcached=37.5%
[monitor] ['35%', '100%', '78%', '100%']  memcached=34.8%
[monitor] ['32%', '98%', '79%', '100%']  memcached=32.0%
[monitor] ['30%', '98%', '77%', '100%']  memcached=30.4%
[monitor] ['36%', '100%', '77%', '100%']  memcached=36.0%
[monitor] ['27%', '98%', '78%', '100%']  memcached=27.3%
[monitor] ['40%', '98%', '74%', '100%']  memcached=40.0%
[monitor] ['42%', '98%', '75%', '100%']  memcached=42.3%
[monitor] ['42%', '100%', '77%', '100%']  memcached=41.7%
[monitor] ['35%', '98%', '77%', '100%']  memcached=34.8%
[monitor] ['38%', '98%', '74%', '100%']  memcached=37.5%
[monitor] ['33%', '98%', '78%', '100%']  memcached=33.3%
[monitor] ['38%', '100%', '79%', '100%']  memcached=37.5%
[monitor] ['30%', '98%', '77%', '100%']  memcached=30.4%
[monitor] ['30%', '98%', '79%', '100%']  memcached=30.4%
[monitor] ['33%', '100%', '79%', '100%']  memcached=33.3%
[monitor] ['33%', '98%', '78%', '100%']  memcached=33.3%
[monitor] ['40%', '98%', '78%', '100%']  memcached=40.0%
[monitor] ['36%', '100%', '77%', '100%']  memcached=36.0%
[monitor] ['38%', '98%', '79%', '100%']  memcached=37.5%
[monitor] ['46%', '98%', '79%', '100%']  memcached=46.2%
[monitor] ['42%', '100%', '78%', '100%']  memcached=42.3%
[monitor] ['33%', '98%', '79%', '100%']  memcached=33.3%
[monitor] ['44%', '100%', '77%', '98%']  memcached=44.0%
[monitor] ['73%', '98%', '78%', '100%']  memcached=73.3%
[monitor] ['100%', '95%', '78%', '100%']  memcached=100.0%
[MEMCACHED] cores updated to: ['0', '2', '3']
[streamcluster] cores updated to: [1]
[monitor] ['34%', '100%', '33%', '45%']  memcached=113.0%
[MEMCACHED] cores updated to: ['0', '3']
[streamcluster] cores updated to: [1, 2]
[monitor] ['69%', '98%', '95%', '57%']  memcached=125.4%
[monitor] ['57%', '97%', '95%', '71%']  memcached=127.3%
[monitor] ['62%', '100%', '95%', '57%']  memcached=119.2%
[monitor] ['67%', '98%', '92%', '67%']  memcached=133.3%
[monitor] ['52%', '100%', '92%', '67%']  memcached=118.5%
[monitor] ['62%', '95%', '95%', '56%']  memcached=118.3%
[monitor] ['59%', '100%', '90%', '67%']  memcached=125.3%
[monitor] ['71%', '100%', '95%', '58%']  memcached=129.0%
[monitor] ['61%', '95%', '92%', '62%']  memcached=123.8%
[monitor] ['61%', '97%', '97%', '70%']  memcached=131.0%
[monitor] ['68%', '98%', '95%', '53%']  memcached=120.9%
[monitor] ['55%', '95%', '95%', '71%']  memcached=125.8%
[monitor] ['60%', '100%', '93%', '64%']  memcached=123.6%
[monitor] ['62%', '98%', '95%', '61%']  memcached=123.8%
[monitor] ['61%', '95%', '97%', '66%']  memcached=126.9%
[monitor] ['66%', '95%', '95%', '55%']  memcached=120.8%
[monitor] ['57%', '95%', '95%', '68%']  memcached=124.9%
[monitor] ['59%', '100%', '95%', '57%']  memcached=115.3%
[monitor] ['66%', '95%', '95%', '71%']  memcached=136.2%
[monitor] ['69%', '95%', '98%', '66%']  memcached=134.4%
[monitor] ['69%', '95%', '92%', '58%']  memcached=126.8%
[monitor] ['59%', '95%', '98%', '67%']  memcached=126.0%
[monitor] ['62%', '95%', '95%', '59%']  memcached=121.4%
[monitor] ['62%', '98%', '95%', '66%']  memcached=127.7%
[monitor] ['60%', '95%', '92%', '60%']  memcached=120.0%
[monitor] ['67%', '100%', '92%', '65%']  memcached=131.2%
[monitor] ['66%', '98%', '97%', '72%']  memcached=137.5%
[monitor] ['69%', '95%', '95%', '61%']  memcached=129.4%
[monitor] ['63%', '92%', '95%', '69%']  memcached=132.1%
[monitor] ['61%', '98%', '93%', '67%']  memcached=128.0%
[monitor] ['66%', '100%', '95%', '60%']  memcached=125.5%
[monitor] ['61%', '95%', '93%', '71%']  memcached=132.7%
[monitor] ['70%', '95%', '95%', '65%']  memcached=134.4%
[monitor] ['63%', '97%', '95%', '68%']  memcached=131.0%
[monitor] ['79%', '95%', '95%', '74%']  memcached=152.3%
[monitor] ['84%', '97%', '95%', '71%']  memcached=154.8%
[monitor] ['73%', '92%', '97%', '79%']  memcached=152.1%
[monitor] ['69%', '97%', '95%', '78%']  memcached=146.5%
[monitor] ['66%', '93%', '95%', '75%']  memcached=140.6%
[monitor] ['70%', '98%', '95%', '80%']  memcached=149.7%
[monitor] ['66%', '97%', '93%', '74%']  memcached=139.9%
[monitor] ['63%', '97%', '95%', '80%']  memcached=143.3%
[monitor] ['71%', '93%', '98%', '81%']  memcached=151.5%
[monitor] ['64%', '95%', '95%', '76%']  memcached=140.0%
[monitor] ['70%', '95%', '97%', '79%']  memcached=149.1%
[monitor] ['67%', '98%', '95%', '74%']  memcached=140.2%
[monitor] ['66%', '95%', '98%', '75%']  memcached=140.6%
[monitor] ['71%', '95%', '95%', '76%']  memcached=147.4%
[monitor] ['70%', '98%', '97%', '77%']  memcached=146.8%
[monitor] ['69%', '95%', '95%', '78%']  memcached=146.5%
[monitor] ['65%', '98%', '97%', '78%']  memcached=142.3%
[monitor] ['63%', '95%', '95%', '76%']  memcached=139.8%
[monitor] ['70%', '92%', '97%', '76%']  memcached=146.2%
[monitor] ['74%', '95%', '92%', '80%']  memcached=153.5%
[monitor] ['65%', '95%', '95%', '74%']  memcached=138.8%
[monitor] ['63%', '97%', '92%', '77%']  memcached=140.5%
[monitor] ['67%', '100%', '36%', '73%']  memcached=139.4%
[monitor] ['69%', '95%', '64%', '74%']  memcached=143.0%
[monitor] ['68%', '95%', '89%', '81%']  memcached=148.3%
[monitor] ['76%', '97%', '95%', '80%']  memcached=155.8%
[monitor] ['72%', '95%', '95%', '83%']  memcached=154.7%
[monitor] ['68%', '95%', '95%', '78%']  memcached=145.4%
[monitor] ['71%', '98%', '93%', '83%']  memcached=153.8%
[monitor] ['76%', '100%', '95%', '90%']  memcached=166.2%
[monitor] ['72%', '95%', '98%', '78%']  memcached=149.7%
[monitor] ['68%', '97%', '92%', '74%']  memcached=142.0%
[monitor] ['70%', '95%', '95%', '83%']  memcached=152.6%
[monitor] ['63%', '98%', '93%', '81%']  memcached=143.9%
[monitor] ['69%', '95%', '92%', '74%']  memcached=143.0%
[monitor] ['61%', '97%', '95%', '81%']  memcached=142.4%
[monitor] ['68%', '95%', '98%', '84%']  memcached=151.5%
[monitor] ['53%', '97%', '95%', '69%']  memcached=122.1%
[monitor] ['39%', '95%', '95%', '50%']  memcached=89.3%
[monitor] ['43%', '98%', '98%', '48%']  memcached=91.1%
[monitor] ['42%', '97%', '93%', '45%']  memcached=87.1%
[monitor] ['43%', '98%', '95%', '43%']  memcached=85.7%
[monitor] ['41%', '98%', '95%', '48%']  memcached=88.9%
[monitor] ['52%', '97%', '95%', '50%']  memcached=101.7%
[monitor] ['45%', '97%', '95%', '58%']  memcached=102.4%
[monitor] ['41%', '92%', '95%', '46%']  memcached=87.8%
[monitor] ['42%', '95%', '95%', '47%']  memcached=89.0%
[monitor] ['45%', '98%', '95%', '48%']  memcached=93.1%
[monitor] ['41%', '95%', '95%', '52%']  memcached=93.1%
[monitor] ['43%', '95%', '98%', '55%']  memcached=97.7%
[monitor] ['48%', '95%', '95%', '44%']  memcached=92.7%
[monitor] ['48%', '98%', '97%', '53%']  memcached=101.6%
[monitor] ['41%', '97%', '95%', '42%']  memcached=83.7%
[monitor] ['41%', '95%', '95%', '48%']  memcached=89.0%
[monitor] ['41%', '95%', '92%', '48%']  memcached=89.7%
[monitor] ['41%', '100%', '95%', '44%']  memcached=85.2%
[monitor] ['44%', '98%', '95%', '52%']  memcached=96.2%
[monitor] ['43%', '97%', '95%', '55%']  memcached=97.7%
[monitor] ['44%', '97%', '98%', '44%']  memcached=88.9%
[monitor] ['43%', '95%', '95%', '55%']  memcached=97.7%
[monitor] ['48%', '98%', '95%', '46%']  memcached=94.7%
[monitor] ['46%', '97%', '95%', '58%']  memcached=104.5%
[monitor] ['41%', '97%', '95%', '52%']  memcached=92.4%
[monitor] ['50%', '95%', '95%', '53%']  memcached=103.3%
[monitor] ['37%', '97%', '97%', '46%']  memcached=83.5%
[monitor] ['47%', '95%', '92%', '44%']  memcached=91.1%
[monitor] ['35%', '95%', '98%', '46%']  memcached=81.0%
[monitor] ['43%', '97%', '92%', '46%']  memcached=89.3%
[monitor] ['41%', '98%', '90%', '43%']  memcached=83.6%
[monitor] ['43%', '95%', '95%', '46%']  memcached=89.8%
[monitor] ['54%', '97%', '95%', '50%']  memcached=103.6%
[monitor] ['48%', '98%', '92%', '53%']  memcached=101.7%
[monitor] ['41%', '97%', '90%', '43%']  memcached=83.6%
[monitor] ['44%', '98%', '97%', '48%']  memcached=92.7%
[monitor] ['39%', '98%', '95%', '46%']  memcached=85.7%
[monitor] ['41%', '100%', '92%', '48%']  memcached=89.0%
[monitor] ['45%', '95%', '95%', '48%']  memcached=93.1%
[monitor] ['32%', '100%', '97%', '41%']  memcached=72.7%
[MEMCACHED] cores updated to: ['0']
[streamcluster] cores updated to: [3, 1, 2]
[monitor] ['82%', '95%', '77%', '100%']  memcached=82.4%
[monitor] ['82%', '97%', '78%', '100%']  memcached=81.8%
[monitor] ['82%', '95%', '76%', '100%']  memcached=82.4%
[monitor] ['85%', '97%', '76%', '100%']  memcached=85.3%
[MEMCACHED] cores updated to: ['0', '3']
[streamcluster] cores updated to: [1, 2]
[monitor] ['42%', '100%', '92%', '41%']  memcached=83.0%
[monitor] ['50%', '95%', '95%', '50%']  memcached=100.0%
[monitor] ['39%', '98%', '97%', '50%']  memcached=89.3%
[monitor] ['41%', '92%', '95%', '41%']  memcached=82.1%
[monitor] ['46%', '95%', '97%', '43%']  memcached=89.3%
[monitor] ['37%', '97%', '93%', '43%']  memcached=79.9%
[MEMCACHED] cores updated to: ['0']
[streamcluster] cores updated to: [3, 1, 2]
[monitor] ['86%', '95%', '82%', '100%']  memcached=85.7%
[MEMCACHED] cores updated to: ['0', '1']
[streamcluster] cores updated to: [3, 2]
[monitor] ['38%', '45%', '92%', '97%']  memcached=83.3%
[monitor] ['38%', '41%', '95%', '97%']  memcached=78.7%
[MEMCACHED] cores updated to: ['0']
[streamcluster] cores updated to: [3, 1, 2]
[monitor] ['82%', '98%', '79%', '98%']  memcached=81.8%
[monitor] ['82%', '98%', '77%', '100%']  memcached=82.4%
[monitor] ['83%', '98%', '78%', '100%']  memcached=83.3%
[monitor] ['85%', '97%', '79%', '100%']  memcached=85.3%
[MEMCACHED] cores updated to: ['0', '2']
[streamcluster] cores updated to: [3, 1]
[monitor] ['32%', '98%', '28%', '98%']  memcached=60.1%
[MEMCACHED] cores updated to: ['0']
[streamcluster] cores updated to: [3, 1, 2]
[monitor] ['89%', '100%', '79%', '100%']  memcached=88.9%
[MEMCACHED] cores updated to: ['0', '3']
[streamcluster] cores updated to: [1, 2]
[monitor] ['31%', '95%', '97%', '41%']  memcached=71.5%
[MEMCACHED] cores updated to: ['0']
[streamcluster] cores updated to: [3, 1, 2]
[monitor] ['85%', '98%', '77%', '98%']  memcached=84.8%
[monitor] ['89%', '95%', '76%', '100%']  memcached=88.9%
[MEMCACHED] cores updated to: ['0', '1']
[streamcluster] cores updated to: [3, 2]
[monitor] ['36%', '42%', '98%', '98%']  memcached=78.0%
[MEMCACHED] cores updated to: ['0']
[streamcluster] cores updated to: [3, 1, 2]
[monitor] ['85%', '98%', '79%', '100%']  memcached=84.8%
[monitor] ['83%', '98%', '69%', '100%']  memcached=83.3%
[monitor] ['89%', '98%', '83%', '100%']  memcached=88.6%
[MEMCACHED] cores updated to: ['0', '2']
[streamcluster] cores updated to: [3, 1]
[monitor] ['31%', '98%', '31%', '98%']  memcached=61.5%
[MEMCACHED] cores updated to: ['0']
[streamcluster] cores updated to: [3, 1, 2]
[monitor] ['83%', '98%', '80%', '100%']  memcached=83.3%
[monitor] ['81%', '98%', '77%', '100%']  memcached=81.2%
[monitor] ['85%', '97%', '78%', '100%']  memcached=85.3%
[MEMCACHED] cores updated to: ['0', '3']
[streamcluster] cores updated to: [1, 2]
[monitor] ['38%', '98%', '98%', '45%']  memcached=83.3%
[monitor] ['50%', '92%', '95%', '43%']  memcached=92.9%
[monitor] ['89%', '90%', '93%', '97%']  memcached=186.9%
[MEMCACHED] cores updated to: ['0', '1', '3']
[streamcluster] cores updated to: [2]
[monitor] ['71%', '76%', '100%', '82%']  memcached=228.8%
[monitor] ['65%', '71%', '100%', '80%']  memcached=215.9%
[monitor] ['60%', '71%', '100%', '76%']  memcached=207.9%
[monitor] ['61%', '72%', '100%', '76%']  memcached=209.5%
[monitor] ['61%', '71%', '100%', '76%']  memcached=209.2%
[monitor] ['68%', '78%', '100%', '85%']  memcached=230.7%
[monitor] ['65%', '78%', '100%', '78%']  memcached=220.7%
[monitor] ['64%', '71%', '100%', '79%']  memcached=213.6%
[monitor] ['66%', '71%', '100%', '76%']  memcached=212.7%
[monitor] ['63%', '72%', '100%', '78%']  memcached=213.6%
[monitor] ['65%', '73%', '100%', '81%']  memcached=218.6%
[monitor] ['70%', '74%', '100%', '81%']  memcached=223.8%
[monitor] ['67%', '74%', '100%', '79%']  memcached=220.4%
[monitor] ['68%', '74%', '100%', '81%']  memcached=222.6%
[monitor] ['67%', '72%', '100%', '79%']  memcached=218.0%
[monitor] ['70%', '73%', '100%', '80%']  memcached=222.4%
[monitor] ['65%', '71%', '100%', '77%']  memcached=213.1%
[monitor] ['64%', '71%', '100%', '80%']  memcached=214.2%
[monitor] ['65%', '73%', '100%', '75%']  memcached=212.2%
[monitor] ['64%', '69%', '100%', '78%']  memcached=210.3%
[monitor] ['66%', '73%', '100%', '78%']  memcached=216.0%
[monitor] ['65%', '72%', '100%', '76%']  memcached=212.4%
[monitor] ['67%', '71%', '100%', '78%']  memcached=215.9%
[monitor] ['67%', '74%', '100%', '80%']  memcached=220.2%
[monitor] ['71%', '74%', '100%', '81%']  memcached=224.7%
[monitor] ['63%', '71%', '100%', '77%']  memcached=211.1%
[monitor] ['65%', '73%', '100%', '79%']  memcached=216.7%
[monitor] ['67%', '74%', '100%', '82%']  memcached=222.5%
[monitor] ['62%', '74%', '100%', '78%']  memcached=213.4%
[monitor] ['66%', '71%', '100%', '79%']  memcached=216.5%
[monitor] ['63%', '73%', '100%', '77%']  memcached=213.2%
[monitor] ['65%', '75%', '100%', '81%']  memcached=220.1%
[monitor] ['73%', '76%', '100%', '81%']  memcached=230.3%
[monitor] ['62%', '67%', '100%', '77%']  memcached=205.9%
[monitor] ['74%', '77%', '100%', '80%']  memcached=230.7%
[monitor] ['50%', '61%', '100%', '67%']  memcached=177.3%
[monitor] ['12%', '5%', '100%', '3%']  memcached=20.2%
[MEMCACHED] cores updated to: ['0']
[streamcluster] cores updated to: [3, 1, 2]
[monitor] ['6%', '100%', '76%', '100%']  memcached=5.9%
[monitor] ['8%', '100%', '78%', '100%']  memcached=8.3%
[monitor] ['8%', '100%', '72%', '100%']  memcached=8.3%
[monitor] ['8%', '98%', '77%', '100%']  memcached=8.3%
[monitor] ['8%', '100%', '75%', '100%']  memcached=8.3%
[monitor] ['8%', '100%', '77%', '100%']  memcached=8.3%
[monitor] ['6%', '98%', '78%', '100%']  memcached=5.7%
[monitor] ['6%', '100%', '79%', '100%']  memcached=5.7%
[monitor] ['8%', '100%', '78%', '100%']  memcached=8.3%
[monitor] ['3%', '98%', '75%', '100%']  memcached=2.9%
[monitor] ['8%', '100%', '78%', '100%']  memcached=8.3%
[monitor] ['3%', '100%', '78%', '100%']  memcached=2.9%
[monitor] ['11%', '100%', '78%', '100%']  memcached=11.1%
[monitor] ['11%', '98%', '76%', '100%']  memcached=10.8%
[monitor] ['9%', '100%', '79%', '100%']  memcached=8.6%
[monitor] ['3%', '100%', '77%', '100%']  memcached=2.9%
[monitor] ['3%', '98%', '74%', '100%']  memcached=3.0%
[monitor] ['8%', '100%', '75%', '100%']  memcached=8.1%
[monitor] ['6%', '100%', '78%', '100%']  memcached=5.9%
[monitor] ['3%', '98%', '75%', '100%']  memcached=2.9%
[monitor] ['8%', '100%', '75%', '100%']  memcached=8.3%
[monitor] ['6%', '100%', '75%', '98%']  memcached=5.7%
[monitor] ['8%', '98%', '76%', '100%']  memcached=8.3%
[monitor] ['8%', '100%', '75%', '100%']  memcached=8.3%
[monitor] ['11%', '100%', '80%', '100%']  memcached=11.1%
[monitor] ['8%', '100%', '78%', '100%']  memcached=8.3%
[monitor] ['3%', '98%', '75%', '100%']  memcached=2.9%
[monitor] ['11%', '100%', '78%', '100%']  memcached=10.8%
[monitor] ['3%', '100%', '77%', '100%']  memcached=2.9%
[monitor] ['8%', '98%', '78%', '100%']  memcached=8.3%
[monitor] ['3%', '100%', '72%', '100%']  memcached=2.9%
[monitor] ['6%', '100%', '79%', '100%']  memcached=5.7%
[monitor] ['3%', '100%', '78%', '100%']  memcached=2.9%
[monitor] ['3%', '100%', '75%', '100%']  memcached=2.9%
[monitor] ['11%', '98%', '72%', '100%']  memcached=10.8%
[monitor] ['0%', '100%', '75%', '100%']  memcached=0.0%
[monitor] ['7%', '98%', '78%', '100%']  memcached=6.7%
[monitor] ['3%', '100%', '38%', '47%']  memcached=3.4%
[monitor] ['7%', '92%', '80%', '93%']  memcached=6.9%
[monitor] ['10%', '95%', '77%', '97%']  memcached=10.3%
[monitor] ['4%', '100%', '78%', '100%']  memcached=3.6%
[monitor] ['3%', '100%', '79%', '100%']  memcached=3.4%
[monitor] ['4%', '98%', '65%', '100%']  memcached=3.7%
[monitor] ['3%', '100%', '77%', '100%']  memcached=3.4%
[monitor] ['7%', '100%', '78%', '100%']  memcached=6.9%
[monitor] ['3%', '98%', '79%', '98%']  memcached=3.4%
[monitor] ['0%', '100%', '78%', '100%']  memcached=0.0%
[monitor] ['7%', '98%', '77%', '100%']  memcached=6.9%
[monitor] ['10%', '100%', '78%', '100%']  memcached=10.3%
[monitor] ['7%', '98%', '78%', '100%']  memcached=6.9%
[monitor] ['7%', '98%', '77%', '100%']  memcached=6.9%
[monitor] ['10%', '100%', '78%', '100%']  memcached=10.0%
[monitor] ['0%', '98%', '77%', '100%']  memcached=0.0%
[monitor] ['7%', '100%', '77%', '100%']  memcached=6.9%
[monitor] ['0%', '98%', '78%', '100%']  memcached=0.0%
[monitor] ['7%', '100%', '77%', '100%']  memcached=6.9%
[monitor] ['0%', '100%', '74%', '100%']  memcached=0.0%
[monitor] ['3%', '98%', '72%', '100%']  memcached=3.4%
[monitor] ['10%', '100%', '79%', '100%']  memcached=10.0%
[monitor] ['10%', '100%', '76%', '100%']  memcached=10.3%
[monitor] ['7%', '98%', '78%', '100%']  memcached=6.9%
[monitor] ['0%', '100%', '75%', '100%']  memcached=0.0%
[monitor] ['7%', '100%', '78%', '100%']  memcached=6.9%
[monitor] ['7%', '100%', '78%', '100%']  memcached=6.9%
[monitor] ['4%', '98%', '77%', '100%']  memcached=3.6%
[monitor] ['7%', '100%', '78%', '100%']  memcached=6.9%
[monitor] ['3%', '100%', '77%', '100%']  memcached=3.4%
[monitor] ['10%', '100%', '75%', '98%']  memcached=10.0%
[monitor] ['4%', '98%', '75%', '100%']  memcached=3.6%
[monitor] ['7%', '100%', '76%', '100%']  memcached=6.9%
[monitor] ['4%', '100%', '78%', '100%']  memcached=3.6%
[monitor] ['7%', '100%', '77%', '98%']  memcached=7.1%
[monitor] ['7%', '100%', '76%', '100%']  memcached=6.9%
[monitor] ['19%', '98%', '77%', '100%']  memcached=18.9%
[monitor] ['16%', '100%', '75%', '100%']  memcached=16.2%
[monitor] ['11%', '98%', '77%', '100%']  memcached=11.1%
[monitor] ['16%', '100%', '75%', '100%']  memcached=15.8%
[monitor] ['9%', '98%', '75%', '100%']  memcached=8.6%
[monitor] ['18%', '100%', '77%', '100%']  memcached=18.4%
[monitor] ['9%', '100%', '75%', '100%']  memcached=8.6%
[monitor] ['11%', '98%', '77%', '100%']  memcached=11.1%
[monitor] ['24%', '100%', '78%', '100%']  memcached=24.4%
[monitor] ['14%', '100%', '75%', '100%']  memcached=13.5%
[monitor] ['9%', '100%', '76%', '100%']  memcached=8.6%
[monitor] ['11%', '98%', '77%', '100%']  memcached=11.4%
[monitor] ['6%', '100%', '75%', '100%']  memcached=5.9%
[monitor] ['6%', '100%', '77%', '100%']  memcached=5.9%
[monitor] ['11%', '98%', '78%', '100%']  memcached=11.4%
[monitor] ['6%', '100%', '75%', '100%']  memcached=6.1%
[monitor] ['3%', '100%', '77%', '100%']  memcached=3.0%
[monitor] ['6%', '100%', '77%', '100%']  memcached=5.9%
[monitor] ['11%', '100%', '76%', '100%']  memcached=11.1%
[monitor] ['9%', '98%', '78%', '100%']  memcached=8.6%
[monitor] ['18%', '100%', '72%', '100%']  memcached=18.4%
[monitor] ['11%', '100%', '78%', '100%']  memcached=11.1%
[monitor] ['11%', '98%', '72%', '100%']  memcached=11.1%
[monitor] ['11%', '100%', '78%', '100%']  memcached=11.1%
[monitor] ['6%', '100%', '75%', '100%']  memcached=5.9%
[monitor] ['9%', '100%', '78%', '100%']  memcached=8.8%
[monitor] ['9%', '98%', '78%', '100%']  memcached=8.6%
[monitor] ['11%', '100%', '77%', '100%']  memcached=11.1%
[monitor] ['6%', '100%', '76%', '98%']  memcached=5.9%
[monitor] ['9%', '100%', '77%', '100%']  memcached=9.1%
[monitor] ['16%', '98%', '75%', '100%']  memcached=15.8%
[monitor] ['11%', '100%', '75%', '100%']  memcached=11.1%
[monitor] ['9%', '100%', '75%', '100%']  memcached=8.8%
[monitor] ['9%', '100%', '79%', '100%']  memcached=8.6%
[monitor] ['6%', '98%', '75%', '100%']  memcached=5.9%
[monitor] ['11%', '100%', '78%', '100%']  memcached=11.4%
[monitor] ['14%', '100%', '75%', '100%']  memcached=13.5%
[monitor] ['47%', '98%', '78%', '100%']  memcached=46.9%
[monitor] ['76%', '98%', '77%', '100%']  memcached=75.8%
[monitor] ['75%', '97%', '79%', '98%']  memcached=75.0%
[monitor] ['72%', '98%', '78%', '100%']  memcached=72.4%
[monitor] ['75%', '97%', '76%', '100%']  memcached=75.0%
[monitor] ['70%', '98%', '79%', '100%']  memcached=70.0%
[monitor] ['73%', '98%', '77%', '100%']  memcached=73.3%
[monitor] ['72%', '98%', '77%', '100%']  memcached=72.4%
[monitor] ['75%', '97%', '79%', '100%']  memcached=75.0%
[monitor] ['70%', '98%', '79%', '100%']  memcached=70.0%
[monitor] ['73%', '98%', '79%', '100%']  memcached=73.3%
[monitor] ['72%', '98%', '78%', '100%']  memcached=72.4%
[monitor] ['73%', '97%', '78%', '100%']  memcached=73.3%
[monitor] ['72%', '97%', '79%', '100%']  memcached=72.4%
[monitor] ['71%', '98%', '80%', '100%']  memcached=71.0%
[monitor] ['77%', '100%', '77%', '100%']  memcached=77.4%
[monitor] ['71%', '97%', '74%', '100%']  memcached=71.0%
[monitor] ['74%', '98%', '79%', '100%']  memcached=74.2%
[monitor] ['81%', '98%', '79%', '100%']  memcached=81.2%
[monitor] ['74%', '98%', '78%', '100%']  memcached=74.2%
[monitor] ['71%', '98%', '79%', '100%']  memcached=71.0%
[monitor] ['73%', '98%', '79%', '100%']  memcached=73.3%
[monitor] ['81%', '100%', '75%', '100%']  memcached=81.2%
[monitor] ['78%', '98%', '74%', '100%']  memcached=78.1%
[monitor] ['75%', '97%', '77%', '100%']  memcached=75.0%
[monitor] ['79%', '100%', '79%', '100%']  memcached=78.8%
[monitor] ['82%', '100%', '79%', '98%']  memcached=82.4%
[monitor] ['77%', '98%', '77%', '100%']  memcached=76.7%
[monitor] ['74%', '98%', '79%', '100%']  memcached=74.2%
[monitor] ['74%', '98%', '77%', '100%']  memcached=74.2%
[monitor] ['74%', '97%', '77%', '100%']  memcached=74.2%
[monitor] ['69%', '98%', '77%', '100%']  memcached=69.0%
[monitor] ['74%', '97%', '79%', '100%']  memcached=74.2%
[monitor] ['73%', '98%', '80%', '100%']  memcached=73.3%
[monitor] ['73%', '90%', '55%', '74%']  memcached=73.3%
[streamcluster] ended.
[vips] started on cores: [1, 2, 3] with 3 threads.
[monitor] ['63%', '51%', '24%', '56%']  memcached=63.0%
[monitor] ['56%', '25%', '14%', '79%']  memcached=55.6%
[monitor] ['3%', '3%', '3%', '100%']  memcached=3.4%
[monitor] ['7%', '3%', '0%', '100%']  memcached=6.7%
[monitor] ['0%', '57%', '0%', '46%']  memcached=0.0%
[monitor] ['7%', '97%', '67%', '66%']  memcached=6.7%
[monitor] ['7%', '100%', '100%', '100%']  memcached=7.1%
[monitor] ['7%', '100%', '100%', '100%']  memcached=6.9%
[monitor] ['4%', '100%', '100%', '100%']  memcached=3.7%
[monitor] ['7%', '100%', '100%', '100%']  memcached=6.9%
[monitor] ['4%', '100%', '100%', '100%']  memcached=3.6%
[monitor] ['4%', '100%', '100%', '100%']  memcached=3.6%
[monitor] ['4%', '100%', '100%', '100%']  memcached=3.7%
[monitor] ['7%', '100%', '100%', '100%']  memcached=6.9%
[monitor] ['30%', '100%', '100%', '98%']  memcached=30.0%
[monitor] ['46%', '100%', '100%', '100%']  memcached=46.4%
[monitor] ['17%', '100%', '100%', '100%']  memcached=17.2%
[monitor] ['7%', '100%', '100%', '100%']  memcached=6.9%
[monitor] ['10%', '100%', '100%', '100%']  memcached=10.3%
[monitor] ['4%', '100%', '100%', '100%']  memcached=3.6%
[monitor] ['4%', '100%', '100%', '100%']  memcached=3.6%
[monitor] ['7%', '100%', '100%', '100%']  memcached=6.9%
[monitor] ['7%', '100%', '100%', '100%']  memcached=6.9%
[monitor] ['0%', '100%', '100%', '100%']  memcached=0.0%
[monitor] ['7%', '100%', '100%', '100%']  memcached=6.9%
[monitor] ['7%', '100%', '100%', '100%']  memcached=6.9%
[monitor] ['7%', '100%', '100%', '100%']  memcached=7.1%
[monitor] ['4%', '100%', '100%', '100%']  memcached=3.6%
[monitor] ['28%', '100%', '100%', '100%']  memcached=27.6%
[monitor] ['100%', '100%', '100%', '100%']  memcached=100.0%
[MEMCACHED] cores updated to: ['0', '1', '2']
[vips] cores updated to: [3]
[monitor] ['100%', '3%', '0%', '100%']  memcached=102.9%
[MEMCACHED] cores updated to: ['0', '2']
[vips] cores updated to: [1, 3]
[monitor] ['80%', '100%', '0%', '100%']  memcached=79.5%
[MEMCACHED] cores updated to: ['0']
[vips] cores updated to: [1, 2, 3]
[monitor] ['100%', '100%', '100%', '100%']  memcached=100.0%
[MEMCACHED] cores updated to: ['0', '1', '3']
[vips] cores updated to: [2]
[monitor] ['100%', '58%', '100%', '67%']  memcached=224.7%
[monitor] ['81%', '56%', '100%', '72%']  memcached=208.8%
[monitor] ['59%', '59%', '100%', '94%']  memcached=211.5%
[monitor] ['100%', '55%', '100%', '61%']  memcached=216.1%
[monitor] ['100%', '56%', '100%', '62%']  memcached=218.8%
[monitor] ['100%', '59%', '100%', '67%']  memcached=226.0%
[monitor] ['100%', '56%', '100%', '58%']  memcached=214.3%
[monitor] ['100%', '57%', '100%', '61%']  memcached=218.0%
[monitor] ['100%', '52%', '100%', '58%']  memcached=209.7%
[monitor] ['100%', '59%', '100%', '59%']  memcached=218.8%
[monitor] ['91%', '69%', '100%', '67%']  memcached=226.0%
[monitor] ['45%', '55%', '100%', '100%']  memcached=199.4%
[monitor] ['50%', '74%', '100%', '87%']  memcached=211.3%
[monitor] ['47%', '76%', '100%', '82%']  memcached=204.2%
[monitor] ['47%', '100%', '100%', '65%']  memcached=211.4%
[monitor] ['48%', '100%', '100%', '78%']  memcached=226.4%
[monitor] ['43%', '82%', '100%', '77%']  memcached=202.1%
[monitor] ['67%', '59%', '100%', '90%']  memcached=216.0%
[monitor] ['93%', '59%', '100%', '61%']  memcached=214.0%
[monitor] ['74%', '73%', '100%', '58%']  memcached=205.6%
[monitor] ['100%', '55%', '100%', '62%']  memcached=217.3%
[monitor] ['100%', '52%', '100%', '62%']  memcached=213.4%
[monitor] ['97%', '53%', '100%', '61%']  memcached=210.7%
[monitor] ['45%', '53%', '100%', '57%']  memcached=155.0%
[MEMCACHED] cores updated to: ['0', '3']
[vips] cores updated to: [1, 2]
[monitor] ['74%', '97%', '100%', '77%']  memcached=150.7%
[monitor] ['69%', '100%', '100%', '80%']  memcached=148.8%
[monitor] ['67%', '100%', '100%', '84%']  memcached=150.9%
[monitor] ['63%', '100%', '100%', '82%']  memcached=145.7%
[monitor] ['66%', '100%', '100%', '80%']  memcached=145.6%
[monitor] ['63%', '100%', '100%', '83%']  memcached=146.2%
[monitor] ['66%', '100%', '100%', '80%']  memcached=145.6%
[monitor] ['73%', '100%', '100%', '86%']  memcached=159.2%
[monitor] ['69%', '100%', '100%', '80%']  memcached=148.8%
[monitor] ['66%', '100%', '100%', '81%']  memcached=146.2%
[monitor] ['42%', '100%', '100%', '47%']  memcached=89.5%
[monitor] ['19%', '100%', '100%', '9%']  memcached=28.0%
[MEMCACHED] cores updated to: ['0']
[vips] cores updated to: [1, 2, 3]
[monitor] ['11%', '100%', '100%', '100%']  memcached=11.1%
[monitor] ['7%', '100%', '100%', '100%']  memcached=7.4%
[monitor] ['4%', '100%', '100%', '100%']  memcached=4.0%
[monitor] ['14%', '100%', '100%', '100%']  memcached=14.3%
[monitor] ['7%', '100%', '98%', '100%']  memcached=7.4%
[monitor] ['0%', '100%', '100%', '100%']  memcached=0.0%
[monitor] ['11%', '100%', '100%', '100%']  memcached=11.1%
[monitor] ['0%', '100%', '100%', '100%']  memcached=0.0%
[monitor] ['7%', '100%', '100%', '100%']  memcached=7.4%
[monitor] ['4%', '100%', '100%', '100%']  memcached=3.7%
[monitor] ['0%', '100%', '100%', '100%']  memcached=0.0%
[monitor] ['7%', '100%', '100%', '100%']  memcached=7.4%
[monitor] ['12%', '100%', '100%', '100%']  memcached=11.5%
[monitor] ['11%', '100%', '100%', '100%']  memcached=10.7%
[monitor] ['4%', '100%', '100%', '100%']  memcached=3.8%
[monitor] ['11%', '100%', '100%', '100%']  memcached=11.1%
[monitor] ['7%', '100%', '100%', '100%']  memcached=7.4%
[monitor] ['0%', '100%', '100%', '100%']  memcached=0.0%
[monitor] ['7%', '100%', '100%', '100%']  memcached=7.4%
[monitor] ['7%', '100%', '100%', '100%']  memcached=7.1%
[monitor] ['0%', '100%', '100%', '100%']  memcached=0.0%
[monitor] ['7%', '100%', '100%', '100%']  memcached=7.1%
[monitor] ['7%', '100%', '100%', '100%']  memcached=7.4%
[monitor] ['8%', '100%', '100%', '100%']  memcached=8.0%
[monitor] ['14%', '100%', '100%', '100%']  memcached=13.8%
[monitor] ['4%', '100%', '100%', '100%']  memcached=3.8%
[monitor] ['4%', '100%', '100%', '100%']  memcached=3.8%
[monitor] ['8%', '100%', '100%', '100%']  memcached=7.7%
[monitor] ['7%', '100%', '100%', '100%']  memcached=7.4%
[monitor] ['4%', '100%', '100%', '100%']  memcached=3.7%
[monitor] ['4%', '100%', '100%', '100%']  memcached=4.0%
[monitor] ['4%', '100%', '100%', '100%']  memcached=4.0%
[monitor] ['7%', '100%', '100%', '100%']  memcached=7.1%
[monitor] ['15%', '100%', '100%', '100%']  memcached=14.8%
[monitor] ['8%', '100%', '100%', '100%']  memcached=7.7%
[monitor] ['59%', '74%', '61%', '74%']  memcached=59.4%
[vips] ended.
[MEMCACHED] cores updated to: ['0', '1', '2', '3']
