Scheduler started.
[MEMCACHED] cores updated to: ['0', '1', '2']
[radix] started on cores: [3] with 1 threads.
[monitor] ['23%', '26%', '12%', '100%']  memcached=61.1%
[MEMCACHED] cores updated to: ['0']
[barnes] started on cores: [1, 2] with 2 threads.
[monitor] ['100%', '83%', '41%', '100%']  memcached=100.0%
[MEMCACHED] cores updated to: ['0', '1', '2']
[barnes] paused.
[monitor] ['92%', '98%', '84%', '100%']  memcached=273.8%
[monitor] ['61%', '60%', '53%', '100%']  memcached=174.2%
[monitor] ['61%', '62%', '50%', '100%']  memcached=172.4%
[monitor] ['60%', '61%', '52%', '100%']  memcached=172.1%
[monitor] ['67%', '68%', '61%', '100%']  memcached=194.8%
[monitor] ['63%', '61%', '52%', '100%']  memcached=175.1%
[monitor] ['64%', '67%', '53%', '100%']  memcached=183.7%
[monitor] ['64%', '63%', '58%', '100%']  memcached=184.3%
[monitor] ['65%', '61%', '55%', '100%']  memcached=179.9%
[monitor] ['63%', '67%', '58%', '100%']  memcached=187.1%
[monitor] ['24%', '14%', '9%', '100%']  memcached=46.7%
[MEMCACHED] cores updated to: ['0']
[barnes] unpaused.
[monitor] ['18%', '20%', '87%', '100%']  memcached=17.9%
[monitor] ['23%', '0%', '100%', '100%']  memcached=22.7%
[monitor] ['21%', '49%', '100%', '100%']  memcached=21.4%
[monitor] ['11%', '100%', '100%', '100%']  memcached=11.1%
[monitor] ['20%', '100%', '100%', '100%']  memcached=20.0%
[monitor] ['22%', '98%', '98%', '100%']  memcached=21.6%
[monitor] ['19%', '82%', '100%', '100%']  memcached=19.0%
[monitor] ['18%', '100%', '100%', '100%']  memcached=17.5%
[monitor] ['18%', '100%', '100%', '100%']  memcached=17.5%
[monitor] ['8%', '100%', '100%', '100%']  memcached=8.3%
[monitor] ['11%', '100%', '100%', '100%']  memcached=10.5%
[monitor] ['59%', '100%', '100%', '100%']  memcached=59.5%
[monitor] ['95%', '100%', '100%', '100%']  memcached=95.1%
[MEMCACHED] cores updated to: ['0', '1', '2']
[barnes] paused.
[monitor] ['36%', '27%', '31%', '100%']  memcached=94.3%
[MEMCACHED] cores updated to: ['0', '2']
[radix] paused.
[barnes] unpaused.
[barnes] cores updated to: [1, 3]
[monitor] ['52%', '100%', '55%', '100%']  memcached=106.4%
[monitor] ['52%', '100%', '47%', '100%']  memcached=98.4%
[monitor] ['63%', '100%', '61%', '100%']  memcached=123.5%
[monitor] ['53%', '100%', '39%', '100%']  memcached=92.2%
[monitor] ['56%', '100%', '50%', '100%']  memcached=105.9%
[monitor] ['47%', '100%', '48%', '100%']  memcached=95.1%
[monitor] ['50%', '100%', '41%', '100%']  memcached=91.4%
[monitor] ['52%', '100%', '45%', '100%']  memcached=96.7%
[monitor] ['58%', '100%', '55%', '100%']  memcached=112.1%
[monitor] ['37%', '100%', '25%', '100%']  memcached=61.8%
[MEMCACHED] cores updated to: ['0']
[radix] unpaused.
[radix] cores updated to: [2]
[monitor] ['8%', '100%', '100%', '100%']  memcached=8.0%
[monitor] ['15%', '100%', '100%', '100%']  memcached=14.8%
[monitor] ['12%', '100%', '100%', '100%']  memcached=12.0%
[monitor] ['15%', '100%', '100%', '100%']  memcached=14.8%
[monitor] ['15%', '100%', '100%', '100%']  memcached=14.8%
[monitor] ['12%', '100%', '100%', '100%']  memcached=11.5%
[monitor] ['19%', '100%', '100%', '100%']  memcached=18.5%
[monitor] ['4%', '100%', '100%', '100%']  memcached=4.2%
[monitor] ['8%', '100%', '100%', '100%']  memcached=7.7%
[monitor] ['8%', '100%', '100%', '100%']  memcached=8.0%
[monitor] ['8%', '100%', '100%', '100%']  memcached=8.0%
[monitor] ['70%', '100%', '100%', '100%']  memcached=69.7%
[monitor] ['100%', '100%', '100%', '100%']  memcached=100.0%
[MEMCACHED] cores updated to: ['0', '1', '3']
[barnes] paused.
[monitor] ['100%', '100%', '100%', '100%']  memcached=300.0%
[monitor] ['81%', '97%', '100%', '84%']  memcached=262.2%
[monitor] ['69%', '78%', '100%', '71%']  memcached=217.5%
[monitor] ['78%', '78%', '100%', '71%']  memcached=225.9%
[monitor] ['79%', '81%', '100%', '78%']  memcached=237.8%
[monitor] ['74%', '76%', '100%', '74%']  memcached=224.9%
[monitor] ['73%', '89%', '100%', '81%']  memcached=243.0%
[monitor] ['75%', '78%', '100%', '75%']  memcached=227.8%
[monitor] ['78%', '82%', '100%', '74%']  memcached=234.2%
[monitor] ['72%', '76%', '100%', '68%']  memcached=216.3%
[monitor] ['53%', '54%', '100%', '50%']  memcached=157.0%
[MEMCACHED] cores updated to: ['0', '3']
[radix] paused.
[barnes] unpaused.
[barnes] cores updated to: [1, 2]
[monitor] ['27%', '100%', '100%', '14%']  memcached=41.1%
[MEMCACHED] cores updated to: ['0']
[radix] unpaused.
[radix] cores updated to: [3]
[monitor] ['42%', '100%', '100%', '100%']  memcached=42.3%
[monitor] ['57%', '100%', '100%', '100%']  memcached=57.1%
[monitor] ['36%', '100%', '100%', '100%']  memcached=36.0%
[monitor] ['46%', '100%', '100%', '100%']  memcached=46.2%
[monitor] ['38%', '100%', '100%', '100%']  memcached=38.5%
[monitor] ['33%', '100%', '100%', '100%']  memcached=33.3%
[monitor] ['40%', '100%', '100%', '100%']  memcached=40.0%
[monitor] ['38%', '100%', '100%', '100%']  memcached=38.5%
[monitor] ['46%', '100%', '100%', '100%']  memcached=46.2%
[monitor] ['38%', '100%', '100%', '100%']  memcached=38.5%
[monitor] ['95%', '100%', '100%', '100%']  memcached=94.9%
[MEMCACHED] cores updated to: ['0', '3']
[radix] paused.
[monitor] ['89%', '100%', '100%', '68%']  memcached=157.1%
[monitor] ['92%', '100%', '100%', '55%']  memcached=146.9%
[monitor] ['80%', '100%', '100%', '53%']  memcached=133.3%
[monitor] ['76%', '100%', '100%', '62%']  memcached=139.0%
[monitor] ['82%', '100%', '100%', '65%']  memcached=146.1%
[monitor] ['83%', '100%', '100%', '70%']  memcached=152.6%
[monitor] ['74%', '100%', '100%', '76%']  memcached=150.8%
[monitor] ['77%', '100%', '100%', '71%']  memcached=147.7%
[monitor] ['78%', '100%', '100%', '68%']  memcached=145.4%
[monitor] ['81%', '100%', '100%', '70%']  memcached=150.3%
[monitor] ['79%', '100%', '100%', '70%']  memcached=149.1%
[monitor] ['78%', '100%', '100%', '67%']  memcached=144.4%
[monitor] ['73%', '100%', '100%', '71%']  memcached=143.3%
[monitor] ['81%', '100%', '100%', '69%']  memcached=149.3%
[monitor] ['74%', '98%', '100%', '64%']  memcached=137.9%
[monitor] ['71%', '9%', '100%', '71%']  memcached=142.0%
[monitor] ['83%', '52%', '100%', '79%']  memcached=162.7%
[monitor] ['74%', '100%', '100%', '65%']  memcached=138.0%
[monitor] ['76%', '100%', '61%', '67%']  memcached=142.3%
[monitor] ['86%', '100%', '74%', '82%']  memcached=168.8%
[monitor] ['87%', '100%', '100%', '83%']  memcached=170.2%
[MEMCACHED] cores updated to: ['0', '2', '3']
[radix] unpaused.
[radix] cores updated to: [1]
[barnes] paused.
[monitor] ['45%', '100%', '36%', '35%']  memcached=115.5%
[MEMCACHED] cores updated to: ['0', '3']
[radix] paused.
[barnes] unpaused.
[monitor] ['74%', '100%', '100%', '57%']  memcached=131.0%
[monitor] ['59%', '100%', '100%', '45%']  memcached=104.2%
[monitor] ['48%', '100%', '100%', '50%']  memcached=98.3%
[monitor] ['38%', '100%', '100%', '34%']  memcached=72.9%
[MEMCACHED] cores updated to: ['0']
[radix] unpaused.
[radix] cores updated to: [3]
[monitor] ['89%', '100%', '100%', '100%']  memcached=88.9%
[MEMCACHED] cores updated to: ['0', '3']
[radix] paused.
[monitor] ['46%', '100%', '100%', '43%']  memcached=89.8%
[monitor] ['38%', '100%', '100%', '43%']  memcached=81.8%
[monitor] ['34%', '100%', '100%', '37%']  memcached=71.5%
[MEMCACHED] cores updated to: ['0']
[radix] unpaused.
[monitor] ['86%', '100%', '100%', '100%']  memcached=86.5%
[MEMCACHED] cores updated to: ['0', '3']
[radix] paused.
[monitor] ['43%', '100%', '100%', '45%']  memcached=87.7%
[monitor] ['46%', '100%', '100%', '48%']  memcached=94.7%
[monitor] ['39%', '100%', '100%', '37%']  memcached=76.3%
[MEMCACHED] cores updated to: ['0']
[radix] unpaused.
[monitor] ['92%', '100%', '100%', '100%']  memcached=91.9%
[MEMCACHED] cores updated to: ['0', '3']
[radix] paused.
[monitor] ['52%', '100%', '100%', '43%']  memcached=94.5%
[monitor] ['44%', '100%', '100%', '50%']  memcached=94.4%
[monitor] ['53%', '100%', '100%', '50%']  memcached=103.3%
[monitor] ['50%', '100%', '100%', '48%']  memcached=98.3%
[monitor] ['60%', '100%', '100%', '47%']  memcached=106.7%
[monitor] ['42%', '100%', '100%', '52%']  memcached=94.0%
[monitor] ['52%', '100%', '100%', '45%']  memcached=96.9%
[monitor] ['50%', '100%', '100%', '45%']  memcached=94.8%
[monitor] ['55%', '100%', '100%', '59%']  memcached=113.5%
[monitor] ['52%', '100%', '100%', '41%']  memcached=93.1%
[monitor] ['46%', '100%', '100%', '50%']  memcached=96.4%
[monitor] ['39%', '100%', '100%', '25%']  memcached=63.7%
[MEMCACHED] cores updated to: ['0']
[radix] unpaused.
[monitor] ['39%', '100%', '100%', '100%']  memcached=39.1%
[monitor] ['43%', '100%', '100%', '100%']  memcached=43.5%
[monitor] ['42%', '100%', '100%', '100%']  memcached=41.7%
[monitor] ['44%', '100%', '100%', '100%']  memcached=44.4%
[monitor] ['43%', '100%', '100%', '100%']  memcached=43.5%
[monitor] ['42%', '100%', '100%', '100%']  memcached=41.7%
[monitor] ['41%', '100%', '100%', '100%']  memcached=40.9%
[monitor] ['50%', '100%', '100%', '100%']  memcached=50.0%
[monitor] ['59%', '100%', '100%', '100%']  memcached=59.3%
[monitor] ['39%', '100%', '100%', '100%']  memcached=39.1%
[monitor] ['58%', '100%', '100%', '100%']  memcached=57.7%
[monitor] ['82%', '100%', '100%', '100%']  memcached=82.4%
[monitor] ['100%', '100%', '100%', '100%']  memcached=100.0%
[MEMCACHED] cores updated to: ['0', '1', '2']
[barnes] paused.
[monitor] ['76%', '89%', '67%', '100%']  memcached=232.3%
[monitor] ['56%', '52%', '43%', '100%']  memcached=150.9%
[MEMCACHED] cores updated to: ['0', '2']
[radix] paused.
[barnes] unpaused.
[barnes] cores updated to: [1, 3]
[monitor] ['79%', '100%', '66%', '100%']  memcached=145.0%
[monitor] ['74%', '100%', '60%', '100%']  memcached=134.3%
[monitor] ['80%', '100%', '63%', '100%']  memcached=143.3%
[monitor] ['78%', '100%', '60%', '100%']  memcached=138.1%
[monitor] ['83%', '100%', '66%', '100%']  memcached=148.4%
[monitor] ['83%', '100%', '72%', '100%']  memcached=154.7%
[monitor] ['79%', '100%', '60%', '100%']  memcached=138.8%
[monitor] ['79%', '100%', '65%', '100%']  memcached=143.3%
[monitor] ['53%', '100%', '36%', '100%']  memcached=88.7%
[monitor] ['32%', '100%', '16%', '100%']  memcached=48.3%
[MEMCACHED] cores updated to: ['0']
[radix] unpaused.
[radix] cores updated to: [2]
[monitor] ['58%', '100%', '100%', '100%']  memcached=57.7%
[monitor] ['89%', '100%', '100%', '100%']  memcached=88.9%
[MEMCACHED] cores updated to: ['0', '2']
[radix] paused.
[monitor] ['30%', '100%', '22%', '100%']  memcached=52.2%
[MEMCACHED] cores updated to: ['0']
[radix] unpaused.
[monitor] ['82%', '100%', '100%', '100%']  memcached=81.8%
[monitor] ['85%', '100%', '100%', '100%']  memcached=84.8%
[monitor] ['84%', '100%', '100%', '100%']  memcached=84.4%
[monitor] ['85%', '100%', '100%', '100%']  memcached=85.3%
[MEMCACHED] cores updated to: ['0', '2']
[radix] paused.
[monitor] ['29%', '0%', '12%', '100%']  memcached=41.0%
[MEMCACHED] cores updated to: ['0']
[radix] unpaused.
[monitor] ['81%', '61%', '100%', '100%']  memcached=81.2%
[monitor] ['85%', '98%', '100%', '100%']  memcached=84.8%
[monitor] ['100%', '87%', '100%', '100%']  memcached=100.0%
[MEMCACHED] cores updated to: ['0', '1', '3']
[barnes] paused.
[monitor] ['30%', '19%', '100%', '15%']  memcached=63.3%
[MEMCACHED] cores updated to: ['0']
[barnes] unpaused.
[monitor] ['100%', '100%', '100%', '100%']  memcached=100.0%
[MEMCACHED] cores updated to: ['0', '1', '3']
[barnes] paused.
[monitor] ['25%', '19%', '100%', '18%']  memcached=61.4%
[MEMCACHED] cores updated to: ['0']
[barnes] unpaused.
[monitor] ['100%', '100%', '100%', '100%']  memcached=100.0%
[MEMCACHED] cores updated to: ['0', '1', '3']
[barnes] paused.
[monitor] ['37%', '31%', '100%', '19%']  memcached=87.3%
[MEMCACHED] cores updated to: ['0', '3']
[radix] paused.
[barnes] unpaused.
[barnes] cores updated to: [1, 2]
[monitor] ['28%', '100%', '100%', '38%']  memcached=65.9%
[MEMCACHED] cores updated to: ['0']
[radix] unpaused.
[radix] cores updated to: [3]
[monitor] ['85%', '100%', '100%', '100%']  memcached=85.3%
[MEMCACHED] cores updated to: ['0', '3']
[radix] paused.
[monitor] ['48%', '100%', '100%', '33%']  memcached=81.6%
[monitor] ['35%', '100%', '100%', '30%']  memcached=64.2%
[MEMCACHED] cores updated to: ['0']
[radix] unpaused.
[monitor] ['81%', '100%', '100%', '100%']  memcached=80.6%
[monitor] ['30%', '100%', '100%', '100%']  memcached=30.0%
[monitor] ['43%', '100%', '100%', '100%']  memcached=43.5%
[monitor] ['48%', '100%', '100%', '100%']  memcached=47.8%
[monitor] ['39%', '100%', '100%', '100%']  memcached=39.1%
[monitor] ['44%', '100%', '100%', '100%']  memcached=44.0%
[monitor] ['41%', '100%', '100%', '100%']  memcached=40.9%
[monitor] ['48%', '100%', '100%', '100%']  memcached=48.0%
[monitor] ['72%', '100%', '100%', '79%']  memcached=72.4%
[radix] ended.
[blackscholes] started on cores: [3] with 3 threads.
[monitor] ['43%', '100%', '100%', '100%']  memcached=43.5%
[monitor] ['46%', '100%', '100%', '100%']  memcached=45.8%
[monitor] ['50%', '100%', '100%', '100%']  memcached=50.0%
[monitor] ['31%', '100%', '100%', '100%']  memcached=30.8%
[monitor] ['23%', '100%', '100%', '100%']  memcached=23.3%
[monitor] ['7%', '100%', '100%', '100%']  memcached=6.9%
[monitor] ['10%', '100%', '100%', '100%']  memcached=10.3%
[monitor] ['11%', '100%', '100%', '100%']  memcached=10.7%
[monitor] ['14%', '100%', '100%', '100%']  memcached=13.8%
[monitor] ['4%', '100%', '100%', '100%']  memcached=3.8%
[monitor] ['10%', '100%', '100%', '100%']  memcached=10.3%
[monitor] ['20%', '100%', '100%', '100%']  memcached=20.0%
[monitor] ['11%', '100%', '100%', '100%']  memcached=10.7%
[monitor] ['11%', '100%', '100%', '100%']  memcached=10.7%
[monitor] ['24%', '100%', '100%', '100%']  memcached=24.1%
[monitor] ['81%', '100%', '100%', '100%']  memcached=81.2%
[monitor] ['100%', '100%', '100%', '100%']  memcached=100.0%
[MEMCACHED] cores updated to: ['0', '1', '2']
[barnes] paused.
[monitor] ['84%', '83%', '70%', '100%']  memcached=236.8%
[monitor] ['52%', '52%', '41%', '100%']  memcached=144.1%
[MEMCACHED] cores updated to: ['0', '2']
[barnes] unpaused.
[barnes] cores updated to: [1, 3]
[blackscholes] paused.
[monitor] ['79%', '100%', '72%', '100%']  memcached=150.7%
[monitor] ['79%', '100%', '70%', '100%']  memcached=149.4%
[monitor] ['89%', '100%', '66%', '100%']  memcached=154.1%
[monitor] ['86%', '100%', '60%', '100%']  memcached=145.7%
[monitor] ['86%', '100%', '61%', '100%']  memcached=147.4%
[monitor] ['86%', '100%', '60%', '100%']  memcached=145.7%
[monitor] ['83%', '100%', '62%', '100%']  memcached=145.4%
[monitor] ['83%', '100%', '58%', '100%']  memcached=141.4%
[monitor] ['75%', '100%', '48%', '100%']  memcached=123.1%
[monitor] ['79%', '100%', '83%', '100%']  memcached=162.1%
[monitor] ['62%', '100%', '100%', '100%']  memcached=162.1%
[monitor] ['63%', '100%', '100%', '100%']  memcached=163.0%
[monitor] ['80%', '100%', '69%', '100%']  memcached=149.0%
[monitor] ['100%', '100%', '38%', '100%']  memcached=137.9%
[monitor] ['100%', '100%', '41%', '100%']  memcached=141.4%
[monitor] ['79%', '100%', '75%', '100%']  memcached=154.3%
[monitor] ['100%', '100%', '34%', '100%']  memcached=134.5%
[monitor] ['100%', '100%', '55%', '100%']  memcached=154.8%
[monitor] ['100%', '100%', '42%', '100%']  memcached=142.4%
[monitor] ['100%', '100%', '36%', '100%']  memcached=135.7%
[monitor] ['100%', '100%', '47%', '33%']  memcached=146.7%
[monitor] ['86%', '74%', '75%', '46%']  memcached=161.1%
[monitor] ['85%', '10%', '75%', '100%']  memcached=160.3%
[monitor] ['86%', '7%', '73%', '100%']  memcached=159.4%
[monitor] ['87%', '13%', '81%', '100%']  memcached=167.9%
[monitor] ['86%', '7%', '78%', '100%']  memcached=164.6%
[monitor] ['83%', '3%', '74%', '100%']  memcached=157.1%
[monitor] ['83%', '13%', '82%', '100%']  memcached=165.2%
[monitor] ['83%', '17%', '79%', '100%']  memcached=162.3%
[monitor] ['83%', '100%', '75%', '100%']  memcached=157.9%
[monitor] ['83%', '100%', '75%', '100%']  memcached=157.9%
[monitor] ['86%', '89%', '75%', '76%']  memcached=160.7%
[monitor] ['83%', '100%', '82%', '92%']  memcached=165.2%
[monitor] ['95%', '100%', '95%', '100%']  memcached=189.7%
[MEMCACHED] cores updated to: ['0', '2', '3']
[barnes] paused.
[blackscholes] unpaused.
[blackscholes] cores updated to: [1]
[monitor] ['89%', '100%', '76%', '80%']  memcached=245.9%
[monitor] ['81%', '100%', '69%', '76%']  memcached=226.5%
[monitor] ['86%', '100%', '67%', '78%']  memcached=230.9%
[monitor] ['82%', '100%', '73%', '79%']  memcached=233.9%
[monitor] ['86%', '100%', '67%', '76%']  memcached=228.9%
[monitor] ['84%', '100%', '74%', '80%']  memcached=237.3%
[monitor] ['86%', '100%', '70%', '79%']  memcached=234.9%
[monitor] ['89%', '100%', '72%', '81%']  memcached=241.6%
[monitor] ['82%', '100%', '65%', '75%']  memcached=221.1%
[monitor] ['83%', '100%', '68%', '81%']  memcached=231.6%
[monitor] ['86%', '100%', '76%', '89%']  memcached=251.1%
[monitor] ['55%', '100%', '43%', '64%']  memcached=161.8%
[monitor] ['53%', '100%', '45%', '46%']  memcached=144.6%
[MEMCACHED] cores updated to: ['0', '3']
[barnes] unpaused.
[barnes] cores updated to: [1, 2]
[blackscholes] paused.
[monitor] ['80%', '100%', '100%', '66%']  memcached=145.5%
[monitor] ['78%', '100%', '100%', '72%']  memcached=150.3%
[monitor] ['80%', '100%', '100%', '73%']  memcached=152.7%
[monitor] ['83%', '100%', '100%', '68%']  memcached=151.1%
[monitor] ['83%', '100%', '100%', '74%']  memcached=157.6%
[monitor] ['83%', '100%', '100%', '73%']  memcached=156.1%
[monitor] ['89%', '100%', '100%', '76%']  memcached=164.6%
[monitor] ['86%', '100%', '100%', '73%']  memcached=159.2%
[monitor] ['89%', '100%', '100%', '73%']  memcached=161.6%
[monitor] ['83%', '100%', '100%', '76%']  memcached=158.6%
[monitor] ['15%', '100%', '100%', '12%']  memcached=26.4%
[MEMCACHED] cores updated to: ['0']
[blackscholes] unpaused.
[blackscholes] cores updated to: [3]
[monitor] ['38%', '98%', '100%', '100%']  memcached=38.1%
[monitor] ['46%', '100%', '100%', '100%']  memcached=45.8%
[monitor] ['58%', '100%', '100%', '100%']  memcached=57.7%
[monitor] ['43%', '100%', '100%', '100%']  memcached=43.5%
[monitor] ['39%', '100%', '100%', '100%']  memcached=39.1%
[monitor] ['43%', '100%', '100%', '100%']  memcached=43.5%
[monitor] ['41%', '100%', '100%', '100%']  memcached=40.9%
[monitor] ['39%', '100%', '100%', '100%']  memcached=39.1%
[monitor] ['36%', '100%', '100%', '100%']  memcached=36.4%
[monitor] ['48%', '100%', '100%', '100%']  memcached=47.8%
[monitor] ['52%', '100%', '100%', '100%']  memcached=52.0%
[monitor] ['10%', '100%', '100%', '100%']  memcached=10.0%
[monitor] ['17%', '100%', '100%', '100%']  memcached=16.7%
[monitor] ['13%', '100%', '100%', '100%']  memcached=13.3%
[monitor] ['9%', '100%', '100%', '100%']  memcached=9.4%
[monitor] ['12%', '100%', '100%', '100%']  memcached=12.5%
[monitor] ['3%', '100%', '100%', '100%']  memcached=3.4%
[monitor] ['10%', '100%', '100%', '100%']  memcached=10.0%
[monitor] ['7%', '100%', '100%', '100%']  memcached=6.7%
[monitor] ['6%', '100%', '100%', '100%']  memcached=6.5%
[monitor] ['7%', '100%', '100%', '100%']  memcached=6.9%
[monitor] ['7%', '100%', '100%', '100%']  memcached=6.7%
[monitor] ['13%', '100%', '100%', '100%']  memcached=12.9%
[monitor] ['81%', '100%', '100%', '100%']  memcached=81.1%
[monitor] ['100%', '100%', '100%', '100%']  memcached=100.0%
[MEMCACHED] cores updated to: ['0', '1', '2']
[barnes] paused.
[monitor] ['71%', '38%', '68%', '100%']  memcached=177.0%
[monitor] ['39%', '33%', '32%', '100%']  memcached=104.8%
[MEMCACHED] cores updated to: ['0', '2']
[barnes] unpaused.
[barnes] cores updated to: [1, 3]
[blackscholes] paused.
[monitor] ['74%', '100%', '55%', '100%']  memcached=128.7%
[monitor] ['73%', '100%', '59%', '100%']  memcached=131.3%
[monitor] ['69%', '100%', '63%', '100%']  memcached=132.1%
[monitor] ['74%', '100%', '60%', '100%']  memcached=133.5%
[monitor] ['69%', '100%', '57%', '100%']  memcached=125.6%
[monitor] ['66%', '100%', '57%', '100%']  memcached=122.3%
[monitor] ['65%', '100%', '48%', '100%']  memcached=112.7%
[monitor] ['66%', '100%', '54%', '100%']  memcached=119.2%
[monitor] ['68%', '100%', '52%', '100%']  memcached=119.5%
[monitor] ['67%', '100%', '55%', '100%']  memcached=121.8%
[monitor] ['63%', '100%', '52%', '100%']  memcached=115.2%
[monitor] ['66%', '100%', '48%', '100%']  memcached=113.9%
[monitor] ['66%', '100%', '54%', '100%']  memcached=119.2%
[monitor] ['68%', '100%', '48%', '100%']  memcached=116.0%
[monitor] ['73%', '100%', '55%', '100%']  memcached=127.9%
[monitor] ['80%', '100%', '76%', '100%']  memcached=156.5%
[monitor] ['72%', '100%', '53%', '100%']  memcached=125.2%
[monitor] ['69%', '100%', '55%', '100%']  memcached=123.9%
[monitor] ['71%', '66%', '59%', '100%']  memcached=129.6%
[monitor] ['89%', '15%', '83%', '100%']  memcached=171.7%
[MEMCACHED] cores updated to: ['0', '2', '3']
[barnes] paused.
[blackscholes] unpaused.
[blackscholes] cores updated to: [1]
[monitor] ['67%', '100%', '53%', '57%']  memcached=176.7%
[monitor] ['70%', '100%', '63%', '89%']  memcached=221.6%
[monitor] ['71%', '100%', '55%', '64%']  memcached=189.1%
[monitor] ['62%', '100%', '52%', '56%']  memcached=169.8%
[monitor] ['67%', '100%', '55%', '57%']  memcached=178.5%
[monitor] ['63%', '100%', '52%', '58%']  memcached=173.1%
[monitor] ['65%', '100%', '50%', '57%']  memcached=171.8%
[monitor] ['69%', '100%', '57%', '59%']  memcached=184.0%
[monitor] ['61%', '100%', '52%', '57%']  memcached=169.7%
[monitor] ['61%', '100%', '50%', '54%']  memcached=164.9%
[monitor] ['61%', '100%', '52%', '58%']  memcached=170.6%
[monitor] ['73%', '100%', '61%', '61%']  memcached=194.6%
[monitor] ['44%', '100%', '32%', '31%']  memcached=106.7%
[MEMCACHED] cores updated to: ['0', '3']
[barnes] unpaused.
[barnes] cores updated to: [1, 2]
[blackscholes] paused.
[monitor] ['41%', '21%', '85%', '33%']  memcached=74.1%
[MEMCACHED] cores updated to: ['0']
[blackscholes] unpaused.
[blackscholes] cores updated to: [3]
[monitor] ['77%', '32%', '36%', '100%']  memcached=76.7%
[barnes] ended.
[blackscholes] cores updated to: [1, 2, 3]
[monitor] ['88%', '100%', '100%', '100%']  memcached=87.5%
[MEMCACHED] cores updated to: ['0', '2']
[blackscholes] cores updated to: [1, 3]
[monitor] ['37%', '100%', '32%', '100%']  memcached=69.0%
[MEMCACHED] cores updated to: ['0']
[blackscholes] cores updated to: [1, 2, 3]
[monitor] ['85%', '100%', '100%', '100%']  memcached=84.8%
[monitor] ['82%', '100%', '100%', '100%']  memcached=82.4%
[monitor] ['83%', '100%', '100%', '100%']  memcached=83.3%
[monitor] ['81%', '100%', '100%', '100%']  memcached=81.2%
[monitor] ['81%', '100%', '100%', '100%']  memcached=80.6%
[monitor] ['86%', '100%', '100%', '100%']  memcached=86.1%
[MEMCACHED] cores updated to: ['0', '3']
[blackscholes] cores updated to: [1, 2]
[monitor] ['26%', '100%', '100%', '19%']  memcached=45.2%
[MEMCACHED] cores updated to: ['0']
[blackscholes] cores updated to: [1, 2, 3]
[monitor] ['15%', '100%', '100%', '100%']  memcached=15.4%
[monitor] ['9%', '100%', '100%', '100%']  memcached=8.7%
[monitor] ['8%', '100%', '100%', '100%']  memcached=8.3%
[monitor] ['17%', '100%', '100%', '100%']  memcached=16.7%
[monitor] ['36%', '100%', '100%', '100%']  memcached=35.7%
[monitor] ['8%', '100%', '100%', '100%']  memcached=8.3%
[monitor] ['8%', '100%', '100%', '100%']  memcached=8.3%
[monitor] ['4%', '100%', '100%', '100%']  memcached=4.3%
[monitor] ['12%', '100%', '100%', '100%']  memcached=12.0%
[monitor] ['12%', '100%', '100%', '100%']  memcached=12.0%
[monitor] ['4%', '100%', '100%', '100%']  memcached=4.3%
[monitor] ['9%', '100%', '100%', '100%']  memcached=8.7%
[monitor] ['100%', '100%', '100%', '100%']  memcached=100.0%
[MEMCACHED] cores updated to: ['0', '1', '2']
[blackscholes] cores updated to: [3]
[monitor] ['50%', '55%', '46%', '100%']  memcached=151.6%
[MEMCACHED] cores updated to: ['0', '2']
[blackscholes] cores updated to: [1, 3]
[monitor] ['60%', '100%', '61%', '100%']  memcached=120.7%
[monitor] ['62%', '100%', '63%', '100%']  memcached=125.8%
[monitor] ['60%', '100%', '71%', '100%']  memcached=131.0%
[monitor] ['62%', '100%', '68%', '100%']  memcached=129.5%
[monitor] ['67%', '100%', '69%', '100%']  memcached=135.4%
[monitor] ['61%', '100%', '74%', '100%']  memcached=134.8%
[monitor] ['58%', '100%', '70%', '100%']  memcached=128.1%
[monitor] ['57%', '100%', '67%', '100%']  memcached=123.3%
[monitor] ['55%', '100%', '74%', '100%']  memcached=129.0%
[monitor] ['59%', '100%', '59%', '100%']  memcached=117.2%
[monitor] ['39%', '100%', '42%', '100%']  memcached=81.0%
[monitor] ['50%', '100%', '52%', '100%']  memcached=101.9%
[monitor] ['41%', '100%', '48%', '100%']  memcached=89.0%
[monitor] ['43%', '100%', '43%', '100%']  memcached=86.2%
[monitor] ['48%', '100%', '42%', '100%']  memcached=90.6%
[monitor] ['46%', '100%', '42%', '100%']  memcached=88.7%
[monitor] ['47%', '100%', '48%', '100%']  memcached=94.7%
[monitor] ['38%', '100%', '50%', '100%']  memcached=88.5%
[monitor] ['48%', '100%', '42%', '100%']  memcached=90.7%
[monitor] ['40%', '100%', '42%', '100%']  memcached=82.3%
[monitor] ['50%', '100%', '52%', '100%']  memcached=101.9%
[monitor] ['45%', '100%', '44%', '100%']  memcached=89.2%
[monitor] ['34%', '100%', '28%', '100%']  memcached=62.5%
[MEMCACHED] cores updated to: ['0']
[blackscholes] cores updated to: [1, 2, 3]
[monitor] ['79%', '100%', '100%', '100%']  memcached=79.3%
[monitor] ['68%', '100%', '100%', '100%']  memcached=67.9%
[monitor] ['67%', '100%', '100%', '100%']  memcached=66.7%
[monitor] ['72%', '100%', '100%', '100%']  memcached=72.4%
[monitor] ['65%', '100%', '100%', '100%']  memcached=65.4%
[monitor] ['62%', '100%', '100%', '100%']  memcached=61.5%
[monitor] ['66%', '100%', '100%', '100%']  memcached=65.5%
[monitor] ['71%', '100%', '100%', '100%']  memcached=71.4%
[monitor] ['77%', '100%', '100%', '100%']  memcached=77.4%
[monitor] ['75%', '100%', '100%', '100%']  memcached=75.0%
[monitor] ['72%', '100%', '100%', '100%']  memcached=72.4%
[monitor] ['71%', '100%', '100%', '100%']  memcached=71.4%
[monitor] ['81%', '100%', '100%', '100%']  memcached=80.6%
[monitor] ['78%', '100%', '100%', '100%']  memcached=78.1%
[monitor] ['79%', '100%', '100%', '100%']  memcached=79.3%
[monitor] ['76%', '100%', '100%', '100%']  memcached=75.9%
[monitor] ['76%', '100%', '100%', '100%']  memcached=75.9%
[monitor] ['78%', '100%', '100%', '100%']  memcached=78.1%
[monitor] ['77%', '100%', '100%', '100%']  memcached=77.4%
[monitor] ['85%', '100%', '100%', '100%']  memcached=84.8%
[monitor] ['77%', '100%', '100%', '100%']  memcached=76.7%
[monitor] ['79%', '100%', '100%', '100%']  memcached=79.3%
[monitor] ['76%', '100%', '100%', '100%']  memcached=75.9%
[monitor] ['76%', '100%', '100%', '100%']  memcached=75.9%
[monitor] ['15%', '100%', '100%', '100%']  memcached=15.0%
[monitor] ['32%', '100%', '100%', '100%']  memcached=31.8%
[monitor] ['27%', '100%', '100%', '100%']  memcached=27.3%
[monitor] ['30%', '39%', '54%', '100%']  memcached=30.4%
[monitor] ['25%', '84%', '3%', '22%']  memcached=25.0%
[monitor] ['26%', '100%', '5%', '0%']  memcached=26.1%
[monitor] ['28%', '100%', '3%', '0%']  memcached=28.0%
[monitor] ['17%', '100%', '3%', '0%']  memcached=17.4%
[monitor] ['22%', '100%', '0%', '0%']  memcached=21.7%
[monitor] ['22%', '100%', '5%', '3%']  memcached=21.7%
[monitor] ['17%', '3%', '0%', '100%']  memcached=17.4%
[monitor] ['25%', '0%', '0%', '100%']  memcached=25.0%
[monitor] ['78%', '6%', '6%', '100%']  memcached=78.1%
[monitor] ['92%', '9%', '3%', '100%']  memcached=92.1%
[MEMCACHED] cores updated to: ['0', '3']
[blackscholes] cores updated to: [1, 2]
[monitor] ['55%', '6%', '100%', '60%']  memcached=115.2%
[monitor] ['72%', '49%', '82%', '76%']  memcached=148.3%
[blackscholes] ended.
[canneal] started on cores: [1, 2] with 3 threads.
[monitor] ['62%', '70%', '54%', '61%']  memcached=123.2%
[monitor] ['63%', '72%', '49%', '69%']  memcached=132.1%
[monitor] ['66%', '64%', '53%', '66%']  memcached=131.1%
[monitor] ['72%', '10%', '100%', '73%']  memcached=144.6%
[monitor] ['76%', '7%', '100%', '76%']  memcached=152.2%
[monitor] ['72%', '9%', '100%', '70%']  memcached=141.6%
[monitor] ['73%', '7%', '100%', '75%']  memcached=147.7%
[monitor] ['76%', '7%', '100%', '72%']  memcached=148.3%
[monitor] ['72%', '10%', '100%', '73%']  memcached=144.6%
[monitor] ['77%', '9%', '100%', '67%']  memcached=143.8%
[monitor] ['73%', '6%', '100%', '69%']  memcached=141.5%
[monitor] ['79%', '10%', '100%', '75%']  memcached=154.4%
[monitor] ['71%', '6%', '100%', '70%']  memcached=140.7%
[monitor] ['77%', '10%', '100%', '82%']  memcached=159.5%
[monitor] ['79%', '55%', '100%', '76%']  memcached=154.5%
[monitor] ['75%', '13%', '100%', '72%']  memcached=146.9%
[monitor] ['41%', '3%', '100%', '42%']  memcached=83.0%
[monitor] ['43%', '12%', '100%', '36%']  memcached=78.9%
[MEMCACHED] cores updated to: ['0']
[canneal] cores updated to: [1, 2, 3]
[monitor] ['100%', '6%', '100%', '3%']  memcached=100.0%
[MEMCACHED] cores updated to: ['0', '1', '2']
[canneal] cores updated to: [3]
[monitor] ['28%', '28%', '21%', '100%']  memcached=75.9%
[MEMCACHED] cores updated to: ['0']
[canneal] cores updated to: [1, 2, 3]
[monitor] ['72%', '100%', '8%', '0%']  memcached=72.4%
[monitor] ['79%', '100%', '3%', '3%']  memcached=78.8%
[monitor] ['84%', '100%', '3%', '3%']  memcached=83.9%
[monitor] ['78%', '100%', '3%', '3%']  memcached=78.1%
[monitor] ['73%', '100%', '8%', '0%']  memcached=73.3%
[monitor] ['77%', '100%', '3%', '6%']  memcached=77.4%
[monitor] ['82%', '29%', '3%', '84%']  memcached=82.4%
[monitor] ['81%', '6%', '3%', '100%']  memcached=81.2%
[monitor] ['77%', '9%', '44%', '100%']  memcached=76.7%
[monitor] ['78%', '3%', '3%', '100%']  memcached=78.1%
[monitor] ['74%', '6%', '0%', '100%']  memcached=74.2%
[monitor] ['77%', '6%', '3%', '100%']  memcached=77.4%
[monitor] ['92%', '0%', '0%', '100%']  memcached=91.9%
[MEMCACHED] cores updated to: ['0', '3']
[canneal] cores updated to: [1, 2]
[monitor] ['30%', '3%', '100%', '31%']  memcached=60.4%
[MEMCACHED] cores updated to: ['0']
[canneal] cores updated to: [1, 2, 3]
[monitor] ['91%', '3%', '100%', '6%']  memcached=91.4%
[MEMCACHED] cores updated to: ['0', '1']
[canneal] cores updated to: [2, 3]
[monitor] ['32%', '31%', '100%', '6%']  memcached=62.8%
[MEMCACHED] cores updated to: ['0']
[canneal] cores updated to: [1, 2, 3]
[monitor] ['91%', '6%', '100%', '3%']  memcached=91.4%
[MEMCACHED] cores updated to: ['0', '2']
[canneal] cores updated to: [1, 3]
[monitor] ['39%', '24%', '25%', '82%']  memcached=64.3%
[MEMCACHED] cores updated to: ['0']
[canneal] cores updated to: [1, 2, 3]
[monitor] ['68%', '100%', '8%', '3%']  memcached=67.9%
[monitor] ['82%', '100%', '3%', '6%']  memcached=82.4%
[monitor] ['100%', '100%', '6%', '3%']  memcached=100.0%
[MEMCACHED] cores updated to: ['0', '1', '3']
[canneal] cores updated to: [2]
[monitor] ['100%', '95%', '100%', '100%']  memcached=294.7%
[monitor] ['85%', '86%', '100%', '86%']  memcached=258.3%
[monitor] ['70%', '71%', '100%', '68%']  memcached=208.0%
[monitor] ['83%', '74%', '100%', '68%']  memcached=224.8%
[monitor] ['76%', '71%', '100%', '72%']  memcached=218.6%
[monitor] ['72%', '70%', '100%', '71%']  memcached=212.2%
[monitor] ['74%', '70%', '100%', '68%']  memcached=211.0%
[monitor] ['74%', '66%', '100%', '70%']  memcached=208.9%
[monitor] ['69%', '69%', '100%', '67%']  memcached=204.9%
[monitor] ['79%', '77%', '100%', '73%']  memcached=228.7%
[monitor] ['66%', '58%', '100%', '52%']  memcached=174.9%
[monitor] ['5%', '0%', '100%', '0%']  memcached=5.3%
[MEMCACHED] cores updated to: ['0']
[canneal] cores updated to: [1, 2, 3]
[monitor] ['6%', '3%', '100%', '3%']  memcached=5.7%
[monitor] ['3%', '3%', '100%', '0%']  memcached=2.9%
[monitor] ['0%', '0%', '100%', '0%']  memcached=0.0%
[monitor] ['6%', '0%', '100%', '0%']  memcached=5.7%
[monitor] ['3%', '0%', '100%', '0%']  memcached=2.9%
[monitor] ['8%', '0%', '100%', '3%']  memcached=8.3%
[monitor] ['6%', '0%', '100%', '0%']  memcached=5.7%
[monitor] ['3%', '0%', '100%', '3%']  memcached=2.9%
[monitor] ['3%', '0%', '100%', '0%']  memcached=2.9%
[monitor] ['6%', '0%', '100%', '0%']  memcached=5.6%
[monitor] ['8%', '5%', '100%', '3%']  memcached=8.3%
[monitor] ['6%', '0%', '100%', '3%']  memcached=6.5%
[monitor] ['4%', '3%', '100%', '5%']  memcached=3.7%
[monitor] ['4%', '3%', '100%', '0%']  memcached=3.6%
[monitor] ['30%', '0%', '100%', '0%']  memcached=29.6%
[monitor] ['7%', '3%', '100%', '3%']  memcached=6.9%
[monitor] ['7%', '3%', '100%', '0%']  memcached=7.1%
[monitor] ['3%', '3%', '100%', '0%']  memcached=3.4%
[monitor] ['7%', '0%', '100%', '0%']  memcached=6.9%
[monitor] ['4%', '0%', '100%', '0%']  memcached=3.7%
[monitor] ['7%', '5%', '100%', '0%']  memcached=6.9%
[monitor] ['7%', '0%', '100%', '0%']  memcached=6.9%
[monitor] ['7%', '5%', '100%', '3%']  memcached=6.9%
[monitor] ['3%', '0%', '100%', '0%']  memcached=3.2%
[monitor] ['6%', '3%', '100%', '0%']  memcached=5.9%
[monitor] ['3%', '0%', '100%', '3%']  memcached=3.0%
[monitor] ['6%', '0%', '100%', '0%']  memcached=5.9%
[monitor] ['3%', '5%', '100%', '0%']  memcached=2.9%
[monitor] ['6%', '3%', '100%', '3%']  memcached=5.9%
[monitor] ['6%', '3%', '100%', '0%']  memcached=5.9%
[monitor] ['3%', '5%', '100%', '3%']  memcached=3.1%
[monitor] ['6%', '0%', '100%', '0%']  memcached=5.9%
[monitor] ['3%', '3%', '100%', '0%']  memcached=3.0%
[monitor] ['6%', '0%', '100%', '0%']  memcached=5.9%
[monitor] ['3%', '0%', '100%', '3%']  memcached=3.0%
[monitor] ['6%', '0%', '100%', '0%']  memcached=5.9%
[monitor] ['81%', '3%', '100%', '3%']  memcached=81.2%
[monitor] ['85%', '11%', '100%', '6%']  memcached=85.3%
[MEMCACHED] cores updated to: ['0', '2']
[canneal] cores updated to: [1, 3]
[monitor] ['47%', '100%', '46%', '3%']  memcached=93.1%
[monitor] ['26%', '100%', '30%', '6%']  memcached=55.6%
[MEMCACHED] cores updated to: ['0']
[canneal] cores updated to: [1, 2, 3]
[monitor] ['56%', '12%', '0%', '93%']  memcached=55.6%
[monitor] ['58%', '3%', '3%', '100%']  memcached=57.7%
[monitor] ['56%', '6%', '0%', '100%']  memcached=56.0%
[monitor] ['71%', '3%', '3%', '100%']  memcached=71.0%
[monitor] ['56%', '9%', '0%', '100%']  memcached=56.0%
[monitor] ['56%', '9%', '3%', '95%']  memcached=55.6%
[monitor] ['52%', '100%', '3%', '3%']  memcached=52.0%
[monitor] ['56%', '100%', '8%', '0%']  memcached=56.0%
[monitor] ['11%', '100%', '3%', '0%']  memcached=10.7%
[monitor] ['10%', '100%', '3%', '3%']  memcached=9.7%
[monitor] ['3%', '100%', '3%', '0%']  memcached=3.4%
[monitor] ['3%', '100%', '3%', '0%']  memcached=3.4%
[monitor] ['7%', '100%', '3%', '0%']  memcached=6.7%
[monitor] ['10%', '100%', '0%', '0%']  memcached=9.7%
[monitor] ['7%', '100%', '3%', '0%']  memcached=6.7%
[monitor] ['3%', '100%', '5%', '0%']  memcached=3.4%
[monitor] ['3%', '100%', '0%', '0%']  memcached=3.3%
[monitor] ['10%', '100%', '5%', '0%']  memcached=9.7%
[monitor] ['4%', '100%', '3%', '0%']  memcached=3.6%
[monitor] ['7%', '100%', '5%', '5%']  memcached=7.4%
[monitor] ['62%', '100%', '8%', '6%']  memcached=62.5%
[monitor] ['100%', '73%', '3%', '40%']  memcached=100.0%
[MEMCACHED] cores updated to: ['0', '1', '3']
[canneal] cores updated to: [2]
[monitor] ['100%', '100%', '100%', '100%']  memcached=300.0%
[monitor] ['97%', '100%', '100%', '86%']  memcached=283.9%
[monitor] ['68%', '71%', '100%', '60%']  memcached=199.1%
[monitor] ['62%', '74%', '100%', '69%']  memcached=204.8%
[monitor] ['52%', '58%', '100%', '53%']  memcached=163.1%
[monitor] ['52%', '52%', '100%', '50%']  memcached=153.4%
[MEMCACHED] cores updated to: ['0', '3']
[canneal] cores updated to: [1, 2]
[monitor] ['79%', '7%', '100%', '76%']  memcached=155.2%
[monitor] ['84%', '13%', '100%', '78%']  memcached=162.3%
[monitor] ['78%', '6%', '100%', '74%']  memcached=152.3%
[monitor] ['79%', '7%', '100%', '73%']  memcached=151.7%
[monitor] ['42%', '6%', '100%', '41%']  memcached=83.0%
[monitor] ['9%', '3%', '100%', '7%']  memcached=16.0%
[MEMCACHED] cores updated to: ['0']
[canneal] cores updated to: [1, 2, 3]
[monitor] ['11%', '3%', '100%', '0%']  memcached=11.1%
[monitor] ['0%', '0%', '100%', '0%']  memcached=0.0%
[monitor] ['4%', '0%', '100%', '0%']  memcached=4.0%
[monitor] ['8%', '13%', '100%', '11%']  memcached=7.7%
[monitor] ['21%', '92%', '90%', '90%']  memcached=21.4%
[monitor] ['11%', '100%', '95%', '100%']  memcached=10.7%
[monitor] ['11%', '98%', '92%', '98%']  memcached=10.7%
[monitor] ['12%', '100%', '95%', '98%']  memcached=11.5%
[monitor] ['11%', '100%', '85%', '98%']  memcached=10.7%
[monitor] ['8%', '97%', '95%', '95%']  memcached=8.0%
[monitor] ['47%', '100%', '88%', '97%']  memcached=46.7%
[monitor] ['100%', '98%', '87%', '95%']  memcached=100.0%
[MEMCACHED] cores updated to: ['0', '2', '3']
[canneal] cores updated to: [1]
[monitor] ['77%', '100%', '74%', '78%']  memcached=228.5%
[monitor] ['48%', '100%', '39%', '40%']  memcached=127.7%
[MEMCACHED] cores updated to: ['0', '3']
[canneal] cores updated to: [1, 2]
[monitor] ['71%', '98%', '92%', '89%']  memcached=159.8%
[monitor] ['92%', '92%', '95%', '92%']  memcached=184.2%
[MEMCACHED] cores updated to: ['0', '1', '3']
[canneal] cores updated to: [2]
[monitor] ['46%', '47%', '100%', '47%']  memcached=139.8%
[MEMCACHED] cores updated to: ['0', '3']
[canneal] cores updated to: [1, 2]
[monitor] ['78%', '98%', '92%', '69%']  memcached=147.1%
[monitor] ['89%', '85%', '95%', '86%']  memcached=175.2%
[MEMCACHED] cores updated to: ['0', '2', '3']
[canneal] cores updated to: [1]
[monitor] ['52%', '100%', '45%', '65%']  memcached=161.1%
[monitor] ['45%', '100%', '38%', '43%']  memcached=125.6%
[MEMCACHED] cores updated to: ['0', '3']
[canneal] cores updated to: [1, 2]
[monitor] ['76%', '100%', '87%', '77%']  memcached=153.6%
[monitor] ['31%', '95%', '90%', '33%']  memcached=64.1%
[MEMCACHED] cores updated to: ['0']
[canneal] cores updated to: [3, 1, 2]
[monitor] ['85%', '100%', '93%', '97%']  memcached=85.3%
[MEMCACHED] cores updated to: ['0', '3']
[canneal] cores updated to: [1, 2]
[monitor] ['22%', '95%', '97%', '9%']  memcached=30.9%
[MEMCACHED] cores updated to: ['0']
[canneal] cores updated to: [3, 1, 2]
[monitor] ['89%', '100%', '92%', '95%']  memcached=88.9%
[MEMCACHED] cores updated to: ['0', '1']
[canneal] cores updated to: [3, 2]
[monitor] ['26%', '20%', '95%', '95%']  memcached=45.9%
[MEMCACHED] cores updated to: ['0']
[canneal] cores updated to: [3, 1, 2]
[monitor] ['85%', '100%', '85%', '92%']  memcached=84.8%
[monitor] ['73%', '100%', '92%', '95%']  memcached=73.3%
[monitor] ['82%', '100%', '74%', '95%']  memcached=81.8%
[monitor] ['67%', '100%', '92%', '98%']  memcached=66.7%
[monitor] ['92%', '87%', '95%', '82%']  memcached=91.9%
[MEMCACHED] cores updated to: ['0', '2']
[canneal] cores updated to: [3, 1]
[monitor] ['27%', '95%', '15%', '95%']  memcached=42.3%
[MEMCACHED] cores updated to: ['0']
[canneal] cores updated to: [3, 1, 2]
[monitor] ['39%', '100%', '95%', '95%']  memcached=39.3%
[monitor] ['4%', '98%', '95%', '97%']  memcached=3.7%
[monitor] ['14%', '100%', '95%', '100%']  memcached=14.3%
[monitor] ['4%', '100%', '95%', '100%']  memcached=3.8%
[monitor] ['11%', '98%', '95%', '97%']  memcached=10.7%
[monitor] ['13%', '100%', '95%', '98%']  memcached=13.3%
[monitor] ['27%', '100%', '95%', '100%']  memcached=27.3%
[monitor] ['11%', '100%', '95%', '98%']  memcached=10.7%
[monitor] ['7%', '100%', '97%', '98%']  memcached=7.1%
[monitor] ['19%', '100%', '95%', '100%']  memcached=18.8%
[monitor] ['11%', '90%', '97%', '90%']  memcached=11.1%
[monitor] ['11%', '95%', '98%', '95%']  memcached=11.1%
[monitor] ['27%', '98%', '95%', '95%']  memcached=26.7%
[monitor] ['100%', '100%', '90%', '95%']  memcached=100.0%
[MEMCACHED] cores updated to: ['0', '1', '3']
[canneal] cores updated to: [2]
[monitor] ['92%', '89%', '100%', '87%']  memcached=268.3%
[monitor] ['54%', '50%', '100%', '48%']  memcached=151.7%
[MEMCACHED] cores updated to: ['0', '3']
[canneal] cores updated to: [1, 2]
[monitor] ['89%', '92%', '93%', '85%']  memcached=173.7%
[MEMCACHED] cores updated to: ['0', '2', '3']
[canneal] cores updated to: [1]
[monitor] ['55%', '100%', '43%', '53%']  memcached=151.0%
[MEMCACHED] cores updated to: ['0', '3']
[canneal] cores updated to: [2, 1]
[monitor] ['97%', '82%', '98%', '97%']  memcached=194.8%
[MEMCACHED] cores updated to: ['0', '2', '3']
[canneal] cores updated to: [1]
[monitor] ['65%', '100%', '57%', '60%']  memcached=181.2%
[monitor] ['63%', '100%', '48%', '57%']  memcached=168.6%
[monitor] ['76%', '100%', '66%', '57%']  memcached=198.5%
[monitor] ['60%', '100%', '44%', '62%']  memcached=166.9%
[monitor] ['74%', '100%', '59%', '63%']  memcached=196.2%
[monitor] ['43%', '100%', '32%', '46%']  memcached=121.9%
[MEMCACHED] cores updated to: ['0', '3']
[canneal] cores updated to: [2, 1]
[monitor] ['46%', '95%', '95%', '40%']  memcached=86.4%
[monitor] ['58%', '97%', '95%', '48%']  memcached=106.3%
[monitor] ['46%', '95%', '95%', '50%']  memcached=96.4%
[monitor] ['59%', '97%', '84%', '68%']  memcached=126.4%
[monitor] ['57%', '100%', '90%', '44%']  memcached=101.1%
[monitor] ['60%', '92%', '92%', '55%']  memcached=115.2%
[monitor] ['65%', '92%', '95%', '61%']  memcached=125.2%
[monitor] ['60%', '95%', '97%', '53%']  memcached=113.3%
[monitor] ['54%', '97%', '95%', '46%']  memcached=99.7%
[monitor] ['48%', '100%', '90%', '68%']  memcached=115.9%
[monitor] ['55%', '100%', '97%', '59%']  memcached=113.5%
[monitor] ['68%', '95%', '98%', '73%']  memcached=140.5%
[monitor] ['97%', '88%', '93%', '100%']  memcached=197.4%
[MEMCACHED] cores updated to: ['0', '1', '3']
[canneal] cores updated to: [2]
[monitor] ['95%', '92%', '100%', '86%']  memcached=273.7%
[monitor] ['79%', '79%', '100%', '72%']  memcached=230.1%
[monitor] ['90%', '83%', '100%', '78%']  memcached=251.2%
[monitor] ['100%', '100%', '100%', '97%']  memcached=297.4%
[monitor] ['83%', '92%', '100%', '89%']  memcached=264.6%
[monitor] ['86%', '85%', '100%', '82%']  memcached=252.1%
[monitor] ['87%', '89%', '100%', '78%']  memcached=254.4%
[monitor] ['92%', '82%', '100%', '74%']  memcached=248.7%
[monitor] ['95%', '90%', '100%', '84%']  memcached=268.3%
[monitor] ['89%', '86%', '100%', '83%']  memcached=257.5%
[monitor] ['59%', '59%', '100%', '48%']  memcached=166.6%
[monitor] ['16%', '12%', '100%', '6%']  memcached=34.4%
[MEMCACHED] cores updated to: ['0']
[canneal] cores updated to: [2, 1, 3]
[monitor] ['23%', '100%', '92%', '95%']  memcached=23.1%
[monitor] ['8%', '100%', '90%', '98%']  memcached=8.0%
[monitor] ['22%', '95%', '98%', '95%']  memcached=22.2%
[monitor] ['13%', '100%', '95%', '100%']  memcached=13.0%
[monitor] ['12%', '100%', '95%', '98%']  memcached=12.0%
[monitor] ['8%', '100%', '95%', '98%']  memcached=8.0%
[monitor] ['12%', '100%', '88%', '98%']  memcached=12.5%
[monitor] ['16%', '98%', '95%', '98%']  memcached=16.0%
[monitor] ['4%', '100%', '98%', '95%']  memcached=4.3%
[monitor] ['4%', '98%', '93%', '98%']  memcached=4.2%
[monitor] ['22%', '100%', '95%', '97%']  memcached=22.2%
[monitor] ['100%', '100%', '62%', '90%']  memcached=100.0%
[MEMCACHED] cores updated to: ['0', '2', '3']
[canneal] cores updated to: [1]
[monitor] ['89%', '100%', '86%', '93%']  memcached=267.9%
[monitor] ['62%', '100%', '48%', '61%']  memcached=172.1%
[monitor] ['86%', '100%', '79%', '69%']  memcached=233.3%
[monitor] ['86%', '100%', '60%', '68%']  memcached=213.9%
[monitor] ['70%', '100%', '57%', '60%']  memcached=186.4%
[monitor] ['74%', '100%', '58%', '67%']  memcached=198.3%
[monitor] ['75%', '100%', '62%', '69%']  memcached=206.5%
[monitor] ['76%', '100%', '63%', '76%']  memcached=215.6%
[monitor] ['61%', '100%', '52%', '62%']  memcached=175.5%
[monitor] ['82%', '100%', '65%', '69%']  memcached=215.1%
[monitor] ['73%', '100%', '61%', '69%']  memcached=202.8%
[monitor] ['61%', '100%', '50%', '55%']  memcached=166.5%
[monitor] ['53%', '100%', '41%', '54%']  memcached=147.6%
[MEMCACHED] cores updated to: ['0', '3']
[canneal] cores updated to: [2, 1]
[monitor] ['95%', '84%', '95%', '95%']  memcached=189.5%
[MEMCACHED] cores updated to: ['0', '1', '3']
[canneal] cores updated to: [2]
[monitor] ['69%', '64%', '100%', '57%']  memcached=189.1%
[monitor] ['57%', '71%', '100%', '66%']  memcached=192.8%
[monitor] ['66%', '84%', '100%', '76%']  memcached=225.9%
[monitor] ['68%', '70%', '100%', '60%']  memcached=197.3%
[monitor] ['70%', '67%', '100%', '61%']  memcached=197.7%
[monitor] ['62%', '61%', '100%', '59%']  memcached=182.4%
[monitor] ['62%', '81%', '100%', '76%']  memcached=218.8%
[monitor] ['62%', '72%', '100%', '69%']  memcached=202.7%
[monitor] ['61%', '77%', '100%', '73%']  memcached=210.6%
[monitor] ['80%', '83%', '100%', '75%']  memcached=237.9%
[monitor] ['86%', '89%', '100%', '82%']  memcached=258.0%
[monitor] ['86%', '84%', '100%', '77%']  memcached=247.0%
[monitor] ['92%', '95%', '100%', '92%']  memcached=278.6%
[monitor] ['85%', '83%', '100%', '74%']  memcached=241.9%
[monitor] ['92%', '80%', '100%', '79%']  memcached=250.9%
[monitor] ['73%', '73%', '100%', '69%']  memcached=214.2%
[monitor] ['74%', '75%', '100%', '67%']  memcached=216.0%
[monitor] ['79%', '79%', '100%', '73%']  memcached=230.9%
[monitor] ['77%', '74%', '100%', '72%']  memcached=223.3%
[monitor] ['78%', '81%', '100%', '76%']  memcached=234.6%
[monitor] ['78%', '78%', '100%', '72%']  memcached=227.8%
[monitor] ['46%', '35%', '100%', '32%']  memcached=113.7%
[MEMCACHED] cores updated to: ['0', '3']
[canneal] cores updated to: [2, 1]
[monitor] ['17%', '95%', '92%', '8%']  memcached=25.2%
[MEMCACHED] cores updated to: ['0']
[canneal] cores updated to: [2, 1, 3]
[monitor] ['66%', '98%', '95%', '95%']  memcached=65.5%
[monitor] ['23%', '98%', '92%', '97%']  memcached=22.7%
[monitor] ['33%', '100%', '95%', '95%']  memcached=33.3%
[monitor] ['32%', '98%', '98%', '95%']  memcached=31.8%
[monitor] ['19%', '100%', '93%', '98%']  memcached=19.0%
[monitor] ['52%', '97%', '87%', '95%']  memcached=52.0%
[monitor] ['36%', '100%', '98%', '95%']  memcached=36.0%
[monitor] ['35%', '98%', '92%', '95%']  memcached=34.8%
[monitor] ['19%', '97%', '95%', '97%']  memcached=19.0%
[monitor] ['27%', '100%', '95%', '95%']  memcached=27.3%
[monitor] ['32%', '90%', '95%', '87%']  memcached=32.0%
[monitor] ['11%', '98%', '92%', '98%']  memcached=11.1%
[monitor] ['17%', '100%', '95%', '98%']  memcached=16.7%
[monitor] ['11%', '100%', '92%', '98%']  memcached=11.1%
[monitor] ['8%', '98%', '92%', '98%']  memcached=8.0%
[monitor] ['21%', '95%', '95%', '95%']  memcached=21.4%
[monitor] ['12%', '92%', '100%', '92%']  memcached=11.5%
[monitor] ['14%', '95%', '93%', '92%']  memcached=14.3%
[monitor] ['7%', '100%', '95%', '98%']  memcached=7.1%
[monitor] ['11%', '98%', '92%', '98%']  memcached=11.1%
[monitor] ['8%', '98%', '95%', '95%']  memcached=7.7%
[monitor] ['11%', '100%', '90%', '98%']  memcached=11.1%
[monitor] ['41%', '100%', '92%', '100%']  memcached=41.4%
[monitor] ['100%', '98%', '95%', '95%']  memcached=100.0%
[MEMCACHED] cores updated to: ['0', '2', '3']
[canneal] cores updated to: [1]
[monitor] ['64%', '100%', '55%', '62%']  memcached=181.3%
[monitor] ['43%', '100%', '34%', '41%']  memcached=118.7%
[MEMCACHED] cores updated to: ['0', '3']
[canneal] cores updated to: [2, 1]
[monitor] ['81%', '95%', '98%', '83%']  memcached=163.4%
[monitor] ['61%', '95%', '92%', '60%']  memcached=121.3%
[monitor] ['79%', '90%', '92%', '79%']  memcached=158.8%
[monitor] ['76%', '95%', '90%', '76%']  memcached=151.5%
[monitor] ['69%', '95%', '90%', '68%']  memcached=136.5%
[monitor] ['82%', '95%', '98%', '77%']  memcached=159.0%
[monitor] ['73%', '97%', '95%', '67%']  memcached=139.4%
[monitor] ['82%', '90%', '98%', '75%']  memcached=156.8%
[monitor] ['62%', '98%', '90%', '57%']  memcached=119.2%
[monitor] ['50%', '90%', '97%', '38%']  memcached=88.5%
[monitor] ['58%', '90%', '97%', '40%']  memcached=98.1%
[monitor] ['37%', '95%', '95%', '37%']  memcached=74.1%
[MEMCACHED] cores updated to: ['0']
[canneal] cores updated to: [2, 1, 3]
[monitor] ['95%', '98%', '95%', '98%']  memcached=94.9%
[MEMCACHED] cores updated to: ['0', '1']
[canneal] cores updated to: [2, 3]
[monitor] ['36%', '35%', '95%', '95%']  memcached=70.3%
[MEMCACHED] cores updated to: ['0']
[canneal] cores updated to: [2, 1, 3]
[monitor] ['85%', '100%', '85%', '95%']  memcached=85.3%
[MEMCACHED] cores updated to: ['0', '3']
[canneal] cores updated to: [2, 1]
[monitor] ['31%', '95%', '97%', '32%']  memcached=62.8%
[MEMCACHED] cores updated to: ['0']
[canneal] cores updated to: [2, 1, 3]
[monitor] ['92%', '98%', '90%', '98%']  memcached=91.9%
[MEMCACHED] cores updated to: ['0', '2']
[canneal] cores updated to: [1, 3]
[monitor] ['52%', '97%', '50%', '97%']  memcached=101.7%
[monitor] ['26%', '95%', '25%', '98%']  memcached=51.1%
[MEMCACHED] cores updated to: ['0']
[canneal] cores updated to: [2, 1, 3]
[monitor] ['89%', '98%', '92%', '92%']  memcached=88.6%
[MEMCACHED] cores updated to: ['0', '1']
[canneal] cores updated to: [2, 3]
[monitor] ['89%', '83%', '90%', '97%']  memcached=172.2%
[MEMCACHED] cores updated to: ['0', '1', '3']
[canneal] cores updated to: [2]
[monitor] ['66%', '80%', '100%', '70%']  memcached=215.3%
[monitor] ['59%', '57%', '100%', '52%']  memcached=167.0%
[monitor] ['57%', '62%', '100%', '52%']  memcached=171.0%
[monitor] ['57%', '59%', '100%', '52%']  memcached=167.8%
[monitor] ['52%', '55%', '100%', '41%']  memcached=147.3%
[MEMCACHED] cores updated to: ['0', '3']
[canneal] cores updated to: [2, 1]
[monitor] ['81%', '97%', '92%', '82%']  memcached=162.9%
[monitor] ['78%', '90%', '87%', '92%']  memcached=169.7%
[monitor] ['89%', '92%', '95%', '90%']  memcached=178.9%
[MEMCACHED] cores updated to: ['0', '2', '3']
[canneal] cores updated to: [1]
[monitor] ['60%', '100%', '53%', '55%']  memcached=168.5%
[monitor] ['55%', '100%', '45%', '53%']  memcached=153.3%
[MEMCACHED] cores updated to: ['0', '3']
[canneal] cores updated to: [2, 1]
[monitor] ['50%', '92%', '98%', '47%']  memcached=96.9%
[monitor] ['17%', '85%', '92%', '9%']  memcached=26.0%
[MEMCACHED] cores updated to: ['0']
[canneal] cores updated to: [2, 1, 3]
[monitor] ['11%', '100%', '92%', '98%']  memcached=11.1%
[monitor] ['8%', '98%', '95%', '98%']  memcached=8.0%
[monitor] ['11%', '100%', '92%', '97%']  memcached=10.7%
[monitor] ['12%', '98%', '92%', '95%']  memcached=11.5%
[monitor] ['8%', '100%', '95%', '98%']  memcached=7.7%
[monitor] ['14%', '100%', '92%', '100%']  memcached=13.8%
[monitor] ['14%', '100%', '95%', '98%']  memcached=14.3%
[monitor] ['4%', '98%', '98%', '95%']  memcached=4.2%
[monitor] ['8%', '98%', '95%', '100%']  memcached=7.7%
[monitor] ['14%', '98%', '95%', '95%']  memcached=14.3%
[monitor] ['20%', '95%', '82%', '92%']  memcached=20.0%
[monitor] ['26%', '98%', '97%', '95%']  memcached=26.1%
[monitor] ['17%', '100%', '95%', '98%']  memcached=17.4%
[monitor] ['52%', '89%', '95%', '86%']  memcached=52.0%
[monitor] ['18%', '100%', '92%', '98%']  memcached=18.2%
[monitor] ['22%', '98%', '97%', '98%']  memcached=21.7%
[monitor] ['42%', '100%', '87%', '97%']  memcached=42.3%
[monitor] ['17%', '100%', '93%', '95%']  memcached=17.4%
[monitor] ['30%', '98%', '95%', '95%']  memcached=30.4%
[monitor] ['18%', '100%', '95%', '98%']  memcached=18.2%
[monitor] ['22%', '100%', '95%', '97%']  memcached=21.7%
[monitor] ['38%', '100%', '82%', '97%']  memcached=37.5%
[monitor] ['25%', '98%', '95%', '95%']  memcached=25.0%
[monitor] ['92%', '100%', '87%', '95%']  memcached=92.1%
[MEMCACHED] cores updated to: ['0', '1']
[canneal] cores updated to: [2, 3]
[monitor] ['100%', '100%', '79%', '95%']  memcached=200.0%
[MEMCACHED] cores updated to: ['0', '1', '3']
[canneal] cores updated to: [2]
[monitor] ['100%', '98%', '100%', '100%']  memcached=297.6%
[monitor] ['98%', '100%', '100%', '95%']  memcached=292.5%
[monitor] ['100%', '100%', '100%', '100%']  memcached=300.0%
[monitor] ['95%', '100%', '100%', '100%']  memcached=294.9%
[monitor] ['92%', '100%', '100%', '95%']  memcached=287.3%
[monitor] ['85%', '89%', '100%', '83%']  memcached=257.4%
[monitor] ['81%', '84%', '100%', '76%']  memcached=240.0%
[monitor] ['90%', '90%', '100%', '86%']  memcached=266.1%
[monitor] ['78%', '85%', '100%', '78%']  memcached=240.2%
[monitor] ['81%', '82%', '100%', '78%']  memcached=241.0%
[monitor] ['9%', '3%', '100%', '6%']  memcached=19.2%
[MEMCACHED] cores updated to: ['0']
[canneal] cores updated to: [2, 1, 3]
[monitor] ['47%', '85%', '95%', '85%']  memcached=46.7%
[monitor] ['32%', '98%', '95%', '98%']  memcached=32.1%
[monitor] ['34%', '100%', '97%', '97%']  memcached=34.5%
[monitor] ['33%', '95%', '90%', '92%']  memcached=33.3%
[monitor] ['28%', '93%', '97%', '92%']  memcached=28.0%
[monitor] ['17%', '100%', '95%', '95%']  memcached=17.4%
[monitor] ['10%', '98%', '92%', '97%']  memcached=9.5%
[monitor] ['17%', '100%', '95%', '98%']  memcached=16.7%
[monitor] ['14%', '98%', '92%', '95%']  memcached=13.6%
[monitor] ['29%', '100%', '88%', '90%']  memcached=29.2%
[monitor] ['17%', '100%', '97%', '97%']  memcached=16.7%
[monitor] ['78%', '100%', '88%', '95%']  memcached=78.1%
[monitor] ['82%', '100%', '92%', '98%']  memcached=81.8%
[monitor] ['85%', '98%', '95%', '95%']  memcached=84.8%
[monitor] ['88%', '98%', '85%', '90%']  memcached=88.2%
[MEMCACHED] cores updated to: ['0', '2']
[canneal] cores updated to: [1, 3]
[monitor] ['21%', '95%', '18%', '97%']  memcached=39.6%
[MEMCACHED] cores updated to: ['0']
[canneal] cores updated to: [2, 1, 3]
[monitor] ['82%', '98%', '92%', '95%']  memcached=82.4%
[monitor] ['81%', '100%', '93%', '97%']  memcached=80.6%
[monitor] ['84%', '100%', '97%', '95%']  memcached=84.4%
[monitor] ['94%', '98%', '78%', '92%']  memcached=94.1%
[MEMCACHED] cores updated to: ['0', '1']
[canneal] cores updated to: [2, 3]
[monitor] ['36%', '36%', '98%', '92%']  memcached=71.7%
[MEMCACHED] cores updated to: ['0']
[canneal] cores updated to: [2, 1, 3]
[monitor] ['85%', '100%', '85%', '95%']  memcached=85.3%
[MEMCACHED] cores updated to: ['0', '3']
[canneal] cores updated to: [2, 1]
[monitor] ['27%', '95%', '95%', '32%']  memcached=58.9%
[MEMCACHED] cores updated to: ['0']
[canneal] cores updated to: [2, 1, 3]
[monitor] ['12%', '100%', '92%', '98%']  memcached=11.8%
[monitor] ['14%', '98%', '95%', '97%']  memcached=14.3%
[monitor] ['19%', '97%', '95%', '98%']  memcached=19.4%
[monitor] ['9%', '98%', '95%', '95%']  memcached=9.4%
[monitor] ['14%', '98%', '95%', '98%']  memcached=14.3%
[monitor] ['18%', '98%', '95%', '95%']  memcached=17.6%
[monitor] ['17%', '100%', '95%', '98%']  memcached=16.7%
[monitor] ['12%', '98%', '95%', '98%']  memcached=11.8%
[monitor] ['14%', '98%', '95%', '98%']  memcached=14.3%
[monitor] ['19%', '95%', '95%', '92%']  memcached=19.4%
[monitor] ['24%', '100%', '92%', '100%']  memcached=24.3%
[monitor] ['17%', '98%', '95%', '95%']  memcached=16.7%
[monitor] ['52%', '97%', '98%', '92%']  memcached=51.9%
[monitor] ['42%', '98%', '95%', '98%']  memcached=41.7%
[monitor] ['62%', '98%', '92%', '92%']  memcached=61.5%
[monitor] ['38%', '100%', '90%', '98%']  memcached=37.5%
[monitor] ['50%', '100%', '92%', '95%']  memcached=50.0%
[monitor] ['29%', '100%', '92%', '97%']  memcached=28.6%
[monitor] ['38%', '95%', '95%', '95%']  memcached=37.5%
[monitor] ['32%', '100%', '95%', '95%']  memcached=31.8%
[monitor] ['32%', '100%', '90%', '98%']  memcached=31.8%
[monitor] ['62%', '92%', '95%', '90%']  memcached=61.5%
[monitor] ['42%', '100%', '95%', '95%']  memcached=41.7%
[monitor] ['52%', '98%', '74%', '95%']  memcached=51.9%
[monitor] ['92%', '87%', '97%', '82%']  memcached=91.9%
[MEMCACHED] cores updated to: ['0', '2']
[canneal] cores updated to: [1, 3]
[monitor] ['40%', '97%', '52%', '97%']  memcached=91.9%
[monitor] ['62%', '98%', '74%', '98%']  memcached=136.7%
[monitor] ['31%', '98%', '42%', '95%']  memcached=73.3%
[MEMCACHED] cores updated to: ['0']
[canneal] cores updated to: [2, 1, 3]
[monitor] ['85%', '98%', '87%', '98%']  memcached=85.3%
[MEMCACHED] cores updated to: ['0', '1']
[canneal] cores updated to: [2, 3]
[monitor] ['36%', '38%', '92%', '95%']  memcached=74.2%
[MEMCACHED] cores updated to: ['0']
[canneal] cores updated to: [2, 1, 3]
[monitor] ['89%', '98%', '90%', '95%']  memcached=88.9%
[MEMCACHED] cores updated to: ['0', '3']
[canneal] cores updated to: [2, 1]
[monitor] ['41%', '92%', '95%', '33%']  memcached=74.7%
[MEMCACHED] cores updated to: ['0']
[canneal] cores updated to: [2, 1, 3]
[monitor] ['97%', '98%', '90%', '98%']  memcached=97.3%
[MEMCACHED] cores updated to: ['0', '1', '2']
[canneal] cores updated to: [3]
[monitor] ['23%', '18%', '8%', '100%']  memcached=49.2%
[MEMCACHED] cores updated to: ['0']
[canneal] cores updated to: [2, 1, 3]
[monitor] ['80%', '98%', '92%', '95%']  memcached=80.0%
[monitor] ['35%', '98%', '90%', '97%']  memcached=35.5%
[monitor] ['17%', '100%', '82%', '98%']  memcached=16.7%
[monitor] ['18%', '100%', '90%', '98%']  memcached=18.2%
[monitor] ['13%', '100%', '95%', '98%']  memcached=12.9%
[monitor] ['12%', '100%', '92%', '98%']  memcached=12.5%
[monitor] ['10%', '100%', '88%', '100%']  memcached=10.0%
[monitor] ['7%', '100%', '90%', '98%']  memcached=6.9%
[monitor] ['3%', '100%', '92%', '98%']  memcached=3.4%
[monitor] ['7%', '100%', '95%', '98%']  memcached=6.9%
[monitor] ['13%', '98%', '92%', '97%']  memcached=13.3%
[monitor] ['15%', '100%', '92%', '100%']  memcached=15.2%
[monitor] ['10%', '98%', '92%', '100%']  memcached=10.0%
[monitor] ['50%', '100%', '92%', '98%']  memcached=50.0%
[monitor] ['100%', '100%', '85%', '93%']  memcached=100.0%
[MEMCACHED] cores updated to: ['0', '2', '3']
[canneal] cores updated to: [1]
[monitor] ['76%', '100%', '74%', '78%']  memcached=228.9%
[monitor] ['53%', '100%', '50%', '50%']  memcached=153.3%
[MEMCACHED] cores updated to: ['0', '3']
[canneal] cores updated to: [2, 1]
[monitor] ['74%', '92%', '92%', '89%']  memcached=163.8%
[monitor] ['82%', '89%', '95%', '95%']  memcached=177.1%
[MEMCACHED] cores updated to: ['0', '1', '3']
[canneal] cores updated to: [2]
[monitor] ['65%', '64%', '100%', '57%']  memcached=184.8%
[monitor] ['58%', '50%', '100%', '44%']  memcached=152.5%
[MEMCACHED] cores updated to: ['0', '3']
[canneal] cores updated to: [2, 1]
[monitor] ['83%', '90%', '95%', '86%']  memcached=169.0%
[monitor] ['83%', '98%', '77%', '69%']  memcached=152.1%
[monitor] ['83%', '92%', '92%', '83%']  memcached=166.7%
[monitor] ['74%', '95%', '79%', '76%']  memcached=149.3%
[monitor] ['82%', '98%', '82%', '68%']  memcached=149.6%
[monitor] ['82%', '95%', '90%', '66%']  memcached=148.0%
[monitor] ['79%', '95%', '97%', '72%']  memcached=150.7%
[monitor] ['76%', '89%', '88%', '69%']  memcached=145.2%
[monitor] ['86%', '92%', '82%', '80%']  memcached=166.5%
[monitor] ['79%', '87%', '87%', '73%']  memcached=152.1%
[monitor] ['76%', '95%', '85%', '65%']  memcached=140.3%
[monitor] ['86%', '88%', '92%', '76%']  memcached=161.5%
[monitor] ['86%', '78%', '97%', '80%']  memcached=165.7%
[monitor] ['81%', '92%', '90%', '75%']  memcached=155.6%
[monitor] ['81%', '90%', '95%', '74%']  memcached=154.1%
[monitor] ['91%', '98%', '85%', '94%']  memcached=185.9%
[MEMCACHED] cores updated to: ['0', '2', '3']
[canneal] cores updated to: [1]
[monitor] ['53%', '100%', '38%', '48%']  memcached=139.9%
[MEMCACHED] cores updated to: ['0', '3']
[canneal] cores updated to: [2, 1]
[monitor] ['89%', '92%', '82%', '91%']  memcached=180.9%
[MEMCACHED] cores updated to: ['0', '1', '3']
[canneal] cores updated to: [2]
[monitor] ['71%', '78%', '100%', '76%']  memcached=224.9%
[monitor] ['73%', '71%', '100%', '59%']  memcached=201.9%
[monitor] ['74%', '76%', '100%', '70%']  memcached=220.5%
[monitor] ['79%', '77%', '100%', '71%']  memcached=227.1%
[monitor] ['69%', '72%', '100%', '60%']  memcached=200.6%
[monitor] ['79%', '83%', '100%', '72%']  memcached=234.1%
[monitor] ['69%', '71%', '100%', '60%']  memcached=199.3%
[monitor] ['66%', '66%', '100%', '61%']  memcached=192.5%
[monitor] ['83%', '86%', '100%', '79%']  memcached=248.1%
[monitor] ['71%', '75%', '100%', '63%']  memcached=208.9%
[monitor] ['27%', '27%', '100%', '25%']  memcached=78.3%
[MEMCACHED] cores updated to: ['0']
[canneal] cores updated to: [2, 1, 3]
[monitor] ['73%', '92%', '95%', '90%']  memcached=73.3%
[monitor] ['48%', '100%', '92%', '98%']  memcached=48.0%
[monitor] ['48%', '100%', '92%', '97%']  memcached=47.8%
[monitor] ['50%', '82%', '95%', '82%']  memcached=50.0%
[monitor] ['46%', '3%', '100%', '0%']  memcached=45.8%
[monitor] ['46%', '0%', '100%', '3%']  memcached=45.8%
[monitor] ['54%', '3%', '100%', '0%']  memcached=53.8%
[monitor] ['50%', '6%', '100%', '0%']  memcached=50.0%
[monitor] ['54%', '0%', '100%', '0%']  memcached=53.8%
[monitor] ['63%', '3%', '100%', '0%']  memcached=63.0%
[monitor] ['68%', '11%', '100%', '3%']  memcached=67.9%
[monitor] ['19%', '3%', '100%', '0%']  memcached=19.2%
[monitor] ['4%', '0%', '100%', '0%']  memcached=3.8%
[monitor] ['4%', '3%', '100%', '0%']  memcached=3.8%
[monitor] ['12%', '3%', '100%', '0%']  memcached=11.5%
[monitor] ['14%', '3%', '100%', '3%']  memcached=14.3%
[monitor] ['0%', '7%', '100%', '3%']  memcached=0.0%
[monitor] ['0%', '3%', '100%', '3%']  memcached=0.0%
[monitor] ['0%', '0%', '100%', '0%']  memcached=0.0%
[monitor] ['4%', '0%', '100%', '0%']  memcached=3.7%
[monitor] ['10%', '8%', '98%', '5%']  memcached=10.3%
[canneal] ended.
[freqmine] started on cores: [1, 2, 3] with 3 threads.
[monitor] ['7%', '34%', '37%', '39%']  memcached=7.1%
[monitor] ['4%', '85%', '13%', '16%']  memcached=3.8%
[monitor] ['90%', '6%', '3%', '100%']  memcached=89.7%
[MEMCACHED] cores updated to: ['0', '1']
[freqmine] cores updated to: [2, 3]
[monitor] ['57%', '67%', '8%', '100%']  memcached=123.3%
[monitor] ['61%', '70%', '3%', '100%']  memcached=131.0%
[monitor] ['56%', '65%', '3%', '100%']  memcached=120.1%
[monitor] ['61%', '73%', '3%', '100%']  memcached=134.0%
[monitor] ['83%', '86%', '53%', '100%']  memcached=169.0%
[monitor] ['74%', '76%', '100%', '100%']  memcached=150.0%
[monitor] ['67%', '73%', '85%', '95%']  memcached=139.4%
[monitor] ['70%', '67%', '100%', '100%']  memcached=136.4%
[monitor] ['76%', '74%', '100%', '100%']  memcached=150.0%
[monitor] ['74%', '76%', '100%', '100%']  memcached=149.3%
[monitor] ['92%', '86%', '100%', '100%']  memcached=177.6%
[MEMCACHED] cores updated to: ['0', '1', '2']
[freqmine] cores updated to: [3]
[monitor] ['53%', '21%', '16%', '100%']  memcached=88.8%
[MEMCACHED] cores updated to: ['0', '2']
[freqmine] cores updated to: [1, 3]
[monitor] ['20%', '100%', '3%', '100%']  memcached=23.4%
[MEMCACHED] cores updated to: ['0']
[freqmine] cores updated to: [1, 2, 3]
[monitor] ['20%', '100%', '100%', '100%']  memcached=20.0%
[monitor] ['15%', '100%', '100%', '100%']  memcached=15.4%
[monitor] ['17%', '100%', '100%', '100%']  memcached=16.7%
[monitor] ['12%', '100%', '100%', '100%']  memcached=12.5%
[monitor] ['12%', '100%', '100%', '100%']  memcached=12.0%
[monitor] ['9%', '100%', '100%', '100%']  memcached=8.7%
[monitor] ['30%', '100%', '100%', '100%']  memcached=29.6%
[monitor] ['31%', '100%', '100%', '100%']  memcached=30.8%
[monitor] ['13%', '100%', '100%', '100%']  memcached=13.0%
[monitor] ['12%', '66%', '100%', '79%']  memcached=12.0%
[monitor] ['84%', '49%', '100%', '44%']  memcached=83.8%
[monitor] ['100%', '100%', '100%', '100%']  memcached=100.0%
[MEMCACHED] cores updated to: ['0', '1', '3']
[freqmine] cores updated to: [2]
[monitor] ['100%', '100%', '100%', '100%']  memcached=300.0%
[monitor] ['100%', '100%', '100%', '100%']  memcached=300.0%
[monitor] ['89%', '89%', '100%', '89%']  memcached=267.9%
[monitor] ['62%', '74%', '100%', '75%']  memcached=211.0%
[monitor] ['70%', '76%', '100%', '68%']  memcached=213.1%
[monitor] ['74%', '90%', '100%', '83%']  memcached=246.6%
[monitor] ['62%', '71%', '100%', '63%']  memcached=196.4%
[monitor] ['65%', '73%', '100%', '67%']  memcached=203.9%
[monitor] ['59%', '81%', '100%', '76%']  memcached=215.7%
[monitor] ['16%', '7%', '100%', '7%']  memcached=30.4%
[MEMCACHED] cores updated to: ['0']
[freqmine] cores updated to: [1, 2, 3]
[monitor] ['74%', '100%', '100%', '100%']  memcached=74.2%
[monitor] ['77%', '100%', '100%', '100%']  memcached=77.4%
[monitor] ['54%', '100%', '100%', '100%']  memcached=53.8%
[monitor] ['44%', '100%', '100%', '100%']  memcached=44.0%
[monitor] ['59%', '100%', '100%', '100%']  memcached=59.3%
[monitor] ['54%', '100%', '100%', '100%']  memcached=53.8%
[monitor] ['58%', '100%', '100%', '100%']  memcached=57.7%
[monitor] ['57%', '100%', '100%', '100%']  memcached=57.1%
[monitor] ['59%', '97%', '100%', '100%']  memcached=59.3%
[monitor] ['50%', '100%', '100%', '100%']  memcached=50.0%
[monitor] ['56%', '100%', '100%', '100%']  memcached=56.0%
[monitor] ['58%', '100%', '100%', '100%']  memcached=57.7%
[monitor] ['56%', '100%', '100%', '100%']  memcached=55.6%
[monitor] ['56%', '100%', '100%', '100%']  memcached=55.6%
[monitor] ['48%', '100%', '100%', '100%']  memcached=47.8%
[monitor] ['52%', '100%', '100%', '100%']  memcached=52.0%
[monitor] ['50%', '100%', '100%', '100%']  memcached=50.0%
[monitor] ['52%', '100%', '100%', '100%']  memcached=52.0%
[monitor] ['58%', '100%', '100%', '100%']  memcached=57.7%
[monitor] ['41%', '100%', '98%', '100%']  memcached=40.9%
[monitor] ['46%', '100%', '100%', '100%']  memcached=45.8%
[monitor] ['58%', '100%', '100%', '100%']  memcached=57.7%
[monitor] ['58%', '100%', '100%', '100%']  memcached=57.7%
[monitor] ['81%', '100%', '100%', '100%']  memcached=81.2%
[monitor] ['98%', '100%', '100%', '100%']  memcached=97.6%
[MEMCACHED] cores updated to: ['0', '2', '3']
[freqmine] cores updated to: [1]
[monitor] ['45%', '100%', '36%', '32%']  memcached=113.0%
[MEMCACHED] cores updated to: ['0', '3']
[freqmine] cores updated to: [1, 2]
[monitor] ['71%', '100%', '100%', '31%']  memcached=101.7%
[monitor] ['74%', '100%', '100%', '71%']  memcached=144.1%
[monitor] ['59%', '100%', '100%', '50%']  memcached=108.6%
[monitor] ['62%', '100%', '100%', '46%']  memcached=108.9%
[monitor] ['74%', '100%', '100%', '77%']  memcached=150.7%
[monitor] ['55%', '100%', '100%', '47%']  memcached=101.8%
[monitor] ['61%', '100%', '100%', '52%']  memcached=112.3%
[monitor] ['75%', '100%', '100%', '65%']  memcached=139.5%
[monitor] ['60%', '100%', '100%', '46%']  memcached=106.4%
[monitor] ['33%', '100%', '100%', '22%']  memcached=55.2%
[MEMCACHED] cores updated to: ['0']
[freqmine] cores updated to: [3, 1, 2]
[monitor] ['11%', '100%', '100%', '100%']  memcached=10.7%
[monitor] ['24%', '100%', '100%', '100%']  memcached=24.1%
[monitor] ['19%', '100%', '100%', '100%']  memcached=19.4%
[monitor] ['18%', '100%', '100%', '100%']  memcached=17.9%
[monitor] ['10%', '100%', '100%', '100%']  memcached=10.3%
[monitor] ['22%', '100%', '100%', '100%']  memcached=21.9%
[monitor] ['17%', '100%', '100%', '100%']  memcached=17.2%
[monitor] ['16%', '100%', '100%', '100%']  memcached=16.1%
[monitor] ['4%', '100%', '100%', '100%']  memcached=3.7%
[monitor] ['7%', '100%', '100%', '100%']  memcached=7.4%
[monitor] ['17%', '100%', '100%', '100%']  memcached=16.7%
[monitor] ['60%', '100%', '100%', '100%']  memcached=60.0%
[monitor] ['100%', '100%', '100%', '100%']  memcached=100.0%
[MEMCACHED] cores updated to: ['0', '1', '3']
[freqmine] cores updated to: [2]
[monitor] ['100%', '100%', '100%', '100%']  memcached=300.0%
[monitor] ['98%', '100%', '100%', '100%']  memcached=297.6%
[monitor] ['92%', '100%', '100%', '100%']  memcached=292.5%
[monitor] ['98%', '100%', '100%', '98%']  memcached=295.1%
[monitor] ['97%', '95%', '100%', '97%']  memcached=289.5%
[monitor] ['98%', '95%', '100%', '100%']  memcached=292.7%
[monitor] ['100%', '100%', '100%', '100%']  memcached=300.0%
[monitor] ['98%', '100%', '100%', '95%']  memcached=292.4%
[monitor] ['97%', '100%', '100%', '89%']  memcached=286.6%
[monitor] ['100%', '100%', '100%', '100%']  memcached=300.0%
[monitor] ['92%', '86%', '100%', '84%']  memcached=262.6%
[monitor] ['26%', '19%', '100%', '10%']  memcached=56.2%
[MEMCACHED] cores updated to: ['0']
[freqmine] cores updated to: [3, 1, 2]
[monitor] ['30%', '100%', '100%', '100%']  memcached=30.4%
[monitor] ['52%', '100%', '100%', '100%']  memcached=51.9%
[monitor] ['48%', '100%', '100%', '100%']  memcached=48.0%
[monitor] ['24%', '100%', '100%', '100%']  memcached=23.8%
[monitor] ['33%', '100%', '100%', '100%']  memcached=33.3%
[monitor] ['35%', '100%', '100%', '100%']  memcached=34.8%
[monitor] ['38%', '100%', '100%', '100%']  memcached=37.5%
[monitor] ['46%', '100%', '100%', '100%']  memcached=46.2%
[monitor] ['73%', '100%', '100%', '100%']  memcached=73.3%
[monitor] ['27%', '100%', '100%', '100%']  memcached=27.3%
[monitor] ['54%', '100%', '100%', '100%']  memcached=53.6%
[monitor] ['97%', '100%', '100%', '100%']  memcached=97.2%
[MEMCACHED] cores updated to: ['0', '2', '3']
[freqmine] cores updated to: [1]
[monitor] ['39%', '100%', '22%', '22%']  memcached=83.2%
[MEMCACHED] cores updated to: ['0', '3']
[freqmine] cores updated to: [2, 1]
[monitor] ['47%', '100%', '100%', '43%']  memcached=89.5%
[monitor] ['36%', '100%', '100%', '57%']  memcached=92.4%
[monitor] ['43%', '100%', '100%', '64%']  memcached=107.6%
[monitor] ['45%', '100%', '100%', '55%']  memcached=99.7%
[monitor] ['34%', '100%', '100%', '63%']  memcached=97.4%
[monitor] ['36%', '100%', '100%', '57%']  memcached=92.9%
[monitor] ['53%', '100%', '100%', '69%']  memcached=122.1%
[monitor] ['37%', '100%', '100%', '67%']  memcached=103.3%
[monitor] ['36%', '100%', '100%', '48%']  memcached=83.9%
[monitor] ['22%', '100%', '100%', '36%']  memcached=57.9%
[MEMCACHED] cores updated to: ['0']
[freqmine] cores updated to: [2, 1, 3]
[monitor] ['37%', '100%', '100%', '100%']  memcached=37.0%
[monitor] ['24%', '100%', '100%', '100%']  memcached=24.0%
[monitor] ['18%', '100%', '100%', '100%']  memcached=18.2%
[monitor] ['8%', '100%', '100%', '100%']  memcached=8.0%
[monitor] ['4%', '100%', '100%', '100%']  memcached=4.2%
[monitor] ['8%', '100%', '100%', '100%']  memcached=8.3%
[monitor] ['9%', '100%', '100%', '100%']  memcached=8.7%
[monitor] ['19%', '100%', '100%', '100%']  memcached=19.2%
[monitor] ['12%', '100%', '100%', '100%']  memcached=12.5%
[monitor] ['8%', '100%', '100%', '100%']  memcached=8.3%
[monitor] ['12%', '100%', '100%', '100%']  memcached=12.5%
[monitor] ['24%', '100%', '100%', '100%']  memcached=24.0%
[monitor] ['91%', '100%', '100%', '100%']  memcached=91.4%
[MEMCACHED] cores updated to: ['0', '1']
[freqmine] cores updated to: [2, 3]
[monitor] ['58%', '43%', '100%', '100%']  memcached=100.9%
[monitor] ['62%', '32%', '100%', '100%']  memcached=94.2%
[monitor] ['75%', '41%', '100%', '100%']  memcached=116.4%
[monitor] ['50%', '32%', '100%', '100%']  memcached=82.1%
[monitor] ['52%', '36%', '100%', '100%']  memcached=87.4%
[monitor] ['38%', '33%', '100%', '100%']  memcached=71.8%
[MEMCACHED] cores updated to: ['0']
[freqmine] cores updated to: [2, 1, 3]
[monitor] ['89%', '100%', '100%', '100%']  memcached=88.9%
[MEMCACHED] cores updated to: ['0', '3']
[freqmine] cores updated to: [2, 1]
[monitor] ['69%', '100%', '100%', '44%']  memcached=113.2%
[monitor] ['41%', '100%', '100%', '43%']  memcached=83.6%
[monitor] ['38%', '100%', '100%', '37%']  memcached=75.5%
[MEMCACHED] cores updated to: ['0']
[freqmine] cores updated to: [2, 1, 3]
[monitor] ['86%', '100%', '100%', '100%']  memcached=86.5%
[MEMCACHED] cores updated to: ['0', '2']
[freqmine] cores updated to: [1, 3]
[monitor] ['38%', '100%', '46%', '100%']  memcached=83.8%
[monitor] ['50%', '100%', '67%', '100%']  memcached=116.7%
[monitor] ['43%', '100%', '57%', '100%']  memcached=100.5%
[monitor] ['42%', '100%', '61%', '100%']  memcached=102.6%
[monitor] ['38%', '100%', '54%', '100%']  memcached=91.8%
[monitor] ['38%', '100%', '58%', '100%']  memcached=95.6%
[monitor] ['34%', '100%', '54%', '100%']  memcached=88.3%
[monitor] ['35%', '100%', '62%', '100%']  memcached=97.6%
[monitor] ['41%', '100%', '61%', '100%']  memcached=102.1%
[monitor] ['33%', '100%', '52%', '100%']  memcached=85.2%
[monitor] ['50%', '100%', '66%', '100%']  memcached=115.5%
[monitor] ['39%', '100%', '63%', '100%']  memcached=102.2%
[monitor] ['52%', '100%', '76%', '100%']  memcached=127.4%
[monitor] ['48%', '100%', '64%', '100%']  memcached=112.4%
[monitor] ['57%', '100%', '70%', '100%']  memcached=126.7%
[monitor] ['67%', '100%', '72%', '100%']  memcached=138.5%
[monitor] ['69%', '100%', '78%', '100%']  memcached=146.7%
[monitor] ['59%', '100%', '70%', '100%']  memcached=129.4%
[monitor] ['58%', '100%', '61%', '100%']  memcached=118.8%
[monitor] ['55%', '100%', '62%', '100%']  memcached=117.2%
[monitor] ['59%', '100%', '67%', '100%']  memcached=126.0%
[monitor] ['57%', '100%', '65%', '100%']  memcached=121.2%
[monitor] ['67%', '100%', '76%', '100%']  memcached=142.4%
[monitor] ['58%', '100%', '71%', '100%']  memcached=129.0%
[monitor] ['38%', '100%', '44%', '100%']  memcached=81.9%
[monitor] ['47%', '100%', '64%', '100%']  memcached=111.0%
[monitor] ['37%', '100%', '38%', '100%']  memcached=74.2%
[MEMCACHED] cores updated to: ['0']
[freqmine] cores updated to: [2, 1, 3]
[monitor] ['95%', '100%', '88%', '100%']  memcached=95.0%
[MEMCACHED] cores updated to: ['0', '1']
[freqmine] cores updated to: [2, 3]
[monitor] ['58%', '68%', '100%', '100%']  memcached=125.7%
[monitor] ['53%', '50%', '100%', '100%']  memcached=103.3%
[monitor] ['52%', '50%', '100%', '100%']  memcached=101.7%
[monitor] ['48%', '41%', '100%', '100%']  memcached=89.7%
[monitor] ['56%', '38%', '100%', '100%']  memcached=94.7%
[monitor] ['59%', '47%', '100%', '100%']  memcached=106.0%
[monitor] ['41%', '41%', '100%', '100%']  memcached=81.5%
[monitor] ['50%', '43%', '100%', '100%']  memcached=92.9%
[monitor] ['27%', '18%', '100%', '100%']  memcached=45.1%
[MEMCACHED] cores updated to: ['0']
[freqmine] cores updated to: [2, 1, 3]
[monitor] ['38%', '100%', '100%', '100%']  memcached=37.5%
[monitor] ['29%', '100%', '100%', '100%']  memcached=29.2%
[monitor] ['32%', '100%', '100%', '100%']  memcached=31.8%
[monitor] ['35%', '100%', '100%', '100%']  memcached=34.8%
[monitor] ['38%', '100%', '100%', '100%']  memcached=37.5%
[monitor] ['40%', '100%', '100%', '100%']  memcached=40.0%
[monitor] ['39%', '100%', '100%', '100%']  memcached=39.1%
[monitor] ['38%', '100%', '100%', '100%']  memcached=37.5%
[monitor] ['33%', '100%', '100%', '100%']  memcached=33.3%
[monitor] ['38%', '100%', '100%', '100%']  memcached=37.5%
[monitor] ['35%', '100%', '100%', '100%']  memcached=34.8%
[monitor] ['76%', '100%', '100%', '100%']  memcached=76.5%
[monitor] ['100%', '100%', '100%', '100%']  memcached=100.0%
[MEMCACHED] cores updated to: ['0', '2', '3']
[freqmine] cores updated to: [1]
[monitor] ['100%', '100%', '100%', '69%']  memcached=269.2%
[monitor] ['97%', '100%', '89%', '100%']  memcached=286.6%
[monitor] ['81%', '100%', '68%', '83%']  memcached=232.2%
[monitor] ['74%', '100%', '60%', '68%']  memcached=201.3%
[monitor] ['79%', '100%', '69%', '75%']  memcached=223.2%
[monitor] ['81%', '100%', '69%', '72%']  memcached=221.2%
[monitor] ['74%', '100%', '65%', '70%']  memcached=208.5%
[monitor] ['78%', '100%', '66%', '72%']  memcached=215.9%
[monitor] ['77%', '100%', '59%', '74%']  memcached=209.3%
[monitor] ['73%', '100%', '63%', '69%']  memcached=204.8%
[monitor] ['56%', '100%', '40%', '47%']  memcached=142.2%
[MEMCACHED] cores updated to: ['0', '3']
[freqmine] cores updated to: [2, 1]
[monitor] ['20%', '100%', '100%', '15%']  memcached=34.8%
[MEMCACHED] cores updated to: ['0']
[freqmine] cores updated to: [2, 1, 3]
[monitor] ['42%', '100%', '100%', '100%']  memcached=41.7%
[monitor] ['48%', '100%', '100%', '100%']  memcached=48.0%
[monitor] ['48%', '100%', '100%', '100%']  memcached=48.0%
[monitor] ['41%', '100%', '100%', '100%']  memcached=40.9%
[monitor] ['39%', '100%', '100%', '100%']  memcached=39.1%
[monitor] ['36%', '100%', '100%', '100%']  memcached=36.4%
[monitor] ['54%', '100%', '100%', '100%']  memcached=53.8%
[monitor] ['42%', '100%', '100%', '100%']  memcached=41.7%
[monitor] ['50%', '100%', '100%', '100%']  memcached=50.0%
[monitor] ['39%', '100%', '100%', '100%']  memcached=39.1%
[monitor] ['67%', '100%', '100%', '100%']  memcached=66.7%
[monitor] ['100%', '100%', '100%', '100%']  memcached=100.0%
[MEMCACHED] cores updated to: ['0', '1', '3']
[freqmine] cores updated to: [2]
[monitor] ['70%', '82%', '100%', '76%']  memcached=227.8%
[monitor] ['52%', '57%', '100%', '52%']  memcached=160.0%
[monitor] ['55%', '56%', '100%', '50%']  memcached=161.1%
[monitor] ['50%', '57%', '100%', '52%']  memcached=158.4%
[MEMCACHED] cores updated to: ['0', '3']
[freqmine] cores updated to: [2, 1]
[monitor] ['84%', '100%', '100%', '78%']  memcached=162.3%
[monitor] ['83%', '100%', '100%', '77%']  memcached=160.0%
[monitor] ['83%', '100%', '100%', '75%']  memcached=158.3%
[monitor] ['90%', '100%', '100%', '76%']  memcached=165.5%
[monitor] ['83%', '100%', '100%', '67%']  memcached=149.5%
[monitor] ['92%', '100%', '100%', '81%']  memcached=172.8%
[MEMCACHED] cores updated to: ['0', '2', '3']
[freqmine] cores updated to: [1]
[monitor] ['50%', '100%', '40%', '41%']  memcached=131.4%
[MEMCACHED] cores updated to: ['0', '3']
[freqmine] cores updated to: [2, 1]
[monitor] ['52%', '100%', '100%', '44%']  memcached=96.1%
[monitor] ['50%', '100%', '100%', '48%']  memcached=98.3%
[monitor] ['44%', '100%', '100%', '44%']  memcached=88.9%
[monitor] ['46%', '100%', '100%', '45%']  memcached=91.3%
[monitor] ['58%', '100%', '100%', '48%']  memcached=105.9%
[monitor] ['55%', '100%', '100%', '48%']  memcached=103.0%
[monitor] ['48%', '100%', '100%', '43%']  memcached=91.1%
[monitor] ['41%', '100%', '100%', '26%']  memcached=66.7%
[MEMCACHED] cores updated to: ['0']
[freqmine] cores updated to: [2, 1, 3]
[monitor] ['97%', '100%', '100%', '100%']  memcached=97.4%
[MEMCACHED] cores updated to: ['0', '1', '3']
[freqmine] cores updated to: [2]
[monitor] ['31%', '31%', '100%', '26%']  memcached=88.0%
[MEMCACHED] cores updated to: ['0', '3']
[freqmine] cores updated to: [2, 1]
[monitor] ['43%', '100%', '100%', '30%']  memcached=72.5%
[MEMCACHED] cores updated to: ['0']
[freqmine] cores updated to: [2, 1, 3]
[monitor] ['100%', '100%', '100%', '100%']  memcached=100.0%
[MEMCACHED] cores updated to: ['0', '1', '2']
[freqmine] cores updated to: [3]
[monitor] ['87%', '64%', '86%', '100%']  memcached=237.4%
[monitor] ['69%', '67%', '61%', '100%']  memcached=196.1%
[monitor] ['66%', '62%', '57%', '100%']  memcached=184.8%
[monitor] ['59%', '62%', '52%', '100%']  memcached=173.6%
[monitor] ['57%', '69%', '48%', '100%']  memcached=173.6%
[monitor] ['61%', '68%', '52%', '100%']  memcached=180.7%
[monitor] ['62%', '62%', '55%', '100%']  memcached=180.2%
[monitor] ['64%', '71%', '55%', '100%']  memcached=190.2%
[monitor] ['62%', '69%', '53%', '100%']  memcached=184.4%
[monitor] ['61%', '62%', '50%', '100%']  memcached=173.8%
[monitor] ['62%', '60%', '52%', '100%']  memcached=174.4%
[monitor] ['34%', '23%', '17%', '100%']  memcached=73.5%
[MEMCACHED] cores updated to: ['0']
[freqmine] cores updated to: [2, 1, 3]
[monitor] ['26%', '98%', '100%', '100%']  memcached=26.1%
[monitor] ['30%', '100%', '100%', '100%']  memcached=30.4%
[monitor] ['38%', '100%', '100%', '100%']  memcached=37.5%
[monitor] ['38%', '100%', '100%', '100%']  memcached=37.5%
[monitor] ['30%', '100%', '100%', '100%']  memcached=30.4%
[monitor] ['30%', '100%', '100%', '100%']  memcached=30.4%
[monitor] ['30%', '100%', '100%', '100%']  memcached=30.4%
[monitor] ['30%', '100%', '100%', '100%']  memcached=30.4%
[monitor] ['35%', '100%', '100%', '100%']  memcached=34.8%
[monitor] ['30%', '100%', '100%', '100%']  memcached=30.4%
[monitor] ['29%', '100%', '100%', '100%']  memcached=29.2%
[monitor] ['71%', '100%', '100%', '100%']  memcached=71.0%
[monitor] ['100%', '100%', '100%', '100%']  memcached=100.0%
[MEMCACHED] cores updated to: ['0', '2', '3']
[freqmine] cores updated to: [1]
[monitor] ['47%', '100%', '41%', '47%']  memcached=134.9%
[MEMCACHED] cores updated to: ['0', '3']
[freqmine] cores updated to: [2, 1]
[monitor] ['67%', '100%', '100%', '39%']  memcached=106.0%
[monitor] ['62%', '100%', '100%', '53%']  memcached=115.8%
[monitor] ['70%', '100%', '100%', '57%']  memcached=126.4%
[monitor] ['59%', '100%', '100%', '46%']  memcached=105.0%
[monitor] ['72%', '100%', '100%', '53%']  memcached=125.2%
[monitor] ['71%', '100%', '100%', '58%']  memcached=128.5%
[monitor] ['68%', '100%', '100%', '55%']  memcached=122.8%
[monitor] ['61%', '100%', '100%', '54%']  memcached=114.9%
[monitor] ['65%', '100%', '100%', '54%']  memcached=118.1%
[monitor] ['70%', '100%', '100%', '61%']  memcached=131.0%
[monitor] ['73%', '100%', '100%', '68%']  memcached=140.5%
[monitor] ['76%', '100%', '100%', '60%']  memcached=135.8%
[monitor] ['69%', '100%', '100%', '68%']  memcached=136.5%
[monitor] ['71%', '100%', '100%', '52%']  memcached=122.6%
[monitor] ['77%', '100%', '100%', '65%']  memcached=141.7%
[monitor] ['74%', '100%', '100%', '67%']  memcached=140.2%
[monitor] ['80%', '100%', '100%', '72%']  memcached=151.9%
[monitor] ['71%', '100%', '100%', '63%']  memcached=133.9%
[monitor] ['79%', '100%', '100%', '70%']  memcached=149.4%
[monitor] ['78%', '100%', '100%', '59%']  memcached=136.4%
[monitor] ['74%', '100%', '100%', '73%']  memcached=146.3%
[monitor] ['76%', '100%', '100%', '66%']  memcached=142.0%
[monitor] ['87%', '100%', '100%', '95%']  memcached=181.8%
[MEMCACHED] cores updated to: ['0', '1', '3']
[freqmine] cores updated to: [2]
[monitor] ['83%', '89%', '100%', '79%']  memcached=250.8%
[monitor] ['84%', '79%', '100%', '76%']  memcached=239.7%
[monitor] ['76%', '78%', '100%', '74%']  memcached=227.8%
[monitor] ['76%', '79%', '100%', '70%']  memcached=225.6%
[monitor] ['66%', '71%', '100%', '68%']  memcached=204.0%
[monitor] ['75%', '77%', '100%', '71%']  memcached=223.6%
[monitor] ['81%', '82%', '100%', '78%']  memcached=241.2%
[monitor] ['78%', '79%', '100%', '74%']  memcached=230.8%
[monitor] ['71%', '77%', '100%', '69%']  memcached=216.5%
[monitor] ['74%', '78%', '100%', '73%']  memcached=224.0%
[monitor] ['83%', '83%', '100%', '76%']  memcached=242.4%
[monitor] ['81%', '86%', '100%', '80%']  memcached=247.0%
[monitor] ['83%', '87%', '100%', '83%']  memcached=253.0%
[monitor] ['80%', '89%', '100%', '80%']  memcached=249.2%
[monitor] ['83%', '83%', '100%', '82%']  memcached=248.5%
[monitor] ['79%', '84%', '100%', '79%']  memcached=242.0%
[monitor] ['87%', '92%', '100%', '84%']  memcached=263.4%
[monitor] ['80%', '83%', '100%', '81%']  memcached=243.9%
[monitor] ['79%', '84%', '100%', '79%']  memcached=243.0%
[monitor] ['86%', '89%', '100%', '84%']  memcached=259.7%
[monitor] ['89%', '86%', '100%', '81%']  memcached=256.2%
[monitor] ['81%', '86%', '100%', '83%']  memcached=250.0%
[monitor] ['95%', '95%', '100%', '89%']  memcached=279.2%
[monitor] ['85%', '86%', '100%', '79%']  memcached=250.2%
[monitor] ['65%', '75%', '100%', '69%']  memcached=208.5%
[monitor] ['72%', '74%', '100%', '69%']  memcached=215.3%
[monitor] ['71%', '71%', '100%', '68%']  memcached=208.9%
[monitor] ['65%', '71%', '100%', '65%']  memcached=199.6%
[monitor] ['71%', '73%', '100%', '65%']  memcached=208.7%
[monitor] ['76%', '74%', '100%', '73%']  memcached=222.0%
[monitor] ['84%', '80%', '100%', '70%']  memcached=233.9%
[monitor] ['64%', '67%', '100%', '60%']  memcached=190.3%
[monitor] ['67%', '67%', '100%', '66%']  memcached=199.0%
[monitor] ['74%', '76%', '100%', '69%']  memcached=218.8%
[monitor] ['71%', '71%', '100%', '69%']  memcached=210.8%
[monitor] ['57%', '56%', '100%', '52%']  memcached=164.6%
[monitor] ['24%', '20%', '100%', '14%']  memcached=58.5%
[MEMCACHED] cores updated to: ['0']
[freqmine] cores updated to: [2, 1, 3]
[monitor] ['59%', '100%', '100%', '100%']  memcached=59.3%
[monitor] ['64%', '100%', '100%', '100%']  memcached=64.3%
[monitor] ['71%', '100%', '100%', '100%']  memcached=71.4%
[monitor] ['67%', '100%', '100%', '100%']  memcached=66.7%
[monitor] ['69%', '100%', '100%', '100%']  memcached=69.0%
[monitor] ['71%', '100%', '100%', '100%']  memcached=71.0%
[monitor] ['72%', '100%', '100%', '100%']  memcached=72.4%
[monitor] ['72%', '100%', '100%', '100%']  memcached=72.4%
[monitor] ['62%', '100%', '100%', '100%']  memcached=61.5%
[monitor] ['62%', '100%', '100%', '100%']  memcached=61.5%
[monitor] ['62%', '100%', '100%', '100%']  memcached=61.5%
[monitor] ['100%', '100%', '100%', '100%']  memcached=100.0%
[MEMCACHED] cores updated to: ['0', '2', '3']
[freqmine] cores updated to: [1]
[monitor] ['100%', '100%', '100%', '59%']  memcached=258.5%
[monitor] ['97%', '100%', '78%', '95%']  memcached=270.4%
[monitor] ['81%', '100%', '67%', '76%']  memcached=224.2%
[monitor] ['75%', '100%', '67%', '73%']  memcached=214.4%
[monitor] ['76%', '100%', '64%', '72%']  memcached=211.9%
[monitor] ['76%', '100%', '64%', '78%']  memcached=217.8%
[monitor] ['81%', '100%', '68%', '76%']  memcached=224.8%
[monitor] ['73%', '100%', '58%', '67%']  memcached=197.5%
[monitor] ['72%', '100%', '62%', '68%']  memcached=202.0%
[monitor] ['78%', '100%', '65%', '72%']  memcached=214.2%
[monitor] ['74%', '100%', '62%', '69%']  memcached=204.3%
[monitor] ['25%', '100%', '8%', '8%']  memcached=41.7%
[MEMCACHED] cores updated to: ['0']
[freqmine] cores updated to: [2, 1, 3]
[monitor] ['14%', '100%', '100%', '100%']  memcached=13.5%
[monitor] ['6%', '100%', '100%', '100%']  memcached=6.1%
[monitor] ['11%', '100%', '100%', '100%']  memcached=11.4%
[monitor] ['9%', '100%', '100%', '100%']  memcached=9.1%
[monitor] ['16%', '100%', '100%', '100%']  memcached=15.8%
[monitor] ['11%', '100%', '100%', '100%']  memcached=11.4%
[monitor] ['18%', '100%', '100%', '100%']  memcached=18.4%
[monitor] ['14%', '100%', '100%', '100%']  memcached=13.5%
[monitor] ['23%', '100%', '100%', '100%']  memcached=23.1%
[monitor] ['11%', '100%', '100%', '100%']  memcached=11.4%
[monitor] ['16%', '100%', '100%', '100%']  memcached=15.8%
[monitor] ['63%', '100%', '100%', '100%']  memcached=62.9%
[monitor] ['97%', '100%', '100%', '100%']  memcached=97.4%
[MEMCACHED] cores updated to: ['0', '1', '3']
[freqmine] cores updated to: [2]
[monitor] ['27%', '25%', '100%', '26%']  memcached=77.6%
[MEMCACHED] cores updated to: ['0']
[freqmine] cores updated to: [2, 1, 3]
[monitor] ['92%', '100%', '100%', '100%']  memcached=91.9%
[MEMCACHED] cores updated to: ['0', '2']
[freqmine] cores updated to: [1, 3]
[monitor] ['48%', '100%', '40%', '100%']  memcached=88.1%
[monitor] ['43%', '100%', '35%', '100%']  memcached=77.5%
[MEMCACHED] cores updated to: ['0']
[freqmine] cores updated to: [2, 1, 3]
[monitor] ['92%', '100%', '98%', '100%']  memcached=91.9%
[MEMCACHED] cores updated to: ['0', '1']
[freqmine] cores updated to: [2, 3]
[monitor] ['54%', '39%', '100%', '100%']  memcached=92.9%
[monitor] ['50%', '45%', '100%', '100%']  memcached=94.8%
[monitor] ['53%', '37%', '100%', '100%']  memcached=90.4%
[monitor] ['46%', '53%', '100%', '100%']  memcached=99.6%
[monitor] ['60%', '45%', '100%', '100%']  memcached=105.2%
[monitor] ['12%', '3%', '100%', '100%']  memcached=15.4%
[MEMCACHED] cores updated to: ['0']
[freqmine] cores updated to: [2, 1, 3]
[monitor] ['9%', '100%', '100%', '100%']  memcached=8.6%
[monitor] ['6%', '100%', '100%', '100%']  memcached=6.1%
[monitor] ['15%', '100%', '100%', '100%']  memcached=14.7%
[monitor] ['14%', '100%', '100%', '100%']  memcached=13.5%
[monitor] ['6%', '100%', '100%', '100%']  memcached=6.1%
[monitor] ['9%', '100%', '100%', '100%']  memcached=8.6%
[monitor] ['11%', '100%', '100%', '100%']  memcached=11.1%
[monitor] ['14%', '100%', '100%', '100%']  memcached=13.5%
[monitor] ['11%', '100%', '100%', '100%']  memcached=11.4%
[monitor] ['9%', '100%', '100%', '100%']  memcached=8.6%
[monitor] ['9%', '100%', '100%', '100%']  memcached=8.6%
[monitor] ['70%', '100%', '100%', '100%']  memcached=70.3%
[monitor] ['98%', '100%', '100%', '100%']  memcached=97.6%
[MEMCACHED] cores updated to: ['0', '2', '3']
[freqmine] cores updated to: [1]
[monitor] ['29%', '100%', '22%', '25%']  memcached=75.8%
[MEMCACHED] cores updated to: ['0']
[freqmine] cores updated to: [2, 1, 3]
[monitor] ['95%', '100%', '90%', '100%']  memcached=94.7%
[MEMCACHED] cores updated to: ['0', '1']
[freqmine] cores updated to: [2, 3]
[monitor] ['67%', '37%', '100%', '100%']  memcached=103.3%
[monitor] ['64%', '45%', '100%', '100%']  memcached=109.4%
[monitor] ['65%', '45%', '100%', '100%']  memcached=109.7%
[monitor] ['67%', '45%', '100%', '100%']  memcached=111.5%
[monitor] ['73%', '39%', '100%', '100%']  memcached=112.0%
[monitor] ['55%', '47%', '100%', '100%']  memcached=101.8%
[monitor] ['57%', '27%', '100%', '100%']  memcached=83.6%
[monitor] ['60%', '31%', '100%', '100%']  memcached=91.0%
[monitor] ['32%', '32%', '100%', '100%']  memcached=64.3%
[MEMCACHED] cores updated to: ['0']
[freqmine] cores updated to: [2, 1, 3]
[monitor] ['72%', '100%', '100%', '100%']  memcached=72.4%
[monitor] ['73%', '100%', '100%', '100%']  memcached=73.3%
[monitor] ['78%', '100%', '100%', '100%']  memcached=78.1%
[monitor] ['69%', '100%', '100%', '100%']  memcached=69.0%
[monitor] ['68%', '100%', '100%', '100%']  memcached=67.9%
[monitor] ['74%', '100%', '100%', '100%']  memcached=74.2%
[monitor] ['77%', '100%', '100%', '100%']  memcached=77.4%
[monitor] ['69%', '100%', '100%', '100%']  memcached=69.0%
[monitor] ['60%', '100%', '100%', '100%']  memcached=60.0%
[monitor] ['67%', '100%', '100%', '100%']  memcached=66.7%
[monitor] ['64%', '100%', '100%', '100%']  memcached=64.3%
[monitor] ['91%', '100%', '100%', '100%']  memcached=91.2%
[MEMCACHED] cores updated to: ['0', '3']
[freqmine] cores updated to: [2, 1]
[monitor] ['73%', '100%', '100%', '53%']  memcached=126.1%
[monitor] ['71%', '100%', '100%', '47%']  memcached=117.6%
[monitor] ['65%', '100%', '100%', '50%']  memcached=114.5%
[monitor] ['62%', '100%', '100%', '48%']  memcached=110.8%
[monitor] ['68%', '100%', '100%', '41%']  memcached=108.5%
[monitor] ['60%', '100%', '100%', '50%']  memcached=110.0%
[monitor] ['72%', '100%', '100%', '43%']  memcached=114.7%
[monitor] ['67%', '100%', '100%', '48%']  memcached=114.9%
[monitor] ['69%', '100%', '100%', '48%']  memcached=116.9%
[monitor] ['85%', '100%', '100%', '62%']  memcached=147.4%
[monitor] ['59%', '100%', '100%', '48%']  memcached=106.9%
[monitor] ['45%', '100%', '100%', '29%']  memcached=73.7%
[MEMCACHED] cores updated to: ['0']
[freqmine] cores updated to: [2, 1, 3]
[monitor] ['20%', '100%', '100%', '100%']  memcached=20.0%
[monitor] ['9%', '100%', '100%', '100%']  memcached=8.7%
[monitor] ['13%', '100%', '100%', '100%']  memcached=13.0%
[monitor] ['20%', '100%', '100%', '100%']  memcached=20.0%
[monitor] ['9%', '100%', '100%', '100%']  memcached=8.7%
[monitor] ['9%', '100%', '100%', '100%']  memcached=9.1%
[monitor] ['17%', '100%', '100%', '100%']  memcached=16.7%
[monitor] ['12%', '100%', '100%', '100%']  memcached=12.5%
[monitor] ['17%', '100%', '100%', '100%']  memcached=16.7%
[monitor] ['17%', '100%', '100%', '100%']  memcached=17.4%
[monitor] ['16%', '100%', '100%', '100%']  memcached=16.0%
[monitor] ['31%', '100%', '100%', '100%']  memcached=30.8%
[monitor] ['100%', '100%', '100%', '100%']  memcached=100.0%
[MEMCACHED] cores updated to: ['0', '1', '2']
[freqmine] cores updated to: [3]
[monitor] ['56%', '42%', '52%', '100%']  memcached=149.8%
[MEMCACHED] cores updated to: ['0', '2']
[freqmine] cores updated to: [1, 3]
[monitor] ['63%', '100%', '63%', '100%']  memcached=126.7%
[monitor] ['66%', '100%', '64%', '100%']  memcached=129.8%
[monitor] ['62%', '100%', '61%', '100%']  memcached=122.8%
[monitor] ['61%', '100%', '59%', '100%']  memcached=120.5%
[monitor] ['68%', '100%', '66%', '100%']  memcached=133.3%
[monitor] ['66%', '100%', '64%', '100%']  memcached=129.8%
[monitor] ['66%', '100%', '66%', '100%']  memcached=131.1%
[monitor] ['61%', '100%', '61%', '100%']  memcached=121.4%
[monitor] ['59%', '100%', '69%', '100%']  memcached=128.3%
[monitor] ['68%', '100%', '72%', '100%']  memcached=140.2%
[monitor] ['98%', '100%', '100%', '100%']  memcached=197.6%
[MEMCACHED] cores updated to: ['0', '2', '3']
[freqmine] cores updated to: [1]
[monitor] ['89%', '100%', '82%', '82%']  memcached=253.6%
[monitor] ['90%', '100%', '77%', '79%']  memcached=246.3%
[monitor] ['89%', '100%', '79%', '79%']  memcached=248.0%
[monitor] ['76%', '100%', '69%', '73%']  memcached=218.6%
[monitor] ['83%', '100%', '72%', '79%']  memcached=234.6%
[monitor] ['80%', '100%', '72%', '75%']  memcached=226.9%
[monitor] ['86%', '100%', '74%', '86%']  memcached=246.9%
[monitor] ['83%', '100%', '72%', '74%']  memcached=229.4%
[monitor] ['81%', '100%', '71%', '75%']  memcached=227.0%
[monitor] ['81%', '100%', '67%', '74%']  memcached=220.8%
[monitor] ['84%', '100%', '71%', '76%']  memcached=230.5%
[monitor] ['18%', '100%', '3%', '3%']  memcached=23.4%
[MEMCACHED] cores updated to: ['0']
[freqmine] cores updated to: [2, 1, 3]
[monitor] ['3%', '100%', '100%', '100%']  memcached=3.4%
[monitor] ['6%', '100%', '100%', '100%']  memcached=6.5%
[monitor] ['7%', '100%', '100%', '100%']  memcached=6.7%
[monitor] ['3%', '100%', '100%', '100%']  memcached=3.4%
[monitor] ['3%', '100%', '100%', '100%']  memcached=3.4%
[monitor] ['7%', '100%', '100%', '100%']  memcached=6.7%
[monitor] ['9%', '100%', '100%', '100%']  memcached=9.4%
[monitor] ['7%', '100%', '100%', '100%']  memcached=6.7%
[monitor] ['3%', '100%', '100%', '100%']  memcached=3.4%
[monitor] ['7%', '100%', '100%', '100%']  memcached=6.7%
[monitor] ['7%', '100%', '100%', '100%']  memcached=6.7%
[monitor] ['79%', '100%', '100%', '100%']  memcached=78.9%
[monitor] ['100%', '100%', '100%', '100%']  memcached=100.0%
[MEMCACHED] cores updated to: ['0', '1', '2']
[freqmine] cores updated to: [3]
[monitor] ['39%', '39%', '19%', '100%']  memcached=96.7%
[MEMCACHED] cores updated to: ['0', '2']
[freqmine] cores updated to: [1, 3]
[monitor] ['55%', '100%', '50%', '100%']  memcached=105.2%
[monitor] ['44%', '100%', '48%', '100%']  memcached=92.6%
[monitor] ['43%', '100%', '44%', '100%']  memcached=87.3%
[monitor] ['48%', '100%', '42%', '100%']  memcached=90.5%
[monitor] ['50%', '100%', '46%', '100%']  memcached=96.2%
[monitor] ['46%', '100%', '52%', '100%']  memcached=97.9%
[monitor] ['50%', '100%', '44%', '100%']  memcached=94.4%
[monitor] ['42%', '100%', '44%', '100%']  memcached=86.8%
[monitor] ['48%', '100%', '44%', '100%']  memcached=92.6%
[monitor] ['71%', '100%', '66%', '100%']  memcached=136.1%
[monitor] ['77%', '100%', '73%', '100%']  memcached=149.9%
[monitor] ['76%', '100%', '74%', '100%']  memcached=150.7%
[monitor] ['79%', '100%', '73%', '100%']  memcached=152.1%
[monitor] ['78%', '100%', '72%', '100%']  memcached=150.3%
[monitor] ['84%', '100%', '79%', '100%']  memcached=163.2%
[monitor] ['81%', '100%', '71%', '100%']  memcached=152.0%
[monitor] ['79%', '100%', '76%', '100%']  memcached=154.5%
[monitor] ['79%', '100%', '77%', '100%']  memcached=156.8%
[monitor] ['79%', '100%', '72%', '100%']  memcached=151.3%
[monitor] ['78%', '100%', '74%', '100%']  memcached=152.1%
[monitor] ['80%', '100%', '71%', '100%']  memcached=151.0%
[monitor] ['75%', '100%', '77%', '100%']  memcached=152.1%
[monitor] ['79%', '100%', '63%', '100%']  memcached=142.7%
[monitor] ['82%', '100%', '75%', '100%']  memcached=156.6%
[monitor] ['81%', '100%', '78%', '100%']  memcached=158.7%
[monitor] ['83%', '100%', '74%', '100%']  memcached=156.4%
[monitor] ['77%', '100%', '72%', '100%']  memcached=149.0%
[monitor] ['80%', '100%', '73%', '100%']  memcached=152.7%
[monitor] ['86%', '100%', '82%', '100%']  memcached=168.8%
[monitor] ['81%', '100%', '73%', '100%']  memcached=153.8%
[monitor] ['84%', '100%', '75%', '100%']  memcached=158.8%
[monitor] ['79%', '100%', '76%', '100%']  memcached=155.2%
[monitor] ['80%', '100%', '70%', '100%']  memcached=150.0%
[monitor] ['82%', '100%', '76%', '100%']  memcached=158.8%
[monitor] ['32%', '100%', '13%', '100%']  memcached=44.9%
[MEMCACHED] cores updated to: ['0']
[freqmine] cores updated to: [2, 1, 3]
[monitor] ['22%', '98%', '100%', '100%']  memcached=21.7%
[monitor] ['17%', '100%', '100%', '100%']  memcached=17.4%
[monitor] ['17%', '100%', '100%', '100%']  memcached=17.4%
[monitor] ['21%', '100%', '100%', '100%']  memcached=20.8%
[monitor] ['14%', '100%', '100%', '100%']  memcached=13.6%
[monitor] ['14%', '100%', '100%', '100%']  memcached=13.6%
[monitor] ['17%', '100%', '100%', '100%']  memcached=16.7%
[monitor] ['13%', '100%', '100%', '100%']  memcached=13.0%
[monitor] ['22%', '100%', '100%', '100%']  memcached=21.7%
[monitor] ['17%', '100%', '100%', '100%']  memcached=16.7%
[monitor] ['14%', '100%', '100%', '100%']  memcached=13.6%
[monitor] ['82%', '100%', '100%', '100%']  memcached=82.4%
[monitor] ['100%', '100%', '100%', '100%']  memcached=100.0%
[MEMCACHED] cores updated to: ['0', '2', '3']
[freqmine] cores updated to: [1]
[monitor] ['100%', '100%', '100%', '85%']  memcached=285.0%
[monitor] ['95%', '100%', '75%', '95%']  memcached=264.6%
[monitor] ['68%', '100%', '54%', '63%']  memcached=184.6%
[monitor] ['78%', '100%', '65%', '80%']  memcached=222.3%
[monitor] ['74%', '100%', '59%', '72%']  memcached=204.8%
[monitor] ['75%', '100%', '62%', '68%']  memcached=205.2%
[monitor] ['75%', '100%', '66%', '73%']  memcached=213.4%
[monitor] ['78%', '100%', '69%', '95%']  memcached=241.6%
[monitor] ['75%', '100%', '67%', '74%']  memcached=215.2%
[monitor] ['76%', '100%', '64%', '67%']  memcached=206.1%
[monitor] ['78%', '100%', '67%', '73%']  memcached=217.8%
[monitor] ['84%', '100%', '72%', '79%']  memcached=235.5%
[monitor] ['87%', '100%', '76%', '79%']  memcached=242.0%
[monitor] ['82%', '100%', '71%', '76%']  memcached=229.8%
[monitor] ['86%', '100%', '76%', '78%']  memcached=240.7%
[monitor] ['76%', '100%', '66%', '72%']  memcached=213.3%
[monitor] ['80%', '100%', '69%', '76%']  memcached=224.5%
[monitor] ['89%', '100%', '76%', '79%']  memcached=245.4%
[monitor] ['79%', '100%', '70%', '75%']  memcached=224.1%
[monitor] ['81%', '100%', '65%', '76%']  memcached=220.8%
[monitor] ['78%', '100%', '69%', '76%']  memcached=223.6%
[monitor] ['79%', '100%', '65%', '74%']  memcached=217.5%
[monitor] ['79%', '100%', '70%', '82%']  memcached=230.9%
[monitor] ['82%', '100%', '71%', '74%']  memcached=226.8%
[monitor] ['79%', '100%', '62%', '76%']  memcached=217.2%
[monitor] ['74%', '100%', '63%', '69%']  memcached=206.3%
[monitor] ['81%', '100%', '70%', '76%']  memcached=226.5%
[monitor] ['76%', '100%', '65%', '68%']  memcached=208.0%
[monitor] ['74%', '100%', '62%', '73%']  memcached=209.1%
[monitor] ['90%', '100%', '80%', '75%']  memcached=244.7%
[monitor] ['95%', '100%', '78%', '83%']  memcached=255.7%
[monitor] ['75%', '100%', '70%', '74%']  memcached=218.2%
[monitor] ['78%', '100%', '66%', '72%']  memcached=215.3%
[monitor] ['79%', '100%', '74%', '77%']  memcached=230.1%
[monitor] ['73%', '100%', '61%', '71%']  memcached=205.0%
[monitor] ['74%', '100%', '63%', '73%']  memcached=209.6%
[monitor] ['62%', '100%', '55%', '66%']  memcached=183.2%
[monitor] ['80%', '100%', '59%', '86%']  memcached=225.1%
[monitor] ['70%', '100%', '55%', '65%']  memcached=189.4%
[monitor] ['72%', '100%', '62%', '69%']  memcached=202.7%
[monitor] ['74%', '100%', '67%', '70%']  memcached=210.6%
[monitor] ['74%', '100%', '59%', '65%']  memcached=196.7%
[monitor] ['69%', '100%', '55%', '61%']  memcached=185.2%
[monitor] ['74%', '100%', '65%', '66%']  memcached=203.7%
[monitor] ['68%', '100%', '57%', '62%']  memcached=186.8%
[monitor] ['69%', '100%', '59%', '63%']  memcached=191.5%
[monitor] ['69%', '100%', '61%', '66%']  memcached=195.1%
[monitor] ['65%', '100%', '53%', '60%']  memcached=178.0%
[monitor] ['60%', '100%', '46%', '52%']  memcached=158.2%
[MEMCACHED] cores updated to: ['0', '3']
[freqmine] cores updated to: [2, 1]
[monitor] ['85%', '100%', '98%', '74%']  memcached=159.5%
[monitor] ['83%', '100%', '100%', '79%']  memcached=162.1%
[monitor] ['89%', '100%', '100%', '98%']  memcached=187.0%
[MEMCACHED] cores updated to: ['0', '1', '3']
[freqmine] cores updated to: [2]
[monitor] ['67%', '70%', '100%', '61%']  memcached=197.7%
[monitor] ['61%', '66%', '100%', '60%']  memcached=186.9%
[monitor] ['69%', '76%', '100%', '71%']  memcached=215.8%
[monitor] ['64%', '69%', '100%', '62%']  memcached=194.9%
[monitor] ['67%', '70%', '100%', '63%']  memcached=199.7%
[monitor] ['74%', '78%', '100%', '71%']  memcached=223.6%
[monitor] ['71%', '74%', '100%', '67%']  memcached=210.8%
[monitor] ['47%', '48%', '100%', '39%']  memcached=134.5%
[MEMCACHED] cores updated to: ['0', '3']
[freqmine] cores updated to: [2, 1]
[monitor] ['35%', '100%', '100%', '27%']  memcached=61.5%
[MEMCACHED] cores updated to: ['0']
[freqmine] cores updated to: [2, 1, 3]
[monitor] ['89%', '100%', '100%', '100%']  memcached=88.6%
[MEMCACHED] cores updated to: ['0', '3']
[freqmine] cores updated to: [2, 1]
[monitor] ['35%', '100%', '100%', '27%']  memcached=61.5%
[MEMCACHED] cores updated to: ['0']
[freqmine] cores updated to: [2, 1, 3]
[monitor] ['100%', '100%', '100%', '100%']  memcached=100.0%
[MEMCACHED] cores updated to: ['0', '1', '2']
[freqmine] cores updated to: [3]
[monitor] ['23%', '18%', '11%', '100%']  memcached=52.3%
[MEMCACHED] cores updated to: ['0']
[freqmine] cores updated to: [2, 1, 3]
[monitor] ['82%', '100%', '100%', '100%']  memcached=82.4%
[monitor] ['100%', '100%', '100%', '100%']  memcached=100.0%
[MEMCACHED] cores updated to: ['0', '2', '3']
[freqmine] cores updated to: [1]
[monitor] ['17%', '100%', '14%', '8%']  memcached=39.2%
[MEMCACHED] cores updated to: ['0']
[freqmine] cores updated to: [2, 1, 3]
[monitor] ['92%', '100%', '100%', '100%']  memcached=92.1%
[MEMCACHED] cores updated to: ['0', '1']
[freqmine] cores updated to: [2, 3]
[monitor] ['39%', '62%', '100%', '100%']  memcached=101.8%
[monitor] ['7%', '10%', '100%', '100%']  memcached=17.2%
[MEMCACHED] cores updated to: ['0']
[freqmine] cores updated to: [2, 1, 3]
[monitor] ['61%', '100%', '100%', '100%']  memcached=61.3%
[monitor] ['12%', '100%', '100%', '100%']  memcached=12.0%
[monitor] ['4%', '100%', '100%', '100%']  memcached=4.2%
[monitor] ['59%', '100%', '100%', '100%']  memcached=58.6%
[monitor] ['13%', '100%', '100%', '100%']  memcached=13.0%
[monitor] ['16%', '100%', '100%', '100%']  memcached=16.0%
[monitor] ['43%', '100%', '100%', '100%']  memcached=43.3%
[monitor] ['8%', '100%', '100%', '100%']  memcached=8.0%
[monitor] ['8%', '100%', '100%', '100%']  memcached=8.3%
[monitor] ['41%', '100%', '100%', '100%']  memcached=40.7%
[monitor] ['20%', '100%', '100%', '100%']  memcached=20.0%
[monitor] ['54%', '100%', '100%', '100%']  memcached=53.6%
[monitor] ['76%', '100%', '100%', '100%']  memcached=75.9%
[monitor] ['79%', '100%', '100%', '100%']  memcached=78.8%
[monitor] ['73%', '100%', '100%', '100%']  memcached=73.3%
[monitor] ['78%', '100%', '100%', '100%']  memcached=78.1%
[monitor] ['68%', '100%', '100%', '100%']  memcached=67.9%
[monitor] ['85%', '100%', '100%', '100%']  memcached=85.3%
[MEMCACHED] cores updated to: ['0', '3']
[freqmine] cores updated to: [2, 1]
[monitor] ['31%', '100%', '100%', '20%']  memcached=51.0%
[MEMCACHED] cores updated to: ['0']
[freqmine] cores updated to: [2, 1, 3]
[monitor] ['82%', '100%', '100%', '100%']  memcached=82.4%
[monitor] ['82%', '100%', '100%', '100%']  memcached=81.8%
[monitor] ['82%', '100%', '100%', '100%']  memcached=81.8%
[monitor] ['77%', '100%', '100%', '100%']  memcached=77.4%
[monitor] ['89%', '100%', '100%', '100%']  memcached=88.9%
[MEMCACHED] cores updated to: ['0', '2']
[freqmine] cores updated to: [1, 3]
[monitor] ['100%', '100%', '100%', '100%']  memcached=200.0%
[MEMCACHED] cores updated to: ['0', '1', '2']
[freqmine] cores updated to: [3]
[monitor] ['61%', '64%', '55%', '100%']  memcached=180.1%
[monitor] ['73%', '72%', '56%', '100%']  memcached=200.2%
[monitor] ['67%', '65%', '54%', '100%']  memcached=184.8%
[monitor] ['66%', '71%', '58%', '100%']  memcached=194.3%
[monitor] ['76%', '79%', '67%', '100%']  memcached=221.2%
[monitor] ['70%', '74%', '63%', '100%']  memcached=206.6%
[monitor] ['89%', '74%', '73%', '100%']  memcached=236.2%
[monitor] ['59%', '63%', '57%', '100%']  memcached=178.6%
[monitor] ['66%', '67%', '52%', '100%']  memcached=184.0%
[monitor] ['74%', '72%', '57%', '100%']  memcached=202.5%
[monitor] ['55%', '56%', '47%', '100%']  memcached=158.1%
[MEMCACHED] cores updated to: ['0', '2']
[freqmine] cores updated to: [1, 3]
[monitor] ['62%', '100%', '59%', '100%']  memcached=120.7%
[monitor] ['55%', '100%', '44%', '100%']  memcached=99.6%
[monitor] ['54%', '100%', '46%', '100%']  memcached=100.0%
[monitor] ['48%', '100%', '46%', '100%']  memcached=94.3%
[monitor] ['63%', '100%', '60%', '100%']  memcached=123.0%
[monitor] ['52%', '100%', '48%', '100%']  memcached=100.0%
[monitor] ['59%', '100%', '48%', '100%']  memcached=106.8%
[monitor] ['59%', '100%', '46%', '100%']  memcached=104.8%
[monitor] ['46%', '100%', '44%', '100%']  memcached=90.2%
[monitor] ['52%', '100%', '46%', '100%']  memcached=98.3%
[monitor] ['59%', '100%', '52%', '100%']  memcached=110.3%
[monitor] ['57%', '100%', '48%', '100%']  memcached=105.1%
[monitor] ['56%', '100%', '50%', '100%']  memcached=105.6%
[monitor] ['52%', '100%', '46%', '100%']  memcached=98.2%
[monitor] ['65%', '100%', '57%', '100%']  memcached=121.2%
[monitor] ['63%', '100%', '59%', '100%']  memcached=122.0%
[monitor] ['54%', '100%', '44%', '100%']  memcached=98.3%
[monitor] ['55%', '100%', '52%', '100%']  memcached=107.0%
[monitor] ['62%', '100%', '55%', '100%']  memcached=117.2%
[monitor] ['56%', '100%', '50%', '100%']  memcached=105.6%
[monitor] ['55%', '100%', '52%', '100%']  memcached=107.0%
[monitor] ['59%', '100%', '48%', '100%']  memcached=106.8%
[monitor] ['59%', '100%', '54%', '100%']  memcached=112.2%
[monitor] ['53%', '100%', '54%', '100%']  memcached=107.2%
[monitor] ['69%', '100%', '71%', '100%']  memcached=139.7%
[monitor] ['75%', '100%', '73%', '100%']  memcached=147.7%
[monitor] ['89%', '100%', '86%', '100%']  memcached=175.3%
[MEMCACHED] cores updated to: ['0', '2', '3']
[freqmine] cores updated to: [1]
[monitor] ['53%', '100%', '39%', '43%']  memcached=135.5%
[MEMCACHED] cores updated to: ['0', '3']
[freqmine] cores updated to: [2, 1]
[monitor] ['71%', '100%', '100%', '68%']  memcached=138.3%
[monitor] ['74%', '100%', '100%', '66%']  memcached=139.2%
[monitor] ['86%', '100%', '100%', '79%']  memcached=165.1%
[monitor] ['76%', '100%', '100%', '67%']  memcached=143.1%
[monitor] ['76%', '100%', '100%', '76%']  memcached=152.2%
[monitor] ['75%', '100%', '100%', '68%']  memcached=142.7%
[monitor] ['79%', '100%', '100%', '70%']  memcached=149.1%
[monitor] ['79%', '100%', '100%', '76%']  memcached=155.9%
[monitor] ['18%', '100%', '100%', '18%']  memcached=35.7%
[MEMCACHED] cores updated to: ['0']
[freqmine] cores updated to: [2, 1, 3]
[monitor] ['18%', '100%', '100%', '100%']  memcached=18.2%
[monitor] ['18%', '100%', '100%', '100%']  memcached=18.2%
[monitor] ['25%', '100%', '100%', '100%']  memcached=25.0%
[monitor] ['29%', '100%', '100%', '100%']  memcached=29.2%
[monitor] ['18%', '100%', '100%', '100%']  memcached=18.2%
[monitor] ['48%', '100%', '100%', '100%']  memcached=48.1%
[monitor] ['29%', '100%', '100%', '100%']  memcached=29.2%
[monitor] ['29%', '100%', '100%', '100%']  memcached=29.2%
[monitor] ['29%', '100%', '100%', '100%']  memcached=29.2%
[monitor] ['50%', '100%', '100%', '100%']  memcached=50.0%
[monitor] ['22%', '100%', '100%', '100%']  memcached=21.7%
[monitor] ['82%', '100%', '100%', '100%']  memcached=81.8%
[monitor] ['100%', '100%', '100%', '100%']  memcached=100.0%
[MEMCACHED] cores updated to: ['0', '1', '2']
[freqmine] cores updated to: [3]
[monitor] ['44%', '36%', '32%', '100%']  memcached=111.6%
[MEMCACHED] cores updated to: ['0', '2']
[freqmine] cores updated to: [1, 3]
[monitor] ['52%', '100%', '44%', '100%']  memcached=96.2%
[monitor] ['57%', '100%', '44%', '100%']  memcached=101.6%
[monitor] ['79%', '100%', '75%', '100%']  memcached=154.4%
[monitor] ['58%', '100%', '48%', '100%']  memcached=106.2%
[monitor] ['54%', '100%', '41%', '100%']  memcached=94.3%
[monitor] ['58%', '100%', '50%', '100%']  memcached=108.1%
[monitor] ['54%', '100%', '43%', '100%']  memcached=96.4%
[monitor] ['52%', '100%', '42%', '100%']  memcached=94.0%
[monitor] ['63%', '100%', '48%', '100%']  memcached=111.5%
[monitor] ['41%', '100%', '35%', '100%']  memcached=76.7%
[MEMCACHED] cores updated to: ['0']
[freqmine] cores updated to: [2, 1, 3]
[monitor] ['12%', '100%', '100%', '100%']  memcached=11.5%
[monitor] ['8%', '100%', '100%', '100%']  memcached=7.7%
[monitor] ['16%', '100%', '100%', '100%']  memcached=16.0%
[monitor] ['22%', '100%', '100%', '100%']  memcached=22.2%
[monitor] ['8%', '100%', '100%', '100%']  memcached=8.0%
[monitor] ['17%', '100%', '100%', '100%']  memcached=16.7%
[monitor] ['8%', '100%', '100%', '100%']  memcached=7.7%
[monitor] ['4%', '100%', '100%', '100%']  memcached=4.2%
[monitor] ['15%', '100%', '100%', '100%']  memcached=14.8%
[monitor] ['8%', '100%', '100%', '100%']  memcached=7.7%
[monitor] ['4%', '100%', '100%', '100%']  memcached=4.2%
[monitor] ['64%', '100%', '100%', '100%']  memcached=63.6%
[monitor] ['100%', '100%', '100%', '100%']  memcached=100.0%
[MEMCACHED] cores updated to: ['0', '2', '3']
[freqmine] cores updated to: [1]
[monitor] ['83%', '100%', '75%', '74%']  memcached=231.9%
[monitor] ['63%', '100%', '48%', '61%']  memcached=172.4%
[monitor] ['57%', '100%', '48%', '57%']  memcached=161.6%
[monitor] ['55%', '100%', '45%', '48%']  memcached=147.9%
[MEMCACHED] cores updated to: ['0', '3']
[freqmine] cores updated to: [2, 1]
[monitor] ['78%', '100%', '100%', '79%']  memcached=157.8%
[monitor] ['80%', '100%', '100%', '74%']  memcached=154.2%
[monitor] ['84%', '100%', '100%', '77%']  memcached=160.9%
[monitor] ['86%', '100%', '100%', '77%']  memcached=163.6%
[monitor] ['87%', '100%', '100%', '79%']  memcached=166.3%
[monitor] ['83%', '100%', '100%', '83%']  memcached=166.7%
[monitor] ['78%', '100%', '100%', '66%']  memcached=143.4%
[monitor] ['72%', '100%', '100%', '66%']  memcached=137.5%
[monitor] ['53%', '100%', '100%', '48%']  memcached=101.6%
[monitor] ['58%', '100%', '100%', '45%']  memcached=102.9%
[monitor] ['65%', '100%', '100%', '66%']  memcached=130.1%
[monitor] ['55%', '100%', '100%', '48%']  memcached=103.4%
[monitor] ['55%', '100%', '100%', '41%']  memcached=96.6%
[monitor] ['66%', '100%', '100%', '37%']  memcached=102.7%
[monitor] ['69%', '100%', '100%', '58%']  memcached=126.8%
[monitor] ['63%', '100%', '100%', '35%']  memcached=97.9%
[monitor] ['58%', '100%', '100%', '38%']  memcached=96.5%
[monitor] ['61%', '100%', '100%', '43%']  memcached=104.6%
[monitor] ['60%', '100%', '85%', '37%']  memcached=97.0%
[monitor] ['41%', '36%', '33%', '41%']  memcached=82.1%
[freqmine] ended.
[streamcluster] started on cores: [1, 2] with 3 threads.
[monitor] ['38%', '67%', '50%', '39%']  memcached=77.2%
[MEMCACHED] cores updated to: ['0']
[streamcluster] cores updated to: [1, 2, 3]
[monitor] ['77%', '58%', '26%', '46%']  memcached=77.4%
[monitor] ['82%', '95%', '63%', '58%']  memcached=82.4%
[monitor] ['83%', '90%', '85%', '89%']  memcached=82.9%
[monitor] ['95%', '100%', '76%', '95%']  memcached=94.9%
[MEMCACHED] cores updated to: ['0', '1']
[streamcluster] cores updated to: [2, 3]
[monitor] ['33%', '41%', '95%', '95%']  memcached=74.1%
[MEMCACHED] cores updated to: ['0']
[streamcluster] cores updated to: [1, 2, 3]
[monitor] ['89%', '100%', '87%', '90%']  memcached=89.2%
[MEMCACHED] cores updated to: ['0', '2']
[streamcluster] cores updated to: [1, 3]
[monitor] ['31%', '100%', '32%', '97%']  memcached=63.0%
[MEMCACHED] cores updated to: ['0']
[streamcluster] cores updated to: [1, 2, 3]
[monitor] ['98%', '98%', '74%', '95%']  memcached=97.5%
[MEMCACHED] cores updated to: ['0', '1', '3']
[streamcluster] cores updated to: [2]
[monitor] ['34%', '28%', '100%', '12%']  memcached=74.5%
[MEMCACHED] cores updated to: ['0']
[streamcluster] cores updated to: [1, 2, 3]
[monitor] ['100%', '98%', '82%', '98%']  memcached=100.0%
[MEMCACHED] cores updated to: ['0', '2', '3']
[streamcluster] cores updated to: [1]
[monitor] ['71%', '100%', '68%', '74%']  memcached=212.5%
[monitor] ['39%', '100%', '33%', '43%']  memcached=115.5%
[MEMCACHED] cores updated to: ['0', '3']
[streamcluster] cores updated to: [1, 2]
[monitor] ['81%', '95%', '90%', '76%']  memcached=157.6%
[monitor] ['86%', '100%', '92%', '89%']  memcached=175.4%
[MEMCACHED] cores updated to: ['0', '1', '3']
[streamcluster] cores updated to: [2]
[monitor] ['50%', '48%', '100%', '43%']  memcached=141.7%
[MEMCACHED] cores updated to: ['0', '3']
[streamcluster] cores updated to: [1, 2]
[monitor] ['81%', '90%', '92%', '78%']  memcached=158.9%
[monitor] ['83%', '95%', '95%', '76%']  memcached=158.6%
[monitor] ['74%', '95%', '92%', '73%']  memcached=146.3%
[monitor] ['76%', '95%', '85%', '74%']  memcached=150.0%
[monitor] ['82%', '89%', '95%', '92%']  memcached=173.2%
[MEMCACHED] cores updated to: ['0', '2', '3']
[streamcluster] cores updated to: [1]
[monitor] ['40%', '100%', '33%', '41%']  memcached=114.1%
[MEMCACHED] cores updated to: ['0', '3']
[streamcluster] cores updated to: [1, 2]
[monitor] ['80%', '98%', '84%', '83%']  memcached=162.9%
[monitor] ['74%', '95%', '90%', '69%']  memcached=143.0%
[monitor] ['80%', '98%', '87%', '83%']  memcached=163.3%
[monitor] ['74%', '97%', '92%', '68%']  memcached=141.3%
[monitor] ['74%', '92%', '95%', '73%']  memcached=146.3%
[monitor] ['76%', '100%', '85%', '59%']  memcached=135.1%
[monitor] ['70%', '98%', '88%', '63%']  memcached=133.0%
[monitor] ['76%', '90%', '95%', '68%']  memcached=144.2%
[monitor] ['79%', '98%', '92%', '73%']  memcached=152.1%
[monitor] ['81%', '100%', '90%', '68%']  memcached=148.3%
[monitor] ['80%', '92%', '98%', '76%']  memcached=156.5%
[monitor] ['29%', '95%', '98%', '19%']  memcached=47.9%
[MEMCACHED] cores updated to: ['0']
[streamcluster] cores updated to: [3, 1, 2]
[monitor] ['8%', '100%', '78%', '98%']  memcached=7.7%
[monitor] ['8%', '100%', '82%', '98%']  memcached=7.7%
[monitor] ['21%', '100%', '76%', '100%']  memcached=21.4%
[monitor] ['19%', '92%', '87%', '92%']  memcached=19.2%
[monitor] ['11%', '100%', '77%', '98%']  memcached=11.1%
[monitor] ['11%', '100%', '77%', '98%']  memcached=10.7%
[monitor] ['11%', '100%', '78%', '98%']  memcached=11.1%
[monitor] ['4%', '100%', '80%', '98%']  memcached=4.0%
[monitor] ['14%', '100%', '72%', '98%']  memcached=14.3%
[monitor] ['11%', '100%', '67%', '95%']  memcached=11.1%
[monitor] ['12%', '100%', '85%', '100%']  memcached=11.5%
[monitor] ['4%', '100%', '85%', '95%']  memcached=4.3%
[monitor] ['17%', '98%', '85%', '97%']  memcached=16.7%
[monitor] ['17%', '100%', '85%', '95%']  memcached=17.4%
[monitor] ['12%', '100%', '85%', '98%']  memcached=12.5%
[monitor] ['20%', '100%', '82%', '97%']  memcached=20.0%
[monitor] ['17%', '100%', '85%', '98%']  memcached=17.4%
[monitor] ['12%', '100%', '80%', '98%']  memcached=12.5%
[monitor] ['17%', '100%', '85%', '100%']  memcached=16.7%
[monitor] ['17%', '100%', '87%', '100%']  memcached=17.4%
[monitor] ['13%', '98%', '85%', '98%']  memcached=13.0%
[monitor] ['17%', '100%', '84%', '95%']  memcached=16.7%
[monitor] ['41%', '85%', '85%', '87%']  memcached=40.7%
[monitor] ['25%', '100%', '82%', '98%']  memcached=25.0%
[monitor] ['100%', '100%', '82%', '95%']  memcached=100.0%
[MEMCACHED] cores updated to: ['0', '1', '3']
[streamcluster] cores updated to: [2]
[monitor] ['76%', '77%', '100%', '78%']  memcached=231.4%
[monitor] ['55%', '55%', '100%', '42%']  memcached=152.0%
[MEMCACHED] cores updated to: ['0', '3']
[streamcluster] cores updated to: [1, 2]
[monitor] ['87%', '95%', '92%', '86%']  memcached=173.0%
[MEMCACHED] cores updated to: ['0', '2', '3']
[streamcluster] cores updated to: [1]
[monitor] ['58%', '100%', '50%', '58%']  memcached=165.6%
[monitor] ['70%', '100%', '59%', '76%']  memcached=204.8%
[monitor] ['50%', '100%', '39%', '50%']  memcached=139.3%
[MEMCACHED] cores updated to: ['0', '3']
[streamcluster] cores updated to: [2, 1]
[monitor] ['84%', '97%', '90%', '83%']  memcached=167.1%
[monitor] ['83%', '95%', '95%', '89%']  memcached=172.3%
[MEMCACHED] cores updated to: ['0', '2', '3']
[streamcluster] cores updated to: [1]
[monitor] ['52%', '100%', '41%', '53%']  memcached=145.7%
[MEMCACHED] cores updated to: ['0', '3']
[streamcluster] cores updated to: [2, 1]
[monitor] ['89%', '84%', '95%', '92%']  memcached=180.8%
[MEMCACHED] cores updated to: ['0', '1', '3']
[streamcluster] cores updated to: [2]
[monitor] ['12%', '3%', '100%', '6%']  memcached=21.9%
[MEMCACHED] cores updated to: ['0']
[streamcluster] cores updated to: [2, 1, 3]
[monitor] ['20%', '100%', '79%', '98%']  memcached=20.0%
[monitor] ['14%', '100%', '79%', '98%']  memcached=13.6%
[monitor] ['14%', '98%', '82%', '98%']  memcached=13.6%
[monitor] ['21%', '100%', '79%', '97%']  memcached=20.8%
[monitor] ['9%', '100%', '80%', '98%']  memcached=9.1%
[monitor] ['13%', '100%', '79%', '100%']  memcached=13.0%
[monitor] ['17%', '100%', '77%', '95%']  memcached=16.7%
[monitor] ['21%', '100%', '80%', '100%']  memcached=20.8%
[monitor] ['28%', '100%', '71%', '98%']  memcached=28.0%
[monitor] ['17%', '100%', '69%', '98%']  memcached=17.4%
[monitor] ['28%', '100%', '82%', '97%']  memcached=28.0%
[monitor] ['17%', '100%', '80%', '98%']  memcached=16.7%
[monitor] ['12%', '100%', '80%', '98%']  memcached=12.5%
[monitor] ['4%', '100%', '79%', '100%']  memcached=4.3%
[monitor] ['13%', '100%', '78%', '98%']  memcached=13.0%
[monitor] ['32%', '92%', '85%', '89%']  memcached=32.0%
[monitor] ['13%', '100%', '76%', '100%']  memcached=13.0%
[monitor] ['33%', '98%', '82%', '90%']  memcached=33.3%
[monitor] ['9%', '100%', '82%', '98%']  memcached=9.1%
[monitor] ['17%', '98%', '82%', '95%']  memcached=16.7%
[monitor] ['17%', '100%', '82%', '98%']  memcached=16.7%
[monitor] ['9%', '100%', '78%', '98%']  memcached=9.1%
[monitor] ['13%', '100%', '80%', '98%']  memcached=13.0%
[monitor] ['13%', '100%', '77%', '98%']  memcached=13.0%
[monitor] ['25%', '100%', '82%', '98%']  memcached=25.0%
[monitor] ['26%', '100%', '82%', '100%']  memcached=26.1%
[monitor] ['22%', '100%', '78%', '98%']  memcached=21.7%
[monitor] ['23%', '98%', '79%', '98%']  memcached=22.7%
[monitor] ['63%', '82%', '92%', '80%']  memcached=63.3%
[monitor] ['36%', '100%', '88%', '95%']  memcached=36.0%
[monitor] ['29%', '100%', '85%', '97%']  memcached=29.2%
[monitor] ['18%', '100%', '79%', '98%']  memcached=18.2%
[monitor] ['25%', '100%', '80%', '100%']  memcached=25.0%
[monitor] ['28%', '100%', '78%', '98%']  memcached=28.0%
[monitor] ['14%', '100%', '79%', '98%']  memcached=14.3%
[monitor] ['26%', '100%', '79%', '98%']  memcached=26.1%
[monitor] ['97%', '100%', '88%', '95%']  memcached=97.4%
[MEMCACHED] cores updated to: ['0', '2', '3']
[streamcluster] cores updated to: [1]
[monitor] ['100%', '100%', '98%', '100%']  memcached=297.5%
[monitor] ['100%', '100%', '82%', '100%']  memcached=282.4%
[monitor] ['97%', '100%', '83%', '95%']  memcached=275.0%
[monitor] ['84%', '100%', '74%', '81%']  memcached=238.3%
[monitor] ['86%', '100%', '71%', '81%']  memcached=237.6%
[monitor] ['84%', '100%', '69%', '83%']  memcached=236.1%
[monitor] ['95%', '100%', '82%', '92%']  memcached=268.5%
[monitor] ['83%', '100%', '73%', '81%']  memcached=237.1%
[monitor] ['81%', '100%', '67%', '79%']  memcached=227.2%
[monitor] ['76%', '100%', '65%', '76%']  memcached=216.7%
[monitor] ['81%', '100%', '68%', '79%']  memcached=228.2%
[monitor] ['53%', '100%', '43%', '48%']  memcached=145.1%
[MEMCACHED] cores updated to: ['0', '3']
[streamcluster] cores updated to: [2, 1]
[monitor] ['76%', '98%', '87%', '69%']  memcached=145.2%
[monitor] ['74%', '98%', '93%', '68%']  memcached=141.3%
[monitor] ['71%', '100%', '95%', '66%']  memcached=136.6%
[monitor] ['71%', '92%', '95%', '71%']  memcached=142.4%
[monitor] ['75%', '100%', '95%', '70%']  memcached=144.7%
[monitor] ['71%', '98%', '100%', '65%']  memcached=135.1%
[monitor] ['74%', '95%', '93%', '72%']  memcached=146.2%
[monitor] ['69%', '98%', '95%', '60%']  memcached=128.8%
[monitor] ['67%', '92%', '93%', '62%']  memcached=129.2%
[monitor] ['75%', '97%', '95%', '61%']  memcached=136.3%
[monitor] ['83%', '92%', '97%', '72%']  memcached=155.2%
[monitor] ['76%', '95%', '97%', '64%']  memcached=140.1%
[monitor] ['67%', '100%', '93%', '60%']  memcached=126.7%
[monitor] ['58%', '98%', '95%', '50%']  memcached=108.1%
[monitor] ['57%', '97%', '97%', '50%']  memcached=106.7%
[monitor] ['62%', '95%', '95%', '58%']  memcached=120.6%
[monitor] ['54%', '95%', '97%', '53%']  memcached=106.9%
[monitor] ['73%', '95%', '98%', '72%']  memcached=144.6%
[monitor] ['62%', '98%', '95%', '60%']  memcached=121.8%
[monitor] ['58%', '98%', '95%', '52%']  memcached=109.8%
[monitor] ['65%', '95%', '100%', '58%']  memcached=122.6%
[monitor] ['61%', '98%', '95%', '59%']  memcached=119.9%
[monitor] ['62%', '98%', '92%', '52%']  memcached=113.8%
[monitor] ['50%', '97%', '95%', '53%']  memcached=103.3%
[monitor] ['31%', '100%', '92%', '31%']  memcached=61.5%
[MEMCACHED] cores updated to: ['0']
[streamcluster] cores updated to: [2, 1, 3]
[monitor] ['91%', '100%', '87%', '95%']  memcached=91.4%
[MEMCACHED] cores updated to: ['0', '1']
[streamcluster] cores updated to: [2, 3]
[monitor] ['39%', '37%', '92%', '95%']  memcached=76.3%
[MEMCACHED] cores updated to: ['0']
[streamcluster] cores updated to: [2, 1, 3]
[monitor] ['85%', '100%', '82%', '98%']  memcached=85.3%
[MEMCACHED] cores updated to: ['0', '3']
[streamcluster] cores updated to: [2, 1]
[monitor] ['42%', '100%', '92%', '45%']  memcached=87.1%
[monitor] ['32%', '95%', '92%', '31%']  memcached=62.8%
[MEMCACHED] cores updated to: ['0']
[streamcluster] cores updated to: [2, 1, 3]
[monitor] ['85%', '100%', '82%', '95%']  memcached=85.3%
[MEMCACHED] cores updated to: ['0', '2']
[streamcluster] cores updated to: [1, 3]
[monitor] ['33%', '100%', '28%', '98%']  memcached=61.3%
[MEMCACHED] cores updated to: ['0']
[streamcluster] cores updated to: [2, 1, 3]
[monitor] ['88%', '100%', '85%', '95%']  memcached=88.2%
[MEMCACHED] cores updated to: ['0', '1']
[streamcluster] cores updated to: [2, 3]
[monitor] ['61%', '71%', '95%', '95%']  memcached=131.9%
[monitor] ['33%', '31%', '95%', '100%']  memcached=64.4%
[MEMCACHED] cores updated to: ['0']
[streamcluster] cores updated to: [2, 1, 3]
[monitor] ['12%', '100%', '85%', '97%']  memcached=12.0%
[monitor] ['12%', '100%', '78%', '97%']  memcached=12.0%
[monitor] ['4%', '100%', '77%', '98%']  memcached=4.0%
[monitor] ['17%', '100%', '79%', '98%']  memcached=17.2%
[monitor] ['12%', '100%', '77%', '98%']  memcached=11.5%
[monitor] ['15%', '100%', '80%', '98%']  memcached=14.8%
[monitor] ['8%', '98%', '80%', '98%']  memcached=8.0%
[monitor] ['7%', '100%', '75%', '98%']  memcached=7.4%
[monitor] ['12%', '98%', '79%', '100%']  memcached=11.5%
[monitor] ['11%', '100%', '77%', '98%']  memcached=11.1%
[monitor] ['8%', '100%', '78%', '98%']  memcached=7.7%
[monitor] ['4%', '71%', '85%', '70%']  memcached=3.8%
[monitor] ['9%', '70%', '90%', '66%']  memcached=9.1%
[monitor] ['14%', '100%', '75%', '92%']  memcached=14.3%
[monitor] ['11%', '100%', '75%', '100%']  memcached=11.4%
[monitor] ['12%', '100%', '79%', '100%']  memcached=11.8%
[monitor] ['12%', '100%', '79%', '98%']  memcached=11.8%
[monitor] ['14%', '98%', '79%', '100%']  memcached=14.3%
[monitor] ['12%', '100%', '79%', '100%']  memcached=11.8%
[monitor] ['3%', '100%', '77%', '100%']  memcached=3.1%
[monitor] ['17%', '100%', '75%', '100%']  memcached=16.7%
[monitor] ['14%', '98%', '78%', '100%']  memcached=13.9%
[monitor] ['9%', '100%', '74%', '100%']  memcached=9.1%
[monitor] ['6%', '100%', '65%', '98%']  memcached=6.2%
[monitor] ['72%', '100%', '82%', '97%']  memcached=72.5%
[monitor] ['100%', '100%', '79%', '95%']  memcached=100.0%
[MEMCACHED] cores updated to: ['0', '2', '3']
[streamcluster] cores updated to: [1]
[monitor] ['100%', '100%', '92%', '100%']  memcached=292.1%
[monitor] ['86%', '100%', '67%', '86%']  memcached=238.9%
[monitor] ['75%', '100%', '66%', '74%']  memcached=214.9%
[monitor] ['71%', '100%', '59%', '72%']  memcached=201.8%
[monitor] ['75%', '100%', '61%', '67%']  memcached=203.0%
[monitor] ['76%', '100%', '62%', '74%']  memcached=211.7%
[monitor] ['76%', '100%', '61%', '70%']  memcached=206.1%
[monitor] ['76%', '100%', '67%', '74%']  memcached=217.3%
[monitor] ['77%', '100%', '65%', '72%']  memcached=213.5%
[monitor] ['79%', '100%', '66%', '73%']  memcached=217.3%
[monitor] ['51%', '100%', '27%', '35%']  memcached=113.4%
[MEMCACHED] cores updated to: ['0', '3']
[streamcluster] cores updated to: [2, 1]
[monitor] ['18%', '97%', '92%', '10%']  memcached=28.2%
[MEMCACHED] cores updated to: ['0']
[streamcluster] cores updated to: [2, 1, 3]
[monitor] ['17%', '100%', '79%', '100%']  memcached=16.7%
[monitor] ['19%', '100%', '80%', '98%']  memcached=19.2%
[monitor] ['13%', '100%', '80%', '100%']  memcached=13.0%
[monitor] ['12%', '100%', '79%', '98%']  memcached=12.5%
[monitor] ['12%', '100%', '80%', '100%']  memcached=12.5%
[monitor] ['21%', '100%', '80%', '98%']  memcached=20.8%
[monitor] ['19%', '100%', '85%', '100%']  memcached=19.2%
[monitor] ['13%', '100%', '82%', '98%']  memcached=13.0%
[monitor] ['17%', '100%', '82%', '100%']  memcached=16.7%
[monitor] ['24%', '100%', '82%', '100%']  memcached=24.0%
[monitor] ['57%', '100%', '82%', '98%']  memcached=56.7%
[monitor] ['100%', '100%', '85%', '92%']  memcached=100.0%
[MEMCACHED] cores updated to: ['0', '1', '3']
[streamcluster] cores updated to: [2]
[monitor] ['67%', '65%', '100%', '65%']  memcached=195.9%
[monitor] ['48%', '48%', '100%', '47%']  memcached=143.4%
[MEMCACHED] cores updated to: ['0', '3']
[streamcluster] cores updated to: [2, 1]
[monitor] ['76%', '95%', '98%', '79%']  memcached=155.2%
[monitor] ['80%', '98%', '92%', '72%']  memcached=151.9%
[monitor] ['75%', '98%', '95%', '76%']  memcached=151.5%
[monitor] ['76%', '95%', '95%', '74%']  memcached=149.3%
[monitor] ['81%', '98%', '90%', '69%']  memcached=150.0%
[monitor] ['78%', '98%', '90%', '76%']  memcached=153.5%
[monitor] ['76%', '95%', '95%', '74%']  memcached=150.8%
[monitor] ['77%', '97%', '97%', '78%']  memcached=154.9%
[monitor] ['83%', '100%', '87%', '76%']  memcached=159.8%
[monitor] ['95%', '98%', '92%', '89%']  memcached=183.6%
[MEMCACHED] cores updated to: ['0', '2', '3']
[streamcluster] cores updated to: [1]
[monitor] ['71%', '100%', '57%', '67%']  memcached=194.8%
[monitor] ['67%', '100%', '59%', '70%']  memcached=195.7%
[monitor] ['74%', '100%', '62%', '71%']  memcached=207.0%
[monitor] ['67%', '100%', '57%', '66%']  memcached=189.0%
[monitor] ['67%', '100%', '57%', '68%']  memcached=191.1%
[monitor] ['69%', '100%', '55%', '62%']  memcached=185.9%
[monitor] ['71%', '100%', '57%', '71%']  memcached=198.7%
[monitor] ['70%', '100%', '59%', '70%']  memcached=198.8%
[monitor] ['72%', '100%', '62%', '67%']  memcached=201.4%
[monitor] ['72%', '100%', '59%', '70%']  memcached=201.3%
[monitor] ['61%', '100%', '48%', '62%']  memcached=171.2%
[monitor] ['14%', '100%', '6%', '3%']  memcached=23.1%
[MEMCACHED] cores updated to: ['0']
[streamcluster] cores updated to: [2, 1, 3]
[monitor] ['8%', '100%', '79%', '97%']  memcached=8.0%
[monitor] ['4%', '100%', '79%', '98%']  memcached=4.2%
[monitor] ['15%', '100%', '82%', '97%']  memcached=15.4%
[monitor] ['19%', '100%', '80%', '98%']  memcached=18.5%
[monitor] ['4%', '100%', '78%', '98%']  memcached=4.2%
[monitor] ['12%', '100%', '77%', '98%']  memcached=11.5%
[monitor] ['12%', '100%', '75%', '98%']  memcached=11.5%
[monitor] ['15%', '100%', '80%', '98%']  memcached=15.4%
[monitor] ['12%', '100%', '82%', '98%']  memcached=11.5%
[monitor] ['12%', '100%', '79%', '98%']  memcached=11.5%
[monitor] ['18%', '100%', '78%', '98%']  memcached=17.9%
[monitor] ['67%', '100%', '82%', '97%']  memcached=66.7%
[monitor] ['69%', '100%', '79%', '95%']  memcached=69.0%
[monitor] ['67%', '100%', '79%', '95%']  memcached=66.7%
[monitor] ['68%', '100%', '82%', '97%']  memcached=67.9%
[monitor] ['63%', '100%', '82%', '98%']  memcached=63.0%
[monitor] ['63%', '100%', '77%', '95%']  memcached=63.3%
[monitor] ['70%', '100%', '82%', '98%']  memcached=70.0%
[monitor] ['64%', '100%', '80%', '98%']  memcached=64.3%
[monitor] ['66%', '100%', '82%', '95%']  memcached=65.5%
[monitor] ['66%', '100%', '80%', '95%']  memcached=65.5%
[monitor] ['67%', '100%', '79%', '98%']  memcached=66.7%
[monitor] ['63%', '100%', '87%', '97%']  memcached=63.0%
[monitor] ['89%', '98%', '80%', '98%']  memcached=88.6%
[MEMCACHED] cores updated to: ['0', '1']
[streamcluster] cores updated to: [2, 3]
[monitor] ['83%', '87%', '98%', '90%']  memcached=170.2%
[MEMCACHED] cores updated to: ['0', '1', '3']
[streamcluster] cores updated to: [2]
[monitor] ['52%', '52%', '100%', '47%']  memcached=149.9%
[MEMCACHED] cores updated to: ['0', '3']
[streamcluster] cores updated to: [2, 1]
[monitor] ['74%', '100%', '92%', '69%']  memcached=143.0%
[monitor] ['77%', '98%', '90%', '73%']  memcached=149.9%
[monitor] ['81%', '95%', '97%', '69%']  memcached=149.3%
[monitor] ['78%', '98%', '93%', '73%']  memcached=151.1%
[monitor] ['72%', '95%', '95%', '69%']  memcached=140.6%
[monitor] ['80%', '97%', '92%', '77%']  memcached=157.1%
[monitor] ['77%', '97%', '90%', '62%']  memcached=139.6%
[monitor] ['77%', '97%', '92%', '74%']  memcached=150.7%
[monitor] ['78%', '98%', '98%', '74%']  memcached=151.3%
[monitor] ['83%', '98%', '95%', '80%']  memcached=163.3%
[monitor] ['84%', '95%', '95%', '82%']  memcached=166.6%
[monitor] ['86%', '95%', '95%', '82%']  memcached=168.8%
[monitor] ['81%', '98%', '93%', '82%']  memcached=163.4%
[monitor] ['89%', '89%', '95%', '92%']  memcached=180.8%
[MEMCACHED] cores updated to: ['0', '2', '3']
[streamcluster] cores updated to: [1]
[monitor] ['67%', '100%', '67%', '60%']  memcached=193.3%
[monitor] ['61%', '100%', '50%', '58%']  memcached=168.7%
[monitor] ['64%', '100%', '55%', '62%']  memcached=180.2%
[monitor] ['68%', '100%', '58%', '61%']  memcached=186.5%
[monitor] ['61%', '100%', '52%', '59%']  memcached=171.6%
[monitor] ['63%', '100%', '52%', '53%']  memcached=167.8%
[monitor] ['61%', '100%', '46%', '57%']  memcached=163.7%
[monitor] ['42%', '100%', '37%', '38%']  memcached=116.5%
[MEMCACHED] cores updated to: ['0', '3']
[streamcluster] cores updated to: [2, 1]
[monitor] ['38%', '98%', '95%', '35%']  memcached=72.5%
[MEMCACHED] cores updated to: ['0']
[streamcluster] cores updated to: [2, 1, 3]
[monitor] ['86%', '100%', '85%', '97%']  memcached=85.7%
[MEMCACHED] cores updated to: ['0', '1']
[streamcluster] cores updated to: [2, 3]
[monitor] ['43%', '47%', '98%', '97%']  memcached=89.5%
[monitor] ['46%', '50%', '95%', '95%']  memcached=96.4%
[monitor] ['50%', '52%', '92%', '98%']  memcached=101.6%
[monitor] ['38%', '45%', '95%', '97%']  memcached=83.3%
[monitor] ['45%', '46%', '98%', '97%']  memcached=91.3%
[monitor] ['43%', '41%', '95%', '98%']  memcached=84.7%
[monitor] ['36%', '37%', '93%', '95%']  memcached=72.8%
[MEMCACHED] cores updated to: ['0']
[streamcluster] cores updated to: [2, 1, 3]
[monitor] ['89%', '100%', '80%', '95%']  memcached=88.6%
[MEMCACHED] cores updated to: ['0', '3']
[streamcluster] cores updated to: [2, 1]
[monitor] ['43%', '98%', '95%', '43%']  memcached=86.2%
[monitor] ['89%', '95%', '95%', '95%']  memcached=183.6%
[MEMCACHED] cores updated to: ['0', '2', '3']
[streamcluster] cores updated to: [1]
[monitor] ['71%', '100%', '59%', '69%']  memcached=198.7%
[monitor] ['69%', '100%', '59%', '65%']  memcached=193.3%
[monitor] ['69%', '100%', '58%', '63%']  memcached=190.0%
[monitor] ['66%', '100%', '58%', '66%']  memcached=189.3%
[monitor] ['69%', '100%', '58%', '69%']  memcached=195.4%
[monitor] ['70%', '100%', '55%', '69%']  memcached=193.6%
[monitor] ['69%', '100%', '61%', '67%']  memcached=196.5%
[monitor] ['69%', '100%', '59%', '70%']  memcached=197.6%
[monitor] ['67%', '100%', '61%', '70%']  memcached=197.7%
[monitor] ['70%', '100%', '62%', '71%']  memcached=202.8%
[monitor] ['77%', '100%', '67%', '82%']  memcached=225.6%
[monitor] ['45%', '100%', '41%', '41%']  memcached=127.2%
[MEMCACHED] cores updated to: ['0', '3']
[streamcluster] cores updated to: [2, 1]
[monitor] ['57%', '98%', '92%', '46%']  memcached=103.1%
[monitor] ['45%', '95%', '95%', '41%']  memcached=85.6%
[monitor] ['43%', '98%', '95%', '44%']  memcached=87.3%
[monitor] ['52%', '98%', '95%', '50%']  memcached=101.9%
[monitor] ['50%', '95%', '92%', '50%']  memcached=100.0%
[monitor] ['45%', '95%', '95%', '52%']  memcached=96.9%
[monitor] ['55%', '97%', '97%', '53%']  memcached=108.2%
[monitor] ['50%', '95%', '93%', '54%']  memcached=103.6%
[monitor] ['64%', '92%', '100%', '59%']  memcached=123.0%
[monitor] ['46%', '97%', '72%', '42%']  memcached=88.7%
[monitor] ['48%', '97%', '35%', '37%']  memcached=85.4%
[monitor] ['65%', '95%', '92%', '67%']  memcached=131.2%
[monitor] ['74%', '85%', '95%', '82%']  memcached=155.3%
[monitor] ['79%', '100%', '97%', '77%']  memcached=156.6%
[monitor] ['78%', '95%', '95%', '77%']  memcached=154.9%
[monitor] ['83%', '95%', '95%', '74%']  memcached=157.1%
[monitor] ['84%', '95%', '95%', '72%']  memcached=155.7%
[monitor] ['87%', '100%', '92%', '77%']  memcached=164.0%
[monitor] ['86%', '95%', '98%', '71%']  memcached=157.5%
[monitor] ['87%', '92%', '95%', '75%']  memcached=161.8%
[monitor] ['84%', '95%', '92%', '74%']  memcached=158.1%
[monitor] ['81%', '95%', '98%', '80%']  memcached=161.1%
[monitor] ['83%', '95%', '95%', '77%']  memcached=160.5%
[monitor] ['84%', '98%', '95%', '77%']  memcached=160.9%
[monitor] ['78%', '97%', '95%', '74%']  memcached=152.7%
[monitor] ['83%', '95%', '95%', '70%']  memcached=153.0%
[monitor] ['76%', '95%', '95%', '70%']  memcached=145.5%
[monitor] ['81%', '98%', '87%', '70%']  memcached=150.8%
[monitor] ['77%', '92%', '100%', '74%']  memcached=151.4%
[monitor] ['76%', '100%', '95%', '76%']  memcached=152.2%
[monitor] ['77%', '95%', '92%', '69%']  memcached=145.7%
[monitor] ['77%', '100%', '92%', '70%']  memcached=146.8%
[monitor] ['77%', '95%', '98%', '66%']  memcached=142.8%
[monitor] ['74%', '95%', '95%', '71%']  memcached=144.1%
[monitor] ['78%', '97%', '95%', '65%']  memcached=142.3%
[monitor] ['79%', '97%', '95%', '70%']  memcached=149.1%
[monitor] ['84%', '90%', '97%', '81%']  memcached=164.3%
[monitor] ['79%', '95%', '95%', '76%']  memcached=155.2%
[monitor] ['80%', '95%', '97%', '77%']  memcached=157.1%
[monitor] ['83%', '88%', '98%', '74%']  memcached=157.1%
[monitor] ['81%', '98%', '93%', '79%']  memcached=160.5%
[monitor] ['82%', '92%', '100%', '77%']  memcached=158.7%
[monitor] ['79%', '97%', '95%', '74%']  memcached=152.9%
[monitor] ['78%', '95%', '95%', '73%']  memcached=151.1%
[monitor] ['80%', '95%', '95%', '77%']  memcached=157.1%
[monitor] ['86%', '100%', '76%', '83%']  memcached=169.4%
[monitor] ['80%', '95%', '92%', '64%']  memcached=143.6%
[monitor] ['76%', '95%', '98%', '72%']  memcached=148.3%
[monitor] ['87%', '98%', '82%', '70%']  memcached=156.5%
[monitor] ['97%', '84%', '98%', '100%']  memcached=197.4%
[MEMCACHED] cores updated to: ['0', '1', '3']
[streamcluster] cores updated to: [2]
[monitor] ['98%', '95%', '100%', '95%']  memcached=287.0%
[monitor] ['93%', '86%', '100%', '76%']  memcached=254.9%
[monitor] ['92%', '100%', '100%', '95%']  memcached=286.8%
[monitor] ['100%', '100%', '100%', '86%']  memcached=286.1%
[monitor] ['95%', '98%', '100%', '84%']  memcached=276.3%
[monitor] ['95%', '95%', '100%', '87%']  memcached=276.8%
[monitor] ['86%', '87%', '100%', '80%']  memcached=253.0%
[monitor] ['89%', '87%', '100%', '78%']  memcached=254.7%
[monitor] ['86%', '84%', '100%', '79%']  memcached=249.1%
[monitor] ['84%', '87%', '100%', '81%']  memcached=251.2%
[monitor] ['89%', '80%', '100%', '71%']  memcached=240.1%
[monitor] ['73%', '72%', '100%', '64%']  memcached=208.6%
[monitor] ['67%', '66%', '100%', '62%']  memcached=194.8%
[monitor] ['70%', '74%', '100%', '62%']  memcached=205.3%
[monitor] ['70%', '68%', '100%', '58%']  memcached=195.4%
[monitor] ['63%', '68%', '100%', '62%']  memcached=193.5%
[monitor] ['67%', '67%', '100%', '58%']  memcached=191.4%
[monitor] ['64%', '64%', '100%', '58%']  memcached=185.3%
[monitor] ['67%', '67%', '100%', '57%']  memcached=190.0%
[monitor] ['68%', '66%', '100%', '65%']  memcached=198.0%
[monitor] ['70%', '66%', '100%', '59%']  memcached=194.7%
[monitor] ['68%', '65%', '100%', '59%']  memcached=191.1%
[monitor] ['71%', '71%', '100%', '61%']  memcached=203.3%
[monitor] ['19%', '9%', '100%', '9%']  memcached=37.1%
[MEMCACHED] cores updated to: ['0']
[streamcluster] cores updated to: [2, 1, 3]
[monitor] ['33%', '74%', '100%', '69%']  memcached=33.3%
[monitor] ['12%', '92%', '95%', '90%']  memcached=11.5%
[monitor] ['7%', '100%', '54%', '98%']  memcached=7.4%
[monitor] ['8%', '100%', '75%', '95%']  memcached=7.7%
[monitor] ['8%', '100%', '74%', '100%']  memcached=7.7%
[monitor] ['7%', '100%', '78%', '98%']  memcached=7.4%
[monitor] ['11%', '100%', '82%', '98%']  memcached=11.1%
[monitor] ['10%', '100%', '79%', '98%']  memcached=10.3%
[monitor] ['4%', '100%', '80%', '100%']  memcached=3.8%
[monitor] ['10%', '100%', '82%', '98%']  memcached=10.3%
[monitor] ['12%', '100%', '85%', '98%']  memcached=11.5%
[monitor] ['75%', '100%', '85%', '95%']  memcached=75.0%
[monitor] ['100%', '100%', '88%', '95%']  memcached=100.0%
[MEMCACHED] cores updated to: ['0', '2', '3']
[streamcluster] cores updated to: [1]
[monitor] ['100%', '100%', '97%', '82%']  memcached=279.5%
[monitor] ['78%', '100%', '52%', '65%']  memcached=194.6%
[monitor] ['62%', '100%', '55%', '65%']  memcached=182.4%
[monitor] ['62%', '100%', '53%', '60%']  memcached=174.9%
[monitor] ['61%', '100%', '50%', '59%']  memcached=170.0%
[monitor] ['64%', '100%', '58%', '61%']  memcached=183.0%
[monitor] ['69%', '100%', '53%', '58%']  memcached=180.0%
[monitor] ['64%', '100%', '52%', '57%']  memcached=172.0%
[monitor] ['81%', '100%', '74%', '67%']  memcached=220.8%
[monitor] ['78%', '100%', '63%', '66%']  memcached=206.7%
[monitor] ['64%', '100%', '53%', '56%']  memcached=173.0%
[monitor] ['57%', '100%', '50%', '50%']  memcached=156.7%
[MEMCACHED] cores updated to: ['0', '3']
[streamcluster] cores updated to: [2, 1]
[monitor] ['78%', '93%', '95%', '76%']  memcached=154.8%
[monitor] ['80%', '98%', '92%', '70%']  memcached=149.7%
[monitor] ['83%', '100%', '95%', '71%']  memcached=153.4%
[monitor] ['84%', '98%', '95%', '70%']  memcached=153.5%
[monitor] ['76%', '95%', '100%', '76%']  memcached=151.5%
[monitor] ['77%', '95%', '95%', '68%']  memcached=144.8%
[monitor] ['78%', '95%', '98%', '68%']  memcached=145.4%
[monitor] ['83%', '98%', '95%', '76%']  memcached=159.8%
[monitor] ['77%', '95%', '95%', '70%']  memcached=146.8%
[monitor] ['77%', '95%', '90%', '70%']  memcached=146.8%
[monitor] ['71%', '97%', '98%', '64%']  memcached=134.2%
[monitor] ['39%', '98%', '95%', '36%']  memcached=75.0%
[MEMCACHED] cores updated to: ['0']
[streamcluster] cores updated to: [2, 1, 3]
[monitor] ['83%', '98%', '82%', '92%']  memcached=83.3%
[monitor] ['84%', '100%', '82%', '97%']  memcached=84.2%
[monitor] ['85%', '100%', '74%', '93%']  memcached=84.8%
[monitor] ['86%', '100%', '79%', '95%']  memcached=86.1%
[MEMCACHED] cores updated to: ['0', '1']
[streamcluster] cores updated to: [2, 3]
[monitor] ['43%', '43%', '97%', '95%']  memcached=86.2%
[monitor] ['43%', '43%', '92%', '98%']  memcached=86.2%
[monitor] ['36%', '34%', '98%', '95%']  memcached=70.2%
[MEMCACHED] cores updated to: ['0']
[streamcluster] cores updated to: [2, 1, 3]
[monitor] ['82%', '100%', '78%', '98%']  memcached=82.4%
[monitor] ['83%', '100%', '82%', '95%']  memcached=82.9%
[monitor] ['82%', '98%', '82%', '95%']  memcached=82.4%
[monitor] ['86%', '100%', '79%', '98%']  memcached=86.1%
[MEMCACHED] cores updated to: ['0', '3']
[streamcluster] cores updated to: [2, 1]
[monitor] ['61%', '98%', '92%', '55%']  memcached=116.1%
[monitor] ['58%', '95%', '98%', '55%']  memcached=112.9%
[monitor] ['69%', '95%', '95%', '59%']  memcached=128.1%
[monitor] ['71%', '97%', '97%', '60%']  memcached=130.6%
[monitor] ['58%', '95%', '98%', '61%']  memcached=119.4%
[monitor] ['53%', '95%', '92%', '54%']  memcached=106.9%
[monitor] ['57%', '97%', '97%', '55%']  memcached=111.5%
[monitor] ['50%', '100%', '90%', '66%']  memcached=115.6%
[monitor] ['55%', '95%', '95%', '70%']  memcached=124.2%
[monitor] ['53%', '95%', '98%', '57%']  memcached=110.0%
[monitor] ['45%', '97%', '97%', '67%']  memcached=111.5%
[monitor] ['63%', '95%', '95%', '57%']  memcached=120.0%
[monitor] ['77%', '92%', '95%', '86%']  memcached=163.6%
[monitor] ['70%', '92%', '95%', '86%']  memcached=155.8%
[monitor] ['77%', '98%', '95%', '76%']  memcached=153.6%
[monitor] ['67%', '90%', '98%', '92%']  memcached=158.8%
[monitor] ['83%', '95%', '92%', '81%']  memcached=163.9%
[monitor] ['81%', '92%', '98%', '81%']  memcached=161.1%
[monitor] ['80%', '90%', '98%', '83%']  memcached=163.3%
[monitor] ['80%', '95%', '95%', '84%']  memcached=163.8%
[monitor] ['84%', '95%', '98%', '82%']  memcached=166.1%
[monitor] ['87%', '98%', '95%', '76%']  memcached=163.3%
[monitor] ['86%', '97%', '98%', '74%']  memcached=160.4%
[monitor] ['92%', '97%', '92%', '83%']  memcached=175.0%
[MEMCACHED] cores updated to: ['0', '2', '3']
[streamcluster] cores updated to: [1]
[monitor] ['16%', '100%', '6%', '9%']  memcached=30.9%
[MEMCACHED] cores updated to: ['0']
[streamcluster] cores updated to: [2, 1, 3]
[monitor] ['7%', '98%', '80%', '98%']  memcached=7.1%
[monitor] ['7%', '100%', '79%', '100%']  memcached=7.4%
[monitor] ['19%', '100%', '76%', '98%']  memcached=19.4%
[monitor] ['14%', '100%', '62%', '97%']  memcached=13.8%
[monitor] ['14%', '100%', '80%', '98%']  memcached=13.8%
[monitor] ['4%', '100%', '79%', '100%']  memcached=3.8%
[monitor] ['13%', '100%', '80%', '98%']  memcached=13.3%
[monitor] ['17%', '100%', '80%', '100%']  memcached=16.7%
[monitor] ['7%', '100%', '77%', '98%']  memcached=6.9%
[monitor] ['11%', '100%', '78%', '98%']  memcached=10.7%
[monitor] ['4%', '100%', '78%', '100%']  memcached=3.7%
[monitor] ['68%', '100%', '79%', '98%']  memcached=67.6%
[monitor] ['92%', '100%', '80%', '95%']  memcached=91.9%
[MEMCACHED] cores updated to: ['0', '1']
[streamcluster] cores updated to: [2, 3]
[monitor] ['50%', '50%', '95%', '100%']  memcached=100.0%
[monitor] ['57%', '52%', '95%', '95%']  memcached=108.3%
[monitor] ['50%', '43%', '97%', '92%']  memcached=92.9%
[monitor] ['46%', '48%', '95%', '95%']  memcached=94.7%
[monitor] ['50%', '46%', '92%', '95%']  memcached=96.4%
[monitor] ['42%', '43%', '95%', '97%']  memcached=85.2%
[monitor] ['45%', '45%', '95%', '95%']  memcached=89.7%
[monitor] ['41%', '50%', '95%', '100%']  memcached=91.4%
[monitor] ['48%', '50%', '95%', '97%']  memcached=98.3%
[monitor] ['52%', '45%', '95%', '97%']  memcached=96.6%
[monitor] ['75%', '73%', '85%', '100%']  memcached=147.7%
[monitor] ['98%', '95%', '68%', '95%']  memcached=192.5%
[MEMCACHED] cores updated to: ['0', '1', '3']
[streamcluster] cores updated to: [2]
[monitor] ['77%', '82%', '100%', '78%']  memcached=237.3%
[monitor] ['83%', '82%', '100%', '72%']  memcached=236.7%
[monitor] ['82%', '79%', '100%', '76%']  memcached=236.7%
[monitor] ['80%', '82%', '100%', '76%']  memcached=238.0%
[monitor] ['82%', '81%', '100%', '77%']  memcached=240.1%
[monitor] ['84%', '82%', '100%', '76%']  memcached=241.1%
[monitor] ['86%', '80%', '100%', '75%']  memcached=241.1%
[monitor] ['89%', '84%', '100%', '78%']  memcached=250.8%
[monitor] ['84%', '80%', '100%', '74%']  memcached=238.1%
[monitor] ['87%', '81%', '100%', '76%']  memcached=244.7%
[monitor] ['66%', '61%', '100%', '56%']  memcached=182.8%
[monitor] ['14%', '3%', '100%', '3%']  memcached=20.5%
[MEMCACHED] cores updated to: ['0']
[streamcluster] cores updated to: [2, 1, 3]
[monitor] ['16%', '100%', '82%', '98%']  memcached=16.0%
[monitor] ['9%', '100%', '79%', '98%']  memcached=8.7%
[monitor] ['12%', '100%', '82%', '98%']  memcached=12.5%
[monitor] ['16%', '100%', '80%', '100%']  memcached=16.0%
[monitor] ['9%', '100%', '80%', '98%']  memcached=8.7%
[monitor] ['17%', '100%', '80%', '97%']  memcached=16.7%
[monitor] ['12%', '100%', '78%', '98%']  memcached=12.5%
[monitor] ['19%', '100%', '82%', '98%']  memcached=19.2%
[monitor] ['16%', '100%', '80%', '98%']  memcached=16.0%
[monitor] ['17%', '98%', '85%', '100%']  memcached=16.7%
[monitor] ['17%', '100%', '79%', '98%']  memcached=16.7%
[monitor] ['97%', '97%', '90%', '92%']  memcached=97.4%
[MEMCACHED] cores updated to: ['0', '1', '2']
[streamcluster] cores updated to: [3]
[monitor] ['28%', '25%', '18%', '100%']  memcached=70.4%
[MEMCACHED] cores updated to: ['0']
[streamcluster] cores updated to: [2, 1, 3]
[monitor] ['86%', '100%', '80%', '95%']  memcached=86.5%
[MEMCACHED] cores updated to: ['0', '3']
[streamcluster] cores updated to: [2, 1]
[monitor] ['46%', '98%', '95%', '41%']  memcached=87.2%
[monitor] ['46%', '95%', '95%', '37%']  memcached=83.5%
[monitor] ['50%', '97%', '95%', '48%']  memcached=98.3%
[monitor] ['38%', '95%', '71%', '41%']  memcached=79.2%
[MEMCACHED] cores updated to: ['0']
[streamcluster] cores updated to: [2, 1, 3]
[monitor] ['85%', '98%', '49%', '61%']  memcached=84.8%
[monitor] ['86%', '95%', '79%', '95%']  memcached=86.5%
[MEMCACHED] cores updated to: ['0', '2']
[streamcluster] cores updated to: [1, 3]
[monitor] ['43%', '100%', '39%', '95%']  memcached=82.6%
[monitor] ['35%', '98%', '37%', '100%']  memcached=71.7%
[MEMCACHED] cores updated to: ['0']
[streamcluster] cores updated to: [2, 1, 3]
[monitor] ['95%', '100%', '82%', '93%']  memcached=94.7%
[MEMCACHED] cores updated to: ['0', '1']
[streamcluster] cores updated to: [2, 3]
[monitor] ['100%', '100%', '85%', '87%']  memcached=200.0%
[MEMCACHED] cores updated to: ['0', '1', '3']
[streamcluster] cores updated to: [2]
[monitor] ['100%', '95%', '100%', '95%']  memcached=290.0%
[monitor] ['100%', '89%', '100%', '76%']  memcached=265.7%
[monitor] ['95%', '92%', '100%', '83%']  memcached=271.0%
[monitor] ['86%', '86%', '100%', '78%']  memcached=251.0%
[monitor] ['84%', '82%', '100%', '77%']  memcached=243.0%
[monitor] ['89%', '85%', '100%', '80%']  memcached=253.8%
[monitor] ['84%', '84%', '100%', '74%']  memcached=242.3%
[monitor] ['86%', '84%', '100%', '80%']  memcached=250.3%
[monitor] ['86%', '84%', '100%', '78%']  memcached=248.5%
[monitor] ['89%', '85%', '100%', '80%']  memcached=253.5%
[monitor] ['86%', '83%', '100%', '77%']  memcached=247.0%
[monitor] ['86%', '82%', '100%', '76%']  memcached=244.5%
[monitor] ['77%', '89%', '100%', '84%']  memcached=250.8%
[monitor] ['89%', '86%', '100%', '83%']  memcached=258.3%
[monitor] ['87%', '89%', '100%', '86%']  memcached=262.8%
[monitor] ['89%', '90%', '100%', '86%']  memcached=264.9%
[monitor] ['79%', '78%', '100%', '77%']  memcached=234.9%
[monitor] ['81%', '84%', '100%', '73%']  memcached=238.0%
[monitor] ['97%', '85%', '100%', '82%']  memcached=264.4%
[monitor] ['92%', '89%', '100%', '81%']  memcached=262.1%
[monitor] ['89%', '87%', '100%', '81%']  memcached=256.6%
[monitor] ['83%', '84%', '100%', '76%']  memcached=243.6%
[monitor] ['81%', '80%', '100%', '76%']  memcached=237.0%
[monitor] ['67%', '66%', '100%', '62%']  memcached=194.8%
[monitor] ['71%', '68%', '100%', '64%']  memcached=201.9%
[monitor] ['70%', '69%', '100%', '64%']  memcached=201.9%
[monitor] ['70%', '67%', '100%', '62%']  memcached=198.9%
[monitor] ['66%', '68%', '100%', '61%']  memcached=194.6%
[monitor] ['69%', '71%', '100%', '61%']  memcached=200.6%
[monitor] ['70%', '67%', '100%', '61%']  memcached=197.7%
[monitor] ['63%', '65%', '100%', '62%']  memcached=189.8%
[monitor] ['65%', '69%', '100%', '59%']  memcached=192.5%
[monitor] ['71%', '71%', '100%', '57%']  memcached=199.2%
[monitor] ['69%', '68%', '100%', '62%']  memcached=198.9%
[monitor] ['67%', '65%', '100%', '61%']  memcached=192.0%
[monitor] ['21%', '19%', '100%', '17%']  memcached=57.2%
[MEMCACHED] cores updated to: ['0']
[streamcluster] cores updated to: [2, 1, 3]
[monitor] ['29%', '98%', '82%', '97%']  memcached=29.2%
[monitor] ['29%', '100%', '78%', '98%']  memcached=29.2%
[monitor] ['32%', '98%', '87%', '95%']  memcached=32.0%
[monitor] ['29%', '100%', '79%', '97%']  memcached=29.2%
[monitor] ['30%', '100%', '82%', '98%']  memcached=30.4%
[monitor] ['28%', '100%', '78%', '98%']  memcached=28.0%
[monitor] ['26%', '100%', '80%', '97%']  memcached=26.1%
[monitor] ['32%', '100%', '82%', '98%']  memcached=32.0%
[monitor] ['28%', '100%', '80%', '98%']  memcached=28.0%
[monitor] ['30%', '100%', '87%', '97%']  memcached=30.4%
[monitor] ['33%', '100%', '82%', '98%']  memcached=33.3%
[monitor] ['79%', '100%', '80%', '95%']  memcached=78.8%
[monitor] ['100%', '100%', '82%', '95%']  memcached=100.0%
[MEMCACHED] cores updated to: ['0', '1', '2']
[streamcluster] cores updated to: [3]
[monitor] ['100%', '80%', '100%', '100%']  memcached=280.5%
[monitor] ['98%', '100%', '92%', '100%']  memcached=289.4%
[monitor] ['92%', '95%', '79%', '100%']  memcached=266.1%
[monitor] ['87%', '84%', '68%', '100%']  memcached=238.7%
[monitor] ['81%', '81%', '70%', '100%']  memcached=231.3%
[monitor] ['81%', '86%', '71%', '100%']  memcached=238.5%
[monitor] ['75%', '81%', '63%', '100%']  memcached=218.9%
[monitor] ['76%', '87%', '70%', '100%']  memcached=233.0%
[monitor] ['76%', '83%', '66%', '100%']  memcached=225.4%
[monitor] ['74%', '81%', '66%', '100%']  memcached=219.7%
[monitor] ['67%', '75%', '57%', '100%']  memcached=198.3%
[monitor] ['52%', '48%', '43%', '100%']  memcached=142.6%
[MEMCACHED] cores updated to: ['0', '2']
[streamcluster] cores updated to: [1, 3]
[monitor] ['69%', '100%', '74%', '98%']  memcached=142.8%
[monitor] ['68%', '100%', '75%', '97%']  memcached=142.6%
[monitor] ['65%', '100%', '72%', '98%']  memcached=136.4%
[monitor] ['66%', '100%', '71%', '98%']  memcached=136.6%
[monitor] ['78%', '98%', '66%', '100%']  memcached=143.4%
[monitor] ['74%', '100%', '63%', '98%']  memcached=137.6%
[monitor] ['74%', '100%', '64%', '98%']  memcached=137.9%
[monitor] ['76%', '100%', '68%', '100%']  memcached=144.2%
[monitor] ['73%', '100%', '68%', '98%']  memcached=140.4%
[monitor] ['74%', '100%', '68%', '97%']  memcached=141.3%
[monitor] ['74%', '100%', '61%', '98%']  memcached=135.0%
[monitor] ['76%', '98%', '71%', '98%']  memcached=147.1%
[monitor] ['73%', '100%', '68%', '98%']  memcached=140.5%
[monitor] ['77%', '100%', '66%', '100%']  memcached=142.8%
[monitor] ['75%', '100%', '67%', '98%']  memcached=141.7%
[monitor] ['76%', '100%', '63%', '95%']  memcached=139.1%
[monitor] ['72%', '98%', '67%', '100%']  memcached=138.9%
[monitor] ['76%', '100%', '65%', '100%']  memcached=141.0%
[monitor] ['74%', '100%', '70%', '98%']  memcached=144.0%
[monitor] ['74%', '100%', '63%', '100%']  memcached=137.6%
[monitor] ['74%', '100%', '61%', '95%']  memcached=135.6%
[monitor] ['74%', '98%', '62%', '100%']  memcached=136.0%
[monitor] ['79%', '100%', '67%', '98%']  memcached=145.6%
[monitor] ['89%', '100%', '83%', '100%']  memcached=171.9%
[MEMCACHED] cores updated to: ['0', '2', '3']
[streamcluster] cores updated to: [1]
[monitor] ['74%', '100%', '60%', '70%']  memcached=203.2%
[monitor] ['74%', '100%', '60%', '71%']  memcached=205.3%
[monitor] ['71%', '100%', '58%', '74%']  memcached=203.0%
[monitor] ['74%', '100%', '59%', '70%']  memcached=202.6%
[monitor] ['74%', '100%', '63%', '68%']  memcached=204.6%
[monitor] ['74%', '100%', '61%', '70%']  memcached=203.8%
[monitor] ['68%', '100%', '57%', '68%']  memcached=192.1%
[monitor] ['71%', '100%', '59%', '74%']  memcached=204.3%
[monitor] ['74%', '100%', '58%', '67%']  memcached=199.0%
[monitor] ['71%', '100%', '59%', '70%']  memcached=200.5%
[monitor] ['70%', '100%', '59%', '74%']  memcached=202.6%
[monitor] ['33%', '100%', '19%', '24%']  memcached=76.3%
[MEMCACHED] cores updated to: ['0']
[streamcluster] cores updated to: [2, 1, 3]
[monitor] ['7%', '100%', '82%', '98%']  memcached=7.1%
[monitor] ['7%', '98%', '80%', '100%']  memcached=7.4%
[monitor] ['13%', '100%', '78%', '98%']  memcached=12.9%
[monitor] ['10%', '100%', '78%', '98%']  memcached=10.3%
[monitor] ['7%', '100%', '85%', '100%']  memcached=7.4%
[monitor] ['7%', '100%', '78%', '98%']  memcached=7.1%
[monitor] ['16%', '100%', '79%', '100%']  memcached=16.1%
[monitor] ['7%', '100%', '80%', '98%']  memcached=7.4%
[monitor] ['7%', '100%', '80%', '100%']  memcached=6.9%
[monitor] ['7%', '100%', '80%', '98%']  memcached=7.1%
[monitor] ['7%', '100%', '80%', '100%']  memcached=7.4%
[monitor] ['15%', '100%', '82%', '100%']  memcached=14.8%
[monitor] ['29%', '100%', '82%', '97%']  memcached=29.2%
[monitor] ['35%', '97%', '85%', '93%']  memcached=34.6%
[monitor] ['36%', '98%', '87%', '98%']  memcached=36.0%
[monitor] ['31%', '100%', '82%', '100%']  memcached=30.8%
[monitor] ['32%', '100%', '85%', '100%']  memcached=32.0%
[monitor] ['33%', '98%', '80%', '98%']  memcached=33.3%
[monitor] ['26%', '100%', '82%', '97%']  memcached=26.1%
[monitor] ['25%', '100%', '80%', '98%']  memcached=25.0%
[monitor] ['28%', '100%', '74%', '95%']  memcached=28.0%
[monitor] ['68%', '79%', '90%', '76%']  memcached=67.7%
[monitor] ['36%', '92%', '88%', '92%']  memcached=36.0%
[monitor] ['28%', '100%', '85%', '98%']  memcached=28.0%
[monitor] ['89%', '100%', '78%', '95%']  memcached=89.2%
[MEMCACHED] cores updated to: ['0', '2']
[streamcluster] cores updated to: [1, 3]
[monitor] ['34%', '98%', '43%', '98%']  memcached=77.3%
[MEMCACHED] cores updated to: ['0']
[streamcluster] cores updated to: [2, 1, 3]
[monitor] ['86%', '100%', '68%', '95%']  memcached=85.7%
[MEMCACHED] cores updated to: ['0', '1']
[streamcluster] cores updated to: [2, 3]
[monitor] ['43%', '46%', '93%', '97%']  memcached=89.8%
[monitor] ['41%', '55%', '98%', '97%']  memcached=96.6%
[monitor] ['45%', '50%', '87%', '95%']  memcached=94.8%
[monitor] ['47%', '50%', '95%', '95%']  memcached=96.7%
[monitor] ['43%', '48%', '90%', '98%']  memcached=91.7%
[monitor] ['41%', '46%', '92%', '95%']  memcached=87.2%
[monitor] ['39%', '52%', '95%', '100%']  memcached=90.9%
[monitor] ['50%', '55%', '90%', '92%']  memcached=104.8%
[monitor] ['42%', '39%', '95%', '97%']  memcached=81.2%
[monitor] ['28%', '19%', '95%', '95%']  memcached=46.6%
[MEMCACHED] cores updated to: ['0']
[streamcluster] cores updated to: [2, 1, 3]
[monitor] ['38%', '100%', '82%', '98%']  memcached=37.5%
[monitor] ['36%', '100%', '78%', '95%']  memcached=36.0%
[monitor] ['36%', '100%', '79%', '98%']  memcached=36.0%
[monitor] ['36%', '100%', '78%', '98%']  memcached=36.0%
[monitor] ['48%', '100%', '72%', '95%']  memcached=48.1%
[monitor] ['44%', '100%', '79%', '98%']  memcached=44.4%
[monitor] ['38%', '100%', '82%', '98%']  memcached=37.5%
[monitor] ['27%', '100%', '82%', '98%']  memcached=27.3%
[monitor] ['38%', '100%', '78%', '98%']  memcached=38.5%
[monitor] ['40%', '100%', '82%', '98%']  memcached=40.0%
[monitor] ['40%', '100%', '82%', '98%']  memcached=40.0%
[monitor] ['62%', '100%', '85%', '95%']  memcached=62.1%
[monitor] ['61%', '98%', '80%', '98%']  memcached=60.7%
[monitor] ['68%', '100%', '82%', '98%']  memcached=67.7%
[monitor] ['61%', '100%', '80%', '97%']  memcached=60.7%
[monitor] ['67%', '100%', '82%', '95%']  memcached=66.7%
[monitor] ['68%', '100%', '82%', '98%']  memcached=67.7%
[monitor] ['67%', '100%', '79%', '95%']  memcached=66.7%
[monitor] ['66%', '100%', '85%', '97%']  memcached=65.5%
[monitor] ['67%', '100%', '84%', '98%']  memcached=66.7%
[monitor] ['67%', '100%', '82%', '95%']  memcached=66.7%
[monitor] ['68%', '100%', '82%', '95%']  memcached=67.7%
[monitor] ['67%', '100%', '84%', '97%']  memcached=66.7%
[monitor] ['85%', '100%', '86%', '95%']  memcached=85.3%
[MEMCACHED] cores updated to: ['0', '3']
[streamcluster] cores updated to: [2, 1]
[monitor] ['62%', '95%', '92%', '67%']  memcached=129.2%
[monitor] ['71%', '100%', '95%', '52%']  memcached=122.7%
[monitor] ['68%', '95%', '92%', '63%']  memcached=131.0%
[monitor] ['64%', '95%', '90%', '55%']  memcached=118.8%
[monitor] ['58%', '98%', '90%', '60%']  memcached=118.1%
[monitor] ['61%', '95%', '90%', '59%']  memcached=120.7%
[monitor] ['58%', '100%', '95%', '52%']  memcached=109.8%
[monitor] ['62%', '98%', '92%', '61%']  memcached=123.8%
[monitor] ['64%', '98%', '95%', '54%']  memcached=117.2%
[monitor] ['62%', '95%', '95%', '62%']  memcached=124.3%
[monitor] ['61%', '97%', '92%', '55%']  memcached=116.5%
[monitor] ['66%', '95%', '90%', '72%']  memcached=137.8%
[monitor] ['83%', '68%', '100%', '100%']  memcached=182.9%
[MEMCACHED] cores updated to: ['0', '2', '3']
[streamcluster] cores updated to: [1]
[monitor] ['74%', '100%', '74%', '77%']  memcached=225.7%
[monitor] ['74%', '100%', '61%', '72%']  memcached=207.5%
[monitor] ['76%', '100%', '60%', '76%']  memcached=211.4%
[monitor] ['78%', '100%', '62%', '78%']  memcached=217.6%
[monitor] ['75%', '100%', '64%', '78%']  memcached=216.4%
[monitor] ['75%', '100%', '65%', '74%']  memcached=213.0%
[monitor] ['78%', '100%', '67%', '74%']  memcached=218.7%
[monitor] ['89%', '100%', '75%', '80%']  memcached=244.2%
[monitor] ['78%', '100%', '67%', '77%']  memcached=221.6%
[monitor] ['74%', '100%', '63%', '75%']  memcached=212.6%
[monitor] ['89%', '100%', '81%', '76%']  memcached=245.8%
[monitor] ['30%', '100%', '23%', '18%']  memcached=71.5%
[MEMCACHED] cores updated to: ['0']
[streamcluster] cores updated to: [2, 1, 3]
[monitor] ['82%', '100%', '82%', '95%']  memcached=81.8%
[monitor] ['80%', '100%', '80%', '97%']  memcached=80.0%
[monitor] ['82%', '100%', '87%', '97%']  memcached=82.4%
[monitor] ['79%', '100%', '83%', '95%']  memcached=78.8%
[monitor] ['89%', '92%', '90%', '89%']  memcached=89.2%
[MEMCACHED] cores updated to: ['0', '1']
[streamcluster] cores updated to: [2, 3]
[monitor] ['38%', '44%', '95%', '92%']  memcached=82.4%
[monitor] ['36%', '39%', '98%', '92%']  memcached=75.0%
[MEMCACHED] cores updated to: ['0']
[streamcluster] cores updated to: [2, 1, 3]
[monitor] ['82%', '98%', '85%', '95%']  memcached=82.4%
[monitor] ['87%', '98%', '92%', '92%']  memcached=87.2%
[MEMCACHED] cores updated to: ['0', '3']
[streamcluster] cores updated to: [2, 1]
[monitor] ['38%', '98%', '92%', '33%']  memcached=71.3%
[MEMCACHED] cores updated to: ['0']
[streamcluster] cores updated to: [2, 1, 3]
[monitor] ['95%', '100%', '87%', '95%']  memcached=94.7%
[MEMCACHED] cores updated to: ['0', '2']
[streamcluster] cores updated to: [1, 3]
[monitor] ['50%', '100%', '58%', '98%']  memcached=108.1%
[monitor] ['47%', '100%', '65%', '98%']  memcached=111.2%
[monitor] ['50%', '98%', '62%', '98%']  memcached=112.1%
[monitor] ['48%', '100%', '60%', '97%']  memcached=108.3%
[monitor] ['53%', '100%', '62%', '98%']  memcached=115.2%
[monitor] ['53%', '100%', '63%', '98%']  memcached=116.5%
[monitor] ['53%', '100%', '66%', '98%']  memcached=118.6%
[monitor] ['53%', '98%', '66%', '98%']  memcached=119.0%
[monitor] ['53%', '100%', '59%', '98%']  memcached=111.7%
[monitor] ['47%', '100%', '66%', '97%']  memcached=112.2%
[monitor] ['55%', '100%', '68%', '95%']  memcached=122.6%
[monitor] ['69%', '100%', '79%', '98%']  memcached=148.0%
[monitor] ['95%', '100%', '95%', '98%']  memcached=189.5%
[MEMCACHED] cores updated to: ['0', '1', '2']
[streamcluster] cores updated to: [3]
[monitor] ['89%', '85%', '81%', '100%']  memcached=255.0%
[monitor] ['75%', '84%', '68%', '100%']  memcached=227.0%
[monitor] ['81%', '82%', '73%', '100%']  memcached=235.4%
[monitor] ['81%', '87%', '71%', '100%']  memcached=238.3%
[monitor] ['74%', '81%', '70%', '100%']  memcached=224.3%
[monitor] ['80%', '84%', '68%', '100%']  memcached=232.0%
[monitor] ['84%', '93%', '73%', '100%']  memcached=249.4%
[monitor] ['81%', '84%', '73%', '100%']  memcached=237.5%
[monitor] ['78%', '86%', '71%', '100%']  memcached=235.1%
[monitor] ['78%', '92%', '70%', '100%']  memcached=240.6%
[monitor] ['68%', '69%', '61%', '100%']  memcached=197.7%
[monitor] ['27%', '7%', '7%', '100%']  memcached=40.4%
[MEMCACHED] cores updated to: ['0']
[streamcluster] cores updated to: [2, 1, 3]
[monitor] ['36%', '100%', '76%', '87%']  memcached=36.0%
[monitor] ['35%', '100%', '76%', '90%']  memcached=34.8%
[monitor] ['42%', '100%', '83%', '98%']  memcached=42.3%
[monitor] ['33%', '100%', '82%', '98%']  memcached=33.3%
[monitor] ['40%', '100%', '82%', '100%']  memcached=40.0%
[monitor] ['36%', '98%', '80%', '98%']  memcached=36.0%
[monitor] ['38%', '100%', '79%', '95%']  memcached=38.5%
[monitor] ['38%', '100%', '85%', '98%']  memcached=37.5%
[monitor] ['30%', '100%', '79%', '98%']  memcached=30.4%
[monitor] ['40%', '100%', '80%', '98%']  memcached=40.0%
[monitor] ['44%', '100%', '82%', '98%']  memcached=44.4%
[monitor] ['83%', '100%', '79%', '95%']  memcached=83.3%
[monitor] ['85%', '100%', '80%', '95%']  memcached=84.8%
[monitor] ['83%', '100%', '80%', '95%']  memcached=82.9%
[monitor] ['85%', '100%', '82%', '97%']  memcached=85.3%
[MEMCACHED] cores updated to: ['0', '3']
[streamcluster] cores updated to: [2, 1]
[monitor] ['36%', '92%', '95%', '41%']  memcached=77.1%
[MEMCACHED] cores updated to: ['0']
[streamcluster] cores updated to: [2, 1, 3]
[monitor] ['85%', '100%', '80%', '95%']  memcached=84.8%
[monitor] ['83%', '100%', '80%', '95%']  memcached=82.9%
[monitor] ['89%', '97%', '85%', '95%']  memcached=89.5%
[MEMCACHED] cores updated to: ['0', '2']
[streamcluster] cores updated to: [1, 3]
[monitor] ['39%', '98%', '33%', '98%']  memcached=72.0%
[MEMCACHED] cores updated to: ['0']
[streamcluster] cores updated to: [2, 1, 3]
[monitor] ['86%', '100%', '90%', '95%']  memcached=85.7%
[MEMCACHED] cores updated to: ['0', '1']
[streamcluster] cores updated to: [2, 3]
[monitor] ['47%', '47%', '95%', '98%']  memcached=93.3%
[monitor] ['32%', '22%', '92%', '98%']  memcached=54.5%
[MEMCACHED] cores updated to: ['0']
[streamcluster] cores updated to: [2, 1, 3]
[monitor] ['21%', '100%', '89%', '97%']  memcached=20.8%
[monitor] ['23%', '98%', '85%', '98%']  memcached=23.1%
[monitor] ['17%', '100%', '82%', '98%']  memcached=16.7%
[monitor] ['13%', '100%', '80%', '98%']  memcached=13.0%
[monitor] ['20%', '98%', '80%', '100%']  memcached=20.0%
[monitor] ['17%', '100%', '82%', '100%']  memcached=16.7%
[monitor] ['12%', '100%', '85%', '98%']  memcached=12.5%
[monitor] ['13%', '100%', '80%', '100%']  memcached=13.0%
[monitor] ['16%', '100%', '82%', '98%']  memcached=16.0%
[monitor] ['23%', '100%', '80%', '100%']  memcached=23.1%
[monitor] ['13%', '100%', '79%', '98%']  memcached=13.0%
[monitor] ['37%', '100%', '79%', '100%']  memcached=37.0%
[monitor] ['100%', '100%', '80%', '95%']  memcached=100.0%
[MEMCACHED] cores updated to: ['0', '2', '3']
[streamcluster] cores updated to: [1]
[monitor] ['71%', '100%', '67%', '75%']  memcached=212.3%
[monitor] ['50%', '100%', '41%', '46%']  memcached=137.8%
[MEMCACHED] cores updated to: ['0', '3']
[streamcluster] cores updated to: [2, 1]
[monitor] ['83%', '95%', '95%', '83%']  memcached=166.2%
[monitor] ['81%', '98%', '95%', '78%']  memcached=158.9%
[monitor] ['81%', '98%', '95%', '74%']  memcached=154.1%
[monitor] ['84%', '98%', '93%', '76%']  memcached=159.5%
[monitor] ['81%', '98%', '90%', '73%']  memcached=153.8%
[monitor] ['86%', '98%', '87%', '74%']  memcached=160.0%
[monitor] ['81%', '98%', '93%', '77%']  memcached=157.7%
[monitor] ['89%', '98%', '92%', '79%']  memcached=168.9%
[monitor] ['83%', '92%', '98%', '78%']  memcached=160.6%
[monitor] ['86%', '84%', '98%', '100%']  memcached=186.5%
[MEMCACHED] cores updated to: ['0', '1', '3']
[streamcluster] cores updated to: [2]
[monitor] ['79%', '76%', '100%', '73%']  memcached=228.6%
[monitor] ['77%', '73%', '100%', '70%']  memcached=219.6%
[monitor] ['72%', '71%', '100%', '67%']  memcached=210.0%
[monitor] ['77%', '70%', '100%', '66%']  memcached=212.5%
[monitor] ['73%', '71%', '100%', '67%']  memcached=210.8%
[monitor] ['65%', '71%', '100%', '61%']  memcached=196.4%
[monitor] ['73%', '69%', '100%', '67%']  memcached=208.0%
[monitor] ['71%', '71%', '100%', '66%']  memcached=206.8%
[monitor] ['70%', '67%', '100%', '64%']  memcached=200.0%
[monitor] ['74%', '71%', '100%', '68%']  memcached=212.5%
[monitor] ['70%', '72%', '100%', '68%']  memcached=209.6%
[monitor] ['22%', '23%', '100%', '11%']  memcached=55.6%
[MEMCACHED] cores updated to: ['0']
[streamcluster] cores updated to: [2, 1, 3]
[monitor] ['50%', '100%', '79%', '98%']  memcached=50.0%
[monitor] ['62%', '100%', '85%', '98%']  memcached=62.1%
[monitor] ['66%', '100%', '82%', '97%']  memcached=65.5%
[monitor] ['57%', '100%', '80%', '98%']  memcached=57.1%
[monitor] ['71%', '95%', '87%', '95%']  memcached=71.0%
[monitor] ['67%', '100%', '85%', '98%']  memcached=66.7%
[monitor] ['66%', '100%', '87%', '98%']  memcached=65.5%
[monitor] ['61%', '100%', '82%', '95%']  memcached=60.7%
[monitor] ['63%', '100%', '82%', '97%']  memcached=63.3%
[monitor] ['63%', '100%', '82%', '98%']  memcached=63.3%
[monitor] ['66%', '100%', '82%', '97%']  memcached=65.5%
[monitor] ['92%', '100%', '85%', '95%']  memcached=91.9%
[MEMCACHED] cores updated to: ['0', '3']
[streamcluster] cores updated to: [2, 1]
[monitor] ['100%', '89%', '95%', '100%']  memcached=200.0%
[MEMCACHED] cores updated to: ['0', '2', '3']
[streamcluster] cores updated to: [1]
[monitor] ['70%', '100%', '67%', '72%']  memcached=208.2%
[monitor] ['67%', '100%', '60%', '66%']  memcached=192.3%
[monitor] ['61%', '100%', '55%', '60%']  memcached=176.1%
[monitor] ['64%', '100%', '57%', '66%']  memcached=185.9%
[monitor] ['65%', '100%', '57%', '60%']  memcached=181.4%
[monitor] ['64%', '100%', '56%', '61%']  memcached=181.2%
[monitor] ['65%', '100%', '52%', '63%']  memcached=179.8%
[monitor] ['62%', '100%', '59%', '68%']  memcached=189.5%
[monitor] ['69%', '100%', '61%', '68%']  memcached=196.9%
[monitor] ['64%', '100%', '55%', '64%']  memcached=182.4%
[monitor] ['65%', '100%', '55%', '61%']  memcached=180.5%
[monitor] ['58%', '100%', '52%', '57%']  memcached=166.3%
[monitor] ['58%', '100%', '50%', '62%']  memcached=170.1%
[monitor] ['61%', '100%', '45%', '58%']  memcached=163.5%
[monitor] ['56%', '100%', '50%', '59%']  memcached=164.9%
[monitor] ['59%', '100%', '50%', '57%']  memcached=165.5%
[monitor] ['65%', '100%', '53%', '61%']  memcached=179.3%
[monitor] ['57%', '100%', '48%', '59%']  memcached=164.3%
[monitor] ['59%', '100%', '48%', '60%']  memcached=167.7%
[monitor] ['59%', '100%', '50%', '58%']  memcached=167.4%
[monitor] ['55%', '100%', '50%', '57%']  memcached=162.0%
[monitor] ['65%', '100%', '55%', '64%']  memcached=183.5%
[monitor] ['46%', '100%', '38%', '40%']  memcached=123.2%
[MEMCACHED] cores updated to: ['0', '3']
[streamcluster] cores updated to: [2, 1]
[monitor] ['14%', '98%', '90%', '3%']  memcached=17.4%
[MEMCACHED] cores updated to: ['0']
[streamcluster] cores updated to: [2, 1, 3]
[monitor] ['10%', '100%', '78%', '100%']  memcached=10.3%
[monitor] ['4%', '100%', '79%', '98%']  memcached=3.6%
[monitor] ['10%', '100%', '76%', '98%']  memcached=10.3%
[monitor] ['0%', '100%', '79%', '100%']  memcached=0.0%
[monitor] ['14%', '98%', '80%', '98%']  memcached=13.8%
[monitor] ['4%', '100%', '78%', '100%']  memcached=3.6%
[monitor] ['7%', '100%', '77%', '98%']  memcached=6.9%
[monitor] ['4%', '100%', '80%', '100%']  memcached=3.7%
[monitor] ['10%', '100%', '79%', '98%']  memcached=10.3%
[monitor] ['10%', '100%', '79%', '100%']  memcached=10.3%
[monitor] ['23%', '100%', '82%', '98%']  memcached=23.3%
[monitor] ['97%', '100%', '82%', '95%']  memcached=97.4%
[MEMCACHED] cores updated to: ['0', '1', '3']
[streamcluster] cores updated to: [2]
[monitor] ['38%', '40%', '100%', '36%']  memcached=113.6%
[MEMCACHED] cores updated to: ['0', '3']
[streamcluster] cores updated to: [2, 1]
[monitor] ['57%', '97%', '98%', '45%']  memcached=101.5%
[monitor] ['57%', '95%', '97%', '53%']  memcached=110.0%
[monitor] ['59%', '98%', '90%', '48%']  memcached=107.7%
[monitor] ['57%', '100%', '97%', '52%']  memcached=108.3%
[monitor] ['57%', '90%', '92%', '57%']  memcached=113.8%
[monitor] ['55%', '100%', '95%', '47%']  memcached=101.2%
[monitor] ['50%', '97%', '93%', '55%']  memcached=105.2%
[monitor] ['47%', '98%', '95%', '52%']  memcached=98.4%
[monitor] ['52%', '100%', '95%', '59%']  memcached=111.0%
[monitor] ['52%', '95%', '92%', '55%']  memcached=106.8%
[monitor] ['95%', '79%', '100%', '100%']  memcached=194.7%
[MEMCACHED] cores updated to: ['0', '2', '3']
[streamcluster] cores updated to: [1]
[monitor] ['86%', '100%', '75%', '83%']  memcached=244.8%
[monitor] ['75%', '100%', '67%', '73%']  memcached=214.4%
[monitor] ['76%', '100%', '65%', '76%']  memcached=216.7%
[monitor] ['73%', '100%', '64%', '71%']  memcached=207.2%
[monitor] ['71%', '100%', '68%', '74%']  memcached=212.7%
[monitor] ['79%', '100%', '71%', '89%']  memcached=239.1%
[monitor] ['84%', '100%', '73%', '85%']  memcached=241.8%
[monitor] ['74%', '100%', '69%', '74%']  memcached=217.1%
[monitor] ['71%', '100%', '60%', '72%']  memcached=203.3%
[monitor] ['75%', '100%', '68%', '74%']  memcached=216.9%
[monitor] ['77%', '100%', '72%', '75%']  memcached=224.0%
[monitor] ['82%', '100%', '74%', '84%']  memcached=240.1%
[monitor] ['84%', '100%', '72%', '83%']  memcached=238.5%
[monitor] ['86%', '100%', '71%', '81%']  memcached=239.0%
[monitor] ['81%', '100%', '73%', '83%']  memcached=237.1%
[monitor] ['90%', '100%', '77%', '86%']  memcached=253.6%
[monitor] ['86%', '100%', '73%', '84%']  memcached=243.0%
[monitor] ['84%', '100%', '75%', '83%']  memcached=242.5%
[monitor] ['89%', '100%', '73%', '85%']  memcached=246.2%
[monitor] ['82%', '100%', '74%', '80%']  memcached=235.6%
[monitor] ['87%', '100%', '74%', '86%']  memcached=246.8%
[monitor] ['83%', '100%', '71%', '81%']  memcached=235.0%
[monitor] ['87%', '100%', '76%', '87%']  memcached=249.8%
[monitor] ['65%', '100%', '55%', '58%']  memcached=177.6%
[monitor] ['45%', '100%', '39%', '36%']  memcached=119.6%
[MEMCACHED] cores updated to: ['0', '3']
[streamcluster] cores updated to: [2, 1]
[monitor] ['62%', '97%', '92%', '62%']  memcached=125.0%
[monitor] ['66%', '98%', '95%', '60%']  memcached=125.6%
[monitor] ['66%', '97%', '87%', '61%']  memcached=126.9%
[monitor] ['64%', '95%', '98%', '58%']  memcached=121.7%
[monitor] ['60%', '98%', '87%', '57%']  memcached=116.7%
[monitor] ['69%', '97%', '95%', '69%']  memcached=137.3%
[monitor] ['68%', '95%', '95%', '65%']  memcached=132.2%
[monitor] ['67%', '98%', '95%', '71%']  memcached=137.3%
[monitor] ['66%', '98%', '92%', '57%']  memcached=122.4%
[monitor] ['69%', '97%', '92%', '63%']  memcached=132.1%
[monitor] ['71%', '95%', '95%', '74%']  memcached=144.8%
[monitor] ['84%', '95%', '92%', '79%']  memcached=163.2%
[monitor] ['86%', '97%', '90%', '80%']  memcached=166.1%
[monitor] ['83%', '92%', '100%', '84%']  memcached=167.1%
[monitor] ['87%', '98%', '88%', '86%']  memcached=173.3%
[MEMCACHED] cores updated to: ['0', '1', '3']
[streamcluster] cores updated to: [2]
[monitor] ['62%', '75%', '100%', '71%']  memcached=208.1%
[monitor] ['61%', '65%', '100%', '58%']  memcached=183.4%
[monitor] ['58%', '61%', '100%', '52%']  memcached=170.3%
[monitor] ['55%', '55%', '100%', '53%']  memcached=163.0%
[monitor] ['64%', '61%', '100%', '56%']  memcached=181.2%
[monitor] ['59%', '59%', '100%', '53%']  memcached=171.5%
[monitor] ['55%', '61%', '100%', '58%']  memcached=173.4%
[monitor] ['50%', '52%', '100%', '47%']  memcached=148.3%
[MEMCACHED] cores updated to: ['0', '3']
[streamcluster] cores updated to: [2, 1]
[monitor] ['39%', '95%', '95%', '30%']  memcached=68.3%
[MEMCACHED] cores updated to: ['0']
[streamcluster] cores updated to: [2, 1, 3]
[monitor] ['82%', '98%', '82%', '95%']  memcached=82.4%
[monitor] ['85%', '100%', '77%', '95%']  memcached=85.3%
[MEMCACHED] cores updated to: ['0', '3']
[streamcluster] cores updated to: [2, 1]
[monitor] ['32%', '98%', '92%', '33%']  memcached=65.3%
[MEMCACHED] cores updated to: ['0']
[streamcluster] cores updated to: [2, 1, 3]
[monitor] ['82%', '100%', '79%', '100%']  memcached=82.4%
[monitor] ['79%', '100%', '85%', '95%']  memcached=79.4%
[monitor] ['82%', '98%', '82%', '97%']  memcached=82.4%
[monitor] ['80%', '100%', '80%', '98%']  memcached=80.0%
[monitor] ['86%', '100%', '85%', '95%']  memcached=85.7%
[MEMCACHED] cores updated to: ['0', '2']
[streamcluster] cores updated to: [1, 3]
[monitor] ['32%', '100%', '32%', '98%']  memcached=64.3%
[MEMCACHED] cores updated to: ['0']
[streamcluster] cores updated to: [2, 1, 3]
[monitor] ['82%', '100%', '82%', '95%']  memcached=82.4%
[monitor] ['95%', '98%', '82%', '95%']  memcached=94.7%
[MEMCACHED] cores updated to: ['0', '1']
[streamcluster] cores updated to: [2, 3]
[monitor] ['100%', '100%', '89%', '85%']  memcached=200.0%
[MEMCACHED] cores updated to: ['0', '1', '3']
[streamcluster] cores updated to: [2]
[monitor] ['100%', '100%', '100%', '100%']  memcached=300.0%
[monitor] ['92%', '100%', '100%', '86%']  memcached=278.8%
[monitor] ['92%', '92%', '100%', '83%']  memcached=267.5%
[monitor] ['83%', '86%', '100%', '76%']  memcached=245.1%
[monitor] ['78%', '85%', '100%', '81%']  memcached=243.5%
[monitor] ['81%', '84%', '100%', '78%']  memcached=242.5%
[monitor] ['77%', '84%', '100%', '75%']  memcached=235.9%
[monitor] ['90%', '90%', '58%', '90%']  memcached=269.5%
[streamcluster] ended.
[MEMCACHED] cores updated to: ['0', '2', '3']
[vips] started on cores: [1] with 3 threads.
[monitor] ['85%', '100%', '68%', '86%']  memcached=239.2%
[monitor] ['58%', '100%', '48%', '61%']  memcached=166.6%
[monitor] ['31%', '100%', '32%', '34%']  memcached=97.8%
[MEMCACHED] cores updated to: ['0', '3']
[vips] cores updated to: [1, 2]
[monitor] ['48%', '100%', '6%', '50%']  memcached=98.3%
[monitor] ['52%', '100%', '3%', '52%']  memcached=103.5%
[monitor] ['46%', '100%', '11%', '50%']  memcached=96.4%
[monitor] ['48%', '100%', '3%', '54%']  memcached=102.0%
[monitor] ['50%', '100%', '3%', '52%']  memcached=101.7%
[monitor] ['52%', '95%', '62%', '50%']  memcached=101.6%
[monitor] ['55%', '100%', '100%', '52%']  memcached=106.6%
[monitor] ['52%', '100%', '100%', '52%']  memcached=103.4%
[monitor] ['52%', '100%', '100%', '52%']  memcached=103.4%
[monitor] ['52%', '100%', '100%', '48%']  memcached=99.9%
[monitor] ['43%', '100%', '100%', '48%']  memcached=91.1%
[monitor] ['50%', '100%', '100%', '42%']  memcached=92.3%
[monitor] ['82%', '100%', '100%', '66%']  memcached=147.4%
[monitor] ['53%', '100%', '100%', '55%']  memcached=108.2%
[monitor] ['48%', '100%', '100%', '52%']  memcached=100.0%
[monitor] ['48%', '100%', '100%', '48%']  memcached=96.6%
[monitor] ['50%', '100%', '100%', '46%']  memcached=96.4%
[monitor] ['52%', '100%', '100%', '52%']  memcached=103.4%
[monitor] ['52%', '100%', '100%', '45%']  memcached=96.4%
[monitor] ['48%', '100%', '100%', '53%']  memcached=101.4%
[monitor] ['39%', '100%', '100%', '43%']  memcached=82.1%
[monitor] ['47%', '100%', '100%', '42%']  memcached=89.0%
[monitor] ['45%', '100%', '100%', '48%']  memcached=93.2%
[monitor] ['19%', '100%', '100%', '9%']  memcached=28.8%
[MEMCACHED] cores updated to: ['0']
[vips] cores updated to: [1, 2, 3]
[monitor] ['7%', '100%', '100%', '100%']  memcached=7.1%
[monitor] ['21%', '100%', '100%', '100%']  memcached=21.4%
[monitor] ['100%', '100%', '100%', '100%']  memcached=100.0%
[MEMCACHED] cores updated to: ['0', '1', '2']
[vips] cores updated to: [3]
[monitor] ['61%', '3%', '48%', '100%']  memcached=112.4%
[MEMCACHED] cores updated to: ['0', '2']
[vips] cores updated to: [1, 3]
[monitor] ['25%', '100%', '70%', '100%']  memcached=94.7%
[monitor] ['61%', '100%', '50%', '100%']  memcached=110.5%
[monitor] ['56%', '100%', '97%', '100%']  memcached=153.5%
[monitor] ['100%', '100%', '38%', '100%']  memcached=137.5%
[monitor] ['100%', '100%', '46%', '100%']  memcached=146.4%
[monitor] ['97%', '100%', '59%', '100%']  memcached=155.3%
[monitor] ['61%', '100%', '100%', '100%']  memcached=161.3%
[monitor] ['65%', '100%', '100%', '100%']  memcached=164.5%
[monitor] ['97%', '100%', '57%', '100%']  memcached=153.6%
[monitor] ['100%', '100%', '52%', '100%']  memcached=151.9%
[monitor] ['100%', '100%', '57%', '100%']  memcached=156.7%
[monitor] ['100%', '100%', '53%', '100%']  memcached=153.3%
[monitor] ['100%', '100%', '53%', '100%']  memcached=153.3%
[monitor] ['100%', '100%', '57%', '100%']  memcached=156.7%
[monitor] ['81%', '100%', '74%', '100%']  memcached=155.4%
[monitor] ['59%', '100%', '100%', '100%']  memcached=159.4%
[monitor] ['43%', '100%', '100%', '100%']  memcached=143.3%
[monitor] ['40%', '100%', '100%', '100%']  memcached=140.0%
[monitor] ['71%', '100%', '64%', '100%']  memcached=135.7%
[monitor] ['45%', '100%', '96%', '100%']  memcached=141.1%
[monitor] ['100%', '100%', '32%', '100%']  memcached=132.1%
[monitor] ['100%', '100%', '36%', '100%']  memcached=135.7%
[monitor] ['100%', '100%', '41%', '100%']  memcached=140.7%
[monitor] ['100%', '100%', '38%', '100%']  memcached=137.9%
[monitor] ['72%', '100%', '64%', '100%']  memcached=136.7%
[monitor] ['36%', '100%', '36%', '100%']  memcached=71.7%
[MEMCACHED] cores updated to: ['0']
[vips] cores updated to: [1, 2, 3]
[monitor] ['79%', '100%', '100%', '100%']  memcached=79.4%
[monitor] ['81%', '100%', '100%', '100%']  memcached=81.2%
[monitor] ['10%', '100%', '100%', '100%']  memcached=9.7%
[monitor] ['7%', '100%', '100%', '100%']  memcached=6.7%
[monitor] ['3%', '100%', '100%', '100%']  memcached=3.4%
[monitor] ['7%', '100%', '100%', '100%']  memcached=6.7%
[monitor] ['12%', '100%', '100%', '100%']  memcached=12.5%
[monitor] ['7%', '100%', '100%', '100%']  memcached=6.7%
[monitor] ['13%', '100%', '100%', '100%']  memcached=12.9%
[monitor] ['3%', '100%', '100%', '100%']  memcached=3.3%
[monitor] ['10%', '100%', '100%', '100%']  memcached=9.7%
[monitor] ['7%', '100%', '100%', '100%']  memcached=6.7%
[monitor] ['3%', '100%', '100%', '100%']  memcached=3.3%
[monitor] ['7%', '100%', '100%', '100%']  memcached=6.7%
[monitor] ['6%', '100%', '100%', '100%']  memcached=6.5%
[monitor] ['9%', '100%', '100%', '100%']  memcached=9.4%
[monitor] ['6%', '100%', '100%', '100%']  memcached=6.5%
[monitor] ['3%', '100%', '100%', '100%']  memcached=3.3%
[monitor] ['12%', '100%', '100%', '100%']  memcached=12.1%
[monitor] ['3%', '100%', '100%', '100%']  memcached=3.2%
[monitor] ['7%', '100%', '100%', '100%']  memcached=6.7%
[monitor] ['6%', '100%', '100%', '100%']  memcached=6.2%
[monitor] ['3%', '100%', '100%', '100%']  memcached=3.3%
[monitor] ['3%', '100%', '100%', '100%']  memcached=3.3%
[monitor] ['0%', '100%', '100%', '100%']  memcached=0.0%
[monitor] ['9%', '100%', '100%', '100%']  memcached=9.4%
[monitor] ['35%', '100%', '100%', '100%']  memcached=35.3%
[monitor] ['85%', '100%', '100%', '100%']  memcached=84.8%
[monitor] ['86%', '100%', '100%', '100%']  memcached=86.1%
[MEMCACHED] cores updated to: ['0', '3']
[vips] cores updated to: [1, 2]
[monitor] ['41%', '100%', '100%', '30%']  memcached=71.0%
[MEMCACHED] cores updated to: ['0']
[vips] cores updated to: [1, 2, 3]
[monitor] ['86%', '100%', '100%', '100%']  memcached=86.1%
[MEMCACHED] cores updated to: ['0', '1']
[vips] cores updated to: [2, 3]
[monitor] ['36%', '41%', '100%', '100%']  memcached=77.1%
[MEMCACHED] cores updated to: ['0']
[vips] cores updated to: [1, 2, 3]
[monitor] ['85%', '100%', '100%', '100%']  memcached=84.8%
[monitor] ['84%', '100%', '100%', '100%']  memcached=83.8%
[monitor] ['85%', '100%', '100%', '100%']  memcached=84.8%
[monitor] ['76%', '100%', '100%', '100%']  memcached=76.5%
[monitor] ['85%', '100%', '100%', '100%']  memcached=84.8%
[monitor] ['86%', '100%', '100%', '100%']  memcached=85.7%
[MEMCACHED] cores updated to: ['0', '2']
[vips] cores updated to: [1, 3]
[monitor] ['83%', '100%', '80%', '100%']  memcached=163.3%
[monitor] ['97%', '100%', '97%', '100%']  memcached=194.7%
[MEMCACHED] cores updated to: ['0', '2', '3']
[vips] cores updated to: [1]
[monitor] ['81%', '100%', '74%', '79%']  memcached=234.8%
[monitor] ['81%', '100%', '67%', '76%']  memcached=223.0%
[monitor] ['78%', '100%', '66%', '76%']  memcached=219.8%
[monitor] ['81%', '100%', '68%', '75%']  memcached=223.3%
[monitor] ['84%', '100%', '70%', '78%']  memcached=231.9%
[monitor] ['81%', '100%', '71%', '81%']  memcached=232.2%
[monitor] ['84%', '100%', '72%', '80%']  memcached=235.7%
[monitor] ['86%', '100%', '74%', '82%']  memcached=242.4%
[monitor] ['86%', '100%', '75%', '80%']  memcached=241.5%
[monitor] ['90%', '100%', '89%', '89%']  memcached=267.8%
[monitor] ['55%', '100%', '50%', '100%']  memcached=204.5%
[monitor] ['33%', '100%', '24%', '100%']  memcached=157.5%
[MEMCACHED] cores updated to: ['0', '3']
[vips] cores updated to: [1, 2]
[monitor] ['79%', '100%', '100%', '40%']  memcached=119.3%
[monitor] ['100%', '100%', '100%', '35%']  memcached=134.6%
[monitor] ['100%', '100%', '100%', '44%']  memcached=144.4%
[monitor] ['100%', '100%', '100%', '43%']  memcached=142.9%
[monitor] ['100%', '100%', '100%', '41%']  memcached=141.4%
[monitor] ['100%', '100%', '100%', '43%']  memcached=142.9%
[monitor] ['100%', '100%', '100%', '43%']  memcached=142.9%
[monitor] ['100%', '100%', '100%', '68%']  memcached=167.6%
[monitor] ['100%', '100%', '100%', '57%']  memcached=157.1%
[monitor] ['94%', '100%', '100%', '74%']  memcached=167.5%
[monitor] ['92%', '100%', '100%', '98%']  memcached=189.6%
[MEMCACHED] cores updated to: ['0', '1', '3']
[vips] cores updated to: [2]
[monitor] ['92%', '87%', '100%', '81%']  memcached=259.8%
[monitor] ['86%', '89%', '100%', '81%']  memcached=256.5%
[monitor] ['81%', '92%', '100%', '86%']  memcached=259.3%
[monitor] ['75%', '81%', '100%', '70%']  memcached=225.3%
[monitor] ['77%', '78%', '100%', '71%']  memcached=226.1%
[monitor] ['74%', '76%', '100%', '71%']  memcached=220.6%
[monitor] ['71%', '72%', '100%', '71%']  memcached=214.2%
[monitor] ['73%', '74%', '100%', '67%']  memcached=212.9%
[monitor] ['78%', '84%', '100%', '77%']  memcached=239.3%
[monitor] ['78%', '78%', '100%', '73%']  memcached=229.5%
[monitor] ['56%', '52%', '100%', '50%']  memcached=157.1%
[MEMCACHED] cores updated to: ['0', '3']
[vips] cores updated to: [1, 2]
[monitor] ['17%', '100%', '100%', '6%']  memcached=23.4%
[MEMCACHED] cores updated to: ['0']
[vips] cores updated to: [3, 1, 2]
[monitor] ['11%', '100%', '100%', '100%']  memcached=11.1%
[monitor] ['8%', '100%', '100%', '100%']  memcached=7.7%
[monitor] ['11%', '100%', '100%', '100%']  memcached=11.1%
[monitor] ['19%', '87%', '82%', '85%']  memcached=19.2%
[vips] ended.
[MEMCACHED] cores updated to: ['0', '1', '2', '3']
