Scheduler started.
[MEMCACHED] cores updated to: ['0', '1', '2']
[radix] started on cores: [3] with 1 threads.
[monitor] ['11%', '3%', '6%', '100%']  memcached=18.9%
[MEMCACHED] cores updated to: ['0']
[barnes] started on cores: [1, 2] with 2 threads.
[monitor] ['16%', '33%', '73%', '100%']  memcached=16.2%
[monitor] ['27%', '13%', '90%', '100%']  memcached=26.7%
[monitor] ['27%', '0%', '100%', '100%']  memcached=27.3%
[monitor] ['24%', '41%', '100%', '100%']  memcached=24.4%
[monitor] ['11%', '100%', '100%', '100%']  memcached=11.1%
[monitor] ['11%', '100%', '100%', '100%']  memcached=11.1%
[monitor] ['9%', '100%', '100%', '100%']  memcached=8.6%
[monitor] ['19%', '82%', '100%', '100%']  memcached=18.9%
[monitor] ['11%', '100%', '100%', '100%']  memcached=11.1%
[monitor] ['21%', '100%', '100%', '100%']  memcached=20.5%
[monitor] ['6%', '100%', '100%', '100%']  memcached=5.9%
[monitor] ['18%', '100%', '100%', '100%']  memcached=17.5%
[monitor] ['16%', '100%', '100%', '100%']  memcached=15.8%
[monitor] ['11%', '100%', '100%', '100%']  memcached=11.4%
[monitor] ['16%', '100%', '100%', '100%']  memcached=16.2%
[monitor] ['11%', '100%', '100%', '100%']  memcached=11.1%
[monitor] ['8%', '100%', '100%', '100%']  memcached=8.3%
[monitor] ['9%', '100%', '100%', '100%']  memcached=8.8%
[monitor] ['14%', '100%', '100%', '100%']  memcached=13.5%
[monitor] ['11%', '100%', '100%', '100%']  memcached=10.8%
[monitor] ['8%', '100%', '100%', '100%']  memcached=8.3%
[monitor] ['13%', '100%', '100%', '100%']  memcached=13.2%
[monitor] ['14%', '100%', '100%', '100%']  memcached=13.5%
[monitor] ['11%', '100%', '100%', '100%']  memcached=11.1%
[monitor] ['18%', '100%', '100%', '100%']  memcached=18.4%
[monitor] ['62%', '100%', '100%', '100%']  memcached=62.2%
[monitor] ['85%', '100%', '100%', '100%']  memcached=85.3%
[MEMCACHED] cores updated to: ['0', '3']
[radix] paused.
[monitor] ['53%', '100%', '100%', '69%']  memcached=122.8%
[monitor] ['44%', '100%', '100%', '43%']  memcached=87.3%
[monitor] ['45%', '100%', '100%', '40%']  memcached=85.2%
[monitor] ['47%', '100%', '100%', '39%']  memcached=86.0%
[monitor] ['45%', '100%', '100%', '47%']  memcached=91.8%
[monitor] ['43%', '100%', '100%', '50%']  memcached=92.9%
[monitor] ['43%', '100%', '100%', '43%']  memcached=86.2%
[monitor] ['41%', '100%', '100%', '47%']  memcached=87.4%
[monitor] ['42%', '100%', '100%', '38%']  memcached=79.9%
[MEMCACHED] cores updated to: ['0']
[radix] unpaused.
[monitor] ['85%', '100%', '100%', '100%']  memcached=84.8%
[monitor] ['82%', '100%', '100%', '100%']  memcached=81.8%
[monitor] ['89%', '100%', '100%', '100%']  memcached=89.2%
[MEMCACHED] cores updated to: ['0', '3']
[radix] paused.
[monitor] ['43%', '100%', '100%', '40%']  memcached=82.9%
[monitor] ['48%', '100%', '100%', '38%']  memcached=86.2%
[monitor] ['41%', '100%', '100%', '41%']  memcached=82.8%
[monitor] ['46%', '100%', '100%', '38%']  memcached=84.4%
[monitor] ['45%', '100%', '100%', '38%']  memcached=82.8%
[monitor] ['46%', '100%', '100%', '50%']  memcached=96.4%
[monitor] ['40%', '100%', '100%', '43%']  memcached=82.9%
[monitor] ['42%', '100%', '100%', '48%']  memcached=90.6%
[monitor] ['39%', '100%', '100%', '41%']  memcached=80.7%
[monitor] ['43%', '100%', '100%', '43%']  memcached=86.2%
[monitor] ['41%', '100%', '100%', '46%']  memcached=87.2%
[monitor] ['37%', '100%', '100%', '37%']  memcached=74.1%
[MEMCACHED] cores updated to: ['0']
[radix] unpaused.
[monitor] ['85%', '100%', '100%', '100%']  memcached=85.3%
[MEMCACHED] cores updated to: ['0', '3']
[radix] paused.
[monitor] ['39%', '100%', '100%', '45%']  memcached=84.1%
[monitor] ['38%', '100%', '100%', '39%']  memcached=77.7%
[MEMCACHED] cores updated to: ['0']
[radix] unpaused.
[monitor] ['86%', '100%', '100%', '100%']  memcached=85.7%
[MEMCACHED] cores updated to: ['0', '3']
[radix] paused.
[monitor] ['35%', '100%', '100%', '43%']  memcached=77.5%
[MEMCACHED] cores updated to: ['0']
[radix] unpaused.
[monitor] ['86%', '87%', '100%', '100%']  memcached=85.7%
[MEMCACHED] cores updated to: ['0', '3']
[radix] paused.
[monitor] ['41%', '6%', '100%', '52%']  memcached=92.4%
[monitor] ['38%', '3%', '100%', '44%']  memcached=82.4%
[monitor] ['31%', '3%', '100%', '43%']  memcached=74.1%
[MEMCACHED] cores updated to: ['0']
[radix] unpaused.
[monitor] ['83%', '6%', '100%', '100%']  memcached=83.3%
[monitor] ['100%', '38%', '76%', '100%']  memcached=100.0%
[MEMCACHED] cores updated to: ['0', '1', '2']
[barnes] paused.
[monitor] ['86%', '100%', '97%', '100%']  memcached=283.9%
[monitor] ['65%', '68%', '69%', '100%']  memcached=201.0%
[monitor] ['64%', '73%', '71%', '100%']  memcached=207.8%
[monitor] ['60%', '68%', '66%', '100%']  memcached=193.3%
[monitor] ['66%', '77%', '71%', '100%']  memcached=213.4%
[monitor] ['62%', '71%', '69%', '100%']  memcached=201.8%
[monitor] ['67%', '80%', '71%', '100%']  memcached=217.3%
[monitor] ['61%', '65%', '68%', '100%']  memcached=192.8%
[monitor] ['61%', '71%', '69%', '100%']  memcached=200.6%
[monitor] ['68%', '77%', '71%', '100%']  memcached=215.4%
[monitor] ['68%', '73%', '68%', '100%']  memcached=208.0%
[monitor] ['72%', '81%', '80%', '100%']  memcached=232.4%
[monitor] ['84%', '83%', '90%', '100%']  memcached=257.3%
[monitor] ['71%', '77%', '75%', '100%']  memcached=222.7%
[monitor] ['74%', '92%', '77%', '100%']  memcached=242.8%
[monitor] ['71%', '86%', '75%', '100%']  memcached=231.7%
[monitor] ['72%', '89%', '74%', '100%']  memcached=236.0%
[monitor] ['73%', '92%', '78%', '100%']  memcached=242.6%
[monitor] ['61%', '72%', '68%', '100%']  memcached=201.2%
[monitor] ['68%', '76%', '71%', '100%']  memcached=214.1%
[monitor] ['63%', '71%', '69%', '100%']  memcached=203.5%
[monitor] ['61%', '71%', '70%', '100%']  memcached=202.4%
[monitor] ['66%', '74%', '71%', '100%']  memcached=209.7%
[monitor] ['68%', '70%', '70%', '100%']  memcached=207.0%
[monitor] ['69%', '74%', '73%', '100%']  memcached=214.8%
[monitor] ['71%', '72%', '74%', '100%']  memcached=216.7%
[monitor] ['68%', '74%', '75%', '100%']  memcached=217.0%
[monitor] ['79%', '76%', '81%', '100%']  memcached=235.0%
[monitor] ['67%', '76%', '74%', '100%']  memcached=217.3%
[monitor] ['69%', '73%', '71%', '100%']  memcached=212.1%
[monitor] ['62%', '69%', '68%', '100%']  memcached=198.9%
[monitor] ['67%', '70%', '70%', '100%']  memcached=206.1%
[monitor] ['67%', '71%', '71%', '100%']  memcached=208.2%
[monitor] ['66%', '73%', '71%', '100%']  memcached=208.9%
[monitor] ['81%', '78%', '83%', '100%']  memcached=242.3%
[monitor] ['43%', '43%', '45%', '100%']  memcached=131.8%
[MEMCACHED] cores updated to: ['0', '2']
[radix] paused.
[barnes] unpaused.
[barnes] cores updated to: [1, 3]
[monitor] ['55%', '100%', '50%', '85%']  memcached=105.2%
[monitor] ['52%', '100%', '52%', '100%']  memcached=103.3%
[monitor] ['52%', '92%', '47%', '100%']  memcached=98.4%
[monitor] ['55%', '100%', '52%', '100%']  memcached=106.8%
[monitor] ['55%', '100%', '47%', '100%']  memcached=101.5%
[monitor] ['44%', '100%', '48%', '100%']  memcached=92.8%
[monitor] ['52%', '100%', '47%', '100%']  memcached=98.4%
[monitor] ['53%', '100%', '48%', '100%']  memcached=101.7%
[monitor] ['56%', '100%', '58%', '100%']  memcached=113.8%
[monitor] ['53%', '100%', '48%', '100%']  memcached=101.7%
[monitor] ['52%', '100%', '48%', '100%']  memcached=100.1%
[monitor] ['50%', '100%', '47%', '100%']  memcached=96.7%
[monitor] ['52%', '100%', '53%', '100%']  memcached=104.7%
[monitor] ['55%', '100%', '50%', '100%']  memcached=105.2%
[monitor] ['60%', '100%', '50%', '100%']  memcached=110.0%
[monitor] ['58%', '100%', '58%', '100%']  memcached=115.6%
[monitor] ['53%', '100%', '57%', '100%']  memcached=109.8%
[monitor] ['52%', '100%', '55%', '100%']  memcached=106.9%
[monitor] ['50%', '100%', '52%', '100%']  memcached=101.7%
[monitor] ['53%', '100%', '53%', '100%']  memcached=106.5%
[monitor] ['48%', '100%', '53%', '100%']  memcached=101.6%
[monitor] ['53%', '100%', '52%', '100%']  memcached=104.9%
[monitor] ['50%', '100%', '61%', '100%']  memcached=111.3%
[monitor] ['57%', '100%', '58%', '100%']  memcached=114.7%
[monitor] ['47%', '100%', '52%', '100%']  memcached=98.4%
[monitor] ['48%', '100%', '55%', '100%']  memcached=103.1%
[monitor] ['60%', '100%', '67%', '100%']  memcached=126.7%
[monitor] ['50%', '100%', '58%', '100%']  memcached=108.1%
[monitor] ['44%', '100%', '46%', '100%']  memcached=90.9%
[monitor] ['53%', '100%', '45%', '100%']  memcached=98.2%
[monitor] ['47%', '100%', '52%', '100%']  memcached=98.4%
[monitor] ['48%', '100%', '53%', '100%']  memcached=101.5%
[monitor] ['53%', '100%', '61%', '100%']  memcached=113.9%
[monitor] ['50%', '100%', '52%', '100%']  memcached=101.6%
[monitor] ['52%', '100%', '56%', '100%']  memcached=107.9%
[monitor] ['48%', '100%', '53%', '100%']  memcached=101.6%
[monitor] ['28%', '100%', '33%', '100%']  memcached=60.9%
[MEMCACHED] cores updated to: ['0']
[radix] unpaused.
[radix] cores updated to: [2]
[monitor] ['52%', '100%', '100%', '100%']  memcached=52.0%
[monitor] ['50%', '100%', '100%', '100%']  memcached=50.0%
[monitor] ['56%', '100%', '100%', '100%']  memcached=55.6%
[monitor] ['50%', '100%', '100%', '100%']  memcached=50.0%
[monitor] ['58%', '100%', '100%', '100%']  memcached=57.7%
[monitor] ['57%', '100%', '100%', '100%']  memcached=57.1%
[monitor] ['54%', '100%', '100%', '100%']  memcached=53.8%
[monitor] ['50%', '100%', '100%', '100%']  memcached=50.0%
[monitor] ['50%', '100%', '100%', '100%']  memcached=50.0%
[monitor] ['52%', '100%', '100%', '100%']  memcached=52.0%
[monitor] ['62%', '100%', '100%', '100%']  memcached=62.1%
[monitor] ['52%', '100%', '100%', '100%']  memcached=52.0%
[monitor] ['52%', '100%', '100%', '100%']  memcached=52.0%
[monitor] ['57%', '100%', '100%', '100%']  memcached=57.1%
[monitor] ['44%', '100%', '100%', '100%']  memcached=44.0%
[monitor] ['46%', '100%', '100%', '100%']  memcached=46.2%
[monitor] ['50%', '100%', '100%', '100%']  memcached=50.0%
[monitor] ['54%', '100%', '100%', '100%']  memcached=53.6%
[monitor] ['48%', '100%', '100%', '100%']  memcached=47.8%
[monitor] ['44%', '100%', '100%', '100%']  memcached=44.0%
[monitor] ['58%', '100%', '100%', '100%']  memcached=57.7%
[monitor] ['52%', '100%', '100%', '100%']  memcached=51.9%
[monitor] ['68%', '100%', '100%', '100%']  memcached=67.9%
[monitor] ['78%', '100%', '100%', '100%']  memcached=78.1%
[monitor] ['79%', '100%', '100%', '100%']  memcached=78.8%
[monitor] ['79%', '100%', '100%', '100%']  memcached=78.8%
[monitor] ['77%', '100%', '100%', '100%']  memcached=77.4%
[monitor] ['72%', '100%', '100%', '100%']  memcached=72.4%
[monitor] ['73%', '100%', '100%', '100%']  memcached=73.3%
[monitor] ['69%', '100%', '100%', '92%']  memcached=69.0%
[monitor] ['74%', '100%', '100%', '3%']  memcached=74.2%
[monitor] ['89%', '100%', '100%', '85%']  memcached=88.6%
[MEMCACHED] cores updated to: ['0', '2']
[radix] paused.
[monitor] ['32%', '100%', '30%', '100%']  memcached=62.3%
[MEMCACHED] cores updated to: ['0']
[radix] unpaused.
[monitor] ['72%', '84%', '100%', '100%']  memcached=72.4%
[monitor] ['74%', '100%', '100%', '100%']  memcached=74.2%
[monitor] ['88%', '100%', '100%', '100%']  memcached=88.2%
[MEMCACHED] cores updated to: ['0', '2']
[radix] paused.
[monitor] ['43%', '100%', '37%', '100%']  memcached=80.4%
[monitor] ['47%', '100%', '43%', '100%']  memcached=90.0%
[monitor] ['37%', '100%', '36%', '100%']  memcached=72.8%
[MEMCACHED] cores updated to: ['0']
[radix] unpaused.
[monitor] ['100%', '100%', '100%', '100%']  memcached=100.0%
[MEMCACHED] cores updated to: ['0', '1', '3']
[barnes] paused.
[monitor] ['32%', '28%', '100%', '33%']  memcached=93.1%
[MEMCACHED] cores updated to: ['0', '3']
[radix] paused.
[barnes] unpaused.
[barnes] cores updated to: [1, 2]
[monitor] ['43%', '100%', '100%', '43%']  memcached=86.2%
[monitor] ['32%', '100%', '100%', '48%']  memcached=80.4%
[monitor] ['41%', '100%', '100%', '53%']  memcached=94.1%
[monitor] ['43%', '100%', '100%', '52%']  memcached=94.9%
[monitor] ['37%', '100%', '100%', '47%']  memcached=83.7%
[monitor] ['40%', '100%', '100%', '52%']  memcached=91.6%
[monitor] ['38%', '100%', '100%', '50%']  memcached=87.9%
[monitor] ['41%', '100%', '100%', '52%']  memcached=93.0%
[monitor] ['36%', '100%', '100%', '45%']  memcached=80.5%
[monitor] ['47%', '100%', '100%', '50%']  memcached=96.7%
[monitor] ['32%', '100%', '100%', '41%']  memcached=73.4%
[MEMCACHED] cores updated to: ['0']
[radix] unpaused.
[radix] cores updated to: [3]
[monitor] ['88%', '100%', '98%', '100%']  memcached=88.2%
[MEMCACHED] cores updated to: ['0', '3']
[radix] paused.
[monitor] ['47%', '100%', '100%', '46%']  memcached=93.1%
[monitor] ['41%', '100%', '100%', '50%']  memcached=91.4%
[monitor] ['52%', '100%', '100%', '58%']  memcached=109.7%
[monitor] ['44%', '100%', '100%', '58%']  memcached=102.5%
[monitor] ['50%', '100%', '100%', '55%']  memcached=104.8%
[monitor] ['54%', '100%', '100%', '60%']  memcached=113.6%
[monitor] ['39%', '100%', '100%', '45%']  memcached=84.1%
[monitor] ['41%', '100%', '100%', '50%']  memcached=91.4%
[monitor] ['41%', '100%', '100%', '48%']  memcached=89.8%
[monitor] ['39%', '100%', '100%', '47%']  memcached=86.0%
[monitor] ['50%', '100%', '100%', '61%']  memcached=111.3%
[monitor] ['33%', '100%', '100%', '50%']  memcached=83.3%
[monitor] ['54%', '100%', '100%', '62%']  memcached=116.1%
[monitor] ['35%', '100%', '100%', '55%']  memcached=89.5%
[monitor] ['40%', '100%', '100%', '43%']  memcached=83.3%
[monitor] ['43%', '100%', '100%', '50%']  memcached=93.3%
[monitor] ['36%', '100%', '100%', '53%']  memcached=89.0%
[monitor] ['36%', '100%', '100%', '41%']  memcached=76.5%
[MEMCACHED] cores updated to: ['0']
[radix] unpaused.
[monitor] ['52%', '100%', '100%', '100%']  memcached=51.9%
[monitor] ['52%', '100%', '100%', '100%']  memcached=52.0%
[monitor] ['48%', '100%', '100%', '100%']  memcached=48.1%
[monitor] ['81%', '100%', '100%', '100%']  memcached=81.2%
[monitor] ['54%', '100%', '100%', '100%']  memcached=53.8%
[monitor] ['54%', '100%', '100%', '100%']  memcached=53.8%
[monitor] ['50%', '100%', '100%', '100%']  memcached=50.0%
[monitor] ['63%', '100%', '100%', '100%']  memcached=63.0%
[monitor] ['56%', '100%', '100%', '100%']  memcached=55.6%
[monitor] ['68%', '100%', '100%', '98%']  memcached=67.7%
[radix] ended.
[blackscholes] started on cores: [3] with 3 threads.
[monitor] ['50%', '100%', '100%', '100%']  memcached=50.0%
[monitor] ['52%', '100%', '100%', '100%']  memcached=52.0%
[monitor] ['58%', '100%', '100%', '100%']  memcached=57.7%
[monitor] ['58%', '100%', '100%', '100%']  memcached=57.7%
[monitor] ['72%', '100%', '100%', '100%']  memcached=72.4%
[monitor] ['54%', '100%', '100%', '100%']  memcached=53.8%
[monitor] ['46%', '100%', '100%', '100%']  memcached=46.2%
[monitor] ['56%', '100%', '100%', '100%']  memcached=56.0%
[monitor] ['52%', '100%', '90%', '100%']  memcached=51.9%
[monitor] ['40%', '100%', '3%', '100%']  memcached=40.0%
[monitor] ['44%', '100%', '3%', '100%']  memcached=44.4%
[monitor] ['46%', '100%', '38%', '100%']  memcached=46.2%
[monitor] ['52%', '100%', '100%', '100%']  memcached=51.9%
[monitor] ['46%', '100%', '82%', '100%']  memcached=46.2%
[monitor] ['67%', '100%', '100%', '100%']  memcached=66.7%
[monitor] ['75%', '100%', '100%', '100%']  memcached=75.0%
[monitor] ['42%', '100%', '100%', '100%']  memcached=41.7%
[monitor] ['43%', '100%', '100%', '100%']  memcached=43.5%
[monitor] ['52%', '100%', '100%', '100%']  memcached=52.0%
[monitor] ['59%', '100%', '100%', '100%']  memcached=59.3%
[monitor] ['46%', '100%', '100%', '100%']  memcached=45.8%
[monitor] ['59%', '100%', '100%', '100%']  memcached=59.3%
[monitor] ['59%', '100%', '100%', '100%']  memcached=58.6%
[monitor] ['46%', '100%', '100%', '100%']  memcached=45.8%
[monitor] ['48%', '100%', '100%', '100%']  memcached=48.0%
[monitor] ['62%', '100%', '100%', '100%']  memcached=62.1%
[monitor] ['100%', '100%', '100%', '100%']  memcached=100.0%
[MEMCACHED] cores updated to: ['0', '1', '2']
[barnes] paused.
[monitor] ['97%', '100%', '98%', '100%']  memcached=294.9%
[monitor] ['89%', '95%', '83%', '100%']  memcached=266.6%
[monitor] ['84%', '91%', '78%', '100%']  memcached=253.6%
[monitor] ['70%', '100%', '77%', '100%']  memcached=246.8%
[monitor] ['71%', '100%', '76%', '100%']  memcached=246.3%
[monitor] ['69%', '100%', '74%', '100%']  memcached=243.0%
[monitor] ['76%', '100%', '76%', '100%']  memcached=252.2%
[monitor] ['74%', '100%', '76%', '100%']  memcached=250.0%
[monitor] ['73%', '100%', '75%', '100%']  memcached=247.7%
[monitor] ['70%', '89%', '91%', '100%']  memcached=249.8%
[monitor] ['71%', '89%', '100%', '100%']  memcached=260.1%
[monitor] ['77%', '83%', '100%', '100%']  memcached=260.0%
[monitor] ['73%', '83%', '100%', '100%']  memcached=255.6%
[monitor] ['69%', '77%', '86%', '100%']  memcached=231.6%
[monitor] ['71%', '78%', '76%', '100%']  memcached=224.5%
[monitor] ['66%', '76%', '71%', '100%']  memcached=213.5%
[monitor] ['71%', '79%', '75%', '100%']  memcached=225.0%
[monitor] ['70%', '78%', '76%', '100%']  memcached=223.8%
[monitor] ['77%', '77%', '83%', '100%']  memcached=237.1%
[monitor] ['71%', '76%', '76%', '100%']  memcached=223.2%
[monitor] ['74%', '79%', '82%', '100%']  memcached=233.9%
[monitor] ['76%', '90%', '81%', '100%']  memcached=247.3%
[monitor] ['71%', '77%', '77%', '100%']  memcached=224.9%
[monitor] ['71%', '78%', '78%', '100%']  memcached=227.1%
[monitor] ['69%', '77%', '76%', '100%']  memcached=222.4%
[monitor] ['75%', '76%', '77%', '100%']  memcached=228.6%
[monitor] ['74%', '79%', '78%', '100%']  memcached=230.8%
[monitor] ['70%', '76%', '76%', '100%']  memcached=222.6%
[monitor] ['72%', '78%', '77%', '100%']  memcached=227.4%
[monitor] ['69%', '76%', '74%', '100%']  memcached=219.5%
[monitor] ['71%', '77%', '74%', '100%']  memcached=222.0%
[monitor] ['70%', '73%', '74%', '100%']  memcached=216.0%
[monitor] ['74%', '79%', '77%', '100%']  memcached=230.1%
[monitor] ['67%', '73%', '70%', '100%']  memcached=209.1%
[monitor] ['69%', '76%', '76%', '100%']  memcached=221.0%
[monitor] ['71%', '79%', '75%', '100%']  memcached=225.0%
[monitor] ['76%', '77%', '77%', '100%']  memcached=230.0%
[monitor] ['75%', '83%', '79%', '100%']  memcached=237.7%
[monitor] ['71%', '81%', '78%', '100%']  memcached=230.4%
[monitor] ['70%', '72%', '73%', '100%']  memcached=214.3%
[monitor] ['73%', '76%', '78%', '100%']  memcached=227.0%
[monitor] ['71%', '76%', '74%', '100%']  memcached=221.3%
[monitor] ['74%', '77%', '80%', '100%']  memcached=230.7%
[monitor] ['74%', '86%', '77%', '100%']  memcached=236.4%
[monitor] ['77%', '95%', '81%', '100%']  memcached=252.7%
[monitor] ['72%', '76%', '77%', '100%']  memcached=225.5%
[monitor] ['68%', '74%', '76%', '100%']  memcached=217.0%
[monitor] ['71%', '74%', '78%', '100%']  memcached=221.9%
[monitor] ['71%', '76%', '78%', '100%']  memcached=224.8%
[monitor] ['71%', '74%', '77%', '100%']  memcached=222.4%
[monitor] ['73%', '83%', '81%', '100%']  memcached=236.6%
[monitor] ['70%', '75%', '76%', '100%']  memcached=221.2%
[monitor] ['67%', '71%', '74%', '100%']  memcached=211.6%
[monitor] ['66%', '74%', '73%', '100%']  memcached=211.9%
[monitor] ['66%', '74%', '69%', '100%']  memcached=207.9%
[monitor] ['68%', '71%', '76%', '100%']  memcached=214.8%
[monitor] ['72%', '78%', '80%', '100%']  memcached=229.7%
[monitor] ['92%', '86%', '97%', '100%']  memcached=275.7%
[monitor] ['69%', '75%', '76%', '100%']  memcached=220.2%
[monitor] ['72%', '79%', '78%', '100%']  memcached=228.4%
[monitor] ['77%', '80%', '77%', '100%']  memcached=234.3%
[monitor] ['67%', '72%', '78%', '100%']  memcached=216.3%
[monitor] ['71%', '73%', '74%', '100%']  memcached=218.4%
[monitor] ['72%', '75%', '76%', '100%']  memcached=223.3%
[monitor] ['74%', '76%', '77%', '100%']  memcached=227.9%
[monitor] ['73%', '79%', '78%', '100%']  memcached=229.9%
[monitor] ['71%', '74%', '76%', '100%']  memcached=222.2%
[monitor] ['75%', '74%', '78%', '100%']  memcached=227.1%
[monitor] ['70%', '75%', '76%', '100%']  memcached=220.5%
[monitor] ['71%', '78%', '74%', '100%']  memcached=221.9%
[monitor] ['76%', '81%', '79%', '100%']  memcached=236.3%
[monitor] ['72%', '76%', '75%', '100%']  memcached=223.5%
[monitor] ['73%', '73%', '77%', '100%']  memcached=222.9%
[monitor] ['65%', '68%', '68%', '100%']  memcached=199.9%
[monitor] ['84%', '75%', '84%', '100%']  memcached=243.4%
[monitor] ['68%', '71%', '78%', '100%']  memcached=216.9%
[monitor] ['62%', '65%', '64%', '100%']  memcached=190.7%
[monitor] ['61%', '66%', '69%', '100%']  memcached=195.0%
[monitor] ['61%', '68%', '68%', '100%']  memcached=196.6%
[monitor] ['64%', '61%', '66%', '100%']  memcached=190.6%
[monitor] ['66%', '67%', '70%', '100%']  memcached=202.0%
[monitor] ['61%', '63%', '66%', '100%']  memcached=190.2%
[monitor] ['61%', '61%', '65%', '100%']  memcached=187.3%
[monitor] ['58%', '66%', '61%', '100%']  memcached=184.5%
[monitor] ['62%', '64%', '67%', '100%']  memcached=192.8%
[monitor] ['61%', '60%', '65%', '100%']  memcached=185.1%
[monitor] ['60%', '67%', '65%', '100%']  memcached=191.4%
[monitor] ['61%', '66%', '66%', '100%']  memcached=192.5%
[monitor] ['57%', '64%', '66%', '100%']  memcached=185.9%
[monitor] ['62%', '69%', '65%', '100%']  memcached=195.8%
[monitor] ['62%', '69%', '72%', '100%']  memcached=203.5%
[monitor] ['72%', '67%', '74%', '100%']  memcached=212.8%
[monitor] ['69%', '68%', '74%', '100%']  memcached=209.7%
[monitor] ['61%', '67%', '65%', '100%']  memcached=192.5%
[monitor] ['64%', '67%', '67%', '100%']  memcached=197.0%
[monitor] ['65%', '67%', '69%', '100%']  memcached=199.9%
[monitor] ['69%', '67%', '73%', '100%']  memcached=208.1%
[monitor] ['64%', '68%', '67%', '100%']  memcached=198.0%
[monitor] ['61%', '73%', '69%', '100%']  memcached=202.8%
[monitor] ['62%', '65%', '69%', '100%']  memcached=196.5%
[monitor] ['68%', '71%', '70%', '100%']  memcached=207.9%
[monitor] ['65%', '70%', '71%', '100%']  memcached=205.6%
[monitor] ['61%', '61%', '61%', '100%']  memcached=183.9%
[monitor] ['59%', '61%', '65%', '100%']  memcached=185.2%
[monitor] ['61%', '70%', '67%', '100%']  memcached=197.7%
[monitor] ['62%', '64%', '68%', '100%']  memcached=193.8%
[monitor] ['61%', '66%', '67%', '100%']  memcached=193.6%
[monitor] ['66%', '69%', '68%', '100%']  memcached=202.1%
[monitor] ['66%', '66%', '65%', '100%']  memcached=195.8%
[monitor] ['41%', '25%', '29%', '100%']  memcached=94.6%
[MEMCACHED] cores updated to: ['0', '2']
[barnes] unpaused.
[barnes] cores updated to: [1, 3]
[blackscholes] paused.
[monitor] ['39%', '100%', '28%', '100%']  memcached=67.0%
[MEMCACHED] cores updated to: ['0']
[blackscholes] unpaused.
[blackscholes] cores updated to: [2]
[monitor] ['54%', '100%', '100%', '100%']  memcached=53.8%
[monitor] ['48%', '100%', '100%', '100%']  memcached=48.0%
[monitor] ['36%', '100%', '100%', '100%']  memcached=36.4%
[monitor] ['42%', '100%', '100%', '100%']  memcached=42.3%
[monitor] ['43%', '100%', '100%', '100%']  memcached=43.5%
[monitor] ['50%', '100%', '100%', '100%']  memcached=50.0%
[monitor] ['39%', '100%', '100%', '100%']  memcached=39.1%
[monitor] ['42%', '100%', '100%', '100%']  memcached=41.7%
[monitor] ['38%', '100%', '100%', '100%']  memcached=38.1%
[monitor] ['48%', '100%', '100%', '100%']  memcached=48.0%
[monitor] ['39%', '100%', '100%', '100%']  memcached=39.1%
[monitor] ['50%', '100%', '100%', '100%']  memcached=50.0%
[monitor] ['50%', '100%', '100%', '100%']  memcached=50.0%
[monitor] ['39%', '100%', '100%', '100%']  memcached=39.1%
[monitor] ['46%', '100%', '100%', '100%']  memcached=45.8%
[monitor] ['42%', '100%', '100%', '100%']  memcached=42.3%
[monitor] ['42%', '100%', '100%', '100%']  memcached=41.7%
[monitor] ['58%', '100%', '100%', '100%']  memcached=57.7%
[monitor] ['43%', '100%', '100%', '100%']  memcached=43.5%
[monitor] ['40%', '100%', '100%', '100%']  memcached=40.0%
[monitor] ['42%', '100%', '100%', '100%']  memcached=41.7%
[monitor] ['52%', '100%', '100%', '100%']  memcached=51.9%
[monitor] ['48%', '100%', '100%', '100%']  memcached=48.0%
[monitor] ['46%', '100%', '100%', '100%']  memcached=45.8%
[monitor] ['44%', '100%', '100%', '100%']  memcached=44.0%
[monitor] ['66%', '100%', '100%', '100%']  memcached=65.5%
[monitor] ['54%', '100%', '100%', '100%']  memcached=53.6%
[monitor] ['48%', '100%', '100%', '100%']  memcached=48.0%
[monitor] ['52%', '100%', '100%', '100%']  memcached=51.9%
[monitor] ['56%', '100%', '100%', '100%']  memcached=56.0%
[monitor] ['42%', '100%', '100%', '100%']  memcached=41.7%
[monitor] ['44%', '100%', '100%', '100%']  memcached=44.0%
[monitor] ['48%', '100%', '100%', '100%']  memcached=48.0%
[monitor] ['48%', '100%', '100%', '100%']  memcached=48.0%
[monitor] ['21%', '100%', '100%', '100%']  memcached=20.7%
[monitor] ['11%', '100%', '100%', '100%']  memcached=11.4%
[monitor] ['9%', '100%', '100%', '100%']  memcached=8.8%
[monitor] ['11%', '100%', '100%', '100%']  memcached=11.4%
[monitor] ['9%', '100%', '100%', '100%']  memcached=8.8%
[monitor] ['9%', '100%', '100%', '100%']  memcached=8.8%
[monitor] ['17%', '100%', '100%', '100%']  memcached=16.7%
[monitor] ['11%', '100%', '100%', '100%']  memcached=11.4%
[monitor] ['11%', '100%', '100%', '100%']  memcached=11.1%
[monitor] ['6%', '21%', '100%', '100%']  memcached=5.9%
[monitor] ['21%', '25%', '100%', '74%']  memcached=20.6%
[barnes] ended.
[blackscholes] cores updated to: [1, 2, 3]
[monitor] ['18%', '95%', '100%', '100%']  memcached=17.9%
[monitor] ['14%', '100%', '100%', '100%']  memcached=13.9%
[monitor] ['14%', '100%', '100%', '100%']  memcached=13.9%
[monitor] ['13%', '100%', '100%', '100%']  memcached=13.2%
[monitor] ['14%', '100%', '100%', '100%']  memcached=13.9%
[monitor] ['9%', '100%', '100%', '100%']  memcached=8.8%
[monitor] ['11%', '100%', '100%', '100%']  memcached=11.1%
[monitor] ['23%', '100%', '100%', '100%']  memcached=23.1%
[monitor] ['14%', '100%', '100%', '100%']  memcached=13.5%
[monitor] ['14%', '100%', '100%', '100%']  memcached=13.9%
[monitor] ['14%', '100%', '100%', '100%']  memcached=13.9%
[monitor] ['9%', '100%', '100%', '100%']  memcached=8.8%
[monitor] ['12%', '100%', '100%', '100%']  memcached=11.8%
[monitor] ['16%', '100%', '100%', '100%']  memcached=15.8%
[monitor] ['17%', '100%', '100%', '100%']  memcached=16.7%
[monitor] ['6%', '100%', '100%', '100%']  memcached=5.9%
[monitor] ['6%', '100%', '100%', '100%']  memcached=6.1%
[monitor] ['9%', '100%', '100%', '100%']  memcached=8.8%
[monitor] ['3%', '100%', '100%', '100%']  memcached=3.1%
[monitor] ['11%', '100%', '100%', '100%']  memcached=11.4%
[monitor] ['3%', '100%', '100%', '100%']  memcached=3.0%
[monitor] ['14%', '100%', '100%', '100%']  memcached=13.9%
[monitor] ['6%', '100%', '100%', '100%']  memcached=5.9%
[monitor] ['9%', '100%', '100%', '100%']  memcached=8.6%
[monitor] ['6%', '100%', '100%', '100%']  memcached=5.9%
[monitor] ['11%', '100%', '100%', '100%']  memcached=11.4%
[monitor] ['61%', '100%', '100%', '100%']  memcached=60.5%
[monitor] ['100%', '100%', '29%', '100%']  memcached=100.0%
[MEMCACHED] cores updated to: ['0', '1', '2']
[blackscholes] cores updated to: [3]
[monitor] ['40%', '38%', '41%', '100%']  memcached=119.3%
[MEMCACHED] cores updated to: ['0', '2']
[blackscholes] cores updated to: [1, 3]
[monitor] ['70%', '100%', '62%', '100%']  memcached=132.5%
[monitor] ['65%', '100%', '57%', '100%']  memcached=121.2%
[monitor] ['63%', '100%', '62%', '100%']  memcached=125.8%
[monitor] ['65%', '100%', '66%', '100%']  memcached=130.1%
[monitor] ['69%', '100%', '68%', '100%']  memcached=136.4%
[monitor] ['67%', '100%', '60%', '100%']  memcached=126.7%
[monitor] ['63%', '100%', '58%', '100%']  memcached=121.4%
[monitor] ['67%', '100%', '64%', '100%']  memcached=130.3%
[monitor] ['68%', '87%', '61%', '100%']  memcached=129.0%
[monitor] ['60%', '6%', '62%', '100%']  memcached=122.1%
[monitor] ['63%', '42%', '64%', '74%']  memcached=127.0%
[monitor] ['61%', '100%', '62%', '4%']  memcached=123.4%
[monitor] ['68%', '100%', '70%', '16%']  memcached=137.4%
[monitor] ['59%', '100%', '59%', '7%']  memcached=118.0%
[monitor] ['60%', '100%', '60%', '7%']  memcached=120.0%
[monitor] ['59%', '100%', '60%', '3%']  memcached=118.6%
[monitor] ['61%', '12%', '60%', '95%']  memcached=121.3%
[monitor] ['57%', '6%', '59%', '100%']  memcached=116.0%
[monitor] ['62%', '6%', '63%', '100%']  memcached=125.8%
[monitor] ['63%', '9%', '67%', '100%']  memcached=130.0%
[monitor] ['60%', '6%', '60%', '100%']  memcached=120.0%
[monitor] ['57%', '3%', '57%', '100%']  memcached=113.3%
[monitor] ['62%', '51%', '65%', '67%']  memcached=127.0%
[monitor] ['61%', '100%', '61%', '10%']  memcached=122.6%
[monitor] ['61%', '100%', '65%', '10%']  memcached=125.8%
[monitor] ['62%', '100%', '66%', '3%']  memcached=127.7%
[monitor] ['76%', '74%', '75%', '68%']  memcached=150.8%
[blackscholes] ended.
[MEMCACHED] cores updated to: ['0', '3']
[canneal] started on cores: [1, 2] with 3 threads.
[monitor] ['73%', '66%', '58%', '80%']  memcached=152.7%
[monitor] ['71%', '62%', '62%', '78%']  memcached=148.4%
[monitor] ['38%', '19%', '95%', '36%']  memcached=74.6%
[MEMCACHED] cores updated to: ['0']
[canneal] cores updated to: [1, 2, 3]
[monitor] ['3%', '0%', '100%', '0%']  memcached=3.3%
[monitor] ['7%', '3%', '100%', '0%']  memcached=6.7%
[monitor] ['3%', '5%', '100%', '3%']  memcached=3.4%
[monitor] ['7%', '3%', '100%', '0%']  memcached=6.7%
[monitor] ['3%', '0%', '100%', '3%']  memcached=3.4%
[monitor] ['7%', '3%', '100%', '3%']  memcached=6.7%
[monitor] ['12%', '3%', '100%', '3%']  memcached=12.5%
[monitor] ['0%', '3%', '100%', '0%']  memcached=0.0%
[monitor] ['9%', '0%', '100%', '0%']  memcached=9.4%
[monitor] ['3%', '0%', '100%', '0%']  memcached=3.4%
[monitor] ['13%', '3%', '100%', '0%']  memcached=13.3%
[monitor] ['19%', '3%', '100%', '0%']  memcached=19.2%
[monitor] ['3%', '3%', '100%', '47%']  memcached=3.4%
[monitor] ['7%', '3%', '100%', '19%']  memcached=6.7%
[monitor] ['3%', '0%', '100%', '0%']  memcached=3.4%
[monitor] ['6%', '5%', '100%', '0%']  memcached=6.5%
[monitor] ['14%', '0%', '100%', '0%']  memcached=13.8%
[monitor] ['4%', '0%', '100%', '0%']  memcached=3.6%
[monitor] ['0%', '3%', '100%', '3%']  memcached=0.0%
[monitor] ['6%', '0%', '100%', '3%']  memcached=6.5%
[monitor] ['7%', '3%', '100%', '5%']  memcached=6.7%
[monitor] ['7%', '0%', '100%', '6%']  memcached=6.7%
[monitor] ['6%', '3%', '100%', '0%']  memcached=6.5%
[monitor] ['3%', '3%', '100%', '0%']  memcached=3.4%
[monitor] ['7%', '5%', '100%', '0%']  memcached=6.7%
[monitor] ['6%', '0%', '100%', '0%']  memcached=6.5%
[monitor] ['10%', '47%', '100%', '0%']  memcached=9.7%
[monitor] ['3%', '5%', '100%', '5%']  memcached=3.4%
[monitor] ['6%', '0%', '100%', '0%']  memcached=6.5%
[monitor] ['3%', '3%', '100%', '0%']  memcached=3.4%
[monitor] ['6%', '3%', '100%', '0%']  memcached=6.5%
[monitor] ['3%', '0%', '100%', '0%']  memcached=3.3%
[monitor] ['3%', '0%', '100%', '3%']  memcached=3.3%
[monitor] ['9%', '3%', '100%', '3%']  memcached=9.4%
[monitor] ['0%', '0%', '100%', '3%']  memcached=0.0%
[monitor] ['7%', '0%', '100%', '0%']  memcached=6.7%
[monitor] ['34%', '5%', '100%', '6%']  memcached=34.5%
[monitor] ['68%', '79%', '32%', '0%']  memcached=67.9%
[monitor] ['54%', '100%', '0%', '0%']  memcached=53.6%
[monitor] ['59%', '100%', '3%', '6%']  memcached=58.6%
[monitor] ['56%', '100%', '5%', '3%']  memcached=55.6%
[monitor] ['52%', '93%', '0%', '9%']  memcached=51.9%
[monitor] ['54%', '3%', '8%', '100%']  memcached=53.6%
[monitor] ['50%', '38%', '0%', '70%']  memcached=50.0%
[monitor] ['67%', '100%', '3%', '6%']  memcached=66.7%
[monitor] ['52%', '100%', '3%', '3%']  memcached=51.9%
[monitor] ['73%', '100%', '6%', '0%']  memcached=72.7%
[monitor] ['50%', '100%', '0%', '0%']  memcached=50.0%
[monitor] ['61%', '100%', '3%', '3%']  memcached=60.7%
[monitor] ['57%', '59%', '8%', '57%']  memcached=57.1%
[monitor] ['61%', '3%', '6%', '100%']  memcached=60.7%
[monitor] ['52%', '3%', '3%', '100%']  memcached=51.9%
[monitor] ['54%', '0%', '0%', '100%']  memcached=53.6%
[monitor] ['71%', '41%', '3%', '73%']  memcached=71.0%
[monitor] ['56%', '100%', '3%', '3%']  memcached=55.6%
[monitor] ['57%', '75%', '3%', '31%']  memcached=57.1%
[monitor] ['56%', '3%', '3%', '100%']  memcached=55.6%
[monitor] ['55%', '6%', '3%', '100%']  memcached=55.2%
[monitor] ['61%', '3%', '0%', '100%']  memcached=60.7%
[monitor] ['56%', '79%', '0%', '27%']  memcached=55.6%
[monitor] ['62%', '100%', '0%', '3%']  memcached=62.1%
[monitor] ['57%', '100%', '3%', '3%']  memcached=57.1%
[monitor] ['59%', '100%', '3%', '0%']  memcached=58.6%
[monitor] ['50%', '100%', '3%', '0%']  memcached=50.0%
[monitor] ['59%', '100%', '3%', '0%']  memcached=58.6%
[monitor] ['57%', '100%', '5%', '3%']  memcached=57.1%
[monitor] ['54%', '100%', '0%', '3%']  memcached=53.6%
[monitor] ['52%', '100%', '3%', '0%']  memcached=52.0%
[monitor] ['55%', '100%', '3%', '3%']  memcached=55.2%
[monitor] ['75%', '23%', '3%', '82%']  memcached=75.0%
[monitor] ['57%', '0%', '8%', '100%']  memcached=57.1%
[monitor] ['56%', '3%', '0%', '100%']  memcached=55.6%
[monitor] ['54%', '6%', '3%', '100%']  memcached=53.6%
[monitor] ['41%', '6%', '0%', '100%']  memcached=40.7%
[monitor] ['7%', '3%', '3%', '100%']  memcached=7.4%
[monitor] ['11%', '0%', '0%', '100%']  memcached=11.1%
[monitor] ['4%', '3%', '0%', '100%']  memcached=4.0%
[monitor] ['11%', '3%', '3%', '100%']  memcached=10.7%
[monitor] ['8%', '0%', '0%', '100%']  memcached=7.7%
[monitor] ['15%', '3%', '5%', '100%']  memcached=15.4%
[monitor] ['4%', '3%', '0%', '100%']  memcached=4.0%
[monitor] ['14%', '0%', '0%', '100%']  memcached=13.8%
[monitor] ['7%', '3%', '3%', '100%']  memcached=7.4%
[monitor] ['8%', '69%', '0%', '35%']  memcached=7.7%
[monitor] ['4%', '100%', '3%', '0%']  memcached=3.8%
[monitor] ['8%', '100%', '0%', '0%']  memcached=7.7%
[monitor] ['14%', '100%', '3%', '0%']  memcached=14.3%
[monitor] ['8%', '100%', '3%', '0%']  memcached=7.7%
[monitor] ['8%', '100%', '3%', '3%']  memcached=7.7%
[monitor] ['14%', '100%', '3%', '3%']  memcached=14.3%
[monitor] ['12%', '100%', '0%', '3%']  memcached=11.5%
[monitor] ['11%', '100%', '3%', '3%']  memcached=10.7%
[monitor] ['14%', '72%', '5%', '35%']  memcached=13.8%
[monitor] ['14%', '0%', '0%', '100%']  memcached=14.3%
[monitor] ['12%', '5%', '0%', '100%']  memcached=11.5%
[monitor] ['8%', '0%', '0%', '100%']  memcached=7.7%
[monitor] ['11%', '3%', '3%', '100%']  memcached=11.1%
[monitor] ['11%', '0%', '3%', '100%']  memcached=11.1%
[monitor] ['15%', '5%', '0%', '100%']  memcached=14.8%
[monitor] ['7%', '0%', '0%', '100%']  memcached=7.4%
[monitor] ['15%', '26%', '0%', '79%']  memcached=14.8%
[monitor] ['11%', '100%', '3%', '0%']  memcached=11.1%
[monitor] ['4%', '100%', '3%', '0%']  memcached=3.7%
[monitor] ['11%', '100%', '3%', '0%']  memcached=10.7%
[monitor] ['4%', '100%', '5%', '0%']  memcached=3.8%
[monitor] ['8%', '100%', '0%', '3%']  memcached=7.7%
[monitor] ['14%', '100%', '3%', '3%']  memcached=14.3%
[monitor] ['7%', '100%', '3%', '0%']  memcached=7.4%
[monitor] ['7%', '100%', '0%', '0%']  memcached=7.4%
[monitor] ['4%', '100%', '3%', '3%']  memcached=3.8%
[monitor] ['24%', '100%', '5%', '0%']  memcached=24.1%
[monitor] ['100%', '76%', '6%', '45%']  memcached=100.0%
[MEMCACHED] cores updated to: ['0', '1', '2']
[canneal] cores updated to: [3]
[monitor] ['63%', '83%', '79%', '100%']  memcached=225.6%
[monitor] ['58%', '65%', '68%', '100%']  memcached=190.2%
[monitor] ['59%', '70%', '70%', '100%']  memcached=198.0%
[monitor] ['61%', '74%', '69%', '100%']  memcached=202.9%
[monitor] ['61%', '69%', '67%', '100%']  memcached=196.7%
[monitor] ['59%', '67%', '64%', '100%']  memcached=189.7%
[monitor] ['75%', '74%', '77%', '100%']  memcached=225.7%
[monitor] ['64%', '73%', '66%', '100%']  memcached=202.0%
[monitor] ['73%', '77%', '81%', '100%']  memcached=230.4%
[monitor] ['65%', '71%', '71%', '100%']  memcached=206.5%
[monitor] ['64%', '71%', '70%', '100%']  memcached=203.9%
[monitor] ['73%', '79%', '76%', '100%']  memcached=227.9%
[monitor] ['66%', '77%', '74%', '100%']  memcached=216.3%
[monitor] ['62%', '70%', '68%', '100%']  memcached=199.8%
[monitor] ['80%', '79%', '89%', '100%']  memcached=248.6%
[monitor] ['62%', '74%', '73%', '100%']  memcached=208.0%
[monitor] ['61%', '70%', '67%', '100%']  memcached=197.7%
[monitor] ['73%', '70%', '76%', '100%']  memcached=218.9%
[monitor] ['73%', '79%', '80%', '100%']  memcached=232.1%
[monitor] ['59%', '71%', '68%', '100%']  memcached=197.6%
[monitor] ['58%', '70%', '67%', '100%']  memcached=194.7%
[monitor] ['60%', '68%', '64%', '100%']  memcached=191.3%
[monitor] ['59%', '69%', '68%', '100%']  memcached=195.8%
[monitor] ['84%', '74%', '89%', '100%']  memcached=247.5%
[monitor] ['61%', '71%', '65%', '100%']  memcached=197.0%
[monitor] ['59%', '71%', '67%', '100%']  memcached=197.0%
[monitor] ['68%', '75%', '70%', '100%']  memcached=212.3%
[monitor] ['62%', '70%', '66%', '100%']  memcached=197.8%
[monitor] ['63%', '77%', '67%', '100%']  memcached=207.1%
[monitor] ['67%', '83%', '68%', '100%']  memcached=217.3%
[monitor] ['57%', '71%', '64%', '100%']  memcached=190.9%
[monitor] ['59%', '68%', '61%', '100%']  memcached=188.4%
[monitor] ['62%', '71%', '69%', '100%']  memcached=201.8%
[monitor] ['65%', '76%', '67%', '100%']  memcached=207.1%
[monitor] ['62%', '67%', '65%', '100%']  memcached=193.7%
[monitor] ['39%', '48%', '49%', '100%']  memcached=136.5%
[MEMCACHED] cores updated to: ['0', '2']
[canneal] cores updated to: [1, 3]
[monitor] ['13%', '3%', '3%', '100%']  memcached=16.1%
[MEMCACHED] cores updated to: ['0']
[canneal] cores updated to: [1, 2, 3]
[monitor] ['6%', '95%', '88%', '100%']  memcached=6.2%
[monitor] ['21%', '97%', '97%', '98%']  memcached=21.1%
[monitor] ['12%', '98%', '92%', '100%']  memcached=12.1%
[monitor] ['12%', '98%', '95%', '100%']  memcached=11.8%
[monitor] ['6%', '92%', '95%', '92%']  memcached=6.5%
[monitor] ['22%', '95%', '97%', '98%']  memcached=21.6%
[monitor] ['19%', '98%', '92%', '100%']  memcached=19.4%
[monitor] ['12%', '98%', '97%', '98%']  memcached=11.8%
[monitor] ['12%', '98%', '95%', '100%']  memcached=11.8%
[monitor] ['14%', '100%', '95%', '100%']  memcached=14.3%
[monitor] ['19%', '98%', '95%', '98%']  memcached=19.4%
[monitor] ['15%', '92%', '100%', '95%']  memcached=15.2%
[monitor] ['6%', '93%', '98%', '95%']  memcached=6.5%
[monitor] ['15%', '92%', '95%', '92%']  memcached=14.7%
[monitor] ['15%', '98%', '98%', '100%']  memcached=14.7%
[monitor] ['16%', '98%', '95%', '98%']  memcached=16.2%
[monitor] ['24%', '97%', '95%', '100%']  memcached=23.7%
[monitor] ['18%', '95%', '95%', '98%']  memcached=17.6%
[monitor] ['9%', '98%', '98%', '98%']  memcached=9.1%
[monitor] ['12%', '98%', '95%', '100%']  memcached=12.1%
[monitor] ['12%', '98%', '95%', '98%']  memcached=12.1%
[monitor] ['23%', '98%', '97%', '100%']  memcached=23.1%
[monitor] ['19%', '100%', '95%', '100%']  memcached=19.4%
[monitor] ['24%', '95%', '95%', '98%']  memcached=23.7%
[monitor] ['12%', '98%', '97%', '100%']  memcached=12.1%
[monitor] ['14%', '100%', '95%', '100%']  memcached=14.3%
[monitor] ['17%', '98%', '95%', '100%']  memcached=16.7%
[monitor] ['9%', '98%', '95%', '98%']  memcached=9.4%
[monitor] ['17%', '98%', '95%', '98%']  memcached=17.1%
[monitor] ['9%', '98%', '90%', '100%']  memcached=9.4%
[monitor] ['14%', '98%', '98%', '98%']  memcached=14.3%
[monitor] ['20%', '98%', '95%', '100%']  memcached=20.0%
[monitor] ['14%', '98%', '93%', '100%']  memcached=14.3%
[monitor] ['12%', '98%', '92%', '98%']  memcached=11.8%
[monitor] ['23%', '98%', '95%', '100%']  memcached=23.1%
[monitor] ['18%', '97%', '98%', '100%']  memcached=18.2%
[monitor] ['14%', '98%', '98%', '98%']  memcached=13.8%
[monitor] ['11%', '95%', '95%', '97%']  memcached=10.7%
[monitor] ['0%', '98%', '98%', '100%']  memcached=0.0%
[monitor] ['13%', '95%', '95%', '98%']  memcached=13.3%
[monitor] ['13%', '98%', '97%', '100%']  memcached=13.3%
[monitor] ['17%', '95%', '95%', '98%']  memcached=17.2%
[monitor] ['16%', '97%', '97%', '100%']  memcached=16.1%
[monitor] ['19%', '97%', '95%', '98%']  memcached=18.8%
[monitor] ['8%', '90%', '98%', '95%']  memcached=7.7%
[monitor] ['13%', '97%', '98%', '98%']  memcached=13.3%
[monitor] ['11%', '95%', '92%', '100%']  memcached=11.1%
[monitor] ['4%', '95%', '98%', '97%']  memcached=3.8%
[monitor] ['14%', '98%', '95%', '98%']  memcached=14.3%
[monitor] ['4%', '95%', '98%', '100%']  memcached=3.7%
[monitor] ['16%', '98%', '95%', '98%']  memcached=16.1%
[monitor] ['14%', '98%', '97%', '100%']  memcached=13.8%
[monitor] ['14%', '98%', '97%', '100%']  memcached=13.8%
[monitor] ['14%', '95%', '95%', '98%']  memcached=13.8%
[monitor] ['4%', '97%', '95%', '100%']  memcached=3.7%
[monitor] ['7%', '95%', '98%', '98%']  memcached=7.1%
[monitor] ['14%', '98%', '95%', '100%']  memcached=13.8%
[monitor] ['7%', '98%', '88%', '100%']  memcached=7.4%
[monitor] ['13%', '97%', '95%', '100%']  memcached=12.9%
[monitor] ['4%', '98%', '95%', '98%']  memcached=3.7%
[monitor] ['11%', '98%', '95%', '100%']  memcached=10.7%
[monitor] ['10%', '95%', '97%', '100%']  memcached=10.3%
[monitor] ['7%', '95%', '95%', '95%']  memcached=7.4%
[monitor] ['10%', '98%', '92%', '100%']  memcached=10.3%
[monitor] ['8%', '95%', '90%', '97%']  memcached=7.7%
[monitor] ['7%', '95%', '95%', '98%']  memcached=7.4%
[monitor] ['11%', '98%', '95%', '100%']  memcached=10.7%
[monitor] ['7%', '95%', '98%', '98%']  memcached=7.4%
[monitor] ['10%', '97%', '95%', '98%']  memcached=10.3%
[monitor] ['17%', '95%', '98%', '100%']  memcached=17.2%
[monitor] ['4%', '97%', '98%', '98%']  memcached=3.7%
[monitor] ['14%', '92%', '92%', '98%']  memcached=14.3%
[monitor] ['45%', '92%', '95%', '98%']  memcached=45.2%
[monitor] ['100%', '82%', '93%', '90%']  memcached=100.0%
[MEMCACHED] cores updated to: ['0', '1', '3']
[canneal] cores updated to: [2]
[monitor] ['83%', '89%', '100%', '100%']  memcached=272.3%
[monitor] ['53%', '61%', '100%', '84%']  memcached=198.4%
[monitor] ['52%', '58%', '100%', '72%']  memcached=181.9%
[monitor] ['52%', '58%', '100%', '71%']  memcached=181.1%
[monitor] ['60%', '69%', '100%', '82%']  memcached=210.3%
[monitor] ['56%', '59%', '100%', '74%']  memcached=189.2%
[monitor] ['53%', '61%', '100%', '71%']  memcached=185.2%
[monitor] ['59%', '64%', '100%', '75%']  memcached=198.0%
[monitor] ['55%', '63%', '100%', '78%']  memcached=195.9%
[monitor] ['50%', '59%', '100%', '73%']  memcached=182.3%
[monitor] ['52%', '59%', '100%', '72%']  memcached=183.2%
[monitor] ['53%', '57%', '100%', '72%']  memcached=182.0%
[monitor] ['53%', '62%', '100%', '75%']  memcached=190.8%
[monitor] ['53%', '58%', '100%', '74%']  memcached=185.5%
[monitor] ['52%', '59%', '100%', '73%']  memcached=184.1%
[monitor] ['48%', '58%', '100%', '74%']  memcached=180.6%
[monitor] ['56%', '62%', '100%', '74%']  memcached=192.7%
[monitor] ['52%', '59%', '100%', '69%']  memcached=180.4%
[monitor] ['52%', '59%', '100%', '72%']  memcached=183.2%
[monitor] ['62%', '68%', '100%', '77%']  memcached=207.3%
[monitor] ['48%', '56%', '100%', '69%']  memcached=173.1%
[monitor] ['52%', '59%', '100%', '70%']  memcached=180.7%
[monitor] ['50%', '57%', '100%', '69%']  memcached=176.1%
[monitor] ['53%', '61%', '100%', '72%']  memcached=186.8%
[monitor] ['53%', '57%', '100%', '71%']  memcached=181.2%
[monitor] ['52%', '59%', '100%', '74%']  memcached=185.3%
[monitor] ['48%', '57%', '100%', '72%']  memcached=177.0%
[monitor] ['56%', '64%', '100%', '80%']  memcached=199.9%
[monitor] ['59%', '79%', '100%', '92%']  memcached=231.1%
[monitor] ['52%', '56%', '100%', '71%']  memcached=179.3%
[monitor] ['52%', '60%', '100%', '72%']  memcached=183.9%
[monitor] ['53%', '61%', '100%', '73%']  memcached=187.6%
[monitor] ['52%', '58%', '100%', '71%']  memcached=180.3%
[monitor] ['46%', '59%', '100%', '71%']  memcached=177.2%
[monitor] ['52%', '62%', '100%', '74%']  memcached=187.6%
[monitor] ['22%', '29%', '100%', '34%']  memcached=84.7%
[MEMCACHED] cores updated to: ['0', '3']
[canneal] cores updated to: [1, 2]
[monitor] ['13%', '95%', '92%', '8%']  memcached=20.9%
[MEMCACHED] cores updated to: ['0']
[canneal] cores updated to: [1, 2, 3]
[monitor] ['11%', '77%', '98%', '79%']  memcached=11.4%
[monitor] ['11%', '98%', '95%', '98%']  memcached=11.1%
[monitor] ['8%', '88%', '100%', '90%']  memcached=8.3%
[monitor] ['10%', '64%', '100%', '64%']  memcached=9.7%
[monitor] ['16%', '98%', '90%', '100%']  memcached=15.8%
[monitor] ['13%', '98%', '92%', '98%']  memcached=13.2%
[monitor] ['15%', '100%', '95%', '100%']  memcached=15.4%
[monitor] ['11%', '95%', '98%', '98%']  memcached=10.8%
[monitor] ['15%', '100%', '95%', '100%']  memcached=15.4%
[monitor] ['18%', '98%', '95%', '100%']  memcached=17.5%
[monitor] ['20%', '98%', '95%', '98%']  memcached=19.5%
[monitor] ['16%', '98%', '87%', '100%']  memcached=16.2%
[monitor] ['15%', '98%', '90%', '100%']  memcached=15.4%
[monitor] ['13%', '100%', '83%', '100%']  memcached=13.2%
[monitor] ['13%', '98%', '97%', '100%']  memcached=13.2%
[monitor] ['18%', '100%', '92%', '98%']  memcached=17.5%
[monitor] ['18%', '98%', '92%', '100%']  memcached=17.9%
[monitor] ['15%', '98%', '93%', '98%']  memcached=15.4%
[monitor] ['16%', '100%', '98%', '100%']  memcached=15.8%
[monitor] ['11%', '98%', '95%', '100%']  memcached=10.8%
[monitor] ['18%', '98%', '98%', '100%']  memcached=17.5%
[monitor] ['15%', '98%', '95%', '98%']  memcached=15.4%
[monitor] ['13%', '98%', '95%', '100%']  memcached=13.2%
[monitor] ['20%', '100%', '92%', '100%']  memcached=20.0%
[monitor] ['20%', '98%', '95%', '100%']  memcached=19.5%
[monitor] ['11%', '98%', '93%', '98%']  memcached=10.8%
[monitor] ['13%', '100%', '95%', '100%']  memcached=13.2%
[monitor] ['11%', '98%', '98%', '100%']  memcached=10.8%
[monitor] ['15%', '100%', '95%', '100%']  memcached=15.4%
[monitor] ['15%', '100%', '95%', '98%']  memcached=15.4%
[monitor] ['17%', '98%', '95%', '100%']  memcached=17.1%
[monitor] ['13%', '98%', '97%', '98%']  memcached=13.2%
[monitor] ['16%', '98%', '95%', '98%']  memcached=16.2%
[monitor] ['18%', '95%', '95%', '98%']  memcached=17.5%
[monitor] ['13%', '98%', '97%', '100%']  memcached=13.2%
[monitor] ['55%', '95%', '95%', '98%']  memcached=55.3%
[monitor] ['92%', '92%', '92%', '98%']  memcached=91.9%
[MEMCACHED] cores updated to: ['0', '2']
[canneal] cores updated to: [1, 3]
[monitor] ['41%', '95%', '41%', '100%']  memcached=81.5%
[monitor] ['41%', '98%', '43%', '97%']  memcached=84.2%
[monitor] ['44%', '95%', '44%', '100%']  memcached=88.9%
[monitor] ['41%', '95%', '44%', '100%']  memcached=85.2%
[monitor] ['45%', '98%', '54%', '98%']  memcached=98.4%
[monitor] ['43%', '97%', '46%', '98%']  memcached=89.8%
[monitor] ['35%', '95%', '44%', '98%']  memcached=79.1%
[MEMCACHED] cores updated to: ['0']
[canneal] cores updated to: [1, 2, 3]
[monitor] ['89%', '92%', '92%', '100%']  memcached=89.2%
[MEMCACHED] cores updated to: ['0', '3']
[canneal] cores updated to: [1, 2]
[monitor] ['41%', '92%', '98%', '56%']  memcached=97.6%
[monitor] ['35%', '98%', '95%', '48%']  memcached=82.9%
[monitor] ['43%', '95%', '98%', '57%']  memcached=100.0%
[monitor] ['43%', '97%', '95%', '55%']  memcached=97.7%
[monitor] ['39%', '95%', '93%', '54%']  memcached=92.9%
[monitor] ['36%', '97%', '95%', '56%']  memcached=92.0%
[monitor] ['41%', '95%', '95%', '58%']  memcached=98.8%
[monitor] ['43%', '97%', '97%', '58%']  memcached=100.9%
[monitor] ['45%', '92%', '98%', '55%']  memcached=100.0%
[monitor] ['44%', '95%', '95%', '60%']  memcached=104.4%
[monitor] ['41%', '98%', '95%', '60%']  memcached=101.4%
[monitor] ['45%', '97%', '95%', '55%']  memcached=99.7%
[monitor] ['41%', '95%', '97%', '55%']  memcached=95.6%
[monitor] ['50%', '95%', '93%', '62%']  memcached=112.5%
[monitor] ['45%', '95%', '95%', '58%']  memcached=102.9%
[monitor] ['31%', '95%', '98%', '59%']  memcached=90.1%
[monitor] ['52%', '97%', '95%', '55%']  memcached=106.6%
[monitor] ['43%', '95%', '95%', '53%']  memcached=96.2%
[monitor] ['39%', '98%', '95%', '46%']  memcached=85.7%
[monitor] ['41%', '95%', '95%', '48%']  memcached=89.0%
[monitor] ['45%', '95%', '95%', '52%']  memcached=96.6%
[monitor] ['43%', '95%', '90%', '53%']  memcached=96.2%
[monitor] ['39%', '97%', '95%', '53%']  memcached=92.4%
[monitor] ['52%', '92%', '100%', '52%']  memcached=103.4%
[monitor] ['41%', '95%', '92%', '53%']  memcached=93.9%
[monitor] ['41%', '95%', '98%', '52%']  memcached=92.5%
[monitor] ['42%', '92%', '92%', '48%']  memcached=90.6%
[monitor] ['26%', '92%', '95%', '7%']  memcached=33.0%
[MEMCACHED] cores updated to: ['0']
[canneal] cores updated to: [1, 2, 3]
[monitor] ['8%', '98%', '95%', '100%']  memcached=7.7%
[monitor] ['12%', '95%', '100%', '97%']  memcached=11.5%
[monitor] ['8%', '95%', '95%', '98%']  memcached=8.0%
[monitor] ['8%', '95%', '97%', '98%']  memcached=8.0%
[monitor] ['8%', '98%', '95%', '100%']  memcached=8.0%
[monitor] ['11%', '98%', '95%', '100%']  memcached=11.1%
[monitor] ['8%', '95%', '93%', '97%']  memcached=8.3%
[monitor] ['12%', '95%', '95%', '100%']  memcached=11.5%
[monitor] ['8%', '95%', '100%', '98%']  memcached=8.0%
[monitor] ['15%', '97%', '95%', '100%']  memcached=14.8%
[monitor] ['4%', '98%', '95%', '98%']  memcached=4.2%
[monitor] ['12%', '95%', '97%', '100%']  memcached=11.5%
[monitor] ['19%', '95%', '95%', '98%']  memcached=18.5%
[monitor] ['14%', '98%', '97%', '100%']  memcached=14.3%
[monitor] ['12%', '98%', '92%', '100%']  memcached=11.5%
[monitor] ['12%', '95%', '95%', '100%']  memcached=11.5%
[monitor] ['4%', '98%', '97%', '98%']  memcached=4.0%
[monitor] ['15%', '95%', '97%', '100%']  memcached=14.8%
[monitor] ['8%', '95%', '97%', '98%']  memcached=8.0%
[monitor] ['12%', '95%', '98%', '97%']  memcached=11.5%
[monitor] ['8%', '98%', '98%', '100%']  memcached=8.0%
[monitor] ['4%', '97%', '95%', '100%']  memcached=4.2%
[monitor] ['11%', '95%', '95%', '100%']  memcached=11.1%
[monitor] ['4%', '98%', '97%', '98%']  memcached=4.2%
[monitor] ['21%', '97%', '92%', '100%']  memcached=20.7%
[monitor] ['15%', '95%', '95%', '100%']  memcached=15.4%
[monitor] ['11%', '97%', '95%', '100%']  memcached=10.7%
[monitor] ['4%', '97%', '98%', '98%']  memcached=4.2%
[monitor] ['8%', '97%', '92%', '100%']  memcached=8.0%
[monitor] ['15%', '95%', '87%', '100%']  memcached=14.8%
[monitor] ['4%', '95%', '98%', '98%']  memcached=4.0%
[monitor] ['4%', '98%', '95%', '100%']  memcached=4.2%
[monitor] ['8%', '98%', '92%', '100%']  memcached=7.7%
[monitor] ['15%', '95%', '98%', '98%']  memcached=14.8%
[monitor] ['12%', '95%', '98%', '98%']  memcached=11.5%
[monitor] ['8%', '95%', '97%', '98%']  memcached=8.0%
[monitor] ['92%', '92%', '88%', '100%']  memcached=92.5%
[MEMCACHED] cores updated to: ['0', '1']
[canneal] cores updated to: [2, 3]
[monitor] ['100%', '100%', '90%', '84%']  memcached=200.0%
[MEMCACHED] cores updated to: ['0', '1', '2']
[canneal] cores updated to: [3]
[monitor] ['76%', '83%', '85%', '100%']  memcached=244.6%
[monitor] ['64%', '71%', '70%', '100%']  memcached=203.9%
[monitor] ['62%', '67%', '71%', '100%']  memcached=199.8%
[monitor] ['60%', '70%', '66%', '100%']  memcached=195.3%
[monitor] ['61%', '68%', '70%', '100%']  memcached=198.7%
[monitor] ['59%', '70%', '70%', '100%']  memcached=198.0%
[monitor] ['62%', '71%', '71%', '100%']  memcached=204.5%
[monitor] ['63%', '72%', '69%', '100%']  memcached=204.0%
[monitor] ['59%', '73%', '68%', '100%']  memcached=199.8%
[monitor] ['65%', '70%', '68%', '100%']  memcached=201.9%
[monitor] ['65%', '70%', '70%', '100%']  memcached=203.9%
[monitor] ['63%', '68%', '67%', '100%']  memcached=197.7%
[monitor] ['61%', '74%', '73%', '100%']  memcached=208.3%
[monitor] ['62%', '71%', '71%', '100%']  memcached=205.4%
[monitor] ['62%', '71%', '68%', '100%']  memcached=200.7%
[monitor] ['68%', '75%', '74%', '100%']  memcached=216.2%
[monitor] ['64%', '71%', '71%', '100%']  memcached=204.8%
[monitor] ['65%', '76%', '69%', '100%']  memcached=209.2%
[monitor] ['61%', '71%', '70%', '100%']  memcached=202.4%
[monitor] ['65%', '76%', '72%', '100%']  memcached=212.1%
[monitor] ['68%', '74%', '74%', '100%']  memcached=214.8%
[monitor] ['65%', '70%', '71%', '100%']  memcached=205.0%
[monitor] ['66%', '71%', '71%', '100%']  memcached=207.2%
[monitor] ['68%', '70%', '71%', '100%']  memcached=207.9%
[monitor] ['63%', '72%', '69%', '100%']  memcached=204.0%
[monitor] ['67%', '76%', '70%', '100%']  memcached=212.8%
[monitor] ['67%', '76%', '71%', '100%']  memcached=214.1%
[monitor] ['59%', '71%', '65%', '100%']  memcached=194.5%
[monitor] ['61%', '70%', '71%', '100%']  memcached=201.6%
[monitor] ['65%', '73%', '66%', '100%']  memcached=202.9%
[monitor] ['62%', '69%', '71%', '100%']  memcached=201.4%
[monitor] ['61%', '67%', '68%', '100%']  memcached=195.6%
[monitor] ['60%', '73%', '70%', '100%']  memcached=202.4%
[monitor] ['59%', '72%', '68%', '100%']  memcached=199.0%
[monitor] ['52%', '59%', '56%', '100%']  memcached=166.6%
[monitor] ['24%', '9%', '10%', '100%']  memcached=43.4%
[MEMCACHED] cores updated to: ['0']
[canneal] cores updated to: [1, 2, 3]
[monitor] ['22%', '95%', '95%', '100%']  memcached=21.7%
[monitor] ['33%', '95%', '92%', '100%']  memcached=33.3%
[monitor] ['26%', '95%', '97%', '100%']  memcached=26.1%
[monitor] ['33%', '95%', '95%', '98%']  memcached=33.3%
[monitor] ['27%', '95%', '95%', '100%']  memcached=27.3%
[monitor] ['29%', '95%', '97%', '100%']  memcached=29.2%
[monitor] ['33%', '98%', '95%', '100%']  memcached=33.3%
[monitor] ['30%', '95%', '92%', '100%']  memcached=30.4%
[monitor] ['36%', '95%', '90%', '100%']  memcached=36.0%
[monitor] ['32%', '95%', '95%', '98%']  memcached=32.0%
[monitor] ['35%', '95%', '97%', '100%']  memcached=34.8%
[monitor] ['33%', '95%', '95%', '100%']  memcached=33.3%
[monitor] ['32%', '95%', '98%', '98%']  memcached=31.8%
[monitor] ['32%', '90%', '98%', '95%']  memcached=31.8%
[monitor] ['29%', '95%', '95%', '100%']  memcached=29.2%
[monitor] ['33%', '92%', '97%', '98%']  memcached=33.3%
[monitor] ['30%', '97%', '95%', '100%']  memcached=30.4%
[monitor] ['36%', '92%', '95%', '100%']  memcached=36.0%
[monitor] ['27%', '95%', '95%', '100%']  memcached=27.3%
[monitor] ['27%', '95%', '97%', '98%']  memcached=27.3%
[monitor] ['56%', '92%', '85%', '100%']  memcached=55.6%
[monitor] ['36%', '92%', '98%', '95%']  memcached=36.0%
[monitor] ['33%', '95%', '98%', '97%']  memcached=33.3%
[monitor] ['30%', '97%', '95%', '100%']  memcached=30.4%
[monitor] ['26%', '95%', '98%', '100%']  memcached=26.1%
[monitor] ['33%', '95%', '90%', '92%']  memcached=33.3%
[monitor] ['21%', '56%', '0%', '51%']  memcached=20.8%
[monitor] ['23%', '3%', '0%', '100%']  memcached=23.1%
[monitor] ['28%', '0%', '0%', '100%']  memcached=28.0%
[monitor] ['24%', '3%', '3%', '100%']  memcached=24.0%
[monitor] ['28%', '3%', '5%', '100%']  memcached=28.0%
[monitor] ['21%', '5%', '0%', '100%']  memcached=20.8%
[monitor] ['24%', '0%', '0%', '100%']  memcached=24.0%
[monitor] ['17%', '3%', '5%', '100%']  memcached=16.7%
[monitor] ['32%', '3%', '0%', '100%']  memcached=32.0%
[monitor] ['38%', '3%', '0%', '100%']  memcached=38.5%
[monitor] ['100%', '70%', '11%', '52%']  memcached=100.0%
[MEMCACHED] cores updated to: ['0', '1', '3']
[canneal] cores updated to: [2]
[monitor] ['52%', '44%', '100%', '61%']  memcached=157.2%
[MEMCACHED] cores updated to: ['0', '3']
[canneal] cores updated to: [1, 2]
[monitor] ['72%', '3%', '100%', '78%']  memcached=150.3%
[monitor] ['68%', '3%', '100%', '80%']  memcached=147.7%
[monitor] ['74%', '6%', '100%', '78%']  memcached=151.9%
[monitor] ['78%', '6%', '100%', '84%']  memcached=161.9%
[monitor] ['69%', '3%', '100%', '81%']  memcached=149.8%
[monitor] ['72%', '6%', '100%', '80%']  memcached=151.9%
[monitor] ['71%', '26%', '92%', '77%']  memcached=148.1%
[canneal] ended.
[freqmine] started on cores: [1, 2] with 3 threads.
[monitor] ['75%', '67%', '56%', '79%']  memcached=154.5%
[monitor] ['69%', '63%', '63%', '84%']  memcached=152.5%
[monitor] ['78%', '6%', '100%', '81%']  memcached=159.2%
[monitor] ['63%', '9%', '100%', '74%']  memcached=136.9%
[monitor] ['63%', '3%', '100%', '74%']  memcached=137.6%
[monitor] ['65%', '6%', '100%', '74%']  memcached=138.8%
[monitor] ['72%', '9%', '100%', '79%']  memcached=150.8%
[monitor] ['66%', '6%', '100%', '76%']  memcached=142.1%
[monitor] ['68%', '6%', '100%', '78%']  memcached=145.5%
[monitor] ['63%', '76%', '100%', '77%']  memcached=140.5%
[monitor] ['74%', '100%', '98%', '87%']  memcached=160.7%
[monitor] ['71%', '77%', '100%', '83%']  memcached=153.9%
[monitor] ['65%', '100%', '100%', '89%']  memcached=153.7%
[monitor] ['61%', '100%', '100%', '81%']  memcached=141.8%
[monitor] ['72%', '100%', '100%', '86%']  memcached=157.6%
[monitor] ['79%', '100%', '100%', '95%']  memcached=173.4%
[MEMCACHED] cores updated to: ['0', '1', '3']
[freqmine] cores updated to: [2]
[monitor] ['48%', '52%', '100%', '63%']  memcached=162.9%
[monitor] ['43%', '43%', '100%', '61%']  memcached=147.5%
[MEMCACHED] cores updated to: ['0', '3']
[freqmine] cores updated to: [1, 2]
[monitor] ['67%', '100%', '100%', '82%']  memcached=148.2%
[monitor] ['64%', '100%', '100%', '86%']  memcached=150.0%
[monitor] ['69%', '100%', '100%', '86%']  memcached=155.2%
[monitor] ['69%', '100%', '100%', '84%']  memcached=152.5%
[monitor] ['71%', '100%', '100%', '82%']  memcached=152.6%
[monitor] ['65%', '100%', '100%', '82%']  memcached=146.9%
[monitor] ['67%', '100%', '100%', '74%']  memcached=141.0%
[monitor] ['67%', '100%', '100%', '81%']  memcached=147.7%
[monitor] ['58%', '100%', '100%', '81%']  memcached=138.6%
[monitor] ['61%', '100%', '100%', '74%']  memcached=134.8%
[monitor] ['84%', '100%', '100%', '87%']  memcached=171.2%
[MEMCACHED] cores updated to: ['0', '2', '3']
[freqmine] cores updated to: [1]
[monitor] ['100%', '100%', '52%', '57%']  memcached=208.3%
[monitor] ['45%', '100%', '48%', '59%']  memcached=152.5%
[MEMCACHED] cores updated to: ['0', '3']
[freqmine] cores updated to: [1, 2]
[monitor] ['62%', '100%', '100%', '74%']  memcached=136.4%
[monitor] ['60%', '100%', '100%', '78%']  memcached=137.8%
[monitor] ['65%', '100%', '100%', '79%']  memcached=143.9%
[monitor] ['59%', '100%', '100%', '74%']  memcached=132.9%
[monitor] ['65%', '92%', '100%', '81%']  memcached=145.6%
[monitor] ['68%', '9%', '100%', '78%']  memcached=145.5%
[monitor] ['62%', '85%', '97%', '77%']  memcached=139.2%
[monitor] ['69%', '100%', '100%', '78%']  memcached=147.1%
[monitor] ['57%', '100%', '100%', '71%']  memcached=128.6%
[monitor] ['55%', '100%', '100%', '81%']  memcached=135.7%
[monitor] ['55%', '100%', '100%', '70%']  memcached=124.9%
[monitor] ['63%', '100%', '100%', '78%']  memcached=141.1%
[monitor] ['67%', '100%', '100%', '83%']  memcached=150.0%
[monitor] ['83%', '100%', '100%', '92%']  memcached=174.7%
[MEMCACHED] cores updated to: ['0', '1', '3']
[freqmine] cores updated to: [2]
[monitor] ['41%', '50%', '100%', '61%']  memcached=152.0%
[MEMCACHED] cores updated to: ['0', '3']
[freqmine] cores updated to: [1, 2]
[monitor] ['62%', '100%', '100%', '77%']  memcached=139.6%
[monitor] ['63%', '100%', '100%', '81%']  memcached=143.9%
[monitor] ['59%', '100%', '100%', '81%']  memcached=140.5%
[monitor] ['73%', '100%', '100%', '92%']  memcached=164.6%
[monitor] ['70%', '100%', '100%', '76%']  memcached=145.4%
[monitor] ['66%', '100%', '100%', '80%']  memcached=145.6%
[monitor] ['61%', '100%', '100%', '77%']  memcached=138.4%
[monitor] ['65%', '100%', '100%', '75%']  memcached=139.5%
[monitor] ['65%', '100%', '100%', '82%']  memcached=146.9%
[monitor] ['61%', '100%', '100%', '75%']  memcached=136.3%
[monitor] ['63%', '100%', '100%', '75%']  memcached=138.3%
[monitor] ['62%', '100%', '100%', '80%']  memcached=142.5%
[monitor] ['68%', '100%', '100%', '79%']  memcached=146.7%
[monitor] ['64%', '100%', '100%', '83%']  memcached=147.0%
[monitor] ['70%', '100%', '100%', '80%']  memcached=150.0%
[monitor] ['61%', '100%', '100%', '80%']  memcached=141.3%
[monitor] ['31%', '100%', '100%', '43%']  memcached=74.1%
[MEMCACHED] cores updated to: ['0']
[freqmine] cores updated to: [1, 2, 3]
[monitor] ['77%', '100%', '100%', '100%']  memcached=77.4%
[monitor] ['82%', '100%', '100%', '100%']  memcached=82.4%
[monitor] ['82%', '100%', '100%', '100%']  memcached=81.8%
[monitor] ['77%', '100%', '100%', '100%']  memcached=77.4%
[monitor] ['78%', '100%', '100%', '100%']  memcached=78.1%
[monitor] ['77%', '100%', '100%', '100%']  memcached=77.4%
[monitor] ['82%', '100%', '100%', '100%']  memcached=82.4%
[monitor] ['70%', '98%', '100%', '100%']  memcached=70.0%
[monitor] ['73%', '100%', '100%', '100%']  memcached=73.3%
[monitor] ['72%', '100%', '100%', '100%']  memcached=72.4%
[monitor] ['82%', '100%', '100%', '100%']  memcached=81.8%
[monitor] ['78%', '100%', '100%', '100%']  memcached=78.1%
[monitor] ['79%', '98%', '100%', '100%']  memcached=78.8%
[monitor] ['89%', '100%', '100%', '100%']  memcached=88.6%
[MEMCACHED] cores updated to: ['0', '2']
[freqmine] cores updated to: [1, 3]
[monitor] ['41%', '100%', '41%', '100%']  memcached=82.1%
[monitor] ['39%', '100%', '43%', '100%']  memcached=82.1%
[monitor] ['48%', '100%', '44%', '100%']  memcached=92.7%
[monitor] ['43%', '100%', '43%', '100%']  memcached=85.7%
[monitor] ['33%', '100%', '41%', '100%']  memcached=74.1%
[MEMCACHED] cores updated to: ['0']
[freqmine] cores updated to: [1, 2, 3]
[monitor] ['77%', '100%', '100%', '100%']  memcached=76.7%
[monitor] ['81%', '100%', '100%', '100%']  memcached=80.6%
[monitor] ['77%', '100%', '100%', '100%']  memcached=76.7%
[monitor] ['77%', '100%', '100%', '100%']  memcached=77.4%
[monitor] ['78%', '100%', '100%', '100%']  memcached=78.1%
[monitor] ['76%', '100%', '100%', '100%']  memcached=75.8%
[monitor] ['82%', '100%', '100%', '100%']  memcached=81.8%
[monitor] ['92%', '100%', '100%', '100%']  memcached=91.7%
[MEMCACHED] cores updated to: ['0', '3']
[freqmine] cores updated to: [1, 2]
[monitor] ['50%', '100%', '100%', '32%']  memcached=82.1%
[monitor] ['31%', '100%', '100%', '34%']  memcached=65.3%
[MEMCACHED] cores updated to: ['0']
[freqmine] cores updated to: [1, 2, 3]
[monitor] ['81%', '100%', '100%', '100%']  memcached=81.2%
[monitor] ['75%', '100%', '100%', '100%']  memcached=75.0%
[monitor] ['67%', '100%', '100%', '100%']  memcached=66.7%
[monitor] ['78%', '100%', '100%', '100%']  memcached=78.1%
[monitor] ['74%', '100%', '100%', '100%']  memcached=74.2%
[monitor] ['73%', '100%', '100%', '100%']  memcached=72.7%
[monitor] ['89%', '100%', '100%', '100%']  memcached=88.6%
[MEMCACHED] cores updated to: ['0', '1']
[freqmine] cores updated to: [2, 3]
[monitor] ['47%', '44%', '100%', '100%']  memcached=91.1%
[monitor] ['52%', '50%', '100%', '100%']  memcached=101.6%
[monitor] ['41%', '43%', '100%', '100%']  memcached=84.1%
[monitor] ['43%', '45%', '100%', '100%']  memcached=87.7%
[monitor] ['47%', '48%', '100%', '100%']  memcached=94.9%
[monitor] ['48%', '50%', '100%', '100%']  memcached=98.4%
[monitor] ['41%', '44%', '100%', '100%']  memcached=85.8%
[monitor] ['48%', '45%', '100%', '100%']  memcached=93.1%
[monitor] ['39%', '43%', '100%', '100%']  memcached=82.1%
[monitor] ['61%', '50%', '100%', '100%']  memcached=111.3%
[monitor] ['53%', '52%', '100%', '100%']  memcached=105.1%
[monitor] ['48%', '57%', '100%', '100%']  memcached=104.9%
[monitor] ['48%', '55%', '100%', '100%']  memcached=103.1%
[monitor] ['43%', '46%', '100%', '100%']  memcached=89.3%
[monitor] ['41%', '52%', '100%', '100%']  memcached=93.1%
[monitor] ['37%', '48%', '100%', '100%']  memcached=85.4%
[monitor] ['37%', '43%', '100%', '100%']  memcached=79.9%
[MEMCACHED] cores updated to: ['0']
[freqmine] cores updated to: [1, 2, 3]
[monitor] ['92%', '100%', '100%', '100%']  memcached=92.1%
[MEMCACHED] cores updated to: ['0', '2']
[freqmine] cores updated to: [1, 3]
[monitor] ['46%', '100%', '58%', '100%']  memcached=104.5%
[monitor] ['48%', '100%', '59%', '100%']  memcached=106.9%
[monitor] ['48%', '100%', '55%', '100%']  memcached=103.4%
[monitor] ['47%', '100%', '54%', '100%']  memcached=100.2%
[monitor] ['48%', '100%', '50%', '100%']  memcached=98.3%
[monitor] ['41%', '100%', '48%', '100%']  memcached=89.5%
[monitor] ['48%', '100%', '58%', '100%']  memcached=106.3%
[monitor] ['73%', '100%', '79%', '100%']  memcached=151.5%
[monitor] ['43%', '100%', '62%', '100%']  memcached=105.4%
[monitor] ['37%', '100%', '60%', '100%']  memcached=97.0%
[monitor] ['45%', '100%', '63%', '100%']  memcached=108.5%
[monitor] ['40%', '100%', '59%', '100%']  memcached=98.6%
[monitor] ['41%', '100%', '54%', '100%']  memcached=95.0%
[monitor] ['43%', '100%', '57%', '100%']  memcached=100.0%
[monitor] ['39%', '100%', '57%', '100%']  memcached=96.4%
[monitor] ['38%', '100%', '58%', '100%']  memcached=96.0%
[monitor] ['39%', '100%', '54%', '100%']  memcached=92.3%
[monitor] ['34%', '100%', '50%', '100%']  memcached=84.5%
[monitor] ['27%', '100%', '27%', '100%']  memcached=53.3%
[MEMCACHED] cores updated to: ['0']
[freqmine] cores updated to: [1, 2, 3]
[monitor] ['32%', '100%', '100%', '100%']  memcached=32.0%
[monitor] ['56%', '100%', '100%', '100%']  memcached=55.6%
[monitor] ['44%', '100%', '100%', '100%']  memcached=44.0%
[monitor] ['33%', '100%', '100%', '100%']  memcached=33.3%
[monitor] ['26%', '100%', '100%', '100%']  memcached=26.1%
[monitor] ['44%', '100%', '100%', '100%']  memcached=44.0%
[monitor] ['40%', '100%', '100%', '100%']  memcached=40.0%
[monitor] ['48%', '100%', '100%', '100%']  memcached=48.0%
[monitor] ['35%', '100%', '100%', '100%']  memcached=34.8%
[monitor] ['35%', '100%', '100%', '100%']  memcached=34.8%
[monitor] ['38%', '100%', '100%', '100%']  memcached=37.5%
[monitor] ['36%', '100%', '100%', '100%']  memcached=36.0%
[monitor] ['42%', '100%', '100%', '100%']  memcached=41.7%
[monitor] ['35%', '100%', '100%', '100%']  memcached=34.8%
[monitor] ['38%', '100%', '100%', '100%']  memcached=37.5%
[monitor] ['48%', '100%', '100%', '100%']  memcached=48.0%
[monitor] ['48%', '100%', '100%', '100%']  memcached=48.0%
[monitor] ['40%', '100%', '100%', '100%']  memcached=40.0%
[monitor] ['30%', '100%', '100%', '100%']  memcached=30.4%
[monitor] ['33%', '100%', '100%', '100%']  memcached=33.3%
[monitor] ['32%', '100%', '100%', '100%']  memcached=31.8%
[monitor] ['38%', '100%', '100%', '100%']  memcached=37.5%
[monitor] ['42%', '100%', '100%', '100%']  memcached=42.3%
[monitor] ['42%', '100%', '100%', '100%']  memcached=42.3%
[monitor] ['35%', '100%', '100%', '100%']  memcached=34.8%
[monitor] ['33%', '100%', '100%', '100%']  memcached=33.3%
[monitor] ['35%', '100%', '100%', '100%']  memcached=34.8%
[monitor] ['42%', '100%', '100%', '100%']  memcached=42.3%
[monitor] ['38%', '100%', '100%', '100%']  memcached=37.5%
[monitor] ['41%', '100%', '100%', '100%']  memcached=40.7%
[monitor] ['32%', '100%', '100%', '100%']  memcached=31.8%
[monitor] ['40%', '100%', '100%', '100%']  memcached=40.0%
[monitor] ['35%', '100%', '100%', '100%']  memcached=34.8%
[monitor] ['33%', '100%', '100%', '100%']  memcached=33.3%
[monitor] ['54%', '98%', '100%', '100%']  memcached=53.8%
[monitor] ['61%', '100%', '100%', '100%']  memcached=60.7%
[monitor] ['100%', '100%', '100%', '100%']  memcached=100.0%
[MEMCACHED] cores updated to: ['0', '1', '3']
[freqmine] cores updated to: [2]
[monitor] ['58%', '64%', '100%', '81%']  memcached=202.8%
[monitor] ['41%', '53%', '100%', '66%']  memcached=160.2%
[monitor] ['43%', '52%', '100%', '67%']  memcached=161.2%
[monitor] ['45%', '50%', '100%', '64%']  memcached=158.8%
[MEMCACHED] cores updated to: ['0', '3']
[freqmine] cores updated to: [1, 2]
[monitor] ['75%', '100%', '100%', '79%']  memcached=153.8%
[monitor] ['70%', '100%', '100%', '85%']  memcached=154.7%
[monitor] ['70%', '100%', '100%', '86%']  memcached=156.2%
[monitor] ['67%', '100%', '100%', '86%']  memcached=152.8%
[monitor] ['73%', '100%', '100%', '84%']  memcached=156.9%
[monitor] ['69%', '100%', '100%', '89%']  memcached=157.9%
[monitor] ['63%', '100%', '100%', '84%']  memcached=147.5%
[monitor] ['76%', '100%', '100%', '97%']  memcached=173.8%
[MEMCACHED] cores updated to: ['0', '2', '3']
[freqmine] cores updated to: [1]
[monitor] ['59%', '100%', '62%', '71%']  memcached=193.3%
[monitor] ['64%', '100%', '70%', '74%']  memcached=207.4%
[monitor] ['58%', '100%', '62%', '74%']  memcached=194.9%
[monitor] ['52%', '100%', '59%', '62%']  memcached=173.5%
[monitor] ['55%', '100%', '56%', '70%']  memcached=180.5%
[monitor] ['53%', '100%', '53%', '66%']  memcached=172.2%
[monitor] ['52%', '100%', '53%', '66%']  memcached=170.6%
[monitor] ['53%', '100%', '56%', '62%']  memcached=171.4%
[monitor] ['55%', '100%', '58%', '73%']  memcached=185.4%
[monitor] ['55%', '100%', '58%', '70%']  memcached=182.6%
[monitor] ['50%', '100%', '53%', '64%']  memcached=167.0%
[monitor] ['57%', '100%', '62%', '71%']  memcached=190.6%
[monitor] ['56%', '100%', '59%', '68%']  memcached=183.3%
[monitor] ['46%', '100%', '53%', '62%']  memcached=162.1%
[monitor] ['53%', '100%', '56%', '65%']  memcached=173.9%
[monitor] ['46%', '100%', '55%', '65%']  memcached=166.0%
[monitor] ['52%', '100%', '50%', '61%']  memcached=162.1%
[monitor] ['64%', '100%', '67%', '69%']  memcached=198.9%
[monitor] ['45%', '100%', '48%', '62%']  memcached=155.6%
[MEMCACHED] cores updated to: ['0', '3']
[freqmine] cores updated to: [1, 2]
[monitor] ['75%', '100%', '100%', '74%']  memcached=149.3%
[monitor] ['61%', '100%', '100%', '95%']  memcached=156.3%
[monitor] ['74%', '100%', '100%', '97%']  memcached=171.7%
[MEMCACHED] cores updated to: ['0', '2', '3']
[freqmine] cores updated to: [1]
[monitor] ['48%', '100%', '48%', '58%']  memcached=154.9%
[MEMCACHED] cores updated to: ['0', '3']
[freqmine] cores updated to: [1, 2]
[monitor] ['28%', '100%', '100%', '30%']  memcached=57.2%
[MEMCACHED] cores updated to: ['0']
[freqmine] cores updated to: [3, 1, 2]
[monitor] ['62%', '100%', '100%', '100%']  memcached=62.1%
[monitor] ['81%', '100%', '100%', '100%']  memcached=81.2%
[monitor] ['57%', '100%', '100%', '100%']  memcached=57.1%
[monitor] ['58%', '100%', '100%', '100%']  memcached=57.7%
[monitor] ['61%', '100%', '100%', '100%']  memcached=60.7%
[monitor] ['63%', '100%', '100%', '100%']  memcached=63.0%
[monitor] ['67%', '100%', '100%', '100%']  memcached=66.7%
[monitor] ['56%', '100%', '100%', '100%']  memcached=55.6%
[monitor] ['59%', '100%', '100%', '100%']  memcached=59.3%
[monitor] ['67%', '100%', '100%', '100%']  memcached=66.7%
[monitor] ['78%', '100%', '100%', '100%']  memcached=78.1%
[monitor] ['68%', '100%', '100%', '100%']  memcached=67.9%
[monitor] ['66%', '100%', '100%', '100%']  memcached=65.5%
[monitor] ['61%', '100%', '100%', '100%']  memcached=60.7%
[monitor] ['62%', '100%', '100%', '100%']  memcached=62.1%
[monitor] ['58%', '100%', '100%', '100%']  memcached=57.7%
[monitor] ['61%', '100%', '100%', '100%']  memcached=60.7%
[monitor] ['54%', '100%', '100%', '100%']  memcached=53.8%
[monitor] ['50%', '100%', '100%', '100%']  memcached=50.0%
[monitor] ['67%', '100%', '100%', '100%']  memcached=66.7%
[monitor] ['60%', '100%', '100%', '100%']  memcached=60.0%
[monitor] ['64%', '100%', '100%', '100%']  memcached=64.3%
[monitor] ['54%', '100%', '100%', '100%']  memcached=53.8%
[monitor] ['61%', '100%', '100%', '100%']  memcached=60.7%
[monitor] ['66%', '100%', '100%', '100%']  memcached=65.5%
[monitor] ['66%', '100%', '100%', '100%']  memcached=65.5%
[monitor] ['69%', '100%', '100%', '100%']  memcached=69.0%
[monitor] ['58%', '100%', '100%', '100%']  memcached=57.7%
[monitor] ['59%', '100%', '100%', '100%']  memcached=59.3%
[monitor] ['63%', '100%', '100%', '100%']  memcached=63.0%
[monitor] ['62%', '100%', '100%', '100%']  memcached=61.5%
[monitor] ['54%', '100%', '100%', '100%']  memcached=54.2%
[monitor] ['59%', '100%', '100%', '100%']  memcached=59.3%
[monitor] ['46%', '100%', '100%', '100%']  memcached=45.8%
[monitor] ['52%', '100%', '100%', '100%']  memcached=52.0%
[monitor] ['68%', '100%', '100%', '100%']  memcached=67.7%
[monitor] ['77%', '100%', '100%', '100%']  memcached=76.7%
[monitor] ['79%', '100%', '100%', '100%']  memcached=78.8%
[monitor] ['83%', '100%', '100%', '100%']  memcached=82.9%
[monitor] ['85%', '100%', '100%', '100%']  memcached=85.3%
[MEMCACHED] cores updated to: ['0', '3']
[freqmine] cores updated to: [1, 2]
[monitor] ['48%', '100%', '100%', '45%']  memcached=93.1%
[monitor] ['45%', '100%', '100%', '47%']  memcached=91.5%
[monitor] ['50%', '100%', '100%', '45%']  memcached=94.8%
[monitor] ['37%', '100%', '100%', '43%']  memcached=80.4%
[monitor] ['45%', '100%', '100%', '39%']  memcached=84.1%
[monitor] ['36%', '100%', '100%', '52%']  memcached=87.3%
[monitor] ['43%', '100%', '100%', '48%']  memcached=91.1%
[monitor] ['36%', '100%', '100%', '35%']  memcached=70.3%
[MEMCACHED] cores updated to: ['0']
[freqmine] cores updated to: [3, 1, 2]
[monitor] ['78%', '100%', '100%', '100%']  memcached=78.1%
[monitor] ['81%', '100%', '100%', '100%']  memcached=81.2%
[monitor] ['77%', '100%', '100%', '100%']  memcached=77.4%
[monitor] ['79%', '100%', '100%', '100%']  memcached=79.4%
[monitor] ['77%', '100%', '100%', '100%']  memcached=76.7%
[monitor] ['81%', '100%', '100%', '100%']  memcached=81.2%
[monitor] ['85%', '100%', '100%', '100%']  memcached=84.8%
[monitor] ['81%', '100%', '100%', '100%']  memcached=81.2%
[monitor] ['86%', '100%', '100%', '100%']  memcached=86.1%
[MEMCACHED] cores updated to: ['0', '1']
[freqmine] cores updated to: [3, 2]
[monitor] ['37%', '36%', '100%', '100%']  memcached=72.8%
[MEMCACHED] cores updated to: ['0']
[freqmine] cores updated to: [3, 1, 2]
[monitor] ['86%', '100%', '100%', '100%']  memcached=85.7%
[MEMCACHED] cores updated to: ['0', '2']
[freqmine] cores updated to: [3, 1]
[monitor] ['45%', '100%', '45%', '100%']  memcached=90.0%
[monitor] ['50%', '100%', '50%', '100%']  memcached=100.0%
[monitor] ['39%', '100%', '37%', '100%']  memcached=76.3%
[MEMCACHED] cores updated to: ['0']
[freqmine] cores updated to: [3, 1, 2]
[monitor] ['73%', '100%', '100%', '100%']  memcached=73.3%
[monitor] ['86%', '100%', '100%', '100%']  memcached=85.7%
[MEMCACHED] cores updated to: ['0', '3']
[freqmine] cores updated to: [1, 2]
[monitor] ['39%', '100%', '100%', '45%']  memcached=84.1%
[monitor] ['33%', '100%', '100%', '41%']  memcached=74.1%
[MEMCACHED] cores updated to: ['0']
[freqmine] cores updated to: [3, 1, 2]
[monitor] ['88%', '100%', '100%', '100%']  memcached=87.5%
[MEMCACHED] cores updated to: ['0', '1']
[freqmine] cores updated to: [3, 2]
[monitor] ['31%', '34%', '100%', '100%']  memcached=65.3%
[MEMCACHED] cores updated to: ['0']
[freqmine] cores updated to: [3, 1, 2]
[monitor] ['82%', '100%', '100%', '100%']  memcached=82.4%
[monitor] ['73%', '100%', '100%', '100%']  memcached=73.3%
[monitor] ['74%', '100%', '100%', '100%']  memcached=74.2%
[monitor] ['33%', '100%', '100%', '100%']  memcached=33.3%
[monitor] ['46%', '100%', '100%', '100%']  memcached=45.8%
[monitor] ['44%', '100%', '100%', '100%']  memcached=44.0%
[monitor] ['44%', '100%', '100%', '100%']  memcached=44.0%
[monitor] ['44%', '100%', '100%', '100%']  memcached=44.0%
[monitor] ['42%', '100%', '100%', '100%']  memcached=41.7%
[monitor] ['46%', '100%', '100%', '100%']  memcached=46.2%
[monitor] ['27%', '100%', '100%', '100%']  memcached=27.3%
[monitor] ['44%', '100%', '100%', '100%']  memcached=44.0%
[monitor] ['33%', '100%', '100%', '100%']  memcached=33.3%
[monitor] ['36%', '100%', '100%', '100%']  memcached=36.0%
[monitor] ['27%', '100%', '100%', '100%']  memcached=27.3%
[monitor] ['39%', '100%', '100%', '100%']  memcached=39.1%
[monitor] ['38%', '100%', '100%', '100%']  memcached=37.5%
[monitor] ['46%', '100%', '100%', '100%']  memcached=45.8%
[monitor] ['46%', '100%', '100%', '100%']  memcached=46.2%
[monitor] ['39%', '100%', '100%', '100%']  memcached=39.1%
[monitor] ['35%', '100%', '100%', '100%']  memcached=34.8%
[monitor] ['46%', '100%', '100%', '100%']  memcached=45.8%
[monitor] ['38%', '100%', '100%', '100%']  memcached=37.5%
[monitor] ['35%', '100%', '100%', '100%']  memcached=34.8%
[monitor] ['42%', '100%', '100%', '100%']  memcached=41.7%
[monitor] ['40%', '100%', '100%', '100%']  memcached=40.0%
[monitor] ['35%', '100%', '100%', '100%']  memcached=34.8%
[monitor] ['44%', '100%', '100%', '100%']  memcached=44.0%
[monitor] ['48%', '100%', '100%', '100%']  memcached=48.1%
[monitor] ['43%', '100%', '100%', '100%']  memcached=43.5%
[monitor] ['42%', '100%', '100%', '100%']  memcached=41.7%
[monitor] ['42%', '100%', '100%', '100%']  memcached=41.7%
[monitor] ['38%', '100%', '100%', '100%']  memcached=37.5%
[monitor] ['41%', '100%', '100%', '100%']  memcached=40.9%
[monitor] ['42%', '100%', '100%', '100%']  memcached=41.7%
[monitor] ['75%', '100%', '100%', '100%']  memcached=75.0%
[monitor] ['35%', '100%', '100%', '100%']  memcached=34.8%
[monitor] ['42%', '100%', '100%', '100%']  memcached=41.7%
[monitor] ['30%', '100%', '100%', '100%']  memcached=30.4%
[monitor] ['32%', '100%', '100%', '100%']  memcached=31.8%
[monitor] ['11%', '100%', '100%', '100%']  memcached=11.1%
[monitor] ['11%', '100%', '100%', '100%']  memcached=10.7%
[monitor] ['4%', '100%', '100%', '100%']  memcached=3.6%
[monitor] ['7%', '100%', '100%', '100%']  memcached=6.9%
[monitor] ['11%', '100%', '100%', '100%']  memcached=11.1%
[monitor] ['23%', '100%', '100%', '100%']  memcached=22.9%
[monitor] ['16%', '100%', '100%', '100%']  memcached=15.6%
[monitor] ['21%', '100%', '100%', '100%']  memcached=20.6%
[monitor] ['23%', '100%', '100%', '100%']  memcached=22.9%
[monitor] ['16%', '100%', '100%', '100%']  memcached=15.6%
[monitor] ['10%', '100%', '100%', '100%']  memcached=10.3%
[monitor] ['7%', '100%', '100%', '100%']  memcached=7.1%
[monitor] ['0%', '100%', '100%', '100%']  memcached=0.0%
[monitor] ['10%', '100%', '100%', '100%']  memcached=10.3%
[monitor] ['13%', '100%', '100%', '100%']  memcached=13.3%
[monitor] ['11%', '100%', '100%', '100%']  memcached=10.7%
[monitor] ['11%', '100%', '100%', '100%']  memcached=10.7%
[monitor] ['16%', '100%', '100%', '100%']  memcached=15.6%
[monitor] ['17%', '100%', '100%', '100%']  memcached=17.2%
[monitor] ['7%', '100%', '100%', '100%']  memcached=6.9%
[monitor] ['7%', '100%', '100%', '100%']  memcached=7.1%
[monitor] ['10%', '100%', '100%', '100%']  memcached=10.3%
[monitor] ['18%', '100%', '100%', '100%']  memcached=18.2%
[monitor] ['4%', '100%', '100%', '100%']  memcached=3.7%
[monitor] ['13%', '100%', '100%', '100%']  memcached=13.3%
[monitor] ['13%', '100%', '100%', '100%']  memcached=13.3%
[monitor] ['7%', '100%', '100%', '100%']  memcached=6.9%
[monitor] ['4%', '100%', '100%', '100%']  memcached=3.6%
[monitor] ['13%', '100%', '100%', '100%']  memcached=12.9%
[monitor] ['4%', '100%', '100%', '100%']  memcached=3.8%
[monitor] ['7%', '100%', '100%', '100%']  memcached=7.1%
[monitor] ['10%', '100%', '100%', '100%']  memcached=10.0%
[monitor] ['4%', '100%', '100%', '100%']  memcached=3.7%
[monitor] ['16%', '100%', '100%', '100%']  memcached=16.1%
[monitor] ['7%', '100%', '100%', '100%']  memcached=7.4%
[monitor] ['10%', '100%', '100%', '100%']  memcached=10.3%
[monitor] ['4%', '100%', '100%', '100%']  memcached=3.6%
[monitor] ['89%', '100%', '100%', '100%']  memcached=89.5%
[MEMCACHED] cores updated to: ['0', '2']
[freqmine] cores updated to: [3, 1]
[monitor] ['83%', '100%', '89%', '100%']  memcached=172.5%
[MEMCACHED] cores updated to: ['0', '2', '3']
[freqmine] cores updated to: [1]
[monitor] ['53%', '100%', '55%', '73%']  memcached=181.2%
[monitor] ['48%', '100%', '56%', '64%']  memcached=168.2%
[monitor] ['52%', '100%', '53%', '67%']  memcached=171.6%
[monitor] ['52%', '100%', '56%', '65%']  memcached=172.2%
[monitor] ['47%', '100%', '53%', '59%']  memcached=159.2%
[MEMCACHED] cores updated to: ['0', '3']
[freqmine] cores updated to: [2, 1]
[monitor] ['73%', '100%', '100%', '83%']  memcached=156.1%
[monitor] ['70%', '100%', '100%', '84%']  memcached=153.5%
[monitor] ['70%', '100%', '100%', '86%']  memcached=155.8%
[monitor] ['67%', '100%', '100%', '85%']  memcached=151.3%
[monitor] ['72%', '100%', '100%', '81%']  memcached=152.4%
[monitor] ['73%', '100%', '100%', '89%']  memcached=162.2%
[monitor] ['62%', '100%', '100%', '84%']  memcached=146.7%
[monitor] ['74%', '100%', '100%', '86%']  memcached=159.2%
[monitor] ['67%', '100%', '100%', '86%']  memcached=153.2%
[monitor] ['65%', '100%', '100%', '81%']  memcached=145.1%
[monitor] ['76%', '100%', '100%', '89%']  memcached=165.7%
[monitor] ['75%', '100%', '100%', '87%']  memcached=162.2%
[monitor] ['68%', '100%', '100%', '82%']  memcached=149.3%
[monitor] ['71%', '100%', '100%', '89%']  memcached=160.1%
[monitor] ['63%', '100%', '100%', '89%']  memcached=152.2%
[monitor] ['83%', '100%', '100%', '95%']  memcached=177.6%
[MEMCACHED] cores updated to: ['0', '1', '3']
[freqmine] cores updated to: [2]
[monitor] ['45%', '55%', '100%', '65%']  memcached=163.9%
[monitor] ['43%', '53%', '100%', '66%']  memcached=162.4%
[monitor] ['43%', '50%', '100%', '67%']  memcached=160.0%
[monitor] ['62%', '57%', '100%', '64%']  memcached=182.8%
[monitor] ['55%', '61%', '100%', '71%']  memcached=185.7%
[monitor] ['47%', '55%', '100%', '67%']  memcached=168.2%
[monitor] ['41%', '55%', '100%', '64%']  memcached=159.9%
[MEMCACHED] cores updated to: ['0', '3']
[freqmine] cores updated to: [2, 1]
[monitor] ['65%', '100%', '100%', '81%']  memcached=145.1%
[monitor] ['69%', '100%', '100%', '85%']  memcached=153.4%
[monitor] ['73%', '100%', '100%', '84%']  memcached=156.9%
[monitor] ['73%', '100%', '100%', '89%']  memcached=161.9%
[monitor] ['74%', '100%', '100%', '84%']  memcached=157.3%
[monitor] ['63%', '100%', '100%', '83%']  memcached=146.7%
[monitor] ['55%', '100%', '100%', '65%']  memcached=119.7%
[monitor] ['55%', '100%', '100%', '64%']  memcached=118.5%
[monitor] ['52%', '100%', '100%', '62%']  memcached=113.5%
[monitor] ['44%', '100%', '100%', '58%']  memcached=102.5%
[monitor] ['45%', '100%', '100%', '53%']  memcached=98.5%
[monitor] ['46%', '100%', '100%', '64%']  memcached=110.1%
[monitor] ['52%', '100%', '100%', '57%']  memcached=108.5%
[monitor] ['52%', '100%', '100%', '55%']  memcached=106.6%
[monitor] ['50%', '100%', '100%', '65%']  memcached=114.5%
[monitor] ['61%', '100%', '100%', '59%']  memcached=120.1%
[monitor] ['48%', '100%', '100%', '57%']  memcached=105.4%
[monitor] ['55%', '100%', '100%', '56%']  memcached=111.4%
[monitor] ['55%', '100%', '100%', '55%']  memcached=109.7%
[monitor] ['50%', '100%', '100%', '59%']  memcached=109.4%
[monitor] ['56%', '100%', '100%', '53%']  memcached=108.9%
[monitor] ['52%', '100%', '100%', '59%']  memcached=111.1%
[monitor] ['46%', '100%', '100%', '65%']  memcached=110.9%
[monitor] ['50%', '100%', '100%', '50%']  memcached=100.0%
[monitor] ['46%', '100%', '100%', '56%']  memcached=102.7%
[monitor] ['60%', '100%', '100%', '48%']  memcached=108.3%
[monitor] ['48%', '100%', '100%', '66%']  memcached=113.9%
[monitor] ['70%', '100%', '100%', '68%']  memcached=137.3%
[monitor] ['62%', '100%', '100%', '61%']  memcached=123.4%
[monitor] ['53%', '100%', '100%', '55%']  memcached=108.5%
[monitor] ['54%', '100%', '100%', '55%']  memcached=108.1%
[monitor] ['44%', '100%', '100%', '52%']  memcached=96.2%
[monitor] ['48%', '100%', '100%', '50%']  memcached=98.1%
[monitor] ['76%', '100%', '100%', '70%']  memcached=145.5%
[monitor] ['47%', '100%', '100%', '57%']  memcached=103.3%
[monitor] ['52%', '100%', '100%', '45%']  memcached=96.7%
[monitor] ['53%', '100%', '100%', '68%']  memcached=121.0%
[monitor] ['57%', '100%', '100%', '48%']  memcached=105.4%
[monitor] ['43%', '100%', '100%', '52%']  memcached=94.9%
[monitor] ['63%', '100%', '100%', '66%']  memcached=129.0%
[monitor] ['63%', '100%', '100%', '55%']  memcached=118.2%
[monitor] ['52%', '100%', '100%', '61%']  memcached=113.0%
[monitor] ['55%', '100%', '100%', '53%']  memcached=108.2%
[monitor] ['71%', '100%', '100%', '78%']  memcached=149.3%
[monitor] ['80%', '100%', '100%', '89%']  memcached=169.5%
[monitor] ['84%', '100%', '100%', '98%']  memcached=181.3%
[MEMCACHED] cores updated to: ['0', '2', '3']
[freqmine] cores updated to: [1]
[monitor] ['74%', '100%', '71%', '86%']  memcached=231.4%
[monitor] ['53%', '100%', '60%', '73%']  memcached=186.3%
[monitor] ['53%', '100%', '60%', '70%']  memcached=183.0%
[monitor] ['48%', '100%', '53%', '67%']  memcached=168.3%
[monitor] ['55%', '100%', '60%', '70%']  memcached=184.5%
[monitor] ['55%', '100%', '60%', '69%']  memcached=183.4%
[monitor] ['57%', '100%', '60%', '71%']  memcached=188.1%
[monitor] ['55%', '100%', '61%', '71%']  memcached=186.0%
[monitor] ['55%', '100%', '57%', '71%']  memcached=182.1%
[monitor] ['56%', '100%', '59%', '71%']  memcached=187.1%
[monitor] ['55%', '100%', '61%', '71%']  memcached=186.9%
[monitor] ['59%', '100%', '61%', '74%']  memcached=194.2%
[monitor] ['57%', '100%', '56%', '71%']  memcached=184.3%
[monitor] ['53%', '100%', '59%', '74%']  memcached=186.2%
[monitor] ['57%', '100%', '64%', '77%']  memcached=197.4%
[monitor] ['61%', '100%', '66%', '78%']  memcached=205.3%
[monitor] ['59%', '100%', '62%', '74%']  memcached=194.9%
[monitor] ['58%', '100%', '58%', '69%']  memcached=184.7%
[monitor] ['59%', '100%', '62%', '73%']  memcached=194.6%
[monitor] ['58%', '100%', '62%', '74%']  memcached=194.1%
[monitor] ['81%', '100%', '86%', '78%']  memcached=245.6%
[monitor] ['57%', '100%', '63%', '74%']  memcached=193.1%
[monitor] ['52%', '100%', '59%', '71%']  memcached=182.4%
[monitor] ['60%', '100%', '61%', '72%']  memcached=192.8%
[monitor] ['57%', '100%', '62%', '74%']  memcached=193.5%
[monitor] ['53%', '100%', '58%', '69%']  memcached=180.1%
[monitor] ['56%', '100%', '62%', '69%']  memcached=186.8%
[monitor] ['56%', '100%', '62%', '71%']  memcached=189.4%
[monitor] ['59%', '100%', '58%', '71%']  memcached=188.0%
[monitor] ['53%', '100%', '62%', '71%']  memcached=185.7%
[monitor] ['53%', '100%', '58%', '68%']  memcached=179.0%
[monitor] ['58%', '100%', '62%', '69%']  memcached=188.6%
[monitor] ['55%', '100%', '59%', '70%']  memcached=183.9%
[monitor] ['61%', '100%', '66%', '76%']  memcached=201.9%
[monitor] ['68%', '100%', '73%', '88%']  memcached=228.0%
[monitor] ['76%', '100%', '81%', '90%']  memcached=246.8%
[monitor] ['78%', '100%', '81%', '97%']  memcached=255.8%
[monitor] ['83%', '100%', '86%', '95%']  memcached=263.6%
[monitor] ['74%', '100%', '79%', '90%']  memcached=243.7%
[monitor] ['75%', '100%', '78%', '92%']  memcached=245.7%
[monitor] ['79%', '100%', '82%', '92%']  memcached=252.9%
[monitor] ['76%', '100%', '83%', '95%']  memcached=254.1%
[monitor] ['75%', '100%', '81%', '95%']  memcached=251.0%
[monitor] ['77%', '100%', '84%', '93%']  memcached=253.9%
[monitor] ['77%', '100%', '80%', '95%']  memcached=252.0%
[monitor] ['72%', '100%', '81%', '89%']  memcached=241.9%
[monitor] ['77%', '100%', '82%', '95%']  memcached=253.8%
[monitor] ['80%', '100%', '82%', '95%']  memcached=256.5%
[monitor] ['84%', '100%', '83%', '95%']  memcached=262.0%
[monitor] ['79%', '100%', '80%', '95%']  memcached=253.8%
[monitor] ['81%', '100%', '84%', '97%']  memcached=262.2%
[monitor] ['76%', '100%', '77%', '92%']  memcached=246.1%
[monitor] ['70%', '100%', '78%', '90%']  memcached=237.2%
[monitor] ['82%', '100%', '83%', '97%']  memcached=263.1%
[monitor] ['80%', '100%', '83%', '95%']  memcached=258.3%
[monitor] ['79%', '100%', '83%', '95%']  memcached=257.6%
[monitor] ['75%', '100%', '80%', '93%']  memcached=247.7%
[monitor] ['79%', '100%', '84%', '95%']  memcached=258.2%
[monitor] ['79%', '100%', '79%', '93%']  memcached=250.9%
[monitor] ['74%', '100%', '76%', '92%']  memcached=242.1%
[monitor] ['72%', '100%', '79%', '92%']  memcached=243.6%
[monitor] ['76%', '100%', '80%', '92%']  memcached=248.8%
[monitor] ['79%', '100%', '81%', '95%']  memcached=255.0%
[monitor] ['76%', '100%', '83%', '98%']  memcached=256.8%
[monitor] ['77%', '100%', '81%', '92%']  memcached=250.5%
[monitor] ['77%', '100%', '79%', '92%']  memcached=249.1%
[monitor] ['81%', '100%', '81%', '92%']  memcached=254.3%
[monitor] ['76%', '100%', '79%', '92%']  memcached=247.7%
[monitor] ['76%', '100%', '80%', '92%']  memcached=248.8%
[monitor] ['82%', '100%', '83%', '95%']  memcached=259.8%
[monitor] ['77%', '100%', '81%', '95%']  memcached=252.6%
[monitor] ['57%', '100%', '65%', '78%']  memcached=199.0%
[monitor] ['52%', '100%', '56%', '64%']  memcached=171.6%
[monitor] ['56%', '100%', '59%', '71%']  memcached=187.1%
[monitor] ['55%', '100%', '59%', '66%']  memcached=179.3%
[monitor] ['55%', '100%', '58%', '68%']  memcached=180.6%
[monitor] ['52%', '100%', '53%', '64%']  memcached=168.6%
[monitor] ['47%', '100%', '50%', '65%']  memcached=161.2%
[monitor] ['50%', '100%', '55%', '67%']  memcached=171.5%
[monitor] ['53%', '100%', '57%', '67%']  memcached=176.7%
[monitor] ['50%', '100%', '52%', '62%']  memcached=164.1%
[monitor] ['56%', '100%', '61%', '67%']  memcached=183.5%
[monitor] ['73%', '100%', '81%', '74%']  memcached=226.8%
[monitor] ['47%', '100%', '55%', '64%']  memcached=164.8%
[monitor] ['55%', '100%', '57%', '73%']  memcached=184.2%
[monitor] ['50%', '100%', '55%', '66%']  memcached=170.5%
[monitor] ['52%', '100%', '53%', '62%']  memcached=167.6%
[monitor] ['59%', '100%', '57%', '72%']  memcached=187.7%
[monitor] ['52%', '100%', '55%', '64%']  memcached=170.1%
[monitor] ['55%', '100%', '56%', '71%']  memcached=181.7%
[monitor] ['46%', '100%', '53%', '62%']  memcached=162.1%
[monitor] ['53%', '100%', '58%', '65%']  memcached=175.4%
[monitor] ['59%', '100%', '61%', '78%']  memcached=197.8%
[monitor] ['50%', '100%', '58%', '66%']  memcached=173.2%
[monitor] ['50%', '100%', '56%', '65%']  memcached=171.0%
[monitor] ['52%', '100%', '56%', '66%']  memcached=173.5%
[monitor] ['61%', '100%', '61%', '74%']  memcached=196.9%
[monitor] ['67%', '100%', '72%', '71%']  memcached=210.3%
[monitor] ['56%', '100%', '58%', '68%']  memcached=182.0%
[monitor] ['52%', '100%', '61%', '66%']  memcached=178.0%
[monitor] ['52%', '100%', '57%', '66%']  memcached=174.0%
[monitor] ['70%', '100%', '76%', '71%']  memcached=216.8%
[monitor] ['52%', '100%', '52%', '65%']  memcached=167.9%
[monitor] ['53%', '100%', '52%', '64%']  memcached=168.7%
[monitor] ['55%', '100%', '53%', '68%']  memcached=175.5%
[monitor] ['50%', '100%', '53%', '61%']  memcached=163.9%
[monitor] ['53%', '100%', '58%', '67%']  memcached=177.4%
[monitor] ['50%', '100%', '56%', '67%']  memcached=172.9%
[monitor] ['30%', '100%', '30%', '30%']  memcached=90.6%
[MEMCACHED] cores updated to: ['0', '3']
[freqmine] cores updated to: [2, 1]
[monitor] ['24%', '100%', '100%', '21%']  memcached=45.6%
[MEMCACHED] cores updated to: ['0']
[freqmine] cores updated to: [2, 1, 3]
[monitor] ['42%', '100%', '100%', '100%']  memcached=41.7%
[monitor] ['38%', '100%', '100%', '100%']  memcached=37.5%
[monitor] ['46%', '100%', '100%', '100%']  memcached=46.2%
[monitor] ['42%', '100%', '100%', '100%']  memcached=41.7%
[monitor] ['52%', '100%', '100%', '100%']  memcached=52.0%
[monitor] ['42%', '100%', '100%', '100%']  memcached=41.7%
[monitor] ['44%', '100%', '100%', '100%']  memcached=44.0%
[monitor] ['46%', '100%', '100%', '100%']  memcached=46.2%
[monitor] ['50%', '100%', '100%', '100%']  memcached=50.0%
[monitor] ['52%', '100%', '100%', '100%']  memcached=51.9%
[monitor] ['42%', '100%', '100%', '100%']  memcached=41.7%
[monitor] ['52%', '100%', '100%', '100%']  memcached=52.0%
[monitor] ['42%', '100%', '100%', '100%']  memcached=42.3%
[monitor] ['52%', '100%', '100%', '100%']  memcached=52.0%
[monitor] ['39%', '100%', '100%', '100%']  memcached=39.1%
[monitor] ['48%', '100%', '100%', '100%']  memcached=48.0%
[monitor] ['61%', '100%', '100%', '100%']  memcached=60.7%
[monitor] ['52%', '100%', '100%', '100%']  memcached=51.9%
[monitor] ['48%', '100%', '100%', '100%']  memcached=48.0%
[monitor] ['46%', '100%', '100%', '100%']  memcached=45.8%
[monitor] ['50%', '100%', '100%', '100%']  memcached=50.0%
[monitor] ['44%', '100%', '100%', '100%']  memcached=44.0%
[monitor] ['43%', '100%', '100%', '100%']  memcached=43.5%
[monitor] ['38%', '100%', '100%', '100%']  memcached=37.5%
[monitor] ['38%', '100%', '100%', '100%']  memcached=37.5%
[monitor] ['56%', '100%', '100%', '100%']  memcached=56.0%
[monitor] ['50%', '100%', '100%', '100%']  memcached=50.0%
[monitor] ['44%', '100%', '100%', '100%']  memcached=44.0%
[monitor] ['42%', '100%', '100%', '100%']  memcached=41.7%
[monitor] ['44%', '100%', '100%', '100%']  memcached=44.0%
[monitor] ['42%', '100%', '100%', '100%']  memcached=42.3%
[monitor] ['46%', '100%', '100%', '100%']  memcached=46.2%
[monitor] ['50%', '100%', '100%', '100%']  memcached=50.0%
[monitor] ['46%', '100%', '100%', '100%']  memcached=45.8%
[monitor] ['48%', '100%', '100%', '100%']  memcached=48.1%
[monitor] ['11%', '100%', '100%', '100%']  memcached=11.1%
[monitor] ['7%', '100%', '100%', '100%']  memcached=6.7%
[monitor] ['13%', '100%', '100%', '100%']  memcached=12.9%
[monitor] ['4%', '100%', '100%', '100%']  memcached=3.6%
[monitor] ['10%', '100%', '100%', '100%']  memcached=9.7%
[monitor] ['10%', '100%', '100%', '100%']  memcached=9.7%
[monitor] ['7%', '100%', '100%', '100%']  memcached=6.7%
[monitor] ['9%', '100%', '100%', '100%']  memcached=9.4%
[monitor] ['12%', '100%', '100%', '100%']  memcached=12.5%
[monitor] ['0%', '100%', '100%', '100%']  memcached=0.0%
[monitor] ['7%', '100%', '100%', '100%']  memcached=6.7%
[monitor] ['9%', '100%', '100%', '100%']  memcached=9.4%
[monitor] ['0%', '100%', '100%', '100%']  memcached=0.0%
[monitor] ['7%', '100%', '100%', '100%']  memcached=6.9%
[monitor] ['16%', '100%', '100%', '100%']  memcached=15.6%
[monitor] ['12%', '100%', '100%', '100%']  memcached=12.1%
[monitor] ['7%', '100%', '100%', '100%']  memcached=6.7%
[monitor] ['3%', '100%', '100%', '100%']  memcached=3.3%
[monitor] ['6%', '100%', '100%', '100%']  memcached=6.5%
[monitor] ['3%', '100%', '100%', '100%']  memcached=3.4%
[monitor] ['10%', '100%', '100%', '100%']  memcached=9.7%
[monitor] ['12%', '100%', '100%', '100%']  memcached=12.5%
[monitor] ['12%', '100%', '100%', '100%']  memcached=12.5%
[monitor] ['7%', '100%', '100%', '100%']  memcached=6.7%
[monitor] ['7%', '100%', '100%', '100%']  memcached=6.7%
[monitor] ['16%', '100%', '100%', '100%']  memcached=15.6%
[monitor] ['3%', '100%', '100%', '100%']  memcached=3.3%
[monitor] ['7%', '100%', '100%', '100%']  memcached=6.7%
[monitor] ['7%', '100%', '100%', '100%']  memcached=6.9%
[monitor] ['9%', '100%', '100%', '100%']  memcached=9.4%
[monitor] ['10%', '100%', '100%', '100%']  memcached=9.7%
[monitor] ['3%', '100%', '100%', '100%']  memcached=3.4%
[monitor] ['6%', '100%', '100%', '100%']  memcached=6.5%
[monitor] ['12%', '100%', '100%', '100%']  memcached=12.5%
[monitor] ['10%', '100%', '100%', '100%']  memcached=10.0%
[monitor] ['3%', '100%', '100%', '100%']  memcached=3.3%
[monitor] ['9%', '100%', '100%', '100%']  memcached=9.4%
[monitor] ['75%', '100%', '100%', '100%']  memcached=75.0%
[monitor] ['100%', '100%', '100%', '100%']  memcached=100.0%
[MEMCACHED] cores updated to: ['0', '1', '3']
[freqmine] cores updated to: [2]
[monitor] ['38%', '50%', '100%', '65%']  memcached=152.4%
[MEMCACHED] cores updated to: ['0', '3']
[freqmine] cores updated to: [2, 1]
[monitor] ['82%', '100%', '100%', '65%']  memcached=147.1%
[monitor] ['72%', '100%', '100%', '61%']  memcached=133.2%
[monitor] ['78%', '100%', '100%', '69%']  memcached=146.9%
[monitor] ['72%', '100%', '100%', '61%']  memcached=132.5%
[monitor] ['69%', '100%', '100%', '82%']  memcached=150.3%
[monitor] ['76%', '100%', '100%', '67%']  memcached=142.4%
[monitor] ['76%', '100%', '100%', '71%']  memcached=146.3%
[monitor] ['63%', '100%', '100%', '81%']  memcached=143.9%
[monitor] ['69%', '100%', '100%', '72%']  memcached=141.0%
[monitor] ['61%', '100%', '100%', '80%']  memcached=141.3%
[monitor] ['60%', '100%', '100%', '81%']  memcached=141.1%
[monitor] ['65%', '100%', '100%', '81%']  memcached=145.1%
[monitor] ['60%', '100%', '100%', '78%']  memcached=137.8%
[monitor] ['59%', '100%', '100%', '78%']  memcached=136.4%
[monitor] ['69%', '100%', '100%', '81%']  memcached=149.3%
[monitor] ['62%', '100%', '100%', '80%']  memcached=142.5%
[monitor] ['65%', '100%', '100%', '76%']  memcached=140.3%
[monitor] ['61%', '100%', '100%', '78%']  memcached=139.1%
[monitor] ['57%', '100%', '100%', '70%']  memcached=126.4%
[monitor] ['61%', '100%', '100%', '74%']  memcached=135.6%
[monitor] ['55%', '100%', '100%', '74%']  memcached=129.5%
[monitor] ['65%', '100%', '100%', '80%']  memcached=144.5%
[monitor] ['63%', '100%', '100%', '83%']  memcached=146.7%
[monitor] ['66%', '100%', '100%', '80%']  memcached=145.6%
[monitor] ['59%', '100%', '100%', '78%']  memcached=137.0%
[monitor] ['55%', '100%', '100%', '75%']  memcached=130.2%
[monitor] ['69%', '100%', '100%', '84%']  memcached=153.0%
[monitor] ['70%', '100%', '100%', '78%']  memcached=147.5%
[monitor] ['65%', '100%', '100%', '80%']  memcached=144.5%
[monitor] ['59%', '100%', '100%', '78%']  memcached=137.0%
[monitor] ['60%', '100%', '100%', '74%']  memcached=134.3%
[monitor] ['57%', '100%', '100%', '81%']  memcached=137.7%
[monitor] ['71%', '100%', '100%', '76%']  memcached=147.4%
[monitor] ['65%', '100%', '100%', '76%']  memcached=141.0%
[monitor] ['57%', '100%', '100%', '74%']  memcached=130.2%
[monitor] ['60%', '100%', '100%', '71%']  memcached=130.6%
[monitor] ['60%', '100%', '100%', '79%']  memcached=139.4%
[monitor] ['62%', '100%', '100%', '78%']  memcached=139.8%
[monitor] ['59%', '100%', '100%', '82%']  memcached=141.0%
[monitor] ['57%', '100%', '100%', '78%']  memcached=134.9%
[monitor] ['55%', '100%', '100%', '70%']  memcached=124.9%
[monitor] ['55%', '100%', '100%', '72%']  memcached=126.7%
[monitor] ['64%', '100%', '100%', '80%']  memcached=143.6%
[monitor] ['61%', '100%', '100%', '74%']  memcached=135.6%
[monitor] ['63%', '100%', '100%', '78%']  memcached=141.3%
[monitor] ['57%', '100%', '100%', '76%']  memcached=133.1%
[monitor] ['59%', '100%', '100%', '76%']  memcached=135.1%
[monitor] ['53%', '100%', '100%', '74%']  memcached=126.9%
[monitor] ['50%', '100%', '100%', '82%']  memcached=132.4%
[monitor] ['68%', '100%', '100%', '81%']  memcached=148.3%
[monitor] ['53%', '100%', '100%', '89%']  memcached=142.6%
[monitor] ['59%', '100%', '100%', '73%']  memcached=132.3%
[monitor] ['57%', '100%', '100%', '80%']  memcached=136.7%
[monitor] ['62%', '100%', '100%', '81%']  memcached=143.6%
[monitor] ['61%', '100%', '100%', '76%']  memcached=137.8%
[monitor] ['67%', '100%', '100%', '78%']  memcached=145.0%
[monitor] ['59%', '100%', '100%', '77%']  memcached=135.8%
[monitor] ['61%', '100%', '100%', '76%']  memcached=137.8%
[monitor] ['55%', '100%', '100%', '78%']  memcached=132.6%
[monitor] ['52%', '100%', '100%', '74%']  memcached=125.3%
[monitor] ['57%', '100%', '100%', '74%']  memcached=130.2%
[monitor] ['66%', '100%', '100%', '74%']  memcached=139.9%
[monitor] ['67%', '100%', '100%', '66%']  memcached=132.3%
[monitor] ['59%', '100%', '100%', '73%']  memcached=131.3%
[monitor] ['46%', '100%', '100%', '73%']  memcached=119.2%
[monitor] ['59%', '100%', '100%', '65%']  memcached=124.1%
[monitor] ['65%', '100%', '100%', '71%']  memcached=135.9%
[monitor] ['60%', '100%', '100%', '65%']  memcached=124.7%
[monitor] ['61%', '100%', '100%', '71%']  memcached=131.9%
[monitor] ['55%', '100%', '100%', '71%']  memcached=125.8%
[monitor] ['69%', '100%', '100%', '65%']  memcached=133.5%
[monitor] ['57%', '100%', '100%', '97%']  memcached=154.1%
[monitor] ['81%', '100%', '100%', '98%']  memcached=178.6%
[MEMCACHED] cores updated to: ['0', '2', '3']
[freqmine] cores updated to: [1]
[monitor] ['58%', '100%', '67%', '81%']  memcached=205.3%
[monitor] ['54%', '100%', '67%', '74%']  memcached=193.8%
[monitor] ['61%', '100%', '66%', '75%']  memcached=201.2%
[monitor] ['61%', '100%', '70%', '80%']  memcached=210.6%
[monitor] ['61%', '100%', '67%', '78%']  memcached=205.1%
[monitor] ['56%', '100%', '66%', '78%']  memcached=199.7%
[monitor] ['58%', '100%', '62%', '73%']  memcached=193.3%
[monitor] ['57%', '100%', '67%', '75%']  memcached=198.3%
[monitor] ['58%', '100%', '64%', '74%']  memcached=195.5%
[monitor] ['57%', '100%', '61%', '75%']  memcached=192.3%
[monitor] ['58%', '100%', '61%', '77%']  memcached=195.8%
[monitor] ['61%', '100%', '65%', '79%']  memcached=204.1%
[monitor] ['59%', '100%', '64%', '74%']  memcached=196.5%
[monitor] ['61%', '100%', '67%', '74%']  memcached=200.8%
[monitor] ['57%', '100%', '62%', '74%']  memcached=193.5%
[monitor] ['59%', '100%', '62%', '76%']  memcached=197.6%
[monitor] ['55%', '100%', '65%', '74%']  memcached=193.8%
[monitor] ['59%', '100%', '62%', '74%']  memcached=195.6%
[monitor] ['60%', '100%', '65%', '76%']  memcached=201.2%
[monitor] ['62%', '100%', '65%', '78%']  memcached=204.4%
[monitor] ['52%', '100%', '59%', '71%']  memcached=181.6%
[monitor] ['61%', '100%', '62%', '77%']  memcached=200.9%
[monitor] ['58%', '100%', '67%', '76%']  memcached=199.9%
[monitor] ['61%', '100%', '64%', '76%']  memcached=201.4%
[monitor] ['55%', '100%', '66%', '76%']  memcached=197.3%
[monitor] ['57%', '100%', '61%', '74%']  memcached=191.6%
[monitor] ['60%', '100%', '66%', '78%']  memcached=203.4%
[monitor] ['58%', '100%', '62%', '77%']  memcached=197.7%
[monitor] ['58%', '100%', '62%', '75%']  memcached=195.6%
[monitor] ['59%', '100%', '62%', '75%']  memcached=196.9%
[monitor] ['59%', '100%', '65%', '75%']  memcached=199.1%
[monitor] ['59%', '100%', '66%', '78%']  memcached=202.8%
[monitor] ['71%', '100%', '72%', '75%']  memcached=217.8%
[monitor] ['71%', '100%', '79%', '81%']  memcached=230.5%
[monitor] ['61%', '100%', '69%', '74%']  memcached=204.1%
[monitor] ['28%', '100%', '19%', '22%']  memcached=68.9%
[MEMCACHED] cores updated to: ['0']
[freqmine] cores updated to: [2, 1, 3]
[monitor] ['79%', '100%', '100%', '100%']  memcached=79.4%
[monitor] ['84%', '100%', '100%', '98%']  memcached=83.9%
[monitor] ['79%', '100%', '100%', '100%']  memcached=78.8%
[monitor] ['81%', '100%', '100%', '100%']  memcached=80.6%
[monitor] ['85%', '100%', '100%', '97%']  memcached=84.8%
[monitor] ['81%', '100%', '100%', '100%']  memcached=80.6%
[monitor] ['78%', '100%', '100%', '100%']  memcached=78.1%
[monitor] ['89%', '100%', '100%', '100%']  memcached=88.9%
[MEMCACHED] cores updated to: ['0', '1']
[freqmine] cores updated to: [2, 3]
[monitor] ['39%', '39%', '79%', '97%']  memcached=78.6%
[MEMCACHED] cores updated to: ['0']
[freqmine] cores updated to: [2, 1, 3]
[monitor] ['71%', '3%', '3%', '6%']  memcached=71.4%
[freqmine] ended.
[streamcluster] started on cores: [1, 2, 3] with 3 threads.
[monitor] ['78%', '56%', '19%', '59%']  memcached=78.1%
[monitor] ['79%', '42%', '31%', '66%']  memcached=78.8%
[monitor] ['79%', '42%', '37%', '97%']  memcached=78.8%
[monitor] ['86%', '88%', '85%', '92%']  memcached=85.7%
[MEMCACHED] cores updated to: ['0', '1']
[streamcluster] cores updated to: [2, 3]
[monitor] ['48%', '41%', '87%', '100%']  memcached=89.0%
[monitor] ['41%', '39%', '95%', '95%']  memcached=80.7%
[monitor] ['43%', '35%', '93%', '100%']  memcached=77.9%
[MEMCACHED] cores updated to: ['0']
[streamcluster] cores updated to: [1, 2, 3]
[monitor] ['85%', '95%', '84%', '100%']  memcached=84.8%
[monitor] ['89%', '92%', '85%', '100%']  memcached=89.5%
[MEMCACHED] cores updated to: ['0', '2']
[streamcluster] cores updated to: [1, 3]
[monitor] ['37%', '100%', '35%', '98%']  memcached=71.3%
[MEMCACHED] cores updated to: ['0']
[streamcluster] cores updated to: [1, 2, 3]
[monitor] ['76%', '93%', '82%', '100%']  memcached=75.8%
[monitor] ['84%', '92%', '82%', '100%']  memcached=84.4%
[monitor] ['82%', '95%', '82%', '100%']  memcached=81.8%
[monitor] ['86%', '92%', '85%', '100%']  memcached=85.7%
[MEMCACHED] cores updated to: ['0', '3']
[streamcluster] cores updated to: [1, 2]
[monitor] ['52%', '98%', '95%', '60%']  memcached=111.7%
[monitor] ['41%', '95%', '98%', '48%']  memcached=89.7%
[monitor] ['37%', '97%', '92%', '48%']  memcached=85.3%
[monitor] ['52%', '95%', '90%', '70%']  memcached=121.4%
[monitor] ['41%', '92%', '97%', '55%']  memcached=95.6%
[monitor] ['38%', '97%', '95%', '53%']  memcached=91.3%
[monitor] ['35%', '90%', '97%', '48%']  memcached=83.0%
[monitor] ['44%', '98%', '98%', '55%']  memcached=99.6%
[monitor] ['35%', '95%', '97%', '57%']  memcached=91.3%
[monitor] ['36%', '93%', '95%', '43%']  memcached=78.6%
[MEMCACHED] cores updated to: ['0']
[streamcluster] cores updated to: [1, 2, 3]
[monitor] ['20%', '100%', '82%', '100%']  memcached=20.0%
[monitor] ['12%', '95%', '82%', '100%']  memcached=12.5%
[monitor] ['16%', '98%', '80%', '100%']  memcached=16.0%
[monitor] ['9%', '98%', '82%', '100%']  memcached=8.7%
[monitor] ['12%', '98%', '80%', '100%']  memcached=12.5%
[monitor] ['17%', '98%', '82%', '100%']  memcached=16.7%
[monitor] ['9%', '97%', '82%', '100%']  memcached=8.7%
[monitor] ['12%', '97%', '82%', '100%']  memcached=12.5%
[monitor] ['20%', '97%', '85%', '100%']  memcached=20.0%
[monitor] ['17%', '98%', '82%', '98%']  memcached=16.7%
[monitor] ['12%', '98%', '87%', '100%']  memcached=12.5%
[monitor] ['13%', '98%', '85%', '100%']  memcached=13.0%
[monitor] ['12%', '98%', '79%', '100%']  memcached=12.5%
[monitor] ['16%', '98%', '82%', '100%']  memcached=16.0%
[monitor] ['5%', '98%', '82%', '100%']  memcached=4.5%
[monitor] ['35%', '98%', '87%', '100%']  memcached=34.6%
[monitor] ['16%', '95%', '79%', '98%']  memcached=16.0%
[monitor] ['12%', '98%', '79%', '100%']  memcached=12.5%
[monitor] ['17%', '97%', '82%', '100%']  memcached=16.7%
[monitor] ['13%', '100%', '79%', '98%']  memcached=13.0%
[monitor] ['17%', '95%', '85%', '100%']  memcached=16.7%
[monitor] ['12%', '97%', '85%', '100%']  memcached=12.5%
[monitor] ['5%', '95%', '82%', '100%']  memcached=4.5%
[monitor] ['12%', '95%', '82%', '100%']  memcached=12.5%
[monitor] ['16%', '98%', '79%', '100%']  memcached=16.0%
[monitor] ['23%', '95%', '83%', '100%']  memcached=23.1%
[monitor] ['9%', '98%', '82%', '100%']  memcached=8.7%
[monitor] ['9%', '95%', '79%', '100%']  memcached=8.7%
[monitor] ['9%', '95%', '82%', '100%']  memcached=8.7%
[monitor] ['16%', '98%', '80%', '100%']  memcached=16.0%
[monitor] ['12%', '98%', '79%', '100%']  memcached=12.5%
[monitor] ['8%', '98%', '82%', '100%']  memcached=8.3%
[monitor] ['13%', '98%', '85%', '100%']  memcached=13.0%
[monitor] ['9%', '97%', '80%', '100%']  memcached=8.7%
[monitor] ['20%', '98%', '82%', '100%']  memcached=20.0%
[monitor] ['9%', '98%', '82%', '100%']  memcached=9.1%
[monitor] ['28%', '95%', '82%', '100%']  memcached=28.0%
[monitor] ['100%', '90%', '79%', '100%']  memcached=100.0%
[MEMCACHED] cores updated to: ['0', '1', '2']
[streamcluster] cores updated to: [3]
[monitor] ['40%', '41%', '45%', '100%']  memcached=126.5%
[MEMCACHED] cores updated to: ['0', '2']
[streamcluster] cores updated to: [1, 3]
[monitor] ['60%', '98%', '74%', '100%']  memcached=134.2%
[monitor] ['58%', '97%', '68%', '100%']  memcached=125.8%
[monitor] ['59%', '97%', '69%', '100%']  memcached=128.1%
[monitor] ['63%', '93%', '71%', '100%']  memcached=134.3%
[monitor] ['61%', '100%', '69%', '100%']  memcached=129.4%
[monitor] ['65%', '98%', '72%', '100%']  memcached=136.4%
[monitor] ['55%', '95%', '69%', '98%']  memcached=123.9%
[monitor] ['57%', '95%', '66%', '100%']  memcached=122.3%
[monitor] ['57%', '98%', '68%', '100%']  memcached=124.4%
[monitor] ['76%', '97%', '82%', '100%']  memcached=158.8%
[monitor] ['60%', '95%', '70%', '100%']  memcached=129.7%
[monitor] ['59%', '97%', '73%', '100%']  memcached=131.3%
[monitor] ['60%', '95%', '70%', '100%']  memcached=129.7%
[monitor] ['65%', '97%', '72%', '100%']  memcached=136.4%
[monitor] ['63%', '97%', '68%', '98%']  memcached=131.1%
[monitor] ['64%', '95%', '72%', '100%']  memcached=135.5%
[monitor] ['66%', '98%', '65%', '100%']  memcached=130.1%
[monitor] ['60%', '95%', '69%', '100%']  memcached=128.8%
[monitor] ['60%', '98%', '68%', '100%']  memcached=127.7%
[monitor] ['69%', '98%', '73%', '100%']  memcached=141.5%
[monitor] ['66%', '95%', '71%', '100%']  memcached=137.1%
[monitor] ['65%', '97%', '66%', '98%']  memcached=130.0%
[monitor] ['62%', '98%', '66%', '100%']  memcached=128.1%
[monitor] ['65%', '95%', '69%', '100%']  memcached=133.3%
[monitor] ['62%', '95%', '65%', '100%']  memcached=126.6%
[monitor] ['65%', '98%', '71%', '98%']  memcached=135.1%
[monitor] ['65%', '95%', '70%', '100%']  memcached=134.2%
[monitor] ['63%', '98%', '69%', '100%']  memcached=132.1%
[monitor] ['63%', '97%', '65%', '100%']  memcached=127.8%
[monitor] ['65%', '95%', '61%', '100%']  memcached=125.8%
[monitor] ['62%', '98%', '62%', '98%']  memcached=124.6%
[monitor] ['66%', '98%', '66%', '100%']  memcached=131.2%
[monitor] ['66%', '98%', '61%', '100%']  memcached=126.9%
[monitor] ['65%', '95%', '60%', '100%']  memcached=124.5%
[monitor] ['57%', '98%', '58%', '100%']  memcached=115.2%
[monitor] ['44%', '97%', '45%', '100%']  memcached=89.3%
[monitor] ['42%', '95%', '36%', '98%']  memcached=78.3%
[MEMCACHED] cores updated to: ['0']
[streamcluster] cores updated to: [1, 2, 3]
[monitor] ['95%', '92%', '82%', '100%']  memcached=94.7%
[MEMCACHED] cores updated to: ['0', '3']
[streamcluster] cores updated to: [1, 2]
[monitor] ['48%', '98%', '90%', '62%']  memcached=110.6%
[monitor] ['52%', '100%', '92%', '57%']  memcached=108.4%
[monitor] ['50%', '95%', '98%', '67%']  memcached=116.7%
[monitor] ['48%', '95%', '95%', '57%']  memcached=104.9%
[monitor] ['38%', '92%', '97%', '52%']  memcached=90.3%
[monitor] ['46%', '98%', '95%', '58%']  memcached=104.0%
[monitor] ['45%', '95%', '95%', '57%']  memcached=101.5%
[monitor] ['46%', '95%', '98%', '65%']  memcached=111.1%
[monitor] ['48%', '98%', '95%', '55%']  memcached=103.4%
[monitor] ['52%', '97%', '95%', '62%']  memcached=113.5%
[monitor] ['54%', '95%', '98%', '65%']  memcached=118.3%
[monitor] ['46%', '98%', '92%', '63%']  memcached=109.8%
[monitor] ['48%', '95%', '95%', '56%']  memcached=104.5%
[monitor] ['48%', '100%', '97%', '67%']  memcached=114.8%
[monitor] ['46%', '97%', '90%', '60%']  memcached=106.4%
[monitor] ['52%', '98%', '92%', '55%']  memcached=106.6%
[monitor] ['48%', '97%', '95%', '58%']  memcached=106.2%
[monitor] ['45%', '95%', '97%', '54%']  memcached=98.4%
[monitor] ['48%', '95%', '98%', '55%']  memcached=103.1%
[monitor] ['46%', '98%', '95%', '55%']  memcached=101.3%
[monitor] ['52%', '95%', '98%', '62%']  memcached=114.1%
[monitor] ['48%', '95%', '95%', '57%']  memcached=104.8%
[monitor] ['50%', '97%', '92%', '62%']  memcached=111.8%
[monitor] ['60%', '97%', '90%', '76%']  memcached=136.5%
[monitor] ['46%', '95%', '93%', '58%']  memcached=104.5%
[monitor] ['50%', '95%', '100%', '57%']  memcached=106.7%
[monitor] ['46%', '98%', '95%', '62%']  memcached=108.9%
[monitor] ['46%', '95%', '92%', '62%']  memcached=108.9%
[monitor] ['46%', '95%', '97%', '56%']  memcached=102.7%
[monitor] ['58%', '95%', '97%', '67%']  memcached=124.7%
[monitor] ['48%', '95%', '97%', '53%']  memcached=101.5%
[monitor] ['54%', '98%', '92%', '55%']  memcached=108.7%
[monitor] ['60%', '95%', '95%', '58%']  memcached=118.1%
[monitor] ['37%', '95%', '95%', '42%']  memcached=79.3%
[MEMCACHED] cores updated to: ['0']
[streamcluster] cores updated to: [1, 2, 3]
[monitor] ['66%', '95%', '79%', '100%']  memcached=65.5%
[monitor] ['70%', '92%', '82%', '100%']  memcached=70.0%
[monitor] ['74%', '95%', '82%', '100%']  memcached=74.2%
[monitor] ['71%', '92%', '82%', '100%']  memcached=71.4%
[monitor] ['64%', '95%', '79%', '100%']  memcached=64.3%
[monitor] ['70%', '95%', '82%', '100%']  memcached=70.0%
[monitor] ['73%', '92%', '79%', '100%']  memcached=73.3%
[monitor] ['76%', '95%', '82%', '100%']  memcached=76.5%
[monitor] ['69%', '92%', '79%', '100%']  memcached=69.0%
[monitor] ['69%', '95%', '82%', '100%']  memcached=69.0%
[monitor] ['73%', '92%', '77%', '100%']  memcached=73.3%
[monitor] ['70%', '95%', '79%', '100%']  memcached=70.0%
[monitor] ['68%', '95%', '82%', '100%']  memcached=67.9%
[monitor] ['70%', '95%', '77%', '100%']  memcached=70.0%
[monitor] ['72%', '93%', '82%', '100%']  memcached=71.9%
[monitor] ['67%', '95%', '80%', '100%']  memcached=66.7%
[monitor] ['77%', '92%', '82%', '100%']  memcached=77.4%
[monitor] ['74%', '90%', '85%', '97%']  memcached=74.2%
[monitor] ['70%', '92%', '79%', '100%']  memcached=70.0%
[monitor] ['70%', '92%', '71%', '100%']  memcached=70.0%
[monitor] ['79%', '95%', '82%', '100%']  memcached=78.8%
[monitor] ['79%', '95%', '89%', '100%']  memcached=78.8%
[monitor] ['77%', '93%', '88%', '100%']  memcached=77.4%
[monitor] ['69%', '93%', '80%', '100%']  memcached=69.0%
[monitor] ['71%', '95%', '82%', '100%']  memcached=71.0%
[monitor] ['69%', '95%', '85%', '100%']  memcached=69.0%
[monitor] ['67%', '95%', '82%', '100%']  memcached=66.7%
[monitor] ['58%', '31%', '25%', '100%']  memcached=57.7%
[monitor] ['72%', '85%', '72%', '100%']  memcached=71.9%
[monitor] ['74%', '90%', '85%', '100%']  memcached=74.2%
[monitor] ['71%', '92%', '74%', '98%']  memcached=71.0%
[monitor] ['66%', '95%', '79%', '100%']  memcached=65.5%
[monitor] ['74%', '95%', '85%', '100%']  memcached=74.2%
[monitor] ['70%', '95%', '82%', '100%']  memcached=70.0%
[monitor] ['73%', '92%', '82%', '100%']  memcached=73.3%
[monitor] ['68%', '95%', '82%', '100%']  memcached=67.9%
[monitor] ['79%', '95%', '85%', '100%']  memcached=79.4%
[monitor] ['82%', '92%', '85%', '100%']  memcached=81.8%
[monitor] ['79%', '95%', '79%', '100%']  memcached=79.4%
[monitor] ['81%', '92%', '87%', '100%']  memcached=81.2%
[monitor] ['82%', '95%', '85%', '100%']  memcached=81.8%
[monitor] ['85%', '92%', '82%', '100%']  memcached=84.8%
[monitor] ['81%', '95%', '78%', '100%']  memcached=80.6%
[monitor] ['79%', '95%', '85%', '100%']  memcached=78.8%
[monitor] ['83%', '93%', '82%', '100%']  memcached=82.9%
[monitor] ['85%', '95%', '82%', '100%']  memcached=84.8%
[monitor] ['82%', '95%', '82%', '98%']  memcached=82.4%
[monitor] ['82%', '95%', '66%', '100%']  memcached=81.8%
[monitor] ['79%', '92%', '82%', '100%']  memcached=78.8%
[monitor] ['85%', '95%', '87%', '100%']  memcached=85.3%
[MEMCACHED] cores updated to: ['0', '1']
[streamcluster] cores updated to: [2, 3]
[monitor] ['36%', '40%', '95%', '95%']  memcached=75.7%
[MEMCACHED] cores updated to: ['0']
[streamcluster] cores updated to: [1, 2, 3]
[monitor] ['85%', '93%', '87%', '100%']  memcached=84.8%
[monitor] ['76%', '95%', '85%', '100%']  memcached=75.8%
[monitor] ['85%', '92%', '82%', '100%']  memcached=85.3%
[MEMCACHED] cores updated to: ['0', '2']
[streamcluster] cores updated to: [1, 3]
[monitor] ['32%', '100%', '35%', '100%']  memcached=66.6%
[MEMCACHED] cores updated to: ['0']
[streamcluster] cores updated to: [1, 2, 3]
[monitor] ['83%', '95%', '85%', '100%']  memcached=82.9%
[monitor] ['79%', '92%', '88%', '100%']  memcached=79.4%
[monitor] ['86%', '95%', '82%', '100%']  memcached=86.1%
[MEMCACHED] cores updated to: ['0', '3']
[streamcluster] cores updated to: [1, 2]
[monitor] ['39%', '98%', '98%', '55%']  memcached=94.1%
[monitor] ['41%', '95%', '98%', '43%']  memcached=84.2%
[monitor] ['37%', '98%', '95%', '50%']  memcached=87.0%
[monitor] ['41%', '95%', '95%', '48%']  memcached=89.7%
[monitor] ['33%', '98%', '92%', '43%']  memcached=76.7%
[MEMCACHED] cores updated to: ['0']
[streamcluster] cores updated to: [1, 2, 3]
[monitor] ['86%', '85%', '85%', '92%']  memcached=85.7%
[MEMCACHED] cores updated to: ['0', '1']
[streamcluster] cores updated to: [2, 3]
[monitor] ['33%', '37%', '95%', '98%']  memcached=70.4%
[MEMCACHED] cores updated to: ['0']
[streamcluster] cores updated to: [1, 2, 3]
[monitor] ['83%', '92%', '78%', '100%']  memcached=82.9%
[monitor] ['89%', '87%', '89%', '95%']  memcached=88.9%
[MEMCACHED] cores updated to: ['0', '2']
[streamcluster] cores updated to: [1, 3]
[monitor] ['31%', '95%', '39%', '100%']  memcached=70.1%
[MEMCACHED] cores updated to: ['0']
[streamcluster] cores updated to: [1, 2, 3]
[monitor] ['83%', '95%', '87%', '100%']  memcached=82.9%
[monitor] ['86%', '92%', '87%', '100%']  memcached=85.7%
[MEMCACHED] cores updated to: ['0', '3']
[streamcluster] cores updated to: [1, 2]
[monitor] ['53%', '95%', '97%', '59%']  memcached=112.7%
[monitor] ['34%', '97%', '95%', '41%']  memcached=75.2%
[MEMCACHED] cores updated to: ['0']
[streamcluster] cores updated to: [1, 2, 3]
[monitor] ['42%', '95%', '82%', '98%']  memcached=41.7%
[monitor] ['56%', '92%', '90%', '98%']  memcached=55.6%
[monitor] ['50%', '95%', '85%', '100%']  memcached=50.0%
[monitor] ['48%', '95%', '85%', '100%']  memcached=48.0%
[monitor] ['38%', '95%', '82%', '100%']  memcached=37.5%
[monitor] ['46%', '95%', '85%', '98%']  memcached=45.8%
[monitor] ['40%', '95%', '85%', '100%']  memcached=40.0%
[monitor] ['42%', '92%', '82%', '100%']  memcached=41.7%
[monitor] ['46%', '90%', '88%', '95%']  memcached=46.2%
[monitor] ['46%', '95%', '87%', '100%']  memcached=46.2%
[monitor] ['38%', '95%', '88%', '100%']  memcached=37.5%
[monitor] ['40%', '95%', '85%', '100%']  memcached=40.0%
[monitor] ['46%', '92%', '92%', '100%']  memcached=45.8%
[monitor] ['44%', '95%', '87%', '95%']  memcached=44.0%
[monitor] ['42%', '95%', '82%', '100%']  memcached=41.7%
[monitor] ['44%', '95%', '79%', '100%']  memcached=44.0%
[monitor] ['35%', '92%', '82%', '100%']  memcached=34.8%
[monitor] ['46%', '95%', '80%', '100%']  memcached=46.2%
[monitor] ['32%', '97%', '85%', '100%']  memcached=31.8%
[monitor] ['38%', '95%', '82%', '100%']  memcached=37.5%
[monitor] ['39%', '95%', '79%', '100%']  memcached=39.1%
[monitor] ['46%', '95%', '72%', '100%']  memcached=46.2%
[monitor] ['40%', '95%', '79%', '100%']  memcached=40.0%
[monitor] ['30%', '95%', '80%', '100%']  memcached=30.4%
[monitor] ['35%', '97%', '82%', '100%']  memcached=34.8%
[monitor] ['40%', '95%', '82%', '100%']  memcached=40.0%
[monitor] ['42%', '97%', '82%', '100%']  memcached=41.7%
[monitor] ['42%', '92%', '85%', '98%']  memcached=41.7%
[monitor] ['35%', '95%', '80%', '100%']  memcached=34.8%
[monitor] ['48%', '95%', '87%', '100%']  memcached=48.0%
[monitor] ['36%', '95%', '77%', '100%']  memcached=36.0%
[monitor] ['44%', '97%', '85%', '100%']  memcached=44.0%
[monitor] ['35%', '95%', '79%', '100%']  memcached=34.8%
[monitor] ['32%', '95%', '80%', '100%']  memcached=31.8%
[monitor] ['36%', '95%', '79%', '100%']  memcached=36.0%
[monitor] ['40%', '95%', '80%', '100%']  memcached=40.0%
[monitor] ['64%', '95%', '79%', '100%']  memcached=64.3%
[monitor] ['100%', '87%', '79%', '98%']  memcached=100.0%
[MEMCACHED] cores updated to: ['0', '1', '2']
[streamcluster] cores updated to: [3]
[monitor] ['34%', '32%', '32%', '100%']  memcached=98.8%
[MEMCACHED] cores updated to: ['0', '2']
[streamcluster] cores updated to: [1, 3]
[monitor] ['48%', '100%', '56%', '100%']  memcached=103.7%
[monitor] ['54%', '95%', '57%', '100%']  memcached=110.7%
[monitor] ['66%', '98%', '73%', '100%']  memcached=138.4%
[monitor] ['54%', '97%', '62%', '100%']  memcached=116.1%
[monitor] ['57%', '95%', '59%', '98%']  memcached=115.3%
[monitor] ['50%', '95%', '56%', '100%']  memcached=105.6%
[monitor] ['55%', '95%', '61%', '100%']  memcached=116.5%
[monitor] ['57%', '98%', '57%', '100%']  memcached=113.8%
[monitor] ['52%', '95%', '61%', '100%']  memcached=113.1%
[monitor] ['52%', '95%', '66%', '100%']  memcached=117.5%
[monitor] ['57%', '98%', '57%', '98%']  memcached=114.3%
[monitor] ['53%', '95%', '54%', '100%']  memcached=106.9%
[monitor] ['55%', '98%', '57%', '100%']  memcached=111.8%
[monitor] ['59%', '98%', '60%', '100%']  memcached=118.6%
[monitor] ['57%', '97%', '59%', '100%']  memcached=115.3%
[monitor] ['57%', '98%', '62%', '100%']  memcached=119.2%
[monitor] ['52%', '95%', '63%', '100%']  memcached=115.1%
[monitor] ['48%', '95%', '65%', '98%']  memcached=112.7%
[monitor] ['50%', '98%', '62%', '100%']  memcached=112.1%
[monitor] ['53%', '98%', '63%', '100%']  memcached=116.7%
[monitor] ['45%', '98%', '65%', '100%']  memcached=109.3%
[monitor] ['65%', '98%', '76%', '100%']  memcached=140.3%
[monitor] ['53%', '95%', '68%', '100%']  memcached=121.1%
[monitor] ['50%', '98%', '63%', '98%']  memcached=113.3%
[monitor] ['55%', '97%', '68%', '100%']  memcached=122.6%
[monitor] ['60%', '98%', '64%', '100%']  memcached=123.6%
[monitor] ['58%', '98%', '58%', '100%']  memcached=116.1%
[monitor] ['57%', '97%', '57%', '100%']  memcached=113.3%
[monitor] ['59%', '97%', '58%', '100%']  memcached=116.7%
[monitor] ['58%', '95%', '61%', '100%']  memcached=118.7%
[monitor] ['58%', '95%', '57%', '100%']  memcached=114.7%
[monitor] ['61%', '97%', '61%', '100%']  memcached=122.6%
[monitor] ['54%', '97%', '57%', '100%']  memcached=110.2%
[monitor] ['55%', '98%', '59%', '100%']  memcached=114.5%
[monitor] ['62%', '98%', '60%', '98%']  memcached=122.5%
[monitor] ['69%', '98%', '62%', '100%']  memcached=131.2%
[monitor] ['67%', '95%', '69%', '100%']  memcached=135.4%
[monitor] ['71%', '97%', '69%', '100%']  memcached=139.3%
[monitor] ['69%', '97%', '66%', '100%']  memcached=134.4%
[monitor] ['65%', '95%', '70%', '100%']  memcached=134.2%
[monitor] ['69%', '98%', '69%', '100%']  memcached=137.3%
[monitor] ['63%', '97%', '69%', '100%']  memcached=132.1%
[monitor] ['73%', '95%', '71%', '100%']  memcached=144.2%
[monitor] ['70%', '95%', '71%', '100%']  memcached=140.7%
[monitor] ['69%', '95%', '66%', '100%']  memcached=134.4%
[monitor] ['68%', '95%', '67%', '100%']  memcached=134.4%
[monitor] ['72%', '95%', '74%', '100%']  memcached=145.4%
[monitor] ['77%', '97%', '80%', '98%']  memcached=157.1%
[monitor] ['69%', '95%', '67%', '100%']  memcached=135.4%
[monitor] ['63%', '97%', '63%', '100%']  memcached=126.7%
[monitor] ['66%', '12%', '65%', '100%']  memcached=130.1%
[monitor] ['65%', '92%', '67%', '97%']  memcached=131.2%
[monitor] ['71%', '92%', '73%', '98%']  memcached=143.7%
[monitor] ['67%', '98%', '70%', '97%']  memcached=136.4%
[monitor] ['72%', '97%', '69%', '100%']  memcached=140.6%
[monitor] ['70%', '95%', '70%', '100%']  memcached=139.4%
[monitor] ['68%', '98%', '65%', '100%']  memcached=132.3%
[monitor] ['77%', '97%', '74%', '100%']  memcached=150.7%
[monitor] ['92%', '95%', '89%', '100%']  memcached=180.9%
[MEMCACHED] cores updated to: ['0', '2', '3']
[streamcluster] cores updated to: [1]
[monitor] ['48%', '100%', '47%', '58%']  memcached=153.1%
[MEMCACHED] cores updated to: ['0', '3']
[streamcluster] cores updated to: [1, 2]
[monitor] ['75%', '95%', '92%', '83%']  memcached=157.9%
[monitor] ['77%', '100%', '92%', '86%']  memcached=163.3%
[monitor] ['72%', '92%', '92%', '86%']  memcached=158.0%
[monitor] ['76%', '95%', '95%', '86%']  memcached=162.2%
[monitor] ['76%', '97%', '92%', '81%']  memcached=157.6%
[monitor] ['71%', '98%', '92%', '86%']  memcached=157.1%
[monitor] ['82%', '90%', '95%', '87%']  memcached=169.5%
[monitor] ['73%', '98%', '95%', '86%']  memcached=159.2%
[monitor] ['73%', '92%', '97%', '86%']  memcached=158.8%
[monitor] ['75%', '97%', '95%', '84%']  memcached=159.2%
[monitor] ['71%', '97%', '95%', '86%']  memcached=156.7%
[monitor] ['44%', '95%', '98%', '58%']  memcached=102.5%
[monitor] ['46%', '97%', '98%', '58%']  memcached=104.5%
[monitor] ['44%', '95%', '97%', '62%']  memcached=106.2%
[monitor] ['41%', '98%', '95%', '50%']  memcached=90.7%
[monitor] ['41%', '97%', '95%', '52%']  memcached=92.5%
[monitor] ['41%', '93%', '95%', '53%']  memcached=94.1%
[monitor] ['43%', '97%', '97%', '53%']  memcached=96.0%
[monitor] ['50%', '95%', '98%', '55%']  memcached=104.8%
[monitor] ['48%', '95%', '95%', '58%']  memcached=106.3%
[monitor] ['48%', '98%', '95%', '57%']  memcached=104.9%
[monitor] ['39%', '95%', '97%', '56%']  memcached=95.5%
[monitor] ['43%', '98%', '98%', '52%']  memcached=94.6%
[monitor] ['50%', '95%', '95%', '59%']  memcached=109.4%
[monitor] ['52%', '98%', '98%', '58%']  memcached=109.9%
[monitor] ['46%', '95%', '98%', '52%']  memcached=97.8%
[monitor] ['48%', '95%', '98%', '57%']  memcached=104.9%
[monitor] ['50%', '98%', '95%', '55%']  memcached=105.2%
[monitor] ['52%', '98%', '95%', '50%']  memcached=101.7%
[monitor] ['52%', '95%', '100%', '58%']  memcached=109.8%
[monitor] ['54%', '98%', '95%', '48%']  memcached=102.0%
[monitor] ['50%', '92%', '97%', '58%']  memcached=108.1%
[monitor] ['54%', '98%', '92%', '50%']  memcached=103.6%
[monitor] ['59%', '93%', '100%', '53%']  memcached=111.7%
[monitor] ['50%', '95%', '97%', '55%']  memcached=104.5%
[monitor] ['52%', '92%', '95%', '47%']  memcached=98.4%
[monitor] ['53%', '98%', '92%', '64%']  memcached=117.0%
[monitor] ['54%', '98%', '92%', '45%']  memcached=98.4%
[monitor] ['54%', '95%', '95%', '56%']  memcached=109.8%
[monitor] ['48%', '95%', '100%', '52%']  memcached=99.8%
[monitor] ['59%', '97%', '95%', '48%']  memcached=106.9%
[monitor] ['50%', '100%', '95%', '59%']  memcached=109.4%
[monitor] ['55%', '95%', '97%', '48%']  memcached=103.4%
[monitor] ['52%', '95%', '95%', '62%']  memcached=114.4%
[monitor] ['53%', '95%', '97%', '53%']  memcached=106.5%
[monitor] ['53%', '92%', '98%', '55%']  memcached=108.2%
[monitor] ['37%', '95%', '97%', '53%']  memcached=90.2%
[monitor] ['53%', '95%', '95%', '50%']  memcached=103.3%
[monitor] ['45%', '98%', '100%', '48%']  memcached=93.1%
[monitor] ['42%', '97%', '93%', '50%']  memcached=92.3%
[monitor] ['45%', '95%', '95%', '50%']  memcached=94.8%
[monitor] ['61%', '100%', '95%', '74%']  memcached=134.8%
[monitor] ['69%', '95%', '98%', '58%']  memcached=126.8%
[monitor] ['42%', '97%', '92%', '59%']  memcached=101.1%
[monitor] ['50%', '95%', '98%', '50%']  memcached=100.0%
[monitor] ['48%', '97%', '95%', '45%']  memcached=93.0%
[monitor] ['43%', '92%', '98%', '59%']  memcached=102.2%
[monitor] ['42%', '98%', '95%', '45%']  memcached=87.5%
[monitor] ['58%', '90%', '100%', '58%']  memcached=116.1%
[monitor] ['46%', '95%', '97%', '43%']  memcached=89.3%
[monitor] ['42%', '95%', '95%', '45%']  memcached=87.5%
[monitor] ['39%', '97%', '97%', '47%']  memcached=86.0%
[monitor] ['52%', '95%', '92%', '45%']  memcached=96.6%
[monitor] ['41%', '98%', '98%', '47%']  memcached=88.0%
[monitor] ['48%', '98%', '95%', '48%']  memcached=96.7%
[monitor] ['48%', '100%', '95%', '50%']  memcached=98.3%
[monitor] ['42%', '92%', '95%', '48%']  memcached=90.5%
[monitor] ['52%', '98%', '93%', '48%']  memcached=100.1%
[monitor] ['50%', '95%', '87%', '68%']  memcached=117.7%
[monitor] ['46%', '95%', '100%', '48%']  memcached=94.7%
[monitor] ['65%', '95%', '95%', '57%']  memcached=121.2%
[monitor] ['45%', '95%', '97%', '53%']  memcached=98.2%
[monitor] ['42%', '98%', '93%', '43%']  memcached=85.6%
[monitor] ['39%', '97%', '95%', '53%']  memcached=92.6%
[monitor] ['40%', '92%', '97%', '48%']  memcached=88.3%
[monitor] ['47%', '98%', '95%', '45%']  memcached=91.5%
[monitor] ['50%', '98%', '98%', '60%']  memcached=110.0%
[monitor] ['50%', '95%', '95%', '47%']  memcached=96.9%
[monitor] ['38%', '97%', '95%', '65%']  memcached=103.0%
[monitor] ['44%', '95%', '95%', '41%']  memcached=85.8%
[monitor] ['44%', '95%', '95%', '52%']  memcached=96.1%
[monitor] ['48%', '95%', '92%', '54%']  memcached=101.8%
[monitor] ['50%', '97%', '95%', '55%']  memcached=104.5%
[monitor] ['48%', '95%', '97%', '58%']  memcached=106.3%
[monitor] ['46%', '100%', '95%', '50%']  memcached=96.4%
[monitor] ['86%', '93%', '90%', '83%']  memcached=169.4%
[monitor] ['97%', '87%', '85%', '100%']  memcached=197.4%
[MEMCACHED] cores updated to: ['0', '1', '3']
[streamcluster] cores updated to: [2]
[monitor] ['66%', '76%', '100%', '92%']  memcached=234.4%
[monitor] ['67%', '89%', '100%', '100%']  memcached=255.9%
[monitor] ['69%', '83%', '100%', '100%']  memcached=251.6%
[monitor] ['66%', '72%', '100%', '92%']  memcached=229.8%
[monitor] ['66%', '73%', '100%', '84%']  memcached=222.4%
[monitor] ['66%', '73%', '100%', '85%']  memcached=223.4%
[monitor] ['70%', '75%', '100%', '83%']  memcached=227.6%
[monitor] ['71%', '76%', '100%', '89%']  memcached=236.9%
[monitor] ['68%', '74%', '100%', '87%']  memcached=228.4%
[monitor] ['68%', '73%', '100%', '87%']  memcached=227.3%
[monitor] ['65%', '71%', '100%', '84%']  memcached=218.9%
[monitor] ['68%', '74%', '100%', '85%']  memcached=225.9%
[monitor] ['67%', '69%', '100%', '85%']  memcached=220.0%
[monitor] ['68%', '74%', '100%', '84%']  memcached=225.5%
[monitor] ['72%', '92%', '100%', '98%']  memcached=261.3%
[monitor] ['72%', '84%', '100%', '97%']  memcached=253.5%
[monitor] ['73%', '80%', '100%', '100%']  memcached=252.7%
[monitor] ['70%', '75%', '100%', '85%']  memcached=229.3%
[monitor] ['73%', '77%', '100%', '87%']  memcached=237.0%
[monitor] ['68%', '73%', '100%', '84%']  memcached=224.7%
[monitor] ['69%', '71%', '100%', '85%']  memcached=224.8%
[monitor] ['66%', '70%', '100%', '87%']  memcached=222.2%
[monitor] ['71%', '75%', '100%', '87%']  memcached=232.8%
[monitor] ['67%', '77%', '100%', '89%']  memcached=233.0%
[monitor] ['66%', '70%', '100%', '82%']  memcached=216.9%
[monitor] ['69%', '71%', '100%', '83%']  memcached=223.5%
[monitor] ['66%', '73%', '100%', '84%']  memcached=222.1%
[monitor] ['70%', '71%', '100%', '87%']  memcached=227.5%
[monitor] ['61%', '70%', '100%', '87%']  memcached=217.8%
[monitor] ['65%', '73%', '100%', '82%']  memcached=218.8%
[monitor] ['69%', '72%', '100%', '84%']  memcached=225.0%
[monitor] ['69%', '70%', '100%', '87%']  memcached=225.3%
[monitor] ['64%', '74%', '100%', '86%']  memcached=223.3%
[monitor] ['71%', '73%', '100%', '89%']  memcached=232.5%
[monitor] ['76%', '76%', '100%', '90%']  memcached=241.9%
[monitor] ['20%', '11%', '100%', '14%']  memcached=45.3%
[MEMCACHED] cores updated to: ['0']
[streamcluster] cores updated to: [3, 1, 2]
[monitor] ['9%', '100%', '79%', '98%']  memcached=8.6%
[monitor] ['6%', '98%', '78%', '100%']  memcached=5.7%
[monitor] ['14%', '100%', '80%', '100%']  memcached=14.3%
[monitor] ['8%', '98%', '79%', '100%']  memcached=8.3%
[monitor] ['9%', '100%', '85%', '100%']  memcached=8.6%
[monitor] ['6%', '98%', '78%', '100%']  memcached=5.9%
[monitor] ['6%', '100%', '59%', '100%']  memcached=5.7%
[monitor] ['9%', '98%', '76%', '100%']  memcached=8.6%
[monitor] ['6%', '100%', '79%', '100%']  memcached=5.7%
[monitor] ['6%', '98%', '78%', '100%']  memcached=5.9%
[monitor] ['6%', '100%', '78%', '100%']  memcached=5.7%
[monitor] ['9%', '98%', '78%', '100%']  memcached=8.6%
[monitor] ['15%', '100%', '78%', '100%']  memcached=15.4%
[monitor] ['8%', '98%', '78%', '100%']  memcached=8.3%
[monitor] ['6%', '100%', '80%', '100%']  memcached=5.7%
[monitor] ['6%', '98%', '80%', '100%']  memcached=5.9%
[monitor] ['9%', '88%', '87%', '90%']  memcached=8.6%
[monitor] ['3%', '100%', '80%', '100%']  memcached=3.0%
[monitor] ['9%', '100%', '56%', '100%']  memcached=8.6%
[monitor] ['3%', '98%', '78%', '98%']  memcached=2.9%
[monitor] ['6%', '100%', '80%', '100%']  memcached=5.9%
[monitor] ['9%', '98%', '79%', '100%']  memcached=8.6%
[monitor] ['8%', '100%', '80%', '100%']  memcached=8.3%
[monitor] ['9%', '98%', '80%', '100%']  memcached=8.6%
[monitor] ['11%', '100%', '79%', '100%']  memcached=11.1%
[monitor] ['3%', '98%', '78%', '100%']  memcached=2.9%
[monitor] ['11%', '98%', '77%', '100%']  memcached=10.8%
[monitor] ['11%', '100%', '82%', '100%']  memcached=11.4%
[monitor] ['9%', '98%', '80%', '100%']  memcached=8.6%
[monitor] ['6%', '100%', '79%', '100%']  memcached=5.7%
[monitor] ['6%', '98%', '76%', '100%']  memcached=5.9%
[monitor] ['3%', '97%', '63%', '100%']  memcached=3.0%
[monitor] ['14%', '97%', '49%', '100%']  memcached=13.9%
[monitor] ['3%', '98%', '78%', '100%']  memcached=3.0%
[monitor] ['13%', '100%', '82%', '100%']  memcached=13.2%
[monitor] ['6%', '98%', '78%', '100%']  memcached=5.9%
[monitor] ['9%', '98%', '82%', '100%']  memcached=9.4%
[monitor] ['7%', '98%', '82%', '100%']  memcached=7.1%
[monitor] ['7%', '100%', '79%', '100%']  memcached=7.1%
[monitor] ['4%', '98%', '78%', '100%']  memcached=3.6%
[monitor] ['13%', '98%', '85%', '100%']  memcached=13.3%
[monitor] ['7%', '98%', '82%', '100%']  memcached=7.1%
[monitor] ['7%', '98%', '80%', '100%']  memcached=7.1%
[monitor] ['10%', '98%', '82%', '100%']  memcached=10.0%
[monitor] ['7%', '98%', '85%', '98%']  memcached=7.1%
[monitor] ['13%', '98%', '82%', '100%']  memcached=13.3%
[monitor] ['8%', '87%', '90%', '87%']  memcached=7.7%
[monitor] ['10%', '98%', '80%', '100%']  memcached=10.0%
[monitor] ['7%', '98%', '82%', '100%']  memcached=7.1%
[monitor] ['4%', '98%', '79%', '100%']  memcached=3.7%
[monitor] ['4%', '97%', '82%', '100%']  memcached=3.7%
[monitor] ['4%', '98%', '80%', '100%']  memcached=3.7%
[monitor] ['17%', '98%', '84%', '100%']  memcached=16.7%
[monitor] ['4%', '92%', '95%', '95%']  memcached=3.8%
[monitor] ['10%', '98%', '85%', '100%']  memcached=10.3%
[monitor] ['7%', '100%', '82%', '100%']  memcached=6.9%
[monitor] ['10%', '98%', '85%', '100%']  memcached=10.3%
[monitor] ['7%', '95%', '79%', '98%']  memcached=7.4%
[monitor] ['7%', '42%', '37%', '100%']  memcached=6.7%
[monitor] ['11%', '88%', '85%', '90%']  memcached=10.7%
[monitor] ['7%', '98%', '79%', '98%']  memcached=7.1%
[monitor] ['10%', '100%', '82%', '100%']  memcached=10.3%
[monitor] ['7%', '98%', '82%', '100%']  memcached=7.1%
[monitor] ['4%', '98%', '82%', '100%']  memcached=3.6%
[monitor] ['7%', '98%', '80%', '100%']  memcached=7.1%
[monitor] ['0%', '98%', '80%', '100%']  memcached=0.0%
[monitor] ['10%', '98%', '80%', '100%']  memcached=10.3%
[monitor] ['7%', '100%', '79%', '100%']  memcached=6.9%
[monitor] ['4%', '98%', '80%', '100%']  memcached=3.6%
[monitor] ['7%', '98%', '80%', '100%']  memcached=7.1%
[monitor] ['13%', '98%', '82%', '100%']  memcached=13.3%
[monitor] ['13%', '97%', '77%', '100%']  memcached=13.3%
[monitor] ['7%', '98%', '82%', '100%']  memcached=7.1%
[monitor] ['3%', '100%', '82%', '100%']  memcached=3.2%
[monitor] ['12%', '98%', '80%', '100%']  memcached=11.8%
[monitor] ['14%', '100%', '72%', '98%']  memcached=13.9%
[monitor] ['14%', '98%', '80%', '100%']  memcached=14.3%
[monitor] ['9%', '98%', '82%', '100%']  memcached=9.1%
[monitor] ['3%', '100%', '80%', '100%']  memcached=3.1%
[monitor] ['12%', '98%', '85%', '100%']  memcached=11.8%
[monitor] ['11%', '100%', '80%', '100%']  memcached=11.4%
[monitor] ['9%', '98%', '78%', '100%']  memcached=9.4%
[monitor] ['9%', '100%', '80%', '100%']  memcached=8.6%
[monitor] ['6%', '98%', '82%', '100%']  memcached=6.2%
[monitor] ['9%', '98%', '80%', '100%']  memcached=8.6%
[monitor] ['6%', '100%', '78%', '100%']  memcached=6.2%
[monitor] ['9%', '100%', '79%', '100%']  memcached=8.8%
[monitor] ['6%', '100%', '79%', '100%']  memcached=6.1%
[monitor] ['3%', '98%', '82%', '100%']  memcached=3.2%
[monitor] ['9%', '98%', '80%', '98%']  memcached=8.8%
[monitor] ['6%', '100%', '79%', '100%']  memcached=6.1%
[monitor] ['15%', '100%', '80%', '100%']  memcached=14.7%
[monitor] ['11%', '98%', '87%', '100%']  memcached=11.4%
[monitor] ['6%', '100%', '87%', '100%']  memcached=6.2%
[monitor] ['18%', '98%', '82%', '100%']  memcached=17.6%
[monitor] ['6%', '98%', '80%', '98%']  memcached=6.1%
[monitor] ['9%', '98%', '82%', '100%']  memcached=9.1%
[monitor] ['3%', '97%', '80%', '100%']  memcached=3.1%
[monitor] ['3%', '98%', '82%', '100%']  memcached=3.2%
[monitor] ['6%', '100%', '68%', '100%']  memcached=6.1%
[monitor] ['11%', '98%', '76%', '100%']  memcached=11.4%
[monitor] ['9%', '98%', '79%', '100%']  memcached=9.1%
[monitor] ['17%', '100%', '79%', '100%']  memcached=16.7%
[monitor] ['9%', '98%', '80%', '100%']  memcached=8.8%
[monitor] ['11%', '100%', '82%', '100%']  memcached=11.4%
[monitor] ['6%', '98%', '82%', '100%']  memcached=6.1%
[monitor] ['6%', '98%', '78%', '100%']  memcached=6.1%
[monitor] ['6%', '100%', '79%', '100%']  memcached=6.1%
[monitor] ['9%', '98%', '80%', '100%']  memcached=8.8%
[monitor] ['3%', '98%', '72%', '98%']  memcached=3.2%
[monitor] ['39%', '98%', '85%', '100%']  memcached=39.4%
[monitor] ['82%', '92%', '87%', '100%']  memcached=82.4%
[monitor] ['79%', '92%', '85%', '100%']  memcached=78.8%
[monitor] ['81%', '95%', '82%', '100%']  memcached=81.2%
[monitor] ['75%', '92%', '85%', '100%']  memcached=75.0%
[monitor] ['82%', '93%', '87%', '100%']  memcached=81.8%
[monitor] ['82%', '95%', '87%', '100%']  memcached=82.4%
[monitor] ['85%', '92%', '92%', '98%']  memcached=85.3%
[MEMCACHED] cores updated to: ['0', '2']
[streamcluster] cores updated to: [3, 1]
[monitor] ['33%', '97%', '28%', '100%']  memcached=61.3%
[MEMCACHED] cores updated to: ['0']
[streamcluster] cores updated to: [3, 1, 2]
[monitor] ['79%', '95%', '82%', '100%']  memcached=79.4%
[monitor] ['78%', '92%', '85%', '100%']  memcached=78.1%
[monitor] ['78%', '95%', '85%', '95%']  memcached=78.1%
[monitor] ['78%', '92%', '84%', '100%']  memcached=78.1%
[monitor] ['79%', '92%', '82%', '100%']  memcached=78.8%
[monitor] ['78%', '95%', '85%', '98%']  memcached=78.1%
[monitor] ['82%', '90%', '87%', '100%']  memcached=81.8%
[monitor] ['82%', '92%', '92%', '95%']  memcached=81.8%
[monitor] ['79%', '95%', '85%', '100%']  memcached=79.4%
[monitor] ['82%', '95%', '84%', '100%']  memcached=82.4%
[monitor] ['79%', '93%', '88%', '100%']  memcached=79.4%
[monitor] ['76%', '95%', '82%', '100%']  memcached=75.9%
[monitor] ['80%', '92%', '82%', '100%']  memcached=80.0%
[monitor] ['81%', '95%', '85%', '100%']  memcached=81.2%
[monitor] ['83%', '93%', '79%', '100%']  memcached=82.9%
[monitor] ['79%', '87%', '42%', '100%']  memcached=78.8%
[monitor] ['82%', '95%', '85%', '100%']  memcached=81.8%
[monitor] ['77%', '92%', '82%', '100%']  memcached=77.4%
[monitor] ['79%', '95%', '85%', '100%']  memcached=78.8%
[monitor] ['74%', '92%', '85%', '100%']  memcached=74.2%
[monitor] ['79%', '92%', '87%', '100%']  memcached=79.4%
[monitor] ['78%', '95%', '82%', '100%']  memcached=78.1%
[monitor] ['79%', '92%', '79%', '100%']  memcached=78.8%
[monitor] ['77%', '90%', '82%', '98%']  memcached=77.4%
[monitor] ['75%', '95%', '82%', '100%']  memcached=75.0%
[monitor] ['82%', '92%', '85%', '100%']  memcached=81.8%
[monitor] ['79%', '95%', '82%', '98%']  memcached=79.4%
[monitor] ['78%', '92%', '84%', '100%']  memcached=78.1%
[monitor] ['27%', '95%', '80%', '100%']  memcached=26.7%
[monitor] ['4%', '98%', '80%', '100%']  memcached=3.7%
[monitor] ['4%', '100%', '82%', '100%']  memcached=3.7%
[monitor] ['7%', '98%', '85%', '100%']  memcached=7.4%
[monitor] ['11%', '97%', '78%', '100%']  memcached=10.7%
[monitor] ['7%', '98%', '82%', '100%']  memcached=7.1%
[monitor] ['4%', '98%', '82%', '100%']  memcached=3.7%
[monitor] ['4%', '97%', '93%', '98%']  memcached=4.0%
[monitor] ['11%', '98%', '90%', '100%']  memcached=11.1%
[monitor] ['7%', '98%', '80%', '100%']  memcached=7.1%
[monitor] ['0%', '98%', '80%', '100%']  memcached=0.0%
[monitor] ['7%', '98%', '85%', '100%']  memcached=7.4%
[monitor] ['7%', '98%', '85%', '100%']  memcached=7.4%
[monitor] ['10%', '98%', '79%', '100%']  memcached=10.3%
[monitor] ['4%', '100%', '82%', '100%']  memcached=3.8%
[monitor] ['13%', '98%', '80%', '100%']  memcached=13.3%
[monitor] ['4%', '98%', '80%', '100%']  memcached=3.7%
[monitor] ['10%', '98%', '82%', '100%']  memcached=10.3%
[monitor] ['7%', '98%', '85%', '100%']  memcached=7.4%
[monitor] ['11%', '98%', '80%', '100%']  memcached=10.7%
[monitor] ['7%', '100%', '82%', '100%']  memcached=7.1%
[monitor] ['11%', '95%', '82%', '100%']  memcached=10.7%
[monitor] ['17%', '100%', '80%', '100%']  memcached=17.2%
[monitor] ['7%', '98%', '85%', '100%']  memcached=7.1%
[monitor] ['4%', '98%', '78%', '100%']  memcached=3.7%
[monitor] ['4%', '98%', '80%', '100%']  memcached=3.8%
[monitor] ['7%', '98%', '85%', '98%']  memcached=7.1%
[monitor] ['10%', '98%', '80%', '100%']  memcached=10.3%
[monitor] ['7%', '98%', '85%', '100%']  memcached=7.4%
[monitor] ['14%', '98%', '82%', '100%']  memcached=13.8%
[monitor] ['4%', '98%', '80%', '100%']  memcached=3.8%
[monitor] ['7%', '98%', '82%', '100%']  memcached=7.1%
[monitor] ['4%', '98%', '82%', '100%']  memcached=3.8%
[monitor] ['4%', '97%', '79%', '100%']  memcached=3.7%
[monitor] ['7%', '100%', '80%', '100%']  memcached=7.1%
[monitor] ['7%', '98%', '79%', '100%']  memcached=7.1%
[monitor] ['4%', '98%', '77%', '100%']  memcached=3.7%
[monitor] ['73%', '92%', '82%', '100%']  memcached=73.0%
[monitor] ['100%', '92%', '85%', '100%']  memcached=100.0%
[MEMCACHED] cores updated to: ['0', '1', '3']
[streamcluster] cores updated to: [2]
[monitor] ['73%', '77%', '100%', '92%']  memcached=242.4%
[monitor] ['47%', '52%', '100%', '62%']  memcached=160.9%
[monitor] ['45%', '52%', '100%', '61%']  memcached=157.8%
[MEMCACHED] cores updated to: ['0', '3']
[streamcluster] cores updated to: [1, 2]
[monitor] ['74%', '92%', '100%', '90%']  memcached=163.3%
[monitor] ['79%', '95%', '90%', '92%']  memcached=171.5%
[MEMCACHED] cores updated to: ['0', '2', '3']
[streamcluster] cores updated to: [1]
[monitor] ['52%', '100%', '55%', '66%']  memcached=172.1%
[monitor] ['55%', '100%', '58%', '70%']  memcached=181.8%
[monitor] ['52%', '100%', '53%', '67%']  memcached=171.5%
[monitor] ['52%', '100%', '58%', '75%']  memcached=184.8%
[monitor] ['53%', '100%', '56%', '69%']  memcached=178.3%
[monitor] ['50%', '100%', '53%', '68%']  memcached=171.1%
[monitor] ['48%', '100%', '52%', '71%']  memcached=170.7%
[monitor] ['43%', '100%', '52%', '66%']  memcached=160.1%
[monitor] ['55%', '100%', '59%', '71%']  memcached=184.8%
[monitor] ['50%', '100%', '50%', '68%']  memcached=167.6%
[monitor] ['45%', '100%', '52%', '65%']  memcached=161.3%
[monitor] ['46%', '100%', '52%', '67%']  memcached=164.7%
[monitor] ['47%', '100%', '50%', '67%']  memcached=163.3%
[monitor] ['48%', '100%', '52%', '70%']  memcached=169.8%
[monitor] ['48%', '100%', '50%', '66%']  memcached=164.1%
[monitor] ['46%', '100%', '55%', '68%']  memcached=168.7%
[monitor] ['52%', '100%', '56%', '67%']  memcached=174.5%
[monitor] ['50%', '100%', '55%', '69%']  memcached=173.6%
[monitor] ['53%', '100%', '53%', '67%']  memcached=173.1%
[monitor] ['45%', '100%', '50%', '68%']  memcached=162.6%
[monitor] ['45%', '100%', '48%', '70%']  memcached=162.8%
[monitor] ['52%', '100%', '53%', '67%']  memcached=171.6%
[monitor] ['47%', '100%', '52%', '69%']  memcached=166.9%
[monitor] ['48%', '100%', '55%', '65%']  memcached=167.6%
[monitor] ['47%', '100%', '50%', '62%']  memcached=158.4%
[MEMCACHED] cores updated to: ['0', '3']
[streamcluster] cores updated to: [2, 1]
[monitor] ['69%', '92%', '97%', '87%']  memcached=155.6%
[monitor] ['79%', '95%', '95%', '92%']  memcached=170.9%
[MEMCACHED] cores updated to: ['0', '2', '3']
[streamcluster] cores updated to: [1]
[monitor] ['55%', '100%', '58%', '92%']  memcached=205.2%
[monitor] ['50%', '100%', '55%', '71%']  memcached=175.4%
[monitor] ['41%', '100%', '30%', '38%']  memcached=108.3%
[MEMCACHED] cores updated to: ['0', '3']
[streamcluster] cores updated to: [2, 1]
[monitor] ['19%', '97%', '90%', '3%']  memcached=22.9%
[MEMCACHED] cores updated to: ['0']
[streamcluster] cores updated to: [2, 1, 3]
[monitor] ['4%', '95%', '79%', '100%']  memcached=4.0%
[monitor] ['8%', '98%', '85%', '100%']  memcached=8.0%
[monitor] ['15%', '98%', '85%', '100%']  memcached=14.8%
[monitor] ['8%', '74%', '62%', '98%']  memcached=8.0%
[monitor] ['7%', '52%', '39%', '100%']  memcached=7.1%
[monitor] ['8%', '95%', '80%', '100%']  memcached=7.7%
[monitor] ['12%', '95%', '82%', '100%']  memcached=11.5%
[monitor] ['12%', '100%', '85%', '100%']  memcached=11.5%
[monitor] ['4%', '97%', '84%', '100%']  memcached=4.0%
[monitor] ['8%', '100%', '82%', '100%']  memcached=7.7%
[monitor] ['14%', '98%', '82%', '100%']  memcached=14.3%
[monitor] ['15%', '100%', '79%', '100%']  memcached=14.8%
[monitor] ['4%', '98%', '82%', '100%']  memcached=4.0%
[monitor] ['11%', '98%', '78%', '100%']  memcached=10.7%
[monitor] ['8%', '98%', '85%', '100%']  memcached=8.0%
[monitor] ['4%', '98%', '82%', '100%']  memcached=4.0%
[monitor] ['15%', '100%', '80%', '100%']  memcached=15.4%
[monitor] ['12%', '98%', '85%', '100%']  memcached=11.5%
[monitor] ['16%', '88%', '95%', '92%']  memcached=16.0%
[monitor] ['22%', '95%', '72%', '100%']  memcached=22.2%
[monitor] ['12%', '97%', '79%', '100%']  memcached=11.5%
[monitor] ['12%', '92%', '85%', '98%']  memcached=11.5%
[monitor] ['12%', '93%', '90%', '98%']  memcached=12.0%
[monitor] ['11%', '98%', '85%', '98%']  memcached=10.7%
[monitor] ['8%', '95%', '85%', '100%']  memcached=7.7%
[monitor] ['8%', '97%', '85%', '100%']  memcached=7.7%
[monitor] ['15%', '95%', '82%', '100%']  memcached=14.8%
[monitor] ['15%', '98%', '72%', '100%']  memcached=15.4%
[monitor] ['18%', '98%', '72%', '100%']  memcached=17.9%
[monitor] ['8%', '95%', '85%', '100%']  memcached=7.7%
[monitor] ['8%', '97%', '82%', '100%']  memcached=8.0%
[monitor] ['15%', '95%', '80%', '100%']  memcached=14.8%
[monitor] ['0%', '100%', '82%', '100%']  memcached=0.0%
[monitor] ['4%', '93%', '82%', '100%']  memcached=4.2%
[monitor] ['4%', '95%', '82%', '100%']  memcached=3.8%
[monitor] ['69%', '92%', '80%', '100%']  memcached=68.6%
[monitor] ['100%', '92%', '90%', '100%']  memcached=100.0%
[MEMCACHED] cores updated to: ['0', '1', '3']
[streamcluster] cores updated to: [2]
[monitor] ['60%', '66%', '100%', '89%']  memcached=214.8%
[monitor] ['39%', '50%', '100%', '64%']  memcached=152.9%
[MEMCACHED] cores updated to: ['0', '3']
[streamcluster] cores updated to: [2, 1]
[monitor] ['86%', '100%', '95%', '87%']  memcached=172.6%
[MEMCACHED] cores updated to: ['0', '2', '3']
[streamcluster] cores updated to: [1]
[monitor] ['45%', '100%', '46%', '62%']  memcached=153.8%
[MEMCACHED] cores updated to: ['0', '3']
[streamcluster] cores updated to: [2, 1]
[monitor] ['69%', '98%', '98%', '89%']  memcached=158.2%
[monitor] ['72%', '95%', '95%', '87%']  memcached=158.7%
[monitor] ['69%', '92%', '98%', '92%']  memcached=160.6%
[monitor] ['74%', '98%', '98%', '84%']  memcached=157.3%
[monitor] ['72%', '95%', '95%', '89%']  memcached=160.8%
[monitor] ['74%', '98%', '87%', '85%']  memcached=158.9%
[monitor] ['84%', '95%', '85%', '100%']  memcached=183.8%
[MEMCACHED] cores updated to: ['0', '1', '3']
[streamcluster] cores updated to: [2]
[monitor] ['47%', '48%', '100%', '57%']  memcached=151.7%
[MEMCACHED] cores updated to: ['0', '3']
[streamcluster] cores updated to: [2, 1]
[monitor] ['73%', '95%', '98%', '78%']  memcached=151.1%
[monitor] ['69%', '90%', '100%', '89%']  memcached=158.9%
[monitor] ['72%', '100%', '97%', '86%']  memcached=157.6%
[monitor] ['67%', '92%', '95%', '84%']  memcached=150.9%
[monitor] ['71%', '92%', '95%', '84%']  memcached=154.8%
[monitor] ['74%', '97%', '98%', '76%']  memcached=150.0%
[monitor] ['73%', '92%', '92%', '86%']  memcached=158.8%
[monitor] ['77%', '87%', '95%', '81%']  memcached=158.2%
[monitor] ['70%', '95%', '100%', '84%']  memcached=153.9%
[monitor] ['70%', '92%', '95%', '86%']  memcached=155.8%
[monitor] ['65%', '95%', '98%', '82%']  memcached=146.1%
[monitor] ['76%', '95%', '95%', '90%']  memcached=166.2%
[monitor] ['76%', '95%', '92%', '81%']  memcached=156.8%
[monitor] ['63%', '97%', '95%', '86%']  memcached=149.8%
[monitor] ['63%', '85%', '98%', '81%']  memcached=144.4%
[monitor] ['70%', '90%', '98%', '84%']  memcached=153.9%
[monitor] ['73%', '92%', '95%', '87%']  memcached=159.6%
[monitor] ['69%', '95%', '95%', '81%']  memcached=149.8%
[monitor] ['70%', '92%', '100%', '86%']  memcached=155.8%
[monitor] ['70%', '98%', '95%', '87%']  memcached=156.9%
[monitor] ['67%', '92%', '97%', '86%']  memcached=153.2%
[monitor] ['78%', '90%', '98%', '89%']  memcached=167.0%
[monitor] ['55%', '95%', '97%', '59%']  memcached=114.2%
[monitor] ['26%', '97%', '95%', '26%']  memcached=51.9%
[MEMCACHED] cores updated to: ['0']
[streamcluster] cores updated to: [2, 1, 3]
[monitor] ['71%', '92%', '88%', '100%']  memcached=71.0%
[monitor] ['69%', '92%', '79%', '100%']  memcached=69.0%
[monitor] ['72%', '95%', '80%', '98%']  memcached=72.4%
[monitor] ['71%', '93%', '87%', '100%']  memcached=71.0%
[monitor] ['74%', '92%', '87%', '100%']  memcached=74.2%
[monitor] ['75%', '95%', '82%', '100%']  memcached=75.0%
[monitor] ['70%', '95%', '55%', '98%']  memcached=70.0%
[monitor] ['71%', '90%', '74%', '100%']  memcached=71.0%
[monitor] ['70%', '95%', '85%', '100%']  memcached=70.0%
[monitor] ['69%', '93%', '82%', '100%']  memcached=69.0%
[monitor] ['69%', '95%', '85%', '100%']  memcached=69.0%
[monitor] ['68%', '95%', '85%', '100%']  memcached=67.7%
[monitor] ['71%', '95%', '85%', '100%']  memcached=71.4%
[monitor] ['68%', '93%', '85%', '100%']  memcached=67.7%
[monitor] ['73%', '95%', '82%', '100%']  memcached=73.3%
[monitor] ['75%', '95%', '77%', '98%']  memcached=75.0%
[monitor] ['74%', '95%', '85%', '100%']  memcached=74.2%
[monitor] ['73%', '92%', '82%', '100%']  memcached=73.3%
[monitor] ['67%', '95%', '85%', '100%']  memcached=66.7%
[monitor] ['82%', '90%', '92%', '98%']  memcached=81.8%
[monitor] ['74%', '95%', '82%', '100%']  memcached=74.2%
[monitor] ['76%', '92%', '85%', '100%']  memcached=75.8%
[monitor] ['70%', '95%', '82%', '100%']  memcached=70.0%
[monitor] ['77%', '93%', '90%', '100%']  memcached=77.4%
[monitor] ['74%', '92%', '61%', '100%']  memcached=74.2%
[monitor] ['70%', '95%', '90%', '100%']  memcached=70.0%
[monitor] ['73%', '95%', '85%', '100%']  memcached=73.3%
[monitor] ['69%', '95%', '88%', '100%']  memcached=69.0%
[monitor] ['75%', '92%', '77%', '100%']  memcached=75.0%
[monitor] ['74%', '92%', '80%', '100%']  memcached=74.2%
[monitor] ['73%', '95%', '87%', '100%']  memcached=72.7%
[monitor] ['72%', '95%', '85%', '98%']  memcached=72.4%
[monitor] ['71%', '92%', '84%', '100%']  memcached=71.0%
[monitor] ['76%', '95%', '82%', '100%']  memcached=75.8%
[monitor] ['70%', '95%', '85%', '100%']  memcached=70.0%
[monitor] ['32%', '95%', '85%', '100%']  memcached=32.1%
[monitor] ['7%', '98%', '82%', '100%']  memcached=7.1%
[monitor] ['11%', '100%', '79%', '100%']  memcached=10.7%
[monitor] ['4%', '95%', '82%', '100%']  memcached=4.0%
[monitor] ['4%', '95%', '87%', '97%']  memcached=4.0%
[monitor] ['4%', '98%', '83%', '100%']  memcached=3.7%
[monitor] ['8%', '98%', '78%', '100%']  memcached=7.7%
[monitor] ['7%', '98%', '82%', '100%']  memcached=7.1%
[monitor] ['8%', '98%', '85%', '100%']  memcached=7.7%
[monitor] ['4%', '98%', '85%', '98%']  memcached=3.8%
[monitor] ['4%', '97%', '77%', '100%']  memcached=3.7%
[monitor] ['8%', '97%', '82%', '100%']  memcached=7.7%
[monitor] ['7%', '97%', '83%', '100%']  memcached=7.4%
[monitor] ['0%', '98%', '82%', '100%']  memcached=0.0%
[monitor] ['7%', '98%', '79%', '100%']  memcached=7.1%
[monitor] ['4%', '97%', '85%', '100%']  memcached=3.8%
[monitor] ['11%', '98%', '78%', '100%']  memcached=10.7%
[monitor] ['11%', '98%', '82%', '100%']  memcached=10.7%
[monitor] ['4%', '97%', '74%', '100%']  memcached=3.8%
[monitor] ['7%', '97%', '83%', '100%']  memcached=7.4%
[monitor] ['7%', '98%', '80%', '100%']  memcached=7.1%
[monitor] ['8%', '98%', '82%', '100%']  memcached=7.7%
[monitor] ['4%', '98%', '80%', '100%']  memcached=3.7%
[monitor] ['7%', '98%', '79%', '100%']  memcached=7.4%
[monitor] ['7%', '95%', '77%', '100%']  memcached=7.4%
[monitor] ['7%', '100%', '79%', '100%']  memcached=7.1%
[monitor] ['11%', '95%', '80%', '100%']  memcached=10.7%
[monitor] ['4%', '97%', '82%', '100%']  memcached=3.8%
[monitor] ['7%', '100%', '85%', '98%']  memcached=7.4%
[monitor] ['11%', '93%', '85%', '97%']  memcached=11.1%
[monitor] ['0%', '100%', '80%', '100%']  memcached=0.0%
[monitor] ['11%', '98%', '82%', '100%']  memcached=10.7%
[monitor] ['7%', '98%', '80%', '100%']  memcached=7.4%
[monitor] ['4%', '98%', '82%', '100%']  memcached=3.8%
[monitor] ['7%', '98%', '80%', '100%']  memcached=7.4%
[monitor] ['11%', '98%', '82%', '100%']  memcached=10.7%
[monitor] ['11%', '98%', '82%', '100%']  memcached=10.7%
[monitor] ['66%', '92%', '87%', '100%']  memcached=65.7%
[monitor] ['100%', '90%', '80%', '100%']  memcached=100.0%
[MEMCACHED] cores updated to: ['0', '2', '3']
[streamcluster] cores updated to: [1]
[monitor] ['92%', '100%', '89%', '100%']  memcached=281.8%
[monitor] ['58%', '100%', '60%', '78%']  memcached=195.8%
[monitor] ['59%', '100%', '62%', '76%']  memcached=198.3%
[monitor] ['56%', '100%', '61%', '74%']  memcached=191.1%
[monitor] ['66%', '100%', '63%', '95%']  memcached=223.7%
[monitor] ['60%', '100%', '66%', '84%']  memcached=209.4%
[monitor] ['62%', '100%', '65%', '86%']  memcached=213.0%
[monitor] ['57%', '100%', '57%', '74%']  memcached=187.6%
[monitor] ['55%', '100%', '59%', '74%']  memcached=188.5%
[monitor] ['62%', '100%', '67%', '81%']  memcached=210.2%
[monitor] ['55%', '100%', '56%', '74%']  memcached=185.4%
[monitor] ['61%', '100%', '66%', '95%']  memcached=221.8%
[monitor] ['56%', '100%', '59%', '80%']  memcached=195.6%
[monitor] ['55%', '100%', '58%', '71%']  memcached=183.8%
[monitor] ['80%', '100%', '82%', '79%']  memcached=241.8%
[monitor] ['58%', '100%', '62%', '78%']  memcached=197.6%
[monitor] ['59%', '100%', '61%', '73%']  memcached=192.7%
[monitor] ['58%', '100%', '60%', '77%']  memcached=195.2%
[monitor] ['56%', '100%', '63%', '75%']  memcached=194.1%
[monitor] ['57%', '100%', '58%', '74%']  memcached=189.0%
[monitor] ['55%', '100%', '59%', '76%']  memcached=190.0%
[monitor] ['55%', '100%', '59%', '76%']  memcached=190.9%
[monitor] ['55%', '100%', '59%', '76%']  memcached=190.0%
[monitor] ['57%', '100%', '61%', '77%']  memcached=195.1%
[monitor] ['55%', '100%', '57%', '74%']  memcached=185.0%
[monitor] ['55%', '100%', '61%', '74%']  memcached=189.3%
[monitor] ['60%', '100%', '66%', '74%']  memcached=199.9%
[monitor] ['64%', '100%', '65%', '77%']  memcached=205.5%
[monitor] ['57%', '100%', '58%', '71%']  memcached=186.2%
[monitor] ['61%', '92%', '59%', '74%']  memcached=195.0%
[streamcluster] ended.
[vips] started on cores: [1] with 3 threads.
[monitor] ['58%', '100%', '61%', '81%']  memcached=199.8%
[monitor] ['53%', '100%', '57%', '81%']  memcached=191.1%
[monitor] ['53%', '100%', '59%', '81%']  memcached=193.8%
[monitor] ['58%', '100%', '57%', '81%']  memcached=195.8%
[monitor] ['42%', '100%', '40%', '60%']  memcached=141.9%
[MEMCACHED] cores updated to: ['0', '3']
[vips] cores updated to: [1, 2]
[monitor] ['57%', '100%', '11%', '67%']  memcached=123.3%
[monitor] ['50%', '100%', '6%', '66%']  memcached=115.6%
[monitor] ['52%', '100%', '11%', '70%']  memcached=121.4%
[monitor] ['60%', '97%', '44%', '73%']  memcached=132.7%
[monitor] ['48%', '100%', '100%', '64%']  memcached=111.9%
[monitor] ['50%', '100%', '100%', '71%']  memcached=121.4%
[monitor] ['54%', '100%', '100%', '69%']  memcached=122.3%
[monitor] ['52%', '100%', '100%', '66%']  memcached=117.2%
[monitor] ['42%', '100%', '100%', '48%']  memcached=90.6%
[monitor] ['60%', '100%', '100%', '69%']  memcached=129.0%
[monitor] ['50%', '100%', '100%', '73%']  memcached=122.7%
[monitor] ['46%', '100%', '100%', '58%']  memcached=104.5%
[monitor] ['47%', '100%', '100%', '54%']  memcached=100.2%
[monitor] ['48%', '100%', '100%', '61%']  memcached=108.8%
[monitor] ['43%', '100%', '100%', '62%']  memcached=105.4%
[monitor] ['43%', '100%', '100%', '58%']  memcached=100.9%
[monitor] ['53%', '100%', '100%', '61%']  memcached=114.6%
[monitor] ['45%', '100%', '100%', '59%']  memcached=104.2%
[monitor] ['57%', '100%', '100%', '64%']  memcached=120.3%
[monitor] ['53%', '100%', '100%', '66%']  memcached=119.0%
[monitor] ['48%', '100%', '100%', '61%']  memcached=109.4%
[monitor] ['55%', '100%', '100%', '57%']  memcached=111.5%
[monitor] ['41%', '100%', '100%', '57%']  memcached=97.4%
[monitor] ['52%', '100%', '100%', '76%']  memcached=127.6%
[monitor] ['52%', '100%', '100%', '100%']  memcached=151.7%
[monitor] ['62%', '100%', '100%', '94%']  memcached=155.8%
[monitor] ['100%', '100%', '100%', '60%']  memcached=160.0%
[monitor] ['100%', '100%', '100%', '66%']  memcached=165.6%
[monitor] ['100%', '100%', '100%', '65%']  memcached=164.5%
[monitor] ['100%', '100%', '100%', '67%']  memcached=166.7%
[monitor] ['100%', '100%', '100%', '68%']  memcached=167.7%
[monitor] ['100%', '100%', '100%', '55%']  memcached=155.2%
[monitor] ['100%', '100%', '100%', '58%']  memcached=158.1%
[monitor] ['100%', '100%', '100%', '62%']  memcached=162.5%
[monitor] ['100%', '100%', '100%', '62%']  memcached=162.5%
[monitor] ['100%', '100%', '100%', '61%']  memcached=161.3%
[monitor] ['100%', '100%', '100%', '89%']  memcached=189.2%
[MEMCACHED] cores updated to: ['0', '1', '3']
[vips] cores updated to: [2]
[monitor] ['100%', '100%', '100%', '100%']  memcached=300.0%
[monitor] ['100%', '89%', '100%', '98%']  memcached=286.4%
[monitor] ['100%', '83%', '100%', '95%']  memcached=277.6%
[monitor] ['100%', '84%', '100%', '95%']  memcached=278.8%
[monitor] ['100%', '79%', '100%', '89%']  memcached=268.9%
[monitor] ['100%', '86%', '100%', '95%']  memcached=281.4%
[monitor] ['100%', '79%', '100%', '92%']  memcached=271.3%
[monitor] ['100%', '85%', '100%', '90%']  memcached=274.6%
[monitor] ['87%', '88%', '100%', '88%']  memcached=262.4%
[monitor] ['70%', '100%', '100%', '92%']  memcached=261.8%
[monitor] ['71%', '88%', '100%', '98%']  memcached=256.3%
[monitor] ['65%', '79%', '100%', '100%']  memcached=243.9%
[monitor] ['76%', '92%', '100%', '95%']  memcached=262.5%
[monitor] ['71%', '100%', '100%', '90%']  memcached=260.3%
[monitor] ['74%', '100%', '100%', '95%']  memcached=268.5%
[monitor] ['73%', '92%', '100%', '95%']  memcached=259.5%
[monitor] ['67%', '80%', '100%', '90%']  memcached=236.4%
[monitor] ['70%', '76%', '100%', '89%']  memcached=235.6%
[monitor] ['76%', '83%', '100%', '92%']  memcached=252.3%
[monitor] ['65%', '74%', '100%', '90%']  memcached=228.5%
[monitor] ['67%', '78%', '100%', '89%']  memcached=233.9%
[monitor] ['68%', '75%', '100%', '88%']  memcached=230.1%
[monitor] ['65%', '74%', '100%', '87%']  memcached=225.2%
[monitor] ['73%', '78%', '100%', '92%']  memcached=243.2%
[monitor] ['73%', '79%', '100%', '90%']  memcached=242.4%
[monitor] ['77%', '81%', '100%', '95%']  memcached=253.1%
[monitor] ['72%', '76%', '100%', '88%']  memcached=235.8%
[monitor] ['74%', '80%', '100%', '92%']  memcached=245.6%
[monitor] ['72%', '80%', '100%', '95%']  memcached=246.9%
[monitor] ['73%', '76%', '100%', '90%']  memcached=238.7%
[monitor] ['73%', '83%', '100%', '95%']  memcached=250.5%
[monitor] ['71%', '77%', '100%', '90%']  memcached=237.5%
[monitor] ['76%', '81%', '100%', '95%']  memcached=251.2%
[monitor] ['70%', '79%', '100%', '90%']  memcached=238.9%
[monitor] ['69%', '76%', '100%', '89%']  memcached=234.1%
[monitor] ['44%', '50%', '100%', '61%']  memcached=155.6%
[MEMCACHED] cores updated to: ['0', '3']
[vips] cores updated to: [1, 2]
[monitor] ['18%', '100%', '100%', '10%']  memcached=27.3%
[MEMCACHED] cores updated to: ['0']
[vips] cores updated to: [1, 2, 3]
[monitor] ['4%', '100%', '100%', '100%']  memcached=4.2%
[monitor] ['0%', '100%', '100%', '100%']  memcached=0.0%
[monitor] ['8%', '100%', '100%', '100%']  memcached=7.7%
[monitor] ['4%', '100%', '100%', '100%']  memcached=4.2%
[monitor] ['8%', '100%', '100%', '100%']  memcached=8.0%
[monitor] ['12%', '100%', '100%', '100%']  memcached=12.0%
[monitor] ['4%', '100%', '100%', '100%']  memcached=4.2%
[monitor] ['4%', '100%', '100%', '100%']  memcached=4.2%
[monitor] ['8%', '100%', '100%', '100%']  memcached=8.0%
[monitor] ['12%', '100%', '100%', '100%']  memcached=12.0%
[monitor] ['12%', '100%', '100%', '100%']  memcached=11.5%
[monitor] ['4%', '100%', '100%', '100%']  memcached=4.2%
[monitor] ['8%', '100%', '100%', '100%']  memcached=8.3%
[monitor] ['15%', '100%', '100%', '100%']  memcached=15.4%
[monitor] ['16%', '100%', '100%', '100%']  memcached=16.0%
[monitor] ['17%', '100%', '100%', '100%']  memcached=16.7%
[monitor] ['8%', '100%', '100%', '100%']  memcached=8.0%
[monitor] ['12%', '100%', '100%', '100%']  memcached=12.0%
[monitor] ['8%', '100%', '100%', '100%']  memcached=8.0%
[monitor] ['9%', '100%', '100%', '100%']  memcached=8.7%
[monitor] ['8%', '100%', '100%', '100%']  memcached=8.0%
[monitor] ['8%', '100%', '100%', '100%']  memcached=8.0%
[monitor] ['12%', '100%', '100%', '100%']  memcached=11.5%
[monitor] ['8%', '100%', '100%', '100%']  memcached=8.3%
[monitor] ['15%', '100%', '100%', '100%']  memcached=15.4%
[monitor] ['4%', '100%', '100%', '100%']  memcached=4.2%
[monitor] ['8%', '100%', '100%', '100%']  memcached=8.0%
[monitor] ['8%', '100%', '100%', '100%']  memcached=8.3%
[monitor] ['12%', '100%', '100%', '100%']  memcached=12.0%
[monitor] ['67%', '100%', '100%', '100%']  memcached=66.7%
[monitor] ['100%', '100%', '100%', '100%']  memcached=100.0%
[MEMCACHED] cores updated to: ['0', '2', '3']
[vips] cores updated to: [1]
[monitor] ['98%', '100%', '12%', '9%']  memcached=119.2%
[MEMCACHED] cores updated to: ['0', '3']
[vips] cores updated to: [1, 2]
[monitor] ['67%', '100%', '100%', '100%']  memcached=166.7%
[monitor] ['100%', '100%', '100%', '100%']  memcached=200.0%
[MEMCACHED] cores updated to: ['0', '1', '3']
[vips] cores updated to: [2]
[monitor] ['82%', '91%', '100%', '100%']  memcached=272.7%
[monitor] ['65%', '75%', '100%', '100%']  memcached=239.5%
[monitor] ['65%', '74%', '100%', '98%']  memcached=235.5%
[monitor] ['58%', '69%', '100%', '81%']  memcached=207.7%
[monitor] ['55%', '66%', '100%', '78%']  memcached=198.6%
[monitor] ['58%', '65%', '100%', '78%']  memcached=200.4%
[monitor] ['60%', '66%', '100%', '81%']  memcached=206.7%
[monitor] ['58%', '66%', '100%', '81%']  memcached=204.8%
[monitor] ['58%', '67%', '100%', '81%']  memcached=205.3%
[monitor] ['57%', '65%', '100%', '79%']  memcached=200.1%
[monitor] ['64%', '68%', '100%', '81%']  memcached=212.4%
[monitor] ['61%', '65%', '100%', '81%']  memcached=206.2%
[monitor] ['57%', '61%', '100%', '77%']  memcached=195.1%
[monitor] ['62%', '77%', '100%', '90%']  memcached=229.6%
[monitor] ['64%', '74%', '100%', '86%']  memcached=223.7%
[monitor] ['60%', '67%', '100%', '84%']  memcached=210.9%
[monitor] ['57%', '65%', '100%', '77%']  memcached=198.3%
[monitor] ['60%', '67%', '100%', '84%']  memcached=210.5%
[monitor] ['59%', '62%', '100%', '77%']  memcached=199.0%
[monitor] ['58%', '66%', '100%', '78%']  memcached=202.1%
[monitor] ['58%', '78%', '100%', '89%']  memcached=224.7%
[monitor] ['58%', '80%', '100%', '92%']  memcached=230.6%
[monitor] ['59%', '60%', '100%', '81%']  memcached=200.5%
[monitor] ['61%', '67%', '100%', '79%']  memcached=207.4%
[monitor] ['59%', '67%', '100%', '81%']  memcached=207.1%
[monitor] ['59%', '64%', '100%', '81%']  memcached=204.1%
[monitor] ['57%', '65%', '100%', '79%']  memcached=200.3%
[monitor] ['76%', '71%', '100%', '81%']  memcached=229.0%
[monitor] ['72%', '71%', '100%', '83%']  memcached=225.8%
[monitor] ['61%', '67%', '100%', '84%']  memcached=211.7%
[monitor] ['66%', '70%', '100%', '81%']  memcached=216.4%
[monitor] ['53%', '61%', '100%', '80%']  memcached=194.6%
[monitor] ['53%', '61%', '100%', '76%']  memcached=190.3%
[monitor] ['52%', '61%', '100%', '75%']  memcached=188.0%
[monitor] ['50%', '55%', '100%', '71%']  memcached=176.6%
[monitor] ['53%', '55%', '100%', '71%']  memcached=178.8%
[monitor] ['53%', '57%', '100%', '71%']  memcached=181.2%
[monitor] ['52%', '55%', '100%', '69%']  memcached=175.0%
[monitor] ['52%', '58%', '100%', '72%']  memcached=181.6%
[monitor] ['50%', '55%', '100%', '70%']  memcached=174.9%
[monitor] ['53%', '61%', '100%', '78%']  memcached=191.7%
[monitor] ['50%', '55%', '100%', '72%']  memcached=177.1%
[monitor] ['52%', '62%', '100%', '76%']  memcached=189.8%
[monitor] ['52%', '63%', '100%', '74%']  memcached=188.1%
[monitor] ['53%', '53%', '100%', '71%']  memcached=178.1%
[monitor] ['52%', '61%', '100%', '74%']  memcached=187.2%
[monitor] ['50%', '58%', '100%', '71%']  memcached=178.7%
[monitor] ['50%', '58%', '100%', '73%']  memcached=180.3%
[monitor] ['50%', '57%', '100%', '71%']  memcached=177.3%
[monitor] ['55%', '58%', '100%', '74%']  memcached=186.4%
[monitor] ['53%', '58%', '100%', '74%']  memcached=184.9%
[monitor] ['55%', '65%', '100%', '78%']  memcached=197.7%
[monitor] ['52%', '61%', '100%', '74%']  memcached=186.5%
[monitor] ['52%', '62%', '100%', '76%']  memcached=189.8%
[monitor] ['59%', '62%', '100%', '81%']  memcached=203.0%
[monitor] ['55%', '59%', '100%', '72%']  memcached=186.4%
[monitor] ['55%', '59%', '100%', '76%']  memcached=189.9%
[monitor] ['52%', '57%', '100%', '70%']  memcached=178.1%
[monitor] ['50%', '56%', '100%', '70%']  memcached=175.9%
[monitor] ['52%', '61%', '100%', '74%']  memcached=186.5%
[monitor] ['52%', '55%', '100%', '71%']  memcached=177.0%
[monitor] ['48%', '55%', '100%', '71%']  memcached=174.9%
[monitor] ['53%', '62%', '100%', '73%']  memcached=188.8%
[monitor] ['46%', '55%', '100%', '71%']  memcached=171.9%
[monitor] ['44%', '60%', '100%', '72%']  memcached=176.3%
[monitor] ['50%', '53%', '100%', '71%']  memcached=173.9%
[monitor] ['55%', '58%', '100%', '74%']  memcached=186.8%
[monitor] ['50%', '62%', '100%', '71%']  memcached=183.9%
[monitor] ['50%', '55%', '100%', '70%']  memcached=174.5%
[monitor] ['58%', '66%', '100%', '81%']  memcached=204.8%
[monitor] ['66%', '72%', '100%', '88%']  memcached=225.3%
[monitor] ['60%', '70%', '100%', '84%']  memcached=213.9%
[monitor] ['60%', '67%', '100%', '84%']  memcached=210.5%
[monitor] ['66%', '72%', '100%', '86%']  memcached=224.3%
[monitor] ['73%', '78%', '100%', '92%']  memcached=242.8%
[monitor] ['71%', '79%', '100%', '87%']  memcached=236.9%
[monitor] ['69%', '76%', '100%', '90%']  memcached=234.3%
[monitor] ['68%', '80%', '100%', '89%']  memcached=237.2%
[monitor] ['94%', '83%', '100%', '92%']  memcached=269.5%
[monitor] ['100%', '77%', '100%', '88%']  memcached=264.6%
[monitor] ['100%', '80%', '100%', '95%']  memcached=275.0%
[monitor] ['100%', '88%', '100%', '98%']  memcached=285.7%
[monitor] ['79%', '74%', '100%', '90%']  memcached=243.9%
[monitor] ['79%', '86%', '61%', '92%']  memcached=257.4%
[vips] ended.
[MEMCACHED] cores updated to: ['0', '1', '2', '3']
